endpoint,variant,origin_id,class_label,raw_feature,encoded_feature,standardized_log_odds_coefficient
temporary_first_24m,M1_manager_stability,origin_2020,event,manager_unique_count_365d_log1p,manager_unique_count_365d_log1p,0.10868060408143929
temporary_first_24m,M1_manager_stability,origin_2020,event,manager_change_count_365d_log1p,manager_change_count_365d_log1p,-0.1207275982173856
temporary_first_24m,M1_manager_stability,origin_2020,event,current_manager_observed_match_share_365d,current_manager_observed_match_share_365d,0.5796544480616044
temporary_first_24m,M1_manager_stability,origin_2020,event,current_manager_spell_games_365d_log1p,current_manager_spell_games_365d_log1p,-0.7867122394412874
temporary_first_24m,M1_manager_stability,origin_2020,event,current_manager_spell_days_scaled_365d,current_manager_spell_days_scaled_365d,-0.01959863960316255
temporary_first_24m,M1_manager_stability,origin_2020,event,manager_change_within_90d,manager_change_within_90d,-0.17988902309911692
temporary_first_24m,M1_manager_stability,origin_2021,event,manager_unique_count_365d_log1p,manager_unique_count_365d_log1p,0.1522454625345511
temporary_first_24m,M1_manager_stability,origin_2021,event,manager_change_count_365d_log1p,manager_change_count_365d_log1p,0.11751578580937064
temporary_first_24m,M1_manager_stability,origin_2021,event,current_manager_observed_match_share_365d,current_manager_observed_match_share_365d,0.5780379973879488
temporary_first_24m,M1_manager_stability,origin_2021,event,current_manager_spell_games_365d_log1p,current_manager_spell_games_365d_log1p,-0.7186454003316213
temporary_first_24m,M1_manager_stability,origin_2021,event,current_manager_spell_days_scaled_365d,current_manager_spell_days_scaled_365d,0.3604116089223024
temporary_first_24m,M1_manager_stability,origin_2021,event,manager_change_within_90d,manager_change_within_90d,0.06363769590130375
temporary_first_24m,M1_manager_stability,origin_2022,event,manager_unique_count_365d_log1p,manager_unique_count_365d_log1p,-0.036269047018376216
temporary_first_24m,M1_manager_stability,origin_2022,event,manager_change_count_365d_log1p,manager_change_count_365d_log1p,0.13948549202835558
temporary_first_24m,M1_manager_stability,origin_2022,event,current_manager_observed_match_share_365d,current_manager_observed_match_share_365d,0.43204561068296654
temporary_first_24m,M1_manager_stability,origin_2022,event,current_manager_spell_games_365d_log1p,current_manager_spell_games_365d_log1p,-0.26466231726909684
temporary_first_24m,M1_manager_stability,origin_2022,event,current_manager_spell_days_scaled_365d,current_manager_spell_days_scaled_365d,-0.09323178993338242
temporary_first_24m,M1_manager_stability,origin_2022,event,manager_change_within_90d,manager_change_within_90d,-0.03647175712529483
temporary_first_24m,M1_manager_stability,origin_2023,event,manager_unique_count_365d_log1p,manager_unique_count_365d_log1p,-0.054280744661734937
temporary_first_24m,M1_manager_stability,origin_2023,event,manager_change_count_365d_log1p,manager_change_count_365d_log1p,0.14893776890784563
temporary_first_24m,M1_manager_stability,origin_2023,event,current_manager_observed_match_share_365d,current_manager_observed_match_share_365d,0.3408482254907219
temporary_first_24m,M1_manager_stability,origin_2023,event,current_manager_spell_games_365d_log1p,current_manager_spell_games_365d_log1p,-0.15730053111855757
temporary_first_24m,M1_manager_stability,origin_2023,event,current_manager_spell_days_scaled_365d,current_manager_spell_days_scaled_365d,-0.1115395960740303
temporary_first_24m,M1_manager_stability,origin_2023,event,manager_change_within_90d,manager_change_within_90d,0.03169575650608643
temporary_first_24m,T1_formation_tactical_stability,origin_2020,event,formation_unique_shape_count_365d_log1p,formation_unique_shape_count_365d_log1p,-0.08230464611320798
temporary_first_24m,T1_formation_tactical_stability,origin_2020,event,formation_shape_entropy_365d,formation_shape_entropy_365d,0.012709682578031322
temporary_first_24m,T1_formation_tactical_stability,origin_2020,event,formation_shape_change_rate_365d,formation_shape_change_rate_365d,-0.15248284889148933
temporary_first_24m,T1_formation_tactical_stability,origin_2020,event,dominant_formation_shape_share_365d,dominant_formation_shape_share_365d,-0.03614071443707417
temporary_first_24m,T1_formation_tactical_stability,origin_2020,event,current_formation_shape_spell_share_365d,current_formation_shape_spell_share_365d,-0.18519187519996733
temporary_first_24m,T1_formation_tactical_stability,origin_2020,event,formation_distribution_shift_recent_vs_prior,formation_distribution_shift_recent_vs_prior,0.10377647375666368
temporary_first_24m,T1_formation_tactical_stability,origin_2021,event,formation_unique_shape_count_365d_log1p,formation_unique_shape_count_365d_log1p,-0.051369014215373945
temporary_first_24m,T1_formation_tactical_stability,origin_2021,event,formation_shape_entropy_365d,formation_shape_entropy_365d,-0.3931020176113026
temporary_first_24m,T1_formation_tactical_stability,origin_2021,event,formation_shape_change_rate_365d,formation_shape_change_rate_365d,-0.018498784126635942
temporary_first_24m,T1_formation_tactical_stability,origin_2021,event,dominant_formation_shape_share_365d,dominant_formation_shape_share_365d,-0.1936885227804223
temporary_first_24m,T1_formation_tactical_stability,origin_2021,event,current_formation_shape_spell_share_365d,current_formation_shape_spell_share_365d,-0.20229683584005573
temporary_first_24m,T1_formation_tactical_stability,origin_2021,event,formation_distribution_shift_recent_vs_prior,formation_distribution_shift_recent_vs_prior,0.20896435560031346
temporary_first_24m,T1_formation_tactical_stability,origin_2022,event,formation_unique_shape_count_365d_log1p,formation_unique_shape_count_365d_log1p,-0.08419951230609267
temporary_first_24m,T1_formation_tactical_stability,origin_2022,event,formation_shape_entropy_365d,formation_shape_entropy_365d,-0.13560292695832402
temporary_first_24m,T1_formation_tactical_stability,origin_2022,event,formation_shape_change_rate_365d,formation_shape_change_rate_365d,0.0884963612213645
temporary_first_24m,T1_formation_tactical_stability,origin_2022,event,dominant_formation_shape_share_365d,dominant_formation_shape_share_365d,0.0002052737388190398
temporary_first_24m,T1_formation_tactical_stability,origin_2022,event,current_formation_shape_spell_share_365d,current_formation_shape_spell_share_365d,-0.0533312307456069
temporary_first_24m,T1_formation_tactical_stability,origin_2022,event,formation_distribution_shift_recent_vs_prior,formation_distribution_shift_recent_vs_prior,0.1172417521053387
temporary_first_24m,T1_formation_tactical_stability,origin_2023,event,formation_unique_shape_count_365d_log1p,formation_unique_shape_count_365d_log1p,-0.10474190108885377
temporary_first_24m,T1_formation_tactical_stability,origin_2023,event,formation_shape_entropy_365d,formation_shape_entropy_365d,-0.2479286212413452
temporary_first_24m,T1_formation_tactical_stability,origin_2023,event,formation_shape_change_rate_365d,formation_shape_change_rate_365d,0.03049233372034843
temporary_first_24m,T1_formation_tactical_stability,origin_2023,event,dominant_formation_shape_share_365d,dominant_formation_shape_share_365d,-0.10410676359785412
temporary_first_24m,T1_formation_tactical_stability,origin_2023,event,current_formation_shape_spell_share_365d,current_formation_shape_spell_share_365d,-0.16555943310798743
temporary_first_24m,T1_formation_tactical_stability,origin_2023,event,formation_distribution_shift_recent_vs_prior,formation_distribution_shift_recent_vs_prior,0.06499411699734334
temporary_first_24m,M2_player_under_current_manager,origin_2020,event,current_manager_player_selection_rate,current_manager_player_selection_rate,0.042056912094693706
temporary_first_24m,M2_player_under_current_manager,origin_2020,event,current_manager_player_start_rate,current_manager_player_start_rate,2.3822019448421434
temporary_first_24m,M2_player_under_current_manager,origin_2020,event,current_manager_player_opportunity_share,current_manager_player_opportunity_share,-2.432584544467978
temporary_first_24m,M2_player_under_current_manager,origin_2020,event,current_manager_player_captain_rate,current_manager_player_captain_rate,-0.17339472050000246
temporary_first_24m,M2_player_under_current_manager,origin_2021,event,current_manager_player_selection_rate,current_manager_player_selection_rate,0.057071338669581716
temporary_first_24m,M2_player_under_current_manager,origin_2021,event,current_manager_player_start_rate,current_manager_player_start_rate,0.22664436789585427
temporary_first_24m,M2_player_under_current_manager,origin_2021,event,current_manager_player_opportunity_share,current_manager_player_opportunity_share,-0.40326667408663636
temporary_first_24m,M2_player_under_current_manager,origin_2021,event,current_manager_player_captain_rate,current_manager_player_captain_rate,-0.013616132263720765
temporary_first_24m,M2_player_under_current_manager,origin_2022,event,current_manager_player_selection_rate,current_manager_player_selection_rate,-0.027050763236972857
temporary_first_24m,M2_player_under_current_manager,origin_2022,event,current_manager_player_start_rate,current_manager_player_start_rate,-0.06560261962931369
temporary_first_24m,M2_player_under_current_manager,origin_2022,event,current_manager_player_opportunity_share,current_manager_player_opportunity_share,-0.16704957230515668
temporary_first_24m,M2_player_under_current_manager,origin_2022,event,current_manager_player_captain_rate,current_manager_player_captain_rate,-0.04733870843002921
temporary_first_24m,M2_player_under_current_manager,origin_2023,event,current_manager_player_selection_rate,current_manager_player_selection_rate,0.05322820515678666
temporary_first_24m,M2_player_under_current_manager,origin_2023,event,current_manager_player_start_rate,current_manager_player_start_rate,0.4158344016288092
temporary_first_24m,M2_player_under_current_manager,origin_2023,event,current_manager_player_opportunity_share,current_manager_player_opportunity_share,-0.5960016676504772
temporary_first_24m,M2_player_under_current_manager,origin_2023,event,current_manager_player_captain_rate,current_manager_player_captain_rate,-0.01674790998979617
temporary_first_24m,M3_role_change_at_manager_transition,origin_2020,event,manager_transition_observed_365d,manager_transition_observed_365d,0.05689872065225635
temporary_first_24m,M3_role_change_at_manager_transition,origin_2020,event,days_since_manager_transition_scaled_365d,days_since_manager_transition_scaled_365d,0.07416002137085631
temporary_first_24m,M3_role_change_at_manager_transition,origin_2020,event,player_selection_rate_change_post_vs_pre_manager,player_selection_rate_change_post_vs_pre_manager,0.013494305070388292
temporary_first_24m,M3_role_change_at_manager_transition,origin_2020,event,player_start_rate_change_post_vs_pre_manager,player_start_rate_change_post_vs_pre_manager,0.06294908550079817
temporary_first_24m,M3_role_change_at_manager_transition,origin_2020,event,player_opportunity_share_change_post_vs_pre_manager,player_opportunity_share_change_post_vs_pre_manager,-0.06880793099906816
temporary_first_24m,M3_role_change_at_manager_transition,origin_2021,event,manager_transition_observed_365d,manager_transition_observed_365d,0.01972189384018018
temporary_first_24m,M3_role_change_at_manager_transition,origin_2021,event,days_since_manager_transition_scaled_365d,days_since_manager_transition_scaled_365d,0.145618068877485
temporary_first_24m,M3_role_change_at_manager_transition,origin_2021,event,player_selection_rate_change_post_vs_pre_manager,player_selection_rate_change_post_vs_pre_manager,0.034679023417059605
temporary_first_24m,M3_role_change_at_manager_transition,origin_2021,event,player_start_rate_change_post_vs_pre_manager,player_start_rate_change_post_vs_pre_manager,-0.17251799089933884
temporary_first_24m,M3_role_change_at_manager_transition,origin_2021,event,player_opportunity_share_change_post_vs_pre_manager,player_opportunity_share_change_post_vs_pre_manager,0.18349287234142103
temporary_first_24m,M3_role_change_at_manager_transition,origin_2022,event,manager_transition_observed_365d,manager_transition_observed_365d,0.0026375360802457374
temporary_first_24m,M3_role_change_at_manager_transition,origin_2022,event,days_since_manager_transition_scaled_365d,days_since_manager_transition_scaled_365d,0.1447321514218495
temporary_first_24m,M3_role_change_at_manager_transition,origin_2022,event,player_selection_rate_change_post_vs_pre_manager,player_selection_rate_change_post_vs_pre_manager,0.0028265922915828457
temporary_first_24m,M3_role_change_at_manager_transition,origin_2022,event,player_start_rate_change_post_vs_pre_manager,player_start_rate_change_post_vs_pre_manager,-0.018684660117037954
temporary_first_24m,M3_role_change_at_manager_transition,origin_2022,event,player_opportunity_share_change_post_vs_pre_manager,player_opportunity_share_change_post_vs_pre_manager,0.03995158405461861
temporary_first_24m,M3_role_change_at_manager_transition,origin_2023,event,manager_transition_observed_365d,manager_transition_observed_365d,-0.06507921000424155
temporary_first_24m,M3_role_change_at_manager_transition,origin_2023,event,days_since_manager_transition_scaled_365d,days_since_manager_transition_scaled_365d,0.01552708883733629
temporary_first_24m,M3_role_change_at_manager_transition,origin_2023,event,player_selection_rate_change_post_vs_pre_manager,player_selection_rate_change_post_vs_pre_manager,0.016528519756588436
temporary_first_24m,M3_role_change_at_manager_transition,origin_2023,event,player_start_rate_change_post_vs_pre_manager,player_start_rate_change_post_vs_pre_manager,-0.0063169874042275954
temporary_first_24m,M3_role_change_at_manager_transition,origin_2023,event,player_opportunity_share_change_post_vs_pre_manager,player_opportunity_share_change_post_vs_pre_manager,0.007540842479912482
temporary_first_24m,C1_combined_manager_tactical,origin_2020,event,manager_unique_count_365d_log1p,manager_unique_count_365d_log1p,0.0935063117133848
temporary_first_24m,C1_combined_manager_tactical,origin_2020,event,manager_change_count_365d_log1p,manager_change_count_365d_log1p,-0.030276880278224477
temporary_first_24m,C1_combined_manager_tactical,origin_2020,event,current_manager_observed_match_share_365d,current_manager_observed_match_share_365d,0.14745747271936357
temporary_first_24m,C1_combined_manager_tactical,origin_2020,event,current_manager_spell_games_365d_log1p,current_manager_spell_games_365d_log1p,-0.04049701333428756
temporary_first_24m,C1_combined_manager_tactical,origin_2020,event,current_manager_spell_days_scaled_365d,current_manager_spell_days_scaled_365d,-0.09190739881832358
temporary_first_24m,C1_combined_manager_tactical,origin_2020,event,manager_change_within_90d,manager_change_within_90d,0.010806655825186138
temporary_first_24m,C1_combined_manager_tactical,origin_2020,event,formation_unique_shape_count_365d_log1p,formation_unique_shape_count_365d_log1p,-0.09961727352969957
temporary_first_24m,C1_combined_manager_tactical,origin_2020,event,formation_shape_entropy_365d,formation_shape_entropy_365d,0.0003735109858425381
temporary_first_24m,C1_combined_manager_tactical,origin_2020,event,formation_shape_change_rate_365d,formation_shape_change_rate_365d,-0.137267932290498
temporary_first_24m,C1_combined_manager_tactical,origin_2020,event,dominant_formation_shape_share_365d,dominant_formation_shape_share_365d,-0.06520702706994294
temporary_first_24m,C1_combined_manager_tactical,origin_2020,event,current_formation_shape_spell_share_365d,current_formation_shape_spell_share_365d,-0.1827487692353974
temporary_first_24m,C1_combined_manager_tactical,origin_2020,event,formation_distribution_shift_recent_vs_prior,formation_distribution_shift_recent_vs_prior,0.0901373063661955
temporary_first_24m,C1_combined_manager_tactical,origin_2020,event,current_manager_player_selection_rate,current_manager_player_selection_rate,0.022603688552946408
temporary_first_24m,C1_combined_manager_tactical,origin_2020,event,current_manager_player_start_rate,current_manager_player_start_rate,-0.09723268422300776
temporary_first_24m,C1_combined_manager_tactical,origin_2020,event,current_manager_player_opportunity_share,current_manager_player_opportunity_share,-0.21474972669810377
temporary_first_24m,C1_combined_manager_tactical,origin_2020,event,current_manager_player_captain_rate,current_manager_player_captain_rate,-0.09360468922468931
temporary_first_24m,C1_combined_manager_tactical,origin_2020,event,manager_transition_observed_365d,manager_transition_observed_365d,0.04861506809420931
temporary_first_24m,C1_combined_manager_tactical,origin_2020,event,days_since_manager_transition_scaled_365d,days_since_manager_transition_scaled_365d,0.12116321709448248
temporary_first_24m,C1_combined_manager_tactical,origin_2020,event,player_selection_rate_change_post_vs_pre_manager,player_selection_rate_change_post_vs_pre_manager,0.0020553863366016417
temporary_first_24m,C1_combined_manager_tactical,origin_2020,event,player_start_rate_change_post_vs_pre_manager,player_start_rate_change_post_vs_pre_manager,0.0626773133349302
temporary_first_24m,C1_combined_manager_tactical,origin_2020,event,player_opportunity_share_change_post_vs_pre_manager,player_opportunity_share_change_post_vs_pre_manager,-0.06211141462829668
temporary_first_24m,C1_combined_manager_tactical,origin_2021,event,manager_unique_count_365d_log1p,manager_unique_count_365d_log1p,0.16214798790530338
temporary_first_24m,C1_combined_manager_tactical,origin_2021,event,manager_change_count_365d_log1p,manager_change_count_365d_log1p,-0.03494444276641348
temporary_first_24m,C1_combined_manager_tactical,origin_2021,event,current_manager_observed_match_share_365d,current_manager_observed_match_share_365d,0.17727030390954843
temporary_first_24m,C1_combined_manager_tactical,origin_2021,event,current_manager_spell_games_365d_log1p,current_manager_spell_games_365d_log1p,-0.09889780757136515
temporary_first_24m,C1_combined_manager_tactical,origin_2021,event,current_manager_spell_days_scaled_365d,current_manager_spell_days_scaled_365d,0.0431027520442477
temporary_first_24m,C1_combined_manager_tactical,origin_2021,event,manager_change_within_90d,manager_change_within_90d,0.05814449816641728
temporary_first_24m,C1_combined_manager_tactical,origin_2021,event,formation_unique_shape_count_365d_log1p,formation_unique_shape_count_365d_log1p,2.4940352626717406e-05
temporary_first_24m,C1_combined_manager_tactical,origin_2021,event,formation_shape_entropy_365d,formation_shape_entropy_365d,-0.14356136469864222
temporary_first_24m,C1_combined_manager_tactical,origin_2021,event,formation_shape_change_rate_365d,formation_shape_change_rate_365d,-0.06915192884290436
temporary_first_24m,C1_combined_manager_tactical,origin_2021,event,dominant_formation_shape_share_365d,dominant_formation_shape_share_365d,-0.04565037575162148
temporary_first_24m,C1_combined_manager_tactical,origin_2021,event,current_formation_shape_spell_share_365d,current_formation_shape_spell_share_365d,-0.12473836862841302
temporary_first_24m,C1_combined_manager_tactical,origin_2021,event,formation_distribution_shift_recent_vs_prior,formation_distribution_shift_recent_vs_prior,0.1620023851894858
temporary_first_24m,C1_combined_manager_tactical,origin_2021,event,current_manager_player_selection_rate,current_manager_player_selection_rate,0.013186089948965245
temporary_first_24m,C1_combined_manager_tactical,origin_2021,event,current_manager_player_start_rate,current_manager_player_start_rate,-0.16478011401985743
temporary_first_24m,C1_combined_manager_tactical,origin_2021,event,current_manager_player_opportunity_share,current_manager_player_opportunity_share,-0.24161587118542688
temporary_first_24m,C1_combined_manager_tactical,origin_2021,event,current_manager_player_captain_rate,current_manager_player_captain_rate,-0.03323762440115106
temporary_first_24m,C1_combined_manager_tactical,origin_2021,event,manager_transition_observed_365d,manager_transition_observed_365d,-0.04147707379516436
temporary_first_24m,C1_combined_manager_tactical,origin_2021,event,days_since_manager_transition_scaled_365d,days_since_manager_transition_scaled_365d,0.13505859811714852
temporary_first_24m,C1_combined_manager_tactical,origin_2021,event,player_selection_rate_change_post_vs_pre_manager,player_selection_rate_change_post_vs_pre_manager,0.01932027716997176
temporary_first_24m,C1_combined_manager_tactical,origin_2021,event,player_start_rate_change_post_vs_pre_manager,player_start_rate_change_post_vs_pre_manager,-0.028263668420627653
temporary_first_24m,C1_combined_manager_tactical,origin_2021,event,player_opportunity_share_change_post_vs_pre_manager,player_opportunity_share_change_post_vs_pre_manager,0.09892892453945266
temporary_first_24m,C1_combined_manager_tactical,origin_2022,event,manager_unique_count_365d_log1p,manager_unique_count_365d_log1p,0.020581449858312548
temporary_first_24m,C1_combined_manager_tactical,origin_2022,event,manager_change_count_365d_log1p,manager_change_count_365d_log1p,-0.0817339149165888
temporary_first_24m,C1_combined_manager_tactical,origin_2022,event,current_manager_observed_match_share_365d,current_manager_observed_match_share_365d,0.2671061433219043
temporary_first_24m,C1_combined_manager_tactical,origin_2022,event,current_manager_spell_games_365d_log1p,current_manager_spell_games_365d_log1p,-0.10037595262869456
temporary_first_24m,C1_combined_manager_tactical,origin_2022,event,current_manager_spell_days_scaled_365d,current_manager_spell_days_scaled_365d,-0.1500313651652109
temporary_first_24m,C1_combined_manager_tactical,origin_2022,event,manager_change_within_90d,manager_change_within_90d,-0.02269650947394391
temporary_first_24m,C1_combined_manager_tactical,origin_2022,event,formation_unique_shape_count_365d_log1p,formation_unique_shape_count_365d_log1p,-0.038425596309748206
temporary_first_24m,C1_combined_manager_tactical,origin_2022,event,formation_shape_entropy_365d,formation_shape_entropy_365d,-0.13887672911918716
temporary_first_24m,C1_combined_manager_tactical,origin_2022,event,formation_shape_change_rate_365d,formation_shape_change_rate_365d,0.04880602228994589
temporary_first_24m,C1_combined_manager_tactical,origin_2022,event,dominant_formation_shape_share_365d,dominant_formation_shape_share_365d,0.030954977873745758
temporary_first_24m,C1_combined_manager_tactical,origin_2022,event,current_formation_shape_spell_share_365d,current_formation_shape_spell_share_365d,-0.0547414239880783
temporary_first_24m,C1_combined_manager_tactical,origin_2022,event,formation_distribution_shift_recent_vs_prior,formation_distribution_shift_recent_vs_prior,0.145907988166537
temporary_first_24m,C1_combined_manager_tactical,origin_2022,event,current_manager_player_selection_rate,current_manager_player_selection_rate,-0.04360233536194437
temporary_first_24m,C1_combined_manager_tactical,origin_2022,event,current_manager_player_start_rate,current_manager_player_start_rate,-0.17338979654555534
temporary_first_24m,C1_combined_manager_tactical,origin_2022,event,current_manager_player_opportunity_share,current_manager_player_opportunity_share,-0.27856683304186297
temporary_first_24m,C1_combined_manager_tactical,origin_2022,event,current_manager_player_captain_rate,current_manager_player_captain_rate,-0.07721877861487149
temporary_first_24m,C1_combined_manager_tactical,origin_2022,event,manager_transition_observed_365d,manager_transition_observed_365d,0.055067148047133745
temporary_first_24m,C1_combined_manager_tactical,origin_2022,event,days_since_manager_transition_scaled_365d,days_since_manager_transition_scaled_365d,0.10550756210082547
temporary_first_24m,C1_combined_manager_tactical,origin_2022,event,player_selection_rate_change_post_vs_pre_manager,player_selection_rate_change_post_vs_pre_manager,0.01666416160814856
temporary_first_24m,C1_combined_manager_tactical,origin_2022,event,player_start_rate_change_post_vs_pre_manager,player_start_rate_change_post_vs_pre_manager,0.039501890376135135
temporary_first_24m,C1_combined_manager_tactical,origin_2022,event,player_opportunity_share_change_post_vs_pre_manager,player_opportunity_share_change_post_vs_pre_manager,0.062252309934959185
temporary_first_24m,C1_combined_manager_tactical,origin_2023,event,manager_unique_count_365d_log1p,manager_unique_count_365d_log1p,0.12943103115803045
temporary_first_24m,C1_combined_manager_tactical,origin_2023,event,manager_change_count_365d_log1p,manager_change_count_365d_log1p,-0.2793726982594451
temporary_first_24m,C1_combined_manager_tactical,origin_2023,event,current_manager_observed_match_share_365d,current_manager_observed_match_share_365d,0.4227588003904102
temporary_first_24m,C1_combined_manager_tactical,origin_2023,event,current_manager_spell_games_365d_log1p,current_manager_spell_games_365d_log1p,-0.30089269881086683
temporary_first_24m,C1_combined_manager_tactical,origin_2023,event,current_manager_spell_days_scaled_365d,current_manager_spell_days_scaled_365d,-0.3701446114173599
temporary_first_24m,C1_combined_manager_tactical,origin_2023,event,manager_change_within_90d,manager_change_within_90d,0.03710274048060142
temporary_first_24m,C1_combined_manager_tactical,origin_2023,event,formation_unique_shape_count_365d_log1p,formation_unique_shape_count_365d_log1p,-0.05672312204420044
temporary_first_24m,C1_combined_manager_tactical,origin_2023,event,formation_shape_entropy_365d,formation_shape_entropy_365d,-0.2259745800702768
temporary_first_24m,C1_combined_manager_tactical,origin_2023,event,formation_shape_change_rate_365d,formation_shape_change_rate_365d,0.024016473199110613
temporary_first_24m,C1_combined_manager_tactical,origin_2023,event,dominant_formation_shape_share_365d,dominant_formation_shape_share_365d,0.03494902959650262
temporary_first_24m,C1_combined_manager_tactical,origin_2023,event,current_formation_shape_spell_share_365d,current_formation_shape_spell_share_365d,-0.1594016636837126
temporary_first_24m,C1_combined_manager_tactical,origin_2023,event,formation_distribution_shift_recent_vs_prior,formation_distribution_shift_recent_vs_prior,0.13763091852015194
temporary_first_24m,C1_combined_manager_tactical,origin_2023,event,current_manager_player_selection_rate,current_manager_player_selection_rate,0.011752790540566084
temporary_first_24m,C1_combined_manager_tactical,origin_2023,event,current_manager_player_start_rate,current_manager_player_start_rate,0.13285899401065315
temporary_first_24m,C1_combined_manager_tactical,origin_2023,event,current_manager_player_opportunity_share,current_manager_player_opportunity_share,-1.2030790207268176
temporary_first_24m,C1_combined_manager_tactical,origin_2023,event,current_manager_player_captain_rate,current_manager_player_captain_rate,-0.07263418239095575
temporary_first_24m,C1_combined_manager_tactical,origin_2023,event,manager_transition_observed_365d,manager_transition_observed_365d,0.17904395468239437
temporary_first_24m,C1_combined_manager_tactical,origin_2023,event,days_since_manager_transition_scaled_365d,days_since_manager_transition_scaled_365d,0.34773581020386013
temporary_first_24m,C1_combined_manager_tactical,origin_2023,event,player_selection_rate_change_post_vs_pre_manager,player_selection_rate_change_post_vs_pre_manager,-0.00729750752822741
temporary_first_24m,C1_combined_manager_tactical,origin_2023,event,player_start_rate_change_post_vs_pre_manager,player_start_rate_change_post_vs_pre_manager,-0.006116538175676138
temporary_first_24m,C1_combined_manager_tactical,origin_2023,event,player_opportunity_share_change_post_vs_pre_manager,player_opportunity_share_change_post_vs_pre_manager,0.25233817766698813
permanent_first_24m,M1_manager_stability,origin_2020,event,manager_unique_count_365d_log1p,manager_unique_count_365d_log1p,-0.2414004698605992
permanent_first_24m,M1_manager_stability,origin_2020,event,manager_change_count_365d_log1p,manager_change_count_365d_log1p,-0.010557243153238655
permanent_first_24m,M1_manager_stability,origin_2020,event,current_manager_observed_match_share_365d,current_manager_observed_match_share_365d,0.024050887184351756
permanent_first_24m,M1_manager_stability,origin_2020,event,current_manager_spell_games_365d_log1p,current_manager_spell_games_365d_log1p,-0.029067472603639125
permanent_first_24m,M1_manager_stability,origin_2020,event,current_manager_spell_days_scaled_365d,current_manager_spell_days_scaled_365d,-0.0020137085644320353
permanent_first_24m,M1_manager_stability,origin_2020,event,manager_change_within_90d,manager_change_within_90d,0.17773079934574512
permanent_first_24m,M1_manager_stability,origin_2021,event,manager_unique_count_365d_log1p,manager_unique_count_365d_log1p,-0.2527942517786794
permanent_first_24m,M1_manager_stability,origin_2021,event,manager_change_count_365d_log1p,manager_change_count_365d_log1p,0.13515563415065107
permanent_first_24m,M1_manager_stability,origin_2021,event,current_manager_observed_match_share_365d,current_manager_observed_match_share_365d,-0.028975075096815933
permanent_first_24m,M1_manager_stability,origin_2021,event,current_manager_spell_games_365d_log1p,current_manager_spell_games_365d_log1p,-0.19537439640481052
permanent_first_24m,M1_manager_stability,origin_2021,event,current_manager_spell_days_scaled_365d,current_manager_spell_days_scaled_365d,0.1034747243047753
permanent_first_24m,M1_manager_stability,origin_2021,event,manager_change_within_90d,manager_change_within_90d,-0.09230862835302857
permanent_first_24m,M1_manager_stability,origin_2022,event,manager_unique_count_365d_log1p,manager_unique_count_365d_log1p,-0.33383623248613425
permanent_first_24m,M1_manager_stability,origin_2022,event,manager_change_count_365d_log1p,manager_change_count_365d_log1p,0.25304968847323905
permanent_first_24m,M1_manager_stability,origin_2022,event,current_manager_observed_match_share_365d,current_manager_observed_match_share_365d,-0.09227918684449885
permanent_first_24m,M1_manager_stability,origin_2022,event,current_manager_spell_games_365d_log1p,current_manager_spell_games_365d_log1p,-0.3977683624226426
permanent_first_24m,M1_manager_stability,origin_2022,event,current_manager_spell_days_scaled_365d,current_manager_spell_days_scaled_365d,0.2320333187552778
permanent_first_24m,M1_manager_stability,origin_2022,event,manager_change_within_90d,manager_change_within_90d,-0.15891108608540566
permanent_first_24m,M1_manager_stability,origin_2023,event,manager_unique_count_365d_log1p,manager_unique_count_365d_log1p,0.006799085781407164
permanent_first_24m,M1_manager_stability,origin_2023,event,manager_change_count_365d_log1p,manager_change_count_365d_log1p,0.019124501496228942
permanent_first_24m,M1_manager_stability,origin_2023,event,current_manager_observed_match_share_365d,current_manager_observed_match_share_365d,-0.014558725437301577
permanent_first_24m,M1_manager_stability,origin_2023,event,current_manager_spell_games_365d_log1p,current_manager_spell_games_365d_log1p,-0.0635991444173238
permanent_first_24m,M1_manager_stability,origin_2023,event,current_manager_spell_days_scaled_365d,current_manager_spell_days_scaled_365d,0.03462606926031864
permanent_first_24m,M1_manager_stability,origin_2023,event,manager_change_within_90d,manager_change_within_90d,-0.04672794848604962
permanent_first_24m,T1_formation_tactical_stability,origin_2020,event,formation_unique_shape_count_365d_log1p,formation_unique_shape_count_365d_log1p,0.04597506946999044
permanent_first_24m,T1_formation_tactical_stability,origin_2020,event,formation_shape_entropy_365d,formation_shape_entropy_365d,-0.1890762036030746
permanent_first_24m,T1_formation_tactical_stability,origin_2020,event,formation_shape_change_rate_365d,formation_shape_change_rate_365d,-0.05146838447113828
permanent_first_24m,T1_formation_tactical_stability,origin_2020,event,dominant_formation_shape_share_365d,dominant_formation_shape_share_365d,-0.06931202012081744
permanent_first_24m,T1_formation_tactical_stability,origin_2020,event,current_formation_shape_spell_share_365d,current_formation_shape_spell_share_365d,0.0378455015162349
permanent_first_24m,T1_formation_tactical_stability,origin_2020,event,formation_distribution_shift_recent_vs_prior,formation_distribution_shift_recent_vs_prior,-0.13921259330375496
permanent_first_24m,T1_formation_tactical_stability,origin_2021,event,formation_unique_shape_count_365d_log1p,formation_unique_shape_count_365d_log1p,-0.06286806297271523
permanent_first_24m,T1_formation_tactical_stability,origin_2021,event,formation_shape_entropy_365d,formation_shape_entropy_365d,-0.14098761884118305
permanent_first_24m,T1_formation_tactical_stability,origin_2021,event,formation_shape_change_rate_365d,formation_shape_change_rate_365d,-0.012108873011016466
permanent_first_24m,T1_formation_tactical_stability,origin_2021,event,dominant_formation_shape_share_365d,dominant_formation_shape_share_365d,-0.06342385138617014
permanent_first_24m,T1_formation_tactical_stability,origin_2021,event,current_formation_shape_spell_share_365d,current_formation_shape_spell_share_365d,0.026865186360004446
permanent_first_24m,T1_formation_tactical_stability,origin_2021,event,formation_distribution_shift_recent_vs_prior,formation_distribution_shift_recent_vs_prior,-0.009455357614068002
permanent_first_24m,T1_formation_tactical_stability,origin_2022,event,formation_unique_shape_count_365d_log1p,formation_unique_shape_count_365d_log1p,0.0072092321728651045
permanent_first_24m,T1_formation_tactical_stability,origin_2022,event,formation_shape_entropy_365d,formation_shape_entropy_365d,-0.012311834189743907
permanent_first_24m,T1_formation_tactical_stability,origin_2022,event,formation_shape_change_rate_365d,formation_shape_change_rate_365d,-0.08169226397872068
permanent_first_24m,T1_formation_tactical_stability,origin_2022,event,dominant_formation_shape_share_365d,dominant_formation_shape_share_365d,-0.013139422548249086
permanent_first_24m,T1_formation_tactical_stability,origin_2022,event,current_formation_shape_spell_share_365d,current_formation_shape_spell_share_365d,0.07549038486330971
permanent_first_24m,T1_formation_tactical_stability,origin_2022,event,formation_distribution_shift_recent_vs_prior,formation_distribution_shift_recent_vs_prior,-0.02028075266563598
permanent_first_24m,T1_formation_tactical_stability,origin_2023,event,formation_unique_shape_count_365d_log1p,formation_unique_shape_count_365d_log1p,0.0023051523069307737
permanent_first_24m,T1_formation_tactical_stability,origin_2023,event,formation_shape_entropy_365d,formation_shape_entropy_365d,0.016140637157909615
permanent_first_24m,T1_formation_tactical_stability,origin_2023,event,formation_shape_change_rate_365d,formation_shape_change_rate_365d,-0.017100248569123244
permanent_first_24m,T1_formation_tactical_stability,origin_2023,event,dominant_formation_shape_share_365d,dominant_formation_shape_share_365d,-0.030353976497445537
permanent_first_24m,T1_formation_tactical_stability,origin_2023,event,current_formation_shape_spell_share_365d,current_formation_shape_spell_share_365d,0.10535399887728655
permanent_first_24m,T1_formation_tactical_stability,origin_2023,event,formation_distribution_shift_recent_vs_prior,formation_distribution_shift_recent_vs_prior,-0.002635650621509803
permanent_first_24m,M2_player_under_current_manager,origin_2020,event,current_manager_player_selection_rate,current_manager_player_selection_rate,-0.016185218861268703
permanent_first_24m,M2_player_under_current_manager,origin_2020,event,current_manager_player_start_rate,current_manager_player_start_rate,-0.12888683849627522
permanent_first_24m,M2_player_under_current_manager,origin_2020,event,current_manager_player_opportunity_share,current_manager_player_opportunity_share,-0.07958291764818168
permanent_first_24m,M2_player_under_current_manager,origin_2020,event,current_manager_player_captain_rate,current_manager_player_captain_rate,-0.21775861843641836
permanent_first_24m,M2_player_under_current_manager,origin_2021,event,current_manager_player_selection_rate,current_manager_player_selection_rate,0.06937616323563513
permanent_first_24m,M2_player_under_current_manager,origin_2021,event,current_manager_player_start_rate,current_manager_player_start_rate,-0.20035328622899
permanent_first_24m,M2_player_under_current_manager,origin_2021,event,current_manager_player_opportunity_share,current_manager_player_opportunity_share,-0.14669077713415155
permanent_first_24m,M2_player_under_current_manager,origin_2021,event,current_manager_player_captain_rate,current_manager_player_captain_rate,-0.1514110676807246
permanent_first_24m,M2_player_under_current_manager,origin_2022,event,current_manager_player_selection_rate,current_manager_player_selection_rate,0.13327512608476827
permanent_first_24m,M2_player_under_current_manager,origin_2022,event,current_manager_player_start_rate,current_manager_player_start_rate,-0.19037066148057769
permanent_first_24m,M2_player_under_current_manager,origin_2022,event,current_manager_player_opportunity_share,current_manager_player_opportunity_share,-0.17479557278903218
permanent_first_24m,M2_player_under_current_manager,origin_2022,event,current_manager_player_captain_rate,current_manager_player_captain_rate,-0.0898896615586725
permanent_first_24m,M2_player_under_current_manager,origin_2023,event,current_manager_player_selection_rate,current_manager_player_selection_rate,0.062111976823433696
permanent_first_24m,M2_player_under_current_manager,origin_2023,event,current_manager_player_start_rate,current_manager_player_start_rate,-0.07378369958602765
permanent_first_24m,M2_player_under_current_manager,origin_2023,event,current_manager_player_opportunity_share,current_manager_player_opportunity_share,-0.0671398730445257
permanent_first_24m,M2_player_under_current_manager,origin_2023,event,current_manager_player_captain_rate,current_manager_player_captain_rate,-0.020968241167986214
permanent_first_24m,M3_role_change_at_manager_transition,origin_2020,event,manager_transition_observed_365d,manager_transition_observed_365d,-0.2842394544364348
permanent_first_24m,M3_role_change_at_manager_transition,origin_2020,event,days_since_manager_transition_scaled_365d,days_since_manager_transition_scaled_365d,-0.19116588118859665
permanent_first_24m,M3_role_change_at_manager_transition,origin_2020,event,player_selection_rate_change_post_vs_pre_manager,player_selection_rate_change_post_vs_pre_manager,0.07296402516406715
permanent_first_24m,M3_role_change_at_manager_transition,origin_2020,event,player_start_rate_change_post_vs_pre_manager,player_start_rate_change_post_vs_pre_manager,-0.09757722419358843
permanent_first_24m,M3_role_change_at_manager_transition,origin_2020,event,player_opportunity_share_change_post_vs_pre_manager,player_opportunity_share_change_post_vs_pre_manager,-0.07353923260075412
permanent_first_24m,M3_role_change_at_manager_transition,origin_2021,event,manager_transition_observed_365d,manager_transition_observed_365d,-0.09303084542024004
permanent_first_24m,M3_role_change_at_manager_transition,origin_2021,event,days_since_manager_transition_scaled_365d,days_since_manager_transition_scaled_365d,-0.07226200077205792
permanent_first_24m,M3_role_change_at_manager_transition,origin_2021,event,player_selection_rate_change_post_vs_pre_manager,player_selection_rate_change_post_vs_pre_manager,0.01982174576144703
permanent_first_24m,M3_role_change_at_manager_transition,origin_2021,event,player_start_rate_change_post_vs_pre_manager,player_start_rate_change_post_vs_pre_manager,-0.07532647259593436
permanent_first_24m,M3_role_change_at_manager_transition,origin_2021,event,player_opportunity_share_change_post_vs_pre_manager,player_opportunity_share_change_post_vs_pre_manager,-0.02045840199572797
permanent_first_24m,M3_role_change_at_manager_transition,origin_2022,event,manager_transition_observed_365d,manager_transition_observed_365d,-0.09252753420052076
permanent_first_24m,M3_role_change_at_manager_transition,origin_2022,event,days_since_manager_transition_scaled_365d,days_since_manager_transition_scaled_365d,-0.1359666554553113
permanent_first_24m,M3_role_change_at_manager_transition,origin_2022,event,player_selection_rate_change_post_vs_pre_manager,player_selection_rate_change_post_vs_pre_manager,0.10138895860422387
permanent_first_24m,M3_role_change_at_manager_transition,origin_2022,event,player_start_rate_change_post_vs_pre_manager,player_start_rate_change_post_vs_pre_manager,-0.2702780083791468
permanent_first_24m,M3_role_change_at_manager_transition,origin_2022,event,player_opportunity_share_change_post_vs_pre_manager,player_opportunity_share_change_post_vs_pre_manager,0.12321029736995544
permanent_first_24m,M3_role_change_at_manager_transition,origin_2023,event,manager_transition_observed_365d,manager_transition_observed_365d,0.00894843351744159
permanent_first_24m,M3_role_change_at_manager_transition,origin_2023,event,days_since_manager_transition_scaled_365d,days_since_manager_transition_scaled_365d,-0.013489852889367339
permanent_first_24m,M3_role_change_at_manager_transition,origin_2023,event,player_selection_rate_change_post_vs_pre_manager,player_selection_rate_change_post_vs_pre_manager,0.0043022914123912485
permanent_first_24m,M3_role_change_at_manager_transition,origin_2023,event,player_start_rate_change_post_vs_pre_manager,player_start_rate_change_post_vs_pre_manager,-0.0369872592681663
permanent_first_24m,M3_role_change_at_manager_transition,origin_2023,event,player_opportunity_share_change_post_vs_pre_manager,player_opportunity_share_change_post_vs_pre_manager,-0.01659061179247856
permanent_first_24m,C1_combined_manager_tactical,origin_2020,event,manager_unique_count_365d_log1p,manager_unique_count_365d_log1p,-0.17609958336233836
permanent_first_24m,C1_combined_manager_tactical,origin_2020,event,manager_change_count_365d_log1p,manager_change_count_365d_log1p,-0.19408356838724256
permanent_first_24m,C1_combined_manager_tactical,origin_2020,event,current_manager_observed_match_share_365d,current_manager_observed_match_share_365d,-0.05242935337366306
permanent_first_24m,C1_combined_manager_tactical,origin_2020,event,current_manager_spell_games_365d_log1p,current_manager_spell_games_365d_log1p,-0.11891024068049631
permanent_first_24m,C1_combined_manager_tactical,origin_2020,event,current_manager_spell_days_scaled_365d,current_manager_spell_days_scaled_365d,-0.06397718299244667
permanent_first_24m,C1_combined_manager_tactical,origin_2020,event,manager_change_within_90d,manager_change_within_90d,0.04162906436270072
permanent_first_24m,C1_combined_manager_tactical,origin_2020,event,formation_unique_shape_count_365d_log1p,formation_unique_shape_count_365d_log1p,0.05860689043334289
permanent_first_24m,C1_combined_manager_tactical,origin_2020,event,formation_shape_entropy_365d,formation_shape_entropy_365d,-0.1620198403315054
permanent_first_24m,C1_combined_manager_tactical,origin_2020,event,formation_shape_change_rate_365d,formation_shape_change_rate_365d,-0.07417964315380782
permanent_first_24m,C1_combined_manager_tactical,origin_2020,event,dominant_formation_shape_share_365d,dominant_formation_shape_share_365d,-0.11984917605086894
permanent_first_24m,C1_combined_manager_tactical,origin_2020,event,current_formation_shape_spell_share_365d,current_formation_shape_spell_share_365d,0.07954404394224608
permanent_first_24m,C1_combined_manager_tactical,origin_2020,event,formation_distribution_shift_recent_vs_prior,formation_distribution_shift_recent_vs_prior,-0.0492919476091
permanent_first_24m,C1_combined_manager_tactical,origin_2020,event,current_manager_player_selection_rate,current_manager_player_selection_rate,0.04686884079342484
permanent_first_24m,C1_combined_manager_tactical,origin_2020,event,current_manager_player_start_rate,current_manager_player_start_rate,-0.008522759662610454
permanent_first_24m,C1_combined_manager_tactical,origin_2020,event,current_manager_player_opportunity_share,current_manager_player_opportunity_share,0.024662667594762412
permanent_first_24m,C1_combined_manager_tactical,origin_2020,event,current_manager_player_captain_rate,current_manager_player_captain_rate,-0.1604180800952056
permanent_first_24m,C1_combined_manager_tactical,origin_2020,event,manager_transition_observed_365d,manager_transition_observed_365d,-0.10866326044415975
permanent_first_24m,C1_combined_manager_tactical,origin_2020,event,days_since_manager_transition_scaled_365d,days_since_manager_transition_scaled_365d,-0.1538839495820476
permanent_first_24m,C1_combined_manager_tactical,origin_2020,event,player_selection_rate_change_post_vs_pre_manager,player_selection_rate_change_post_vs_pre_manager,0.053556075358762015
permanent_first_24m,C1_combined_manager_tactical,origin_2020,event,player_start_rate_change_post_vs_pre_manager,player_start_rate_change_post_vs_pre_manager,-0.05302564694062167
permanent_first_24m,C1_combined_manager_tactical,origin_2020,event,player_opportunity_share_change_post_vs_pre_manager,player_opportunity_share_change_post_vs_pre_manager,-0.08586845788138923
permanent_first_24m,C1_combined_manager_tactical,origin_2021,event,manager_unique_count_365d_log1p,manager_unique_count_365d_log1p,-0.045877808845444165
permanent_first_24m,C1_combined_manager_tactical,origin_2021,event,manager_change_count_365d_log1p,manager_change_count_365d_log1p,-0.002004106754389408
permanent_first_24m,C1_combined_manager_tactical,origin_2021,event,current_manager_observed_match_share_365d,current_manager_observed_match_share_365d,0.032672932398765696
permanent_first_24m,C1_combined_manager_tactical,origin_2021,event,current_manager_spell_games_365d_log1p,current_manager_spell_games_365d_log1p,-0.27516193877367834
permanent_first_24m,C1_combined_manager_tactical,origin_2021,event,current_manager_spell_days_scaled_365d,current_manager_spell_days_scaled_365d,0.1015280320219773
permanent_first_24m,C1_combined_manager_tactical,origin_2021,event,manager_change_within_90d,manager_change_within_90d,-0.039080956298829676
permanent_first_24m,C1_combined_manager_tactical,origin_2021,event,formation_unique_shape_count_365d_log1p,formation_unique_shape_count_365d_log1p,-0.026800489766701338
permanent_first_24m,C1_combined_manager_tactical,origin_2021,event,formation_shape_entropy_365d,formation_shape_entropy_365d,-0.19439030086555797
permanent_first_24m,C1_combined_manager_tactical,origin_2021,event,formation_shape_change_rate_365d,formation_shape_change_rate_365d,0.012986593925342295
permanent_first_24m,C1_combined_manager_tactical,origin_2021,event,dominant_formation_shape_share_365d,dominant_formation_shape_share_365d,-0.10713580934926127
permanent_first_24m,C1_combined_manager_tactical,origin_2021,event,current_formation_shape_spell_share_365d,current_formation_shape_spell_share_365d,0.041357373285464925
permanent_first_24m,C1_combined_manager_tactical,origin_2021,event,formation_distribution_shift_recent_vs_prior,formation_distribution_shift_recent_vs_prior,0.023301132713262614
permanent_first_24m,C1_combined_manager_tactical,origin_2021,event,current_manager_player_selection_rate,current_manager_player_selection_rate,0.08434150749781402
permanent_first_24m,C1_combined_manager_tactical,origin_2021,event,current_manager_player_start_rate,current_manager_player_start_rate,-0.05872331436775714
permanent_first_24m,C1_combined_manager_tactical,origin_2021,event,current_manager_player_opportunity_share,current_manager_player_opportunity_share,0.002109327322577765
permanent_first_24m,C1_combined_manager_tactical,origin_2021,event,current_manager_player_captain_rate,current_manager_player_captain_rate,-0.12053236025806016
permanent_first_24m,C1_combined_manager_tactical,origin_2021,event,manager_transition_observed_365d,manager_transition_observed_365d,-0.04555986802888542
permanent_first_24m,C1_combined_manager_tactical,origin_2021,event,days_since_manager_transition_scaled_365d,days_since_manager_transition_scaled_365d,-0.027244600643423676
permanent_first_24m,C1_combined_manager_tactical,origin_2021,event,player_selection_rate_change_post_vs_pre_manager,player_selection_rate_change_post_vs_pre_manager,-0.008068165495423992
permanent_first_24m,C1_combined_manager_tactical,origin_2021,event,player_start_rate_change_post_vs_pre_manager,player_start_rate_change_post_vs_pre_manager,-0.03835784767373458
permanent_first_24m,C1_combined_manager_tactical,origin_2021,event,player_opportunity_share_change_post_vs_pre_manager,player_opportunity_share_change_post_vs_pre_manager,-0.030630502290332894
permanent_first_24m,C1_combined_manager_tactical,origin_2022,event,manager_unique_count_365d_log1p,manager_unique_count_365d_log1p,0.008495913602547932
permanent_first_24m,C1_combined_manager_tactical,origin_2022,event,manager_change_count_365d_log1p,manager_change_count_365d_log1p,-0.008406785185198617
permanent_first_24m,C1_combined_manager_tactical,origin_2022,event,current_manager_observed_match_share_365d,current_manager_observed_match_share_365d,-0.021805132724142324
permanent_first_24m,C1_combined_manager_tactical,origin_2022,event,current_manager_spell_games_365d_log1p,current_manager_spell_games_365d_log1p,-0.32138031468125056
permanent_first_24m,C1_combined_manager_tactical,origin_2022,event,current_manager_spell_days_scaled_365d,current_manager_spell_days_scaled_365d,0.2034253981845795
permanent_first_24m,C1_combined_manager_tactical,origin_2022,event,manager_change_within_90d,manager_change_within_90d,-0.10695063154433834
permanent_first_24m,C1_combined_manager_tactical,origin_2022,event,formation_unique_shape_count_365d_log1p,formation_unique_shape_count_365d_log1p,0.017256970970097835
permanent_first_24m,C1_combined_manager_tactical,origin_2022,event,formation_shape_entropy_365d,formation_shape_entropy_365d,-0.10085051618345917
permanent_first_24m,C1_combined_manager_tactical,origin_2022,event,formation_shape_change_rate_365d,formation_shape_change_rate_365d,-0.06105205888166844
permanent_first_24m,C1_combined_manager_tactical,origin_2022,event,dominant_formation_shape_share_365d,dominant_formation_shape_share_365d,-0.08767075699626914
permanent_first_24m,C1_combined_manager_tactical,origin_2022,event,current_formation_shape_spell_share_365d,current_formation_shape_spell_share_365d,0.07874717022133625
permanent_first_24m,C1_combined_manager_tactical,origin_2022,event,formation_distribution_shift_recent_vs_prior,formation_distribution_shift_recent_vs_prior,-0.0011541665042357804
permanent_first_24m,C1_combined_manager_tactical,origin_2022,event,current_manager_player_selection_rate,current_manager_player_selection_rate,0.13491115816113727
permanent_first_24m,C1_combined_manager_tactical,origin_2022,event,current_manager_player_start_rate,current_manager_player_start_rate,-0.16390068892525284
permanent_first_24m,C1_combined_manager_tactical,origin_2022,event,current_manager_player_opportunity_share,current_manager_player_opportunity_share,-0.13319838086571278
permanent_first_24m,C1_combined_manager_tactical,origin_2022,event,current_manager_player_captain_rate,current_manager_player_captain_rate,-0.05995987323364383
permanent_first_24m,C1_combined_manager_tactical,origin_2022,event,manager_transition_observed_365d,manager_transition_observed_365d,-0.04716817873843715
permanent_first_24m,C1_combined_manager_tactical,origin_2022,event,days_since_manager_transition_scaled_365d,days_since_manager_transition_scaled_365d,-0.060472457427816304
permanent_first_24m,C1_combined_manager_tactical,origin_2022,event,player_selection_rate_change_post_vs_pre_manager,player_selection_rate_change_post_vs_pre_manager,0.04969644955589892
permanent_first_24m,C1_combined_manager_tactical,origin_2022,event,player_start_rate_change_post_vs_pre_manager,player_start_rate_change_post_vs_pre_manager,-0.08663708020537653
permanent_first_24m,C1_combined_manager_tactical,origin_2022,event,player_opportunity_share_change_post_vs_pre_manager,player_opportunity_share_change_post_vs_pre_manager,0.032062786936639186
permanent_first_24m,C1_combined_manager_tactical,origin_2023,event,manager_unique_count_365d_log1p,manager_unique_count_365d_log1p,0.017067386435644993
permanent_first_24m,C1_combined_manager_tactical,origin_2023,event,manager_change_count_365d_log1p,manager_change_count_365d_log1p,0.01069200882709389
permanent_first_24m,C1_combined_manager_tactical,origin_2023,event,current_manager_observed_match_share_365d,current_manager_observed_match_share_365d,0.0019572058556254343
permanent_first_24m,C1_combined_manager_tactical,origin_2023,event,current_manager_spell_games_365d_log1p,current_manager_spell_games_365d_log1p,-0.06966286586296018
permanent_first_24m,C1_combined_manager_tactical,origin_2023,event,current_manager_spell_days_scaled_365d,current_manager_spell_days_scaled_365d,0.02102280325296865
permanent_first_24m,C1_combined_manager_tactical,origin_2023,event,manager_change_within_90d,manager_change_within_90d,-0.05736869197598579
permanent_first_24m,C1_combined_manager_tactical,origin_2023,event,formation_unique_shape_count_365d_log1p,formation_unique_shape_count_365d_log1p,-0.0015525878677758822
permanent_first_24m,C1_combined_manager_tactical,origin_2023,event,formation_shape_entropy_365d,formation_shape_entropy_365d,-0.005367002586491846
permanent_first_24m,C1_combined_manager_tactical,origin_2023,event,formation_shape_change_rate_365d,formation_shape_change_rate_365d,-0.0073436198555225304
permanent_first_24m,C1_combined_manager_tactical,origin_2023,event,dominant_formation_shape_share_365d,dominant_formation_shape_share_365d,-0.046542017329897246
permanent_first_24m,C1_combined_manager_tactical,origin_2023,event,current_formation_shape_spell_share_365d,current_formation_shape_spell_share_365d,0.09870268541254382
permanent_first_24m,C1_combined_manager_tactical,origin_2023,event,formation_distribution_shift_recent_vs_prior,formation_distribution_shift_recent_vs_prior,0.0023816853794033444
permanent_first_24m,C1_combined_manager_tactical,origin_2023,event,current_manager_player_selection_rate,current_manager_player_selection_rate,0.06925182123274239
permanent_first_24m,C1_combined_manager_tactical,origin_2023,event,current_manager_player_start_rate,current_manager_player_start_rate,-0.05448526112692893
permanent_first_24m,C1_combined_manager_tactical,origin_2023,event,current_manager_player_opportunity_share,current_manager_player_opportunity_share,-0.04156536626787199
permanent_first_24m,C1_combined_manager_tactical,origin_2023,event,current_manager_player_captain_rate,current_manager_player_captain_rate,0.00034954937382819474
permanent_first_24m,C1_combined_manager_tactical,origin_2023,event,manager_transition_observed_365d,manager_transition_observed_365d,-0.0036098085344080867
permanent_first_24m,C1_combined_manager_tactical,origin_2023,event,days_since_manager_transition_scaled_365d,days_since_manager_transition_scaled_365d,-0.014023924052716345
permanent_first_24m,C1_combined_manager_tactical,origin_2023,event,player_selection_rate_change_post_vs_pre_manager,player_selection_rate_change_post_vs_pre_manager,-0.006445154009894592
permanent_first_24m,C1_combined_manager_tactical,origin_2023,event,player_start_rate_change_post_vs_pre_manager,player_start_rate_change_post_vs_pre_manager,-0.027952481187389216
permanent_first_24m,C1_combined_manager_tactical,origin_2023,event,player_opportunity_share_change_post_vs_pre_manager,player_opportunity_share_change_post_vs_pre_manager,-0.003435380820249374
permanent_relationship_ended_24m,M1_manager_stability,origin_2020,event,manager_unique_count_365d_log1p,manager_unique_count_365d_log1p,-0.1532880722876305
permanent_relationship_ended_24m,M1_manager_stability,origin_2020,event,manager_change_count_365d_log1p,manager_change_count_365d_log1p,0.0038152281736282883
permanent_relationship_ended_24m,M1_manager_stability,origin_2020,event,current_manager_observed_match_share_365d,current_manager_observed_match_share_365d,0.04883161034481202
permanent_relationship_ended_24m,M1_manager_stability,origin_2020,event,current_manager_spell_games_365d_log1p,current_manager_spell_games_365d_log1p,-0.08981963968669741
permanent_relationship_ended_24m,M1_manager_stability,origin_2020,event,current_manager_spell_days_scaled_365d,current_manager_spell_days_scaled_365d,0.09731462308043348
permanent_relationship_ended_24m,M1_manager_stability,origin_2020,event,manager_change_within_90d,manager_change_within_90d,0.10104731838906597
permanent_relationship_ended_24m,M1_manager_stability,origin_2021,event,manager_unique_count_365d_log1p,manager_unique_count_365d_log1p,-0.27327193450409265
permanent_relationship_ended_24m,M1_manager_stability,origin_2021,event,manager_change_count_365d_log1p,manager_change_count_365d_log1p,0.27237779816394336
permanent_relationship_ended_24m,M1_manager_stability,origin_2021,event,current_manager_observed_match_share_365d,current_manager_observed_match_share_365d,-0.07504812890449229
permanent_relationship_ended_24m,M1_manager_stability,origin_2021,event,current_manager_spell_games_365d_log1p,current_manager_spell_games_365d_log1p,-0.2916158907076168
permanent_relationship_ended_24m,M1_manager_stability,origin_2021,event,current_manager_spell_days_scaled_365d,current_manager_spell_days_scaled_365d,0.3747127846786073
permanent_relationship_ended_24m,M1_manager_stability,origin_2021,event,manager_change_within_90d,manager_change_within_90d,-0.08711906923031494
permanent_relationship_ended_24m,M1_manager_stability,origin_2022,event,manager_unique_count_365d_log1p,manager_unique_count_365d_log1p,-0.07429037874022233
permanent_relationship_ended_24m,M1_manager_stability,origin_2022,event,manager_change_count_365d_log1p,manager_change_count_365d_log1p,0.0455151128694691
permanent_relationship_ended_24m,M1_manager_stability,origin_2022,event,current_manager_observed_match_share_365d,current_manager_observed_match_share_365d,-0.045377786730362225
permanent_relationship_ended_24m,M1_manager_stability,origin_2022,event,current_manager_spell_games_365d_log1p,current_manager_spell_games_365d_log1p,-0.25035562722671045
permanent_relationship_ended_24m,M1_manager_stability,origin_2022,event,current_manager_spell_days_scaled_365d,current_manager_spell_days_scaled_365d,0.1614037791845695
permanent_relationship_ended_24m,M1_manager_stability,origin_2022,event,manager_change_within_90d,manager_change_within_90d,-0.11534742111933814
permanent_relationship_ended_24m,M1_manager_stability,origin_2023,event,manager_unique_count_365d_log1p,manager_unique_count_365d_log1p,0.03671922834425514
permanent_relationship_ended_24m,M1_manager_stability,origin_2023,event,manager_change_count_365d_log1p,manager_change_count_365d_log1p,0.030354497826432566
permanent_relationship_ended_24m,M1_manager_stability,origin_2023,event,current_manager_observed_match_share_365d,current_manager_observed_match_share_365d,0.003860741999396765
permanent_relationship_ended_24m,M1_manager_stability,origin_2023,event,current_manager_spell_games_365d_log1p,current_manager_spell_games_365d_log1p,-0.051787840562565766
permanent_relationship_ended_24m,M1_manager_stability,origin_2023,event,current_manager_spell_days_scaled_365d,current_manager_spell_days_scaled_365d,0.060516777674535636
permanent_relationship_ended_24m,M1_manager_stability,origin_2023,event,manager_change_within_90d,manager_change_within_90d,-0.021747064573189992
permanent_relationship_ended_24m,T1_formation_tactical_stability,origin_2020,event,formation_unique_shape_count_365d_log1p,formation_unique_shape_count_365d_log1p,0.0531844315227736
permanent_relationship_ended_24m,T1_formation_tactical_stability,origin_2020,event,formation_shape_entropy_365d,formation_shape_entropy_365d,-0.20900328346657016
permanent_relationship_ended_24m,T1_formation_tactical_stability,origin_2020,event,formation_shape_change_rate_365d,formation_shape_change_rate_365d,-0.004813674828028468
permanent_relationship_ended_24m,T1_formation_tactical_stability,origin_2020,event,dominant_formation_shape_share_365d,dominant_formation_shape_share_365d,-0.05790066987068645
permanent_relationship_ended_24m,T1_formation_tactical_stability,origin_2020,event,current_formation_shape_spell_share_365d,current_formation_shape_spell_share_365d,0.002570288409738584
permanent_relationship_ended_24m,T1_formation_tactical_stability,origin_2020,event,formation_distribution_shift_recent_vs_prior,formation_distribution_shift_recent_vs_prior,-0.10092909586639517
permanent_relationship_ended_24m,T1_formation_tactical_stability,origin_2021,event,formation_unique_shape_count_365d_log1p,formation_unique_shape_count_365d_log1p,-0.07476483146576082
permanent_relationship_ended_24m,T1_formation_tactical_stability,origin_2021,event,formation_shape_entropy_365d,formation_shape_entropy_365d,-0.21232211633087192
permanent_relationship_ended_24m,T1_formation_tactical_stability,origin_2021,event,formation_shape_change_rate_365d,formation_shape_change_rate_365d,0.018986119674621778
permanent_relationship_ended_24m,T1_formation_tactical_stability,origin_2021,event,dominant_formation_shape_share_365d,dominant_formation_shape_share_365d,-0.11300226554838329
permanent_relationship_ended_24m,T1_formation_tactical_stability,origin_2021,event,current_formation_shape_spell_share_365d,current_formation_shape_spell_share_365d,-0.023689315623443535
permanent_relationship_ended_24m,T1_formation_tactical_stability,origin_2021,event,formation_distribution_shift_recent_vs_prior,formation_distribution_shift_recent_vs_prior,0.07094499080364197
permanent_relationship_ended_24m,T1_formation_tactical_stability,origin_2022,event,formation_unique_shape_count_365d_log1p,formation_unique_shape_count_365d_log1p,-0.027933783473471103
permanent_relationship_ended_24m,T1_formation_tactical_stability,origin_2022,event,formation_shape_entropy_365d,formation_shape_entropy_365d,-0.0474943951510335
permanent_relationship_ended_24m,T1_formation_tactical_stability,origin_2022,event,formation_shape_change_rate_365d,formation_shape_change_rate_365d,-0.05729427084189813
permanent_relationship_ended_24m,T1_formation_tactical_stability,origin_2022,event,dominant_formation_shape_share_365d,dominant_formation_shape_share_365d,-0.06498643242869827
permanent_relationship_ended_24m,T1_formation_tactical_stability,origin_2022,event,current_formation_shape_spell_share_365d,current_formation_shape_spell_share_365d,0.039282093945328014
permanent_relationship_ended_24m,T1_formation_tactical_stability,origin_2022,event,formation_distribution_shift_recent_vs_prior,formation_distribution_shift_recent_vs_prior,0.033559521191221776
permanent_relationship_ended_24m,T1_formation_tactical_stability,origin_2023,event,formation_unique_shape_count_365d_log1p,formation_unique_shape_count_365d_log1p,0.0039022374042766103
permanent_relationship_ended_24m,T1_formation_tactical_stability,origin_2023,event,formation_shape_entropy_365d,formation_shape_entropy_365d,0.007561808793829336
permanent_relationship_ended_24m,T1_formation_tactical_stability,origin_2023,event,formation_shape_change_rate_365d,formation_shape_change_rate_365d,-0.01320916152640476
permanent_relationship_ended_24m,T1_formation_tactical_stability,origin_2023,event,dominant_formation_shape_share_365d,dominant_formation_shape_share_365d,-0.03813952273854767
permanent_relationship_ended_24m,T1_formation_tactical_stability,origin_2023,event,current_formation_shape_spell_share_365d,current_formation_shape_spell_share_365d,0.0828652398477034
permanent_relationship_ended_24m,T1_formation_tactical_stability,origin_2023,event,formation_distribution_shift_recent_vs_prior,formation_distribution_shift_recent_vs_prior,0.0024664895186243397
permanent_relationship_ended_24m,M2_player_under_current_manager,origin_2020,event,current_manager_player_selection_rate,current_manager_player_selection_rate,-0.004889315908484199
permanent_relationship_ended_24m,M2_player_under_current_manager,origin_2020,event,current_manager_player_start_rate,current_manager_player_start_rate,-0.13075872176959694
permanent_relationship_ended_24m,M2_player_under_current_manager,origin_2020,event,current_manager_player_opportunity_share,current_manager_player_opportunity_share,-0.06652878411151404
permanent_relationship_ended_24m,M2_player_under_current_manager,origin_2020,event,current_manager_player_captain_rate,current_manager_player_captain_rate,-0.25008909163799997
permanent_relationship_ended_24m,M2_player_under_current_manager,origin_2021,event,current_manager_player_selection_rate,current_manager_player_selection_rate,0.1232166189147835
permanent_relationship_ended_24m,M2_player_under_current_manager,origin_2021,event,current_manager_player_start_rate,current_manager_player_start_rate,-0.27209424693776835
permanent_relationship_ended_24m,M2_player_under_current_manager,origin_2021,event,current_manager_player_opportunity_share,current_manager_player_opportunity_share,-0.1803857375543743
permanent_relationship_ended_24m,M2_player_under_current_manager,origin_2021,event,current_manager_player_captain_rate,current_manager_player_captain_rate,-0.1343737538758076
permanent_relationship_ended_24m,M2_player_under_current_manager,origin_2022,event,current_manager_player_selection_rate,current_manager_player_selection_rate,0.10602453792414226
permanent_relationship_ended_24m,M2_player_under_current_manager,origin_2022,event,current_manager_player_start_rate,current_manager_player_start_rate,-0.2435129387326779
permanent_relationship_ended_24m,M2_player_under_current_manager,origin_2022,event,current_manager_player_opportunity_share,current_manager_player_opportunity_share,-0.1664891935002635
permanent_relationship_ended_24m,M2_player_under_current_manager,origin_2022,event,current_manager_player_captain_rate,current_manager_player_captain_rate,-0.06183126653632393
permanent_relationship_ended_24m,M2_player_under_current_manager,origin_2023,event,current_manager_player_selection_rate,current_manager_player_selection_rate,0.029454356285852253
permanent_relationship_ended_24m,M2_player_under_current_manager,origin_2023,event,current_manager_player_start_rate,current_manager_player_start_rate,-0.10081524274517198
permanent_relationship_ended_24m,M2_player_under_current_manager,origin_2023,event,current_manager_player_opportunity_share,current_manager_player_opportunity_share,-0.08280572528078556
permanent_relationship_ended_24m,M2_player_under_current_manager,origin_2023,event,current_manager_player_captain_rate,current_manager_player_captain_rate,-0.007905519277275277
permanent_relationship_ended_24m,M3_role_change_at_manager_transition,origin_2020,event,manager_transition_observed_365d,manager_transition_observed_365d,-0.26396230910891066
permanent_relationship_ended_24m,M3_role_change_at_manager_transition,origin_2020,event,days_since_manager_transition_scaled_365d,days_since_manager_transition_scaled_365d,-0.14760989718892836
permanent_relationship_ended_24m,M3_role_change_at_manager_transition,origin_2020,event,player_selection_rate_change_post_vs_pre_manager,player_selection_rate_change_post_vs_pre_manager,0.038691666989452325
permanent_relationship_ended_24m,M3_role_change_at_manager_transition,origin_2020,event,player_start_rate_change_post_vs_pre_manager,player_start_rate_change_post_vs_pre_manager,-0.04775501477709339
permanent_relationship_ended_24m,M3_role_change_at_manager_transition,origin_2020,event,player_opportunity_share_change_post_vs_pre_manager,player_opportunity_share_change_post_vs_pre_manager,-0.06520658010532417
permanent_relationship_ended_24m,M3_role_change_at_manager_transition,origin_2021,event,manager_transition_observed_365d,manager_transition_observed_365d,-0.04166384327576204
permanent_relationship_ended_24m,M3_role_change_at_manager_transition,origin_2021,event,days_since_manager_transition_scaled_365d,days_since_manager_transition_scaled_365d,0.00582139271657248
permanent_relationship_ended_24m,M3_role_change_at_manager_transition,origin_2021,event,player_selection_rate_change_post_vs_pre_manager,player_selection_rate_change_post_vs_pre_manager,0.01419032853545415
permanent_relationship_ended_24m,M3_role_change_at_manager_transition,origin_2021,event,player_start_rate_change_post_vs_pre_manager,player_start_rate_change_post_vs_pre_manager,-0.043417966161550636
permanent_relationship_ended_24m,M3_role_change_at_manager_transition,origin_2021,event,player_opportunity_share_change_post_vs_pre_manager,player_opportunity_share_change_post_vs_pre_manager,-0.06013893741082209
permanent_relationship_ended_24m,M3_role_change_at_manager_transition,origin_2022,event,manager_transition_observed_365d,manager_transition_observed_365d,-0.05664605882684832
permanent_relationship_ended_24m,M3_role_change_at_manager_transition,origin_2022,event,days_since_manager_transition_scaled_365d,days_since_manager_transition_scaled_365d,-0.06650805188968084
permanent_relationship_ended_24m,M3_role_change_at_manager_transition,origin_2022,event,player_selection_rate_change_post_vs_pre_manager,player_selection_rate_change_post_vs_pre_manager,0.0604301486713392
permanent_relationship_ended_24m,M3_role_change_at_manager_transition,origin_2022,event,player_start_rate_change_post_vs_pre_manager,player_start_rate_change_post_vs_pre_manager,-0.11400426349945822
permanent_relationship_ended_24m,M3_role_change_at_manager_transition,origin_2022,event,player_opportunity_share_change_post_vs_pre_manager,player_opportunity_share_change_post_vs_pre_manager,-0.019285520846452915
permanent_relationship_ended_24m,M3_role_change_at_manager_transition,origin_2023,event,manager_transition_observed_365d,manager_transition_observed_365d,0.0014460226010214133
permanent_relationship_ended_24m,M3_role_change_at_manager_transition,origin_2023,event,days_since_manager_transition_scaled_365d,days_since_manager_transition_scaled_365d,-0.0027771680987268756
permanent_relationship_ended_24m,M3_role_change_at_manager_transition,origin_2023,event,player_selection_rate_change_post_vs_pre_manager,player_selection_rate_change_post_vs_pre_manager,-0.009774148963001104
permanent_relationship_ended_24m,M3_role_change_at_manager_transition,origin_2023,event,player_start_rate_change_post_vs_pre_manager,player_start_rate_change_post_vs_pre_manager,-0.03462076502087154
permanent_relationship_ended_24m,M3_role_change_at_manager_transition,origin_2023,event,player_opportunity_share_change_post_vs_pre_manager,player_opportunity_share_change_post_vs_pre_manager,-0.023158691164189536
permanent_relationship_ended_24m,C1_combined_manager_tactical,origin_2020,event,manager_unique_count_365d_log1p,manager_unique_count_365d_log1p,-0.08384999559793536
permanent_relationship_ended_24m,C1_combined_manager_tactical,origin_2020,event,manager_change_count_365d_log1p,manager_change_count_365d_log1p,-0.15458863708751583
permanent_relationship_ended_24m,C1_combined_manager_tactical,origin_2020,event,current_manager_observed_match_share_365d,current_manager_observed_match_share_365d,-0.0632306562035917
permanent_relationship_ended_24m,C1_combined_manager_tactical,origin_2020,event,current_manager_spell_games_365d_log1p,current_manager_spell_games_365d_log1p,-0.025787962132732205
permanent_relationship_ended_24m,C1_combined_manager_tactical,origin_2020,event,current_manager_spell_days_scaled_365d,current_manager_spell_days_scaled_365d,-0.030399395373180454
permanent_relationship_ended_24m,C1_combined_manager_tactical,origin_2020,event,manager_change_within_90d,manager_change_within_90d,-0.019369732421339166
permanent_relationship_ended_24m,C1_combined_manager_tactical,origin_2020,event,formation_unique_shape_count_365d_log1p,formation_unique_shape_count_365d_log1p,0.04700335233960143
permanent_relationship_ended_24m,C1_combined_manager_tactical,origin_2020,event,formation_shape_entropy_365d,formation_shape_entropy_365d,-0.18703470573598246
permanent_relationship_ended_24m,C1_combined_manager_tactical,origin_2020,event,formation_shape_change_rate_365d,formation_shape_change_rate_365d,-0.025093646990172264
permanent_relationship_ended_24m,C1_combined_manager_tactical,origin_2020,event,dominant_formation_shape_share_365d,dominant_formation_shape_share_365d,-0.08498334265566203
permanent_relationship_ended_24m,C1_combined_manager_tactical,origin_2020,event,current_formation_shape_spell_share_365d,current_formation_shape_spell_share_365d,0.024629873347678636
permanent_relationship_ended_24m,C1_combined_manager_tactical,origin_2020,event,formation_distribution_shift_recent_vs_prior,formation_distribution_shift_recent_vs_prior,-0.01668529081134834
permanent_relationship_ended_24m,C1_combined_manager_tactical,origin_2020,event,current_manager_player_selection_rate,current_manager_player_selection_rate,0.0641870729307266
permanent_relationship_ended_24m,C1_combined_manager_tactical,origin_2020,event,current_manager_player_start_rate,current_manager_player_start_rate,-0.03896264719840715
permanent_relationship_ended_24m,C1_combined_manager_tactical,origin_2020,event,current_manager_player_opportunity_share,current_manager_player_opportunity_share,0.023514113392029044
permanent_relationship_ended_24m,C1_combined_manager_tactical,origin_2020,event,current_manager_player_captain_rate,current_manager_player_captain_rate,-0.17666694471639863
permanent_relationship_ended_24m,C1_combined_manager_tactical,origin_2020,event,manager_transition_observed_365d,manager_transition_observed_365d,-0.14872246267166897
permanent_relationship_ended_24m,C1_combined_manager_tactical,origin_2020,event,days_since_manager_transition_scaled_365d,days_since_manager_transition_scaled_365d,-0.1976861666013675
permanent_relationship_ended_24m,C1_combined_manager_tactical,origin_2020,event,player_selection_rate_change_post_vs_pre_manager,player_selection_rate_change_post_vs_pre_manager,0.014019716240447717
permanent_relationship_ended_24m,C1_combined_manager_tactical,origin_2020,event,player_start_rate_change_post_vs_pre_manager,player_start_rate_change_post_vs_pre_manager,-0.019226697645595835
permanent_relationship_ended_24m,C1_combined_manager_tactical,origin_2020,event,player_opportunity_share_change_post_vs_pre_manager,player_opportunity_share_change_post_vs_pre_manager,-0.06431491908444655
permanent_relationship_ended_24m,C1_combined_manager_tactical,origin_2021,event,manager_unique_count_365d_log1p,manager_unique_count_365d_log1p,0.01438508609414195
permanent_relationship_ended_24m,C1_combined_manager_tactical,origin_2021,event,manager_change_count_365d_log1p,manager_change_count_365d_log1p,0.002532678302753879
permanent_relationship_ended_24m,C1_combined_manager_tactical,origin_2021,event,current_manager_observed_match_share_365d,current_manager_observed_match_share_365d,-0.013489114568778141
permanent_relationship_ended_24m,C1_combined_manager_tactical,origin_2021,event,current_manager_spell_games_365d_log1p,current_manager_spell_games_365d_log1p,-0.15094920487115193
permanent_relationship_ended_24m,C1_combined_manager_tactical,origin_2021,event,current_manager_spell_days_scaled_365d,current_manager_spell_days_scaled_365d,0.25327943590689966
permanent_relationship_ended_24m,C1_combined_manager_tactical,origin_2021,event,manager_change_within_90d,manager_change_within_90d,-0.010213390422702142
permanent_relationship_ended_24m,C1_combined_manager_tactical,origin_2021,event,formation_unique_shape_count_365d_log1p,formation_unique_shape_count_365d_log1p,-0.06375156101875525
permanent_relationship_ended_24m,C1_combined_manager_tactical,origin_2021,event,formation_shape_entropy_365d,formation_shape_entropy_365d,-0.27073644510699946
permanent_relationship_ended_24m,C1_combined_manager_tactical,origin_2021,event,formation_shape_change_rate_365d,formation_shape_change_rate_365d,0.0492747923242958
permanent_relationship_ended_24m,C1_combined_manager_tactical,origin_2021,event,dominant_formation_shape_share_365d,dominant_formation_shape_share_365d,-0.10931016306975562
permanent_relationship_ended_24m,C1_combined_manager_tactical,origin_2021,event,current_formation_shape_spell_share_365d,current_formation_shape_spell_share_365d,-0.03986091364486137
permanent_relationship_ended_24m,C1_combined_manager_tactical,origin_2021,event,formation_distribution_shift_recent_vs_prior,formation_distribution_shift_recent_vs_prior,0.13135007849580535
permanent_relationship_ended_24m,C1_combined_manager_tactical,origin_2021,event,current_manager_player_selection_rate,current_manager_player_selection_rate,0.10523169649809272
permanent_relationship_ended_24m,C1_combined_manager_tactical,origin_2021,event,current_manager_player_start_rate,current_manager_player_start_rate,-0.10497136151220315
permanent_relationship_ended_24m,C1_combined_manager_tactical,origin_2021,event,current_manager_player_opportunity_share,current_manager_player_opportunity_share,-0.018902191500211194
permanent_relationship_ended_24m,C1_combined_manager_tactical,origin_2021,event,current_manager_player_captain_rate,current_manager_player_captain_rate,-0.10660228632679856
permanent_relationship_ended_24m,C1_combined_manager_tactical,origin_2021,event,manager_transition_observed_365d,manager_transition_observed_365d,-0.024296342825732464
permanent_relationship_ended_24m,C1_combined_manager_tactical,origin_2021,event,days_since_manager_transition_scaled_365d,days_since_manager_transition_scaled_365d,-0.08356958082220547
permanent_relationship_ended_24m,C1_combined_manager_tactical,origin_2021,event,player_selection_rate_change_post_vs_pre_manager,player_selection_rate_change_post_vs_pre_manager,-0.015598060290302673
permanent_relationship_ended_24m,C1_combined_manager_tactical,origin_2021,event,player_start_rate_change_post_vs_pre_manager,player_start_rate_change_post_vs_pre_manager,-0.0087569419315785
permanent_relationship_ended_24m,C1_combined_manager_tactical,origin_2021,event,player_opportunity_share_change_post_vs_pre_manager,player_opportunity_share_change_post_vs_pre_manager,-0.060578915092624475
permanent_relationship_ended_24m,C1_combined_manager_tactical,origin_2022,event,manager_unique_count_365d_log1p,manager_unique_count_365d_log1p,0.0378887589862334
permanent_relationship_ended_24m,C1_combined_manager_tactical,origin_2022,event,manager_change_count_365d_log1p,manager_change_count_365d_log1p,-0.034590582446737746
permanent_relationship_ended_24m,C1_combined_manager_tactical,origin_2022,event,current_manager_observed_match_share_365d,current_manager_observed_match_share_365d,-0.07580909010802987
permanent_relationship_ended_24m,C1_combined_manager_tactical,origin_2022,event,current_manager_spell_games_365d_log1p,current_manager_spell_games_365d_log1p,-0.1979263383144099
permanent_relationship_ended_24m,C1_combined_manager_tactical,origin_2022,event,current_manager_spell_days_scaled_365d,current_manager_spell_days_scaled_365d,0.2843304809339488
permanent_relationship_ended_24m,C1_combined_manager_tactical,origin_2022,event,manager_change_within_90d,manager_change_within_90d,-0.06458712081499209
permanent_relationship_ended_24m,C1_combined_manager_tactical,origin_2022,event,formation_unique_shape_count_365d_log1p,formation_unique_shape_count_365d_log1p,-0.018118361285599252
permanent_relationship_ended_24m,C1_combined_manager_tactical,origin_2022,event,formation_shape_entropy_365d,formation_shape_entropy_365d,-0.13308654825408453
permanent_relationship_ended_24m,C1_combined_manager_tactical,origin_2022,event,formation_shape_change_rate_365d,formation_shape_change_rate_365d,-0.034988556010565386
permanent_relationship_ended_24m,C1_combined_manager_tactical,origin_2022,event,dominant_formation_shape_share_365d,dominant_formation_shape_share_365d,-0.08648307920720048
permanent_relationship_ended_24m,C1_combined_manager_tactical,origin_2022,event,current_formation_shape_spell_share_365d,current_formation_shape_spell_share_365d,0.02922540333736384
permanent_relationship_ended_24m,C1_combined_manager_tactical,origin_2022,event,formation_distribution_shift_recent_vs_prior,formation_distribution_shift_recent_vs_prior,0.07865557345679386
permanent_relationship_ended_24m,C1_combined_manager_tactical,origin_2022,event,current_manager_player_selection_rate,current_manager_player_selection_rate,0.07884237702635635
permanent_relationship_ended_24m,C1_combined_manager_tactical,origin_2022,event,current_manager_player_start_rate,current_manager_player_start_rate,-0.17879815034646315
permanent_relationship_ended_24m,C1_combined_manager_tactical,origin_2022,event,current_manager_player_opportunity_share,current_manager_player_opportunity_share,-0.12391284933060348
permanent_relationship_ended_24m,C1_combined_manager_tactical,origin_2022,event,current_manager_player_captain_rate,current_manager_player_captain_rate,-0.04696983598121621
permanent_relationship_ended_24m,C1_combined_manager_tactical,origin_2022,event,manager_transition_observed_365d,manager_transition_observed_365d,-0.048891162793868015
permanent_relationship_ended_24m,C1_combined_manager_tactical,origin_2022,event,days_since_manager_transition_scaled_365d,days_since_manager_transition_scaled_365d,-0.11794576348892899
permanent_relationship_ended_24m,C1_combined_manager_tactical,origin_2022,event,player_selection_rate_change_post_vs_pre_manager,player_selection_rate_change_post_vs_pre_manager,0.023943843058739003
permanent_relationship_ended_24m,C1_combined_manager_tactical,origin_2022,event,player_start_rate_change_post_vs_pre_manager,player_start_rate_change_post_vs_pre_manager,-0.036650283162411056
permanent_relationship_ended_24m,C1_combined_manager_tactical,origin_2022,event,player_opportunity_share_change_post_vs_pre_manager,player_opportunity_share_change_post_vs_pre_manager,-0.003230059367461163
permanent_relationship_ended_24m,C1_combined_manager_tactical,origin_2023,event,manager_unique_count_365d_log1p,manager_unique_count_365d_log1p,0.01758822563567401
permanent_relationship_ended_24m,C1_combined_manager_tactical,origin_2023,event,manager_change_count_365d_log1p,manager_change_count_365d_log1p,0.005571746348769159
permanent_relationship_ended_24m,C1_combined_manager_tactical,origin_2023,event,current_manager_observed_match_share_365d,current_manager_observed_match_share_365d,-0.005893245948059718
permanent_relationship_ended_24m,C1_combined_manager_tactical,origin_2023,event,current_manager_spell_games_365d_log1p,current_manager_spell_games_365d_log1p,-0.04388262903353679
permanent_relationship_ended_24m,C1_combined_manager_tactical,origin_2023,event,current_manager_spell_days_scaled_365d,current_manager_spell_days_scaled_365d,0.040310472612726946
permanent_relationship_ended_24m,C1_combined_manager_tactical,origin_2023,event,manager_change_within_90d,manager_change_within_90d,-0.042478398344282894
permanent_relationship_ended_24m,C1_combined_manager_tactical,origin_2023,event,formation_unique_shape_count_365d_log1p,formation_unique_shape_count_365d_log1p,-0.0055328765943343135
permanent_relationship_ended_24m,C1_combined_manager_tactical,origin_2023,event,formation_shape_entropy_365d,formation_shape_entropy_365d,-0.01566070481619313
permanent_relationship_ended_24m,C1_combined_manager_tactical,origin_2023,event,formation_shape_change_rate_365d,formation_shape_change_rate_365d,-0.00359489859834823
permanent_relationship_ended_24m,C1_combined_manager_tactical,origin_2023,event,dominant_formation_shape_share_365d,dominant_formation_shape_share_365d,-0.03717275678154482
permanent_relationship_ended_24m,C1_combined_manager_tactical,origin_2023,event,current_formation_shape_spell_share_365d,current_formation_shape_spell_share_365d,0.07184781144669618
permanent_relationship_ended_24m,C1_combined_manager_tactical,origin_2023,event,formation_distribution_shift_recent_vs_prior,formation_distribution_shift_recent_vs_prior,0.017249720936173683
permanent_relationship_ended_24m,C1_combined_manager_tactical,origin_2023,event,current_manager_player_selection_rate,current_manager_player_selection_rate,0.016756876197612815
permanent_relationship_ended_24m,C1_combined_manager_tactical,origin_2023,event,current_manager_player_start_rate,current_manager_player_start_rate,-0.07984819113308249
permanent_relationship_ended_24m,C1_combined_manager_tactical,origin_2023,event,current_manager_player_opportunity_share,current_manager_player_opportunity_share,-0.06222935423930279
permanent_relationship_ended_24m,C1_combined_manager_tactical,origin_2023,event,current_manager_player_captain_rate,current_manager_player_captain_rate,0.007397642937591023
permanent_relationship_ended_24m,C1_combined_manager_tactical,origin_2023,event,manager_transition_observed_365d,manager_transition_observed_365d,-0.002015862774998348
permanent_relationship_ended_24m,C1_combined_manager_tactical,origin_2023,event,days_since_manager_transition_scaled_365d,days_since_manager_transition_scaled_365d,-0.019186794337269487
permanent_relationship_ended_24m,C1_combined_manager_tactical,origin_2023,event,player_selection_rate_change_post_vs_pre_manager,player_selection_rate_change_post_vs_pre_manager,-0.012787121900514769
permanent_relationship_ended_24m,C1_combined_manager_tactical,origin_2023,event,player_start_rate_change_post_vs_pre_manager,player_start_rate_change_post_vs_pre_manager,-0.018172496081257074
permanent_relationship_ended_24m,C1_combined_manager_tactical,origin_2023,event,player_opportunity_share_change_post_vs_pre_manager,player_opportunity_share_change_post_vs_pre_manager,-0.0026856149172169758
strict_meaningful_stay_24m,M1_manager_stability,origin_2020,event,manager_unique_count_365d_log1p,manager_unique_count_365d_log1p,0.03869904787588218
strict_meaningful_stay_24m,M1_manager_stability,origin_2020,event,manager_change_count_365d_log1p,manager_change_count_365d_log1p,-0.0019423577221477273
strict_meaningful_stay_24m,M1_manager_stability,origin_2020,event,current_manager_observed_match_share_365d,current_manager_observed_match_share_365d,0.007105496003248117
strict_meaningful_stay_24m,M1_manager_stability,origin_2020,event,current_manager_spell_games_365d_log1p,current_manager_spell_games_365d_log1p,0.05596607992240424
strict_meaningful_stay_24m,M1_manager_stability,origin_2020,event,current_manager_spell_days_scaled_365d,current_manager_spell_days_scaled_365d,-0.01626902746822657
strict_meaningful_stay_24m,M1_manager_stability,origin_2020,event,manager_change_within_90d,manager_change_within_90d,0.003564650019338702
strict_meaningful_stay_24m,M1_manager_stability,origin_2021,event,manager_unique_count_365d_log1p,manager_unique_count_365d_log1p,0.5845356656374048
strict_meaningful_stay_24m,M1_manager_stability,origin_2021,event,manager_change_count_365d_log1p,manager_change_count_365d_log1p,-0.672087419820343
strict_meaningful_stay_24m,M1_manager_stability,origin_2021,event,current_manager_observed_match_share_365d,current_manager_observed_match_share_365d,0.128101639361039
strict_meaningful_stay_24m,M1_manager_stability,origin_2021,event,current_manager_spell_games_365d_log1p,current_manager_spell_games_365d_log1p,0.4746081901648742
strict_meaningful_stay_24m,M1_manager_stability,origin_2021,event,current_manager_spell_days_scaled_365d,current_manager_spell_days_scaled_365d,-0.5795203390480062
strict_meaningful_stay_24m,M1_manager_stability,origin_2021,event,manager_change_within_90d,manager_change_within_90d,0.0393676602770818
strict_meaningful_stay_24m,M1_manager_stability,origin_2022,event,manager_unique_count_365d_log1p,manager_unique_count_365d_log1p,0.17586397301933046
strict_meaningful_stay_24m,M1_manager_stability,origin_2022,event,manager_change_count_365d_log1p,manager_change_count_365d_log1p,-0.2078039485086271
strict_meaningful_stay_24m,M1_manager_stability,origin_2022,event,current_manager_observed_match_share_365d,current_manager_observed_match_share_365d,-0.013836082293926754
strict_meaningful_stay_24m,M1_manager_stability,origin_2022,event,current_manager_spell_games_365d_log1p,current_manager_spell_games_365d_log1p,0.33293910830907525
strict_meaningful_stay_24m,M1_manager_stability,origin_2022,event,current_manager_spell_days_scaled_365d,current_manager_spell_days_scaled_365d,-0.16769296411315945
strict_meaningful_stay_24m,M1_manager_stability,origin_2022,event,manager_change_within_90d,manager_change_within_90d,0.19334801709513116
strict_meaningful_stay_24m,M1_manager_stability,origin_2023,event,manager_unique_count_365d_log1p,manager_unique_count_365d_log1p,0.09671416450017407
strict_meaningful_stay_24m,M1_manager_stability,origin_2023,event,manager_change_count_365d_log1p,manager_change_count_365d_log1p,-0.2139446904119642
strict_meaningful_stay_24m,M1_manager_stability,origin_2023,event,current_manager_observed_match_share_365d,current_manager_observed_match_share_365d,0.04338218701938806
strict_meaningful_stay_24m,M1_manager_stability,origin_2023,event,current_manager_spell_games_365d_log1p,current_manager_spell_games_365d_log1p,0.2655752545632108
strict_meaningful_stay_24m,M1_manager_stability,origin_2023,event,current_manager_spell_days_scaled_365d,current_manager_spell_days_scaled_365d,-0.26107605565797154
strict_meaningful_stay_24m,M1_manager_stability,origin_2023,event,manager_change_within_90d,manager_change_within_90d,0.07835189140937755
strict_meaningful_stay_24m,T1_formation_tactical_stability,origin_2020,event,formation_unique_shape_count_365d_log1p,formation_unique_shape_count_365d_log1p,-0.02207684385471859
strict_meaningful_stay_24m,T1_formation_tactical_stability,origin_2020,event,formation_shape_entropy_365d,formation_shape_entropy_365d,0.13877004830322937
strict_meaningful_stay_24m,T1_formation_tactical_stability,origin_2020,event,formation_shape_change_rate_365d,formation_shape_change_rate_365d,0.13650160243686923
strict_meaningful_stay_24m,T1_formation_tactical_stability,origin_2020,event,dominant_formation_shape_share_365d,dominant_formation_shape_share_365d,0.2015868160662661
strict_meaningful_stay_24m,T1_formation_tactical_stability,origin_2020,event,current_formation_shape_spell_share_365d,current_formation_shape_spell_share_365d,0.1421566030290375
strict_meaningful_stay_24m,T1_formation_tactical_stability,origin_2020,event,formation_distribution_shift_recent_vs_prior,formation_distribution_shift_recent_vs_prior,0.06701400396362199
strict_meaningful_stay_24m,T1_formation_tactical_stability,origin_2021,event,formation_unique_shape_count_365d_log1p,formation_unique_shape_count_365d_log1p,0.01206608814827161
strict_meaningful_stay_24m,T1_formation_tactical_stability,origin_2021,event,formation_shape_entropy_365d,formation_shape_entropy_365d,0.5559719267459065
strict_meaningful_stay_24m,T1_formation_tactical_stability,origin_2021,event,formation_shape_change_rate_365d,formation_shape_change_rate_365d,0.1499731660979828
strict_meaningful_stay_24m,T1_formation_tactical_stability,origin_2021,event,dominant_formation_shape_share_365d,dominant_formation_shape_share_365d,0.5222511436572754
strict_meaningful_stay_24m,T1_formation_tactical_stability,origin_2021,event,current_formation_shape_spell_share_365d,current_formation_shape_spell_share_365d,0.08993269154076197
strict_meaningful_stay_24m,T1_formation_tactical_stability,origin_2021,event,formation_distribution_shift_recent_vs_prior,formation_distribution_shift_recent_vs_prior,-0.02618331003077339
strict_meaningful_stay_24m,T1_formation_tactical_stability,origin_2022,event,formation_unique_shape_count_365d_log1p,formation_unique_shape_count_365d_log1p,0.05166899292173522
strict_meaningful_stay_24m,T1_formation_tactical_stability,origin_2022,event,formation_shape_entropy_365d,formation_shape_entropy_365d,0.13361696965285697
strict_meaningful_stay_24m,T1_formation_tactical_stability,origin_2022,event,formation_shape_change_rate_365d,formation_shape_change_rate_365d,0.012109862673254257
strict_meaningful_stay_24m,T1_formation_tactical_stability,origin_2022,event,dominant_formation_shape_share_365d,dominant_formation_shape_share_365d,0.16971348933067018
strict_meaningful_stay_24m,T1_formation_tactical_stability,origin_2022,event,current_formation_shape_spell_share_365d,current_formation_shape_spell_share_365d,-0.08238482186292949
strict_meaningful_stay_24m,T1_formation_tactical_stability,origin_2022,event,formation_distribution_shift_recent_vs_prior,formation_distribution_shift_recent_vs_prior,-0.018301438418283755
strict_meaningful_stay_24m,T1_formation_tactical_stability,origin_2023,event,formation_unique_shape_count_365d_log1p,formation_unique_shape_count_365d_log1p,0.028342705271791054
strict_meaningful_stay_24m,T1_formation_tactical_stability,origin_2023,event,formation_shape_entropy_365d,formation_shape_entropy_365d,0.20768852264436186
strict_meaningful_stay_24m,T1_formation_tactical_stability,origin_2023,event,formation_shape_change_rate_365d,formation_shape_change_rate_365d,0.026406981876369893
strict_meaningful_stay_24m,T1_formation_tactical_stability,origin_2023,event,dominant_formation_shape_share_365d,dominant_formation_shape_share_365d,0.30122934777313964
strict_meaningful_stay_24m,T1_formation_tactical_stability,origin_2023,event,current_formation_shape_spell_share_365d,current_formation_shape_spell_share_365d,-0.07503340085353484
strict_meaningful_stay_24m,T1_formation_tactical_stability,origin_2023,event,formation_distribution_shift_recent_vs_prior,formation_distribution_shift_recent_vs_prior,0.023916865297788782
strict_meaningful_stay_24m,M2_player_under_current_manager,origin_2020,event,current_manager_player_selection_rate,current_manager_player_selection_rate,0.05911638288240726
strict_meaningful_stay_24m,M2_player_under_current_manager,origin_2020,event,current_manager_player_start_rate,current_manager_player_start_rate,0.12966123245418518
strict_meaningful_stay_24m,M2_player_under_current_manager,origin_2020,event,current_manager_player_opportunity_share,current_manager_player_opportunity_share,0.16656630120874494
strict_meaningful_stay_24m,M2_player_under_current_manager,origin_2020,event,current_manager_player_captain_rate,current_manager_player_captain_rate,0.15104085991826754
strict_meaningful_stay_24m,M2_player_under_current_manager,origin_2021,event,current_manager_player_selection_rate,current_manager_player_selection_rate,-0.32505891187869906
strict_meaningful_stay_24m,M2_player_under_current_manager,origin_2021,event,current_manager_player_start_rate,current_manager_player_start_rate,-0.6717396660737421
strict_meaningful_stay_24m,M2_player_under_current_manager,origin_2021,event,current_manager_player_opportunity_share,current_manager_player_opportunity_share,1.5555272692584485
strict_meaningful_stay_24m,M2_player_under_current_manager,origin_2021,event,current_manager_player_captain_rate,current_manager_player_captain_rate,0.1561599460835664
strict_meaningful_stay_24m,M2_player_under_current_manager,origin_2022,event,current_manager_player_selection_rate,current_manager_player_selection_rate,-0.12395283122761785
strict_meaningful_stay_24m,M2_player_under_current_manager,origin_2022,event,current_manager_player_start_rate,current_manager_player_start_rate,0.08517472829457255
strict_meaningful_stay_24m,M2_player_under_current_manager,origin_2022,event,current_manager_player_opportunity_share,current_manager_player_opportunity_share,0.496022139851139
strict_meaningful_stay_24m,M2_player_under_current_manager,origin_2022,event,current_manager_player_captain_rate,current_manager_player_captain_rate,0.09957072477783158
strict_meaningful_stay_24m,M2_player_under_current_manager,origin_2023,event,current_manager_player_selection_rate,current_manager_player_selection_rate,-0.12441755475061349
strict_meaningful_stay_24m,M2_player_under_current_manager,origin_2023,event,current_manager_player_start_rate,current_manager_player_start_rate,-0.009036340357930725
strict_meaningful_stay_24m,M2_player_under_current_manager,origin_2023,event,current_manager_player_opportunity_share,current_manager_player_opportunity_share,0.46971777727789527
strict_meaningful_stay_24m,M2_player_under_current_manager,origin_2023,event,current_manager_player_captain_rate,current_manager_player_captain_rate,0.05459302430923802
strict_meaningful_stay_24m,M3_role_change_at_manager_transition,origin_2020,event,manager_transition_observed_365d,manager_transition_observed_365d,-0.006543997104749387
strict_meaningful_stay_24m,M3_role_change_at_manager_transition,origin_2020,event,days_since_manager_transition_scaled_365d,days_since_manager_transition_scaled_365d,0.013781547273289813
strict_meaningful_stay_24m,M3_role_change_at_manager_transition,origin_2020,event,player_selection_rate_change_post_vs_pre_manager,player_selection_rate_change_post_vs_pre_manager,0.029560583784269165
strict_meaningful_stay_24m,M3_role_change_at_manager_transition,origin_2020,event,player_start_rate_change_post_vs_pre_manager,player_start_rate_change_post_vs_pre_manager,-0.06666068199055676
strict_meaningful_stay_24m,M3_role_change_at_manager_transition,origin_2020,event,player_opportunity_share_change_post_vs_pre_manager,player_opportunity_share_change_post_vs_pre_manager,0.20192799510416556
strict_meaningful_stay_24m,M3_role_change_at_manager_transition,origin_2021,event,manager_transition_observed_365d,manager_transition_observed_365d,-0.03653769888189669
strict_meaningful_stay_24m,M3_role_change_at_manager_transition,origin_2021,event,days_since_manager_transition_scaled_365d,days_since_manager_transition_scaled_365d,-0.04675731983063215
strict_meaningful_stay_24m,M3_role_change_at_manager_transition,origin_2021,event,player_selection_rate_change_post_vs_pre_manager,player_selection_rate_change_post_vs_pre_manager,-0.08496189194042689
strict_meaningful_stay_24m,M3_role_change_at_manager_transition,origin_2021,event,player_start_rate_change_post_vs_pre_manager,player_start_rate_change_post_vs_pre_manager,-0.025891067894174932
strict_meaningful_stay_24m,M3_role_change_at_manager_transition,origin_2021,event,player_opportunity_share_change_post_vs_pre_manager,player_opportunity_share_change_post_vs_pre_manager,0.2179318348338188
strict_meaningful_stay_24m,M3_role_change_at_manager_transition,origin_2022,event,manager_transition_observed_365d,manager_transition_observed_365d,-0.09806727222135941
strict_meaningful_stay_24m,M3_role_change_at_manager_transition,origin_2022,event,days_since_manager_transition_scaled_365d,days_since_manager_transition_scaled_365d,-0.0840817458497465
strict_meaningful_stay_24m,M3_role_change_at_manager_transition,origin_2022,event,player_selection_rate_change_post_vs_pre_manager,player_selection_rate_change_post_vs_pre_manager,-0.08230261331041927
strict_meaningful_stay_24m,M3_role_change_at_manager_transition,origin_2022,event,player_start_rate_change_post_vs_pre_manager,player_start_rate_change_post_vs_pre_manager,-0.029033969908424252
strict_meaningful_stay_24m,M3_role_change_at_manager_transition,origin_2022,event,player_opportunity_share_change_post_vs_pre_manager,player_opportunity_share_change_post_vs_pre_manager,0.20204704909215185
strict_meaningful_stay_24m,M3_role_change_at_manager_transition,origin_2023,event,manager_transition_observed_365d,manager_transition_observed_365d,-0.05828377165450422
strict_meaningful_stay_24m,M3_role_change_at_manager_transition,origin_2023,event,days_since_manager_transition_scaled_365d,days_since_manager_transition_scaled_365d,-0.010742245355643689
strict_meaningful_stay_24m,M3_role_change_at_manager_transition,origin_2023,event,player_selection_rate_change_post_vs_pre_manager,player_selection_rate_change_post_vs_pre_manager,-0.03493449122929715
strict_meaningful_stay_24m,M3_role_change_at_manager_transition,origin_2023,event,player_start_rate_change_post_vs_pre_manager,player_start_rate_change_post_vs_pre_manager,-0.05608188350586177
strict_meaningful_stay_24m,M3_role_change_at_manager_transition,origin_2023,event,player_opportunity_share_change_post_vs_pre_manager,player_opportunity_share_change_post_vs_pre_manager,0.15830687212116468
strict_meaningful_stay_24m,C1_combined_manager_tactical,origin_2020,event,manager_unique_count_365d_log1p,manager_unique_count_365d_log1p,-0.0025553999635860823
strict_meaningful_stay_24m,C1_combined_manager_tactical,origin_2020,event,manager_change_count_365d_log1p,manager_change_count_365d_log1p,-0.020648094547434322
strict_meaningful_stay_24m,C1_combined_manager_tactical,origin_2020,event,current_manager_observed_match_share_365d,current_manager_observed_match_share_365d,0.008031718649096832
strict_meaningful_stay_24m,C1_combined_manager_tactical,origin_2020,event,current_manager_spell_games_365d_log1p,current_manager_spell_games_365d_log1p,0.019653740700101473
strict_meaningful_stay_24m,C1_combined_manager_tactical,origin_2020,event,current_manager_spell_days_scaled_365d,current_manager_spell_days_scaled_365d,0.006356598970198468
strict_meaningful_stay_24m,C1_combined_manager_tactical,origin_2020,event,manager_change_within_90d,manager_change_within_90d,0.044723542566329565
strict_meaningful_stay_24m,C1_combined_manager_tactical,origin_2020,event,formation_unique_shape_count_365d_log1p,formation_unique_shape_count_365d_log1p,0.007876451962174439
strict_meaningful_stay_24m,C1_combined_manager_tactical,origin_2020,event,formation_shape_entropy_365d,formation_shape_entropy_365d,0.003445627658118276
strict_meaningful_stay_24m,C1_combined_manager_tactical,origin_2020,event,formation_shape_change_rate_365d,formation_shape_change_rate_365d,0.018106955476439125
strict_meaningful_stay_24m,C1_combined_manager_tactical,origin_2020,event,dominant_formation_shape_share_365d,dominant_formation_shape_share_365d,0.03362410440961977
strict_meaningful_stay_24m,C1_combined_manager_tactical,origin_2020,event,current_formation_shape_spell_share_365d,current_formation_shape_spell_share_365d,0.03989985283407059
strict_meaningful_stay_24m,C1_combined_manager_tactical,origin_2020,event,formation_distribution_shift_recent_vs_prior,formation_distribution_shift_recent_vs_prior,0.010797193829645474
strict_meaningful_stay_24m,C1_combined_manager_tactical,origin_2020,event,current_manager_player_selection_rate,current_manager_player_selection_rate,0.04879089028821786
strict_meaningful_stay_24m,C1_combined_manager_tactical,origin_2020,event,current_manager_player_start_rate,current_manager_player_start_rate,0.1277390471970347
strict_meaningful_stay_24m,C1_combined_manager_tactical,origin_2020,event,current_manager_player_opportunity_share,current_manager_player_opportunity_share,0.14773914052671827
strict_meaningful_stay_24m,C1_combined_manager_tactical,origin_2020,event,current_manager_player_captain_rate,current_manager_player_captain_rate,0.11740221397459011
strict_meaningful_stay_24m,C1_combined_manager_tactical,origin_2020,event,manager_transition_observed_365d,manager_transition_observed_365d,0.003926718344685375
strict_meaningful_stay_24m,C1_combined_manager_tactical,origin_2020,event,days_since_manager_transition_scaled_365d,days_since_manager_transition_scaled_365d,0.005063092923515516
strict_meaningful_stay_24m,C1_combined_manager_tactical,origin_2020,event,player_selection_rate_change_post_vs_pre_manager,player_selection_rate_change_post_vs_pre_manager,0.009906120816340023
strict_meaningful_stay_24m,C1_combined_manager_tactical,origin_2020,event,player_start_rate_change_post_vs_pre_manager,player_start_rate_change_post_vs_pre_manager,0.01934276179499403
strict_meaningful_stay_24m,C1_combined_manager_tactical,origin_2020,event,player_opportunity_share_change_post_vs_pre_manager,player_opportunity_share_change_post_vs_pre_manager,0.042053871126618285
strict_meaningful_stay_24m,C1_combined_manager_tactical,origin_2021,event,manager_unique_count_365d_log1p,manager_unique_count_365d_log1p,-0.13368795944953343
strict_meaningful_stay_24m,C1_combined_manager_tactical,origin_2021,event,manager_change_count_365d_log1p,manager_change_count_365d_log1p,-0.18608271514422145
strict_meaningful_stay_24m,C1_combined_manager_tactical,origin_2021,event,current_manager_observed_match_share_365d,current_manager_observed_match_share_365d,0.023381135684973412
strict_meaningful_stay_24m,C1_combined_manager_tactical,origin_2021,event,current_manager_spell_games_365d_log1p,current_manager_spell_games_365d_log1p,0.1899331756302158
strict_meaningful_stay_24m,C1_combined_manager_tactical,origin_2021,event,current_manager_spell_days_scaled_365d,current_manager_spell_days_scaled_365d,-0.14725099453043455
strict_meaningful_stay_24m,C1_combined_manager_tactical,origin_2021,event,manager_change_within_90d,manager_change_within_90d,0.08055059791597098
strict_meaningful_stay_24m,C1_combined_manager_tactical,origin_2021,event,formation_unique_shape_count_365d_log1p,formation_unique_shape_count_365d_log1p,-0.02572297539595935
strict_meaningful_stay_24m,C1_combined_manager_tactical,origin_2021,event,formation_shape_entropy_365d,formation_shape_entropy_365d,0.24849288459707222
strict_meaningful_stay_24m,C1_combined_manager_tactical,origin_2021,event,formation_shape_change_rate_365d,formation_shape_change_rate_365d,0.12098262646960709
strict_meaningful_stay_24m,C1_combined_manager_tactical,origin_2021,event,dominant_formation_shape_share_365d,dominant_formation_shape_share_365d,0.24124043930453662
strict_meaningful_stay_24m,C1_combined_manager_tactical,origin_2021,event,current_formation_shape_spell_share_365d,current_formation_shape_spell_share_365d,0.009101026793502453
strict_meaningful_stay_24m,C1_combined_manager_tactical,origin_2021,event,formation_distribution_shift_recent_vs_prior,formation_distribution_shift_recent_vs_prior,-0.03643861714115289
strict_meaningful_stay_24m,C1_combined_manager_tactical,origin_2021,event,current_manager_player_selection_rate,current_manager_player_selection_rate,-0.1715090720988549
strict_meaningful_stay_24m,C1_combined_manager_tactical,origin_2021,event,current_manager_player_start_rate,current_manager_player_start_rate,0.03751514910587337
strict_meaningful_stay_24m,C1_combined_manager_tactical,origin_2021,event,current_manager_player_opportunity_share,current_manager_player_opportunity_share,0.2647476285392362
strict_meaningful_stay_24m,C1_combined_manager_tactical,origin_2021,event,current_manager_player_captain_rate,current_manager_player_captain_rate,0.13291436170175003
strict_meaningful_stay_24m,C1_combined_manager_tactical,origin_2021,event,manager_transition_observed_365d,manager_transition_observed_365d,0.22209715098191055
strict_meaningful_stay_24m,C1_combined_manager_tactical,origin_2021,event,days_since_manager_transition_scaled_365d,days_since_manager_transition_scaled_365d,-0.06752927456595996
strict_meaningful_stay_24m,C1_combined_manager_tactical,origin_2021,event,player_selection_rate_change_post_vs_pre_manager,player_selection_rate_change_post_vs_pre_manager,-0.060832722955232614
strict_meaningful_stay_24m,C1_combined_manager_tactical,origin_2021,event,player_start_rate_change_post_vs_pre_manager,player_start_rate_change_post_vs_pre_manager,-0.030352951035178346
strict_meaningful_stay_24m,C1_combined_manager_tactical,origin_2021,event,player_opportunity_share_change_post_vs_pre_manager,player_opportunity_share_change_post_vs_pre_manager,0.19297424360115342
strict_meaningful_stay_24m,C1_combined_manager_tactical,origin_2022,event,manager_unique_count_365d_log1p,manager_unique_count_365d_log1p,-0.09471072666154191
strict_meaningful_stay_24m,C1_combined_manager_tactical,origin_2022,event,manager_change_count_365d_log1p,manager_change_count_365d_log1p,-0.18123949646354998
strict_meaningful_stay_24m,C1_combined_manager_tactical,origin_2022,event,current_manager_observed_match_share_365d,current_manager_observed_match_share_365d,-0.003793411935566979
strict_meaningful_stay_24m,C1_combined_manager_tactical,origin_2022,event,current_manager_spell_games_365d_log1p,current_manager_spell_games_365d_log1p,0.26578038278812494
strict_meaningful_stay_24m,C1_combined_manager_tactical,origin_2022,event,current_manager_spell_days_scaled_365d,current_manager_spell_days_scaled_365d,-0.14366118371328865
strict_meaningful_stay_24m,C1_combined_manager_tactical,origin_2022,event,manager_change_within_90d,manager_change_within_90d,0.22432221577928219
strict_meaningful_stay_24m,C1_combined_manager_tactical,origin_2022,event,formation_unique_shape_count_365d_log1p,formation_unique_shape_count_365d_log1p,0.04516004595514972
strict_meaningful_stay_24m,C1_combined_manager_tactical,origin_2022,event,formation_shape_entropy_365d,formation_shape_entropy_365d,0.19989771713770602
strict_meaningful_stay_24m,C1_combined_manager_tactical,origin_2022,event,formation_shape_change_rate_365d,formation_shape_change_rate_365d,0.0516323531862792
strict_meaningful_stay_24m,C1_combined_manager_tactical,origin_2022,event,dominant_formation_shape_share_365d,dominant_formation_shape_share_365d,0.23000183493054555
strict_meaningful_stay_24m,C1_combined_manager_tactical,origin_2022,event,current_formation_shape_spell_share_365d,current_formation_shape_spell_share_365d,-0.06081647898626298
strict_meaningful_stay_24m,C1_combined_manager_tactical,origin_2022,event,formation_distribution_shift_recent_vs_prior,formation_distribution_shift_recent_vs_prior,-0.005661402297001824
strict_meaningful_stay_24m,C1_combined_manager_tactical,origin_2022,event,current_manager_player_selection_rate,current_manager_player_selection_rate,-0.12688677420850375
strict_meaningful_stay_24m,C1_combined_manager_tactical,origin_2022,event,current_manager_player_start_rate,current_manager_player_start_rate,0.13328794152940568
strict_meaningful_stay_24m,C1_combined_manager_tactical,origin_2022,event,current_manager_player_opportunity_share,current_manager_player_opportunity_share,0.34728338409144166
strict_meaningful_stay_24m,C1_combined_manager_tactical,origin_2022,event,current_manager_player_captain_rate,current_manager_player_captain_rate,0.09469477902384295
strict_meaningful_stay_24m,C1_combined_manager_tactical,origin_2022,event,manager_transition_observed_365d,manager_transition_observed_365d,0.1869264746432169
strict_meaningful_stay_24m,C1_combined_manager_tactical,origin_2022,event,days_since_manager_transition_scaled_365d,days_since_manager_transition_scaled_365d,0.012269649165047422
strict_meaningful_stay_24m,C1_combined_manager_tactical,origin_2022,event,player_selection_rate_change_post_vs_pre_manager,player_selection_rate_change_post_vs_pre_manager,-0.0653715857633597
strict_meaningful_stay_24m,C1_combined_manager_tactical,origin_2022,event,player_start_rate_change_post_vs_pre_manager,player_start_rate_change_post_vs_pre_manager,-0.05646216612703275
strict_meaningful_stay_24m,C1_combined_manager_tactical,origin_2022,event,player_opportunity_share_change_post_vs_pre_manager,player_opportunity_share_change_post_vs_pre_manager,0.15057852010807302
strict_meaningful_stay_24m,C1_combined_manager_tactical,origin_2023,event,manager_unique_count_365d_log1p,manager_unique_count_365d_log1p,-0.03740501070089523
strict_meaningful_stay_24m,C1_combined_manager_tactical,origin_2023,event,manager_change_count_365d_log1p,manager_change_count_365d_log1p,-0.050964113498077966
strict_meaningful_stay_24m,C1_combined_manager_tactical,origin_2023,event,current_manager_observed_match_share_365d,current_manager_observed_match_share_365d,0.007597209691876068
strict_meaningful_stay_24m,C1_combined_manager_tactical,origin_2023,event,current_manager_spell_games_365d_log1p,current_manager_spell_games_365d_log1p,0.08209053291000798
strict_meaningful_stay_24m,C1_combined_manager_tactical,origin_2023,event,current_manager_spell_days_scaled_365d,current_manager_spell_days_scaled_365d,-0.03291009704031781
strict_meaningful_stay_24m,C1_combined_manager_tactical,origin_2023,event,manager_change_within_90d,manager_change_within_90d,0.06692974735835448
strict_meaningful_stay_24m,C1_combined_manager_tactical,origin_2023,event,formation_unique_shape_count_365d_log1p,formation_unique_shape_count_365d_log1p,0.024580469716982
strict_meaningful_stay_24m,C1_combined_manager_tactical,origin_2023,event,formation_shape_entropy_365d,formation_shape_entropy_365d,0.019888042424397172
strict_meaningful_stay_24m,C1_combined_manager_tactical,origin_2023,event,formation_shape_change_rate_365d,formation_shape_change_rate_365d,0.008249904979393635
strict_meaningful_stay_24m,C1_combined_manager_tactical,origin_2023,event,dominant_formation_shape_share_365d,dominant_formation_shape_share_365d,0.05040387555465066
strict_meaningful_stay_24m,C1_combined_manager_tactical,origin_2023,event,current_formation_shape_spell_share_365d,current_formation_shape_spell_share_365d,-0.07255564345706476
strict_meaningful_stay_24m,C1_combined_manager_tactical,origin_2023,event,formation_distribution_shift_recent_vs_prior,formation_distribution_shift_recent_vs_prior,-0.0026583469626419746
strict_meaningful_stay_24m,C1_combined_manager_tactical,origin_2023,event,current_manager_player_selection_rate,current_manager_player_selection_rate,0.007393332593045719
strict_meaningful_stay_24m,C1_combined_manager_tactical,origin_2023,event,current_manager_player_start_rate,current_manager_player_start_rate,0.17807395381039973
strict_meaningful_stay_24m,C1_combined_manager_tactical,origin_2023,event,current_manager_player_opportunity_share,current_manager_player_opportunity_share,0.21292620322849176
strict_meaningful_stay_24m,C1_combined_manager_tactical,origin_2023,event,current_manager_player_captain_rate,current_manager_player_captain_rate,0.0450680965589127
strict_meaningful_stay_24m,C1_combined_manager_tactical,origin_2023,event,manager_transition_observed_365d,manager_transition_observed_365d,0.018429616408923793
strict_meaningful_stay_24m,C1_combined_manager_tactical,origin_2023,event,days_since_manager_transition_scaled_365d,days_since_manager_transition_scaled_365d,-0.00661193164339888
strict_meaningful_stay_24m,C1_combined_manager_tactical,origin_2023,event,player_selection_rate_change_post_vs_pre_manager,player_selection_rate_change_post_vs_pre_manager,-0.02706994824652442
strict_meaningful_stay_24m,C1_combined_manager_tactical,origin_2023,event,player_start_rate_change_post_vs_pre_manager,player_start_rate_change_post_vs_pre_manager,-0.010816948834424186
strict_meaningful_stay_24m,C1_combined_manager_tactical,origin_2023,event,player_opportunity_share_change_post_vs_pre_manager,player_opportunity_share_change_post_vs_pre_manager,0.01893264081453188
movement_state_3,M1_manager_stability,origin_2020,no_outbound_24m,manager_unique_count_365d_log1p,manager_unique_count_365d_log1p,0.06471617633012074
movement_state_3,M1_manager_stability,origin_2020,no_outbound_24m,manager_change_count_365d_log1p,manager_change_count_365d_log1p,0.04724619797947016
movement_state_3,M1_manager_stability,origin_2020,no_outbound_24m,current_manager_observed_match_share_365d,current_manager_observed_match_share_365d,-0.022045784774044248
movement_state_3,M1_manager_stability,origin_2020,no_outbound_24m,current_manager_spell_games_365d_log1p,current_manager_spell_games_365d_log1p,0.07333899478404618
movement_state_3,M1_manager_stability,origin_2020,no_outbound_24m,current_manager_spell_days_scaled_365d,current_manager_spell_days_scaled_365d,0.0021440971079224923
movement_state_3,M1_manager_stability,origin_2020,no_outbound_24m,manager_change_within_90d,manager_change_within_90d,-0.035146645185114934
movement_state_3,M1_manager_stability,origin_2020,permanent_first_24m,manager_unique_count_365d_log1p,manager_unique_count_365d_log1p,-0.05909956853908007
movement_state_3,M1_manager_stability,origin_2020,permanent_first_24m,manager_change_count_365d_log1p,manager_change_count_365d_log1p,-0.03495106380496004
movement_state_3,M1_manager_stability,origin_2020,permanent_first_24m,current_manager_observed_match_share_365d,current_manager_observed_match_share_365d,0.012818978544350624
movement_state_3,M1_manager_stability,origin_2020,permanent_first_24m,current_manager_spell_games_365d_log1p,current_manager_spell_games_365d_log1p,-0.006288565725831835
movement_state_3,M1_manager_stability,origin_2020,permanent_first_24m,current_manager_spell_days_scaled_365d,current_manager_spell_days_scaled_365d,0.0033992636552327414
movement_state_3,M1_manager_stability,origin_2020,permanent_first_24m,manager_change_within_90d,manager_change_within_90d,0.05229201167204114
movement_state_3,M1_manager_stability,origin_2020,temporary_first_24m,manager_unique_count_365d_log1p,manager_unique_count_365d_log1p,-0.005616607791040658
movement_state_3,M1_manager_stability,origin_2020,temporary_first_24m,manager_change_count_365d_log1p,manager_change_count_365d_log1p,-0.012295134174510112
movement_state_3,M1_manager_stability,origin_2020,temporary_first_24m,current_manager_observed_match_share_365d,current_manager_observed_match_share_365d,0.009226806229693598
movement_state_3,M1_manager_stability,origin_2020,temporary_first_24m,current_manager_spell_games_365d_log1p,current_manager_spell_games_365d_log1p,-0.06705042905821436
movement_state_3,M1_manager_stability,origin_2020,temporary_first_24m,current_manager_spell_days_scaled_365d,current_manager_spell_days_scaled_365d,-0.0055433607631552384
movement_state_3,M1_manager_stability,origin_2020,temporary_first_24m,manager_change_within_90d,manager_change_within_90d,-0.017145366486926262
movement_state_3,M1_manager_stability,origin_2021,no_outbound_24m,manager_unique_count_365d_log1p,manager_unique_count_365d_log1p,0.22266436395474296
movement_state_3,M1_manager_stability,origin_2021,no_outbound_24m,manager_change_count_365d_log1p,manager_change_count_365d_log1p,-0.30154990836908024
movement_state_3,M1_manager_stability,origin_2021,no_outbound_24m,current_manager_observed_match_share_365d,current_manager_observed_match_share_365d,-0.2621216582832349
movement_state_3,M1_manager_stability,origin_2021,no_outbound_24m,current_manager_spell_games_365d_log1p,current_manager_spell_games_365d_log1p,0.4783864420542552
movement_state_3,M1_manager_stability,origin_2021,no_outbound_24m,current_manager_spell_days_scaled_365d,current_manager_spell_days_scaled_365d,-0.2543231753366295
movement_state_3,M1_manager_stability,origin_2021,no_outbound_24m,manager_change_within_90d,manager_change_within_90d,0.021840414133993062
movement_state_3,M1_manager_stability,origin_2021,permanent_first_24m,manager_unique_count_365d_log1p,manager_unique_count_365d_log1p,-0.4038895850391151
movement_state_3,M1_manager_stability,origin_2021,permanent_first_24m,manager_change_count_365d_log1p,manager_change_count_365d_log1p,0.2796656272758935
movement_state_3,M1_manager_stability,origin_2021,permanent_first_24m,current_manager_observed_match_share_365d,current_manager_observed_match_share_365d,-0.1303708893985222
movement_state_3,M1_manager_stability,origin_2021,permanent_first_24m,current_manager_spell_games_365d_log1p,current_manager_spell_games_365d_log1p,-0.054621400798121396
movement_state_3,M1_manager_stability,origin_2021,permanent_first_24m,current_manager_spell_days_scaled_365d,current_manager_spell_days_scaled_365d,0.051527937276896175
movement_state_3,M1_manager_stability,origin_2021,permanent_first_24m,manager_change_within_90d,manager_change_within_90d,-0.08183607917448923
movement_state_3,M1_manager_stability,origin_2021,temporary_first_24m,manager_unique_count_365d_log1p,manager_unique_count_365d_log1p,0.1812252210843713
movement_state_3,M1_manager_stability,origin_2021,temporary_first_24m,manager_change_count_365d_log1p,manager_change_count_365d_log1p,0.021884281093189413
movement_state_3,M1_manager_stability,origin_2021,temporary_first_24m,current_manager_observed_match_share_365d,current_manager_observed_match_share_365d,0.392492547681754
movement_state_3,M1_manager_stability,origin_2021,temporary_first_24m,current_manager_spell_games_365d_log1p,current_manager_spell_games_365d_log1p,-0.4237650412561338
movement_state_3,M1_manager_stability,origin_2021,temporary_first_24m,current_manager_spell_days_scaled_365d,current_manager_spell_days_scaled_365d,0.20279523805973163
movement_state_3,M1_manager_stability,origin_2021,temporary_first_24m,manager_change_within_90d,manager_change_within_90d,0.05999566504049681
movement_state_3,M1_manager_stability,origin_2022,no_outbound_24m,manager_unique_count_365d_log1p,manager_unique_count_365d_log1p,0.036962811710535524
movement_state_3,M1_manager_stability,origin_2022,no_outbound_24m,manager_change_count_365d_log1p,manager_change_count_365d_log1p,-0.019073400741968612
movement_state_3,M1_manager_stability,origin_2022,no_outbound_24m,current_manager_observed_match_share_365d,current_manager_observed_match_share_365d,-0.04900571685151079
movement_state_3,M1_manager_stability,origin_2022,no_outbound_24m,current_manager_spell_games_365d_log1p,current_manager_spell_games_365d_log1p,0.11130676860290642
movement_state_3,M1_manager_stability,origin_2022,no_outbound_24m,current_manager_spell_days_scaled_365d,current_manager_spell_days_scaled_365d,-0.0014044487228146456
movement_state_3,M1_manager_stability,origin_2022,no_outbound_24m,manager_change_within_90d,manager_change_within_90d,0.04590477333282956
movement_state_3,M1_manager_stability,origin_2022,permanent_first_24m,manager_unique_count_365d_log1p,manager_unique_count_365d_log1p,-0.03175213887536815
movement_state_3,M1_manager_stability,origin_2022,permanent_first_24m,manager_change_count_365d_log1p,manager_change_count_365d_log1p,-0.0010527609467692338
movement_state_3,M1_manager_stability,origin_2022,permanent_first_24m,current_manager_observed_match_share_365d,current_manager_observed_match_share_365d,-0.01851453427523772
movement_state_3,M1_manager_stability,origin_2022,permanent_first_24m,current_manager_spell_games_365d_log1p,current_manager_spell_games_365d_log1p,-0.06948197933249534
movement_state_3,M1_manager_stability,origin_2022,permanent_first_24m,current_manager_spell_days_scaled_365d,current_manager_spell_days_scaled_365d,0.01640189896295349
movement_state_3,M1_manager_stability,origin_2022,permanent_first_24m,manager_change_within_90d,manager_change_within_90d,-0.03726231806468911
movement_state_3,M1_manager_stability,origin_2022,temporary_first_24m,manager_unique_count_365d_log1p,manager_unique_count_365d_log1p,-0.005210672835167335
movement_state_3,M1_manager_stability,origin_2022,temporary_first_24m,manager_change_count_365d_log1p,manager_change_count_365d_log1p,0.020126161688738
movement_state_3,M1_manager_stability,origin_2022,temporary_first_24m,current_manager_observed_match_share_365d,current_manager_observed_match_share_365d,0.06752025112674853
movement_state_3,M1_manager_stability,origin_2022,temporary_first_24m,current_manager_spell_games_365d_log1p,current_manager_spell_games_365d_log1p,-0.0418247892704111
movement_state_3,M1_manager_stability,origin_2022,temporary_first_24m,current_manager_spell_days_scaled_365d,current_manager_spell_days_scaled_365d,-0.014997450240138939
movement_state_3,M1_manager_stability,origin_2022,temporary_first_24m,manager_change_within_90d,manager_change_within_90d,-0.00864245526814048
movement_state_3,M1_manager_stability,origin_2023,no_outbound_24m,manager_unique_count_365d_log1p,manager_unique_count_365d_log1p,0.003749733059527706
movement_state_3,M1_manager_stability,origin_2023,no_outbound_24m,manager_change_count_365d_log1p,manager_change_count_365d_log1p,-0.03710672152171462
movement_state_3,M1_manager_stability,origin_2023,no_outbound_24m,current_manager_observed_match_share_365d,current_manager_observed_match_share_365d,-0.03844688437296024
movement_state_3,M1_manager_stability,origin_2023,no_outbound_24m,current_manager_spell_games_365d_log1p,current_manager_spell_games_365d_log1p,0.08075897368851945
movement_state_3,M1_manager_stability,origin_2023,no_outbound_24m,current_manager_spell_days_scaled_365d,current_manager_spell_days_scaled_365d,-0.012544724840337598
movement_state_3,M1_manager_stability,origin_2023,no_outbound_24m,manager_change_within_90d,manager_change_within_90d,0.023033880212752295
movement_state_3,M1_manager_stability,origin_2023,permanent_first_24m,manager_unique_count_365d_log1p,manager_unique_count_365d_log1p,0.0027259874206864345
movement_state_3,M1_manager_stability,origin_2023,permanent_first_24m,manager_change_count_365d_log1p,manager_change_count_365d_log1p,0.014226434380728868
movement_state_3,M1_manager_stability,origin_2023,permanent_first_24m,current_manager_observed_match_share_365d,current_manager_observed_match_share_365d,-0.01613900033268178
movement_state_3,M1_manager_stability,origin_2023,permanent_first_24m,current_manager_spell_games_365d_log1p,current_manager_spell_games_365d_log1p,-0.050765738887433846
movement_state_3,M1_manager_stability,origin_2023,permanent_first_24m,current_manager_spell_days_scaled_365d,current_manager_spell_days_scaled_365d,0.034278730345854894
movement_state_3,M1_manager_stability,origin_2023,permanent_first_24m,manager_change_within_90d,manager_change_within_90d,-0.03839243834043092
movement_state_3,M1_manager_stability,origin_2023,temporary_first_24m,manager_unique_count_365d_log1p,manager_unique_count_365d_log1p,-0.006475720480214179
movement_state_3,M1_manager_stability,origin_2023,temporary_first_24m,manager_change_count_365d_log1p,manager_change_count_365d_log1p,0.02288028714098591
movement_state_3,M1_manager_stability,origin_2023,temporary_first_24m,current_manager_observed_match_share_365d,current_manager_observed_match_share_365d,0.054585884705642
movement_state_3,M1_manager_stability,origin_2023,temporary_first_24m,current_manager_spell_games_365d_log1p,current_manager_spell_games_365d_log1p,-0.029993234801085632
movement_state_3,M1_manager_stability,origin_2023,temporary_first_24m,current_manager_spell_days_scaled_365d,current_manager_spell_days_scaled_365d,-0.021734005505517313
movement_state_3,M1_manager_stability,origin_2023,temporary_first_24m,manager_change_within_90d,manager_change_within_90d,0.015358558127678617
movement_state_3,T1_formation_tactical_stability,origin_2020,no_outbound_24m,formation_unique_shape_count_365d_log1p,formation_unique_shape_count_365d_log1p,0.015457640723369886
movement_state_3,T1_formation_tactical_stability,origin_2020,no_outbound_24m,formation_shape_entropy_365d,formation_shape_entropy_365d,0.03605367588443558
movement_state_3,T1_formation_tactical_stability,origin_2020,no_outbound_24m,formation_shape_change_rate_365d,formation_shape_change_rate_365d,0.05337493007198173
movement_state_3,T1_formation_tactical_stability,origin_2020,no_outbound_24m,dominant_formation_shape_share_365d,dominant_formation_shape_share_365d,-0.006339722511796345
movement_state_3,T1_formation_tactical_stability,origin_2020,no_outbound_24m,current_formation_shape_spell_share_365d,current_formation_shape_spell_share_365d,0.018873178301794327
movement_state_3,T1_formation_tactical_stability,origin_2020,no_outbound_24m,formation_distribution_shift_recent_vs_prior,formation_distribution_shift_recent_vs_prior,0.010093422550110418
movement_state_3,T1_formation_tactical_stability,origin_2020,permanent_first_24m,formation_unique_shape_count_365d_log1p,formation_unique_shape_count_365d_log1p,0.002662292106718343
movement_state_3,T1_formation_tactical_stability,origin_2020,permanent_first_24m,formation_shape_entropy_365d,formation_shape_entropy_365d,-0.04811696741172267
movement_state_3,T1_formation_tactical_stability,origin_2020,permanent_first_24m,formation_shape_change_rate_365d,formation_shape_change_rate_365d,-0.011018434817171222
movement_state_3,T1_formation_tactical_stability,origin_2020,permanent_first_24m,dominant_formation_shape_share_365d,dominant_formation_shape_share_365d,0.007092125405210602
movement_state_3,T1_formation_tactical_stability,origin_2020,permanent_first_24m,current_formation_shape_spell_share_365d,current_formation_shape_spell_share_365d,0.03672745405045148
movement_state_3,T1_formation_tactical_stability,origin_2020,permanent_first_24m,formation_distribution_shift_recent_vs_prior,formation_distribution_shift_recent_vs_prior,-0.04987790934676025
movement_state_3,T1_formation_tactical_stability,origin_2020,temporary_first_24m,formation_unique_shape_count_365d_log1p,formation_unique_shape_count_365d_log1p,-0.01811993283008821
movement_state_3,T1_formation_tactical_stability,origin_2020,temporary_first_24m,formation_shape_entropy_365d,formation_shape_entropy_365d,0.012063291527287094
movement_state_3,T1_formation_tactical_stability,origin_2020,temporary_first_24m,formation_shape_change_rate_365d,formation_shape_change_rate_365d,-0.04235649525481045
movement_state_3,T1_formation_tactical_stability,origin_2020,temporary_first_24m,dominant_formation_shape_share_365d,dominant_formation_shape_share_365d,-0.0007524028934142139
movement_state_3,T1_formation_tactical_stability,origin_2020,temporary_first_24m,current_formation_shape_spell_share_365d,current_formation_shape_spell_share_365d,-0.055600632352245785
movement_state_3,T1_formation_tactical_stability,origin_2020,temporary_first_24m,formation_distribution_shift_recent_vs_prior,formation_distribution_shift_recent_vs_prior,0.039784486796649816
movement_state_3,T1_formation_tactical_stability,origin_2021,no_outbound_24m,formation_unique_shape_count_365d_log1p,formation_unique_shape_count_365d_log1p,0.04616062064272629
movement_state_3,T1_formation_tactical_stability,origin_2021,no_outbound_24m,formation_shape_entropy_365d,formation_shape_entropy_365d,0.1980502078563767
movement_state_3,T1_formation_tactical_stability,origin_2021,no_outbound_24m,formation_shape_change_rate_365d,formation_shape_change_rate_365d,0.018422409932884663
movement_state_3,T1_formation_tactical_stability,origin_2021,no_outbound_24m,dominant_formation_shape_share_365d,dominant_formation_shape_share_365d,0.08298878111434103
movement_state_3,T1_formation_tactical_stability,origin_2021,no_outbound_24m,current_formation_shape_spell_share_365d,current_formation_shape_spell_share_365d,0.06435787976061393
movement_state_3,T1_formation_tactical_stability,origin_2021,no_outbound_24m,formation_distribution_shift_recent_vs_prior,formation_distribution_shift_recent_vs_prior,-0.07628908712481343
movement_state_3,T1_formation_tactical_stability,origin_2021,permanent_first_24m,formation_unique_shape_count_365d_log1p,formation_unique_shape_count_365d_log1p,-0.04471377575188585
movement_state_3,T1_formation_tactical_stability,origin_2021,permanent_first_24m,formation_shape_entropy_365d,formation_shape_entropy_365d,-0.0842055714438181
movement_state_3,T1_formation_tactical_stability,origin_2021,permanent_first_24m,formation_shape_change_rate_365d,formation_shape_change_rate_365d,-0.00021050494558260568
movement_state_3,T1_formation_tactical_stability,origin_2021,permanent_first_24m,dominant_formation_shape_share_365d,dominant_formation_shape_share_365d,-0.051369613672257786
movement_state_3,T1_formation_tactical_stability,origin_2021,permanent_first_24m,current_formation_shape_spell_share_365d,current_formation_shape_spell_share_365d,0.021834021591795396
movement_state_3,T1_formation_tactical_stability,origin_2021,permanent_first_24m,formation_distribution_shift_recent_vs_prior,formation_distribution_shift_recent_vs_prior,-0.03298769016666794
movement_state_3,T1_formation_tactical_stability,origin_2021,temporary_first_24m,formation_unique_shape_count_365d_log1p,formation_unique_shape_count_365d_log1p,-0.0014468448908405694
movement_state_3,T1_formation_tactical_stability,origin_2021,temporary_first_24m,formation_shape_entropy_365d,formation_shape_entropy_365d,-0.11384463641255882
movement_state_3,T1_formation_tactical_stability,origin_2021,temporary_first_24m,formation_shape_change_rate_365d,formation_shape_change_rate_365d,-0.01821190498730313
movement_state_3,T1_formation_tactical_stability,origin_2021,temporary_first_24m,dominant_formation_shape_share_365d,dominant_formation_shape_share_365d,-0.031619167442083256
movement_state_3,T1_formation_tactical_stability,origin_2021,temporary_first_24m,current_formation_shape_spell_share_365d,current_formation_shape_spell_share_365d,-0.08619190135240941
movement_state_3,T1_formation_tactical_stability,origin_2021,temporary_first_24m,formation_distribution_shift_recent_vs_prior,formation_distribution_shift_recent_vs_prior,0.10927677729148101
movement_state_3,T1_formation_tactical_stability,origin_2022,no_outbound_24m,formation_unique_shape_count_365d_log1p,formation_unique_shape_count_365d_log1p,0.023396315797682747
movement_state_3,T1_formation_tactical_stability,origin_2022,no_outbound_24m,formation_shape_entropy_365d,formation_shape_entropy_365d,0.03433345413112249
movement_state_3,T1_formation_tactical_stability,origin_2022,no_outbound_24m,formation_shape_change_rate_365d,formation_shape_change_rate_365d,0.01453999816858634
movement_state_3,T1_formation_tactical_stability,origin_2022,no_outbound_24m,dominant_formation_shape_share_365d,dominant_formation_shape_share_365d,-0.00904525403431049
movement_state_3,T1_formation_tactical_stability,origin_2022,no_outbound_24m,current_formation_shape_spell_share_365d,current_formation_shape_spell_share_365d,-0.01760878266830761
movement_state_3,T1_formation_tactical_stability,origin_2022,no_outbound_24m,formation_distribution_shift_recent_vs_prior,formation_distribution_shift_recent_vs_prior,-0.027391483394274784
movement_state_3,T1_formation_tactical_stability,origin_2022,permanent_first_24m,formation_unique_shape_count_365d_log1p,formation_unique_shape_count_365d_log1p,-0.010827117250269244
movement_state_3,T1_formation_tactical_stability,origin_2022,permanent_first_24m,formation_shape_entropy_365d,formation_shape_entropy_365d,-0.009887637477086972
movement_state_3,T1_formation_tactical_stability,origin_2022,permanent_first_24m,formation_shape_change_rate_365d,formation_shape_change_rate_365d,-0.023234173923671622
movement_state_3,T1_formation_tactical_stability,origin_2022,permanent_first_24m,dominant_formation_shape_share_365d,dominant_formation_shape_share_365d,0.0006562548837482955
movement_state_3,T1_formation_tactical_stability,origin_2022,permanent_first_24m,current_formation_shape_spell_share_365d,current_formation_shape_spell_share_365d,0.039485681997456244
movement_state_3,T1_formation_tactical_stability,origin_2022,permanent_first_24m,formation_distribution_shift_recent_vs_prior,formation_distribution_shift_recent_vs_prior,-0.007431944370072693
movement_state_3,T1_formation_tactical_stability,origin_2022,temporary_first_24m,formation_unique_shape_count_365d_log1p,formation_unique_shape_count_365d_log1p,-0.012569198547413474
movement_state_3,T1_formation_tactical_stability,origin_2022,temporary_first_24m,formation_shape_entropy_365d,formation_shape_entropy_365d,-0.02444581665403552
movement_state_3,T1_formation_tactical_stability,origin_2022,temporary_first_24m,formation_shape_change_rate_365d,formation_shape_change_rate_365d,0.00869417575508538
movement_state_3,T1_formation_tactical_stability,origin_2022,temporary_first_24m,dominant_formation_shape_share_365d,dominant_formation_shape_share_365d,0.008388999150562182
movement_state_3,T1_formation_tactical_stability,origin_2022,temporary_first_24m,current_formation_shape_spell_share_365d,current_formation_shape_spell_share_365d,-0.021876899329148606
movement_state_3,T1_formation_tactical_stability,origin_2022,temporary_first_24m,formation_distribution_shift_recent_vs_prior,formation_distribution_shift_recent_vs_prior,0.03482342776434748
movement_state_3,T1_formation_tactical_stability,origin_2023,no_outbound_24m,formation_unique_shape_count_365d_log1p,formation_unique_shape_count_365d_log1p,0.004664160361249893
movement_state_3,T1_formation_tactical_stability,origin_2023,no_outbound_24m,formation_shape_entropy_365d,formation_shape_entropy_365d,0.014298637822635294
movement_state_3,T1_formation_tactical_stability,origin_2023,no_outbound_24m,formation_shape_change_rate_365d,formation_shape_change_rate_365d,0.021503766439502903
movement_state_3,T1_formation_tactical_stability,origin_2023,no_outbound_24m,dominant_formation_shape_share_365d,dominant_formation_shape_share_365d,0.017264891185026502
movement_state_3,T1_formation_tactical_stability,origin_2023,no_outbound_24m,current_formation_shape_spell_share_365d,current_formation_shape_spell_share_365d,-0.029652779533090975
movement_state_3,T1_formation_tactical_stability,origin_2023,no_outbound_24m,formation_distribution_shift_recent_vs_prior,formation_distribution_shift_recent_vs_prior,-0.005029184379242894
movement_state_3,T1_formation_tactical_stability,origin_2023,permanent_first_24m,formation_unique_shape_count_365d_log1p,formation_unique_shape_count_365d_log1p,0.008468285082494111
movement_state_3,T1_formation_tactical_stability,origin_2023,permanent_first_24m,formation_shape_entropy_365d,formation_shape_entropy_365d,0.018774856705945277
movement_state_3,T1_formation_tactical_stability,origin_2023,permanent_first_24m,formation_shape_change_rate_365d,formation_shape_change_rate_365d,-0.011593409311785392
movement_state_3,T1_formation_tactical_stability,origin_2023,permanent_first_24m,dominant_formation_shape_share_365d,dominant_formation_shape_share_365d,-0.02895907904513996
movement_state_3,T1_formation_tactical_stability,origin_2023,permanent_first_24m,current_formation_shape_spell_share_365d,current_formation_shape_spell_share_365d,0.08225740325114692
movement_state_3,T1_formation_tactical_stability,origin_2023,permanent_first_24m,formation_distribution_shift_recent_vs_prior,formation_distribution_shift_recent_vs_prior,-0.007504964930595907
movement_state_3,T1_formation_tactical_stability,origin_2023,temporary_first_24m,formation_unique_shape_count_365d_log1p,formation_unique_shape_count_365d_log1p,-0.013132445443744032
movement_state_3,T1_formation_tactical_stability,origin_2023,temporary_first_24m,formation_shape_entropy_365d,formation_shape_entropy_365d,-0.03307349452858056
movement_state_3,T1_formation_tactical_stability,origin_2023,temporary_first_24m,formation_shape_change_rate_365d,formation_shape_change_rate_365d,-0.009910357127717491
movement_state_3,T1_formation_tactical_stability,origin_2023,temporary_first_24m,dominant_formation_shape_share_365d,dominant_formation_shape_share_365d,0.011694187860113404
movement_state_3,T1_formation_tactical_stability,origin_2023,temporary_first_24m,current_formation_shape_spell_share_365d,current_formation_shape_spell_share_365d,-0.05260462371805602
movement_state_3,T1_formation_tactical_stability,origin_2023,temporary_first_24m,formation_distribution_shift_recent_vs_prior,formation_distribution_shift_recent_vs_prior,0.012534149309838701
movement_state_3,M2_player_under_current_manager,origin_2020,no_outbound_24m,current_manager_player_selection_rate,current_manager_player_selection_rate,0.0225915099886418
movement_state_3,M2_player_under_current_manager,origin_2020,no_outbound_24m,current_manager_player_start_rate,current_manager_player_start_rate,0.049061340854315565
movement_state_3,M2_player_under_current_manager,origin_2020,no_outbound_24m,current_manager_player_opportunity_share,current_manager_player_opportunity_share,0.06511893030856604
movement_state_3,M2_player_under_current_manager,origin_2020,no_outbound_24m,current_manager_player_captain_rate,current_manager_player_captain_rate,0.09021730493521457
movement_state_3,M2_player_under_current_manager,origin_2020,permanent_first_24m,current_manager_player_selection_rate,current_manager_player_selection_rate,0.023166762471917624
movement_state_3,M2_player_under_current_manager,origin_2020,permanent_first_24m,current_manager_player_start_rate,current_manager_player_start_rate,-0.0032160020872849596
movement_state_3,M2_player_under_current_manager,origin_2020,permanent_first_24m,current_manager_player_opportunity_share,current_manager_player_opportunity_share,0.003579132616804314
movement_state_3,M2_player_under_current_manager,origin_2020,permanent_first_24m,current_manager_player_captain_rate,current_manager_player_captain_rate,-0.03578743887288783
movement_state_3,M2_player_under_current_manager,origin_2020,temporary_first_24m,current_manager_player_selection_rate,current_manager_player_selection_rate,-0.04575827246055951
movement_state_3,M2_player_under_current_manager,origin_2020,temporary_first_24m,current_manager_player_start_rate,current_manager_player_start_rate,-0.045845338767030626
movement_state_3,M2_player_under_current_manager,origin_2020,temporary_first_24m,current_manager_player_opportunity_share,current_manager_player_opportunity_share,-0.06869806292537035
movement_state_3,M2_player_under_current_manager,origin_2020,temporary_first_24m,current_manager_player_captain_rate,current_manager_player_captain_rate,-0.054429866062326665
movement_state_3,M2_player_under_current_manager,origin_2021,no_outbound_24m,current_manager_player_selection_rate,current_manager_player_selection_rate,-0.05331041933501139
movement_state_3,M2_player_under_current_manager,origin_2021,no_outbound_24m,current_manager_player_start_rate,current_manager_player_start_rate,0.12759607371995085
movement_state_3,M2_player_under_current_manager,origin_2021,no_outbound_24m,current_manager_player_opportunity_share,current_manager_player_opportunity_share,0.18041611030767274
movement_state_3,M2_player_under_current_manager,origin_2021,no_outbound_24m,current_manager_player_captain_rate,current_manager_player_captain_rate,0.07997243535911625
movement_state_3,M2_player_under_current_manager,origin_2021,permanent_first_24m,current_manager_player_selection_rate,current_manager_player_selection_rate,0.011958266786804778
movement_state_3,M2_player_under_current_manager,origin_2021,permanent_first_24m,current_manager_player_start_rate,current_manager_player_start_rate,-0.12378869227038895
movement_state_3,M2_player_under_current_manager,origin_2021,permanent_first_24m,current_manager_player_opportunity_share,current_manager_player_opportunity_share,-0.06862750701093859
movement_state_3,M2_player_under_current_manager,origin_2021,permanent_first_24m,current_manager_player_captain_rate,current_manager_player_captain_rate,-0.06422751760969844
movement_state_3,M2_player_under_current_manager,origin_2021,temporary_first_24m,current_manager_player_selection_rate,current_manager_player_selection_rate,0.041352152548207
movement_state_3,M2_player_under_current_manager,origin_2021,temporary_first_24m,current_manager_player_start_rate,current_manager_player_start_rate,-0.0038073814495620823
movement_state_3,M2_player_under_current_manager,origin_2021,temporary_first_24m,current_manager_player_opportunity_share,current_manager_player_opportunity_share,-0.11178860329673532
movement_state_3,M2_player_under_current_manager,origin_2021,temporary_first_24m,current_manager_player_captain_rate,current_manager_player_captain_rate,-0.01574491774941778
movement_state_3,M2_player_under_current_manager,origin_2022,no_outbound_24m,current_manager_player_selection_rate,current_manager_player_selection_rate,-0.012780350768732013
movement_state_3,M2_player_under_current_manager,origin_2022,no_outbound_24m,current_manager_player_start_rate,current_manager_player_start_rate,0.0993639722859176
movement_state_3,M2_player_under_current_manager,origin_2022,no_outbound_24m,current_manager_player_opportunity_share,current_manager_player_opportunity_share,0.10398677098419949
movement_state_3,M2_player_under_current_manager,origin_2022,no_outbound_24m,current_manager_player_captain_rate,current_manager_player_captain_rate,0.04993741144931744
movement_state_3,M2_player_under_current_manager,origin_2022,permanent_first_24m,current_manager_player_selection_rate,current_manager_player_selection_rate,0.06639679593791199
movement_state_3,M2_player_under_current_manager,origin_2022,permanent_first_24m,current_manager_player_start_rate,current_manager_player_start_rate,-0.030600415496402356
movement_state_3,M2_player_under_current_manager,origin_2022,permanent_first_24m,current_manager_player_opportunity_share,current_manager_player_opportunity_share,-0.024948731111712735
movement_state_3,M2_player_under_current_manager,origin_2022,permanent_first_24m,current_manager_player_captain_rate,current_manager_player_captain_rate,0.004996102558011846
movement_state_3,M2_player_under_current_manager,origin_2022,temporary_first_24m,current_manager_player_selection_rate,current_manager_player_selection_rate,-0.05361644516917999
movement_state_3,M2_player_under_current_manager,origin_2022,temporary_first_24m,current_manager_player_start_rate,current_manager_player_start_rate,-0.06876355678951532
movement_state_3,M2_player_under_current_manager,origin_2022,temporary_first_24m,current_manager_player_opportunity_share,current_manager_player_opportunity_share,-0.07903803987248671
movement_state_3,M2_player_under_current_manager,origin_2022,temporary_first_24m,current_manager_player_captain_rate,current_manager_player_captain_rate,-0.054933514007329175
movement_state_3,M2_player_under_current_manager,origin_2023,no_outbound_24m,current_manager_player_selection_rate,current_manager_player_selection_rate,-0.006333375393395744
movement_state_3,M2_player_under_current_manager,origin_2023,no_outbound_24m,current_manager_player_start_rate,current_manager_player_start_rate,0.08772965776225343
movement_state_3,M2_player_under_current_manager,origin_2023,no_outbound_24m,current_manager_player_opportunity_share,current_manager_player_opportunity_share,0.09686152223749386
movement_state_3,M2_player_under_current_manager,origin_2023,no_outbound_24m,current_manager_player_captain_rate,current_manager_player_captain_rate,0.03630396225642643
movement_state_3,M2_player_under_current_manager,origin_2023,permanent_first_24m,current_manager_player_selection_rate,current_manager_player_selection_rate,0.04113937355503798
movement_state_3,M2_player_under_current_manager,origin_2023,permanent_first_24m,current_manager_player_start_rate,current_manager_player_start_rate,-0.03238516357570121
movement_state_3,M2_player_under_current_manager,origin_2023,permanent_first_24m,current_manager_player_opportunity_share,current_manager_player_opportunity_share,-0.025294912531899676
movement_state_3,M2_player_under_current_manager,origin_2023,permanent_first_24m,current_manager_player_captain_rate,current_manager_player_captain_rate,0.01467367788010993
movement_state_3,M2_player_under_current_manager,origin_2023,temporary_first_24m,current_manager_player_selection_rate,current_manager_player_selection_rate,-0.03480599816164223
movement_state_3,M2_player_under_current_manager,origin_2023,temporary_first_24m,current_manager_player_start_rate,current_manager_player_start_rate,-0.05534449418655218
movement_state_3,M2_player_under_current_manager,origin_2023,temporary_first_24m,current_manager_player_opportunity_share,current_manager_player_opportunity_share,-0.07156660970559414
movement_state_3,M2_player_under_current_manager,origin_2023,temporary_first_24m,current_manager_player_captain_rate,current_manager_player_captain_rate,-0.05097764013653633
movement_state_3,M3_role_change_at_manager_transition,origin_2020,no_outbound_24m,manager_transition_observed_365d,manager_transition_observed_365d,0.04471728686663032
movement_state_3,M3_role_change_at_manager_transition,origin_2020,no_outbound_24m,days_since_manager_transition_scaled_365d,days_since_manager_transition_scaled_365d,-0.003819608875297329
movement_state_3,M3_role_change_at_manager_transition,origin_2020,no_outbound_24m,player_selection_rate_change_post_vs_pre_manager,player_selection_rate_change_post_vs_pre_manager,-0.013087699880051124
movement_state_3,M3_role_change_at_manager_transition,origin_2020,no_outbound_24m,player_start_rate_change_post_vs_pre_manager,player_start_rate_change_post_vs_pre_manager,0.02200459966399833
movement_state_3,M3_role_change_at_manager_transition,origin_2020,no_outbound_24m,player_opportunity_share_change_post_vs_pre_manager,player_opportunity_share_change_post_vs_pre_manager,0.03234467367014039
movement_state_3,M3_role_change_at_manager_transition,origin_2020,permanent_first_24m,manager_transition_observed_365d,manager_transition_observed_365d,-0.058823026348110166
movement_state_3,M3_role_change_at_manager_transition,origin_2020,permanent_first_24m,days_since_manager_transition_scaled_365d,days_since_manager_transition_scaled_365d,-0.010825426152361699
movement_state_3,M3_role_change_at_manager_transition,origin_2020,permanent_first_24m,player_selection_rate_change_post_vs_pre_manager,player_selection_rate_change_post_vs_pre_manager,0.011061115928436695
movement_state_3,M3_role_change_at_manager_transition,origin_2020,permanent_first_24m,player_start_rate_change_post_vs_pre_manager,player_start_rate_change_post_vs_pre_manager,-0.03896679393822226
movement_state_3,M3_role_change_at_manager_transition,origin_2020,permanent_first_24m,player_opportunity_share_change_post_vs_pre_manager,player_opportunity_share_change_post_vs_pre_manager,-0.03714400082413773
movement_state_3,M3_role_change_at_manager_transition,origin_2020,temporary_first_24m,manager_transition_observed_365d,manager_transition_observed_365d,0.014105739481479859
movement_state_3,M3_role_change_at_manager_transition,origin_2020,temporary_first_24m,days_since_manager_transition_scaled_365d,days_since_manager_transition_scaled_365d,0.014645035027659025
movement_state_3,M3_role_change_at_manager_transition,origin_2020,temporary_first_24m,player_selection_rate_change_post_vs_pre_manager,player_selection_rate_change_post_vs_pre_manager,0.0020265839516144663
movement_state_3,M3_role_change_at_manager_transition,origin_2020,temporary_first_24m,player_start_rate_change_post_vs_pre_manager,player_start_rate_change_post_vs_pre_manager,0.01696219427422397
movement_state_3,M3_role_change_at_manager_transition,origin_2020,temporary_first_24m,player_opportunity_share_change_post_vs_pre_manager,player_opportunity_share_change_post_vs_pre_manager,0.004799327153997311
movement_state_3,M3_role_change_at_manager_transition,origin_2021,no_outbound_24m,manager_transition_observed_365d,manager_transition_observed_365d,0.04717853759194406
movement_state_3,M3_role_change_at_manager_transition,origin_2021,no_outbound_24m,days_since_manager_transition_scaled_365d,days_since_manager_transition_scaled_365d,-0.015361134914159495
movement_state_3,M3_role_change_at_manager_transition,origin_2021,no_outbound_24m,player_selection_rate_change_post_vs_pre_manager,player_selection_rate_change_post_vs_pre_manager,-0.02180283739485669
movement_state_3,M3_role_change_at_manager_transition,origin_2021,no_outbound_24m,player_start_rate_change_post_vs_pre_manager,player_start_rate_change_post_vs_pre_manager,0.0871388014669881
movement_state_3,M3_role_change_at_manager_transition,origin_2021,no_outbound_24m,player_opportunity_share_change_post_vs_pre_manager,player_opportunity_share_change_post_vs_pre_manager,-0.04557533821509989
movement_state_3,M3_role_change_at_manager_transition,origin_2021,permanent_first_24m,manager_transition_observed_365d,manager_transition_observed_365d,-0.06437740032620459
movement_state_3,M3_role_change_at_manager_transition,origin_2021,permanent_first_24m,days_since_manager_transition_scaled_365d,days_since_manager_transition_scaled_365d,-0.0743102450676946
movement_state_3,M3_role_change_at_manager_transition,origin_2021,permanent_first_24m,player_selection_rate_change_post_vs_pre_manager,player_selection_rate_change_post_vs_pre_manager,0.010935700644705249
movement_state_3,M3_role_change_at_manager_transition,origin_2021,permanent_first_24m,player_start_rate_change_post_vs_pre_manager,player_start_rate_change_post_vs_pre_manager,-0.04899207659358379
movement_state_3,M3_role_change_at_manager_transition,origin_2021,permanent_first_24m,player_opportunity_share_change_post_vs_pre_manager,player_opportunity_share_change_post_vs_pre_manager,-0.02495320741637304
movement_state_3,M3_role_change_at_manager_transition,origin_2021,temporary_first_24m,manager_transition_observed_365d,manager_transition_observed_365d,0.01719886273426042
movement_state_3,M3_role_change_at_manager_transition,origin_2021,temporary_first_24m,days_since_manager_transition_scaled_365d,days_since_manager_transition_scaled_365d,0.08967137998185415
movement_state_3,M3_role_change_at_manager_transition,origin_2021,temporary_first_24m,player_selection_rate_change_post_vs_pre_manager,player_selection_rate_change_post_vs_pre_manager,0.010867136750151808
movement_state_3,M3_role_change_at_manager_transition,origin_2021,temporary_first_24m,player_start_rate_change_post_vs_pre_manager,player_start_rate_change_post_vs_pre_manager,-0.03814672487340455
movement_state_3,M3_role_change_at_manager_transition,origin_2021,temporary_first_24m,player_opportunity_share_change_post_vs_pre_manager,player_opportunity_share_change_post_vs_pre_manager,0.07052854563147246
movement_state_3,M3_role_change_at_manager_transition,origin_2022,no_outbound_24m,manager_transition_observed_365d,manager_transition_observed_365d,0.021204245008233785
movement_state_3,M3_role_change_at_manager_transition,origin_2022,no_outbound_24m,days_since_manager_transition_scaled_365d,days_since_manager_transition_scaled_365d,-0.02666014317754203
movement_state_3,M3_role_change_at_manager_transition,origin_2022,no_outbound_24m,player_selection_rate_change_post_vs_pre_manager,player_selection_rate_change_post_vs_pre_manager,-0.046958224060993314
movement_state_3,M3_role_change_at_manager_transition,origin_2022,no_outbound_24m,player_start_rate_change_post_vs_pre_manager,player_start_rate_change_post_vs_pre_manager,0.09005409285917572
movement_state_3,M3_role_change_at_manager_transition,origin_2022,no_outbound_24m,player_opportunity_share_change_post_vs_pre_manager,player_opportunity_share_change_post_vs_pre_manager,-0.03432056758569929
movement_state_3,M3_role_change_at_manager_transition,origin_2022,permanent_first_24m,manager_transition_observed_365d,manager_transition_observed_365d,-0.030862140279618668
movement_state_3,M3_role_change_at_manager_transition,origin_2022,permanent_first_24m,days_since_manager_transition_scaled_365d,days_since_manager_transition_scaled_365d,-0.08711792373617144
movement_state_3,M3_role_change_at_manager_transition,origin_2022,permanent_first_24m,player_selection_rate_change_post_vs_pre_manager,player_selection_rate_change_post_vs_pre_manager,0.06380652657918352
movement_state_3,M3_role_change_at_manager_transition,origin_2022,permanent_first_24m,player_start_rate_change_post_vs_pre_manager,player_start_rate_change_post_vs_pre_manager,-0.09449187865336309
movement_state_3,M3_role_change_at_manager_transition,origin_2022,permanent_first_24m,player_opportunity_share_change_post_vs_pre_manager,player_opportunity_share_change_post_vs_pre_manager,-0.006019878875123959
movement_state_3,M3_role_change_at_manager_transition,origin_2022,temporary_first_24m,manager_transition_observed_365d,manager_transition_observed_365d,0.009657895271384664
movement_state_3,M3_role_change_at_manager_transition,origin_2022,temporary_first_24m,days_since_manager_transition_scaled_365d,days_since_manager_transition_scaled_365d,0.1137780669137138
movement_state_3,M3_role_change_at_manager_transition,origin_2022,temporary_first_24m,player_selection_rate_change_post_vs_pre_manager,player_selection_rate_change_post_vs_pre_manager,-0.016848302518189938
movement_state_3,M3_role_change_at_manager_transition,origin_2022,temporary_first_24m,player_start_rate_change_post_vs_pre_manager,player_start_rate_change_post_vs_pre_manager,0.004437785794187376
movement_state_3,M3_role_change_at_manager_transition,origin_2022,temporary_first_24m,player_opportunity_share_change_post_vs_pre_manager,player_opportunity_share_change_post_vs_pre_manager,0.0403404464608229
movement_state_3,M3_role_change_at_manager_transition,origin_2023,no_outbound_24m,manager_transition_observed_365d,manager_transition_observed_365d,0.004929391945152662
movement_state_3,M3_role_change_at_manager_transition,origin_2023,no_outbound_24m,days_since_manager_transition_scaled_365d,days_since_manager_transition_scaled_365d,0.0007221599749273314
movement_state_3,M3_role_change_at_manager_transition,origin_2023,no_outbound_24m,player_selection_rate_change_post_vs_pre_manager,player_selection_rate_change_post_vs_pre_manager,-0.01880927949688758
movement_state_3,M3_role_change_at_manager_transition,origin_2023,no_outbound_24m,player_start_rate_change_post_vs_pre_manager,player_start_rate_change_post_vs_pre_manager,0.028465760527015983
movement_state_3,M3_role_change_at_manager_transition,origin_2023,no_outbound_24m,player_opportunity_share_change_post_vs_pre_manager,player_opportunity_share_change_post_vs_pre_manager,0.0085071613380177
movement_state_3,M3_role_change_at_manager_transition,origin_2023,permanent_first_24m,manager_transition_observed_365d,manager_transition_observed_365d,0.010205341424353045
movement_state_3,M3_role_change_at_manager_transition,origin_2023,permanent_first_24m,days_since_manager_transition_scaled_365d,days_since_manager_transition_scaled_365d,-0.016866891524847997
movement_state_3,M3_role_change_at_manager_transition,origin_2023,permanent_first_24m,player_selection_rate_change_post_vs_pre_manager,player_selection_rate_change_post_vs_pre_manager,0.003464348429948258
movement_state_3,M3_role_change_at_manager_transition,origin_2023,permanent_first_24m,player_start_rate_change_post_vs_pre_manager,player_start_rate_change_post_vs_pre_manager,-0.03103232956058233
movement_state_3,M3_role_change_at_manager_transition,origin_2023,permanent_first_24m,player_opportunity_share_change_post_vs_pre_manager,player_opportunity_share_change_post_vs_pre_manager,-0.012383900198389395
movement_state_3,M3_role_change_at_manager_transition,origin_2023,temporary_first_24m,manager_transition_observed_365d,manager_transition_observed_365d,-0.01513473336950577
movement_state_3,M3_role_change_at_manager_transition,origin_2023,temporary_first_24m,days_since_manager_transition_scaled_365d,days_since_manager_transition_scaled_365d,0.016144731549920632
movement_state_3,M3_role_change_at_manager_transition,origin_2023,temporary_first_24m,player_selection_rate_change_post_vs_pre_manager,player_selection_rate_change_post_vs_pre_manager,0.015344931066939365
movement_state_3,M3_role_change_at_manager_transition,origin_2023,temporary_first_24m,player_start_rate_change_post_vs_pre_manager,player_start_rate_change_post_vs_pre_manager,0.0025665690335663375
movement_state_3,M3_role_change_at_manager_transition,origin_2023,temporary_first_24m,player_opportunity_share_change_post_vs_pre_manager,player_opportunity_share_change_post_vs_pre_manager,0.00387673886037166
movement_state_3,C1_combined_manager_tactical,origin_2020,no_outbound_24m,manager_unique_count_365d_log1p,manager_unique_count_365d_log1p,0.02764013674700557
movement_state_3,C1_combined_manager_tactical,origin_2020,no_outbound_24m,manager_change_count_365d_log1p,manager_change_count_365d_log1p,0.045637987562793726
movement_state_3,C1_combined_manager_tactical,origin_2020,no_outbound_24m,current_manager_observed_match_share_365d,current_manager_observed_match_share_365d,-0.00942166188012267
movement_state_3,C1_combined_manager_tactical,origin_2020,no_outbound_24m,current_manager_spell_games_365d_log1p,current_manager_spell_games_365d_log1p,0.02981113378535305
movement_state_3,C1_combined_manager_tactical,origin_2020,no_outbound_24m,current_manager_spell_days_scaled_365d,current_manager_spell_days_scaled_365d,0.01910667970284242
movement_state_3,C1_combined_manager_tactical,origin_2020,no_outbound_24m,manager_change_within_90d,manager_change_within_90d,-0.02133343524688792
movement_state_3,C1_combined_manager_tactical,origin_2020,no_outbound_24m,formation_unique_shape_count_365d_log1p,formation_unique_shape_count_365d_log1p,0.015125730492575238
movement_state_3,C1_combined_manager_tactical,origin_2020,no_outbound_24m,formation_shape_entropy_365d,formation_shape_entropy_365d,0.028560050648376748
movement_state_3,C1_combined_manager_tactical,origin_2020,no_outbound_24m,formation_shape_change_rate_365d,formation_shape_change_rate_365d,0.04884557152559396
movement_state_3,C1_combined_manager_tactical,origin_2020,no_outbound_24m,dominant_formation_shape_share_365d,dominant_formation_shape_share_365d,0.011954959512179827
movement_state_3,C1_combined_manager_tactical,origin_2020,no_outbound_24m,current_formation_shape_spell_share_365d,current_formation_shape_spell_share_365d,0.005842439753105434
movement_state_3,C1_combined_manager_tactical,origin_2020,no_outbound_24m,formation_distribution_shift_recent_vs_prior,formation_distribution_shift_recent_vs_prior,-0.008765233556097114
movement_state_3,C1_combined_manager_tactical,origin_2020,no_outbound_24m,current_manager_player_selection_rate,current_manager_player_selection_rate,0.009978497742263979
movement_state_3,C1_combined_manager_tactical,origin_2020,no_outbound_24m,current_manager_player_start_rate,current_manager_player_start_rate,0.05175682037566186
movement_state_3,C1_combined_manager_tactical,origin_2020,no_outbound_24m,current_manager_player_opportunity_share,current_manager_player_opportunity_share,0.05863072254487433
movement_state_3,C1_combined_manager_tactical,origin_2020,no_outbound_24m,current_manager_player_captain_rate,current_manager_player_captain_rate,0.06999969444546159
movement_state_3,C1_combined_manager_tactical,origin_2020,no_outbound_24m,manager_transition_observed_365d,manager_transition_observed_365d,0.016360427249127524
movement_state_3,C1_combined_manager_tactical,origin_2020,no_outbound_24m,days_since_manager_transition_scaled_365d,days_since_manager_transition_scaled_365d,0.002226208414177599
movement_state_3,C1_combined_manager_tactical,origin_2020,no_outbound_24m,player_selection_rate_change_post_vs_pre_manager,player_selection_rate_change_post_vs_pre_manager,-0.011864810714398741
movement_state_3,C1_combined_manager_tactical,origin_2020,no_outbound_24m,player_start_rate_change_post_vs_pre_manager,player_start_rate_change_post_vs_pre_manager,0.015006615060178911
movement_state_3,C1_combined_manager_tactical,origin_2020,no_outbound_24m,player_opportunity_share_change_post_vs_pre_manager,player_opportunity_share_change_post_vs_pre_manager,0.026818805592538526
movement_state_3,C1_combined_manager_tactical,origin_2020,permanent_first_24m,manager_unique_count_365d_log1p,manager_unique_count_365d_log1p,-0.04673994723615551
movement_state_3,C1_combined_manager_tactical,origin_2020,permanent_first_24m,manager_change_count_365d_log1p,manager_change_count_365d_log1p,-0.050901418561226874
movement_state_3,C1_combined_manager_tactical,origin_2020,permanent_first_24m,current_manager_observed_match_share_365d,current_manager_observed_match_share_365d,-0.004950223533231262
movement_state_3,C1_combined_manager_tactical,origin_2020,permanent_first_24m,current_manager_spell_games_365d_log1p,current_manager_spell_games_365d_log1p,-0.03257960039536367
movement_state_3,C1_combined_manager_tactical,origin_2020,permanent_first_24m,current_manager_spell_days_scaled_365d,current_manager_spell_days_scaled_365d,-0.015651674645529707
movement_state_3,C1_combined_manager_tactical,origin_2020,permanent_first_24m,manager_change_within_90d,manager_change_within_90d,0.037540360227521136
movement_state_3,C1_combined_manager_tactical,origin_2020,permanent_first_24m,formation_unique_shape_count_365d_log1p,formation_unique_shape_count_365d_log1p,0.006068888816834065
movement_state_3,C1_combined_manager_tactical,origin_2020,permanent_first_24m,formation_shape_entropy_365d,formation_shape_entropy_365d,-0.037917745821589785
movement_state_3,C1_combined_manager_tactical,origin_2020,permanent_first_24m,formation_shape_change_rate_365d,formation_shape_change_rate_365d,-0.016267219317053945
movement_state_3,C1_combined_manager_tactical,origin_2020,permanent_first_24m,dominant_formation_shape_share_365d,dominant_formation_shape_share_365d,-0.007225920893964244
movement_state_3,C1_combined_manager_tactical,origin_2020,permanent_first_24m,current_formation_shape_spell_share_365d,current_formation_shape_spell_share_365d,0.0418230991427502
movement_state_3,C1_combined_manager_tactical,origin_2020,permanent_first_24m,formation_distribution_shift_recent_vs_prior,formation_distribution_shift_recent_vs_prior,-0.01766323837212771
movement_state_3,C1_combined_manager_tactical,origin_2020,permanent_first_24m,current_manager_player_selection_rate,current_manager_player_selection_rate,0.03647332618966847
movement_state_3,C1_combined_manager_tactical,origin_2020,permanent_first_24m,current_manager_player_start_rate,current_manager_player_start_rate,0.016067114338981968
movement_state_3,C1_combined_manager_tactical,origin_2020,permanent_first_24m,current_manager_player_opportunity_share,current_manager_player_opportunity_share,0.020123292490795922
movement_state_3,C1_combined_manager_tactical,origin_2020,permanent_first_24m,current_manager_player_captain_rate,current_manager_player_captain_rate,-0.02016337736049234
movement_state_3,C1_combined_manager_tactical,origin_2020,permanent_first_24m,manager_transition_observed_365d,manager_transition_observed_365d,-0.033713017287665174
movement_state_3,C1_combined_manager_tactical,origin_2020,permanent_first_24m,days_since_manager_transition_scaled_365d,days_since_manager_transition_scaled_365d,-0.017152582327467285
movement_state_3,C1_combined_manager_tactical,origin_2020,permanent_first_24m,player_selection_rate_change_post_vs_pre_manager,player_selection_rate_change_post_vs_pre_manager,0.007560429529745953
movement_state_3,C1_combined_manager_tactical,origin_2020,permanent_first_24m,player_start_rate_change_post_vs_pre_manager,player_start_rate_change_post_vs_pre_manager,-0.032931218521539046
movement_state_3,C1_combined_manager_tactical,origin_2020,permanent_first_24m,player_opportunity_share_change_post_vs_pre_manager,player_opportunity_share_change_post_vs_pre_manager,-0.03341848300196258
movement_state_3,C1_combined_manager_tactical,origin_2020,temporary_first_24m,manager_unique_count_365d_log1p,manager_unique_count_365d_log1p,0.019099810489149948
movement_state_3,C1_combined_manager_tactical,origin_2020,temporary_first_24m,manager_change_count_365d_log1p,manager_change_count_365d_log1p,0.005263430998433136
movement_state_3,C1_combined_manager_tactical,origin_2020,temporary_first_24m,current_manager_observed_match_share_365d,current_manager_observed_match_share_365d,0.014371885413353947
movement_state_3,C1_combined_manager_tactical,origin_2020,temporary_first_24m,current_manager_spell_games_365d_log1p,current_manager_spell_games_365d_log1p,0.002768466610010606
movement_state_3,C1_combined_manager_tactical,origin_2020,temporary_first_24m,current_manager_spell_days_scaled_365d,current_manager_spell_days_scaled_365d,-0.003455005057312721
movement_state_3,C1_combined_manager_tactical,origin_2020,temporary_first_24m,manager_change_within_90d,manager_change_within_90d,-0.01620692498063319
movement_state_3,C1_combined_manager_tactical,origin_2020,temporary_first_24m,formation_unique_shape_count_365d_log1p,formation_unique_shape_count_365d_log1p,-0.021194619309409354
movement_state_3,C1_combined_manager_tactical,origin_2020,temporary_first_24m,formation_shape_entropy_365d,formation_shape_entropy_365d,0.00935769517321302
movement_state_3,C1_combined_manager_tactical,origin_2020,temporary_first_24m,formation_shape_change_rate_365d,formation_shape_change_rate_365d,-0.0325783522085401
movement_state_3,C1_combined_manager_tactical,origin_2020,temporary_first_24m,dominant_formation_shape_share_365d,dominant_formation_shape_share_365d,-0.004729038618215573
movement_state_3,C1_combined_manager_tactical,origin_2020,temporary_first_24m,current_formation_shape_spell_share_365d,current_formation_shape_spell_share_365d,-0.047665538895855654
movement_state_3,C1_combined_manager_tactical,origin_2020,temporary_first_24m,formation_distribution_shift_recent_vs_prior,formation_distribution_shift_recent_vs_prior,0.026428471928224857
movement_state_3,C1_combined_manager_tactical,origin_2020,temporary_first_24m,current_manager_player_selection_rate,current_manager_player_selection_rate,-0.04645182393193242
movement_state_3,C1_combined_manager_tactical,origin_2020,temporary_first_24m,current_manager_player_start_rate,current_manager_player_start_rate,-0.06782393471464385
movement_state_3,C1_combined_manager_tactical,origin_2020,temporary_first_24m,current_manager_player_opportunity_share,current_manager_player_opportunity_share,-0.07875401503567026
movement_state_3,C1_combined_manager_tactical,origin_2020,temporary_first_24m,current_manager_player_captain_rate,current_manager_player_captain_rate,-0.04983631708496923
movement_state_3,C1_combined_manager_tactical,origin_2020,temporary_first_24m,manager_transition_observed_365d,manager_transition_observed_365d,0.017352590038537667
movement_state_3,C1_combined_manager_tactical,origin_2020,temporary_first_24m,days_since_manager_transition_scaled_365d,days_since_manager_transition_scaled_365d,0.01492637391328974
movement_state_3,C1_combined_manager_tactical,origin_2020,temporary_first_24m,player_selection_rate_change_post_vs_pre_manager,player_selection_rate_change_post_vs_pre_manager,0.004304381184652797
movement_state_3,C1_combined_manager_tactical,origin_2020,temporary_first_24m,player_start_rate_change_post_vs_pre_manager,player_start_rate_change_post_vs_pre_manager,0.017924603461360183
movement_state_3,C1_combined_manager_tactical,origin_2020,temporary_first_24m,player_opportunity_share_change_post_vs_pre_manager,player_opportunity_share_change_post_vs_pre_manager,0.006599677409424073
movement_state_3,C1_combined_manager_tactical,origin_2021,no_outbound_24m,manager_unique_count_365d_log1p,manager_unique_count_365d_log1p,-0.10435579759642596
movement_state_3,C1_combined_manager_tactical,origin_2021,no_outbound_24m,manager_change_count_365d_log1p,manager_change_count_365d_log1p,0.042892301182393344
movement_state_3,C1_combined_manager_tactical,origin_2021,no_outbound_24m,current_manager_observed_match_share_365d,current_manager_observed_match_share_365d,-0.17559115079028004
movement_state_3,C1_combined_manager_tactical,origin_2021,no_outbound_24m,current_manager_spell_games_365d_log1p,current_manager_spell_games_365d_log1p,0.24377513802357464
movement_state_3,C1_combined_manager_tactical,origin_2021,no_outbound_24m,current_manager_spell_days_scaled_365d,current_manager_spell_days_scaled_365d,-0.09620563908826135
movement_state_3,C1_combined_manager_tactical,origin_2021,no_outbound_24m,manager_change_within_90d,manager_change_within_90d,-0.010329168706480528
movement_state_3,C1_combined_manager_tactical,origin_2021,no_outbound_24m,formation_unique_shape_count_365d_log1p,formation_unique_shape_count_365d_log1p,0.027456417466628094
movement_state_3,C1_combined_manager_tactical,origin_2021,no_outbound_24m,formation_shape_entropy_365d,formation_shape_entropy_365d,0.23922689045911155
movement_state_3,C1_combined_manager_tactical,origin_2021,no_outbound_24m,formation_shape_change_rate_365d,formation_shape_change_rate_365d,0.02443658361018135
movement_state_3,C1_combined_manager_tactical,origin_2021,no_outbound_24m,dominant_formation_shape_share_365d,dominant_formation_shape_share_365d,0.12556388070320035
movement_state_3,C1_combined_manager_tactical,origin_2021,no_outbound_24m,current_formation_shape_spell_share_365d,current_formation_shape_spell_share_365d,0.07105458252575166
movement_state_3,C1_combined_manager_tactical,origin_2021,no_outbound_24m,formation_distribution_shift_recent_vs_prior,formation_distribution_shift_recent_vs_prior,-0.10340543852637156
movement_state_3,C1_combined_manager_tactical,origin_2021,no_outbound_24m,current_manager_player_selection_rate,current_manager_player_selection_rate,-0.04067154034316384
movement_state_3,C1_combined_manager_tactical,origin_2021,no_outbound_24m,current_manager_player_start_rate,current_manager_player_start_rate,0.1102433953407594
movement_state_3,C1_combined_manager_tactical,origin_2021,no_outbound_24m,current_manager_player_opportunity_share,current_manager_player_opportunity_share,0.13584096328925357
movement_state_3,C1_combined_manager_tactical,origin_2021,no_outbound_24m,current_manager_player_captain_rate,current_manager_player_captain_rate,0.06800068971298835
movement_state_3,C1_combined_manager_tactical,origin_2021,no_outbound_24m,manager_transition_observed_365d,manager_transition_observed_365d,0.035096229387653055
movement_state_3,C1_combined_manager_tactical,origin_2021,no_outbound_24m,days_since_manager_transition_scaled_365d,days_since_manager_transition_scaled_365d,-0.0427994382758786
movement_state_3,C1_combined_manager_tactical,origin_2021,no_outbound_24m,player_selection_rate_change_post_vs_pre_manager,player_selection_rate_change_post_vs_pre_manager,-0.008969340836499643
movement_state_3,C1_combined_manager_tactical,origin_2021,no_outbound_24m,player_start_rate_change_post_vs_pre_manager,player_start_rate_change_post_vs_pre_manager,0.04665862795185603
movement_state_3,C1_combined_manager_tactical,origin_2021,no_outbound_24m,player_opportunity_share_change_post_vs_pre_manager,player_opportunity_share_change_post_vs_pre_manager,-0.05094904228100145
movement_state_3,C1_combined_manager_tactical,origin_2021,permanent_first_24m,manager_unique_count_365d_log1p,manager_unique_count_365d_log1p,-0.04552958978163867
movement_state_3,C1_combined_manager_tactical,origin_2021,permanent_first_24m,manager_change_count_365d_log1p,manager_change_count_365d_log1p,-0.00629029622967814
movement_state_3,C1_combined_manager_tactical,origin_2021,permanent_first_24m,current_manager_observed_match_share_365d,current_manager_observed_match_share_365d,0.01726394277599831
movement_state_3,C1_combined_manager_tactical,origin_2021,permanent_first_24m,current_manager_spell_games_365d_log1p,current_manager_spell_games_365d_log1p,-0.17894231344744643
movement_state_3,C1_combined_manager_tactical,origin_2021,permanent_first_24m,current_manager_spell_days_scaled_365d,current_manager_spell_days_scaled_365d,0.09092610768787833
movement_state_3,C1_combined_manager_tactical,origin_2021,permanent_first_24m,manager_change_within_90d,manager_change_within_90d,-0.030680790431629225
movement_state_3,C1_combined_manager_tactical,origin_2021,permanent_first_24m,formation_unique_shape_count_365d_log1p,formation_unique_shape_count_365d_log1p,-0.02205237674997866
movement_state_3,C1_combined_manager_tactical,origin_2021,permanent_first_24m,formation_shape_entropy_365d,formation_shape_entropy_365d,-0.13883480023063885
movement_state_3,C1_combined_manager_tactical,origin_2021,permanent_first_24m,formation_shape_change_rate_365d,formation_shape_change_rate_365d,0.02216277484873774
movement_state_3,C1_combined_manager_tactical,origin_2021,permanent_first_24m,dominant_formation_shape_share_365d,dominant_formation_shape_share_365d,-0.08499848735522308
movement_state_3,C1_combined_manager_tactical,origin_2021,permanent_first_24m,current_formation_shape_spell_share_365d,current_formation_shape_spell_share_365d,0.02732556697628213
movement_state_3,C1_combined_manager_tactical,origin_2021,permanent_first_24m,formation_distribution_shift_recent_vs_prior,formation_distribution_shift_recent_vs_prior,-0.006534154656683703
movement_state_3,C1_combined_manager_tactical,origin_2021,permanent_first_24m,current_manager_player_selection_rate,current_manager_player_selection_rate,0.0318240818958394
movement_state_3,C1_combined_manager_tactical,origin_2021,permanent_first_24m,current_manager_player_start_rate,current_manager_player_start_rate,-0.004759975386049251
movement_state_3,C1_combined_manager_tactical,origin_2021,permanent_first_24m,current_manager_player_opportunity_share,current_manager_player_opportunity_share,0.05434667676021614
movement_state_3,C1_combined_manager_tactical,origin_2021,permanent_first_24m,current_manager_player_captain_rate,current_manager_player_captain_rate,-0.052085270580390454
movement_state_3,C1_combined_manager_tactical,origin_2021,permanent_first_24m,manager_transition_observed_365d,manager_transition_observed_365d,-0.0058296705292192955
movement_state_3,C1_combined_manager_tactical,origin_2021,permanent_first_24m,days_since_manager_transition_scaled_365d,days_since_manager_transition_scaled_365d,-0.063332923784503
movement_state_3,C1_combined_manager_tactical,origin_2021,permanent_first_24m,player_selection_rate_change_post_vs_pre_manager,player_selection_rate_change_post_vs_pre_manager,-0.004061963429971058
movement_state_3,C1_combined_manager_tactical,origin_2021,permanent_first_24m,player_start_rate_change_post_vs_pre_manager,player_start_rate_change_post_vs_pre_manager,-0.027905777066260594
movement_state_3,C1_combined_manager_tactical,origin_2021,permanent_first_24m,player_opportunity_share_change_post_vs_pre_manager,player_opportunity_share_change_post_vs_pre_manager,-0.037017986670679695
movement_state_3,C1_combined_manager_tactical,origin_2021,temporary_first_24m,manager_unique_count_365d_log1p,manager_unique_count_365d_log1p,0.14988538737806467
movement_state_3,C1_combined_manager_tactical,origin_2021,temporary_first_24m,manager_change_count_365d_log1p,manager_change_count_365d_log1p,-0.03660200495271534
movement_state_3,C1_combined_manager_tactical,origin_2021,temporary_first_24m,current_manager_observed_match_share_365d,current_manager_observed_match_share_365d,0.15832720801428127
movement_state_3,C1_combined_manager_tactical,origin_2021,temporary_first_24m,current_manager_spell_games_365d_log1p,current_manager_spell_games_365d_log1p,-0.06483282457612831
movement_state_3,C1_combined_manager_tactical,origin_2021,temporary_first_24m,current_manager_spell_days_scaled_365d,current_manager_spell_days_scaled_365d,0.005279531400383208
movement_state_3,C1_combined_manager_tactical,origin_2021,temporary_first_24m,manager_change_within_90d,manager_change_within_90d,0.04100995913810987
movement_state_3,C1_combined_manager_tactical,origin_2021,temporary_first_24m,formation_unique_shape_count_365d_log1p,formation_unique_shape_count_365d_log1p,-0.005404040716649017
movement_state_3,C1_combined_manager_tactical,origin_2021,temporary_first_24m,formation_shape_entropy_365d,formation_shape_entropy_365d,-0.10039209022847309
movement_state_3,C1_combined_manager_tactical,origin_2021,temporary_first_24m,formation_shape_change_rate_365d,formation_shape_change_rate_365d,-0.046599358458919174
movement_state_3,C1_combined_manager_tactical,origin_2021,temporary_first_24m,dominant_formation_shape_share_365d,dominant_formation_shape_share_365d,-0.04056539334797773
movement_state_3,C1_combined_manager_tactical,origin_2021,temporary_first_24m,current_formation_shape_spell_share_365d,current_formation_shape_spell_share_365d,-0.09838014950203333
movement_state_3,C1_combined_manager_tactical,origin_2021,temporary_first_24m,formation_distribution_shift_recent_vs_prior,formation_distribution_shift_recent_vs_prior,0.10993959318305528
movement_state_3,C1_combined_manager_tactical,origin_2021,temporary_first_24m,current_manager_player_selection_rate,current_manager_player_selection_rate,0.008847458447324475
movement_state_3,C1_combined_manager_tactical,origin_2021,temporary_first_24m,current_manager_player_start_rate,current_manager_player_start_rate,-0.10548341995471022
movement_state_3,C1_combined_manager_tactical,origin_2021,temporary_first_24m,current_manager_player_opportunity_share,current_manager_player_opportunity_share,-0.19018764004946934
movement_state_3,C1_combined_manager_tactical,origin_2021,temporary_first_24m,current_manager_player_captain_rate,current_manager_player_captain_rate,-0.015915419132597506
movement_state_3,C1_combined_manager_tactical,origin_2021,temporary_first_24m,manager_transition_observed_365d,manager_transition_observed_365d,-0.029266558858433947
movement_state_3,C1_combined_manager_tactical,origin_2021,temporary_first_24m,days_since_manager_transition_scaled_365d,days_since_manager_transition_scaled_365d,0.10613236206038174
movement_state_3,C1_combined_manager_tactical,origin_2021,temporary_first_24m,player_selection_rate_change_post_vs_pre_manager,player_selection_rate_change_post_vs_pre_manager,0.013031304266470868
movement_state_3,C1_combined_manager_tactical,origin_2021,temporary_first_24m,player_start_rate_change_post_vs_pre_manager,player_start_rate_change_post_vs_pre_manager,-0.01875285088559513
movement_state_3,C1_combined_manager_tactical,origin_2021,temporary_first_24m,player_opportunity_share_change_post_vs_pre_manager,player_opportunity_share_change_post_vs_pre_manager,0.08796702895168115
movement_state_3,C1_combined_manager_tactical,origin_2022,no_outbound_24m,manager_unique_count_365d_log1p,manager_unique_count_365d_log1p,0.0033755670482421268
movement_state_3,C1_combined_manager_tactical,origin_2022,no_outbound_24m,manager_change_count_365d_log1p,manager_change_count_365d_log1p,0.01611478269083476
movement_state_3,C1_combined_manager_tactical,origin_2022,no_outbound_24m,current_manager_observed_match_share_365d,current_manager_observed_match_share_365d,-0.025624091247904518
movement_state_3,C1_combined_manager_tactical,origin_2022,no_outbound_24m,current_manager_spell_games_365d_log1p,current_manager_spell_games_365d_log1p,0.08059699474742235
movement_state_3,C1_combined_manager_tactical,origin_2022,no_outbound_24m,current_manager_spell_days_scaled_365d,current_manager_spell_days_scaled_365d,-0.011899418700530393
movement_state_3,C1_combined_manager_tactical,origin_2022,no_outbound_24m,manager_change_within_90d,manager_change_within_90d,0.03990798165172468
movement_state_3,C1_combined_manager_tactical,origin_2022,no_outbound_24m,formation_unique_shape_count_365d_log1p,formation_unique_shape_count_365d_log1p,0.011906198994673236
movement_state_3,C1_combined_manager_tactical,origin_2022,no_outbound_24m,formation_shape_entropy_365d,formation_shape_entropy_365d,0.046889712454716
movement_state_3,C1_combined_manager_tactical,origin_2022,no_outbound_24m,formation_shape_change_rate_365d,formation_shape_change_rate_365d,0.016379690660824942
movement_state_3,C1_combined_manager_tactical,origin_2022,no_outbound_24m,dominant_formation_shape_share_365d,dominant_formation_shape_share_365d,-0.0038187669468181416
movement_state_3,C1_combined_manager_tactical,origin_2022,no_outbound_24m,current_formation_shape_spell_share_365d,current_formation_shape_spell_share_365d,-0.023417337428743315
movement_state_3,C1_combined_manager_tactical,origin_2022,no_outbound_24m,formation_distribution_shift_recent_vs_prior,formation_distribution_shift_recent_vs_prior,-0.042228797574965955
movement_state_3,C1_combined_manager_tactical,origin_2022,no_outbound_24m,current_manager_player_selection_rate,current_manager_player_selection_rate,-0.005566463848664581
movement_state_3,C1_combined_manager_tactical,origin_2022,no_outbound_24m,current_manager_player_start_rate,current_manager_player_start_rate,0.10612710048415505
movement_state_3,C1_combined_manager_tactical,origin_2022,no_outbound_24m,current_manager_player_opportunity_share,current_manager_player_opportunity_share,0.10699193686678225
movement_state_3,C1_combined_manager_tactical,origin_2022,no_outbound_24m,current_manager_player_captain_rate,current_manager_player_captain_rate,0.048151536665977344
movement_state_3,C1_combined_manager_tactical,origin_2022,no_outbound_24m,manager_transition_observed_365d,manager_transition_observed_365d,0.00550103439016472
movement_state_3,C1_combined_manager_tactical,origin_2022,no_outbound_24m,days_since_manager_transition_scaled_365d,days_since_manager_transition_scaled_365d,-0.01612345431634489
movement_state_3,C1_combined_manager_tactical,origin_2022,no_outbound_24m,player_selection_rate_change_post_vs_pre_manager,player_selection_rate_change_post_vs_pre_manager,-0.033641807283190765
movement_state_3,C1_combined_manager_tactical,origin_2022,no_outbound_24m,player_start_rate_change_post_vs_pre_manager,player_start_rate_change_post_vs_pre_manager,0.015920299339935468
movement_state_3,C1_combined_manager_tactical,origin_2022,no_outbound_24m,player_opportunity_share_change_post_vs_pre_manager,player_opportunity_share_change_post_vs_pre_manager,-0.006929582992857072
movement_state_3,C1_combined_manager_tactical,origin_2022,permanent_first_24m,manager_unique_count_365d_log1p,manager_unique_count_365d_log1p,0.0003026031846846876
movement_state_3,C1_combined_manager_tactical,origin_2022,permanent_first_24m,manager_change_count_365d_log1p,manager_change_count_365d_log1p,0.00028409835163072144
movement_state_3,C1_combined_manager_tactical,origin_2022,permanent_first_24m,current_manager_observed_match_share_365d,current_manager_observed_match_share_365d,-0.014287048583885189
movement_state_3,C1_combined_manager_tactical,origin_2022,permanent_first_24m,current_manager_spell_games_365d_log1p,current_manager_spell_games_365d_log1p,-0.08605594652152217
movement_state_3,C1_combined_manager_tactical,origin_2022,permanent_first_24m,current_manager_spell_days_scaled_365d,current_manager_spell_days_scaled_365d,0.02134878695599873
movement_state_3,C1_combined_manager_tactical,origin_2022,permanent_first_24m,manager_change_within_90d,manager_change_within_90d,-0.031156083163924528
movement_state_3,C1_combined_manager_tactical,origin_2022,permanent_first_24m,formation_unique_shape_count_365d_log1p,formation_unique_shape_count_365d_log1p,-0.006791804629755754
movement_state_3,C1_combined_manager_tactical,origin_2022,permanent_first_24m,formation_shape_entropy_365d,formation_shape_entropy_365d,-0.0220280306526037
movement_state_3,C1_combined_manager_tactical,origin_2022,permanent_first_24m,formation_shape_change_rate_365d,formation_shape_change_rate_365d,-0.015241871898858866
movement_state_3,C1_combined_manager_tactical,origin_2022,permanent_first_24m,dominant_formation_shape_share_365d,dominant_formation_shape_share_365d,-0.014318992949367088
movement_state_3,C1_combined_manager_tactical,origin_2022,permanent_first_24m,current_formation_shape_spell_share_365d,current_formation_shape_spell_share_365d,0.04395903872578443
movement_state_3,C1_combined_manager_tactical,origin_2022,permanent_first_24m,formation_distribution_shift_recent_vs_prior,formation_distribution_shift_recent_vs_prior,-4.223491104800694e-05
movement_state_3,C1_combined_manager_tactical,origin_2022,permanent_first_24m,current_manager_player_selection_rate,current_manager_player_selection_rate,0.06846274681577932
movement_state_3,C1_combined_manager_tactical,origin_2022,permanent_first_24m,current_manager_player_start_rate,current_manager_player_start_rate,-0.015490400935825785
movement_state_3,C1_combined_manager_tactical,origin_2022,permanent_first_24m,current_manager_player_opportunity_share,current_manager_player_opportunity_share,-0.008787095361210515
movement_state_3,C1_combined_manager_tactical,origin_2022,permanent_first_24m,current_manager_player_captain_rate,current_manager_player_captain_rate,0.016840352823737113
movement_state_3,C1_combined_manager_tactical,origin_2022,permanent_first_24m,manager_transition_observed_365d,manager_transition_observed_365d,-0.006493418401790204
movement_state_3,C1_combined_manager_tactical,origin_2022,permanent_first_24m,days_since_manager_transition_scaled_365d,days_since_manager_transition_scaled_365d,-0.006367536537488546
movement_state_3,C1_combined_manager_tactical,origin_2022,permanent_first_24m,player_selection_rate_change_post_vs_pre_manager,player_selection_rate_change_post_vs_pre_manager,0.016439413591406434
movement_state_3,C1_combined_manager_tactical,origin_2022,permanent_first_24m,player_start_rate_change_post_vs_pre_manager,player_start_rate_change_post_vs_pre_manager,-0.041273517224032136
movement_state_3,C1_combined_manager_tactical,origin_2022,permanent_first_24m,player_opportunity_share_change_post_vs_pre_manager,player_opportunity_share_change_post_vs_pre_manager,-0.018677207670888075
movement_state_3,C1_combined_manager_tactical,origin_2022,temporary_first_24m,manager_unique_count_365d_log1p,manager_unique_count_365d_log1p,-0.0036781702329267063
movement_state_3,C1_combined_manager_tactical,origin_2022,temporary_first_24m,manager_change_count_365d_log1p,manager_change_count_365d_log1p,-0.0163988810424654
movement_state_3,C1_combined_manager_tactical,origin_2022,temporary_first_24m,current_manager_observed_match_share_365d,current_manager_observed_match_share_365d,0.03991113983178959
movement_state_3,C1_combined_manager_tactical,origin_2022,temporary_first_24m,current_manager_spell_games_365d_log1p,current_manager_spell_games_365d_log1p,0.0054589517740998355
movement_state_3,C1_combined_manager_tactical,origin_2022,temporary_first_24m,current_manager_spell_days_scaled_365d,current_manager_spell_days_scaled_365d,-0.009449368255468354
movement_state_3,C1_combined_manager_tactical,origin_2022,temporary_first_24m,manager_change_within_90d,manager_change_within_90d,-0.00875189848780007
movement_state_3,C1_combined_manager_tactical,origin_2022,temporary_first_24m,formation_unique_shape_count_365d_log1p,formation_unique_shape_count_365d_log1p,-0.005114394364917409
movement_state_3,C1_combined_manager_tactical,origin_2022,temporary_first_24m,formation_shape_entropy_365d,formation_shape_entropy_365d,-0.024861681802112325
movement_state_3,C1_combined_manager_tactical,origin_2022,temporary_first_24m,formation_shape_change_rate_365d,formation_shape_change_rate_365d,-0.0011378187619660836
movement_state_3,C1_combined_manager_tactical,origin_2022,temporary_first_24m,dominant_formation_shape_share_365d,dominant_formation_shape_share_365d,0.018137759896185185
movement_state_3,C1_combined_manager_tactical,origin_2022,temporary_first_24m,current_formation_shape_spell_share_365d,current_formation_shape_spell_share_365d,-0.020541701297041165
movement_state_3,C1_combined_manager_tactical,origin_2022,temporary_first_24m,formation_distribution_shift_recent_vs_prior,formation_distribution_shift_recent_vs_prior,0.04227103248601392
movement_state_3,C1_combined_manager_tactical,origin_2022,temporary_first_24m,current_manager_player_selection_rate,current_manager_player_selection_rate,-0.06289628296711491
movement_state_3,C1_combined_manager_tactical,origin_2022,temporary_first_24m,current_manager_player_start_rate,current_manager_player_start_rate,-0.09063669954832924
movement_state_3,C1_combined_manager_tactical,origin_2022,temporary_first_24m,current_manager_player_opportunity_share,current_manager_player_opportunity_share,-0.09820484150557175
movement_state_3,C1_combined_manager_tactical,origin_2022,temporary_first_24m,current_manager_player_captain_rate,current_manager_player_captain_rate,-0.06499188948971442
movement_state_3,C1_combined_manager_tactical,origin_2022,temporary_first_24m,manager_transition_observed_365d,manager_transition_observed_365d,0.0009923840116254881
movement_state_3,C1_combined_manager_tactical,origin_2022,temporary_first_24m,days_since_manager_transition_scaled_365d,days_since_manager_transition_scaled_365d,0.022490990853833517
movement_state_3,C1_combined_manager_tactical,origin_2022,temporary_first_24m,player_selection_rate_change_post_vs_pre_manager,player_selection_rate_change_post_vs_pre_manager,0.017202393691784355
movement_state_3,C1_combined_manager_tactical,origin_2022,temporary_first_24m,player_start_rate_change_post_vs_pre_manager,player_start_rate_change_post_vs_pre_manager,0.02535321788409678
movement_state_3,C1_combined_manager_tactical,origin_2022,temporary_first_24m,player_opportunity_share_change_post_vs_pre_manager,player_opportunity_share_change_post_vs_pre_manager,0.02560679066374512
movement_state_3,C1_combined_manager_tactical,origin_2023,no_outbound_24m,manager_unique_count_365d_log1p,manager_unique_count_365d_log1p,-0.0017459852018892395
movement_state_3,C1_combined_manager_tactical,origin_2023,no_outbound_24m,manager_change_count_365d_log1p,manager_change_count_365d_log1p,0.015155978108005409
movement_state_3,C1_combined_manager_tactical,origin_2023,no_outbound_24m,current_manager_observed_match_share_365d,current_manager_observed_match_share_365d,-0.02270525900268736
movement_state_3,C1_combined_manager_tactical,origin_2023,no_outbound_24m,current_manager_spell_games_365d_log1p,current_manager_spell_games_365d_log1p,0.07672936171930235
movement_state_3,C1_combined_manager_tactical,origin_2023,no_outbound_24m,current_manager_spell_days_scaled_365d,current_manager_spell_days_scaled_365d,-0.003938371718005958
movement_state_3,C1_combined_manager_tactical,origin_2023,no_outbound_24m,manager_change_within_90d,manager_change_within_90d,0.02946867050062869
movement_state_3,C1_combined_manager_tactical,origin_2023,no_outbound_24m,formation_unique_shape_count_365d_log1p,formation_unique_shape_count_365d_log1p,0.005762337030858916
movement_state_3,C1_combined_manager_tactical,origin_2023,no_outbound_24m,formation_shape_entropy_365d,formation_shape_entropy_365d,0.03111995455478032
movement_state_3,C1_combined_manager_tactical,origin_2023,no_outbound_24m,formation_shape_change_rate_365d,formation_shape_change_rate_365d,0.014530623654184139
movement_state_3,C1_combined_manager_tactical,origin_2023,no_outbound_24m,dominant_formation_shape_share_365d,dominant_formation_shape_share_365d,0.006036441479646972
movement_state_3,C1_combined_manager_tactical,origin_2023,no_outbound_24m,current_formation_shape_spell_share_365d,current_formation_shape_spell_share_365d,-0.029332367974871282
movement_state_3,C1_combined_manager_tactical,origin_2023,no_outbound_24m,formation_distribution_shift_recent_vs_prior,formation_distribution_shift_recent_vs_prior,-0.02269277967413627
movement_state_3,C1_combined_manager_tactical,origin_2023,no_outbound_24m,current_manager_player_selection_rate,current_manager_player_selection_rate,0.008130555058564642
movement_state_3,C1_combined_manager_tactical,origin_2023,no_outbound_24m,current_manager_player_start_rate,current_manager_player_start_rate,0.10034103069198716
movement_state_3,C1_combined_manager_tactical,origin_2023,no_outbound_24m,current_manager_player_opportunity_share,current_manager_player_opportunity_share,0.103620612182766
movement_state_3,C1_combined_manager_tactical,origin_2023,no_outbound_24m,current_manager_player_captain_rate,current_manager_player_captain_rate,0.03181387053028093
movement_state_3,C1_combined_manager_tactical,origin_2023,no_outbound_24m,manager_transition_observed_365d,manager_transition_observed_365d,0.003093053159447245
movement_state_3,C1_combined_manager_tactical,origin_2023,no_outbound_24m,days_since_manager_transition_scaled_365d,days_since_manager_transition_scaled_365d,0.0004479234039637384
movement_state_3,C1_combined_manager_tactical,origin_2023,no_outbound_24m,player_selection_rate_change_post_vs_pre_manager,player_selection_rate_change_post_vs_pre_manager,-0.018567840678768096
movement_state_3,C1_combined_manager_tactical,origin_2023,no_outbound_24m,player_start_rate_change_post_vs_pre_manager,player_start_rate_change_post_vs_pre_manager,0.0056665259903577615
movement_state_3,C1_combined_manager_tactical,origin_2023,no_outbound_24m,player_opportunity_share_change_post_vs_pre_manager,player_opportunity_share_change_post_vs_pre_manager,-0.013073270473697602
movement_state_3,C1_combined_manager_tactical,origin_2023,permanent_first_24m,manager_unique_count_365d_log1p,manager_unique_count_365d_log1p,0.016228354671694006
movement_state_3,C1_combined_manager_tactical,origin_2023,permanent_first_24m,manager_change_count_365d_log1p,manager_change_count_365d_log1p,0.009795635613692781
movement_state_3,C1_combined_manager_tactical,origin_2023,permanent_first_24m,current_manager_observed_match_share_365d,current_manager_observed_match_share_365d,0.0010865304097821306
movement_state_3,C1_combined_manager_tactical,origin_2023,permanent_first_24m,current_manager_spell_games_365d_log1p,current_manager_spell_games_365d_log1p,-0.05631283781520775
movement_state_3,C1_combined_manager_tactical,origin_2023,permanent_first_24m,current_manager_spell_days_scaled_365d,current_manager_spell_days_scaled_365d,0.021791158639054658
movement_state_3,C1_combined_manager_tactical,origin_2023,permanent_first_24m,manager_change_within_90d,manager_change_within_90d,-0.04788541567191678
movement_state_3,C1_combined_manager_tactical,origin_2023,permanent_first_24m,formation_unique_shape_count_365d_log1p,formation_unique_shape_count_365d_log1p,0.004661469429301779
movement_state_3,C1_combined_manager_tactical,origin_2023,permanent_first_24m,formation_shape_entropy_365d,formation_shape_entropy_365d,-0.0013278045864476187
movement_state_3,C1_combined_manager_tactical,origin_2023,permanent_first_24m,formation_shape_change_rate_365d,formation_shape_change_rate_365d,-0.0014694920369175979
movement_state_3,C1_combined_manager_tactical,origin_2023,permanent_first_24m,dominant_formation_shape_share_365d,dominant_formation_shape_share_365d,-0.044910553126207106
movement_state_3,C1_combined_manager_tactical,origin_2023,permanent_first_24m,current_formation_shape_spell_share_365d,current_formation_shape_spell_share_365d,0.07603074070326171
movement_state_3,C1_combined_manager_tactical,origin_2023,permanent_first_24m,formation_distribution_shift_recent_vs_prior,formation_distribution_shift_recent_vs_prior,-0.00545457691667414
movement_state_3,C1_combined_manager_tactical,origin_2023,permanent_first_24m,current_manager_player_selection_rate,current_manager_player_selection_rate,0.05493055142437939
movement_state_3,C1_combined_manager_tactical,origin_2023,permanent_first_24m,current_manager_player_start_rate,current_manager_player_start_rate,-0.01585611362675345
movement_state_3,C1_combined_manager_tactical,origin_2023,permanent_first_24m,current_manager_player_opportunity_share,current_manager_player_opportunity_share,-0.003815969838901442
movement_state_3,C1_combined_manager_tactical,origin_2023,permanent_first_24m,current_manager_player_captain_rate,current_manager_player_captain_rate,0.031483428995719626
movement_state_3,C1_combined_manager_tactical,origin_2023,permanent_first_24m,manager_transition_observed_365d,manager_transition_observed_365d,-0.0011392746063223665
movement_state_3,C1_combined_manager_tactical,origin_2023,permanent_first_24m,days_since_manager_transition_scaled_365d,days_since_manager_transition_scaled_365d,-0.016904254401684596
movement_state_3,C1_combined_manager_tactical,origin_2023,permanent_first_24m,player_selection_rate_change_post_vs_pre_manager,player_selection_rate_change_post_vs_pre_manager,-0.006293103127345261
movement_state_3,C1_combined_manager_tactical,origin_2023,permanent_first_24m,player_start_rate_change_post_vs_pre_manager,player_start_rate_change_post_vs_pre_manager,-0.029146469844929492
movement_state_3,C1_combined_manager_tactical,origin_2023,permanent_first_24m,player_opportunity_share_change_post_vs_pre_manager,player_opportunity_share_change_post_vs_pre_manager,-0.005235564635877243
movement_state_3,C1_combined_manager_tactical,origin_2023,temporary_first_24m,manager_unique_count_365d_log1p,manager_unique_count_365d_log1p,-0.014482369469804812
movement_state_3,C1_combined_manager_tactical,origin_2023,temporary_first_24m,manager_change_count_365d_log1p,manager_change_count_365d_log1p,-0.0249516137216982
movement_state_3,C1_combined_manager_tactical,origin_2023,temporary_first_24m,current_manager_observed_match_share_365d,current_manager_observed_match_share_365d,0.021618728592905236
movement_state_3,C1_combined_manager_tactical,origin_2023,temporary_first_24m,current_manager_spell_games_365d_log1p,current_manager_spell_games_365d_log1p,-0.020416523904094496
movement_state_3,C1_combined_manager_tactical,origin_2023,temporary_first_24m,current_manager_spell_days_scaled_365d,current_manager_spell_days_scaled_365d,-0.017852786921048632
movement_state_3,C1_combined_manager_tactical,origin_2023,temporary_first_24m,manager_change_within_90d,manager_change_within_90d,0.018416745171288103
movement_state_3,C1_combined_manager_tactical,origin_2023,temporary_first_24m,formation_unique_shape_count_365d_log1p,formation_unique_shape_count_365d_log1p,-0.010423806460160676
movement_state_3,C1_combined_manager_tactical,origin_2023,temporary_first_24m,formation_shape_entropy_365d,formation_shape_entropy_365d,-0.029792149968332723
movement_state_3,C1_combined_manager_tactical,origin_2023,temporary_first_24m,formation_shape_change_rate_365d,formation_shape_change_rate_365d,-0.013061131617266563
movement_state_3,C1_combined_manager_tactical,origin_2023,temporary_first_24m,dominant_formation_shape_share_365d,dominant_formation_shape_share_365d,0.0388741116465602
movement_state_3,C1_combined_manager_tactical,origin_2023,temporary_first_24m,current_formation_shape_spell_share_365d,current_formation_shape_spell_share_365d,-0.04669837272839036
movement_state_3,C1_combined_manager_tactical,origin_2023,temporary_first_24m,formation_distribution_shift_recent_vs_prior,formation_distribution_shift_recent_vs_prior,0.028147356590810378
movement_state_3,C1_combined_manager_tactical,origin_2023,temporary_first_24m,current_manager_player_selection_rate,current_manager_player_selection_rate,-0.06306110648294418
movement_state_3,C1_combined_manager_tactical,origin_2023,temporary_first_24m,current_manager_player_start_rate,current_manager_player_start_rate,-0.08448491706523373
movement_state_3,C1_combined_manager_tactical,origin_2023,temporary_first_24m,current_manager_player_opportunity_share,current_manager_player_opportunity_share,-0.09980464234386462
movement_state_3,C1_combined_manager_tactical,origin_2023,temporary_first_24m,current_manager_player_captain_rate,current_manager_player_captain_rate,-0.06329729952600052
movement_state_3,C1_combined_manager_tactical,origin_2023,temporary_first_24m,manager_transition_observed_365d,manager_transition_observed_365d,-0.0019537785531248872
movement_state_3,C1_combined_manager_tactical,origin_2023,temporary_first_24m,days_since_manager_transition_scaled_365d,days_since_manager_transition_scaled_365d,0.01645633099772092
movement_state_3,C1_combined_manager_tactical,origin_2023,temporary_first_24m,player_selection_rate_change_post_vs_pre_manager,player_selection_rate_change_post_vs_pre_manager,0.024860943806113374
movement_state_3,C1_combined_manager_tactical,origin_2023,temporary_first_24m,player_start_rate_change_post_vs_pre_manager,player_start_rate_change_post_vs_pre_manager,0.023479943854571604
movement_state_3,C1_combined_manager_tactical,origin_2023,temporary_first_24m,player_opportunity_share_change_post_vs_pre_manager,player_opportunity_share_change_post_vs_pre_manager,0.018308835109574626
