canonical_competition_id,canonical_competition_key,current_transfermarkt_competition_id,datalake_competition_id,fbref_competition_id,present_in_current_transfermarkt,present_in_datalake,present_in_fbref,canonical_name,competition_name_aliases,country_name,competition_type,competition_sub_type,match_status,match_method
17DB,tm_competition:17DB,,17DB,,False,True,False,U17 Nachwuchsliga - Gr. B,U17 Nachwuchsliga - Gr. B,,,,accepted,shared Transfermarkt competition code
17DC,tm_competition:17DC,,17DC,,False,True,False,U17 Nachwuchsliga - Gr. C,U17 Nachwuchsliga - Gr. C,,,,accepted,shared Transfermarkt competition code
17DD,tm_competition:17DD,,17DD,,False,True,False,U17 Nachwuchsliga - Gr. D,U17 Nachwuchsliga - Gr. D,,,,accepted,shared Transfermarkt competition code
17DE,tm_competition:17DE,,17DE,,False,True,False,U17 Nachwuchsliga - Gr. E,U17 Nachwuchsliga - Gr. E,,,,accepted,shared Transfermarkt competition code
17DF,tm_competition:17DF,,17DF,,False,True,False,U17 Nachwuchsliga - Gr. F,U17 Nachwuchsliga - Gr. F,,,,accepted,shared Transfermarkt competition code
17DG,tm_competition:17DG,,17DG,,False,True,False,U17 Nachwuchsliga - Gr. G,U17 Nachwuchsliga - Gr. G,,,,accepted,shared Transfermarkt competition code
17LA,tm_competition:17LA,,17LA,,False,True,False,U17 Nachwuchsliga - Liga A,U17 Nachwuchsliga - Liga A,,,,accepted,shared Transfermarkt competition code
17LB,tm_competition:17LB,,17LB,,False,True,False,U17 Nachwuchsliga - Liga B,U17 Nachwuchsliga - Liga B,,,,accepted,shared Transfermarkt competition code
17P1,tm_competition:17P1,,17P1,,False,True,False,U17-Sonderspielrunde Vorr.,U17-Sonderspielrunde Vorr.,,,,accepted,shared Transfermarkt competition code
17P2,tm_competition:17P2,,17P2,,False,True,False,U17-Sonderspielrunde Hauptr.,U17-Sonderspielrunde Hauptr.,,,,accepted,shared Transfermarkt competition code
181F,tm_competition:181F,,181F,,False,True,False,O18 Div. 1 Fall,O18 Div. 1 Fall,,,,accepted,shared Transfermarkt competition code
181S,tm_competition:181S,,181S,,False,True,False,O18 Div. 1 Spring,O18 Div. 1 Spring,,,,accepted,shared Transfermarkt competition code
182F,tm_competition:182F,,182F,,False,True,False,U18 Div. 2 Fall,U18 Div. 2 Fall,,,,accepted,shared Transfermarkt competition code
182S,tm_competition:182S,,182S,,False,True,False,U18 Div. 2 Spring,U18 Div. 2 Spring,,,,accepted,shared Transfermarkt competition code
18GB,tm_competition:18GB,,18GB,,False,True,False,U18 PL - Final Stage,U18 PL - Final Stage,,,,accepted,shared Transfermarkt competition code
19D1,tm_competition:19D1,,19D1,,False,True,False,U19 Nachwuchsliga - Gr. A,U19 Nachwuchsliga - Gr. A,,,,accepted,shared Transfermarkt competition code
19D2,tm_competition:19D2,,19D2,,False,True,False,U19 Nachwuchsliga - Gr. B,U19 Nachwuchsliga - Gr. B,,,,accepted,shared Transfermarkt competition code
19D3,tm_competition:19D3,,19D3,,False,True,False,U19 Nachwuchsliga - Gr. C,U19 Nachwuchsliga - Gr. C,,,,accepted,shared Transfermarkt competition code
19D4,tm_competition:19D4,,19D4,,False,True,False,U19 Nachwuchsliga - Gr. D,U19 Nachwuchsliga - Gr. D,,,,accepted,shared Transfermarkt competition code
19D5,tm_competition:19D5,,19D5,,False,True,False,U19 Nachwuchsliga - Gr. E,U19 Nachwuchsliga - Gr. E,,,,accepted,shared Transfermarkt competition code
19D6,tm_competition:19D6,,19D6,,False,True,False,U19 Nachwuchsliga - Gr. F,U19 Nachwuchsliga - Gr. F,,,,accepted,shared Transfermarkt competition code
19D7,tm_competition:19D7,,19D7,,False,True,False,U19 Nachwuchsliga - Gr. G,U19 Nachwuchsliga - Gr. G,,,,accepted,shared Transfermarkt competition code
19D8,tm_competition:19D8,,19D8,,False,True,False,U19 Nachwuchsliga - Gr. H,U19 Nachwuchsliga - Gr. H,,,,accepted,shared Transfermarkt competition code
19D9,tm_competition:19D9,,19D9,,False,True,False,U19 Nachwuchsliga - Gr. I,U19 Nachwuchsliga - Gr. I,,,,accepted,shared Transfermarkt competition code
19LA,tm_competition:19LA,,19LA,,False,True,False,U19 Nachwuchsliga - Liga A,U19 Nachwuchsliga - Liga A,,,,accepted,shared Transfermarkt competition code
19LB,tm_competition:19LB,,19LB,,False,True,False,U19 Nachwuchsliga - Liga B,U19 Nachwuchsliga - Liga B,,,,accepted,shared Transfermarkt competition code
19S1,tm_competition:19S1,,19S1,,False,True,False,U19-Sonderspielrunde Vorr.,U19-Sonderspielrunde Vorr.,,,,accepted,shared Transfermarkt competition code
19S2,tm_competition:19S2,,19S2,,False,True,False,U19-Sonderspielrunde Hauptr.,U19-Sonderspielrunde Hauptr.,,,,accepted,shared Transfermarkt competition code
19YL,tm_competition:19YL,,19YL,,False,True,False,UEFA Youth League,UEFA Youth League,,,,accepted,shared Transfermarkt competition code
1CY2,tm_competition:1CY2,,1CY2,,False,True,False,2. Division Prom.,2. Division Prom.,,,,accepted,shared Transfermarkt competition code
1LG4,tm_competition:1LG4,,1LG4,,False,True,False,1. Liga Gruppe 4 (bis 99/00),1. Liga Gruppe 4 (bis 99/00),,,,accepted,shared Transfermarkt competition code
211F,tm_competition:211F,,211F,,False,True,False,U21 Div. 1 Fall,U21 Div. 1 Fall | U21 Division 1 Fall,,,,accepted,shared Transfermarkt competition code
211S,tm_competition:211S,,211S,,False,True,False,U21 Div. 1 Spring,U21 Div. 1 Spring | U21 Division 1 Spring,,,,accepted,shared Transfermarkt competition code
212F,tm_competition:212F,,212F,,False,True,False,U21 Div. 2 Fall,U21 Div. 2 Fall | U21 Division 2 Fall,,,,accepted,shared Transfermarkt competition code
212S,tm_competition:212S,,212S,,False,True,False,U21 Div. 2 Spring,U21 Div. 2 Spring | U21 Division 2 Spring,,,,accepted,shared Transfermarkt competition code
21PL,tm_competition:21PL,,21PL,,False,True,False,Premier League Cup,Premier League Cup | U21 PL Cup,,,,accepted,shared Transfermarkt competition code
2CYP,tm_competition:2CYP,,2CYP,,False,True,False,2. Division Releg.,2. Division Releg.,,,,accepted,shared Transfermarkt competition code
2DVB,tm_competition:2DVB,,2DVB,,False,True,False,2. Division B,2. Division B,,,,accepted,shared Transfermarkt competition code
2NP2,tm_competition:2NP2,,2NP2,,False,True,False,2 NAT PO Degradatie,2 NAT PO Degradatie,,,,accepted,shared Transfermarkt competition code
2NPP,tm_competition:2NPP,,2NPP,,False,True,False,2 NAT PO Promotie,2 NAT PO Promotie,,,,accepted,shared Transfermarkt competition code
2RHR,tm_competition:2RHR,,2RHR,,False,True,False,Relegation Prva NL,Relegation Prva NL,,,,accepted,shared Transfermarkt competition code
3CZP,tm_competition:3CZP,,3CZP,,False,True,False,CFL - Promotion Playoff,CFL - Promotion Playoff,,,,accepted,shared Transfermarkt competition code
3NP2,tm_competition:3NP2,,3NP2,,False,True,False,3 NAT PO Degradatie,3 NAT PO Degradatie,,,,accepted,shared Transfermarkt competition code
3NPP,tm_competition:3NPP,,3NPP,,False,True,False,3 NAT PO Promotie,3 NAT PO Promotie,,,,accepted,shared Transfermarkt competition code
3PTP,tm_competition:3PTP,,3PTP,,False,True,False,Liga 3 - Finals,Liga 3 - Finals,,,,accepted,shared Transfermarkt competition code
402,tm_competition:402,,402,,False,True,False,Final Topklasse,Final Topklasse,,,,accepted,shared Transfermarkt competition code
510,tm_competition:510,,510,,False,True,False,Topklasse Saturd,Derde Div. Sat | Derde Divisie A | Derde Divisie Saturday | Topklasse Saturd,,,,accepted,shared Transfermarkt competition code
511,tm_competition:511,,511,,False,True,False,Derde Divisie B,Derde Div. Sun. | Derde Divisie B | Derde Divisie Sunday | Topklasse Sunday,,,,accepted,shared Transfermarkt competition code
A1,tm_competition:A1,A1,A1,,True,True,False,bundesliga,1. Division | 1.Klasse | Bereichsklasse Donau-Alpenland | Bundesliga | Nationalliga | Staatsliga | Wien I. Liga | Wiener Liga | bundesliga,Austria,domestic_league,first_tier,accepted,shared Transfermarkt competition code
A1EL,tm_competition:A1EL,,A1EL,,False,True,False,Bundesliga EC-Play-off,Bundesliga EC-Play-off,,,,accepted,shared Transfermarkt competition code
A1P1,tm_competition:A1P1,,A1P1,,False,True,False,Playoff Torneo Apertura,Playoff Torneo Apertura,,,,accepted,shared Transfermarkt competition code
A1R,tm_competition:A1R,,A1R,,False,True,False,Relegation Bundesliga (- 2021),Relegation Bundesliga (- 2021),,,,accepted,shared Transfermarkt competition code
A2,tm_competition:A2,,A2,,False,True,False,2. Liga,2. Division | 2. Liga | Erste Division | Erste Liga | Nationalliga | Staatsliga B,,,,accepted,shared Transfermarkt competition code
A2BL,tm_competition:A2BL,,A2BL,,False,True,False,Aufstiegsrunde 2. BL,Aufstiegsrunde 2. BL,,,,accepted,shared Transfermarkt competition code
A2RE,tm_competition:A2RE,,A2RE,,False,True,False,Relegation Erste Liga (- 2015),Relegation Erste Liga (- 2015) | Rl. 1. Division | Rl. 2. Division,,,,accepted,shared Transfermarkt competition code
A2SW,tm_competition:A2SW,,A2SW,,False,True,False,NPL New South Wales,NPL New South Wales,,,,accepted,shared Transfermarkt competition code
A2TP,tm_competition:A2TP,,A2TP,,False,True,False,Prim. Nacional - Reducido,Prim. Nacional - Reducido,,,,accepted,shared Transfermarkt competition code
A2VI,tm_competition:A2VI,,A2VI,,False,True,False,NPL Victoria,NPL Victoria,,,,accepted,shared Transfermarkt competition code
A3RP,tm_competition:A3RP,,A3RP,,False,True,False,Federal A - Reválida Playoff,Federal A - Reválida Playoff,,,,accepted,shared Transfermarkt competition code
A4B,tm_competition:A4B,,A4B,,False,True,False,Burgenlandliga,Burgenlandliga,,,,accepted,shared Transfermarkt competition code
A4K,tm_competition:A4K,,A4K,,False,True,False,Kärntner Liga,Kärntner Liga | Tauernliga Süd,,,,accepted,shared Transfermarkt competition code
A4KR,tm_competition:A4KR,,A4KR,,False,True,False,Relegation Kärntner Liga,Relegation Kärntner Liga,,,,accepted,shared Transfermarkt competition code
A4N,tm_competition:A4N,,A4N,,False,True,False,LL Niederösterreich,1. Klasse Lower Austria | 1. Landesliga Niederösterreich | LL Niederösterreich,,,,accepted,shared Transfermarkt competition code
A4O,tm_competition:A4O,,A4O,,False,True,False,OÖ Liga,Oberösterreich Liga | OÖ Liga,,,,accepted,shared Transfermarkt competition code
A4OR,tm_competition:A4OR,,A4OR,,False,True,False,Rel. OÖ Liga,Rel. OÖ Liga,,,,accepted,shared Transfermarkt competition code
A4S,tm_competition:A4S,,A4S,,False,True,False,Salzburger Liga,1. Klasse Salzburg | 1. LL Sbg. | 1. Landesliga Salzburg | Landesklasse Salzburg | Landesliga Salzburg | Salzburger Liga | Tauernliga Nord,,,,accepted,shared Transfermarkt competition code
A4ST,tm_competition:A4ST,,A4ST,,False,True,False,LL Steiermark,1. Klasse Steiermark | LL Steiermark | Landesliga Steiermark,,,,accepted,shared Transfermarkt competition code
A4T,tm_competition:A4T,,A4T,,False,True,False,Regionalliga Tirol,Regionalliga Tirol | Tiroler Liga,,,,accepted,shared Transfermarkt competition code
A4V,tm_competition:A4V,,A4V,,False,True,False,Vorarlbergliga,Eliteliga Vorarlberg | Landesliga Vorarlberg | Vorarlbergliga,,,,accepted,shared Transfermarkt competition code
A4W,tm_competition:A4W,,A4W,,False,True,False,Wiener Stadtliga,Wiener Stadtliga,,,,accepted,shared Transfermarkt competition code
AACC,tm_competition:AACC,,AACC,,False,True,False,Afro-Asian Cup,Afro-Asian Cup,,,,accepted,shared Transfermarkt competition code
AC2Q,tm_competition:AC2Q,,AC2Q,,False,True,False,AFC CL Two Qualif.,AFC CL Two Qualif.,,,,accepted,shared Transfermarkt competition code
ACCS,tm_competition:ACCS,,ACCS,,False,True,False,Asian Club Championship,Asian Club Championship,,,,accepted,shared Transfermarkt competition code
ACEQ,tm_competition:ACEQ,,ACEQ,,False,True,False,AFC CL Elite Qualif.,AFC CL Elite Qualif.,,,,accepted,shared Transfermarkt competition code
ACFF,tm_competition:ACFF,,ACFF,,False,True,False,2de Nationale ACFF,2de Nat ACFF | 2de Nationale ACFF | 2de kl. am. ACFF | Tweede klasse amateurs ACFF,,,,accepted,shared Transfermarkt competition code
ACHQ,tm_competition:ACHQ,,ACHQ,,False,True,False,AFC Challenge L. Qualif.,AFC Challenge L. Qualif.,,,,accepted,shared Transfermarkt competition code
ACL,tm_competition:ACL,,ACL,,False,True,False,CAF-Champions League,CAF-Champions League,,,,accepted,shared Transfermarkt competition code
ACL2,tm_competition:ACL2,,ACL2,,False,True,False,AFC Champions League Two,AFC Champions League Two,,,,accepted,shared Transfermarkt competition code
ACLE,tm_competition:ACLE,,ACLE,,False,True,False,AFC Champions League,AFC Champions League,,,,accepted,shared Transfermarkt competition code
ACLQ,tm_competition:ACLQ,,ACLQ,,False,True,False,AFC CL-Qualification,AFC CL-Qualification,,,,accepted,shared Transfermarkt competition code
ACO1,tm_competition:ACO1,,ACO1,,False,True,False,Copa Campeonato,Copa Campeonato,,,,accepted,shared Transfermarkt competition code
ACWC,tm_competition:ACWC,,ACWC,,False,True,False,Asian Cup Winner's Cup,Asian Cup Winner's Cup,,,,accepted,shared Transfermarkt competition code
AFAC,tm_competition:AFAC,AFAC,,,True,False,False,afc-asian-cup,afc-asian-cup,,national_team_competition,afc_asian_cup,accepted,shared Transfermarkt competition code
AFCC,tm_competition:AFCC,,AFCC,,False,True,False,AFC Cup,AFC Cup,,,,accepted,shared Transfermarkt competition code
AFCL,tm_competition:AFCL,,AFCL,,False,True,False,AFC Champions League,AFC Champions League,,,,accepted,shared Transfermarkt competition code
AFCN,tm_competition:AFCN,AFCN,,,True,False,False,africa-cup-of-nations,africa-cup-of-nations,,national_team_competition,africa_cup_of_nations,accepted,shared Transfermarkt competition code
AFCP,tm_competition:AFCP,,AFCP,,False,True,False,AFC Challenge League,AFC Challenge League | AFC President's,,,,accepted,shared Transfermarkt competition code
AFOL,tm_competition:AFOL,,AFOL,,False,True,False,African Football League,African Football League,,,,accepted,shared Transfermarkt competition code
AFPQ,tm_competition:AFPQ,,AFPQ,,False,True,False,President's Cup-Qualif.,President's Cup-Qualif.,,,,accepted,shared Transfermarkt competition code
AFQU,tm_competition:AFQU,,AFQU,,False,True,False,AFC Cup Qualifiers,AFC Cup Qualifiers,,,,accepted,shared Transfermarkt competition code
AGSC,tm_competition:AGSC,,AGSC,,False,True,False,Supercoupe d'Algérie,Supercoupe d'Algérie,,,,accepted,shared Transfermarkt competition code
AJ,tm_competition:AJ,,AJ,,False,True,False,U19-Champ.,U19-BL Finals | U19-Champ. | U19-Championship,,,,accepted,shared Transfermarkt competition code
AJ1,tm_competition:AJ1,,AJ1,,False,True,False,U19-BL N/NE,U19-BL N/NE,,,,accepted,shared Transfermarkt competition code
AJ17,tm_competition:AJ17,,AJ17,,False,True,False,ÖFB Jugendliga U17 (- 2010),ÖFB Jugendliga U17 (- 2010),,,,accepted,shared Transfermarkt competition code
AJ2,tm_competition:AJ2,,AJ2,,False,True,False,U19-Bundesliga West,U19-Bundesliga West,,,,accepted,shared Transfermarkt competition code
AJ3,tm_competition:AJ3,,AJ3,,False,True,False,U19-Bundesliga S/SW,U19-Bundesliga S/SW,,,,accepted,shared Transfermarkt competition code
AJR1,tm_competition:AJR1,,AJR1,,False,True,False,U19-Relegation Nord/Nordost,U19-Relegation Nord/Nordost,,,,accepted,shared Transfermarkt competition code
AJR2,tm_competition:AJR2,,AJR2,,False,True,False,U19-Relegation Süd/Südwest,U19-Relegation Süd/Südwest,,,,accepted,shared Transfermarkt competition code
AJSC,tm_competition:AJSC,,AJSC,,False,True,False,Trofeo de Campeones Proyección,Trofeo de Campeones Proyección,,,,accepted,shared Transfermarkt competition code
AL21,tm_competition:AL21,,AL21,,False,True,False,Kategoria Superiore U21,Kategoria Superiore U21,,,,accepted,shared Transfermarkt competition code
ALB1,tm_competition:ALB1,,ALB1,,False,True,False,Kategoria Superiore,Kategoria Superiore,,,,accepted,shared Transfermarkt competition code
ALB2,tm_competition:ALB2,,ALB2,,False,True,False,Kategoria e Parë,Kategoria e Parë,,,,accepted,shared Transfermarkt competition code
ALBP,tm_competition:ALBP,,ALBP,,False,True,False,Kupa e Shqipërisë,Kupa e Shqipërisë,,,,accepted,shared Transfermarkt competition code
ALBS,tm_competition:ALBS,,ALBS,,False,True,False,Superkupa e Shqipërisë,Superkupa e Shqipërisë,,,,accepted,shared Transfermarkt competition code
ALG1,tm_competition:ALG1,,ALG1,,False,True,False,Ligue Professionnelle 1,Division 1 | Ligue Professionnelle 1 | Super Division,,,,accepted,shared Transfermarkt competition code
ALGP,tm_competition:ALGP,,ALGP,,False,True,False,Coupe d'Algerie,Coupe d'Algerie | Coupe d'Algérie,,,,accepted,shared Transfermarkt competition code
ALLN,tm_competition:ALLN,,ALLN,,False,True,False,Playoffs OL,Playoffs OL,,,,accepted,shared Transfermarkt competition code
ALLP,tm_competition:ALLP,,ALLP,,False,True,False,Coupe de la Ligue d'Algérie,Coupe de la Ligue d'Algérie,,,,accepted,shared Transfermarkt competition code
ALON,tm_competition:ALON,,ALON,,False,True,False,Aufstiegsrunde zur OL Nord,Aufstiegsrunde zur OL Nord,,,,accepted,shared Transfermarkt competition code
ALP1,tm_competition:ALP1,,ALP1,,False,True,False,Kategoria e Parë Promotion,Kategoria e Parë Promotion,,,,accepted,shared Transfermarkt competition code
ALP2,tm_competition:ALP2,,ALP2,,False,True,False,Kategoria e Parë Relegation,Kategoria e Parë Relegation,,,,accepted,shared Transfermarkt competition code
ALP3,tm_competition:ALP3,,ALP3,,False,True,False,Kat. Superiore Final,Kat. Superiore Final,,,,accepted,shared Transfermarkt competition code
ALP4,tm_competition:ALP4,,ALP4,,False,True,False,Re. Kategoria e Parë,Re. Kategoria e Parë,,,,accepted,shared Transfermarkt competition code
ALPL,tm_competition:ALPL,,ALPL,,False,True,False,Liguilla Pre-Libertadores (-14/15),Liguilla Pre-Libertadores (-14/15),,,,accepted,shared Transfermarkt competition code
ALPO,tm_competition:ALPO,,ALPO,,False,True,False,Relegation Kategoria Superiore,Relegation Kategoria Superiore,,,,accepted,shared Transfermarkt competition code
ALPS,tm_competition:ALPS,,ALPS,,False,True,False,Liguilla Pre-Sudamericana (-14/15),Liguilla Pre-Sudamericana (-14/15),,,,accepted,shared Transfermarkt competition code
ALPW,tm_competition:ALPW,,ALPW,,False,True,False,U19 Ligapokal West,U19 Ligapokal West,,,,accepted,shared Transfermarkt competition code
AMCQ,tm_competition:AMCQ,,AMCQ,,False,True,False,Amir Cup - Preliminary stage,Amir Cup - Preliminary stage,,,,accepted,shared Transfermarkt competition code
ANCR,tm_competition:ANCR,,ANCR,,False,True,False,Championship Round,Championship Round,,,,accepted,shared Transfermarkt competition code
AND1,tm_competition:AND1,,AND1,,False,True,False,Primera Divisió,Primera Divisió,,,,accepted,shared Transfermarkt competition code
AND2,tm_competition:AND2,,AND2,,False,True,False,Segona Divisió,Segona Divisió,,,,accepted,shared Transfermarkt competition code
ANDP,tm_competition:ANDP,,ANDP,,False,True,False,Copa Constitució,Copa Constitució,,,,accepted,shared Transfermarkt competition code
ANPO,tm_competition:ANPO,,ANPO,,False,True,False,Primera Divisió Playoffs,Primera Divisió Playoffs,,,,accepted,shared Transfermarkt competition code
ANRR,tm_competition:ANRR,,ANRR,,False,True,False,Relegation Round,Relegation Round,,,,accepted,shared Transfermarkt competition code
ANSC,tm_competition:ANSC,,ANSC,,False,True,False,Andorran Supercup,Andorran Supercup,,,,accepted,shared Transfermarkt competition code
AOLB,tm_competition:AOLB,,AOLB,,False,True,False,Aufstiegsr. OL Ba-Wü,Aufstiegsr. OL Ba-Wü,,,,accepted,shared Transfermarkt competition code
AOLH,tm_competition:AOLH,,AOLH,,False,True,False,Aufstiegsr. Hessenliga,Aufstiegsr. Hessenliga,,,,accepted,shared Transfermarkt competition code
AOLR,tm_competition:AOLR,,AOLR,,False,True,False,Aufstiegsr. OL RLP/Saar,Aufstiegsr. OL RLP/Saar,,,,accepted,shared Transfermarkt competition code
AOLS,tm_competition:AOLS,,AOLS,,False,True,False,Aufstiegsr. OL SH,Aufstiegsr. OL SH,,,,accepted,shared Transfermarkt competition code
AOLW,tm_competition:AOLW,,AOLW,,False,True,False,Aufstiegsr. OL Westf.,Aufstiegsr. OL Westf.,,,,accepted,shared Transfermarkt competition code
AOLY,tm_competition:AOLY,,AOLY,,False,True,False,Relegation zur Bayernliga,Relegation zur Bayernliga,,,,accepted,shared Transfermarkt competition code
AR1N,tm_competition:AR1N,,AR1N,,False,True,False,Primera División,Liga Profesional (- 23/24) | Primera División | Professional Football League (- 23/24) | Superliga | Superliga Argentina,,,,accepted,shared Transfermarkt competition code
AR2T,tm_competition:AR2T,,AR2T,,False,True,False,Prim. Nacional - Promotion Stage,Prim. Nacional - Promotion Stage,,,,accepted,shared Transfermarkt competition code
AR3A,tm_competition:AR3A,,AR3A,,False,True,False,Asc. Fed. A & Prim. B Metro,Asc. Fed. A & Prim. B Metro,,,,accepted,shared Transfermarkt competition code
AR3B,tm_competition:AR3B,,AR3B,,False,True,False,Primera B Reducido,Primera B Reducido,,,,accepted,shared Transfermarkt competition code
AR3C,tm_competition:AR3C,,AR3C,,False,True,False,Primera B Apertura,Primera B Apertura | Primera División B Apertura,,,,accepted,shared Transfermarkt competition code
AR3D,tm_competition:AR3D,,AR3D,,False,True,False,Primera B Clausura,Primera B Clausura | Primera División B Clausura,,,,accepted,shared Transfermarkt competition code
AR3F,tm_competition:AR3F,,AR3F,,False,True,False,Federal A - Fase Campeonato,Federal A - Fase Campeonato,,,,accepted,shared Transfermarkt competition code
AR3L,tm_competition:AR3L,,AR3L,,False,True,False,Aufstiegsrunde zur 3. Liga,Aufstiegsrunde zur 3. Liga,,,,accepted,shared Transfermarkt competition code
AR3P,tm_competition:AR3P,,AR3P,,False,True,False,Torneo Fed. A Playoff,Torneo Fed. A Playoff,,,,accepted,shared Transfermarkt competition code
AR3R,tm_competition:AR3R,,AR3R,,False,True,False,Federal A - Fase Reválida,Federal A - Fase Reválida,,,,accepted,shared Transfermarkt competition code
ARBL,tm_competition:ARBL,,ARBL,,False,True,False,Aufstiegsr. Berlin-Liga,Aufstiegsr. Berlin-Liga,,,,accepted,shared Transfermarkt competition code
ARCA,tm_competition:ARCA,,ARCA,,False,True,False,Copa Argentina,Copa Argentina,,,,accepted,shared Transfermarkt competition code
ARG1,tm_competition:ARG1,ARG1,ARG1,,True,True,False,torneo-apertura,Apertura | Inicial | Torneo Apertura | Torneo Inicial | Transición | torneo-apertura,Argentina,domestic_league,first_tier,accepted,shared Transfermarkt competition code
ARG2,tm_competition:ARG2,,ARG2,,False,True,False,Primera Nacional,Prim. B Nacional | Primera B Nacional | Primera Nacional,,,,accepted,shared Transfermarkt competition code
ARG3,tm_competition:ARG3,,ARG3,,False,True,False,Torneo Federal A,Torneo Federal A,,,,accepted,shared Transfermarkt competition code
ARGC,tm_competition:ARGC,,ARGC,,False,True,False,Clausura,Clausura | Final | Torneo Clausura | Torneo Final,,,,accepted,shared Transfermarkt competition code
ARLC,tm_competition:ARLC,,ARLC,,False,True,False,Copa Superliga (-19/20),Copa Superliga (-19/20),,,,accepted,shared Transfermarkt competition code
ARM1,tm_competition:ARM1,,ARM1,,False,True,False,Premier League,Premier League,,,,accepted,shared Transfermarkt competition code
ARM2,tm_competition:ARM2,,ARM2,,False,True,False,First League,First League,,,,accepted,shared Transfermarkt competition code
ARPO,tm_competition:ARPO,,ARPO,,False,True,False,Armenian Independence Cup,Armenian Independence Cup,,,,accepted,shared Transfermarkt competition code
ARRN,tm_competition:ARRN,,ARRN,,False,True,False,Aufstiegsrunde zur RL Nord,Aufstiegsrunde zur RL Nord,,,,accepted,shared Transfermarkt competition code
ARRO,tm_competition:ARRO,,ARRO,,False,True,False,Aufstiegsrunde zur RL Nordost,Aufstiegsrunde zur RL Nordost,,,,accepted,shared Transfermarkt competition code
ARRS,tm_competition:ARRS,,ARRS,,False,True,False,Aufstiegsr. RL Süd,Aufstiegsr. RL Süd,,,,accepted,shared Transfermarkt competition code
ARSC,tm_competition:ARSC,,ARSC,,False,True,False,Armenian Supercup,Armenian Supercup,,,,accepted,shared Transfermarkt competition code
ARWN,tm_competition:ARWN,,ARWN,,False,True,False,Aufstiegsr. RL West,Aufstiegsr. RL West,,,,accepted,shared Transfermarkt competition code
ARY3,tm_competition:ARY3,,ARY3,,False,True,False,Torneo Proyección,Torneo Proyección,,,,accepted,shared Transfermarkt competition code
ASCC,tm_competition:ASCC,,ASCC,,False,True,False,ASEAN Club Championship,ASEAN Club Championship,,,,accepted,shared Transfermarkt competition code
ASCQ,tm_competition:ASCQ,,ASCQ,,False,True,False,ASEAN Club Championship Qu.,ASEAN Club Championship Qu.,,,,accepted,shared Transfermarkt competition code
ASPK,tm_competition:ASPK,,ASPK,,False,True,False,Azerbaycan Kuboku,Azerbaycan Kuboku,,,,accepted,shared Transfermarkt competition code
ASSP,tm_competition:ASSP,,ASSP,,False,True,False,Asian Super Cup,Asian Super Cup,,,,accepted,shared Transfermarkt competition code
ATMP,tm_competition:ATMP,,ATMP,,False,True,False,Mittleres Playoff (- 1993),Mittleres Playoff (- 1993),,,,accepted,shared Transfermarkt competition code
ATRM,tm_competition:ATRM,,ATRM,,False,True,False,Regional League Central,Regional League Central,,,,accepted,shared Transfermarkt competition code
ATRO,tm_competition:ATRO,,ATRO,,False,True,False,Regional League East,Regional League East,,,,accepted,shared Transfermarkt competition code
ATRW,tm_competition:ATRW,,ATRW,,False,True,False,Regionalliga West,Regionalliga West,,,,accepted,shared Transfermarkt competition code
AUS1,tm_competition:AUS1,AUS1,AUS1,,True,True,False,a-league-men,A-League | A-League Men | a-league-men,Australia,domestic_league,first_tier,accepted,shared Transfermarkt competition code
AUSF,tm_competition:AUSF,,AUSF,,False,True,False,A-League Fin.,A-League Fin. | A-League Finals,,,,accepted,shared Transfermarkt competition code
AZ1,tm_competition:AZ1,,AZ1,,False,True,False,Premyer Liqa,Premyer Liqa,,,,accepted,shared Transfermarkt competition code
AZ1A,tm_competition:AZ1A,,AZ1A,,False,True,False,Premyer Liqasi Abstiegsrunde,Premyer Liqasi Abstiegsrunde,,,,accepted,shared Transfermarkt competition code
AZ1M,tm_competition:AZ1M,,AZ1M,,False,True,False,Premyer Liqasi Meisterschaftsrunde,Premyer Liqasi Meisterschaftsrunde,,,,accepted,shared Transfermarkt competition code
AZF2,tm_competition:AZF2,,AZF2,,False,True,False,Azadegan League Final Round (- 2015),Azadegan League Final Round (- 2015),,,,accepted,shared Transfermarkt competition code
B1AP,tm_competition:B1AP,,B1AP,,False,True,False,División Profesional Apertura,División Profesional Apertura,,,,accepted,shared Transfermarkt competition code
B1P1,tm_competition:B1P1,,B1P1,,False,True,False,Apertura Playoff,Apertura Playoff,,,,accepted,shared Transfermarkt competition code
B1P2,tm_competition:B1P2,,B1P2,,False,True,False,Clausura Playoff,Clausura Playoff,,,,accepted,shared Transfermarkt competition code
B3AB,tm_competition:B3AB,,B3AB,,False,True,False,1N ACFF PRO PO,1N ACFF PRO PO | PRO PO 1ste NAT,,,,accepted,shared Transfermarkt competition code
B3AU,tm_competition:B3AU,,B3AU,,False,True,False,Aufstiegsr. Eerste Klasse Am.,Aufstiegsr. Eerste Klasse Am.,,,,accepted,shared Transfermarkt competition code
BA2L,tm_competition:BA2L,,BA2L,,False,True,False,Baraże II liga,Baraże II liga,,,,accepted,shared Transfermarkt competition code
BA93,tm_competition:BA93,,BA93,,False,True,False,Oberliga Bayern,Oberliga Bayern | Oberliga Bayern (- 93/94),,,,accepted,shared Transfermarkt competition code
BALC,tm_competition:BALC,,BALC,,False,True,False,Balkans Cup,Balkans Cup,,,,accepted,shared Transfermarkt competition code
BAPL,tm_competition:BAPL,,BAPL,,False,True,False,Promotion Playoffs 1 Liga,Promotion Playoffs 1 Liga,,,,accepted,shared Transfermarkt competition code
BAPO,tm_competition:BAPO,,BAPO,,False,True,False,Baraze o udzial w Ekstraklasie,Baraze o udzial w Ekstraklasie,,,,accepted,shared Transfermarkt competition code
BASU,tm_competition:BASU,,BASU,,False,True,False,Super League Barrage,Super League Barrage,,,,accepted,shared Transfermarkt competition code
BBPO,tm_competition:BBPO,,BBPO,,False,True,False,Brandenburgpokal,Brandenburgpokal,,,,accepted,shared Transfermarkt competition code
BCE1,tm_competition:BCE1,,BCE1,,False,True,False,Campeonato Cearense - Finals,Campeonato Cearense - Finals,,,,accepted,shared Transfermarkt competition code
BCE2,tm_competition:BCE2,,BCE2,,False,True,False,Camp. Cearense - Releg.,Camp. Cearense - Releg. | Campeonato Cearense - Relegation Round,,,,accepted,shared Transfermarkt competition code
BCP1,tm_competition:BCP1,,BCP1,,False,True,False,Campeonato Paulista,Campeonato Paulista,,,,accepted,shared Transfermarkt competition code
BCP2,tm_competition:BCP2,,BCP2,,False,True,False,Troféu Independência,Troféu Independência,,,,accepted,shared Transfermarkt competition code
BCPF,tm_competition:BCPF,,BCPF,,False,True,False,Paulistão A1 - Fase Final,Paulistão A1 - Fase Final,,,,accepted,shared Transfermarkt competition code
BE1,tm_competition:BE1,BE1,BE1,,True,True,False,jupiler-pro-league,Eerste klasse | JPL | Jupiler League | Jupiler Liga | Jupiler Pro League | jupiler-pro-league,Belgium,domestic_league,first_tier,accepted,shared Transfermarkt competition code
BE2,tm_competition:BE2,,BE2,,False,True,False,Challenger Pro League,1B Pro League | Belgacom League | CPL | Challenger Pro League | EXQI League | Proximus League,,,,accepted,shared Transfermarkt competition code
BE21,tm_competition:BE21,,BE21,,False,True,False,U21 Pro League,U21 Pro League,,,,accepted,shared Transfermarkt competition code
BE2A,tm_competition:BE2A,,BE2A,,False,True,False,PL Relegation,CPL Relegation-Playoffs | PL Relegation,,,,accepted,shared Transfermarkt competition code
BE2E,tm_competition:BE2E,,BE2E,,False,True,False,PL Final,CPL Promotion-Playoffs | PL Final,,,,accepted,shared Transfermarkt competition code
BE3A,tm_competition:BE3A,,BE3A,,False,True,False,1ste Nationale ACFF,1ste Nationale ACFF,,,,accepted,shared Transfermarkt competition code
BE3B,tm_competition:BE3B,,BE3B,,False,True,False,1ste NAT ACFF REL PO,1ste NAT ACFF REL PO,,,,accepted,shared Transfermarkt competition code
BE3V,tm_competition:BE3V,,BE3V,,False,True,False,1ste Nationale VV,1ste Nationale VV,,,,accepted,shared Transfermarkt competition code
BE4P,tm_competition:BE4P,,BE4P,,False,True,False,2de Nat. Titel van Kampioen,2de Nat. Titel van Kampioen,,,,accepted,shared Transfermarkt competition code
BE5A,tm_competition:BE5A,,BE5A,,False,True,False,3de Nationale VV A,3de Nationale VV A,,,,accepted,shared Transfermarkt competition code
BE5B,tm_competition:BE5B,,BE5B,,False,True,False,3de Nationale VV B,3de Nationale VV B,,,,accepted,shared Transfermarkt competition code
BEL3,tm_competition:BEL3,,BEL3,,False,True,False,1ste Nationale,1e kl. amateurs | 1ste Nationale | Eerste klasse amateurs,,,,accepted,shared Transfermarkt competition code
BELR,tm_competition:BELR,,BELR,,False,True,False,Relegation Belarus,Relegation Belarus,,,,accepted,shared Transfermarkt competition code
BESC,tm_competition:BESC,BESC,BESC,,True,True,False,volkswagen-supercup,Pro L. Supercup | Super Cup | Volkswagen Supercup | volkswagen-supercup,Belgium,other,domestic_super_cup,accepted,shared Transfermarkt competition code
BEY1,tm_competition:BEY1,,BEY1,,False,True,False,U18 Elite 1,U18 Elite 1,,,,accepted,shared Transfermarkt competition code
BEYO,tm_competition:BEYO,,BEYO,,False,True,False,U18 Elite 1 PO B,U18 Elite 1 PO B,,,,accepted,shared Transfermarkt competition code
BEYP,tm_competition:BEYP,,BEYP,,False,True,False,U18 Elite 1 PO A,U18 Elite 1 PO A,,,,accepted,shared Transfermarkt competition code
BGD1,tm_competition:BGD1,,BGD1,,False,True,False,Bangladesh PL,Bangladesh PL,,,,accepted,shared Transfermarkt competition code
BGDP,tm_competition:BGDP,,BGDP,,False,True,False,Federation Cup,Federation Cup,,,,accepted,shared Transfermarkt competition code
BH1L,tm_competition:BH1L,,BH1L,,False,True,False,Bhutan Premier League,Bhutan Premier League,,,,accepted,shared Transfermarkt competition code
BH2S,tm_competition:BH2S,,BH2S,,False,True,False,Prva Liga RS,Prva Liga RS,,,,accepted,shared Transfermarkt competition code
BHSC,tm_competition:BHSC,,BHSC,,False,True,False,Superkup BiH,Superkup BiH,,,,accepted,shared Transfermarkt competition code
BI17,tm_competition:BI17,,BI17,,False,True,False,Premijer Liga BiH U17,Premijer Liga BiH U17,,,,accepted,shared Transfermarkt competition code
BI19,tm_competition:BI19,,BI19,,False,True,False,Premijer Liga BiH U19,Premijer Liga BiH U19,,,,accepted,shared Transfermarkt competition code
BIHP,tm_competition:BIHP,,BIHP,,False,True,False,Kup BiH,Kup BiH,,,,accepted,shared Transfermarkt competition code
BJ,tm_competition:BJ,,BJ,,False,True,False,U17-BL Finals,U17-BL Finals | U17-Champ. | U17-Championship,,,,accepted,shared Transfermarkt competition code
BJ1,tm_competition:BJ1,,BJ1,,False,True,False,U17-BL N/NE,U17-BL N/NE,,,,accepted,shared Transfermarkt competition code
BJ2,tm_competition:BJ2,,BJ2,,False,True,False,U17-Bundesliga West,U17-Bundesliga West,,,,accepted,shared Transfermarkt competition code
BJ3,tm_competition:BJ3,,BJ3,,False,True,False,U17-Bundesliga South/Southwest,U17-Bundesliga South/Southwest,,,,accepted,shared Transfermarkt competition code
BJ3R,tm_competition:BJ3R,,BJ3R,,False,True,False,U17-Relegation Süd/Südwest,U17-Relegation Süd/Südwest,,,,accepted,shared Transfermarkt competition code
BJ4R,tm_competition:BJ4R,,BJ4R,,False,True,False,U17-Relegation Nord/Nordost,U17-Relegation Nord/Nordost,,,,accepted,shared Transfermarkt competition code
BK17,tm_competition:BK17,,BK17,,False,True,False,U17 Div. 1 Championship-PO,U17 Div. 1 Championship-PO,,,,accepted,shared Transfermarkt competition code
BK19,tm_competition:BK19,,BK19,,False,True,False,U19 Div. 1 Championship-PO,U19 Div. 1 Championship-PO,,,,accepted,shared Transfermarkt competition code
BLP1,tm_competition:BLP1,,BLP1,,False,True,False,Ligabeker,Ligabeker,,,,accepted,shared Transfermarkt competition code
BLPW,tm_competition:BLPW,,BLPW,,False,True,False,U17 Ligapokal West,U17 Ligapokal West,,,,accepted,shared Transfermarkt competition code
BNOE,tm_competition:BNOE,,BNOE,,False,True,False,LL Bayern NO - Finals,LL Bayern NO - Finals,,,,accepted,shared Transfermarkt competition code
BNWE,tm_competition:BNWE,,BNWE,,False,True,False,LL Bayern NW - Finals,LL Bayern NW - Finals,,,,accepted,shared Transfermarkt competition code
BO12,tm_competition:BO12,,BO12,,False,True,False,Copa División Profesional,Copa Bolivia | Copa División Profesional,,,,accepted,shared Transfermarkt competition code
BO1A,tm_competition:BO1A,,BO1A,,False,True,False,División Profesional,División Profesional,,,,accepted,shared Transfermarkt competition code
BO1C,tm_competition:BO1C,,BO1C,,False,True,False,División Profesional Clausura,División Profesional Clausura,,,,accepted,shared Transfermarkt competition code
BO1P,tm_competition:BO1P,,BO1P,,False,True,False,Div. Profesional Rel.,Div. Profesional Rel.,,,,accepted,shared Transfermarkt competition code
BO91,tm_competition:BO91,,BO91,,False,True,False,Oberliga Berlin,Oberliga Berlin,,,,accepted,shared Transfermarkt competition code
BOL2,tm_competition:BOL2,,BOL2,,False,True,False,Copa Simón Bolívar (-2024),Copa Simón Bolívar (-2024),,,,accepted,shared Transfermarkt competition code
BOP2,tm_competition:BOP2,,BOP2,,False,True,False,Copa S. Bolívar Playoff,Copa S. Bolívar Playoff,,,,accepted,shared Transfermarkt competition code
BOS1,tm_competition:BOS1,,BOS1,,False,True,False,Premijer Liga BiH,Premijer Liga BiH,,,,accepted,shared Transfermarkt competition code
BOS2,tm_competition:BOS2,,BOS2,,False,True,False,Prva liga FBIH,Prva liga FBIH,,,,accepted,shared Transfermarkt competition code
BPO4,tm_competition:BPO4,BPO4,BPO4,,True,True,False,jupiler-pro-league-relegation-play-offs,JPL Relegat. PO | JPL Relegation Play-Offs | jupiler-pro-league-relegation-play-offs,Belgium,other,play_off,accepted,shared Transfermarkt competition code
BPP,tm_competition:BPP,,BPP,,False,True,False,Berliner Pokal,Berliner Pokal,,,,accepted,shared Transfermarkt competition code
BR94,tm_competition:BR94,,BR94,,False,True,False,Vysheyshaya Liga 1994/95,Vysheyshaya Liga 1994/95,,,,accepted,shared Transfermarkt competition code
BRA1,tm_competition:BRA1,BRA1,BRA1,,True,True,False,campeonato-brasileiro-serie-a,Campeonato Brasileiro Série A | Série A | campeonato-brasileiro-serie-a,Brazil,domestic_league,first_tier,accepted,shared Transfermarkt competition code
BRA2,tm_competition:BRA2,,BRA2,,False,True,False,Série B,Campeonato Brasileiro Série B | Série B,,,,accepted,shared Transfermarkt competition code
BRA3,tm_competition:BRA3,,BRA3,,False,True,False,Série C,Série C,,,,accepted,shared Transfermarkt competition code
BRA4,tm_competition:BRA4,,BRA4,,False,True,False,Série D,Série D,,,,accepted,shared Transfermarkt competition code
BRAC,tm_competition:BRAC,,BRAC,,False,True,False,Campeonato Acreano,Campeonato Acreano,,,,accepted,shared Transfermarkt competition code
BRAL,tm_competition:BRAL,,BRAL,,False,True,False,Campeonato Alagoano,Campeonato Alagoano,,,,accepted,shared Transfermarkt competition code
BRAM,tm_competition:BRAM,,BRAM,,False,True,False,Campeonato Amazonense,Campeonato Amazonense,,,,accepted,shared Transfermarkt competition code
BRAP,tm_competition:BRAP,,BRAP,,False,True,False,Campeonato Amapaense,Campeonato Amapaense,,,,accepted,shared Transfermarkt competition code
BRBL,tm_competition:BRBL,,BRBL,,False,True,False,Brandenburgliga,Brandenburgliga,,,,accepted,shared Transfermarkt competition code
BRC,tm_competition:BRC,,BRC,,False,True,False,Copa do Brasil,Copa do Brasil,,,,accepted,shared Transfermarkt competition code
BRC2,tm_competition:BRC2,,BRC2,,False,True,False,Primeira Liga do Brasil,Primeira Liga do Brasil,,,,accepted,shared Transfermarkt competition code
BRCB,tm_competition:BRCB,,BRCB,,False,True,False,Campeonato Baiano,Campeonato Baiano,,,,accepted,shared Transfermarkt competition code
BRCC,tm_competition:BRCC,,BRCC,,False,True,False,Troféu Farroupilha,Troféu Farroupilha,,,,accepted,shared Transfermarkt competition code
BRCE,tm_competition:BRCE,,BRCE,,False,True,False,Campeonato Cearense - Group,Campeonato Cearense - Group,,,,accepted,shared Transfermarkt competition code
BRCF,tm_competition:BRCF,,BRCF,,False,True,False,Campeonato Carioca - Final,Campeonato Carioca - Final,,,,accepted,shared Transfermarkt competition code
BRCG,tm_competition:BRCG,,BRCG,,False,True,False,Campeonato Carioca,Campeonato Carioca,,,,accepted,shared Transfermarkt competition code
BRCM,tm_competition:BRCM,,BRCM,,False,True,False,Campeonato Mineiro,Campeonato Mineiro,,,,accepted,shared Transfermarkt competition code
BRCR,tm_competition:BRCR,,BRCR,,False,True,False,Carioca - Taça Rio,Carioca - Taça Rio,,,,accepted,shared Transfermarkt competition code
BRDF,tm_competition:BRDF,,BRDF,,False,True,False,Campeonato Brasiliense,Campeonato Brasiliense,,,,accepted,shared Transfermarkt competition code
BRES,tm_competition:BRES,,BRES,,False,True,False,Campeonato Capixaba,Campeonato Capixaba,,,,accepted,shared Transfermarkt competition code
BRGO,tm_competition:BRGO,,BRGO,,False,True,False,Campeonato Goiano,Campeonato Goiano,,,,accepted,shared Transfermarkt competition code
BRMA,tm_competition:BRMA,,BRMA,,False,True,False,Campeonato Maranhense,Campeonato Maranhense,,,,accepted,shared Transfermarkt competition code
BRMS,tm_competition:BRMS,,BRMS,,False,True,False,Campeonato Mato-Grossense,Campeonato Mato-Grossense,,,,accepted,shared Transfermarkt competition code
BRMT,tm_competition:BRMT,,BRMT,,False,True,False,Campeonato Sul-Mato-Grossense,Campeonato Sul-Mato-Grossense,,,,accepted,shared Transfermarkt competition code
BRNE,tm_competition:BRNE,,BRNE,,False,True,False,Copa do Nordeste,Copa do Nordeste,,,,accepted,shared Transfermarkt competition code
BRNF,tm_competition:BRNF,,BRNF,,False,True,False,Copa do Nordeste - Fase Final,Copa do Nordeste - Fase Final,,,,accepted,shared Transfermarkt competition code
BRNP,tm_competition:BRNP,,BRNP,,False,True,False,Copa do Nordeste - Fase Preliminar,Copa do Nordeste - Fase Preliminar,,,,accepted,shared Transfermarkt competition code
BRPA,tm_competition:BRPA,,BRPA,,False,True,False,Campeonato Paraense,Campeonato Paraense,,,,accepted,shared Transfermarkt competition code
BRPB,tm_competition:BRPB,,BRPB,,False,True,False,Campeonato Paraibano,Campeonato Paraibano,,,,accepted,shared Transfermarkt competition code
BRPE,tm_competition:BRPE,,BRPE,,False,True,False,Campeonato Pernambucano,Campeonato Pernambucano,,,,accepted,shared Transfermarkt competition code
BRPI,tm_competition:BRPI,,BRPI,,False,True,False,Campeonato Piauiense,Campeonato Piauiense,,,,accepted,shared Transfermarkt competition code
BRPR,tm_competition:BRPR,,BRPR,,False,True,False,Campeonato Paranaense,Campeonato Paranaense,,,,accepted,shared Transfermarkt competition code
BRQR,tm_competition:BRQR,,BRQR,,False,True,False,Campeonato Gaúcho - Releg.,Campeonato Gaúcho - Releg. | Campeonato Gaúcho - Relegation Round,,,,accepted,shared Transfermarkt competition code
BRRN,tm_competition:BRRN,,BRRN,,False,True,False,Campeonato Potiguar,Campeonato Potiguar,,,,accepted,shared Transfermarkt competition code
BRRS,tm_competition:BRRS,,BRRS,,False,True,False,Campeonato Gaúcho,Campeonato Gaúcho,,,,accepted,shared Transfermarkt competition code
BRSC,tm_competition:BRSC,,BRSC,,False,True,False,Campeonato Catarinense,Campeonato Catarinense,,,,accepted,shared Transfermarkt competition code
BRSE,tm_competition:BRSE,,BRSE,,False,True,False,Campeonato Sergipano,Campeonato Sergipano,,,,accepted,shared Transfermarkt competition code
BRTO,tm_competition:BRTO,,BRTO,,False,True,False,Campeonato Tocantinense,Campeonato Tocantinense,,,,accepted,shared Transfermarkt competition code
BRVE,tm_competition:BRVE,,BRVE,,False,True,False,Copa Verde,Copa Verde,,,,accepted,shared Transfermarkt competition code
BRga,tm_competition:BRga,,BRga,,False,True,False,Gauchão - 2º Turno,Gauchão - 2º Turno,,,,accepted,shared Transfermarkt competition code
BU1,tm_competition:BU1,,BU1,,False,True,False,efbet Liga,A Group | Premier League | efbet Liga,,,,accepted,shared Transfermarkt competition code
BU1A,tm_competition:BU1A,,BU1A,,False,True,False,Efbet liga - Relegation gr.,Efbet liga - Relegation gr.,,,,accepted,shared Transfermarkt competition code
BU1M,tm_competition:BU1M,,BU1M,,False,True,False,Efbet liga - Championship gr.,Efbet liga - Championship gr.,,,,accepted,shared Transfermarkt competition code
BU2,tm_competition:BU2,,BU2,,False,True,False,Vtora Liga,Vtora Liga,,,,accepted,shared Transfermarkt competition code
BUEL,tm_competition:BUEL,,BUEL,,False,True,False,UECL Playoffs Efbet Liga,UECL Playoffs Efbet Liga,,,,accepted,shared Transfermarkt competition code
BULP,tm_competition:BULP,,BULP,,False,True,False,Bulgarian Cup,Bulgarian Cup,,,,accepted,shared Transfermarkt competition code
BULS,tm_competition:BULS,,BULS,,False,True,False,Bulgarian Super Cup,Bulgarian Super Cup,,,,accepted,shared Transfermarkt competition code
BURL,tm_competition:BURL,,BURL,,False,True,False,Relegation/Promotion Playoff Efbet Liga,Relegation/Promotion Playoff Efbet Liga,,,,accepted,shared Transfermarkt competition code
BVFP,tm_competition:BVFP,,BVFP,,False,True,False,Badenpokal,Badenpokal,,,,accepted,shared Transfermarkt competition code
BVP,tm_competition:BVP,,BVP,,False,True,False,Bayernpokal,Bayernpokal,,,,accepted,shared Transfermarkt competition code
C1,tm_competition:C1,C1,C1,,True,True,False,super-league,Axpo Super League | Credit Suisse Super League | Nationalliga | Nationalliga A | Raiffeisen Super League | Super League | super-league,Switzerland,domestic_league,first_tier,accepted,shared Transfermarkt competition code
C17C,tm_competition:C17C,,C17C,,False,True,False,Schweizer Cup U17,Schweizer Cup U17,,,,accepted,shared Transfermarkt competition code
C17P,tm_competition:C17P,,C17P,,False,True,False,U17 Elite Playoffs,U17 Elite Playoffs,,,,accepted,shared Transfermarkt competition code
C18E,tm_competition:C18E,,C18E,,False,True,False,U18 Playoffs,U18 Elite Playoffs | U18 Playoffs,,,,accepted,shared Transfermarkt competition code
C191,tm_competition:C191,,C191,,False,True,False,U19 Elite League,U19 Elite League,,,,accepted,shared Transfermarkt competition code
C19C,tm_competition:C19C,,C19C,,False,True,False,Schweizer Cup U19,Schweizer Cup U19,,,,accepted,shared Transfermarkt competition code
C1P1,tm_competition:C1P1,,C1P1,,False,True,False,Liga DIMAYOR Liguilla,Liga DIMAYOR Liguilla,,,,accepted,shared Transfermarkt competition code
C1P2,tm_competition:C1P2,,C1P2,,False,True,False,Copa Sudam. Playoff,Copa Sudam. Playoff,,,,accepted,shared Transfermarkt competition code
C2,tm_competition:C2,,C2,,False,True,False,Challenge League,Brack.ch Challenge League | Challenge League | Dosenbach Challenge League | Nationalliga B | dieci Challenge League,,,,accepted,shared Transfermarkt competition code
C20P,tm_competition:C20P,,C20P,,False,True,False,Brasileiro U20 - Finals,Brasileiro U20 - Finals,,,,accepted,shared Transfermarkt competition code
C2I1,tm_competition:C2I1,,C2I1,,False,True,False,2. Liga inter - Gr. 1 (- 11/12),2. Liga inter - Gr. 1 (- 11/12) | 2. Liga interregional - Group 1 (- 11/12),,,,accepted,shared Transfermarkt competition code
C2I2,tm_competition:C2I2,,C2I2,,False,True,False,2. Liga inter - Gr. 1 (- 11/12),2. Liga inter - Gr. 1 (- 11/12) | 2. Liga interregional - Group 2 (- 11/12),,,,accepted,shared Transfermarkt competition code
C2I3,tm_competition:C2I3,,C2I3,,False,True,False,2. Liga inter - Gr. 3 (- 11/12),2. Liga inter - Gr. 3 (- 11/12) | 2. Liga interregional - Group 3 (- 11/12),,,,accepted,shared Transfermarkt competition code
C2I4,tm_competition:C2I4,,C2I4,,False,True,False,2. Liga inter - Gr. 4 (- 11/12),2. Liga inter - Gr. 4 (- 11/12),,,,accepted,shared Transfermarkt competition code
C2I5,tm_competition:C2I5,,C2I5,,False,True,False,2. Liga inter - Gr. 5 (- 11/12),2. Liga inter - Gr. 5 (- 11/12) | 2. Liga interregional - Group 5 (- 11/12),,,,accepted,shared Transfermarkt competition code
C2I6,tm_competition:C2I6,,C2I6,,False,True,False,2. Liga inter - Gr. 6 (- 11/12),2. Liga inter - Gr. 6 (- 11/12),,,,accepted,shared Transfermarkt competition code
C2P2,tm_competition:C2P2,,C2P2,,False,True,False,Fase Final TBD II,Fase Final TBD II,,,,accepted,shared Transfermarkt competition code
C3AR,tm_competition:C3AR,,C3AR,,False,True,False,National 3 - Grp. K,Championnat National 3 - Groupe K | N3 - AuRA | National 3 - Auvergne-Rhône-Alpes | National 3 - Grp. K,,,,accepted,shared Transfermarkt competition code
C3BF,tm_competition:C3BF,,C3BF,,False,True,False,N3 - Bourgogne,Championnat National 3 - Groupe J | N3 - Bourgogne | National 3 - Bourgogne-Franche-Comté | National 3 - Grp. J,,,,accepted,shared Transfermarkt competition code
C3BR,tm_competition:C3BR,,C3BR,,False,True,False,National 3 - Grp. E,Championnat National 3 - Groupe E | N3 - Bretagne | National 3 - Bretagne | National 3 - Grp. E,,,,accepted,shared Transfermarkt competition code
C3CM,tm_competition:C3CM,,C3CM,,False,True,False,National 3 - Grp. A,Championnat National 3 - Groupe A | N3 - Corse-Médit | National 3 - Corse-Méditerranée | National 3 - Grp. A,,,,accepted,shared Transfermarkt competition code
C3GE,tm_competition:C3GE,,C3GE,,False,True,False,N3 - Grand Est,Championnat National 3 - Groupe I | N3 - Grand Est | National 3 - Grand Est | National 3 - Grp. I,,,,accepted,shared Transfermarkt competition code
C3HF,tm_competition:C3HF,,C3HF,,False,True,False,National 3 - Grp. G,Championnat National 3 - Groupe G | N3 - HtsdeFrance | National 3 - Grp. G | National 3 - Hauts-de-France,,,,accepted,shared Transfermarkt competition code
C3IF,tm_competition:C3IF,,C3IF,,False,True,False,National 3 - Grp. H,CFA 2 - Grp. H | Championnat CFA 2 - Groupe H | Championnat National 3 - Groupe H | N3 - Paris IdF | National 3 - Grp. H | National 3 - Paris Île-de-France,,,,accepted,shared Transfermarkt competition code
C3NA,tm_competition:C3NA,,C3NA,,False,True,False,National 3 - Grp. B,Championnat National 3 - Groupe B | N3 - Nouvelle-Aq | National 3 - Grp. B | National 3 - Nouvelle-Aquitaine,,,,accepted,shared Transfermarkt competition code
C3NO,tm_competition:C3NO,,C3NO,,False,True,False,National 3 - Grp. F,Championnat National 3 - Groupe F | N3 - Normandie | National 3 - Grp. F | National 3 - Normandie,,,,accepted,shared Transfermarkt competition code
C3OC,tm_competition:C3OC,,C3OC,,False,True,False,N3 - Occitanie,N3 - Occitanie | National 3 - Occitanie,,,,accepted,shared Transfermarkt competition code
C3P1,tm_competition:C3P1,,C3P1,,False,True,False,Promotion League - Aufstiegsr.,Promotion League - Aufstiegsr.,,,,accepted,shared Transfermarkt competition code
C3P2,tm_competition:C3P2,,C3P2,,False,True,False,Promotion League - Abstiegsr.,Promotion League - Abstiegsr.,,,,accepted,shared Transfermarkt competition code
C3P3,tm_competition:C3P3,,C3P3,,False,True,False,Promotion League - Qualif.,Promotion League - Qualif.,,,,accepted,shared Transfermarkt competition code
C3PL,tm_competition:C3PL,,C3PL,,False,True,False,N3 - PdlLoire,Championnat National 3 - Groupe D | N3 - PdlLoire | National 3 - Grp. D | National 3 - Pays de la Loire,,,,accepted,shared Transfermarkt competition code
C3VL,tm_competition:C3VL,,C3VL,,False,True,False,National 3 - Grp. C,Championnat National 3 - Groupe C | N3 - Centre | National 3 - Centre-Val de Loire | National 3 - Grp. C,,,,accepted,shared Transfermarkt competition code
C7PL,tm_competition:C7PL,,C7PL,,False,True,False,U17 Elite Platzierungsspiele,U17 Elite Platzierungsspiele,,,,accepted,shared Transfermarkt competition code
C7PO,tm_competition:C7PO,,C7PO,,False,True,False,U17 Elite Playouts,U17 Elite Playouts,,,,accepted,shared Transfermarkt competition code
C9EP,tm_competition:C9EP,,C9EP,,False,True,False,U19 Elite Playoffs,U19 Elite Playoffs,,,,accepted,shared Transfermarkt competition code
C9PL,tm_competition:C9PL,,C9PL,,False,True,False,U19 Elite Platzierungsspiele,U19 Elite Platzierungsspiele,,,,accepted,shared Transfermarkt competition code
C9PO,tm_competition:C9PO,,C9PO,,False,True,False,U19 Elite Playouts,U19 Elite Playouts,,,,accepted,shared Transfermarkt competition code
CA1F,tm_competition:CA1F,,CA1F,,False,True,False,CanPL Fall Season,CanPL Fall Season,,,,accepted,shared Transfermarkt competition code
CAFC,tm_competition:CAFC,,CAFC,,False,True,False,CAF Confederation Cup,CAF Confederation Cup,,,,accepted,shared Transfermarkt competition code
CAFS,tm_competition:CAFS,,CAFS,,False,True,False,CAF-Supercup,CAF-Supercup,,,,accepted,shared Transfermarkt competition code
CAMC,tm_competition:CAMC,,CAMC,,False,True,False,Campeones Cup,Campeones Cup,,,,accepted,shared Transfermarkt competition code
CAN,tm_competition:CAN,,CAN,,False,True,False,Canadian Championship,Canadian Championship,,,,accepted,shared Transfermarkt competition code
CAN1,tm_competition:CAN1,,CAN1,,False,True,False,CanPL Spring Season,CanPL Spring Season,,,,accepted,shared Transfermarkt competition code
CAPL,tm_competition:CAPL,,CAPL,,False,True,False,CanPL Playoffs,CanPL Playoffs,,,,accepted,shared Transfermarkt competition code
CASH,tm_competition:CASH,,CASH,,False,True,False,County Antrim Shield,County Antrim Shield,,,,accepted,shared Transfermarkt competition code
CB20,tm_competition:CB20,,CB20,,False,True,False,CBF Brasileiro U20,CBF Brasileiro U20,,,,accepted,shared Transfermarkt competition code
CBII,tm_competition:CBII,,CBII,,False,True,False,Copa Bicentenario,Copa Bicentenario,,,,accepted,shared Transfermarkt competition code
CBP1,tm_competition:CBP1,,CBP1,,False,True,False,C. Premier League Finals,C-League Finals | C. Premier League Finals,,,,accepted,shared Transfermarkt competition code
CCAC,tm_competition:CCAC,,CCAC,,False,True,False,Central American Cup,Central American Cup,,,,accepted,shared Transfermarkt competition code
CCB,tm_competition:CCB,,CCB,,False,True,False,Croky Cup,Beker van België | Coca-Cola Cup | Cofidis Cup | Croky Cup,,,,accepted,shared Transfermarkt competition code
CCC1,tm_competition:CCC1,,CCC1,,False,True,False,CONCACAF Caribbean Cup,CFU Club Champ. | CONCACAF Caribbean Cup | Caribbean Champ.,,,,accepted,shared Transfermarkt competition code
CCL,tm_competition:CCL,,CCL,,False,True,False,CONCACAF CL,CONCACAF CC | CONCACAF CL | CONCACAF Champions Cup,,,,accepted,shared Transfermarkt competition code
CCLS,tm_competition:CCLS,,CCLS,,False,True,False,CFU Club Shield,CFU Club Shield | Caribbean Shield,,,,accepted,shared Transfermarkt competition code
CDCA,tm_competition:CDCA,,CDCA,,False,True,False,Copa de la Liga - Playoffs,Copa Maradona | Copa de la Liga - Playoffs,,,,accepted,shared Transfermarkt competition code
CDCO,tm_competition:CDCO,,CDCO,,False,True,False,Copa Maradona - Compl.,Copa Maradona - Compl.,,,,accepted,shared Transfermarkt competition code
CDLP,tm_competition:CDLP,,CDLP,,False,True,False,Copa de la Liga (- 23/24),Copa Maradona | Copa de la Liga (- 23/24),,,,accepted,shared Transfermarkt competition code
CDN1,tm_competition:CDN1,,CDN1,,False,True,False,CanPL,CanPL,,,,accepted,shared Transfermarkt competition code
CDR,tm_competition:CDR,CDR,CDR,,True,True,False,copa-del-rey,Copa del Rey | copa-del-rey,Spain,domestic_cup,domestic_cup,accepted,shared Transfermarkt competition code
CEF1,tm_competition:CEF1,,CEF1,,False,True,False,Copa Federation,Copa Federation,,,,accepted,shared Transfermarkt competition code
CFMF,tm_competition:CFMF,,CFMF,,False,True,False,Copa FMF - Maranhão,Copa FMF - Maranhão,,,,accepted,shared Transfermarkt competition code
CGB,tm_competition:CGB,,CGB,,False,True,False,League Cup,EFL Cup | League Cup | Rumbelows Cup,,,,accepted,shared Transfermarkt competition code
CH17,tm_competition:CH17,,CH17,,False,True,False,U17 Elite League,U17 Elite League,,,,accepted,shared Transfermarkt competition code
CH18,tm_competition:CH18,,CH18,,False,True,False,U18 Elite League,U18 Elite League,,,,accepted,shared Transfermarkt competition code
CH1C,tm_competition:CH1C,,CH1C,,False,True,False,Copa Chile,Copa Chile,,,,accepted,shared Transfermarkt competition code
CH2C,tm_competition:CH2C,,CH2C,,False,True,False,Primera B Clausura,Primera B Clausura,,,,accepted,shared Transfermarkt competition code
CH3B,tm_competition:CH3B,,CH3B,,False,True,False,Challenge League Barrage,Challenge League Barrage,,,,accepted,shared Transfermarkt competition code
CH3P,tm_competition:CH3P,,CH3P,,False,True,False,League Two Prom.,League Two Prom. | League Two Promotion Stage,,,,accepted,shared Transfermarkt competition code
CH3R,tm_competition:CH3R,,CH3R,,False,True,False,League Two Rel.,League Two Rel.,,,,accepted,shared Transfermarkt competition code
CHAA,tm_competition:CHAA,,CHAA,,False,True,False,Auf-/Abstiegsrunde NLA/NLB,Auf-/Abstiegsrunde NLA/NLB,,,,accepted,shared Transfermarkt competition code
CHAF,tm_competition:CHAF,,CHAF,,False,True,False,Apertura Final,Apertura Final,,,,accepted,shared Transfermarkt competition code
CHAL,tm_competition:CHAL,,CHAL,,False,True,False,NLA - Entscheidungsspiele,NLA - Entscheidungsspiele,,,,accepted,shared Transfermarkt competition code
CHC1,tm_competition:CHC1,,CHC1,,False,True,False,1. Liga Gr. 1,1. Liga Classic Gruppe 1 | 1. Liga Gr. 1 | 1. Liga Gruppe 1 | 1. Liga gr. 1 | 1.Liga Cl. Gr. 1,,,,accepted,shared Transfermarkt competition code
CHC2,tm_competition:CHC2,,CHC2,,False,True,False,1. Liga gr. 2,1. Liga Classic Gruppe 2 | 1. Liga Classic group 2 | 1. Liga Gr. 2 | 1. Liga Gruppe 2 | 1. Liga gr. 2 | 1.Liga Cl. Gr. 2,,,,accepted,shared Transfermarkt competition code
CHC3,tm_competition:CHC3,,CHC3,,False,True,False,1. Liga Gr. 3,1. Liga Classic Gruppe 3 | 1. Liga Classic group 3 | 1. Liga Gr. 3 | 1. Liga Gruppe 3 | 1. Liga gr. 3 | 1.Liga Cl. Gr. 3,,,,accepted,shared Transfermarkt competition code
CHDE,tm_competition:CHDE,,CHDE,,False,True,False,Copa Sudamericana playoff,Copa Sudamericana playoff,,,,accepted,shared Transfermarkt competition code
CHDP,tm_competition:CHDP,,CHDP,,False,True,False,Liguilla de Promoción,Liguilla de Promoción,,,,accepted,shared Transfermarkt competition code
CHFA,tm_competition:CHFA,,CHFA,,False,True,False,Chinese FA Cup,Chinese FA Cup,,,,accepted,shared Transfermarkt competition code
CHI%C3%9C,tm_competition:CHI%C3%9C,,CHI%C3%9C,,False,True,False,Torneo Transición,Torneo Transición,,,,accepted,shared Transfermarkt competition code
CHI3,tm_competition:CHI3,,CHI3,,False,True,False,Segunda División,Segunda División,,,,accepted,shared Transfermarkt competition code
CHL1,tm_competition:CHL1,,CHL1,,False,True,False,Torneo Clausura,Torneo Clausura,,,,accepted,shared Transfermarkt competition code
CHL2,tm_competition:CHL2,,CHL2,,False,True,False,Primera B Apertura,Primera B Apertura | Transición,,,,accepted,shared Transfermarkt competition code
CHL3,tm_competition:CHL3,,CHL3,,False,True,False,League Two North,China League Two A | China League Two North | League Two A | League Two North,,,,accepted,shared Transfermarkt competition code
CHLA,tm_competition:CHLA,,CHLA,,False,True,False,Torneo Apertura,Torneo Apertura,,,,accepted,shared Transfermarkt competition code
CHLP,tm_competition:CHLP,,CHLP,,False,True,False,Torneo Clausura play-offs,Torneo Clausura play-offs,,,,accepted,shared Transfermarkt competition code
CHP1,tm_competition:CHP1,,CHP1,,False,True,False,U18 Platzierung,U18 Platzierung,,,,accepted,shared Transfermarkt competition code
CHP2,tm_competition:CHP2,,CHP2,,False,True,False,U18 Playouts,U18 Playouts,,,,accepted,shared Transfermarkt competition code
CHPL,tm_competition:CHPL,,CHPL,,False,True,False,Torneo Apertura play-offs,Torneo Apertura play-offs,,,,accepted,shared Transfermarkt competition code
CHPR,tm_competition:CHPR,,CHPR,,False,True,False,Promotion League,1. Liga Promotion | 1.Liga Promotion | Cerutti il Caffè Promotion League | Hoval Promotion League | Promotion League | Yapeal Promotion League,,,,accepted,shared Transfermarkt competition code
CHSC,tm_competition:CHSC,,CHSC,,False,True,False,Chinese Super Cup,Chinese Super Cup | Super Cup,,,,accepted,shared Transfermarkt competition code
CHUC,tm_competition:CHUC,,CHUC,,False,True,False,Schweizer Cup U18,Schweizer Cup U18,,,,accepted,shared Transfermarkt competition code
CIF,tm_competition:CIF,,CIF,,False,True,False,Apertura Finale,Apertura Finale,,,,accepted,shared Transfermarkt competition code
CILP,tm_competition:CILP,,CILP,,False,True,False,Coppa Serie C,Coppa Lega Pro | Coppa Serie C,,,,accepted,shared Transfermarkt competition code
CIR1,tm_competition:CIR1,,CIR1,,False,True,False,2. Liga Inter - Gr. 1,2. Liga Inter - Gr. 1 | 2. Liga interregional - Gruppe 1,,,,accepted,shared Transfermarkt competition code
CIR2,tm_competition:CIR2,,CIR2,,False,True,False,2. Liga Inter - Gr. 2,2. Liga Inter - Gr. 2,,,,accepted,shared Transfermarkt competition code
CIR3,tm_competition:CIR3,,CIR3,,False,True,False,2. Liga Inter - Gr. 3,2. Liga Inter - Gr. 3 | 2. Liga interregional - Gruppe 3,,,,accepted,shared Transfermarkt competition code
CIR4,tm_competition:CIR4,,CIR4,,False,True,False,2. Liga Inter - Gr. 4,2. Liga Inter - Gr. 4 | 2. Liga interregional - Gruppe 4,,,,accepted,shared Transfermarkt competition code
CIR5,tm_competition:CIR5,,CIR5,,False,True,False,2. Liga Inter - Gr. 5,2. Liga Inter - Gr. 5 | 2. Liga interregional - Gruppe 5,,,,accepted,shared Transfermarkt competition code
CIR6,tm_competition:CIR6,,CIR6,,False,True,False,2. Liga Grp. 6,2. Liga Grp. 6,,,,accepted,shared Transfermarkt competition code
CISP,tm_competition:CISP,,CISP,,False,True,False,Inv. 2. Phase,Apertura Segunda Fase | Inv. 2. Phase,,,,accepted,shared Transfermarkt competition code
CIT,tm_competition:CIT,CIT,CIT,,True,True,False,italy-cup,Italy Cup | italy-cup,Italy,domestic_cup,domestic_cup,accepted,shared Transfermarkt competition code
CITP,tm_competition:CITP,,CITP,,False,True,False,Coppa Primavera,Coppa Primavera,,,,accepted,shared Transfermarkt competition code
CL,tm_competition:CL,CL,CL,,True,True,False,uefa-champions-league,Champions League | uefa-champions-league,,international_cup,uefa_champions_league,accepted,shared Transfermarkt competition code
CL1P,tm_competition:CL1P,,CL1P,,False,True,False,China League One Relegation Playoffs,China League One Relegation Playoffs,,,,accepted,shared Transfermarkt competition code
CL2B,tm_competition:CL2B,,CL2B,,False,True,False,Liga de Ascenso,Liga de Ascenso,,,,accepted,shared Transfermarkt competition code
CL2P,tm_competition:CL2P,,CL2P,,False,True,False,Liguilla Promoción,Liguilla Promoción,,,,accepted,shared Transfermarkt competition code
CL3C,tm_competition:CL3C,,CL3C,,False,True,False,League Two C,China League Two C (Division Luxi) | League Two C,,,,accepted,shared Transfermarkt competition code
CL3P,tm_competition:CL3P,,CL3P,,False,True,False,League Two Playoffs,League Two Playoffs,,,,accepted,shared Transfermarkt competition code
CL3S,tm_competition:CL3S,,CL3S,,False,True,False,League Two South,China League Two B | China League Two B (Division Yancheng) | China League Two South | League Two B | League Two South,,,,accepted,shared Transfermarkt competition code
CLI,tm_competition:CLI,,CLI,,False,True,False,Libertadores,Libertadores,,,,accepted,shared Transfermarkt competition code
CLIY,tm_competition:CLIY,,CLIY,,False,True,False,U20 Libertadores,U20 Libertadores,,,,accepted,shared Transfermarkt competition code
CLO,tm_competition:CLO,,CLO,,False,True,False,League One,58.com Chinese FA China League | China League One | League One,,,,accepted,shared Transfermarkt competition code
CLPD,tm_competition:CLPD,,CLPD,,False,True,False,Liga Primera,Liga Primera,,,,accepted,shared Transfermarkt competition code
CLPF,tm_competition:CLPF,,CLPF,,False,True,False,Proyección Final,Copa Proyección | Copa Proyección Clausura | Proyección Final,,,,accepted,shared Transfermarkt competition code
CLPI,tm_competition:CLPI,,CLPI,,False,True,False,Copa Proyección Apertura,Copa Proyec. | Copa Proyección Apertura,,,,accepted,shared Transfermarkt competition code
CLQ,tm_competition:CLQ,CLQ,CLQ,,True,True,False,uefa-champions-league-qualifying,Champions League Qu. | uefa-champions-league-qualifying,,international_cup,uefa_champions_league_qualifying,accepted,shared Transfermarkt competition code
CMER,tm_competition:CMER,,CMER,,False,True,False,Copa Mercosur,Copa Mercosur,,,,accepted,shared Transfermarkt competition code
CMR2,tm_competition:CMR2,,CMR2,,False,True,False,Camp. Mineiro - Rel.,Camp. Mineiro - Rel.,,,,accepted,shared Transfermarkt competition code
CN2A,tm_competition:CN2A,,CN2A,,False,True,False,National 2 - Grp. A,CFA - Groupe A | CFA - Grp. A | Championnat National 2 - Groupe A | National 2 - Grp. A,,,,accepted,shared Transfermarkt competition code
CN2B,tm_competition:CN2B,,CN2B,,False,True,False,National 2 - Grp. B,CFA - Groupe B | CFA - Grp. B | Championnat National 2 - Groupe B | National 2 - Grp. B,,,,accepted,shared Transfermarkt competition code
CN2C,tm_competition:CN2C,,CN2C,,False,True,False,National 2 - Grp. C,CFA - Groupe C | CFA - Grp. C | Championnat National 2 - Groupe C | National 2 - Grp. C,,,,accepted,shared Transfermarkt competition code
CN2D,tm_competition:CN2D,,CN2D,,False,True,False,National 2 - Grp. D,CFA - Groupe D | CFA - Grp. D | Championnat National 2 - Groupe D | National 2 - Grp. D,,,,accepted,shared Transfermarkt competition code
CN41,tm_competition:CN41,,CN41,,False,True,False,Champions League (Regional),Champions League (Regional),,,,accepted,shared Transfermarkt competition code
CN42,tm_competition:CN42,,CN42,,False,True,False,Champions League (Final),Champions League (Final),,,,accepted,shared Transfermarkt competition code
CN43,tm_competition:CN43,,CN43,,False,True,False,U21 League (Playoff),U21 League (Playoff),,,,accepted,shared Transfermarkt competition code
CN44,tm_competition:CN44,,CN44,,False,True,False,U21 League (Final),U21 League (Final),,,,accepted,shared Transfermarkt competition code
CNAT,tm_competition:CNAT,,CNAT,,False,True,False,National League,Conference | Conference Premier | National League,,,,accepted,shared Transfermarkt competition code
CNPS,tm_competition:CNPS,,CNPS,,False,True,False,CL1 Promotion Stage,CL1 Promotion Stage,,,,accepted,shared Transfermarkt competition code
CNRS,tm_competition:CNRS,,CNRS,,False,True,False,CL1 Relegation Stage,CL1 Relegation Stage,,,,accepted,shared Transfermarkt competition code
CO22,tm_competition:CO22,,CO22,,False,True,False,Torneo DIMAYOR II,Torneo DIMAYOR II,,,,accepted,shared Transfermarkt competition code
CO2P,tm_competition:CO2P,,CO2P,,False,True,False,Fase Final TBD I,Fase Final TBD I,,,,accepted,shared Transfermarkt competition code
CO2T,tm_competition:CO2T,,CO2T,,False,True,False,Torneo DIMAYOR,Torneo DIMAYOR | Torneo DIMAYOR I | Torneo Águila,,,,accepted,shared Transfermarkt competition code
COBI,tm_competition:COBI,,COBI,,False,True,False,Copa Bicentenario,Copa Bicentenario,,,,accepted,shared Transfermarkt competition code
COL1,tm_competition:COL1,,COL1,,False,True,False,Liga DIMAYOR II,Liga DIMAYOR II | Liga Postobón II,,,,accepted,shared Transfermarkt competition code
COLE,tm_competition:COLE,,COLE,,False,True,False,CONCACAF League,CONCACAF League,,,,accepted,shared Transfermarkt competition code
COLF,tm_competition:COLF,,COLF,,False,True,False,Fase Final LBD I,Fase Final LBD I | Fase Final LP I,,,,accepted,shared Transfermarkt competition code
COLO,tm_competition:COLO,,COLO,,False,True,False,Fase Final LBD II,Fase Final LBD II | Fase Final LP II,,,,accepted,shared Transfermarkt competition code
COLP,tm_competition:COLP,,COLP,,False,True,False,Liga Águila I,Liga DIMAYOR I | Liga Dimayor | Liga Dimayor I | Liga Postobón I | Liga Águila I,,,,accepted,shared Transfermarkt competition code
CONL,tm_competition:CONL,,CONL,,False,True,False,Copa de Oro,Copa de Oro,,,,accepted,shared Transfermarkt competition code
COPA,tm_competition:COPA,COPA,,,True,False,False,copa-america,copa-america,,national_team_competition,copa_america,accepted,shared Transfermarkt competition code
COPO,tm_competition:COPO,,COPO,,False,True,False,Copa Águila,Copa Colombia | Copa Águila,,,,accepted,shared Transfermarkt competition code
COSP,tm_competition:COSP,,COSP,,False,True,False,Superliga Águila de Campeones,Superliga Águila de Campeones,,,,accepted,shared Transfermarkt competition code
CPF1,tm_competition:CPF1,,CPF1,,False,True,False,Camp. Potiguar - Finals,Camp. Potiguar - Finals,,,,accepted,shared Transfermarkt competition code
CPH1,tm_competition:CPH1,,CPH1,,False,True,False,Copa Presidente,Copa Presidente,,,,accepted,shared Transfermarkt competition code
CPMX,tm_competition:CPMX,,CPMX,,False,True,False,Copa MX,Copa MX,,,,accepted,shared Transfermarkt competition code
CPO1,tm_competition:CPO1,,CPO1,,False,True,False,Kypello Kyprou,Kypello Kyprou,,,,accepted,shared Transfermarkt competition code
CPP1,tm_competition:CPP1,,CPP1,,False,True,False,Copa Proyección Apertura Playoff,Copa Proyección Apertura Playoff,,,,accepted,shared Transfermarkt competition code
CPP2,tm_competition:CPP2,,CPP2,,False,True,False,Copa Proyección Fin. Playoff,Copa Proyección Fin. Playoff,,,,accepted,shared Transfermarkt competition code
CPSA,tm_competition:CPSA,,CPSA,,False,True,False,CP - Série A,CP - Série A | Campeonato de Portugal - Série A,,,,accepted,shared Transfermarkt competition code
CPSB,tm_competition:CPSB,,CPSB,,False,True,False,CP - Série B,CP - Série B | Campeonato de Portugal - Série B,,,,accepted,shared Transfermarkt competition code
CPSC,tm_competition:CPSC,,CPSC,,False,True,False,CP - Série C,CP - Série C | Campeonato de Portugal - Série C,,,,accepted,shared Transfermarkt competition code
CPSD,tm_competition:CPSD,,CPSD,,False,True,False,CP - Série D,CP - Série D | Campeonato de Portugal - Série D,,,,accepted,shared Transfermarkt competition code
CR1,tm_competition:CR1,,CR1,,False,True,False,1. Liga Gr. 1 (- 11/12),1. Liga Gr. 1 (- 11/12) | 1. Liga group 1 (until 11/12),,,,accepted,shared Transfermarkt competition code
CR19,tm_competition:CR19,,CR19,,False,True,False,Prva HNL - Juniori,Prva HNL - Juniori,,,,accepted,shared Transfermarkt competition code
CR2,tm_competition:CR2,,CR2,,False,True,False,1. Liga Gr. 2 (- 11/12),1. Liga Gr. 2 (- 11/12) | 1. Liga group 2 (until 11/12),,,,accepted,shared Transfermarkt competition code
CR3,tm_competition:CR3,,CR3,,False,True,False,1. Liga Gr. 3 (- 11/12),1. Liga Gr. 3 (- 11/12) | 1. Liga group 3 (until 11/12),,,,accepted,shared Transfermarkt competition code
CRPD,tm_competition:CRPD,,CRPD,,False,True,False,Primera División Apertura,Primera Div. In. | Primera División Apertura,,,,accepted,shared Transfermarkt competition code
CRPO,tm_competition:CRPO,,CRPO,,False,True,False,Copa de Costa Rica,Copa de Costa Rica,,,,accepted,shared Transfermarkt competition code
CRPV,tm_competition:CRPV,,CRPV,,False,True,False,Apertura Play-Off,Apertura Play-Off | Inv. Play-Off,,,,accepted,shared Transfermarkt competition code
CS,tm_competition:CS,,CS,,False,True,False,Copa Sudamericana,Copa Sudamericana,,,,accepted,shared Transfermarkt competition code
CSC2,tm_competition:CSC2,,CSC2,,False,True,False,Recopa Costa Rica,Recopa Costa Rica,,,,accepted,shared Transfermarkt competition code
CSL,tm_competition:CSL,,CSL,,False,True,False,Super League,China Resources C'estbon CFA Super League | Chinese Super League | Iphox Chinese FA Super League | Jia A | Kingway Beer Chinese FA Super League | Marlboro Chinese FA Jia A League | PingAn Chinese FA Super League | Pirelli Chinese FA Super League | Super League | Wanda Plaza Chinese FA Super League,,,,accepted,shared Transfermarkt competition code
CSLC,tm_competition:CSLC,,CSLC,,False,True,False,CSL Championship Play-Offs,CSL Championship Play-Offs,,,,accepted,shared Transfermarkt competition code
CSLR,tm_competition:CSLR,,CSLR,,False,True,False,CSL Relegation Play-Offs,CSL Relegation Play-Offs,,,,accepted,shared Transfermarkt competition code
CSPC,tm_competition:CSPC,,CSPC,,False,True,False,Cambodian Super Cup,Cambodian Super Cup,,,,accepted,shared Transfermarkt competition code
CSPF,tm_competition:CSPF,,CSPF,,False,True,False,Camp. Sammarinese I,Camp. Sammarinese I,,,,accepted,shared Transfermarkt competition code
CSSF,tm_competition:CSSF,,CSSF,,False,True,False,Camp. Sammarinese II,Camp. Sammarinese II,,,,accepted,shared Transfermarkt competition code
CSSP,tm_competition:CSSP,,CSSP,,False,True,False,Cesko-slovensky Superpohar,Cesko-slovensky Superpohar,,,,accepted,shared Transfermarkt competition code
CSUC,tm_competition:CSUC,,CSUC,,False,True,False,Supercopa de Chile,Supercopa de Chile,,,,accepted,shared Transfermarkt competition code
CVF,tm_competition:CVF,,CVF,,False,True,False,Clausura Finale,Clausura Finale | Verano Finale,,,,accepted,shared Transfermarkt competition code
CVSP,tm_competition:CVSP,,CVSP,,False,True,False,Clausura Second Stage,Clausura Second Stage | Verano 2. Phase,,,,accepted,shared Transfermarkt competition code
CWCQ,tm_competition:CWCQ,,CWCQ,,False,True,False,Club World Cup Qu.,Club World Cup Qu.,,,,accepted,shared Transfermarkt competition code
CYP2,tm_competition:CYP2,,CYP2,,False,True,False,2. Division,2. Division,,,,accepted,shared Transfermarkt competition code
CYSC,tm_competition:CYSC,,CYSC,,False,True,False,Cypriot Super Cup,Cypriot Super Cup,,,,accepted,shared Transfermarkt competition code
CZ19,tm_competition:CZ19,,CZ19,,False,True,False,1. liga U19,1. liga U19,,,,accepted,shared Transfermarkt competition code
CZ21,tm_competition:CZ21,,CZ21,,False,True,False,Juniorska liga,Juniorska liga,,,,accepted,shared Transfermarkt competition code
CZ3C,tm_competition:CZ3C,,CZ3C,,False,True,False,CFL,CFL | Ceska fotbalova liga,,,,accepted,shared Transfermarkt competition code
CZ3M,tm_competition:CZ3M,,CZ3M,,False,True,False,MSFL,MSFL | Moravskoslezska fotbalova liga,,,,accepted,shared Transfermarkt competition code
CZJ2,tm_competition:CZJ2,,CZJ2,,False,True,False,JL - Championship,JL - Championship,,,,accepted,shared Transfermarkt competition code
CZJ3,tm_competition:CZJ3,,CZJ3,,False,True,False,JL - Relegation,JL - Relegation,,,,accepted,shared Transfermarkt competition code
CZSC,tm_competition:CZSC,,CZSC,,False,True,False,Superpohar,Superpohar,,,,accepted,shared Transfermarkt competition code
DAM,tm_competition:DAM,,DAM,,False,True,False,Amateurmeisterschaft,Amateurmeisterschaft,,,,accepted,shared Transfermarkt competition code
DD1N,tm_competition:DD1N,,DD1N,,False,True,False,1.DDR-Liga Staffel Nord,1.DDR-Liga Staffel Nord,,,,accepted,shared Transfermarkt competition code
DD1S,tm_competition:DD1S,,DD1S,,False,True,False,1.DDR-Liga Staffel Süd,1.DDR-Liga Staffel Süd,,,,accepted,shared Transfermarkt competition code
DD21,tm_competition:DD21,,DD21,,False,True,False,1.DDR-Liga Staffel 1,1.DDR-Liga Staffel 1,,,,accepted,shared Transfermarkt competition code
DD22,tm_competition:DD22,,DD22,,False,True,False,1.DDR-Liga Staffel 2,1.DDR-Liga Staffel 2,,,,accepted,shared Transfermarkt competition code
DD23,tm_competition:DD23,,DD23,,False,True,False,1.DDR-Liga Staffel 3,1.DDR-Liga Staffel 3,,,,accepted,shared Transfermarkt competition code
DD24,tm_competition:DD24,,DD24,,False,True,False,1.DDR-Liga Staffel 4,1.DDR-Liga Staffel 4,,,,accepted,shared Transfermarkt competition code
DD2A,tm_competition:DD2A,,DD2A,,False,True,False,1.DDR-Liga Staffel A,1.DDR-Liga Staffel A | DDR-Liga Staffel Nord,,,,accepted,shared Transfermarkt competition code
DD2B,tm_competition:DD2B,,DD2B,,False,True,False,1.DDR-Liga Staffel B,1.DDR-Liga Staffel B,,,,accepted,shared Transfermarkt competition code
DDR,tm_competition:DDR,,DDR,,False,True,False,DDR-Oberliga,DDR-Oberliga | DDR-Oberliga (- 89/90),,,,accepted,shared Transfermarkt competition code
DDR2,tm_competition:DDR2,,DDR2,,False,True,False,1.DDR-Liga,1.DDR-Liga,,,,accepted,shared Transfermarkt competition code
DFB,tm_competition:DFB,DFB,DFB,,True,True,False,dfb-pokal,DFB-Pokal | dfb-pokal,Germany,domestic_cup,domestic_cup,accepted,shared Transfermarkt competition code
DFBJ,tm_competition:DFBJ,,DFBJ,,False,True,False,Jugend-Pokal,DFB-Jun.-Pokal | DFB-Pokal der Junioren | Jugend-Pokal,,,,accepted,shared Transfermarkt competition code
DFL,tm_competition:DFL,DFL,DFL,,True,True,False,franz-beckenbauer-supercup,DFL-Supercup | franz-beckenbauer-supercup,Germany,other,domestic_super_cup,accepted,shared Transfermarkt competition code
DFVS,tm_competition:DFVS,,DFVS,,False,True,False,DFV-Supercup,DFV-Supercup,,,,accepted,shared Transfermarkt competition code
DK1,tm_competition:DK1,DK1,DK1,,True,True,False,superliga,Coca Cola-Ligaen | Faxe Kondi Liga | Faxe Kondi Ligaen | SAS Ligaen | Superliga | alka Superliga | superliga,Denmark,domestic_league,first_tier,accepted,shared Transfermarkt competition code
DK2,tm_competition:DK2,,DK2,,False,True,False,1.Division,1. Division | 1.Division | NordicBet LIGA,,,,accepted,shared Transfermarkt competition code
DK2P,tm_competition:DK2P,,DK2P,,False,True,False,1.Division Promotion,1.Division Promotion,,,,accepted,shared Transfermarkt competition code
DK2R,tm_competition:DK2R,,DK2R,,False,True,False,1.Division Relegation,1.Division Relegation,,,,accepted,shared Transfermarkt competition code
DK3O,tm_competition:DK3O,,DK3O,,False,True,False,2.Division,2.Division | 2.Division Øst | KanalSport Div,,,,accepted,shared Transfermarkt competition code
DK3P,tm_competition:DK3P,,DK3P,,False,True,False,Playoff 2. Division,Playoff 2. Division,,,,accepted,shared Transfermarkt competition code
DK3V,tm_competition:DK3V,,DK3V,,False,True,False,2.Division Promotion,2.Division Promotion | 2.Division Vest | KanalSport Divisionen Oprykningsspil,,,,accepted,shared Transfermarkt competition code
DKAR,tm_competition:DKAR,,DKAR,,False,True,False,Superliga Relegation round,Superliga Relegation round,,,,accepted,shared Transfermarkt competition code
DKDA,tm_competition:DKDA,,DKDA,,False,True,False,2.Division Relegation,2.Division Relegation | 2.Division Vest Playoffs | KanalSport Div K,,,,accepted,shared Transfermarkt competition code
DKDD,tm_competition:DKDD,,DKDD,,False,True,False,U19 Boys Division,U19 Boys Division,,,,accepted,shared Transfermarkt competition code
DKDL,tm_competition:DKDL,,DKDL,,False,True,False,U19 Boys League,U19 Boys League,,,,accepted,shared Transfermarkt competition code
DKMR,tm_competition:DKMR,,DKMR,,False,True,False,Superliga Championship round,Superliga Championship round,,,,accepted,shared Transfermarkt competition code
DKP,tm_competition:DKP,DKP,DKP,,True,True,False,oddset-pokalen,Compaq Cup | DBU Pokalen | DBUs landspokalt | DONG Cup | Ekstra Bladet Cu | Giro Cup | Oddset Pokalen | Pokalen | Sydbank Pokalen | oddset-pokalen,Denmark,domestic_cup,domestic_cup,accepted,shared Transfermarkt competition code
DKPL,tm_competition:DKPL,,DKPL,,False,True,False,Superliga Europa Playoff,Superliga Europa Playoff,,,,accepted,shared Transfermarkt competition code
DKRE,tm_competition:DKRE,,DKRE,,False,True,False,Future Cup,Future Cup | Reserveligaen,,,,accepted,shared Transfermarkt competition code
DKRL,tm_competition:DKRL,,DKRL,,False,True,False,Superligaen Releg.,1. Div play-off | Superligaen Releg. | Superligaen Relegation,,,,accepted,shared Transfermarkt competition code
DKRQ,tm_competition:DKRQ,,DKRQ,,False,True,False,Reserveligaen Spring,Reserveligaen Spring,,,,accepted,shared Transfermarkt competition code
DO1P,tm_competition:DO1P,,DO1P,,False,True,False,Liga Dominicana - Liguilla,Liga Dominicana - Liguilla,,,,accepted,shared Transfermarkt competition code
DOM1,tm_competition:DOM1,,DOM1,,False,True,False,Liga Dominicana de Fútbol,Liga Dominicana de Fútbol,,,,accepted,shared Transfermarkt competition code
DOMC,tm_competition:DOMC,,DOMC,,False,True,False,Copa de la Liga Dominicana,Copa de la Liga Dominicana,,,,accepted,shared Transfermarkt competition code
DOMP,tm_competition:DOMP,,DOMP,,False,True,False,Liga Dominicana - Playoff,Liga Dominicana - Playoff,,,,accepted,shared Transfermarkt competition code
DSC,tm_competition:DSC,,DSC,,False,True,False,DFB-SuperCup,DFB-SuperCup,,,,accepted,shared Transfermarkt competition code
DivN,tm_competition:DivN,,DivN,,False,True,False,Divisione Nazionale,Divisione Nazionale | Prima Divisione,,,,accepted,shared Transfermarkt competition code
E17S,tm_competition:E17S,,E17S,,False,True,False,U17 Eliitliiga Sügisring,U17 Eliitliiga Sügisring,,,,accepted,shared Transfermarkt competition code
E21P,tm_competition:E21P,,E21P,,False,True,False,PL2 Playoffs,PL2 Playoffs | U21 PL Playoffs,,,,accepted,shared Transfermarkt competition code
E3FA,tm_competition:E3FA,,E3FA,,False,True,False,2ª B - Fase de ascenso,2ª B - Fase de ascenso,,,,accepted,shared Transfermarkt competition code
E3FD,tm_competition:E3FD,,E3FD,,False,True,False,2ª B - Fase de descenso,2ª B - Fase de descenso,,,,accepted,shared Transfermarkt competition code
E3FI,tm_competition:E3FI,,E3FI,,False,True,False,2ª B - Fase intermedia,2ª B - Fase intermedia,,,,accepted,shared Transfermarkt competition code
E3G1,tm_competition:E3G1,,E3G1,,False,True,False,Primera Federación - Gr. I,Primera Federación - Gr. I | Primera Federación - Grupo I,,,,accepted,shared Transfermarkt competition code
E3G2,tm_competition:E3G2,,E3G2,,False,True,False,Primera Federación - Gr. II,Primera Federación - Gr. II | Primera Federación - Grupo II,,,,accepted,shared Transfermarkt competition code
E3PL,tm_competition:E3PL,,E3PL,,False,True,False,Promoción a 2ª Federación,Promoción a 2ª Federación | Seg. B Play-off,,,,accepted,shared Transfermarkt competition code
E3PP,tm_competition:E3PP,,E3PP,,False,True,False,Promoción a 1ª Federación,Promoción a 1ª Federación,,,,accepted,shared Transfermarkt competition code
E4G1,tm_competition:E4G1,,E4G1,,False,True,False,Segunda Federación - Gr. I,Segunda Federación - Gr. I | Segunda Federación - Grupo I,,,,accepted,shared Transfermarkt competition code
E4G2,tm_competition:E4G2,,E4G2,,False,True,False,Segunda Federación - Gr. II,Segunda Federación - Gr. II | Segunda Federación - Grupo II,,,,accepted,shared Transfermarkt competition code
E4G3,tm_competition:E4G3,,E4G3,,False,True,False,Segunda Federación - Gr. III,Segunda Federación - Gr. III | Segunda Federación - Grupo III,,,,accepted,shared Transfermarkt competition code
E4G4,tm_competition:E4G4,,E4G4,,False,True,False,Segunda Federación - Gr. IV,Segunda Federación - Gr. IV | Segunda Federación - Grupo IV,,,,accepted,shared Transfermarkt competition code
E4G5,tm_competition:E4G5,,E4G5,,False,True,False,Segunda Federación - Gr. V,Segunda Federación - Gr. V | Segunda Federación - Grupo V,,,,accepted,shared Transfermarkt competition code
E6NP,tm_competition:E6NP,,E6NP,,False,True,False,NL North Play-offs,NL North Play-offs,,,,accepted,shared Transfermarkt competition code
E6SP,tm_competition:E6SP,,E6SP,,False,True,False,NL South Play-offs,NL South Play-offs,,,,accepted,shared Transfermarkt competition code
EBEL,tm_competition:EBEL,,EBEL,,False,True,False,Endrunde Jupiler Pro League,Endrunde Jupiler Pro League,,,,accepted,shared Transfermarkt competition code
EC1N,tm_competition:EC1N,,EC1N,,False,True,False,LigaPro Serie A,LigaPro Serie A,,,,accepted,shared Transfermarkt competition code
EC2L,tm_competition:EC2L,,EC2L,,False,True,False,Liga Pro Serie B,Liga Pro Serie B,,,,accepted,shared Transfermarkt competition code
ECB2,tm_competition:ECB2,,ECB2,,False,True,False,Serie B – Promotion,Serie B – Promotion,,,,accepted,shared Transfermarkt competition code
ECB3,tm_competition:ECB3,,ECB3,,False,True,False,Serie B – Relegation,Serie B – Relegation,,,,accepted,shared Transfermarkt competition code
ECLQ,tm_competition:ECLQ,ECLQ,ECLQ,,True,True,False,uefa-conference-league-qualifying,UECL Quali | UECL Qualifiers | uefa-conference-league-qualifying,,other,uefa_conference_league_qualifying,accepted,shared Transfermarkt competition code
ECPE,tm_competition:ECPE,,ECPE,,False,True,False,Serie A Primera Etapa,Serie A Primera Etapa,,,,accepted,shared Transfermarkt competition code
ECPL,tm_competition:ECPL,,ECPL,,False,True,False,Serie A Tercera Etapa,Serie A Tercera Etapa,,,,accepted,shared Transfermarkt competition code
ECSC,tm_competition:ECSC,,ECSC,,False,True,False,Supercopa Ecuador,Supercopa Ecuador,,,,accepted,shared Transfermarkt competition code
ECSE,tm_competition:ECSE,,ECSE,,False,True,False,Serie A Segunda Etapa,Serie A Segunda Etapa,,,,accepted,shared Transfermarkt competition code
ECUP,tm_competition:ECUP,,ECUP,,False,True,False,Copa Ecuador,Copa Ecuador,,,,accepted,shared Transfermarkt competition code
EE17,tm_competition:EE17,,EE17,,False,True,False,U-17 Eliitliiga,U-17 Eliitliiga,,,,accepted,shared Transfermarkt competition code
EE19,tm_competition:EE19,,EE19,,False,True,False,U19 Eliitliiga Esiliiga,U19 Eliitliiga Esiliiga,,,,accepted,shared Transfermarkt competition code
EFD1,tm_competition:EFD1,,EFD1,,False,True,False,First Division (- 91/92),First Division (- 91/92),,,,accepted,shared Transfermarkt competition code
EFD2,tm_competition:EFD2,,EFD2,,False,True,False,First Division,First Division | First Division (- 03/04) | Second Division | Second Division (until 91/92),,,,accepted,shared Transfermarkt competition code
EGCP,tm_competition:EGCP,,EGCP,,False,True,False,Championship Playoff,Championship Playoff,,,,accepted,shared Transfermarkt competition code
EGLC,tm_competition:EGLC,,EGLC,,False,True,False,Egyptian League Cup,Egyptian League Cup,,,,accepted,shared Transfermarkt competition code
EGRP,tm_competition:EGRP,,EGRP,,False,True,False,Relegation Playoff,Relegation Playoff,,,,accepted,shared Transfermarkt competition code
EGY1,tm_competition:EGY1,,EGY1,,False,True,False,Premier League,Premier League,,,,accepted,shared Transfermarkt competition code
EGYP,tm_competition:EGYP,,EGYP,,False,True,False,Egypt Cup,Egypt Cup,,,,accepted,shared Transfermarkt competition code
EJPD,tm_competition:EJPD,,EJPD,,False,True,False,Jupiler Pro League Abstiegs-Playoffs,Jupiler Pro League Abstiegs-Playoffs,,,,accepted,shared Transfermarkt competition code
EJPL,tm_competition:EJPL,EJPL,EJPL,,True,True,False,jupiler-pro-league-playoff-i,JPL Champions PO | JPL Play-Offs I | jupiler-pro-league-playoff-i,Belgium,other,play_off,accepted,shared Transfermarkt competition code
EL,tm_competition:EL,EL,EL,,True,True,False,uefa-europa-league,Europa League | uefa-europa-league,,other,uefa_europa_league,accepted,shared Transfermarkt competition code
EL1A,tm_competition:EL1A,,EL1A,,False,True,False,Serie A Primera Etapa,Serie A Primera Etapa,,,,accepted,shared Transfermarkt competition code
EL1S,tm_competition:EL1S,,EL1S,,False,True,False,Serie A Segunda Etapa,Serie A Segunda Etapa,,,,accepted,shared Transfermarkt competition code
ELME,tm_competition:ELME,,ELME,,False,True,False,U19 Eliitliiga Meistriliiga,U19 Eliitliiga Meistriliiga,,,,accepted,shared Transfermarkt competition code
ELMP,tm_competition:ELMP,,ELMP,,False,True,False,U19 Eliitliiga Meistriliiga Playoffs,U19 Eliitliiga Meistriliiga Playoffs,,,,accepted,shared Transfermarkt competition code
ELQ,tm_competition:ELQ,ELQ,ELQ,,True,True,False,uefa-europa-league-qualifying,Europa League Qualifying | uefa-europa-league-qualifying,,other,uefa_europa_league_qualifying,accepted,shared Transfermarkt competition code
ELSA,tm_competition:ELSA,,ELSA,,False,True,False,Regionalliga Salzburg (- 2023),Regionalliga Salzburg (- 2023),,,,accepted,shared Transfermarkt competition code
ELSC,tm_competition:ELSC,,ELSC,,False,True,False,Supercopa de El Salvador,Supercopa de El Salvador,,,,accepted,shared Transfermarkt competition code
ELTA,tm_competition:ELTA,,ELTA,,False,True,False,Regionalliga Tirol Abstiegsrunde (- 2023),Regionalliga Tirol Abstiegsrunde (- 2023),,,,accepted,shared Transfermarkt competition code
ELTI,tm_competition:ELTI,,ELTI,,False,True,False,Regionalliga Tirol (- 2023),Regionalliga Tirol (- 2023),,,,accepted,shared Transfermarkt competition code
ELVA,tm_competition:ELVA,,ELVA,,False,True,False,Eliteliga Vorarlberg (- 2023),Eliteliga Vorarlberg (- 2023),,,,accepted,shared Transfermarkt competition code
ENSD,tm_competition:ENSD,,ENSD,,False,True,False,Second Division,Second Division | Second Division (- 03/04) | Third Division | Third Division (until 91/92),,,,accepted,shared Transfermarkt competition code
EPL,tm_competition:EPL,,EPL,,False,True,False,European Cup,European Cup,,,,accepted,shared Transfermarkt competition code
EPP,tm_competition:EPP,,EPP,,False,True,False,Cup Winners' Cup,Cup Winners' Cup,,,,accepted,shared Transfermarkt competition code
ES1,tm_competition:ES1,ES1,ES1,ES1,True,True,True,La Liga,La Liga | LaLiga | laliga,Spain,domestic_league,first_tier,accepted,shared Transfermarkt competition code
ES17,tm_competition:ES17,,ES17,,False,True,False,U17 Eliitliiga Esiliiga,U17 Eliitliiga Esiliiga,,,,accepted,shared Transfermarkt competition code
ES1H,tm_competition:ES1H,,ES1H,,False,True,False,Meistriliiga (92/93 bis 97/98),Meistriliiga (92/93 bis 97/98),,,,accepted,shared Transfermarkt competition code
ES1P,tm_competition:ES1P,,ES1P,,False,True,False,Promoción a LaLiga,Promoción a LaLiga,,,,accepted,shared Transfermarkt competition code
ES2,tm_competition:ES2,,ES2,,False,True,False,LaLiga2,2ª División | LaLiga2 | Segunda División,,,,accepted,shared Transfermarkt competition code
ES2P,tm_competition:ES2P,,ES2P,,False,True,False,Promoción a LaLiga2,Ascenso LaLiga2 | Ascenso a 2ª | Promoción a LaLiga2,,,,accepted,shared Transfermarkt competition code
ES3A,tm_competition:ES3A,,ES3A,,False,True,False,2ª B - Grupo I,2ª B - Grupo I | Segunda División B - Grupo I (- 20/21),,,,accepted,shared Transfermarkt competition code
ES3B,tm_competition:ES3B,,ES3B,,False,True,False,2ª B - Grupo II,2ª B - Grupo II | Segunda División B - Grupo II (-20/21),,,,accepted,shared Transfermarkt competition code
ES3C,tm_competition:ES3C,,ES3C,,False,True,False,2ª B - Grupo III,2ª B - Grupo III | Segunda División B - Grupo III (-20/21),,,,accepted,shared Transfermarkt competition code
ES3D,tm_competition:ES3D,,ES3D,,False,True,False,2ª B - Grupo IV,2ª B - Grupo IV | Segunda División B - Grupo IV (-20/21),,,,accepted,shared Transfermarkt competition code
ES3E,tm_competition:ES3E,,ES3E,,False,True,False,2ª B - Grupo V,2ª B - Grupo V | Segunda División B - Grupo V (- 20/21),,,,accepted,shared Transfermarkt competition code
ES3P,tm_competition:ES3P,,ES3P,,False,True,False,Permanencia en 2ª Federación,Permanencia en 2ª Federación,,,,accepted,shared Transfermarkt competition code
ESCU,tm_competition:ESCU,,ESCU,,False,True,False,Egyptian Super Cup,Egyptian Super Cup,,,,accepted,shared Transfermarkt competition code
ESJP,tm_competition:ESJP,,ESJP,,False,True,False,Jupiler Pro League playoff Europa League,Jupiler Pro League playoff Europa League,,,,accepted,shared Transfermarkt competition code
ESMS,tm_competition:ESMS,,ESMS,,False,True,False,Entscheidungsspiel Meisterschaft,Entscheidungsspiel Meisterschaft,,,,accepted,shared Transfermarkt competition code
EST1,tm_competition:EST1,,EST1,,False,True,False,Premium Liiga,Meistriliiga | Premium Liiga,,,,accepted,shared Transfermarkt competition code
EST2,tm_competition:EST2,,EST2,,False,True,False,Esiliiga,Esiliiga,,,,accepted,shared Transfermarkt competition code
EST3,tm_competition:EST3,,EST3,,False,True,False,Esiliiga B,Esiliiga B,,,,accepted,shared Transfermarkt competition code
ESTP,tm_competition:ESTP,,ESTP,,False,True,False,Eesti Karikas,Eesti Karikas,,,,accepted,shared Transfermarkt competition code
ESTR,tm_competition:ESTR,,ESTR,,False,True,False,Relegation Estland,Relegation Estland,,,,accepted,shared Transfermarkt competition code
ESTS,tm_competition:ESTS,,ESTS,,False,True,False,Eesti Superkarikas,Eesti Superkarikas,,,,accepted,shared Transfermarkt competition code
ETP1,tm_competition:ETP1,,ETP1,,False,True,False,Premier League,Premier League,,,,accepted,shared Transfermarkt competition code
EURO,tm_competition:EURO,EURO,,,True,False,False,uefa-euro,uefa-euro,,national_team_competition,uefa_euro,accepted,shared Transfermarkt competition code
EVAA,tm_competition:EVAA,,EVAA,,False,True,False,Eliteliga Vorarlberg Abstiegsrunde (- 2023),Eliteliga Vorarlberg Abstiegsrunde (- 2023),,,,accepted,shared Transfermarkt competition code
F19A,tm_competition:F19A,,F19A,,False,True,False,National U19 - Grp. A,National U19 - Grp. A,,,,accepted,shared Transfermarkt competition code
F19B,tm_competition:F19B,,F19B,,False,True,False,National U19 - Grp. B,National U19 - Grp. B,,,,accepted,shared Transfermarkt competition code
F19C,tm_competition:F19C,,F19C,,False,True,False,National U19 - Grp. C,National U19 - Grp. C,,,,accepted,shared Transfermarkt competition code
F19D,tm_competition:F19D,,F19D,,False,True,False,National U19 - Grp. D,National U19 - Grp. D,,,,accepted,shared Transfermarkt competition code
F19F,tm_competition:F19F,,F19F,,False,True,False,National U19 - Phase finale,National U19 - Phase finale,,,,accepted,shared Transfermarkt competition code
F1CC,tm_competition:F1CC,,F1CC,,False,True,False,Veikkausliiga Relegation Group,Veikkausliiga Relegation Group,,,,accepted,shared Transfermarkt competition code
F1CE,tm_competition:F1CE,,F1CE,,False,True,False,Veikkausliiga Europa Playoffs,Veikkausliiga Europa Playoffs,,,,accepted,shared Transfermarkt competition code
F1CL,tm_competition:F1CL,,F1CL,,False,True,False,Veikkausliiga Championship Group,Veikkausliiga Championship Group,,,,accepted,shared Transfermarkt competition code
F3KA,tm_competition:F3KA,,F3KA,,False,True,False,Kakkonen Relegation A,Kakkonen Relegation A,,,,accepted,shared Transfermarkt competition code
F3KB,tm_competition:F3KB,,F3KB,,False,True,False,Kakkonen Relegation B,Kakkonen Relegation B,,,,accepted,shared Transfermarkt competition code
F4FR,tm_competition:F4FR,,F4FR,,False,True,False,3. deild - Final round,3. deild - Final round,,,,accepted,shared Transfermarkt competition code
F4KP,tm_competition:F4KP,,F4KP,,False,True,False,Kolmonen Pohjoinen,Kolmonen Pohjoinen,,,,accepted,shared Transfermarkt competition code
F4LA,tm_competition:F4LA,,F4LA,,False,True,False,Kolmonen Läntinen,Kolmonen Läntinen,,,,accepted,shared Transfermarkt competition code
FAC,tm_competition:FAC,FAC,FAC,,True,True,False,fa-cup,FA Cup | fa-cup,England,domestic_cup,domestic_cup,accepted,shared Transfermarkt competition code
FAPO,tm_competition:FAPO,,FAPO,,False,True,False,Logmanssteypid,Logmanssteypid,,,,accepted,shared Transfermarkt competition code
FAR2,tm_competition:FAR2,,FAR2,,False,True,False,1. deild,1. deild,,,,accepted,shared Transfermarkt competition code
FAR3,tm_competition:FAR3,,FAR3,,False,True,False,2. deild,2. deild,,,,accepted,shared Transfermarkt competition code
FAR4,tm_competition:FAR4,,FAR4,,False,True,False,3. deild,3. deild,,,,accepted,shared Transfermarkt competition code
FARO,tm_competition:FARO,,FARO,,False,True,False,Betri-deildin,Betri-deildin | Effodeildin | Vodafonedeildin,,,,accepted,shared Transfermarkt competition code
FASC,tm_competition:FASC,,FASC,,False,True,False,Stórsteypadystur,Stórsteypadystur,,,,accepted,shared Transfermarkt competition code
FAYC,tm_competition:FAYC,,FAYC,,False,True,False,FA Youth Cup,FA Youth Cup,,,,accepted,shared Transfermarkt competition code
FDGB,tm_competition:FDGB,,FDGB,,False,True,False,FDGB-Pokal,FDGB-Pokal,,,,accepted,shared Transfermarkt competition code
FFAC,tm_competition:FFAC,,FFAC,,False,True,False,Australia Cup,Australia Cup | FFA Cup,,,,accepted,shared Transfermarkt competition code
FI1,tm_competition:FI1,,FI1,,False,True,False,Veikkausliiga,Veikkausliiga,,,,accepted,shared Transfermarkt competition code
FI2,tm_competition:FI2,,FI2,,False,True,False,Ykkönen,Ykkönen | Ykkösliiga,,,,accepted,shared Transfermarkt competition code
FI2P,tm_competition:FI2P,,FI2P,,False,True,False,Ykkönen Playoff,Ykkönen Playoff,,,,accepted,shared Transfermarkt competition code
FI3,tm_competition:FI3,,FI3,,False,True,False,Kakkonen - East,Kakkonen - East,,,,accepted,shared Transfermarkt competition code
FI3A,tm_competition:FI3A,,FI3A,,False,True,False,Kakkonen - Group A,Kakkonen - Group A,,,,accepted,shared Transfermarkt competition code
FI3B,tm_competition:FI3B,,FI3B,,False,True,False,Kakkonen - Group B,Kakkonen - Group B,,,,accepted,shared Transfermarkt competition code
FI3C,tm_competition:FI3C,,FI3C,,False,True,False,Kakkonen - Group C,Kakkonen - Group C,,,,accepted,shared Transfermarkt competition code
FI3N,tm_competition:FI3N,,FI3N,,False,True,False,Kakkonen - North,Kakkonen - North,,,,accepted,shared Transfermarkt competition code
FI3R,tm_competition:FI3R,,FI3R,,False,True,False,Ykkönen Relegation Group,Ykkönen Relegation Group,,,,accepted,shared Transfermarkt competition code
FI3S,tm_competition:FI3S,,FI3S,,False,True,False,Kakkonen - South,Kakkonen - South,,,,accepted,shared Transfermarkt competition code
FI4L,tm_competition:FI4L,,FI4L,,False,True,False,Kolmonen Itäinen,Kolmonen Itäinen,,,,accepted,shared Transfermarkt competition code
FI4R,tm_competition:FI4R,,FI4R,,False,True,False,Relegation Ykkösliiga,Relegation Ykkösliiga,,,,accepted,shared Transfermarkt competition code
FIC1,tm_competition:FIC1,,FIC1,,False,True,False,FIFA Intercontinental Cup,FIFA Intercontinental Cup,,,,accepted,shared Transfermarkt competition code
FIKP,tm_competition:FIKP,,FIKP,,False,True,False,Kakkonen Playoffs,Kakkonen Playoffs,,,,accepted,shared Transfermarkt competition code
FIL,tm_competition:FIL,,FIL,,False,True,False,Liigacup,Liigacup,,,,accepted,shared Transfermarkt competition code
FINJ,tm_competition:FINJ,,FINJ,,False,True,False,A-pojat SM-sarja Qualification,A-pojat SM-sarja Qualification,,,,accepted,shared Transfermarkt competition code
FIP1,tm_competition:FIP1,,FIP1,,False,True,False,Regions Cup,Regions Cup,,,,accepted,shared Transfermarkt competition code
FIS,tm_competition:FIS,,FIS,,False,True,False,Suomen Cup,Suomen Cup,,,,accepted,shared Transfermarkt competition code
FIWC,tm_competition:FIWC,FIWC,,,True,False,False,world-cup,world-cup,,national_team_competition,world_cup,accepted,shared Transfermarkt competition code
FIYK,tm_competition:FIYK,,FIYK,,False,True,False,Ykkönen,Ykkönen,,,,accepted,shared Transfermarkt competition code
FIYO,tm_competition:FIYO,,FIYO,,False,True,False,Under-20 Intercontinental Cup,Under-20 Intercontinental Cup,,,,accepted,shared Transfermarkt competition code
FJE,tm_competition:FJE,,FJE,,False,True,False,A-Pojat SM Sarja Endrunde,A-Pojat SM Sarja Endrunde,,,,accepted,shared Transfermarkt competition code
FLAP,tm_competition:FLAP,,FLAP,,False,True,False,F:L RelegationPO,Chance Liga Relegation PO | F:L RelegationPO,,,,accepted,shared Transfermarkt competition code
FP3A,tm_competition:FP3A,,FP3A,,False,True,False,Kakkonen Promotion A,Kakkonen Promotion A,,,,accepted,shared Transfermarkt competition code
FR1,tm_competition:FR1,FR1,FR1,FR1,True,True,True,Ligue 1,Division 1 | Division Nationale | Ligue 1 | ligue-1,France,domestic_league,first_tier,accepted,shared Transfermarkt competition code
FR2,tm_competition:FR2,,FR2,,False,True,False,Ligue 2,Division 2 | Ligue 2,,,,accepted,shared Transfermarkt competition code
FR3,tm_competition:FR3,,FR3,,False,True,False,Championnat National,Championnat National,,,,accepted,shared Transfermarkt competition code
FRC,tm_competition:FRC,,FRC,,False,True,False,Coupe de France,Coupe de France,,,,accepted,shared Transfermarkt competition code
FRCH,tm_competition:FRCH,FRCH,FRCH,,True,True,False,trophee-des-champions,Trophée des Champions | trophee-des-champions,France,other,domestic_super_cup,accepted,shared Transfermarkt competition code
FRL,tm_competition:FRL,,FRL,,False,True,False,Coupe de la Ligue,Coupe de la Ligue,,,,accepted,shared Transfermarkt competition code
FRR1,tm_competition:FRR1,,FRR1,,False,True,False,L1/L2 Playoffs,L1/L2 Playoffs,,,,accepted,shared Transfermarkt competition code
FRR2,tm_competition:FRR2,,FRR2,,False,True,False,L2/N1 Playoffs,L2/N1 Playoffs,,,,accepted,shared Transfermarkt competition code
FRYC,tm_competition:FRYC,,FRYC,,False,True,False,Coupe Gambardella,Coupe Gambardella,,,,accepted,shared Transfermarkt competition code
G19C,tm_competition:G19C,,G19C,,False,True,False,Kypello U19,Kypello U19,,,,accepted,shared Transfermarkt competition code
G2DC,tm_competition:G2DC,,G2DC,,False,True,False,Second Division Cup,Second Division Cup,,,,accepted,shared Transfermarkt competition code
G2PO,tm_competition:G2PO,,G2PO,,False,True,False,Relegation B',Relegation B',,,,accepted,shared Transfermarkt competition code
G2SC,tm_competition:G2SC,,G2SC,,False,True,False,Super League 2 Super Cup,Super League 2 Super Cup,,,,accepted,shared Transfermarkt competition code
GB1,tm_competition:GB1,GB1,GB1,GB1,True,True,True,Premier League,Premier League | premier-league,England,domestic_league,first_tier,accepted,shared Transfermarkt competition code
GB18,tm_competition:GB18,,GB18,,False,True,False,U18 Premier League,U18 Premier League,,,,accepted,shared Transfermarkt competition code
GB2,tm_competition:GB2,,GB2,,False,True,False,Championship,Championship,,,,accepted,shared Transfermarkt competition code
GB21,tm_competition:GB21,,GB21,,False,True,False,Premier League 2,Premier League 2 | U21 PL | U21 Premier League,,,,accepted,shared Transfermarkt competition code
GB3,tm_competition:GB3,,GB3,,False,True,False,League One,League One,,,,accepted,shared Transfermarkt competition code
GB4,tm_competition:GB4,,GB4,,False,True,False,League Two,League Two,,,,accepted,shared Transfermarkt competition code
GBCS,tm_competition:GBCS,GBCS,GBCS,,True,True,False,community-shield,Charity Shield | Community Shield | community-shield,England,other,domestic_super_cup,accepted,shared Transfermarkt competition code
GBEG,tm_competition:GBEG,,GBEG,,False,True,False,U21 PL Elite Group,U21 PL Elite Group,,,,accepted,shared Transfermarkt competition code
GBFL,tm_competition:GBFL,,GBFL,,False,True,False,EFL Trophy,EFL Trophy | FL Trophy,,,,accepted,shared Transfermarkt competition code
GBKN,tm_competition:GBKN,,GBKN,,False,True,False,U21 PL Knockout,U21 PL Knockout,,,,accepted,shared Transfermarkt competition code
GBQ1,tm_competition:GBQ1,,GBQ1,,False,True,False,U21 PL Qualificationsgr. 1,U21 PL Qualificationsgr. 1,,,,accepted,shared Transfermarkt competition code
GBQ2,tm_competition:GBQ2,,GBQ2,,False,True,False,U21 PL Qualificationsgr. 2,U21 PL Qualificationsgr. 2,,,,accepted,shared Transfermarkt competition code
GBR,tm_competition:GBR,,GBR,,False,True,False,Reserve League,Reserve League,,,,accepted,shared Transfermarkt competition code
GBRN,tm_competition:GBRN,,GBRN,,False,True,False,Reserve League North,Reserve League North,,,,accepted,shared Transfermarkt competition code
GBRP,tm_competition:GBRP,,GBRP,,False,True,False,Reserve League Play Offs,Reserve League Play Offs,,,,accepted,shared Transfermarkt competition code
GBRS,tm_competition:GBRS,,GBRS,,False,True,False,Reserve League South,Reserve League South,,,,accepted,shared Transfermarkt competition code
GE1N,tm_competition:GE1N,,GE1N,,False,True,False,Erovnuli Liga,Erovnuli Liga,,,,accepted,shared Transfermarkt competition code
GE2H,tm_competition:GE2H,,GE2H,,False,True,False,Pirveli Liga (until 12/2016),Pirveli Liga (until 12/2016),,,,accepted,shared Transfermarkt competition code
GE2P,tm_competition:GE2P,,GE2P,,False,True,False,Liga 1 Playoff,Liga 1 Playoff,,,,accepted,shared Transfermarkt competition code
GEO1,tm_competition:GEO1,,GEO1,,False,True,False,Umaghlesi Liga (until 12/2016),Umaghlesi Liga (until 12/2016) | Umaghlessi Liga,,,,accepted,shared Transfermarkt competition code
GEO2,tm_competition:GEO2,,GEO2,,False,True,False,Erovnuli Liga 2,Erovnuli Liga 2,,,,accepted,shared Transfermarkt competition code
GEOA,tm_competition:GEOA,,GEOA,,False,True,False,Umaglesi Liga Relegation Round (- 2017),Umaglesi Liga Relegation Round (- 2017),,,,accepted,shared Transfermarkt competition code
GEOM,tm_competition:GEOM,,GEOM,,False,True,False,Umaglesi Liga Championship Round (- 2017),Umaglesi Liga Championship Round (- 2017),,,,accepted,shared Transfermarkt competition code
GEP1,tm_competition:GEP1,,GEP1,,False,True,False,David Kipiani Cup,David Kipiani Cup,,,,accepted,shared Transfermarkt competition code
GEP3,tm_competition:GEP3,,GEP3,,False,True,False,Umaghlesi Liga - EL Playoff,Umaghlesi Liga - EL Playoff,,,,accepted,shared Transfermarkt competition code
GEPO,tm_competition:GEPO,,GEPO,,False,True,False,David Kipiani Cup (bis 15/16),David Kipiani Cup (bis 15/16),,,,accepted,shared Transfermarkt competition code
GESC,tm_competition:GESC,,GESC,,False,True,False,Georgian Super Cup,Georgian Super Cup,,,,accepted,shared Transfermarkt competition code
GFAC,tm_competition:GFAC,,GFAC,,False,True,False,GFA Cup,GFA Cup,,,,accepted,shared Transfermarkt competition code
GHPL,tm_competition:GHPL,,GHPL,,False,True,False,Premier League,Premier League,,,,accepted,shared Transfermarkt competition code
GI1,tm_competition:GI1,,GI1,,False,True,False,Gibraltar Football League,Gibraltar Football League,,,,accepted,shared Transfermarkt competition code
GI2,tm_competition:GI2,,GI2,,False,True,False,Gibraltar Second Division,Gibraltar Second Division,,,,accepted,shared Transfermarkt competition code
GIIL,tm_competition:GIIL,,GIIL,,False,True,False,Interm. League,Interm. League,,,,accepted,shared Transfermarkt competition code
GINC,tm_competition:GINC,,GINC,,False,True,False,Intermediate Cup,Intermediate Cup,,,,accepted,shared Transfermarkt competition code
GIRC,tm_competition:GIRC,,GIRC,,False,True,False,Rock Cup,Rock Cup,,,,accepted,shared Transfermarkt competition code
GISC,tm_competition:GISC,,GISC,,False,True,False,Pepe Reyes Cup,Pepe Reyes Cup,,,,accepted,shared Transfermarkt competition code
GN1P,tm_competition:GN1P,,GN1P,,False,True,False,Championship Group,Championship Group,,,,accepted,shared Transfermarkt competition code
GN2P,tm_competition:GN2P,,GN2P,,False,True,False,Challenge Group,Challenge Group,,,,accepted,shared Transfermarkt competition code
GR1,tm_competition:GR1,GR1,GR1,,True,True,False,super-league-1,A' Ethniki | Alpha Ethniki | Stoiximan Super League | Super League | Super League 1 | Super League Interwetten | Super League OPAP | Super League Souroti | super-league-1,Greece,domestic_league,first_tier,accepted,shared Transfermarkt competition code
GR2,tm_competition:GR2,,GR2,,False,True,False,Football League,B' Ethniki | Beta Ethniki | Football League | Football League OPAP | Stoiximan.gr Football League,,,,accepted,shared Transfermarkt competition code
GR20,tm_competition:GR20,,GR20,,False,True,False,Super League K20,Super League K19 | Super League K20 | Super League U19,,,,accepted,shared Transfermarkt competition code
GR2N,tm_competition:GR2N,,GR2N,,False,True,False,Football League North,Football League North,,,,accepted,shared Transfermarkt competition code
GR2O,tm_competition:GR2O,,GR2O,,False,True,False,FL Play-off,B' Ethniki POFF | FL Play-off,,,,accepted,shared Transfermarkt competition code
GR2S,tm_competition:GR2S,,GR2S,,False,True,False,Football League South,Football League South,,,,accepted,shared Transfermarkt competition code
GR2T,tm_competition:GR2T,,GR2T,,False,True,False,FL Play-out,B' Ethniki POUT | FL Play-out,,,,accepted,shared Transfermarkt competition code
GRD,tm_competition:GRD,,GRD,,False,True,False,Gibraltar Reserves Division,Gibraltar Reserves Division,,,,accepted,shared Transfermarkt competition code
GRP,tm_competition:GRP,GRP,GRP,,True,True,False,kypello-elladas,Kypello Elladas | kypello-elladas,Greece,domestic_cup,domestic_cup,accepted,shared Transfermarkt competition code
GRP2,tm_competition:GRP2,,GRP2,,False,True,False,G' Ethniki Play-off,G' Ethniki Play-off,,,,accepted,shared Transfermarkt competition code
GRP3,tm_competition:GRP3,,GRP3,,False,True,False,Kyp. G' Ethnikis,Kyp. G' Ethnikis,,,,accepted,shared Transfermarkt competition code
GRPL,tm_competition:GRPL,,GRPL,,False,True,False,Super League 5th place play-off,Super League 5th place play-off | UEFA Cup PO,,,,accepted,shared Transfermarkt competition code
GRS2,tm_competition:GRS2,,GRS2,,False,True,False,Super League 2,Super League 2 | Super League 2 betsson,,,,accepted,shared Transfermarkt competition code
GRSC,tm_competition:GRSC,,GRSC,,False,True,False,Greek Super Cup,Greek Super Cup,,,,accepted,shared Transfermarkt competition code
GU1A,tm_competition:GU1A,,GU1A,,False,True,False,Liga Nacional Ap,Liga Guate Apertura | Liga Nacional Ap,,,,accepted,shared Transfermarkt competition code
GU1C,tm_competition:GU1C,,GU1C,,False,True,False,Liga Nacional Cl,Liga Guate Clausura | Liga Nacional Cl,,,,accepted,shared Transfermarkt competition code
GUPA,tm_competition:GUPA,,GUPA,,False,True,False,Apertura Playoff,Apertura Playoff | Liga Guate Ap. Play-Off,,,,accepted,shared Transfermarkt competition code
GUPC,tm_competition:GUPC,,GUPC,,False,True,False,Clausura Playoff,Clausura Playoff | Liga Guate Cl. Play-Off,,,,accepted,shared Transfermarkt competition code
GZF1,tm_competition:GZF1,,GZF1,,False,True,False,Gozo League Finals,Gozo League Finals,,,,accepted,shared Transfermarkt competition code
GZO1,tm_competition:GZO1,,GZO1,,False,True,False,Gozo League,Gozo League,,,,accepted,shared Transfermarkt competition code
HBPO,tm_competition:HBPO,,HBPO,,False,True,False,Bremenpokal,Bremenpokal,,,,accepted,shared Transfermarkt competition code
HBZA,tm_competition:HBZA,,HBZA,,False,True,False,Hoofdklasse B Sa,Hoofdklasse B Sa,,,,accepted,shared Transfermarkt competition code
HBZO,tm_competition:HBZO,,HBZO,,False,True,False,Hoofdklasse B Su,Hoofdklasse B Su,,,,accepted,shared Transfermarkt competition code
HEPO,tm_competition:HEPO,,HEPO,,False,True,False,Hessenpokal,Hessenpokal,,,,accepted,shared Transfermarkt competition code
HFA4,tm_competition:HFA4,,HFA4,,False,True,False,Hong Kong FA Cup Jun.,Hong Kong FA Cup Jun.,,,,accepted,shared Transfermarkt competition code
HGKG,tm_competition:HGKG,,HGKG,,False,True,False,Hong Kong Premier League,First Division | Hong Kong Premier League,,,,accepted,shared Transfermarkt competition code
HK1A,tm_competition:HK1A,,HK1A,,False,True,False,Hong Kong Relegation Group,Hong Kong Relegation Group,,,,accepted,shared Transfermarkt competition code
HK1M,tm_competition:HK1M,,HK1M,,False,True,False,Hong Kong Championship Group,Hong Kong Championship Group,,,,accepted,shared Transfermarkt competition code
HK22,tm_competition:HK22,,HK22,,False,True,False,HKPL U22 League,HKPL U22 League,,,,accepted,shared Transfermarkt competition code
HK2F,tm_competition:HK2F,,HK2F,,False,True,False,HK U22 FA Cup,HK U22 FA Cup,,,,accepted,shared Transfermarkt competition code
HK2L,tm_competition:HK2L,,HK2L,,False,True,False,Hong Kong First Division,Hong Kong First Division | Second Division,,,,accepted,shared Transfermarkt competition code
HKFA,tm_competition:HKFA,,HKFA,,False,True,False,Hong Kong FA Cup,Hong Kong FA Cup,,,,accepted,shared Transfermarkt competition code
HKP2,tm_competition:HKP2,,HKP2,,False,True,False,Sapling Cup,Sapling Cup,,,,accepted,shared Transfermarkt competition code
HKSC,tm_competition:HKSC,,HKSC,,False,True,False,Senior Shield,Senior Shield,,,,accepted,shared Transfermarkt competition code
HKSE,tm_competition:HKSE,,HKSE,,False,True,False,Hokushin'etsu Football League (Div.1),Hokushin'etsu Football League (Div.1),,,,accepted,shared Transfermarkt competition code
HLC2,tm_competition:HLC2,,HLC2,,False,True,False,Hong Kong League Cup,Hong Kong League Cup,,,,accepted,shared Transfermarkt competition code
HLER,tm_competition:HLER,,HLER,,False,True,False,Hessenliga - Finals,Hessenliga - Finals,,,,accepted,shared Transfermarkt competition code
HO1A,tm_competition:HO1A,,HO1A,,False,True,False,Liga Nacional Apertura,Liga Nacional Apertura,,,,accepted,shared Transfermarkt competition code
HOAP,tm_competition:HOAP,,HOAP,,False,True,False,LNPHN Apertura Playoff,LNA Pentagonal | LNPHN Apertura Playoff,,,,accepted,shared Transfermarkt competition code
HOC1,tm_competition:HOC1,,HOC1,,False,True,False,Liga Nacional Clausura,Liga Nacional Clausura,,,,accepted,shared Transfermarkt competition code
HOCP,tm_competition:HOCP,,HOCP,,False,True,False,LNPHN Clausura Playoff,LNPHN Clausura Playoff,,,,accepted,shared Transfermarkt competition code
HOSC,tm_competition:HOSC,,HOSC,,False,True,False,Supercopa de Honduras,Supercopa de Honduras,,,,accepted,shared Transfermarkt competition code
HRSC,tm_competition:HRSC,,HRSC,,False,True,False,SuperSport Super Cup,SuperSport Super Cup,,,,accepted,shared Transfermarkt competition code
IFDC,tm_competition:IFDC,,IFDC,,False,True,False,Federation Cup,Federation Cup,,,,accepted,shared Transfermarkt competition code
IJ1,tm_competition:IJ1,,IJ1,,False,True,False,Primavera 1,Primavera 1,,,,accepted,shared Transfermarkt competition code
IJ2A,tm_competition:IJ2A,,IJ2A,,False,True,False,Primavera 2 - A,Primavera 2 - A,,,,accepted,shared Transfermarkt competition code
IJ2B,tm_competition:IJ2B,,IJ2B,,False,True,False,Primavera 2 - B,Primavera 2 - B,,,,accepted,shared Transfermarkt competition code
IJSC,tm_competition:IJSC,,IJSC,,False,True,False,Supercoppa U17,Supercoppa U17,,,,accepted,shared Transfermarkt competition code
IKSC,tm_competition:IKSC,,IKSC,,False,True,False,Iraqi Super Cup,Iraqi Super Cup,,,,accepted,shared Transfermarkt competition code
IL2P,tm_competition:IL2P,,IL2P,,False,True,False,Liga 2 Promotion Playoff,Liga 2 Promotion Playoff,,,,accepted,shared Transfermarkt competition code
ILI2,tm_competition:ILI2,,ILI2,,False,True,False,Championship,Championship,,,,accepted,shared Transfermarkt competition code
ILIP,tm_competition:ILIP,,ILIP,,False,True,False,League of Ireland Cup,League of Ireland Cup,,,,accepted,shared Transfermarkt competition code
ILP1,tm_competition:ILP1,,ILP1,,False,True,False,I-League Champ. Stage,I-League Champ. Stage,,,,accepted,shared Transfermarkt competition code
ILP2,tm_competition:ILP2,,ILP2,,False,True,False,I-League Rel. Stage,I-League Rel. Stage,,,,accepted,shared Transfermarkt competition code
ILP3,tm_competition:ILP3,,ILP3,,False,True,False,Liga 2 Relegation Playoff,Liga 2 Relegation Playoff,,,,accepted,shared Transfermarkt competition code
ILPL,tm_competition:ILPL,,ILPL,,False,True,False,2nd Division League Playoffs,2nd Division League Playoffs,,,,accepted,shared Transfermarkt competition code
IN1L,tm_competition:IN1L,,IN1L,,False,True,False,ISL,ISC | ISL | Liga 1 | Liga 1 Indonesia | Super League,,,,accepted,shared Transfermarkt competition code
IND1,tm_competition:IND1,,IND1,,False,True,False,Indian Super League,Indian Super League,,,,accepted,shared Transfermarkt competition code
INDC,tm_competition:INDC,,INDC,,False,True,False,Durand Cup,Durand Cup,,,,accepted,shared Transfermarkt competition code
INDP,tm_competition:INDP,,INDP,,False,True,False,ISL Play-Offs,ISL Play-Offs,,,,accepted,shared Transfermarkt competition code
INIL,tm_competition:INIL,,INIL,,False,True,False,I-League,I-League,,,,accepted,shared Transfermarkt competition code
INP1,tm_competition:INP1,,INP1,,False,True,False,Liga 1 Championship Series,ISL Play-offs | Liga 1 Championship Series,,,,accepted,shared Transfermarkt competition code
INP2,tm_competition:INP2,,INP2,,False,True,False,Piala Menpora,Piala Menpora,,,,accepted,shared Transfermarkt competition code
INPI,tm_competition:INPI,,INPI,,False,True,False,Piala Indonesia,Piala Indonesia,,,,accepted,shared Transfermarkt competition code
INPP,tm_competition:INPP,,INPP,,False,True,False,Piala Presiden,Piala Presiden,,,,accepted,shared Transfermarkt competition code
INSC,tm_competition:INSC,,INSC,,False,True,False,Super Cup,Super Cup,,,,accepted,shared Transfermarkt competition code
IPL2,tm_competition:IPL2,,IPL2,,False,True,False,League 2 - Playoff,League 2 - Playoff,,,,accepted,shared Transfermarkt competition code
IR1,tm_competition:IR1,,IR1,,False,True,False,Premier Division,Premier Division,,,,accepted,shared Transfermarkt competition code
IR12,tm_competition:IR12,,IR12,,False,True,False,Play-Offs,Play-Offs,,,,accepted,shared Transfermarkt competition code
IR1H,tm_competition:IR1H,,IR1H,,False,True,False,Azadegan League (- 2001),Azadegan League (- 2001),,,,accepted,shared Transfermarkt competition code
IR2,tm_competition:IR2,,IR2,,False,True,False,First Division,First Division,,,,accepted,shared Transfermarkt competition code
IRLC,tm_competition:IRLC,,IRLC,,False,True,False,Leinster Senior Cup,Leinster Senior Cup,,,,accepted,shared Transfermarkt competition code
IRLP,tm_competition:IRLP,,IRLP,,False,True,False,Aluf haAlufim,Aluf haAlufim,,,,accepted,shared Transfermarkt competition code
IRMC,tm_competition:IRMC,,IRMC,,False,True,False,Munster Senior Cup,Munster Senior Cup,,,,accepted,shared Transfermarkt competition code
IRN1,tm_competition:IRN1,,IRN1,,False,True,False,Persian Gulf League,Persian Gulf League | Pro League,,,,accepted,shared Transfermarkt competition code
IRN2,tm_competition:IRN2,,IRN2,,False,True,False,Azadegan League,Azadegan League,,,,accepted,shared Transfermarkt competition code
IRN3,tm_competition:IRN3,,IRN3,,False,True,False,League 2,League 2,,,,accepted,shared Transfermarkt competition code
IRN6,tm_competition:IRN6,,IRN6,,False,True,False,Tehran Hazfi Cup,Tehran Hazfi Cup,,,,accepted,shared Transfermarkt competition code
IRNP,tm_competition:IRNP,,IRNP,,False,True,False,Hazfi Cup,Hazfi Cup,,,,accepted,shared Transfermarkt competition code
IRPC,tm_competition:IRPC,,IRPC,,False,True,False,President's Cup,President's Cup,,,,accepted,shared Transfermarkt competition code
IRPO,tm_competition:IRPO,,IRPO,,False,True,False,FAI Cup,FAI Cup,,,,accepted,shared Transfermarkt competition code
IRQ1,tm_competition:IRQ1,,IRQ1,,False,True,False,Iraq S. League,Iraq S. League | Iraq Stars League,,,,accepted,shared Transfermarkt competition code
IRQC,tm_competition:IRQC,,IRQC,,False,True,False,Iraq FA Cup,Iraq FA Cup,,,,accepted,shared Transfermarkt competition code
IRR1,tm_competition:IRR1,,IRR1,,False,True,False,Persian Gulf Pro League Playoffs,Persian Gulf Pro League Playoffs,,,,accepted,shared Transfermarkt competition code
IRSC,tm_competition:IRSC,,IRSC,,False,True,False,Iran Super Cup,Iran Super Cup,,,,accepted,shared Transfermarkt competition code
IS1,tm_competition:IS1,,IS1,,False,True,False,Pepsideild,Besta deild | Getraunadeild | Landsbankadeild | Landssímadeild | Pepsi Max deild | Pepsideild | Samskipadeild | Sjóvá-Alm. deild | Símadeild | Trópídeild,,,,accepted,shared Transfermarkt competition code
IS1P,tm_competition:IS1P,,IS1P,,False,True,False,Besta Deild - Finals,Besta Deild - Finals,,,,accepted,shared Transfermarkt competition code
IS2,tm_competition:IS2,,IS2,,False,True,False,Lengjudeild,1.Deild | Inkasso-deild | Lengjudeild,,,,accepted,shared Transfermarkt competition code
IS2P,tm_competition:IS2P,,IS2P,,False,True,False,Relegation Besta deild,Relegation Besta deild,,,,accepted,shared Transfermarkt competition code
ISC2,tm_competition:ISC2,,ISC2,,False,True,False,Indian Super Cup,Indian Super Cup,,,,accepted,shared Transfermarkt competition code
ISCC,tm_competition:ISCC,,ISCC,,False,True,False,Super Cup Qualifiers,Super Cup Qualifiers,,,,accepted,shared Transfermarkt competition code
ISL,tm_competition:ISL,,ISL,,False,True,False,Lengjubikarinn,Lengjubikarinn,,,,accepted,shared Transfermarkt competition code
ISL3,tm_competition:ISL3,,ISL3,,False,True,False,2. deild,2. deild,,,,accepted,shared Transfermarkt competition code
ISLS,tm_competition:ISLS,,ISLS,,False,True,False,Meistarakeppni,Meistarakeppni,,,,accepted,shared Transfermarkt competition code
ISP,tm_competition:ISP,,ISP,,False,True,False,Mjólkurbikar,Borgunarbikar | Coca-Cola bikar | Mjólkurbikar | VISA-bikar,,,,accepted,shared Transfermarkt competition code
ISP1,tm_competition:ISP1,,ISP1,,False,True,False,Ligat ha'Al/Leumit play-off,Ligat ha'Al/Leumit play-off,,,,accepted,shared Transfermarkt competition code
ISPO,tm_competition:ISPO,,ISPO,,False,True,False,Gvia haMedina,Gvia haMedina,,,,accepted,shared Transfermarkt competition code
ISR1,tm_competition:ISR1,,ISR1,,False,True,False,Ligat ha'Al,Liga Leumit | Ligat ha'Al,,,,accepted,shared Transfermarkt competition code
ISR2,tm_competition:ISR2,,ISR2,,False,True,False,Liga Leumit,Liga Leumit,,,,accepted,shared Transfermarkt competition code
ISRA,tm_competition:ISRA,,ISRA,,False,True,False,Ligat ha'Al - Relegation round,Ligat ha'Al - Relegation round,,,,accepted,shared Transfermarkt competition code
ISRF,tm_competition:ISRF,,ISRF,,False,True,False,Ligat ha'Al -  Championship round,Ligat ha'Al -  Championship round,,,,accepted,shared Transfermarkt competition code
ISRP,tm_competition:ISRP,,ISRP,,False,True,False,Ligat ha'Al - Middle Playoff,Ligat ha'Al - Middle Playoff,,,,accepted,shared Transfermarkt competition code
IT1,tm_competition:IT1,IT1,IT1,IT1,True,True,True,Serie A,Serie A | serie-a,Italy,domestic_league,first_tier,accepted,shared Transfermarkt competition code
IT18,tm_competition:IT18,,IT18,,False,True,False,Under 18 - Finals,Under 18 - Finals,,,,accepted,shared Transfermarkt competition code
IT2,tm_competition:IT2,,IT2,,False,True,False,Serie B,Serie B,,,,accepted,shared Transfermarkt competition code
IT3A,tm_competition:IT3A,,IT3A,,False,True,False,Serie C1 - A,Lega Pro - Girone A | Lega Pro 1a - A | Lega Pro A | Lega Pro Prima Divisione - Girone A | Serie C - A | Serie C - Girone A | Serie C-A | Serie C1 - A | Serie C1 - Girone A,,,,accepted,shared Transfermarkt competition code
IT3B,tm_competition:IT3B,,IT3B,,False,True,False,Serie C1 - B,Lega Pro - Girone B | Lega Pro 1 - B | Lega Pro B | Lega Pro Prima Divisione - Girone B | Serie C - B | Serie C - Girone B | Serie C-B | Serie C1 - B | Serie C1 - Girone B,,,,accepted,shared Transfermarkt competition code
IT3C,tm_competition:IT3C,,IT3C,,False,True,False,Serie C-C,Lega Pro - Girone C | Lega Pro C | Serie C - C | Serie C - Girone C | Serie C-C,,,,accepted,shared Transfermarkt competition code
IT3O,tm_competition:IT3O,,IT3O,,False,True,False,Playout Serie C,PlayOut Lega Pro | Playout C1 | Playout Serie C,,,,accepted,shared Transfermarkt competition code
IT3P,tm_competition:IT3P,,IT3P,,False,True,False,Playoff Serie C,PlayOff Lega Pro | Playoff C1 | Playoff Serie C,,,,accepted,shared Transfermarkt competition code
IT4,tm_competition:IT4,,IT4,,False,True,False,Meisterrunde,Meisterrunde,,,,accepted,shared Transfermarkt competition code
IT4A,tm_competition:IT4A,,IT4A,,False,True,False,Serie D - A,Serie D - A | Serie D - Girone A,,,,accepted,shared Transfermarkt competition code
IT4B,tm_competition:IT4B,,IT4B,,False,True,False,Serie D - B,Serie D - B | Serie D - Girone B,,,,accepted,shared Transfermarkt competition code
IT4C,tm_competition:IT4C,,IT4C,,False,True,False,Serie D - C,Serie D - C | Serie D - Girone C,,,,accepted,shared Transfermarkt competition code
IT4D,tm_competition:IT4D,,IT4D,,False,True,False,Serie D - D,Serie D - D | Serie D - Girone D,,,,accepted,shared Transfermarkt competition code
IT4E,tm_competition:IT4E,,IT4E,,False,True,False,Serie D - E,Serie D - E | Serie D - Girone E,,,,accepted,shared Transfermarkt competition code
IT4F,tm_competition:IT4F,,IT4F,,False,True,False,Serie D - F,Serie D - F | Serie D - Girone F,,,,accepted,shared Transfermarkt competition code
IT4G,tm_competition:IT4G,,IT4G,,False,True,False,Serie D - G,Serie D - G | Serie D - Girone G,,,,accepted,shared Transfermarkt competition code
IT4H,tm_competition:IT4H,,IT4H,,False,True,False,Serie D - H,Serie D - Girone H | Serie D - H,,,,accepted,shared Transfermarkt competition code
IT4I,tm_competition:IT4I,,IT4I,,False,True,False,Serie D - I,Serie D - Girone I | Serie D - I,,,,accepted,shared Transfermarkt competition code
IT4O,tm_competition:IT4O,,IT4O,,False,True,False,Serie D play-out,Serie D play-out,,,,accepted,shared Transfermarkt competition code
IT4P,tm_competition:IT4P,,IT4P,,False,True,False,Play-off Serie D,Play-off Serie D,,,,accepted,shared Transfermarkt competition code
IT4V,tm_competition:IT4V,,IT4V,,False,True,False,Lega Pro 2 - D,Lega Pro 2 - D | Lega Pro Seconda Divisione - Girone D,,,,accepted,shared Transfermarkt competition code
IT4W,tm_competition:IT4W,,IT4W,,False,True,False,Play-off/out Lega Pro 2,Play-off/out Lega Pro 2,,,,accepted,shared Transfermarkt competition code
IT4X,tm_competition:IT4X,,IT4X,,False,True,False,Serie C2 - A,Lega Pro 2 - A | Lega Pro Seconda Divisione - Girone A | Serie C2 - A | Serie C2 - Girone A,,,,accepted,shared Transfermarkt competition code
IT4Y,tm_competition:IT4Y,,IT4Y,,False,True,False,Serie C2 - B,Lega Pro 2 - B | Lega Pro Seconda Divisione - Girone B | Serie C2 - B | Serie C2 - Girone B,,,,accepted,shared Transfermarkt competition code
IT4Z,tm_competition:IT4Z,,IT4Z,,False,True,False,Serie C2 - C,Lega Pro 2 - C | Lega Pro Seconda Divisione - Girone C | Serie C2 - C | Serie C2 - Girone C,,,,accepted,shared Transfermarkt competition code
ITC,tm_competition:ITC,,ITC,,False,True,False,Intertoto-Cup (- 94/95),Intertoto-Cup (- 94/95),,,,accepted,shared Transfermarkt competition code
ITC4,tm_competition:ITC4,,ITC4,,False,True,False,Coppa Serie D,Coppa Serie D,,,,accepted,shared Transfermarkt competition code
ITJ0,tm_competition:ITJ0,,ITJ0,,False,True,False,Primavera D,Campionato Primavera Girone D | Primavera D,,,,accepted,shared Transfermarkt competition code
ITJ1,tm_competition:ITJ1,,ITJ1,,False,True,False,Primavera A,Campionato Primavera Girone A | Primavera A,,,,accepted,shared Transfermarkt competition code
ITJ2,tm_competition:ITJ2,,ITJ2,,False,True,False,Primavera B,Campionato Primavera Girone B | Primavera B,,,,accepted,shared Transfermarkt competition code
ITJ3,tm_competition:ITJ3,,ITJ3,,False,True,False,Primavera C,Campionato Primavera Girone C | Primavera C,,,,accepted,shared Transfermarkt competition code
ITJ4,tm_competition:ITJ4,,ITJ4,,False,True,False,Under 17 - A,Campionato Under 17 - A | Under 17 - A,,,,accepted,shared Transfermarkt competition code
ITJ5,tm_competition:ITJ5,,ITJ5,,False,True,False,Under 17 - B,Campionato nazionale Under 17 - B | Under 17 - B,,,,accepted,shared Transfermarkt competition code
ITJ6,tm_competition:ITJ6,,ITJ6,,False,True,False,Under 17 - C,Campionato nazionale Under 17 - C | Under 17 - C,,,,accepted,shared Transfermarkt competition code
ITJ7,tm_competition:ITJ7,,ITJ7,,False,True,False,Under 18,Campionato Under 18 | Campionato Under 18 - A | Campionato nazionale Under 18 | Under 18 | Under 18 - A,,,,accepted,shared Transfermarkt competition code
ITJ8,tm_competition:ITJ8,,ITJ8,,False,True,False,Under 17 20/21,Campionato nazionale Under 17 2020/21 | Under 17 20/21,,,,accepted,shared Transfermarkt competition code
ITJ9,tm_competition:ITJ9,,ITJ9,,False,True,False,Under 18 - B,Campionato nazionale Under 18 - B | Under 18 - B,,,,accepted,shared Transfermarkt competition code
ITJE,tm_competition:ITJE,,ITJE,,False,True,False,Primavera Fase Finale,Primavera Fase Finale,,,,accepted,shared Transfermarkt competition code
ITJF,tm_competition:ITJF,,ITJF,,False,True,False,Under 17 - Finals,Under 17 - Finals,,,,accepted,shared Transfermarkt competition code
ITJP,tm_competition:ITJP,,ITJP,,False,True,False,Play-off/out Primavera,Play-off/out Primavera,,,,accepted,shared Transfermarkt competition code
ITPO,tm_competition:ITPO,,ITPO,,False,True,False,Play-Out Serie A,Play-Out Serie A,,,,accepted,shared Transfermarkt competition code
InkF,tm_competition:InkF,,InkF,,False,True,False,Inca Playoff,Inca Playoff | Verano Playoff,,,,accepted,shared Transfermarkt competition code
Inka,tm_competition:Inka,,Inka,,False,True,False,Torneo Verano,Torneo Verano,,,,accepted,shared Transfermarkt competition code
J18C,tm_competition:J18C,,J18C,,False,True,False,U18 PL Championship,U18 PL Championship,,,,accepted,shared Transfermarkt competition code
J18E,tm_competition:J18E,,J18E,,False,True,False,Takamado U18 PL East,Takamado U18 PL East,,,,accepted,shared Transfermarkt competition code
J18W,tm_competition:J18W,,J18W,,False,True,False,Takamado U18 PL West,Takamado U18 PL West,,,,accepted,shared Transfermarkt competition code
J1PO,tm_competition:J1PO,,J1PO,,False,True,False,J1 Play-off,J1 Play-off,,,,accepted,shared Transfermarkt competition code
J1YL,tm_competition:J1YL,,J1YL,,False,True,False,J. Youth League,J. Youth League,,,,accepted,shared Transfermarkt competition code
J6H2,tm_competition:J6H2,,J6H2,,False,True,False,Hokushin'etsu Football League (Div.2),Hokushin'etsu Football League (Div.2),,,,accepted,shared Transfermarkt competition code
J6K2,tm_competition:J6K2,,J6K2,,False,True,False,Kanto Soccer League (Div.2),Kanto Soccer League (Div.2),,,,accepted,shared Transfermarkt competition code
J6KA,tm_competition:J6KA,,J6KA,,False,True,False,Kansai Soccer League (Div.2),Kansai Soccer League (Div.2),,,,accepted,shared Transfermarkt competition code
J6T2,tm_competition:J6T2,,J6T2,,False,True,False,Tokai Soccer League (Div.2),Tokai Soccer League (Div.2),,,,accepted,shared Transfermarkt competition code
J6TS,tm_competition:J6TS,,J6TS,,False,True,False,Tohoku Soccer League (Div.2 South),Tohoku Soccer League (Div.2 South),,,,accepted,shared Transfermarkt competition code
JAP1,tm_competition:JAP1,JAP1,JAP1,,True,True,False,j1-league,J.League Div.1 | J.League Division 1 | J1 League | j1-league,Japan,domestic_league,first_tier,accepted,shared Transfermarkt competition code
JAP2,tm_competition:JAP2,,JAP2,,False,True,False,J2 League,J.League Div.2 | J.League Division 2 | J2 League,,,,accepted,shared Transfermarkt competition code
JAP3,tm_competition:JAP3,,JAP3,,False,True,False,J3 League,J3 League,,,,accepted,shared Transfermarkt competition code
JAPC,tm_competition:JAPC,,JAPC,,False,True,False,J. League Cup,J. League Cup,,,,accepted,shared Transfermarkt competition code
JARE,tm_competition:JARE,,JARE,,False,True,False,J1 Relegation,J1 Relegation,,,,accepted,shared Transfermarkt competition code
JASP,tm_competition:JASP,,JASP,,False,True,False,Jap. Super Cup,Jap. Super Cup,,,,accepted,shared Transfermarkt competition code
JCSL,tm_competition:JCSL,,JCSL,,False,True,False,Chugoku Soccer League,Chugoku Soccer League,,,,accepted,shared Transfermarkt competition code
JEMP,tm_competition:JEMP,,JEMP,,False,True,False,Emperor's Cup,Emperor's Cup,,,,accepted,shared Transfermarkt competition code
JFL,tm_competition:JFL,,JFL,,False,True,False,Japan Football League,Japan Football League,,,,accepted,shared Transfermarkt competition code
JFL1,tm_competition:JFL1,,JFL1,,False,True,False,Japan Football League (1992-1998),Japan Football League (1992-1998) | Japan Football League (Div. 1) (1992-1998),,,,accepted,shared Transfermarkt competition code
JFL2,tm_competition:JFL2,,JFL2,,False,True,False,Japan Football League (Div. 2) (1992-1993),Japan Football League (Div. 2) (1992-1993),,,,accepted,shared Transfermarkt competition code
JFLC,tm_competition:JFLC,,JFLC,,False,True,False,JFL Championship,JFL Championship,,,,accepted,shared Transfermarkt competition code
JFLR,tm_competition:JFLR,,JFLR,,False,True,False,JFL/RL Playoff,JFL/RL Playoff,,,,accepted,shared Transfermarkt competition code
JGD,tm_competition:JGD,,JGD,,False,True,False,ÖFB Jugendliga U19 (- 2010),ÖFB Jugendliga U19 (- 2010),,,,accepted,shared Transfermarkt competition code
JGD2,tm_competition:JGD2,,JGD2,,False,True,False,ÖFB Jugendliga U18,ÖFB Jugendliga U18,,,,accepted,shared Transfermarkt competition code
JGD3,tm_competition:JGD3,,JGD3,,False,True,False,ÖFB Jugendliga U16,ÖFB Jugendliga U16,,,,accepted,shared Transfermarkt competition code
JL11,tm_competition:JL11,,JL11,,False,True,False,J1 - 1st Stage,"J1 - 1st Stage | J1 League - First Stage ('93-'95,'97-'04,'15-'16)",,,,accepted,shared Transfermarkt competition code
JL12,tm_competition:JL12,,JL12,,False,True,False,J1 - 2nd Stage,"J1 - 2nd Stage | J1 League - Second Stage ('93-'95,'97-'04,'15-'16)",,,,accepted,shared Transfermarkt competition code
JO1L,tm_competition:JO1L,,JO1L,,False,True,False,Jordanian Pro League,Jordanian Pro League,,,,accepted,shared Transfermarkt competition code
JOSC,tm_competition:JOSC,,JOSC,,False,True,False,Jordan Super Cup,Jordan Super Cup,,,,accepted,shared Transfermarkt competition code
JPKA,tm_competition:JPKA,,JPKA,,False,True,False,Kansai Soccer League (Div.1),Kansai Soccer League (Div.1),,,,accepted,shared Transfermarkt competition code
JPKS,tm_competition:JPKS,,JPKS,,False,True,False,Kyushu Soccer League,Kyushu SL (dis.) | Kyushu Soccer League,,,,accepted,shared Transfermarkt competition code
JPL1,tm_competition:JPL1,,JPL1,,False,True,False,Jamaica Premier League,Jamaica Premier League,,,,accepted,shared Transfermarkt competition code
JPP1,tm_competition:JPP1,,JPP1,,False,True,False,Premier League Playoff,Premier League Playoff,,,,accepted,shared Transfermarkt competition code
JPR2,tm_competition:JPR2,,JPR2,,False,True,False,J2 League relegation,J2 League relegation,,,,accepted,shared Transfermarkt competition code
JPR3,tm_competition:JPR3,,JPR3,,False,True,False,J3/JFL Play-off,J3/JFL Play-off,,,,accepted,shared Transfermarkt competition code
JRCL,tm_competition:JRCL,,JRCL,,False,True,False,RL Champ. League,RL Champ. League,,,,accepted,shared Transfermarkt competition code
JRLR,tm_competition:JRLR,,JRLR,,False,True,False,Relegation Regional Leagues,Relegation Regional Leagues,,,,accepted,shared Transfermarkt competition code
JSL1,tm_competition:JSL1,,JSL1,,False,True,False,JSL (1965-91/92),JSL (1965-91/92) | Japan Soccer League (Div. 1) (1965-91/92),,,,accepted,shared Transfermarkt competition code
JSL2,tm_competition:JSL2,,JSL2,,False,True,False,Japan Soccer League (Div. 2) (1972-91/92),Japan Soccer League (Div. 2) (1972-91/92),,,,accepted,shared Transfermarkt competition code
JUNO,tm_competition:JUNO,,JUNO,,False,True,False,U19 Allsvenskan Norra,U19 Allsvenskan Norra,,,,accepted,shared Transfermarkt competition code
JUS%C3%96,tm_competition:JUS%C3%96,,JUS%C3%96,,False,True,False,U19 Allsvenskan Södra,U19 Allsvenskan Södra,,,,accepted,shared Transfermarkt competition code
JUSL,tm_competition:JUSL,,JUSL,,False,True,False,U19 Allsvenskan Slutspelet,U19 Allsvenskan Slutspelet,,,,accepted,shared Transfermarkt competition code
K18C,tm_competition:K18C,,K18C,,False,True,False,K League U18 Championship,K League U18 Championship,,,,accepted,shared Transfermarkt competition code
K3L,tm_competition:K3L,,K3L,,False,True,False,K3 League,K3 League,,,,accepted,shared Transfermarkt competition code
K3MP,tm_competition:K3MP,,K3MP,,False,True,False,K3 League Championship-Playoff,K3 League Championship-Playoff,,,,accepted,shared Transfermarkt competition code
K4L,tm_competition:K4L,,K4L,,False,True,False,K4 League,K4 League,,,,accepted,shared Transfermarkt competition code
K4MP,tm_competition:K4MP,,K4MP,,False,True,False,K4 League promotion playoff,K4 League promotion playoff,,,,accepted,shared Transfermarkt competition code
KAJ1,tm_competition:KAJ1,,KAJ1,,False,True,False,QJ League,QJ League,,,,accepted,shared Transfermarkt competition code
KAP2,tm_competition:KAP2,,KAP2,,False,True,False,Cup of Kazakhstan (- 2001),Cup of Kazakhstan (- 2001),,,,accepted,shared Transfermarkt competition code
KAS1,tm_competition:KAS1,,KAS1,,False,True,False,Premier Liga,Premier Liga,,,,accepted,shared Transfermarkt competition code
KAS2,tm_competition:KAS2,,KAS2,,False,True,False,Pervaya Liga,Pervaya Liga,,,,accepted,shared Transfermarkt competition code
KASC,tm_competition:KASC,,KASC,,False,True,False,Kasachischer Supercup,Kasachischer Supercup,,,,accepted,shared Transfermarkt competition code
KASR,tm_competition:KASR,,KASR,,False,True,False,Relegation Premier Liga,Relegation Premier Liga,,,,accepted,shared Transfermarkt competition code
KAZA,tm_competition:KAZA,,KAZA,,False,True,False,Premier League Relegation-Playoff,Premier League Relegation-Playoff,,,,accepted,shared Transfermarkt competition code
KAZM,tm_competition:KAZM,,KAZM,,False,True,False,Premier League Championship-Playoff,Premier League Championship-Playoff,,,,accepted,shared Transfermarkt competition code
KAZP,tm_competition:KAZP,,KAZP,,False,True,False,Kazakhstan Cup,Kazakhstan Cup,,,,accepted,shared Transfermarkt competition code
KCUP,tm_competition:KCUP,,KCUP,,False,True,False,Kakkonen Cup,Kakkonen Cup,,,,accepted,shared Transfermarkt competition code
KG1L,tm_competition:KG1L,,KG1L,,False,True,False,Kyrgyz Premier League,Kyrgyz Premier League | Premier League,,,,accepted,shared Transfermarkt competition code
KGPO,tm_competition:KGPO,,KGPO,,False,True,False,Kyrgyzstan Cup,Kyrgyzstan Cup,,,,accepted,shared Transfermarkt competition code
KHM1,tm_competition:KHM1,,KHM1,,False,True,False,C. Premier League,C-League | C. Premier League,,,,accepted,shared Transfermarkt competition code
KLCP,tm_competition:KLCP,,KLCP,,False,True,False,K League Cup,K League Cup,,,,accepted,shared Transfermarkt competition code
KLS1,tm_competition:KLS1,,KLS1,,False,True,False,K League - 1st Stage,"K League - 1st Stage | K League - First Stage ('84,'86,'95,'96,'04-'06)",,,,accepted,shared Transfermarkt competition code
KLS2,tm_competition:KLS2,,KLS2,,False,True,False,K League - 2nd Stage,"K League - 2nd Stage | K League - Second Stage ('84,'86,'95,'96,'04-'06)",,,,accepted,shared Transfermarkt competition code
KLUB,tm_competition:KLUB,,KLUB,,False,True,False,Club World Cup,Club World Cup,,,,accepted,shared Transfermarkt competition code
KNL1,tm_competition:KNL1,,KNL1,,False,True,False,National League - 1st Stage,Korea National League - First Stage (2003-2010) | National League - 1st Stage,,,,accepted,shared Transfermarkt competition code
KNL2,tm_competition:KNL2,,KNL2,,False,True,False,Korea National League - 2nd Stage,Korea National League - 2nd Stage | Korea National League - Second Stage (2003-2010),,,,accepted,shared Transfermarkt competition code
KNLP,tm_competition:KNLP,,KNLP,,False,True,False,KNL Cup ('03-'19),K2 Championship | KNL Cup ('03-'19),,,,accepted,shared Transfermarkt competition code
KNPL,tm_competition:KNPL,,KNPL,,False,True,False,KNL Championship ('03-'19),KNL Championship ('03-'19),,,,accepted,shared Transfermarkt competition code
KO1,tm_competition:KO1,,KO1,,False,True,False,Superliga e Kosovës,Superliga e Kosovës | Vala Superliga,,,,accepted,shared Transfermarkt competition code
KO1R,tm_competition:KO1R,,KO1R,,False,True,False,Relegation Superliga e Kosovës,Relegation Superliga e Kosovës,,,,accepted,shared Transfermarkt competition code
KOBU,tm_competition:KOBU,,KOBU,,False,True,False,Uzbekistan Cup,Uzbekistan Cup,,,,accepted,shared Transfermarkt competition code
KOG1,tm_competition:KOG1,,KOG1,,False,True,False,Kolmonen Etelä A,Kolmonen Etelä A,,,,accepted,shared Transfermarkt competition code
KOG2,tm_competition:KOG2,,KOG2,,False,True,False,Kolmonen Etelä B,Kolmonen Etelä B,,,,accepted,shared Transfermarkt competition code
KOG3,tm_competition:KOG3,,KOG3,,False,True,False,Kolmonen Etelä C,Kolmonen Etelä C,,,,accepted,shared Transfermarkt competition code
KOP1,tm_competition:KOP1,,KOP1,,False,True,False,Kupa e Kosovës,Kupa e Kosovës,,,,accepted,shared Transfermarkt competition code
KP3B,tm_competition:KP3B,,KP3B,,False,True,False,Kakkonen Promotion B,Kakkonen Promotion B,,,,accepted,shared Transfermarkt competition code
KP3C,tm_competition:KP3C,,KP3C,,False,True,False,Kakkonen Promotion C,Kakkonen Promotion C,,,,accepted,shared Transfermarkt competition code
KR1,tm_competition:KR1,KR1,KR1,,True,True,False,supersport-hnl,1. HNL | 1.HNL | MAXtv Prva HNL | SuperSport HNL | supersport-hnl,Croatia,domestic_league,first_tier,accepted,shared Transfermarkt competition code
KR2,tm_competition:KR2,,KR2,,False,True,False,Prva NL,Prva NL | Prva Nogometna Liga,,,,accepted,shared Transfermarkt competition code
KR2R,tm_competition:KR2R,,KR2R,,False,True,False,Play-Off 2.HNL,Play-Off 2.HNL,,,,accepted,shared Transfermarkt competition code
KRC,tm_competition:KRC,,KRC,,False,True,False,Hrvatski nogometni kup,Hrvatski nogometni kup,,,,accepted,shared Transfermarkt competition code
KREG,tm_competition:KREG,,KREG,,False,True,False,K1 Promotion Playoff,K1 Promotion Playoff,,,,accepted,shared Transfermarkt competition code
KREL,tm_competition:KREL,,KREL,,False,True,False,K League Championship,K League Championship,,,,accepted,shared Transfermarkt competition code
KRSC,tm_competition:KRSC,,KRSC,,False,True,False,Kyrgyzstan Super Cup,Kyrgyzstan Super Cup,,,,accepted,shared Transfermarkt competition code
KTOS,tm_competition:KTOS,,KTOS,,False,True,False,Kanto Soccer League (Div.1),Kanto Soccer League (Div.1),,,,accepted,shared Transfermarkt competition code
L1,tm_competition:L1,L1,L1,L1,True,True,True,Bundesliga,Bundesliga | bundesliga,Germany,domestic_league,first_tier,accepted,shared Transfermarkt competition code
L1PO,tm_competition:L1PO,,L1PO,,False,True,False,Bundesliga Playoffs,Bundesliga Playoffs,,,,accepted,shared Transfermarkt competition code
L1RL,tm_competition:L1RL,,L1RL,,False,True,False,Relegation A Lyga,Relegation A Lyga,,,,accepted,shared Transfermarkt competition code
L2,tm_competition:L2,,L2,,False,True,False,2. Bundesliga,2. Bundesliga,,,,accepted,shared Transfermarkt competition code
L2N,tm_competition:L2N,,L2N,,False,True,False,2. BL North,2. BL North | 2. Bundesliga North,,,,accepted,shared Transfermarkt competition code
L2NA,tm_competition:L2NA,,L2NA,,False,True,False,2. BL Nord Aufstiegsr.,2. BL Nord Aufstiegsr.,,,,accepted,shared Transfermarkt competition code
L2NB,tm_competition:L2NB,,L2NB,,False,True,False,2. BL Nord Abstiegsr.,2. BL Nord Abstiegsr.,,,,accepted,shared Transfermarkt competition code
L2PO,tm_competition:L2PO,,L2PO,,False,True,False,Relegation 2. Bundesliga,Relegation 2. Bundesliga,,,,accepted,shared Transfermarkt competition code
L2S,tm_competition:L2S,,L2S,,False,True,False,2. BL South,2. BL South | 2. Bundesliga South,,,,accepted,shared Transfermarkt competition code
L2SA,tm_competition:L2SA,,L2SA,,False,True,False,2. BL Süd Aufstiegsr.,2. BL Süd Aufstiegsr.,,,,accepted,shared Transfermarkt competition code
L2SB,tm_competition:L2SB,,L2SB,,False,True,False,2. BL Süd Abstiegsr.,2. BL Süd Abstiegsr.,,,,accepted,shared Transfermarkt competition code
L3,tm_competition:L3,,L3,,False,True,False,3. Liga,3. Liga,,,,accepted,shared Transfermarkt competition code
LAO1,tm_competition:LAO1,,LAO1,,False,True,False,Lao League 1,Lao League 1 | Lao Prem. League,,,,accepted,shared Transfermarkt competition code
LAP1,tm_competition:LAP1,,LAP1,,False,True,False,LFF Cup,LFF Cup,,,,accepted,shared Transfermarkt competition code
LB1A,tm_competition:LB1A,,LB1A,,False,True,False,Leb. Premier League Rel.,Leb. Premier League Rel.,,,,accepted,shared Transfermarkt competition code
LB1M,tm_competition:LB1M,,LB1M,,False,True,False,Leb. Premier League Champ.,Leb. Premier League Champ.,,,,accepted,shared Transfermarkt competition code
LBMI,tm_competition:LBMI,,LBMI,,False,True,False,LL Bayern-Mitte,LL Bayern-Mitte,,,,accepted,shared Transfermarkt competition code
LBNO,tm_competition:LBNO,,LBNO,,False,True,False,LL Bayern-N/O,LL Bayern-N/O,,,,accepted,shared Transfermarkt competition code
LBNW,tm_competition:LBNW,,LBNW,,False,True,False,LL Bayern-N/W,LL Bayern-N/W,,,,accepted,shared Transfermarkt competition code
LBSO,tm_competition:LBSO,,LBSO,,False,True,False,LL Bayern-S/O,LL Bayern-S/O | Landesliga Bayern Südost,,,,accepted,shared Transfermarkt competition code
LBSW,tm_competition:LBSW,,LBSW,,False,True,False,LL Bayern-S/W,LL Bayern-S/W,,,,accepted,shared Transfermarkt competition code
LCLC,tm_competition:LCLC,,LCLC,,False,True,False,Liguilla Pre Libertadores,Liguilla Pre Libertadores,,,,accepted,shared Transfermarkt competition code
LEAB,tm_competition:LEAB,,LEAB,,False,True,False,Leumit/Alef play-off,Leumit/Alef play-off | Leumit/Artzit PO,,,,accepted,shared Transfermarkt competition code
LET1,tm_competition:LET1,,LET1,,False,True,False,Virsliga,Virsliga,,,,accepted,shared Transfermarkt competition code
LET2,tm_competition:LET2,,LET2,,False,True,False,Nakotnes Liga,Nakotnes Liga,,,,accepted,shared Transfermarkt competition code
LETA,tm_competition:LETA,,LETA,,False,True,False,Relegation Virsliga,Relegation Virsliga,,,,accepted,shared Transfermarkt competition code
LETM,tm_competition:LETM,,LETM,,False,True,False,Virsliga - Meisterrunde,Virsliga - Meisterrunde,,,,accepted,shared Transfermarkt competition code
LETP,tm_competition:LETP,,LETP,,False,True,False,Latvian Cup,Latvian Cup,,,,accepted,shared Transfermarkt competition code
LH21,tm_competition:LH21,,LH21,,False,True,False,Landesliga Hamburg,Landesliga Hamburg,,,,accepted,shared Transfermarkt competition code
LHAE,tm_competition:LHAE,,LHAE,,False,True,False,LL Hannover - Finals,LL Hannover - Finals,,,,accepted,shared Transfermarkt competition code
LI1,tm_competition:LI1,,LI1,,False,True,False,A Lyga,A Lyga,,,,accepted,shared Transfermarkt competition code
LIB1,tm_competition:LIB1,,LIB1,,False,True,False,Leb. Premier League,Leb. Premier League,,,,accepted,shared Transfermarkt competition code
LIEP,tm_competition:LIEP,,LIEP,,False,True,False,FL-Cup,FL-Cup,,,,accepted,shared Transfermarkt competition code
LIM,tm_competition:LIM,,LIM,,False,True,False,A Lyga - Championship Round,A Lyga - Championship Round,,,,accepted,shared Transfermarkt competition code
LIP2,tm_competition:LIP2,,LIP2,,False,True,False,Liga 1 ACL Playoff 2,Liga 1 ACL Playoff 2,,,,accepted,shared Transfermarkt competition code
LLAB,tm_competition:LLAB,,LLAB,,False,True,False,Playoffs LL,Playoffs LL,,,,accepted,shared Transfermarkt competition code
LLHA,tm_competition:LLHA,,LLHA,,False,True,False,Landesliga Hansa,Landesliga Hansa,,,,accepted,shared Transfermarkt competition code
LLHB,tm_competition:LLHB,,LLHB,,False,True,False,Landesliga Bremen,Landesliga Bremen,,,,accepted,shared Transfermarkt competition code
LLHM,tm_competition:LLHM,,LLHM,,False,True,False,Landesliga Hammonia,Landesliga Hammonia,,,,accepted,shared Transfermarkt competition code
LLHO,tm_competition:LLHO,,LLHO,,False,True,False,Landesliga Holstein,Landesliga Holstein,,,,accepted,shared Transfermarkt competition code
LLL,tm_competition:LLL,,LLL,,False,True,False,LL Lüneburg,LL Lüneburg,,,,accepted,shared Transfermarkt competition code
LLLE,tm_competition:LLLE,,LLLE,,False,True,False,LL Lüneburg - Finals,LL Lüneburg - Finals,,,,accepted,shared Transfermarkt competition code
LLM1,tm_competition:LLM1,,LLM1,,False,True,False,LL Mittelrhein 1,LL Mittelrhein 1,,,,accepted,shared Transfermarkt competition code
LLM2,tm_competition:LLM2,,LLM2,,False,True,False,LL Mittelrhein 2,LL Mittelrhein 2,,,,accepted,shared Transfermarkt competition code
LLSA,tm_competition:LLSA,,LLSA,,False,True,False,Saarlandliga,Saarlandliga,,,,accepted,shared Transfermarkt competition code
LLSL,tm_competition:LLSL,,LLSL,,False,True,False,Landesliga Schleswig,Landesliga Schleswig,,,,accepted,shared Transfermarkt competition code
LNBR,tm_competition:LNBR,,LNBR,,False,True,False,LL Braunschweig,LL Braunschweig,,,,accepted,shared Transfermarkt competition code
LNHA,tm_competition:LNHA,,LNHA,,False,True,False,LL Hannover,LL Hannover,,,,accepted,shared Transfermarkt competition code
LNR1,tm_competition:LNR1,,LNR1,,False,True,False,LL Niederrhein-Gr. 1,LL Niederrhein-Gr. 1,,,,accepted,shared Transfermarkt competition code
LNR2,tm_competition:LNR2,,LNR2,,False,True,False,LL Niederrhein-Gr. 2,LL Niederrhein-Gr. 2,,,,accepted,shared Transfermarkt competition code
LNR3,tm_competition:LNR3,,LNR3,,False,True,False,LL Niederrhein-Gr. 3,LL Niederrhein-Gr. 3,,,,accepted,shared Transfermarkt competition code
LNWE,tm_competition:LNWE,,LNWE,,False,True,False,LL Weser-Ems,LL Weser-Ems | Landesliga Weser-Ems,,,,accepted,shared Transfermarkt competition code
LPB1,tm_competition:LPB1,,LPB1,,False,True,False,Ligapokal RL Bayern,Ligapokal RL Bayern,,,,accepted,shared Transfermarkt competition code
LPB8,tm_competition:LPB8,,LPB8,,False,True,False,Ligapokal LL Bayern SO,Ligapokal LL Bayern SO,,,,accepted,shared Transfermarkt competition code
LPL,tm_competition:LPL,,LPL,,False,True,False,Libyan Premier League,Libyan Premier League,,,,accepted,shared Transfermarkt competition code
LPL1,tm_competition:LPL1,,LPL1,,False,True,False,Rel. Playoff,Rel. Playoff,,,,accepted,shared Transfermarkt competition code
LPL2,tm_competition:LPL2,,LPL2,,False,True,False,Qualif. Playoff,Qualif. Playoff,,,,accepted,shared Transfermarkt competition code
LPL3,tm_competition:LPL3,,LPL3,,False,True,False,Libya Championship Playoff,Libya Championship Playoff,,,,accepted,shared Transfermarkt competition code
LPO,tm_competition:LPO,,LPO,,False,True,False,Ligapokal,Ligapokal,,,,accepted,shared Transfermarkt competition code
LPPL,tm_competition:LPPL,,LPPL,,False,True,False,Serie A Tercera Etapa,Serie A Playoffs | Serie A Tercera Etapa,,,,accepted,shared Transfermarkt competition code
LT19,tm_competition:LT19,,LT19,,False,True,False,U-19 Elites Grupa,U-19 Elites Grupa,,,,accepted,shared Transfermarkt competition code
LTP2,tm_competition:LTP2,,LTP2,,False,True,False,Litauischer Pokal Übergangsr.,Litauischer Pokal Übergangsr.,,,,accepted,shared Transfermarkt competition code
LTSC,tm_competition:LTSC,,LTSC,,False,True,False,Lithuanian Supercup,Lithuanian Supercup,,,,accepted,shared Transfermarkt competition code
LTVP,tm_competition:LTVP,,LTVP,,False,True,False,Lithuanian Cup,Lithuanian Cup,,,,accepted,shared Transfermarkt competition code
LUAA,tm_competition:LUAA,,LUAA,,False,True,False,Abstiegsgr. A,Abstiegsgr. A,,,,accepted,shared Transfermarkt competition code
LUCL,tm_competition:LUCL,,LUCL,,False,True,False,Coupe de la Ligue,Coupe de la Ligue,,,,accepted,shared Transfermarkt competition code
LUCP,tm_competition:LUCP,,LUCP,,False,True,False,Coupe du Prince,Coupe du Prince,,,,accepted,shared Transfermarkt competition code
LURE,tm_competition:LURE,,LURE,,False,True,False,Ehrenpromotion Relegation,Ehrenpromotion Relegation,,,,accepted,shared Transfermarkt competition code
LUTP,tm_competition:LUTP,,LUTP,,False,True,False,Titelgruppe,Titelgruppe,,,,accepted,shared Transfermarkt competition code
LUX1,tm_competition:LUX1,,LUX1,,False,True,False,BGL Ligue,BGL Ligue | Fortis Ligue | Nationaldivision,,,,accepted,shared Transfermarkt competition code
LUX2,tm_competition:LUX2,,LUX2,,False,True,False,Ehrenpromotion,Ehrenpromotion,,,,accepted,shared Transfermarkt competition code
LUXP,tm_competition:LUXP,,LUXP,,False,True,False,Coupe de Luxembourg,Coupe de Luxembourg,,,,accepted,shared Transfermarkt competition code
LWEE,tm_competition:LWEE,,LWEE,,False,True,False,LL Weser-Ems - Finals,LL Weser-Ems - Finals,,,,accepted,shared Transfermarkt competition code
M191,tm_competition:M191,,M191,,False,True,False,Liga MX U19 Apertura,Liga MX U19 Apertura,,,,accepted,shared Transfermarkt competition code
M192,tm_competition:M192,,M192,,False,True,False,Liga MX U19 Clausura,Liga MX U19 Clausura,,,,accepted,shared Transfermarkt competition code
M194,tm_competition:M194,,M194,,False,True,False,Liguilla MX U19 Cl.,Liguilla MX U19 Cl.,,,,accepted,shared Transfermarkt competition code
M20A,tm_competition:M20A,,M20A,,False,True,False,Liga MX Sub-20 Apertura,Liga MX Sub-20 Apertura,,,,accepted,shared Transfermarkt competition code
M20C,tm_competition:M20C,,M20C,,False,True,False,Liga MX Sub-20 Clausura,Liga MX Sub-20 Clausura,,,,accepted,shared Transfermarkt competition code
M20H,tm_competition:M20H,,M20H,,False,True,False,Liga MX Sub-20 (09/10),Liga MX Sub-20 (09/10),,,,accepted,shared Transfermarkt competition code
M21A,tm_competition:M21A,,M21A,,False,True,False,Liga MX U21 Apertura,Liga MX U21 Apertura,,,,accepted,shared Transfermarkt competition code
M23A,tm_competition:M23A,,M23A,,False,True,False,Liga MX U23 Apertura,Liga MX U23 Apertura,,,,accepted,shared Transfermarkt competition code
M23C,tm_competition:M23C,,M23C,,False,True,False,Liga MX U23 Clausura,Liga MX U23 Clausura,,,,accepted,shared Transfermarkt competition code
M23L,tm_competition:M23L,,M23L,,False,True,False,Liguilla MX U23 Apertura (- 24/25),Liguilla MX U23 Apertura (- 24/25),,,,accepted,shared Transfermarkt competition code
M2L1,tm_competition:M2L1,,M2L1,,False,True,False,Liguilla MX Sub-20 Apertura (- 24/25),Liguilla MX Sub-20 Apertura (- 24/25),,,,accepted,shared Transfermarkt competition code
M2L2,tm_competition:M2L2,,M2L2,,False,True,False,Liguilla MX Sub-20 Clausura (- 24/25),Liguilla MX Sub-20 Clausura (- 24/25),,,,accepted,shared Transfermarkt competition code
M2LC,tm_competition:M2LC,,M2LC,,False,True,False,Liguilla MX U23 Clausura (- 24/25),Liguilla MX U23 Clausura (- 24/25),,,,accepted,shared Transfermarkt competition code
M3P2,tm_competition:M3P2,,M3P2,,False,True,False,Amateur League Finals,Amateur League Finals,,,,accepted,shared Transfermarkt competition code
MAJC,tm_competition:MAJC,,MAJC,,False,True,False,Jubilee Cup,Jubilee Cup,,,,accepted,shared Transfermarkt competition code
MAL1,tm_competition:MAL1,,MAL1,,False,True,False,Premier League,Premier League,,,,accepted,shared Transfermarkt competition code
MAL2,tm_competition:MAL2,,MAL2,,False,True,False,Challenge League,Challenge League | First Div.,,,,accepted,shared Transfermarkt competition code
MAL3,tm_competition:MAL3,,MAL3,,False,True,False,National Amateur League I,National Amateur League I,,,,accepted,shared Transfermarkt competition code
MALA,tm_competition:MALA,,MALA,,False,True,False,PL Abstiegsrunde,PL Abstiegsrunde,,,,accepted,shared Transfermarkt competition code
MALC,tm_competition:MALC,,MALC,,False,True,False,Maltese FA Trophy,Maltese FA Trophy,,,,accepted,shared Transfermarkt competition code
MALD,tm_competition:MALD,,MALD,,False,True,False,Championship decider,Championship decider,,,,accepted,shared Transfermarkt competition code
MALM,tm_competition:MALM,,MALM,,False,True,False,PL Meisterschaftsrunde,PL Meisterschaftsrunde,,,,accepted,shared Transfermarkt competition code
MALS,tm_competition:MALS,,MALS,,False,True,False,Maltese Super Cup,Maltese Super Cup,,,,accepted,shared Transfermarkt competition code
MAR1,tm_competition:MAR1,,MAR1,,False,True,False,Botola Pro Inwi,Botola Pro Inwi,,,,accepted,shared Transfermarkt competition code
MARG,tm_competition:MARG,,MARG,,False,True,False,Partidos definición,Partidos definición,,,,accepted,shared Transfermarkt competition code
MARP,tm_competition:MARP,,MARP,,False,True,False,Coupe du Trône Marocaine,Coupe du Trône Marocaine,,,,accepted,shared Transfermarkt competition code
MAZ1,tm_competition:MAZ1,,MAZ1,,False,True,False,Prva liga,Prva liga,,,,accepted,shared Transfermarkt competition code
MAZR,tm_competition:MAZR,,MAZR,,False,True,False,Relegation PMFL,Relegation PMFL,,,,accepted,shared Transfermarkt competition code
MEC1,tm_competition:MEC1,,MEC1,,False,True,False,Excellence Cup,Excellence Cup,,,,accepted,shared Transfermarkt competition code
MERC,tm_competition:MERC,,MERC,,False,True,False,Copa Merconorte,Copa Merconorte,,,,accepted,shared Transfermarkt competition code
MEX1,tm_competition:MEX1,MEX1,MEX1,,True,True,False,liga-mx-clausura,Liga MX Clausura | Primera Clausura | Primera División Bicentenario | Primera División Clausura | Primera División Verano | Primera Verano | liga-mx-clausura,Mexico,domestic_league,first_tier,accepted,shared Transfermarkt competition code
MEX2,tm_competition:MEX2,,MEX2,,False,True,False,Primera A Verano,Ascenso Clausura | Ascenso MX Cl. | Ascenso MX Clausura | Liga Expansión MX Cl. | Liga de Ascenso Bicentenario | Liga de Ascenso Clausura | Liga de Expansión MX Clausura | Prim. A Clausura | Primera A Clausura | Primera A Verano,,,,accepted,shared Transfermarkt competition code
MEXA,tm_competition:MEXA,,MEXA,,False,True,False,Liga MX Apertura,Liga MX Apertura | Primera Apertura | Primera División Apertura | Primera División Invierno | Primera Invierno,,,,accepted,shared Transfermarkt competition code
MEXB,tm_competition:MEXB,,MEXB,,False,True,False,Ascenso MX Ap.,Ascenso Apertura | Ascenso MX Ap. | Ascenso MX Apertura | Liga Expansión MX Ap. | Liga de Ascenso Apertura | Liga de Expansión MX Apertura | Primera A Apert. | Primera División A Apertura | Primera División A Invierno,,,,accepted,shared Transfermarkt competition code
MEXP,tm_competition:MEXP,,MEXP,,False,True,False,InterLiga,InterLiga,,,,accepted,shared Transfermarkt competition code
MFCC,tm_competition:MFCC,,MFCC,,False,True,False,MFF Charity Cup,MFF Charity Cup,,,,accepted,shared Transfermarkt competition code
MITC,tm_competition:MITC,,MITC,,False,True,False,Mitropacup,Mitropacup,,,,accepted,shared Transfermarkt competition code
ML1P,tm_competition:ML1P,,ML1P,,False,True,False,Liga 1 (Promotion),Liga 1 (Promotion),,,,accepted,shared Transfermarkt competition code
MLAC,tm_competition:MLAC,,MLAC,,False,True,False,National Amateur Cup,National Amateur Cup,,,,accepted,shared Transfermarkt competition code
MLP2,tm_competition:MLP2,,MLP2,,False,True,False,BOV Challenge Cup,BOV Challenge Cup,,,,accepted,shared Transfermarkt competition code
MLS1,tm_competition:MLS1,MLS1,MLS1,,True,True,False,major-league-soccer,MLS | Major League Soccer | major-league-soccer,United States,domestic_league,first_tier,accepted,shared Transfermarkt competition code
MLSP,tm_competition:MLSP,,MLSP,,False,True,False,US Open Cup,US Open Cup,,,,accepted,shared Transfermarkt competition code
MLSR,tm_competition:MLSR,,MLSR,,False,True,False,MLS Reserve League,MLS Reserve League,,,,accepted,shared Transfermarkt competition code
MNE1,tm_competition:MNE1,,MNE1,,False,True,False,Meridianbet 1. CFL,Meridianbet 1. CFL,,,,accepted,shared Transfermarkt competition code
MNE2,tm_competition:MNE2,,MNE2,,False,True,False,2. CFL,2. CFL,,,,accepted,shared Transfermarkt competition code
MNEC,tm_competition:MNEC,,MNEC,,False,True,False,Montenegro Cup,Montenegro Cup,,,,accepted,shared Transfermarkt competition code
MNP1,tm_competition:MNP1,,MNP1,,False,True,False,Relegation 1. CFL,Relegation 1. CFL,,,,accepted,shared Transfermarkt competition code
MNP3,tm_competition:MNP3,,MNP3,,False,True,False,MLS Next Pro,MLS Next Pro,,,,accepted,shared Transfermarkt competition code
MNPP,tm_competition:MNPP,,MNPP,,False,True,False,MLS Next Pro Playoffs,MLS Next Pro Playoffs,,,,accepted,shared Transfermarkt competition code
MO1N,tm_competition:MO1N,,MO1N,,False,True,False,Super Liga,Divizia National | Super Liga,,,,accepted,shared Transfermarkt competition code
MO1P,tm_competition:MO1P,,MO1P,,False,True,False,Liga 1 Play-off,Liga 1 Play-off,,,,accepted,shared Transfermarkt competition code
MOL1,tm_competition:MOL1,,MOL1,,False,True,False,Divizia Nationala (-2017),Divizia Nationala (-2017),,,,accepted,shared Transfermarkt competition code
MOP2,tm_competition:MOP2,,MOP2,,False,True,False,Super Liga (Phase 2),Super Liga (Phase 2),,,,accepted,shared Transfermarkt competition code
MOSC,tm_competition:MOSC,,MOSC,,False,True,False,Moldovan Super Cup,Moldovan Super Cup,,,,accepted,shared Transfermarkt competition code
MPPO,tm_competition:MPPO,,MPPO,,False,True,False,Mecklenburg-Vorpommern-Pokal,Mecklenburg-Vorpommern-Pokal,,,,accepted,shared Transfermarkt competition code
MRPO,tm_competition:MRPO,,MRPO,,False,True,False,Mittelrheinpokal,Mittelrheinpokal,,,,accepted,shared Transfermarkt competition code
MT1N,tm_competition:MT1N,,MT1N,,False,True,False,Premier League Opening Round,Premier League Opening Round,,,,accepted,shared Transfermarkt competition code
MT1P,tm_competition:MT1P,,MT1P,,False,True,False,Premier League Closing Round,Premier League Closing Round,,,,accepted,shared Transfermarkt competition code
MT2P,tm_competition:MT2P,,MT2P,,False,True,False,Challenge League - Finals,Challenge League - Finals,,,,accepted,shared Transfermarkt competition code
MTPO,tm_competition:MTPO,,MTPO,,False,True,False,AL Promotion Playoff,AL Promotion Playoff,,,,accepted,shared Transfermarkt competition code
MUCU,tm_competition:MUCU,,MUCU,,False,True,False,Mid Ulster Cup,Mid Ulster Cup,,,,accepted,shared Transfermarkt competition code
MWP1,tm_competition:MWP1,,MWP1,,False,True,False,Moldovan Cup,Moldovan Cup,,,,accepted,shared Transfermarkt competition code
MXBA,tm_competition:MXBA,,MXBA,,False,True,False,Liguilla Asc. Ap,Liguilla Asc. Ap | Liguilla Pr.A Ap | Liguilla de Expansión Apertura,,,,accepted,shared Transfermarkt competition code
MXBC,tm_competition:MXBC,,MXBC,,False,True,False,Liguilla Asc. Cl,Liguilla Asc. Cl | Liguilla Pr.A Cl | Liguilla de Expansión Clausura,,,,accepted,shared Transfermarkt competition code
MXBF,tm_competition:MXBF,,MXBF,,False,True,False,Final de Ascenso,Final de Ascenso | Final de Expansión | Primera A Final,,,,accepted,shared Transfermarkt competition code
MXCA,tm_competition:MXCA,,MXCA,,False,True,False,Copa MX Apertura,Copa MX Apertura,,,,accepted,shared Transfermarkt competition code
MXCC,tm_competition:MXCC,,MXCC,,False,True,False,Copa MX Clausura,Copa MX Clausura,,,,accepted,shared Transfermarkt competition code
MXSC,tm_competition:MXSC,,MXSC,,False,True,False,Campeón de Campeones,Campeón de Campeones | Supercup Liga MX,,,,accepted,shared Transfermarkt competition code
MYA1,tm_competition:MYA1,,MYA1,,False,True,False,Myanmar National League,Myanmar National League,,,,accepted,shared Transfermarkt competition code
MYC1,tm_competition:MYC1,,MYC1,,False,True,False,Piala Malaysia,Piala Malaysia,,,,accepted,shared Transfermarkt competition code
MYS1,tm_competition:MYS1,,MYS1,,False,True,False,Super League,Super League,,,,accepted,shared Transfermarkt competition code
MYSC,tm_competition:MYSC,,MYSC,,False,True,False,Malaysia Super Cup,Malaysia Super Cup,,,,accepted,shared Transfermarkt competition code
MYSP,tm_competition:MYSP,,MYSP,,False,True,False,Malaysia FA Cup,Malaysia FA Cup,,,,accepted,shared Transfermarkt competition code
N3P1,tm_competition:N3P1,,N3P1,,False,True,False,PostNord-ligaen 1 Sluttsp.,PostNord-ligaen 1 Sluttsp.,,,,accepted,shared Transfermarkt competition code
N3P2,tm_competition:N3P2,,N3P2,,False,True,False,PostNord-ligaen 2 Sluttsp.,PostNord-ligaen 2 Sluttsp.,,,,accepted,shared Transfermarkt competition code
NAFC,tm_competition:NAFC,,NAFC,,False,True,False,NASL Fall Championship,NASL Fall Championship | NASL Fall Championship (2013 - 2017),,,,accepted,shared Transfermarkt competition code
NAPL,tm_competition:NAPL,,NAPL,,False,True,False,NASL Playoffs,NASL Playoffs,,,,accepted,shared Transfermarkt competition code
NASC,tm_competition:NASC,,NASC,,False,True,False,NASL Spring Championship,NASL Spring Championship | NASL Spring Championship (2013 - 2017),,,,accepted,shared Transfermarkt competition code
NC1A,tm_competition:NC1A,,NC1A,,False,True,False,Liga Primera Apertura,Liga Primera Apertura,,,,accepted,shared Transfermarkt competition code
NC1C,tm_competition:NC1C,,NC1C,,False,True,False,Liga Primera Clausura,Liga Primera Clausura,,,,accepted,shared Transfermarkt competition code
NCD1,tm_competition:NCD1,,NCD1,,False,True,False,NCAA D1 College Cup,NCAA D1 College Cup,,,,accepted,shared Transfermarkt competition code
NCL1,tm_competition:NCL1,,NCL1,,False,True,False,National League - Central,National League - Central,,,,accepted,shared Transfermarkt competition code
NCP1,tm_competition:NCP1,,NCP1,,False,True,False,Prim. Apertura Playoff,Prim. Apertura Playoff,,,,accepted,shared Transfermarkt competition code
NCP2,tm_competition:NCP2,,NCP2,,False,True,False,Prim. Clausura Playoff,Prim. Clausura Playoff,,,,accepted,shared Transfermarkt competition code
NDDA,tm_competition:NDDA,,NDDA,,False,True,False,Play-Offs Promotion Derde Divisie,Play-Offs Promotion Derde Divisie,,,,accepted,shared Transfermarkt competition code
NDSP,tm_competition:NDSP,,NDSP,,False,True,False,NFV-Pokal,NFV-Pokal,,,,accepted,shared Transfermarkt competition code
NEDA,tm_competition:NEDA,,NEDA,,False,True,False,Eerste Divisie A,Eerste Divisie A,,,,accepted,shared Transfermarkt competition code
NEDB,tm_competition:NEDB,,NEDB,,False,True,False,Eerste Divisie B,Eerste Divisie B,,,,accepted,shared Transfermarkt competition code
NEDC,tm_competition:NEDC,,NEDC,,False,True,False,Nedbank Cup,Nedbank Cup,,,,accepted,shared Transfermarkt competition code
NEKA,tm_competition:NEKA,,NEKA,,False,True,False,Eerste Klasse A,Eerste Klasse A | Eerste Klasse District V | Eerste Klasse North,,,,accepted,shared Transfermarkt competition code
NEKB,tm_competition:NEKB,,NEKB,,False,True,False,Eerste Klasse B,Eerste Klasse B | Eerste Klasse District III | Eerste Klasse East,,,,accepted,shared Transfermarkt competition code
NEKC,tm_competition:NEKC,,NEKC,,False,True,False,Eerste Klasse C,Eerste Klasse C | Eerste Klasse District II | Eerste Klasse West I,,,,accepted,shared Transfermarkt competition code
NEKD,tm_competition:NEKD,,NEKD,,False,True,False,Eerste Klasse D,Eerste Klasse D | Eerste Klasse District I | Eerste Klasse West II,,,,accepted,shared Transfermarkt competition code
NEKE,tm_competition:NEKE,,NEKE,,False,True,False,Eerste Klasse South I,Eerste Klasse District IV | Eerste Klasse E | Eerste Klasse South I,,,,accepted,shared Transfermarkt competition code
NEKF,tm_competition:NEKF,,NEKF,,False,True,False,Eerste Klasse District VI,Eerste Klasse District VI | Eerste Klasse South II,,,,accepted,shared Transfermarkt competition code
NFVM,tm_competition:NFVM,,NFVM,,False,True,False,NFV-Championship,NFV-Championship,,,,accepted,shared Transfermarkt competition code
NIAR,tm_competition:NIAR,,NIAR,,False,True,False,Abstiegsrunde,Abstiegsrunde,,,,accepted,shared Transfermarkt competition code
NICP,tm_competition:NICP,,NICP,,False,True,False,NISA Championship Playoffs,NISA Championship Playoffs,,,,accepted,shared Transfermarkt competition code
NIFP,tm_competition:NIFP,,NIFP,,False,True,False,NISA Fall Season Playoffs,NISA Fall Season Playoffs,,,,accepted,shared Transfermarkt competition code
NIFS,tm_competition:NIFS,,NIFS,,False,True,False,NISA Fall Season,NISA Fall Season | NISA Fall Season (- 2021),,,,accepted,shared Transfermarkt competition code
NILC,tm_competition:NILC,,NILC,,False,True,False,Irish League Cup,Irish League Cup,,,,accepted,shared Transfermarkt competition code
NIMC,tm_competition:NIMC,,NIMC,,False,True,False,Meisterrunde,Meisterrunde,,,,accepted,shared Transfermarkt competition code
NIMI,tm_competition:NIMI,,NIMI,,False,True,False,Meisterrunde Intermedia,Meisterrunde Intermedia,,,,accepted,shared Transfermarkt competition code
NIP2,tm_competition:NIP2,,NIP2,,False,True,False,Playoff Championship,Playoff Championship,,,,accepted,shared Transfermarkt competition code
NIPP,tm_competition:NIPP,,NIPP,,False,True,False,Playoff Premiership,Playoff Premiership,,,,accepted,shared Transfermarkt competition code
NIR1,tm_competition:NIR1,,NIR1,,False,True,False,Premiership,Premiership,,,,accepted,shared Transfermarkt competition code
NIR2,tm_competition:NIR2,,NIR2,,False,True,False,Championship,Championship,,,,accepted,shared Transfermarkt competition code
NIR3,tm_competition:NIR3,,NIR3,,False,True,False,Intermediate,Intermediate,,,,accepted,shared Transfermarkt competition code
NIRC,tm_competition:NIRC,,NIRC,,False,True,False,Irish Cup,Irish Cup,,,,accepted,shared Transfermarkt competition code
NIRE,tm_competition:NIRE,,NIRE,,False,True,False,Playoff Conference League,Playoff Conference League,,,,accepted,shared Transfermarkt competition code
NIRF,tm_competition:NIRF,,NIRF,,False,True,False,Playoff Premier League,Playoff Premier League,,,,accepted,shared Transfermarkt competition code
NIRU,tm_competition:NIRU,,NIRU,,False,True,False,Playout Premier League,Playout Premier League,,,,accepted,shared Transfermarkt competition code
NIS3,tm_competition:NIS3,,NIS3,,False,True,False,NISA,NISA,,,,accepted,shared Transfermarkt competition code
NISO,tm_competition:NISO,,NISO,,False,True,False,NISA Spring Season Playoffs,NISA Spring Season Playoffs,,,,accepted,shared Transfermarkt competition code
NISR,tm_competition:NISR,,NISR,,False,True,False,NISA Spring Season,NISA Spring Season | NISA Spring Season (- 2021),,,,accepted,shared Transfermarkt competition code
NL1,tm_competition:NL1,NL1,NL1,,True,True,False,eredivisie,Eredivisie | Holland Casino Eredivisie | KPN Eredivisie | KPN Telecomp. | KPN Telecompetitie | PTT Telecomp. | PTT Telecompetitie | eredivisie,Netherlands,domestic_league,first_tier,accepted,shared Transfermarkt competition code
NL2,tm_competition:NL2,,NL2,,False,True,False,Keuken Kampioen Divisie,Eerste Divisie | Jupiler League | Keuken Kampioen Divisie,,,,accepted,shared Transfermarkt competition code
NLAE,tm_competition:NLAE,,NLAE,,False,True,False,U19 Div. 2 Spring,U19 Div. 2 Spring,,,,accepted,shared Transfermarkt competition code
NLAF,tm_competition:NLAF,,NLAF,,False,True,False,NLA - Final round,NLA - Final round,,,,accepted,shared Transfermarkt competition code
NLAJ,tm_competition:NLAJ,,NLAJ,,False,True,False,U19 Div. 1 Spring,Landelijke Jeugd | U19 Div. 1 Spring,,,,accepted,shared Transfermarkt competition code
NLAP,tm_competition:NLAP,,NLAP,,False,True,False,Play-Off U18 Eredivisie,Play-Off U18 Eredivisie,,,,accepted,shared Transfermarkt competition code
NLBA,tm_competition:NLBA,,NLBA,,False,True,False,Beloften nacompetitie,Beloften nacompetitie,,,,accepted,shared Transfermarkt competition code
NLBB,tm_competition:NLBB,,NLBB,,False,True,False,Beloften Eerste Divisie,Beloften Eerste Divisie,,,,accepted,shared Transfermarkt competition code
NLBE,tm_competition:NLBE,,NLBE,,False,True,False,Beloften Eredivisie,Beloften Eredivisie | Reserve Erediv.,,,,accepted,shared Transfermarkt competition code
NLBF,tm_competition:NLBF,,NLBF,,False,True,False,Beloften Eredivisie - Finale,Beloften Eredivisie - Finale,,,,accepted,shared Transfermarkt competition code
NLBJ,tm_competition:NLBJ,,NLBJ,,False,True,False,U17 Div. 1 Spring,U17 Div. 1 Spring,,,,accepted,shared Transfermarkt competition code
NLBP,tm_competition:NLBP,,NLBP,,False,True,False,U21 Cup Netherlands,U21 Cup Netherlands,,,,accepted,shared Transfermarkt competition code
NLBR,tm_competition:NLBR,,NLBR,,False,True,False,NLB-Abstiegsrunde,NLB-Abstiegsrunde,,,,accepted,shared Transfermarkt competition code
NLBV,tm_competition:NLBV,,NLBV,,False,True,False,Beloften Preliminary Round,Beloften Preliminary Round,,,,accepted,shared Transfermarkt competition code
NLCU,tm_competition:NLCU,,NLCU,,False,True,False,Legends Cup,Legends Cup,,,,accepted,shared Transfermarkt competition code
NLEV,tm_competition:NLEV,,NLEV,,False,True,False,U19 Div. 2 Fall,U19 Div. 2 Fall,,,,accepted,shared Transfermarkt competition code
NLHA,tm_competition:NLHA,,NLHA,,False,True,False,Hoofdklasse A,Hoofdklasse A,,,,accepted,shared Transfermarkt competition code
NLHB,tm_competition:NLHB,,NLHB,,False,True,False,Hoofdklasse B,Hoofdklasse B,,,,accepted,shared Transfermarkt competition code
NLJB,tm_competition:NLJB,,NLJB,,False,True,False,U19 Cup NL,U19 Cup NL | U19 Cup Netherlands,,,,accepted,shared Transfermarkt competition code
NLJV,tm_competition:NLJV,,NLJV,,False,True,False,U19 Div. 1 Fall,U19 Div. 1 Fall,,,,accepted,shared Transfermarkt competition code
NLN6,tm_competition:NLN6,,NLN6,,False,True,False,National League North,National League North,,,,accepted,shared Transfermarkt competition code
NLP,tm_competition:NLP,NLP,NLP,,True,True,False,knvb-beker,Amstel Cup | Gatorade Cup | KNVB Beker | knvb-beker,Netherlands,domestic_cup,domestic_cup,accepted,shared Transfermarkt competition code
NLS6,tm_competition:NLS6,,NLS6,,False,True,False,National League South,National League South,,,,accepted,shared Transfermarkt competition code
NLSC,tm_competition:NLSC,NLSC,NLSC,,True,True,False,johan-cruijff-schaal,Johan Cruijff Schaal | johan-cruijff-schaal,Netherlands,other,domestic_super_cup,accepted,shared Transfermarkt competition code
NLVB,tm_competition:NLVB,,NLVB,,False,True,False,Prelim. U17,Prelim. U17 | U17 Div. 1 Fall,,,,accepted,shared Transfermarkt competition code
NMAP,tm_competition:NMAP,,NMAP,,False,True,False,Kup na Makedonija,Kup na Makedonija,,,,accepted,shared Transfermarkt competition code
NNL1,tm_competition:NNL1,,NNL1,,False,True,False,National League - North,NZ North League | National League - North,,,,accepted,shared Transfermarkt competition code
NNLP,tm_competition:NNLP,,NNLP,,False,True,False,NZ National League Grand Final,NZ National League Grand Final,,,,accepted,shared Transfermarkt competition code
NO1,tm_competition:NO1,NO1,NO1,,True,True,False,eliteserien,1. divisjon | Eliteserien | Tippeligaen | eliteserien,Norway,domestic_league,first_tier,accepted,shared Transfermarkt competition code
NO2,tm_competition:NO2,,NO2,,False,True,False,OBOS-ligaen,1. divisjon | Adeccoligaen | OBOS-ligaen,,,,accepted,shared Transfermarkt competition code
NO2R,tm_competition:NO2R,,NO2R,,False,True,False,Rel. OBOS-ligaen,Rel. OBOS-ligaen,,,,accepted,shared Transfermarkt competition code
NO31,tm_competition:NO31,,NO31,,False,True,False,PostNord-ligaen Avd. 1,PostNord-ligaen Avd. 1,,,,accepted,shared Transfermarkt competition code
NO32,tm_competition:NO32,,NO32,,False,True,False,PostNord-ligaen Avd. 2,PostNord-ligaen Avd. 2,,,,accepted,shared Transfermarkt competition code
NO41,tm_competition:NO41,,NO41,,False,True,False,Norsk Tipping-Ligaen avd. 1,Norsk Tipping-Ligaen avd. 1,,,,accepted,shared Transfermarkt competition code
NO42,tm_competition:NO42,,NO42,,False,True,False,Norsk Tipping-Ligaen avd. 2,Norsk Tipping-Ligaen avd. 2,,,,accepted,shared Transfermarkt competition code
NO43,tm_competition:NO43,,NO43,,False,True,False,Norsk Tipping-Ligaen avd. 3,Norsk Tipping-Ligaen avd. 3,,,,accepted,shared Transfermarkt competition code
NO44,tm_competition:NO44,,NO44,,False,True,False,Norsk Tipping-Ligaen avd. 4,Norsk Tipping-Ligaen avd. 4,,,,accepted,shared Transfermarkt competition code
NO45,tm_competition:NO45,,NO45,,False,True,False,Norsk Tipping-Ligaen avd. 5,Norsk Tipping-Ligaen avd. 5,,,,accepted,shared Transfermarkt competition code
NO46,tm_competition:NO46,,NO46,,False,True,False,Norsk Tipping-Ligaen avd. 6,Norsk Tipping-Ligaen avd. 6,,,,accepted,shared Transfermarkt competition code
NO93,tm_competition:NO93,,NO93,,False,True,False,Oberliga Nord,Oberliga Nord,,,,accepted,shared Transfermarkt competition code
NOAP,tm_competition:NOAP,,NOAP,,False,True,False,NOFV-Oberliga Abstiegsrunde,NOFV-Oberliga Abstiegsrunde,,,,accepted,shared Transfermarkt competition code
NOLA,tm_competition:NOLA,,NOLA,,False,True,False,Aufstiegsr. NOFV-Oberliga,Aufstiegsr. NOFV-Oberliga,,,,accepted,shared Transfermarkt competition code
NOPO,tm_competition:NOPO,,NOPO,,False,True,False,NM-Cup,NM-Cup,,,,accepted,shared Transfermarkt competition code
NOSC,tm_competition:NOSC,,NOSC,,False,True,False,Mesterfinale,Mesterfinale | Superfinalen,,,,accepted,shared Transfermarkt competition code
NP34,tm_competition:NP34,,NP34,,False,True,False,Niedersachsenpokal (3. und 4. Liga),Niedersachsenpokal (3. und 4. Liga),,,,accepted,shared Transfermarkt competition code
NPAM,tm_competition:NPAM,,NPAM,,False,True,False,Niedersachsenpokal (Amateure),Niedersachsenpokal (Amateure),,,,accepted,shared Transfermarkt competition code
NPFL,tm_competition:NPFL,,NPFL,,False,True,False,NPFL,NPFL,,,,accepted,shared Transfermarkt competition code
NPL1,tm_competition:NPL1,,NPL1,,False,True,False,Nepal Super League,Nepal Super League,,,,accepted,shared Transfermarkt competition code
NPP1,tm_competition:NPP1,,NPP1,,False,True,False,Nepal Super League Championship,Nepal Super League Championship,,,,accepted,shared Transfermarkt competition code
NPPL,tm_competition:NPPL,,NPPL,,False,True,False,NPFL Playoffs,NPFL Playoffs,,,,accepted,shared Transfermarkt competition code
NRPO,tm_competition:NRPO,,NRPO,,False,True,False,Niederrheinpokal,Niederrheinpokal,,,,accepted,shared Transfermarkt competition code
NSC,tm_competition:NSC,,NSC,,False,True,False,NIFL Charity Shield,NIFL Charity Shield,,,,accepted,shared Transfermarkt competition code
NSL1,tm_competition:NSL1,,NSL1,,False,True,False,National League - South,National League - South,,,,accepted,shared Transfermarkt competition code
NTD,tm_competition:NTD,,NTD,,False,True,False,Tweede Divisie,Betnation Div. | Betnation Divisie | Jack's League | Tweede Divisie,,,,accepted,shared Transfermarkt competition code
NTDA,tm_competition:NTDA,,NTDA,,False,True,False,Tweede Divisie A,Tweede Divisie A,,,,accepted,shared Transfermarkt competition code
NTDB,tm_competition:NTDB,,NTDB,,False,True,False,Tweede Divisie B,Tweede Divisie B,,,,accepted,shared Transfermarkt competition code
NWSC,tm_competition:NWSC,,NWSC,,False,True,False,North West Cup,North West Cup,,,,accepted,shared Transfermarkt competition code
NZL1,tm_competition:NZL1,,NZL1,,False,True,False,NZ Premiership (- 2021),ASB Premiership | NZ Premiership (- 2021) | NZFC | SS Premiership,,,,accepted,shared Transfermarkt competition code
NZLP,tm_competition:NZLP,,NZLP,,False,True,False,ISPSHP-Playoffs (- 2021),ASBP-Playoffs | ISPSHP-Playoffs (- 2021) | SSP-Playoffs,,,,accepted,shared Transfermarkt competition code
NZNL,tm_competition:NZNL,,NZNL,,False,True,False,National League Championship,National League Championship,,,,accepted,shared Transfermarkt competition code
NZP1,tm_competition:NZP1,,NZP1,,False,True,False,Chatham Cup,Chatham Cup,,,,accepted,shared Transfermarkt competition code
NZPO,tm_competition:NZPO,,NZPO,,False,True,False,ASB Charity Cup,ASB Charity Cup | Charity Cup,,,,accepted,shared Transfermarkt competition code
OBLA,tm_competition:OBLA,,OBLA,,False,True,False,Bayernliga,Bayernliga | Bayernliga (- 11/12),,,,accepted,shared Transfermarkt competition code
OBLB,tm_competition:OBLB,,OBLB,,False,True,False,Oberliga Baden-Württemberg,Oberliga Baden-Württemberg,,,,accepted,shared Transfermarkt competition code
OBLC,tm_competition:OBLC,,OBLC,,False,True,False,Hessenliga,Hessenliga,,,,accepted,shared Transfermarkt competition code
OBLD,tm_competition:OBLD,,OBLD,,False,True,False,Oberliga Südwest (- 11/12),Oberliga Südwest (- 11/12),,,,accepted,shared Transfermarkt competition code
OBLE,tm_competition:OBLE,,OBLE,,False,True,False,NRW-Liga,NRW-Liga | NRW-Liga (- 11/12),,,,accepted,shared Transfermarkt competition code
OBLF,tm_competition:OBLF,,OBLF,,False,True,False,NOFV-Oberliga Nord,NOFV-Oberliga Nord,,,,accepted,shared Transfermarkt competition code
OBLG,tm_competition:OBLG,,OBLG,,False,True,False,NOFV-Oberliga Süd,NOFV-Oberliga Süd,,,,accepted,shared Transfermarkt competition code
OBLH,tm_competition:OBLH,,OBLH,,False,True,False,Oberliga NDS-West,Oberliga NDS-West | Oberliga Niedersachsen-West (- 09/10),,,,accepted,shared Transfermarkt competition code
OBLI,tm_competition:OBLI,,OBLI,,False,True,False,Oberliga NDS-Ost,Oberliga NDS-Ost,,,,accepted,shared Transfermarkt competition code
OBLJ,tm_competition:OBLJ,,OBLJ,,False,True,False,Oberliga Hamburg,Oberliga Hamburg | Verbandsliga HH,,,,accepted,shared Transfermarkt competition code
OBLK,tm_competition:OBLK,,OBLK,,False,True,False,Bremenliga,Bremenliga | VL Bremen,,,,accepted,shared Transfermarkt competition code
OBLL,tm_competition:OBLL,,OBLL,,False,True,False,Oberliga Schleswig-Holstein,Oberliga Schleswig-Holstein | SH-Liga | Schleswig-Holstein-Liga,,,,accepted,shared Transfermarkt competition code
OBLN,tm_competition:OBLN,,OBLN,,False,True,False,OL Niedersachsen,OL Niedersachsen | Oberliga Niedersachsen,,,,accepted,shared Transfermarkt competition code
OBSM,tm_competition:OBSM,,OBSM,,False,True,False,NOFV-Oberliga Mitte,NOFV-Oberliga Mitte | NOFV-Oberliga Mitte (91/92 - 93/94),,,,accepted,shared Transfermarkt competition code
OBSN,tm_competition:OBSN,,OBSN,,False,True,False,NOFV-Oberliga Nord,NOFV-Oberliga Nord,,,,accepted,shared Transfermarkt competition code
OBSS,tm_competition:OBSS,,OBSS,,False,True,False,NOFV-Oberliga Süd,NOFV-Oberliga Süd,,,,accepted,shared Transfermarkt competition code
OBW3,tm_competition:OBW3,,OBW3,,False,True,False,OL Ba-Wü (- 93/94),OL Ba-Wü (- 93/94) | Oberliga Baden-Württemberg (- 93/94),,,,accepted,shared Transfermarkt competition code
OCL,tm_competition:OCL,,OCL,,False,True,False,OFC Champions League,OFC Champions League,,,,accepted,shared Transfermarkt competition code
OFBS,tm_competition:OFBS,,OFBS,,False,True,False,ÖFB-Supercup,ÖFB-Supercup | ÖFB-Supercup (- 2005),,,,accepted,shared Transfermarkt competition code
OFCP,tm_competition:OFCP,,OFCP,,False,True,False,OFC President's Cup,OFC President's Cup,,,,accepted,shared Transfermarkt competition code
OL0,tm_competition:OL0,,OL0,,False,True,False,Oberliga Bayern,Oberliga Bayern | Oberliga Bayern (94/95- 07/08),,,,accepted,shared Transfermarkt competition code
OL1,tm_competition:OL1,,OL1,,False,True,False,OL Hamburg/S-H,OL Hamburg/S-H | Oberliga Hamburg / S-H,,,,accepted,shared Transfermarkt competition code
OL2,tm_competition:OL2,,OL2,,False,True,False,OL Niedersachsen/Bremen,OL Niedersachsen/Bremen | Oberliga Niedersachsen/Bremen (- 03/04),,,,accepted,shared Transfermarkt competition code
OL3,tm_competition:OL3,,OL3,,False,True,False,NOFV-Oberliga Nord,NOFV-Oberliga Nord | NOFV-Oberliga Nord (- 07/08),,,,accepted,shared Transfermarkt competition code
OL4,tm_competition:OL4,,OL4,,False,True,False,NOFV-Oberliga Süd,NOFV-Oberliga Süd | NOFV-Oberliga Süd (- 07/08),,,,accepted,shared Transfermarkt competition code
OL5,tm_competition:OL5,,OL5,,False,True,False,Oberliga Nordrhein,Oberliga Nordrhein | Oberliga Nordrhein (94/95 - 07/08),,,,accepted,shared Transfermarkt competition code
OL6,tm_competition:OL6,,OL6,,False,True,False,Oberliga Westfalen,Oberliga Westfalen | Oberliga Westfalen (94/95 - 07/08),,,,accepted,shared Transfermarkt competition code
OL6B,tm_competition:OL6B,,OL6B,,False,True,False,Oberliga Westfalen,Oberliga Westfalen | Oberliga Westfalen (- 93/94),,,,accepted,shared Transfermarkt competition code
OL7,tm_competition:OL7,,OL7,,False,True,False,Oberliga Hessen,Oberliga Hessen | Oberliga Hessen (- 07/08),,,,accepted,shared Transfermarkt competition code
OL8,tm_competition:OL8,,OL8,,False,True,False,Oberliga Südwest (- 07/08),Oberliga Südwest (- 07/08),,,,accepted,shared Transfermarkt competition code
OL9,tm_competition:OL9,,OL9,,False,True,False,Oberliga Ba-Wü,Oberliga Ba-Wü | Oberliga Baden-Württemberg (94/95- 07/08),,,,accepted,shared Transfermarkt competition code
OLA,tm_competition:OLA,,OLA,,False,True,False,Oberliga Nord,Oberliga Nord | Oberliga Nord (- 07/08),,,,accepted,shared Transfermarkt competition code
OLB1,tm_competition:OLB1,,OLB1,,False,True,False,Bayernliga Nord,Bayernliga Nord,,,,accepted,shared Transfermarkt competition code
OLB2,tm_competition:OLB2,,OLB2,,False,True,False,Bayernliga Süd,Bayernliga Süd,,,,accepted,shared Transfermarkt competition code
OLMR,tm_competition:OLMR,,OLMR,,False,True,False,Mittelrheinliga,Mittelrheinliga,,,,accepted,shared Transfermarkt competition code
OLN1,tm_competition:OLN1,,OLN1,,False,True,False,Oberliga Nord,Oberliga Nord,,,,accepted,shared Transfermarkt competition code
OLNA,tm_competition:OLNA,,OLNA,,False,True,False,Oberliga Nordrhein,Oberliga Nordrhein | Oberliga Nordrhein (- 93/94),,,,accepted,shared Transfermarkt competition code
OLNE,tm_competition:OLNE,,OLNE,,False,True,False,OL Niederrhein - Endr.,OL Niederrhein - Endr.,,,,accepted,shared Transfermarkt competition code
OLNI,tm_competition:OLNI,,OLNI,,False,True,False,Oberliga Niederrhein,Niederrheinliga | Oberliga Niederrhein | VL Niederrhein | Verbandsliga Niederrhein,,,,accepted,shared Transfermarkt competition code
OLNS,tm_competition:OLNS,,OLNS,,False,True,False,Oberliga Nordost,Oberliga Nordost | Oberliga Nordost (90/91),,,,accepted,shared Transfermarkt competition code
OLRP,tm_competition:OLRP,,OLRP,,False,True,False,OL RP/Saar,OL RP/Saar | Oberliga Rheinland-Pfalz/Saar,,,,accepted,shared Transfermarkt competition code
OLS1,tm_competition:OLS1,,OLS1,,False,True,False,Oberliga Süd (- 62/63),Oberliga Süd (- 62/63),,,,accepted,shared Transfermarkt competition code
OLSB,tm_competition:OLSB,,OLSB,,False,True,False,Oberliga Berlin (- 62/63),Oberliga Berlin (- 62/63),,,,accepted,shared Transfermarkt competition code
OLW1,tm_competition:OLW1,,OLW1,,False,True,False,Oberliga West (47/48 - 62/63),Oberliga West (47/48 - 62/63),,,,accepted,shared Transfermarkt competition code
OLW3,tm_competition:OLW3,,OLW3,,False,True,False,Oberliga Westfalen,Oberliga Westfalen,,,,accepted,shared Transfermarkt competition code
OLWE,tm_competition:OLWE,,OLWE,,False,True,False,OL Westf. - Finals,OL Westf. - Finals,,,,accepted,shared Transfermarkt competition code
OM1L,tm_competition:OM1L,,OM1L,,False,True,False,Oman Pro League,Oman Pro League,,,,accepted,shared Transfermarkt competition code
OPHH,tm_competition:OPHH,,OPHH,,False,True,False,Hamburgpokal,Hamburgpokal | ODDSET-Pokal,,,,accepted,shared Transfermarkt competition code
ORPE,tm_competition:ORPE,,ORPE,,False,True,False,OL RP/Saar - Finals,OL RP/Saar - Finals,,,,accepted,shared Transfermarkt competition code
OSHA,tm_competition:OSHA,,OSHA,,False,True,False,OL Hamburg Playoff,OL Hamburg Playoff,,,,accepted,shared Transfermarkt competition code
OSW1,tm_competition:OSW1,,OSW1,,False,True,False,Oberliga Südwest (1945 - 62/63),Oberliga Südwest (1945 - 62/63),,,,accepted,shared Transfermarkt competition code
P232,tm_competition:P232,,P232,,False,True,False,Liga Revelação - Second Round,Liga Revelação - Second Round,,,,accepted,shared Transfermarkt competition code
P23A,tm_competition:P23A,,P23A,,False,True,False,Torn. Abertura U23,Torn. Abertura U23,,,,accepted,shared Transfermarkt competition code
P23C,tm_competition:P23C,,P23C,,False,True,False,Revelação U23 - Championship,Revelação U23 - Championship,,,,accepted,shared Transfermarkt competition code
P23F,tm_competition:P23F,,P23F,,False,True,False,Torneio Abertura Final,Torneio Abertura Final,,,,accepted,shared Transfermarkt competition code
P23Q,tm_competition:P23Q,,P23Q,,False,True,False,Revelação U23 - Qualif. round,Liga Revelação U23 - Qualifikation round | Revelação U23 - Qualif. round,,,,accepted,shared Transfermarkt competition code
P2AR,tm_competition:P2AR,,P2AR,,False,True,False,Prom. Primera B Nacional (-11/12),Prom. Primera B Nacional (-11/12),,,,accepted,shared Transfermarkt competition code
P2PL,tm_competition:P2PL,,P2PL,,False,True,False,Liga 2 Playoffs,Liga 2 Playoffs,,,,accepted,shared Transfermarkt competition code
P2RL,tm_competition:P2RL,,P2RL,,False,True,False,Camp. Portugal Ap. Campeão,Camp. Portugal Ap. Campeão,,,,accepted,shared Transfermarkt competition code
P3As,tm_competition:P3As,,P3As,,False,True,False,Liga 3 - Relegation round,Liga 3 - Relegation round,,,,accepted,shared Transfermarkt competition code
P3Au,tm_competition:P3Au,,P3Au,,False,True,False,Liga 3 - Promotion,Liga 3 - Promotion,,,,accepted,shared Transfermarkt competition code
PAR2,tm_competition:PAR2,,PAR2,,False,True,False,División Intermedia,División Intermedia,,,,accepted,shared Transfermarkt competition code
PDL,tm_competition:PDL,,PDL,,False,True,False,Professional Development League,Professional Development League,,,,accepted,shared Transfermarkt competition code
PDRL,tm_competition:PDRL,,PDRL,,False,True,False,Primera Div. Rel.,Primera Div. Rel.,,,,accepted,shared Transfermarkt competition code
PDV1,tm_competition:PDV1,,PDV1,,False,True,False,Primera División Clausura,Primera Div. Ver | Primera División Clausura,,,,accepted,shared Transfermarkt competition code
PDV2,tm_competition:PDV2,,PDV2,,False,True,False,Verano Play-Off,Clausura Play-Off | Verano Play-Off,,,,accepted,shared Transfermarkt competition code
PEDI,tm_competition:PEDI,,PEDI,,False,True,False,Liguilla Impar,Liguilla B | Liguilla Impar,,,,accepted,shared Transfermarkt competition code
PEDP,tm_competition:PEDP,,PEDP,,False,True,False,Liguilla A,Liguilla A | Liguilla Par,,,,accepted,shared Transfermarkt competition code
PEP4,tm_competition:PEP4,,PEP4,,False,True,False,Liga 2 - Gr. campeonato,Liga 2 - Gr. campeonato,,,,accepted,shared Transfermarkt competition code
PEP5,tm_competition:PEP5,,PEP5,,False,True,False,2DPE - Descenso,2DPE - Descenso | Liga 2 - Gr. descenso,,,,accepted,shared Transfermarkt competition code
PEP6,tm_competition:PEP6,,PEP6,,False,True,False,Def. descenso de Liga 2,Def. descenso de Liga 2,,,,accepted,shared Transfermarkt competition code
PER2,tm_competition:PER2,,PER2,,False,True,False,Liga 2,Liga 2 | Segunda División,,,,accepted,shared Transfermarkt competition code
PERC,tm_competition:PERC,,PERC,,False,True,False,Torneo Descentralizado,Torneo Descentralizado,,,,accepted,shared Transfermarkt competition code
PERD,tm_competition:PERD,,PERD,,False,True,False,Liga 1 Cl. Entsch.,Liga 1 Cl. Entsch.,,,,accepted,shared Transfermarkt competition code
PERE,tm_competition:PERE,,PERE,,False,True,False,Liga 1 Relegation,Liga 1 Relegation,,,,accepted,shared Transfermarkt competition code
PERF,tm_competition:PERF,,PERF,,False,True,False,Descentr Playoff,Descentr Playoff | Descentr. Fase 3 | Liga 1 Playoffs,,,,accepted,shared Transfermarkt competition code
PERS,tm_competition:PERS,,PERS,,False,True,False,T. Descentralizado 2. Fase,T. Descentralizado 2. Fase,,,,accepted,shared Transfermarkt competition code
PFL1,tm_competition:PFL1,,PFL1,,False,True,False,PFL,PFL,,,,accepted,shared Transfermarkt competition code
PFLM,tm_competition:PFLM,,PFLM,,False,True,False,PFL Final Series,PFL Final Series,,,,accepted,shared Transfermarkt competition code
PHI1,tm_competition:PHI1,,PHI1,,False,True,False,United Football League (-2016),United Football League (-2016),,,,accepted,shared Transfermarkt competition code
PHPO,tm_competition:PHPO,,PHPO,,False,True,False,Copa Paulino Alcantara,Copa Paulino Alcantara,,,,accepted,shared Transfermarkt competition code
PHU2,tm_competition:PHU2,,PHU2,,False,True,False,Abstiegsr. Nemzeti Bajnokság II,Abstiegsr. Nemzeti Bajnokság II | Abstiegsrunde Nemzeti Bajnokság II,,,,accepted,shared Transfermarkt competition code
PL1,tm_competition:PL1,PL1,PL1,,True,True,False,pko-bp-ekstraklasa,Ekstraklasa | I Liga | Idea Ekstraklasa | Lotto Ekstraklasa | Orange Ekstraklasa | PKO BP Ekstraklasa | T-Mobile Ekstraklasa | pko-bp-ekstraklasa,Poland,domestic_league,first_tier,accepted,shared Transfermarkt competition code
PL2,tm_competition:PL2,,PL2,,False,True,False,Betclic 1 Liga,1 Liga | 2 Liga | Betclic 1 Liga | Fortuna 1 Liga | II Liga | Nice 1 Liga | Unibet 1 Liga,,,,accepted,shared Transfermarkt competition code
PL2L,tm_competition:PL2L,,PL2L,,False,True,False,Betclic 2 Liga,2 Liga | Betclic 2 Liga | eWinner II liga,,,,accepted,shared Transfermarkt competition code
PL31,tm_competition:PL31,,PL31,,False,True,False,Betclic 3 Liga - Group I,3 Liga - Grupa I | Betclic 3 Liga - Group I,,,,accepted,shared Transfermarkt competition code
PL32,tm_competition:PL32,,PL32,,False,True,False,Betclic 3 Liga - Group II,3 Liga Grupa II | Betclic 3 Liga - Group II,,,,accepted,shared Transfermarkt competition code
PL33,tm_competition:PL33,,PL33,,False,True,False,Betclic 3 Liga - Group III,3 Liga - Grupa III | 3 Liga Grupa III | Betclic 3 Liga - Group III,,,,accepted,shared Transfermarkt competition code
PL34,tm_competition:PL34,,PL34,,False,True,False,Betclic 3 Liga - Group IV,3 Liga - Grupa IV | 3 Liga Grupa IV | Betclic 3 Liga - Group IV,,,,accepted,shared Transfermarkt competition code
PL3W,tm_competition:PL3W,,PL3W,,False,True,False,2 Liga - East,2 Liga - East,,,,accepted,shared Transfermarkt competition code
PL3Z,tm_competition:PL3Z,,PL3Z,,False,True,False,2 Liga - West,2 Liga - West,,,,accepted,shared Transfermarkt competition code
PLI3,tm_competition:PLI3,,PLI3,,False,True,False,Liga 3,Liga 3,,,,accepted,shared Transfermarkt competition code
PLJF,tm_competition:PLJF,,PLJF,,False,True,False,CYL - Final round,CYL - Final round,,,,accepted,shared Transfermarkt competition code
PLJR,tm_competition:PLJR,,PLJR,,False,True,False,Baraże o udział w CLJ,Baraże o udział w CLJ,,,,accepted,shared Transfermarkt competition code
PLJW,tm_competition:PLJW,,PLJW,,False,True,False,CYL - East,CYL - East,,,,accepted,shared Transfermarkt competition code
PLJZ,tm_competition:PLJZ,,PLJZ,,False,True,False,CYL - West,CYL - West,,,,accepted,shared Transfermarkt competition code
PLSC,tm_competition:PLSC,,PLSC,,False,True,False,Superpuchar,Superpuchar,,,,accepted,shared Transfermarkt competition code
PLZJ,tm_competition:PLZJ,,PLZJ,,False,True,False,Youth League POL,Youth League POL,,,,accepted,shared Transfermarkt competition code
PN1A,tm_competition:PN1A,,PN1A,,False,True,False,Liga Panameña Apertura,Liga Panameña Apertura,,,,accepted,shared Transfermarkt competition code
PN1C,tm_competition:PN1C,,PN1C,,False,True,False,Liga Panameña Clausura,Liga Panameña Clausura,,,,accepted,shared Transfermarkt competition code
PN1F,tm_competition:PN1F,,PN1F,,False,True,False,LPF Apertura Playoff,LPF Apertura Playoff,,,,accepted,shared Transfermarkt competition code
PNF1,tm_competition:PNF1,,PNF1,,False,True,False,LPF Clausura Playoff,LPF Clausura Playoff,,,,accepted,shared Transfermarkt competition code
PO1,tm_competition:PO1,PO1,PO1,,True,True,False,liga-portugal,Liga Bwin | Liga NOS | Liga Portugal | Liga Sagres | Liga ZON Sagres | Primeira Divisão | Primeira Liga | SuperLiga | SuperLiga Galp Energia | liga-portugal,Portugal,domestic_league,first_tier,accepted,shared Transfermarkt competition code
PO2,tm_competition:PO2,,PO2,,False,True,False,Liga Portugal 2,Ledman LigaPro | Liga Portugal 2 | LigaPro,,,,accepted,shared Transfermarkt competition code
POAR,tm_competition:POAR,,POAR,,False,True,False,First Division Promotion (-11/12),First Division Promotion (-11/12),,,,accepted,shared Transfermarkt competition code
POB2,tm_competition:POB2,,POB2,,False,True,False,Endrunde 2.Division,Endrunde 2.Division,,,,accepted,shared Transfermarkt competition code
POBE,tm_competition:POBE,POBE,POBE,,True,True,False,jupiler-pro-league-europe-play-offs,JPL Europe PO | JPL Playoff II | jupiler-pro-league-europe-play-offs,Belgium,other,play_off,accepted,shared Transfermarkt competition code
POCC,tm_competition:POCC,,POCC,,False,True,False,Championship Play-Offs,Championship Play-Offs,,,,accepted,shared Transfermarkt competition code
POCO,tm_competition:POCO,,POCO,,False,True,False,National League Playoffs,National League Playoffs,,,,accepted,shared Transfermarkt competition code
POCP,tm_competition:POCP,,POCP,,False,True,False,Allianz Cup,Allianz Cup | Carlsberg Cup | Taça CTT,,,,accepted,shared Transfermarkt competition code
POFD,tm_competition:POFD,,POFD,,False,True,False,Scottish Championship Play-offs,Scottish Championship Play-offs,,,,accepted,shared Transfermarkt competition code
POFI,tm_competition:POFI,,POFI,,False,True,False,Rel. Veikkausliiga,Rel. Veikkausliiga,,,,accepted,shared Transfermarkt competition code
POG2,tm_competition:POG2,,POG2,,False,True,False,League Two Play-Offs,League Two Play-Offs,,,,accepted,shared Transfermarkt competition code
POG3,tm_competition:POG3,,POG3,,False,True,False,League One Play-Offs,League One Play-Offs,,,,accepted,shared Transfermarkt competition code
POGR,tm_competition:POGR,,POGR,,False,True,False,SL1 Play-off,SL1 Play-off,,,,accepted,shared Transfermarkt competition code
POLH,tm_competition:POLH,,POLH,,False,True,False,Relegation Hessenliga,Relegation Hessenliga,,,,accepted,shared Transfermarkt competition code
POLL,tm_competition:POLL,,POLL,,False,True,False,Play-Off Liga Portugal 2,Play-Off Liga Portugal 2,,,,accepted,shared Transfermarkt competition code
POLU,tm_competition:POLU,,POLU,,False,True,False,BGL Ligue Relegation,BGL Ligue Relegation,,,,accepted,shared Transfermarkt competition code
POME,tm_competition:POME,,POME,,False,True,False,Liguilla Clausura,Liguilla Clausura,,,,accepted,shared Transfermarkt competition code
POMX,tm_competition:POMX,,POMX,,False,True,False,Liguilla Apertura,Liguilla Apertura | Liguilla Inv.,,,,accepted,shared Transfermarkt competition code
PON2,tm_competition:PON2,,PON2,,False,True,False,Keuken Kampioen Play-Offs,Jupiler PO | Keuken Kampioen Play-Offs,,,,accepted,shared Transfermarkt competition code
PONL,tm_competition:PONL,,PONL,,False,True,False,Play-Offs Conference League,Play-Offs Conference League,,,,accepted,shared Transfermarkt competition code
POPO,tm_competition:POPO,,POPO,,False,True,False,Taça de Portugal,Taça de Portugal,,,,accepted,shared Transfermarkt competition code
POPU,tm_competition:POPU,,POPU,,False,True,False,Totolotek Puchar,Puchar Polski | Remes Puchar | STS Polish Cup | Totolotek Puchar,,,,accepted,shared Transfermarkt competition code
POSB,tm_competition:POSB,,POSB,,False,True,False,Serie B Play-off,Serie B Play-off | Spareggi Serie B,,,,accepted,shared Transfermarkt competition code
POSD,tm_competition:POSD,,POSD,,False,True,False,Scottish League One Play-offs,Scottish League One Play-offs,,,,accepted,shared Transfermarkt competition code
POSL,tm_competition:POSL,,POSL,,False,True,False,Relegation Prva Liga,Relegation Prva Liga,,,,accepted,shared Transfermarkt competition code
POSU,tm_competition:POSU,POSU,POSU,,True,True,False,supercup-candido-de-oliveira,Supertaça | supercup-candido-de-oliveira,Portugal,other,domestic_super_cup,accepted,shared Transfermarkt competition code
POT1,tm_competition:POT1,,POT1,,False,True,False,Süper Final Championship,Süper Final Championship,,,,accepted,shared Transfermarkt competition code
POT2,tm_competition:POT2,,POT2,,False,True,False,1.Lig Playoff,1.Lig Playoff,,,,accepted,shared Transfermarkt competition code
POT3,tm_competition:POT3,,POT3,,False,True,False,Süper Final Europa,Süper Final Europa,,,,accepted,shared Transfermarkt competition code
POUS,tm_competition:POUS,,POUS,,False,True,False,MLS Cup Playoffs,MLS Cup Playoffs,,,,accepted,shared Transfermarkt competition code
PR1A,tm_competition:PR1A,,PR1A,,False,True,False,Primera División Apertura,Primera División Apertura,,,,accepted,shared Transfermarkt competition code
PR1C,tm_competition:PR1C,,PR1C,,False,True,False,Primera División Clausura,Primera División Clausura,,,,accepted,shared Transfermarkt competition code
PR1P,tm_competition:PR1P,,PR1P,,False,True,False,Primera División Paraguay Playoffs,Primera División Paraguay Playoffs,,,,accepted,shared Transfermarkt competition code
PRA1,tm_competition:PRA1,,PRA1,,False,True,False,Liga Puerto Rico Apertura,Liga Puerto Rico Apertura,,,,accepted,shared Transfermarkt competition code
PRC1,tm_competition:PRC1,,PRC1,,False,True,False,Liga Puerto Rico Clausura,Liga Puerto Rico Clausura,,,,accepted,shared Transfermarkt competition code
PRTD,tm_competition:PRTD,,PRTD,,False,True,False,Play-Offs Promotion Tweede Divisie,Play-Offs Promotion Tweede Divisie,,,,accepted,shared Transfermarkt competition code
PSBL,tm_competition:PSBL,,PSBL,,False,True,False,Bayernliga Platzierungsspiele,Bayernliga Platzierungsspiele,,,,accepted,shared Transfermarkt competition code
PT23,tm_competition:PT23,,PT23,,False,True,False,Liga Revelação,Liga Revelação | Liga Revelação U23,,,,accepted,shared Transfermarkt competition code
PT3A,tm_competition:PT3A,,PT3A,,False,True,False,Liga 3,Liga 3,,,,accepted,shared Transfermarkt competition code
PTDI,tm_competition:PTDI,,PTDI,,False,True,False,Copa del Inca,Copa del Inca,,,,accepted,shared Transfermarkt competition code
PTPR,tm_competition:PTPR,,PTPR,,False,True,False,U-23 Cup Portugal,U-23 Cup Portugal,,,,accepted,shared Transfermarkt competition code
PTRL,tm_competition:PTRL,,PTRL,,False,True,False,Play-Off Liga Portugal,Play-Off Liga Portugal | Rel. Primeira L.,,,,accepted,shared Transfermarkt competition code
PUSB,tm_competition:PUSB,,PUSB,,False,True,False,Serie B Play-out,Serie B Play-out,,,,accepted,shared Transfermarkt competition code
PUSC,tm_competition:PUSC,,PUSC,,False,True,False,Supercopa Peruana,Supercopa Peruana,,,,accepted,shared Transfermarkt competition code
PVCR,tm_competition:PVCR,,PVCR,,False,True,False,Prva liga Championship round,Prva liga Championship round,,,,accepted,shared Transfermarkt competition code
PVRR,tm_competition:PVRR,,PVRR,,False,True,False,Prva liga Relegation round,Prva liga Relegation round,,,,accepted,shared Transfermarkt competition code
QEC1,tm_competition:QEC1,,QEC1,,False,True,False,Amir Cup,Amir Cup | Emir Cup,,,,accepted,shared Transfermarkt competition code
QFLC,tm_competition:QFLC,,QFLC,,False,True,False,QFL League Cup,QFL League Cup,,,,accepted,shared Transfermarkt competition code
QSCP,tm_competition:QSCP,,QSCP,,False,True,False,Qatari Stars Cup,Qatari Stars Cup,,,,accepted,shared Transfermarkt competition code
QSJ1,tm_competition:QSJ1,,QSJ1,,False,True,False,Sheikh Jassim Cup,Sheikh Jassim Cup,,,,accepted,shared Transfermarkt competition code
QSL,tm_competition:QSL,,QSL,,False,True,False,Stars League,Qatar Stars League | Stars League,,,,accepted,shared Transfermarkt competition code
QSLR,tm_competition:QSLR,,QSLR,,False,True,False,QSL Relegation,QSL Relegation | Qatar Stars League Relegation,,,,accepted,shared Transfermarkt competition code
QU2L,tm_competition:QU2L,,QU2L,,False,True,False,Qatari Second Division,Qatari Second Division,,,,accepted,shared Transfermarkt competition code
QUC1,tm_competition:QUC1,,QUC1,,False,True,False,Qatar Cup,Qatar Cup,,,,accepted,shared Transfermarkt competition code
QUON,tm_competition:QUON,,QUON,,False,True,False,Qualif. Oberliga NDS,Qualif. Oberliga NDS,,,,accepted,shared Transfermarkt competition code
QWEP,tm_competition:QWEP,,QWEP,,False,True,False,DFB-Pokal-Quali,DFB-Pokal-Quali,,,,accepted,shared Transfermarkt competition code
R2AO,tm_competition:R2AO,,R2AO,,False,True,False,Liga 2 Play-Out,Liga 2 Play-Out,,,,accepted,shared Transfermarkt competition code
R2AP,tm_competition:R2AP,,R2AP,,False,True,False,Liga 2 Play-Off,Liga 2 Play-Off,,,,accepted,shared Transfermarkt competition code
R2BP,tm_competition:R2BP,,R2BP,,False,True,False,Liga II - Seria II Play-Off,Liga II - Seria II Play-Off,,,,accepted,shared Transfermarkt competition code
R3D1,tm_competition:R3D1,,R3D1,,False,True,False,2. Division A (Phase 1),2. Division A (Phase 1),,,,accepted,shared Transfermarkt competition code
R3D2,tm_competition:R3D2,,R3D2,,False,True,False,2. Division A (Phase 2),2. Division A (Phase 2),,,,accepted,shared Transfermarkt competition code
R3P2,tm_competition:R3P2,,R3P2,,False,True,False,2. Division A Playoff 2,2. Division A Playoff 2,,,,accepted,shared Transfermarkt competition code
RBDE,tm_competition:RBDE,,RBDE,,False,True,False,Relegation Betri-Deildin,Relegation Betri-Deildin,,,,accepted,shared Transfermarkt competition code
RECO,tm_competition:RECO,,RECO,,False,True,False,Recopa Sudamericana,Recopa Sudamericana,,,,accepted,shared Transfermarkt competition code
REET,tm_competition:REET,,REET,,False,True,False,Relegation Ettan,Relegation Ettan,,,,accepted,shared Transfermarkt competition code
REKR,tm_competition:REKR,,REKR,,False,True,False,Releg. 1.HNL,Releg. 1.HNL,,,,accepted,shared Transfermarkt competition code
RESE,tm_competition:RESE,,RESE,,False,True,False,Relegation Allsvenskan,Relegation Allsvenskan,,,,accepted,shared Transfermarkt competition code
RESU,tm_competition:RESU,,RESU,,False,True,False,Relegation Superettan,Relegation Superettan,,,,accepted,shared Transfermarkt competition code
RHL,tm_competition:RHL,,RHL,,False,True,False,Rheinlandliga,Rheinlandliga,,,,accepted,shared Transfermarkt competition code
RJL2,tm_competition:RJL2,,RJL2,,False,True,False,U19 M-Liga,U19 M-Liga,,,,accepted,shared Transfermarkt competition code
RKNL,tm_competition:RKNL,,RKNL,,False,True,False,Korea National League ('11-19'),Korea National League ('11-19') | Korea National League (2011-2019),,,,accepted,shared Transfermarkt competition code
RKPO,tm_competition:RKPO,,RKPO,,False,True,False,Korea Cup,Korea Cup,,,,accepted,shared Transfermarkt competition code
RL1,tm_competition:RL1,,RL1,,False,True,False,RL Nord,RL Nord | Regionalliga Nord (- 11/12),,,,accepted,shared Transfermarkt competition code
RL2,tm_competition:RL2,,RL2,,False,True,False,Regionalliga Süd,Regionalliga Süd | Regionalliga Süd (- 11/12),,,,accepted,shared Transfermarkt competition code
RL3,tm_competition:RL3,,RL3,,False,True,False,RL West,RL West | Regionalliga West (- 11/12),,,,accepted,shared Transfermarkt competition code
RLB3,tm_competition:RLB3,,RLB3,,False,True,False,Regionalliga Bayern,Regionalliga Bayern,,,,accepted,shared Transfermarkt competition code
RLGR,tm_competition:RLGR,,RLGR,,False,True,False,SL Relegation,Rel. A' Ethniki | SL Relegation,,,,accepted,shared Transfermarkt competition code
RLN,tm_competition:RLN,,RLN,,False,True,False,Regionalliga Nord (63/64 - 73/74),Regionalliga Nord (63/64 - 73/74),,,,accepted,shared Transfermarkt competition code
RLN3,tm_competition:RLN3,,RLN3,,False,True,False,Regionalliga Nord,Regionalliga Nord,,,,accepted,shared Transfermarkt competition code
RLN4,tm_competition:RLN4,,RLN4,,False,True,False,Regionalliga Northeast,Regionalliga Northeast,,,,accepted,shared Transfermarkt competition code
RLP,tm_competition:RLP,,RLP,,False,True,False,Rheinlandpokal,Rheinlandpokal,,,,accepted,shared Transfermarkt competition code
RLS,tm_competition:RLS,,RLS,,False,True,False,Regionalliga Süd (63/64 - 73/74),Regionalliga Süd (63/64 - 73/74),,,,accepted,shared Transfermarkt competition code
RLS1,tm_competition:RLS1,,RLS1,,False,True,False,Rel. LL Steiermark,Rel. LL Steiermark,,,,accepted,shared Transfermarkt competition code
RLSA,tm_competition:RLSA,,RLSA,,False,True,False,Regionalliga Salzburg Abstiegsrunde (- 2023),Regionalliga Salzburg Abstiegsrunde (- 2023),,,,accepted,shared Transfermarkt competition code
RLSW,tm_competition:RLSW,,RLSW,,False,True,False,Regionalliga Südwest,Regionalliga Südwest,,,,accepted,shared Transfermarkt competition code
RLW,tm_competition:RLW,,RLW,,False,True,False,Regionalliga West (63/64 - 73/74),Regionalliga West (63/64 - 73/74),,,,accepted,shared Transfermarkt competition code
RLW3,tm_competition:RLW3,,RLW3,,False,True,False,Regionalliga West,Regionalliga West,,,,accepted,shared Transfermarkt competition code
RN,tm_competition:RN,,RN,,False,True,False,Regionalliga Nord,Regionalliga Nord | Regionalliga Nord (94/95 - 07/08),,,,accepted,shared Transfermarkt competition code
RNAB,tm_competition:RNAB,,RNAB,,False,True,False,OL Niedersachsen Playoff,OL Niedersachsen Playoff,,,,accepted,shared Transfermarkt competition code
RNB,tm_competition:RNB,,RNB,,False,True,False,Regionalliga Berlin (63/64 - 73/74),Regionalliga Berlin (63/64 - 73/74),,,,accepted,shared Transfermarkt competition code
RNME,tm_competition:RNME,,RNME,,False,True,False,RL Nord Playoffs,RL Nord Playoffs,,,,accepted,shared Transfermarkt competition code
RNO,tm_competition:RNO,,RNO,,False,True,False,RL Nord/Ost,RL Nord/Ost | Regionalliga Nord/Ost (94/95 - 99/00),,,,accepted,shared Transfermarkt competition code
RNRL,tm_competition:RNRL,,RNRL,,False,True,False,Rel. RL Nord,Rel. RL Nord,,,,accepted,shared Transfermarkt competition code
RO1,tm_competition:RO1,RO1,RO1,,True,True,False,superliga,Divizia A | Liga 1 | SuperLiga | superliga,Romania,domestic_league,first_tier,accepted,shared Transfermarkt competition code
RO19,tm_competition:RO19,,RO19,,False,True,False,L. Elitelor U19,L. Elitelor U19 | Liga de Tineret Finals,,,,accepted,shared Transfermarkt competition code
RO1C,tm_competition:RO1C,,RO1C,,False,True,False,SuperLiga - Championship group,Championship gr. | SuperLiga - Championship group,,,,accepted,shared Transfermarkt competition code
RO1R,tm_competition:RO1R,,RO1R,,False,True,False,SuperLiga - Relegation group,SuperLiga - Relegation group,,,,accepted,shared Transfermarkt competition code
RO2,tm_competition:RO2,,RO2,,False,True,False,Liga 2,Liga 2,,,,accepted,shared Transfermarkt competition code
RO2B,tm_competition:RO2B,,RO2B,,False,True,False,Liga II - Seria II,Liga II - Seria II,,,,accepted,shared Transfermarkt competition code
RO3F,tm_competition:RO3F,,RO3F,,False,True,False,Liga 3 Play-Off,Liga 3 Play-Off,,,,accepted,shared Transfermarkt competition code
ROCJ,tm_competition:ROCJ,,ROCJ,,False,True,False,Cupa Ro. U19,Cupa Ro. U19,,,,accepted,shared Transfermarkt competition code
ROCL,tm_competition:ROCL,,ROCL,,False,True,False,Cupa Ligii,Cupa Ligii,,,,accepted,shared Transfermarkt competition code
ROMP,tm_competition:ROMP,,ROMP,,False,True,False,Romanian Cup,Romanian Cup,,,,accepted,shared Transfermarkt competition code
ROMS,tm_competition:ROMS,,ROMS,,False,True,False,Romanian Supercup,Romanian Supercup,,,,accepted,shared Transfermarkt competition code
ROPC,tm_competition:ROPC,,ROPC,,False,True,False,Playoff Conference League,Playoff Conference League,,,,accepted,shared Transfermarkt competition code
RORE,tm_competition:RORE,,RORE,,False,True,False,L1/L2 Play-off,L1/L2 Play-off,,,,accepted,shared Transfermarkt competition code
RPLO,tm_competition:RPLO,,RPLO,,False,True,False,PFL Ost,PFL Ost | Russian PFL Ost (-2019),,,,accepted,shared Transfermarkt competition code
RPLS,tm_competition:RPLS,,RPLS,,False,True,False,PFL South,2 League Group 1 | FNL-2 Group 1 | PFL Group 1 | PFL South | Russian FNL-2 Group 1 | Russian PFL Group 1 | Russian PFL South | Second League Group 1,,,,accepted,shared Transfermarkt competition code
RPLU,tm_competition:RPLU,,RPLU,,False,True,False,PFL Group 4,2 League Group 4 | FNL-2 Gruppe 4 | PFL Group 4 | PFL Ural-Povolzj | Russian FNL-2 Gruppe 4 | Russian PFL Ural-Povolzje | Second League Group 4,,,,accepted,shared Transfermarkt competition code
RPLW,tm_competition:RPLW,,RPLW,,False,True,False,2 League Group 2,2 League Group 2 | 2. Division B Group 2 (-2023) | FNL-2 Group 2 | PFL Group 2 | PFL West | Russian FNL-2 Group 2 | Russian PFL West,,,,accepted,shared Transfermarkt competition code
RPLZ,tm_competition:RPLZ,,RPLZ,,False,True,False,PFL Central,2 League Group 3 | FNL-2 Group 3 | PFL Central | PFL Group 3 | Russian FNL-2 Group 3 | Russian PFL Central | Russian PFL Group 3 | Second League Group 3,,,,accepted,shared Transfermarkt competition code
RRLB,tm_competition:RRLB,,RRLB,,False,True,False,Relegation RL Bayern,Relegation RL Bayern,,,,accepted,shared Transfermarkt competition code
RRLO,tm_competition:RRLO,,RRLO,,False,True,False,Relegation RL Ost (- 2022),Relegation RL Ost (- 2022),,,,accepted,shared Transfermarkt competition code
RRLS,tm_competition:RRLS,,RRLS,,False,True,False,Aufstiegsrunde zur Regionalliga Südwest,Aufstiegsrunde zur Regionalliga Südwest,,,,accepted,shared Transfermarkt competition code
RRLT,tm_competition:RRLT,,RRLT,,False,True,False,Relegation RL Tirol,Relegation RL Tirol,,,,accepted,shared Transfermarkt competition code
RS,tm_competition:RS,,RS,,False,True,False,Regionalliga Süd,Regionalliga Süd | Regionalliga Süd (94/95 - 07/08),,,,accepted,shared Transfermarkt competition code
RS2f,tm_competition:RS2f,,RS2f,,False,True,False,Gauchão - Fase Final,Gauchão - Fase Final,,,,accepted,shared Transfermarkt competition code
RSER,tm_competition:RSER,,RSER,,False,True,False,Relegation SuperLiga,Relegation SuperLiga,,,,accepted,shared Transfermarkt competition code
RSFF,tm_competition:RSFF,,RSFF,,False,True,False,Campeonato Gaúcho - Final,Campeonato Gaúcho - Final,,,,accepted,shared Transfermarkt competition code
RSK1,tm_competition:RSK1,RSK1,RSK1,,True,True,False,k-league-1,K League 1 | K League Classic | k-league-1,"Korea, South",domestic_league,first_tier,accepted,shared Transfermarkt competition code
RSK2,tm_competition:RSK2,,RSK2,,False,True,False,K League 2,K League 2,,,,accepted,shared Transfermarkt competition code
RSKA,tm_competition:RSKA,,RSKA,,False,True,False,K League 1 Final B,K League 1 Final B,,,,accepted,shared Transfermarkt competition code
RSKM,tm_competition:RSKM,,RSKM,,False,True,False,K League 1 Final A,K League 1 Final A,,,,accepted,shared Transfermarkt competition code
RTIP,tm_competition:RTIP,,RTIP,,False,True,False,Relegation Eliteserien,Relegation Eliteserien,,,,accepted,shared Transfermarkt competition code
RU1,tm_competition:RU1,RU1,RU1,,True,True,False,premier-liga,Premier Liga | premier-liga,Russia,domestic_league,first_tier,accepted,shared Transfermarkt competition code
RU16,tm_competition:RU16,,RU16,,False,True,False,U16 Youth Football League,U16 Youth Football League,,,,accepted,shared Transfermarkt competition code
RU17,tm_competition:RU17,,RU17,,False,True,False,U17 Youth League,U17 Youth League,,,,accepted,shared Transfermarkt competition code
RU2,tm_competition:RU2,,RU2,,False,True,False,1.Division,1.Division | 1.League | FNL | National Football League,,,,accepted,shared Transfermarkt competition code
RUJL,tm_competition:RUJL,,RUJL,,False,True,False,U19 M-Liga,MFL | ToDS | U19 M-Liga | U19 M-Liga (- 2023),,,,accepted,shared Transfermarkt competition code
RULP,tm_competition:RULP,,RULP,,False,True,False,Premier Liga Cup,Premier Liga Cup,,,,accepted,shared Transfermarkt competition code
RUP,tm_competition:RUP,RUP,RUP,,True,True,False,russian-cup,Russian Cup | russian-cup,Russia,domestic_cup,domestic_cup,accepted,shared Transfermarkt competition code
RUPD,tm_competition:RUPD,,RUPD,,False,True,False,Abst.-Playoff,Abst.-Playoff,,,,accepted,shared Transfermarkt competition code
RUPM,tm_competition:RUPM,,RUPM,,False,True,False,Meistersch.-Playoff,Meistersch.-Playoff,,,,accepted,shared Transfermarkt competition code
RUSR,tm_competition:RUSR,,RUSR,,False,True,False,Relegation Premier Liga,Relegation Premier Liga,,,,accepted,shared Transfermarkt competition code
RUSS,tm_competition:RUSS,RUSS,RUSS,,True,True,False,russian-super-cup,Russian Super Cup | russian-super-cup,Russia,other,domestic_super_cup,accepted,shared Transfermarkt competition code
RVH1,tm_competition:RVH1,,RVH1,,False,True,False,Rel. VL Hessen,Rel. VL Hessen,,,,accepted,shared Transfermarkt competition code
RVLB,tm_competition:RVLB,,RVLB,,False,True,False,Rel. zur VL Baden,Rel. zur VL Baden,,,,accepted,shared Transfermarkt competition code
RVLS,tm_competition:RVLS,,RVLS,,False,True,False,Rel. zur VL Südwest,Rel. zur VL Südwest,,,,accepted,shared Transfermarkt competition code
RWS,tm_competition:RWS,,RWS,,False,True,False,RL West-Südwest,RL West-Südwest | Regionalliga West-Südwest (94/95 - 99/00),,,,accepted,shared Transfermarkt competition code
S1PO,tm_competition:S1PO,,S1PO,,False,True,False,SL1 Play-out,SL1 Play-out,,,,accepted,shared Transfermarkt competition code
S21M,tm_competition:S21M,,S21M,,False,True,False,U21 Allsvenskan Mellersta,U21 Allsvenskan Mellersta,,,,accepted,shared Transfermarkt competition code
S21N,tm_competition:S21N,,S21N,,False,True,False,U21 Allsvenskan Norra,U21 Allsvenskan Norra,,,,accepted,shared Transfermarkt competition code
S21P,tm_competition:S21P,,S21P,,False,True,False,U21 Allsvenskan Slutspelet,U21 Allsvenskan Slutspelet,,,,accepted,shared Transfermarkt competition code
S21S,tm_competition:S21S,,S21S,,False,True,False,U21 Allsvenskan Södra,U21 Allsvenskan Södra,,,,accepted,shared Transfermarkt competition code
S2PA,tm_competition:S2PA,,S2PA,,False,True,False,Super League 2 Play-off,SL2 Play-off | Super League 2 Play-off,,,,accepted,shared Transfermarkt competition code
S2PO,tm_competition:S2PO,,S2PO,,False,True,False,Super League 2 Play-out,Super League 2 Play-out,,,,accepted,shared Transfermarkt competition code
SA1,tm_competition:SA1,SA1,SA1,,True,True,False,saudi-pro-league,Saudi Pro League | saudi-pro-league,Saudi Arabia,domestic_league,first_tier,accepted,shared Transfermarkt competition code
SA2L,tm_competition:SA2L,,SA2L,,False,True,False,Saudi First Division League,Saudi First Division League,,,,accepted,shared Transfermarkt competition code
SA2P,tm_competition:SA2P,,SA2P,,False,True,False,First Div. Play-off,First Div. Play-off,,,,accepted,shared Transfermarkt competition code
SAKC,tm_competition:SAKC,,SAKC,,False,True,False,King's Cup,King's Cup,,,,accepted,shared Transfermarkt competition code
SANP,tm_competition:SANP,,SANP,,False,True,False,Sachsen-Anhalt-Pokal,Sachsen-Anhalt-Pokal,,,,accepted,shared Transfermarkt competition code
SAPO,tm_competition:SAPO,,SAPO,,False,True,False,Sachsenpokal,Sachsenpokal,,,,accepted,shared Transfermarkt competition code
SASS,tm_competition:SASS,,SASS,,False,True,False,Saudi Super Cup,Saudi Super Cup,,,,accepted,shared Transfermarkt competition code
SAUP,tm_competition:SAUP,,SAUP,,False,True,False,Saudi Crown Prince's Cup,Saudi Crown Prince's Cup,,,,accepted,shared Transfermarkt competition code
SAUR,tm_competition:SAUR,,SAUR,,False,True,False,SPL Relegation (- 2019),SPL Relegation (- 2019),,,,accepted,shared Transfermarkt competition code
SB17,tm_competition:SB17,,SB17,,False,True,False,Kadetska liga,Kadetska liga,,,,accepted,shared Transfermarkt competition code
SB19,tm_competition:SB19,,SB19,,False,True,False,Omladinska liga,Omladinska liga,,,,accepted,shared Transfermarkt competition code
SBP,tm_competition:SBP,,SBP,,False,True,False,SBFV-Rothaus-Pokal,SBFV-Rothaus-Pokal,,,,accepted,shared Transfermarkt competition code
SC1,tm_competition:SC1,SC1,SC1,,True,True,False,scottish-premiership,Premiership | Scottish Premiership | scottish-premiership,Scotland,domestic_league,first_tier,accepted,shared Transfermarkt competition code
SC14,tm_competition:SC14,,SC14,,False,True,False,Supercopa MX,Supercopa MX,,,,accepted,shared Transfermarkt competition code
SC1P,tm_competition:SC1P,,SC1P,,False,True,False,Premiership Play-offs,Premiership Play-offs,,,,accepted,shared Transfermarkt competition code
SC2,tm_competition:SC2,,SC2,,False,True,False,Championship,Championship | Scottish Championship,,,,accepted,shared Transfermarkt competition code
SC3,tm_competition:SC3,,SC3,,False,True,False,League One,League One | Scottish League One,,,,accepted,shared Transfermarkt competition code
SC3A,tm_competition:SC3A,,SC3A,,False,True,False,League One Meisterr.,League One Meisterr.,,,,accepted,shared Transfermarkt competition code
SC3M,tm_competition:SC3M,,SC3M,,False,True,False,League One Meisterr.,League One Meisterr.,,,,accepted,shared Transfermarkt competition code
SC4,tm_competition:SC4,,SC4,,False,True,False,League Two,League Two | Scottish League Two,,,,accepted,shared Transfermarkt competition code
SC4A,tm_competition:SC4A,,SC4A,,False,True,False,League Two Abstiegsr.,League Two Abstiegsr.,,,,accepted,shared Transfermarkt competition code
SC4M,tm_competition:SC4M,,SC4M,,False,True,False,League Two Meisterr.,League Two Meisterr.,,,,accepted,shared Transfermarkt competition code
SC5H,tm_competition:SC5H,,SC5H,,False,True,False,Highland League,Highland League,,,,accepted,shared Transfermarkt competition code
SC5L,tm_competition:SC5L,,SC5L,,False,True,False,Lowland League,Lowland League,,,,accepted,shared Transfermarkt competition code
SCAG,tm_competition:SCAG,,SCAG,,False,True,False,Supercopa Argentina,Supercopa Argentina,,,,accepted,shared Transfermarkt competition code
SCBR,tm_competition:SCBR,,SCBR,,False,True,False,Supercopa Rei,Supercopa Rei,,,,accepted,shared Transfermarkt competition code
SCC,tm_competition:SCC,,SCC,,False,True,False,Schweizer Cup,Schweizer Cup | Swiss Cup | Swisscom Cup,,,,accepted,shared Transfermarkt competition code
SCC2,tm_competition:SCC2,,SCC2,,False,True,False,Supercoppa C2,Supercoppa C2,,,,accepted,shared Transfermarkt competition code
SCCR,tm_competition:SCCR,,SCCR,,False,True,False,Supercopa de Costa Rica,Supercopa de Costa Rica,,,,accepted,shared Transfermarkt competition code
SCI,tm_competition:SCI,SCI,SCI,,True,True,False,supercoppa-italiana,Supercoppa Italiana | supercoppa-italiana,Italy,other,domestic_super_cup,accepted,shared Transfermarkt competition code
SCIC,tm_competition:SCIC,,SCIC,,False,True,False,Supercoppa Lega,Superc. Serie C | Superc. Serie C1 | Supercoppa 1a D. | Supercoppa Lega,,,,accepted,shared Transfermarkt competition code
SCIJ,tm_competition:SCIJ,,SCIJ,,False,True,False,Supercoppa Primavera,Supercoppa Primavera,,,,accepted,shared Transfermarkt competition code
SCIN,tm_competition:SCIN,,SCIN,,False,True,False,Supercopa Internacional,Supercopa Internacional,,,,accepted,shared Transfermarkt competition code
SCJ2,tm_competition:SCJ2,,SCJ2,,False,True,False,Supercoppa Primavera 2,Supercoppa Primavera 2,,,,accepted,shared Transfermarkt competition code
SCP,tm_competition:SCP,,SCP,,False,True,False,League Cup,Bells League Cup | Betfred Cup | CIS Insur. Cup | Co-op. Ins. Cup | Coca-Cola Cup | League | League Cup | Prem. Sports Cup | SCL by Utilita | Scot. League Cup | Skol Cup | Viaplay Cup,,,,accepted,shared Transfermarkt competition code
SCPA,tm_competition:SCPA,,SCPA,,False,True,False,Premiership Relegation,Premiership Relegation,,,,accepted,shared Transfermarkt competition code
SCPM,tm_competition:SCPM,,SCPM,,False,True,False,Scottish Premiership Top Six Split,Scottish Premiership Top Six Split,,,,accepted,shared Transfermarkt competition code
SE1,tm_competition:SE1,SE1,SE1,,True,True,False,allsvenskan,Allsvenskan | allsvenskan,Sweden,domestic_league,first_tier,accepted,shared Transfermarkt competition code
SE2,tm_competition:SE2,,SE2,,False,True,False,Superettan,Superettan,,,,accepted,shared Transfermarkt competition code
SE3N,tm_competition:SE3N,,SE3N,,False,True,False,Ettan Norra,Ettan Norra,,,,accepted,shared Transfermarkt competition code
SE3S,tm_competition:SE3S,,SE3S,,False,True,False,Ettan Södra,Ettan Södra,,,,accepted,shared Transfermarkt competition code
SEC,tm_competition:SEC,,SEC,,False,True,False,Svenska Cupen,Svenska Cupen,,,,accepted,shared Transfermarkt competition code
SER1,tm_competition:SER1,SER1,SER1,,True,True,False,super-liga-srbije,Jelen SuperLiga | Meridian Prva | Meridian Super | Prva liga | Super liga | Super liga Srbije | super-liga-srbije,Serbia,domestic_league,first_tier,accepted,shared Transfermarkt competition code
SER2,tm_competition:SER2,,SER2,,False,True,False,Prva liga Srbije,Prva liga Srbije,,,,accepted,shared Transfermarkt competition code
SERP,tm_competition:SERP,,SERP,,False,True,False,Kup Srbije,Kup Srbije,,,,accepted,shared Transfermarkt competition code
SES,tm_competition:SES,,SES,,False,True,False,Supercupen,Supercupen,,,,accepted,shared Transfermarkt competition code
SFA,tm_competition:SFA,SFA,SFA,,True,True,False,scottish-fa-cup,SFA Cup | scottish-fa-cup,Scotland,domestic_cup,domestic_cup,accepted,shared Transfermarkt competition code
SFA1,tm_competition:SFA1,,SFA1,,False,True,False,ABSA Premiership,ABSA Premiership | Betway Premiership | Castle PSL | DStv Premiership,,,,accepted,shared Transfermarkt competition code
SFAL,tm_competition:SFAL,,SFAL,,False,True,False,MTN8,MTN8,,,,accepted,shared Transfermarkt competition code
SFAR,tm_competition:SFAR,,SFAR,,False,True,False,PSL Prom.-Relega,PSL Prom.-Relega | PSL Prom.-Relegation Playoff,,,,accepted,shared Transfermarkt competition code
SHMR,tm_competition:SHMR,,SHMR,,False,True,False,OL Schleswig-Holstein Playoffs,OL Schleswig-Holstein Playoffs,,,,accepted,shared Transfermarkt competition code
SHPO,tm_competition:SHPO,,SHPO,,False,True,False,Schleswig-Holstein-Pokal,Schleswig-Holstein-Pokal,,,,accepted,shared Transfermarkt competition code
SHSL,tm_competition:SHSL,,SHSL,,False,True,False,Shikoku Soccer League,Shikoku Soccer League,,,,accepted,shared Transfermarkt competition code
SIAR,tm_competition:SIAR,,SIAR,,False,True,False,S.League Final 2,S.League Final 2,,,,accepted,shared Transfermarkt competition code
SIMR,tm_competition:SIMR,,SIMR,,False,True,False,S.League Final 1,S.League Final 1,,,,accepted,shared Transfermarkt competition code
SIN1,tm_competition:SIN1,,SIN1,,False,True,False,S.League,Premier League | S.League,,,,accepted,shared Transfermarkt competition code
SINC,tm_competition:SINC,,SINC,,False,True,False,Singapore League Cup,Singapore League Cup,,,,accepted,shared Transfermarkt competition code
SINP,tm_competition:SINP,,SINP,,False,True,False,Singapore Cup,Singapore Cup,,,,accepted,shared Transfermarkt competition code
SINR,tm_competition:SINR,,SINR,,False,True,False,Prime League,Prime League,,,,accepted,shared Transfermarkt competition code
SK19,tm_competition:SK19,,SK19,,False,True,False,I. Liga SD,I. Liga SD,,,,accepted,shared Transfermarkt competition code
SK2,tm_competition:SK2,,SK2,,False,True,False,MONACObet liga,DOXXbet Liga | II. Liga | MONACObet liga,,,,accepted,shared Transfermarkt competition code
SK2P,tm_competition:SK2P,,SK2P,,False,True,False,II. Liga Promotion,II. Liga Promotion,,,,accepted,shared Transfermarkt competition code
SKC,tm_competition:SKC,,SKC,,False,True,False,Slovnaft Cup,Slovenský pohár | Slovnaft Cup,,,,accepted,shared Transfermarkt competition code
SKJN,tm_competition:SKJN,,SKJN,,False,True,False,Shakaijin Cup,Shakaijin Cup,,,,accepted,shared Transfermarkt competition code
SKKO,tm_competition:SKKO,,SKKO,,False,True,False,Superkupa e Kosovës,Superkupa e Kosovës,,,,accepted,shared Transfermarkt competition code
SKR2,tm_competition:SKR2,,SKR2,,False,True,False,II. Liga Relegation,II. Liga Relegation,,,,accepted,shared Transfermarkt competition code
SKRP,tm_competition:SKRP,,SKRP,,False,True,False,II. Liga Relegation Playoff,II. Liga Relegation Playoff,,,,accepted,shared Transfermarkt competition code
SKSC,tm_competition:SKSC,,SKSC,,False,True,False,Slovak Super Cup,Slovak Super Cup,,,,accepted,shared Transfermarkt competition code
SL,tm_competition:SL,,SL,,False,True,False,North American SuperLiga,North American SuperLiga,,,,accepted,shared Transfermarkt competition code
SL1,tm_competition:SL1,,SL1,,False,True,False,Prva Liga,Prva Liga,,,,accepted,shared Transfermarkt competition code
SL19,tm_competition:SL19,,SL19,,False,True,False,NextGen Liga,NextGen Liga,,,,accepted,shared Transfermarkt competition code
SL1A,tm_competition:SL1A,,SL1A,,False,True,False,Primera División Apertura,Primera División Apertura,,,,accepted,shared Transfermarkt competition code
SL1C,tm_competition:SL1C,,SL1C,,False,True,False,Primera División Clausura,Primera División Clausura,,,,accepted,shared Transfermarkt competition code
SL2,tm_competition:SL2,,SL2,,False,True,False,Druga Liga,Druga Liga,,,,accepted,shared Transfermarkt competition code
SL2P,tm_competition:SL2P,,SL2P,,False,True,False,Scottish League Two Play Offs,Scottish League Two Play Offs,,,,accepted,shared Transfermarkt competition code
SLAR,tm_competition:SLAR,,SLAR,,False,True,False,Nike Liga - Champ. G.,Nike Liga - Champ. G.,,,,accepted,shared Transfermarkt competition code
SLI,tm_competition:SLI,,SLI,,False,True,False,Sachsenliga,Sachsenliga,,,,accepted,shared Transfermarkt competition code
SLMR,tm_competition:SLMR,,SLMR,,False,True,False,Nike Liga - Releg. G.,Nike Liga - Releg. G.,,,,accepted,shared Transfermarkt competition code
SLO1,tm_competition:SLO1,,SLO1,,False,True,False,Niké Liga,Corgon Liga | Fortuna Liga | Niké Liga,,,,accepted,shared Transfermarkt competition code
SLP,tm_competition:SLP,,SLP,,False,True,False,Pokal Slovenije,Pokal Slovenije,,,,accepted,shared Transfermarkt competition code
SLP1,tm_competition:SLP1,,SLP1,,False,True,False,Apertura Final stages,Apertura 2nd Ph. | Apertura Final stages | Apertura Finals,,,,accepted,shared Transfermarkt competition code
SLP2,tm_competition:SLP2,,SLP2,,False,True,False,Clausura Final stages,Clausura 2nd Ph. | Clausura Final stages | Clausura Finals,,,,accepted,shared Transfermarkt competition code
SMP1,tm_competition:SMP1,,SMP1,,False,True,False,Coppa Titano,Coppa Titano,,,,accepted,shared Transfermarkt competition code
SMR1,tm_competition:SMR1,,SMR1,,False,True,False,Camp. Sammarinese,Camp. Sammarinese,,,,accepted,shared Transfermarkt competition code
SMRP,tm_competition:SMRP,,SMRP,,False,True,False,Camp. Sammarinese Playoff,Camp. Sammarinese Playoff,,,,accepted,shared Transfermarkt competition code
SMRS,tm_competition:SMRS,,SMRS,,False,True,False,Supercoppa San Marino,Supercoppa San Marino,,,,accepted,shared Transfermarkt competition code
SPCS,tm_competition:SPCS,,SPCS,,False,True,False,Singapore Community Shield,Singapore Community Shield,,,,accepted,shared Transfermarkt competition code
SPLP,tm_competition:SPLP,,SPLP,,False,True,False,Pro League Champ. Play-off,Pro League Champ. Play-off,,,,accepted,shared Transfermarkt competition code
SPjr,tm_competition:SPjr,,SPjr,,False,True,False,Copinha,Copinha,,,,accepted,shared Transfermarkt competition code
SR1C,tm_competition:SR1C,,SR1C,,False,True,False,Super liga Championship round,Super liga Championship round,,,,accepted,shared Transfermarkt competition code
SR1R,tm_competition:SR1R,,SR1R,,False,True,False,Super liga Relegation round,Super liga Relegation round,,,,accepted,shared Transfermarkt competition code
SRPO,tm_competition:SRPO,,SRPO,,False,True,False,Saarlandpokal,Saarlandpokal,,,,accepted,shared Transfermarkt competition code
SSC,tm_competition:SSC,,SSC,,False,True,False,Challenge Cup,ALBA Chal. Cup | B&Q Centenary Cu | B&Q Cup | Bell's Chal. Cup | Bell's Cup | Challenge Cup | Irn-Bru Cup | Petrofac Tr. Cup | Ramsdens Cup | Trust Trophy | Tunnock Ch. Cup,,,,accepted,shared Transfermarkt competition code
SU1A,tm_competition:SU1A,,SU1A,,False,True,False,VLA (- 1991),VLA (- 1991),,,,accepted,shared Transfermarkt competition code
SU1L,tm_competition:SU1L,,SU1L,,False,True,False,Vyschaya Liga (- 1991),Vyschaya Liga (- 1991),,,,accepted,shared Transfermarkt competition code
SU2L,tm_competition:SU2L,,SU2L,,False,True,False,Pervaya Liga,Pervaya Liga | Pervaya Liga (-1991),,,,accepted,shared Transfermarkt competition code
SUC,tm_competition:SUC,SUC,SUC,,True,True,False,supercopa,Supercopa | supercopa,Spain,other,domestic_super_cup,accepted,shared Transfermarkt competition code
SUIC,tm_competition:SUIC,,SUIC,,False,True,False,Swiss Cup qualifiers,Swiss Cup qualifiers,,,,accepted,shared Transfermarkt competition code
SUIP,tm_competition:SUIP,,SUIP,,False,True,False,1. Liga Playoff,1. Liga Playoff,,,,accepted,shared Transfermarkt competition code
SUNC,tm_competition:SUNC,,SUNC,,False,True,False,Suntory Cup,J. League Championship | Suntory Cup | Suntory Cup '96,,,,accepted,shared Transfermarkt competition code
SURU,tm_competition:SURU,,SURU,,False,True,False,Suruga Bank Cup,Suruga Bank Cup | YBC / Copa Sudamericana Supercup,,,,accepted,shared Transfermarkt competition code
SVP1,tm_competition:SVP1,,SVP1,,False,True,False,Soviet Cup (- 1992),Soviet Cup (- 1992),,,,accepted,shared Transfermarkt competition code
SW63,tm_competition:SW63,,SW63,,False,True,False,Regionalliga Südwest (63/64 - 73/74),Regionalliga Südwest (63/64 - 73/74),,,,accepted,shared Transfermarkt competition code
SW93,tm_competition:SW93,,SW93,,False,True,False,Oberliga Südwest (- 93/94),Oberliga Südwest (- 93/94),,,,accepted,shared Transfermarkt competition code
SWEP,tm_competition:SWEP,,SWEP,,False,True,False,Nike L. - Conf. L. Playoff,Nike L. - Conf. L. Playoff,,,,accepted,shared Transfermarkt competition code
SWP,tm_competition:SWP,,SWP,,False,True,False,Südwestpokal,Südwestpokal,,,,accepted,shared Transfermarkt competition code
SWRP,tm_competition:SWRP,,SWRP,,False,True,False,Nike L. - Rel. Playoff,Nike L. - Rel. Playoff,,,,accepted,shared Transfermarkt competition code
T191,tm_competition:T191,,T191,,False,True,False,U19 Süper Lig,U19 Süper Lig,,,,accepted,shared Transfermarkt competition code
T192,tm_competition:T192,,T192,,False,True,False,U19 Süper Lig Playout,U19 Süper Lig Playout,,,,accepted,shared Transfermarkt competition code
T19P,tm_competition:T19P,,T19P,,False,True,False,Süper Lig U19 Playoff,Süper Lig U19 Playoff,,,,accepted,shared Transfermarkt competition code
T1AR,tm_competition:T1AR,,T1AR,,False,True,False,F:L Relegation G,Chance Liga Relegation Gr. | F:L Relegation G,,,,accepted,shared Transfermarkt competition code
T1EL,tm_competition:T1EL,,T1EL,,False,True,False,F:L EL Playoff,Chance Liga Placement PO | F:L ECL Playoff | F:L EL Playoff | F:L Placement Gr,,,,accepted,shared Transfermarkt competition code
T1MR,tm_competition:T1MR,,T1MR,,False,True,False,Chance Liga Champion Gr.,Chance Liga Champion Gr. | F:L Champion Grp,,,,accepted,shared Transfermarkt competition code
T211,tm_competition:T211,,T211,,False,True,False,U21 Süper Lig,U21 Süper Lig,,,,accepted,shared Transfermarkt competition code
T3LC,tm_competition:T3LC,,T3LC,,False,True,False,T3 Champions League,T3 Champions League,,,,accepted,shared Transfermarkt competition code
T4PL,tm_competition:T4PL,,T4PL,,False,True,False,BAL Playoff,BAL Playoff,,,,accepted,shared Transfermarkt competition code
TAD1,tm_competition:TAD1,,TAD1,,False,True,False,Vysshaya Liga,Vysshaya Liga,,,,accepted,shared Transfermarkt competition code
TADS,tm_competition:TADS,,TADS,,False,True,False,Tajik Supercup,Tajik Supercup,,,,accepted,shared Transfermarkt competition code
TDCS,tm_competition:TDCS,,TDCS,,False,True,False,Trofeo de Campeones Superliga,Trofeo de Campeones Superliga,,,,accepted,shared Transfermarkt competition code
TDV,tm_competition:TDV,,TDV,,False,True,False,Viareggio Cup,Viareggio Cup,,,,accepted,shared Transfermarkt competition code
TDeA,tm_competition:TDeA,,TDeA,,False,True,False,Liga 1 Apertura,Descentral. Ap. | Liga 1 Apertura,,,,accepted,shared Transfermarkt competition code
TDeC,tm_competition:TDeC,,TDeC,,False,True,False,Liga 1 Clausura,Descentral. Cl. | Liga 1 Clausura,,,,accepted,shared Transfermarkt competition code
TELK,tm_competition:TELK,,TELK,,False,True,False,Carling Knockout,Carling Knockout,,,,accepted,shared Transfermarkt competition code
TFPL,tm_competition:TFPL,,TFPL,,False,True,False,Football Premier League,Football Premier League,,,,accepted,shared Transfermarkt competition code
TFVP,tm_competition:TFVP,,TFVP,,False,True,False,Thüringenpokal,Thüringenpokal,,,,accepted,shared Transfermarkt competition code
TH2P,tm_competition:TH2P,,TH2P,,False,True,False,Thai League 2 Playoff,Thai League 2 Playoff,,,,accepted,shared Transfermarkt competition code
THA1,tm_competition:THA1,,THA1,,False,True,False,Thai League,TPL | Thai League,,,,accepted,shared Transfermarkt competition code
THA2,tm_competition:THA2,,THA2,,False,True,False,Thai League 2,Thai League 2,,,,accepted,shared Transfermarkt competition code
THCC,tm_competition:THCC,,THCC,,False,True,False,Thailand Champions Cup,Kor Royal Cup | Thailand Champions Cup,,,,accepted,shared Transfermarkt competition code
THFA,tm_competition:THFA,,THFA,,False,True,False,Thai FA Cup,Thai FA Cup,,,,accepted,shared Transfermarkt competition code
THLC,tm_competition:THLC,,THLC,,False,True,False,Thai League Cup,Thai League Cup,,,,accepted,shared Transfermarkt competition code
THLI,tm_competition:THLI,,THLI,,False,True,False,Thüringenliga,Thüringenliga,,,,accepted,shared Transfermarkt competition code
TOHL,tm_competition:TOHL,,TOHL,,False,True,False,Tohoku Soccer League (Div.1),Tohoku Soccer League (Div.1),,,,accepted,shared Transfermarkt competition code
TOSL,tm_competition:TOSL,,TOSL,,False,True,False,Tokai Soccer League (Div.1),Tokai Soccer League (Div.1),,,,accepted,shared Transfermarkt competition code
TPL2,tm_competition:TPL2,,TPL2,,False,True,False,Ligue I Pro Playoff II,Ligue I Pro Playoff II,,,,accepted,shared Transfermarkt competition code
TR1,tm_competition:TR1,TR1,TR1,,True,True,False,super-lig,Süper Lig | super-lig,Türkiye,domestic_league,first_tier,accepted,shared Transfermarkt competition code
TR2,tm_competition:TR2,,TR2,,False,True,False,1.Lig,1.Lig,,,,accepted,shared Transfermarkt competition code
TR3A,tm_competition:TR3A,,TR3A,,False,True,False,2.Lig Beyaz,2.Lig Beyaz,,,,accepted,shared Transfermarkt competition code
TR3B,tm_competition:TR3B,,TR3B,,False,True,False,2.Lig Kirmizi,2.Lig Kirmizi,,,,accepted,shared Transfermarkt competition code
TR3P,tm_competition:TR3P,,TR3P,,False,True,False,2.Lig Playoff,2.Lig Playoff,,,,accepted,shared Transfermarkt competition code
TR4A,tm_competition:TR4A,,TR4A,,False,True,False,3.Lig Grup 1,3.Lig Grup 1,,,,accepted,shared Transfermarkt competition code
TR4B,tm_competition:TR4B,,TR4B,,False,True,False,3.Lig Grup 2,3.Lig Grup 2,,,,accepted,shared Transfermarkt competition code
TR4C,tm_competition:TR4C,,TR4C,,False,True,False,3.Lig Grup 3,3.Lig Grup 3,,,,accepted,shared Transfermarkt competition code
TR4D,tm_competition:TR4D,,TR4D,,False,True,False,3.Lig Grup 4,3.Lig Grup 4,,,,accepted,shared Transfermarkt competition code
TR4P,tm_competition:TR4P,,TR4P,,False,True,False,3.Lig Playoff,3.Lig Playoff,,,,accepted,shared Transfermarkt competition code
TRP,tm_competition:TRP,,TRP,,False,True,False,Türkiye Kupasi,Türkiye Kupasi,,,,accepted,shared Transfermarkt competition code
TRP2,tm_competition:TRP2,,TRP2,,False,True,False,Süper Lig Reserves League,Süper Lig Reserves League,,,,accepted,shared Transfermarkt competition code
TRS,tm_competition:TRS,,TRS,,False,True,False,TFF Süper Kupa,Cumhurbaskanligi | TFF Süper Kupa,,,,accepted,shared Transfermarkt competition code
TS1,tm_competition:TS1,TS1,TS1,,True,True,False,chance-liga,1. CFL | 1. CSFL | 1. ceska fotbalova liga | 1. ceskoslovenska fotbalova liga | Chance Liga | Fortuna Liga | Gambrinus Liga | HET Liga | Synot Liga | chance-liga | ePojisteni.cz Li | ePojisteni.cz Liga,Czech Republic,domestic_league,first_tier,accepted,shared Transfermarkt competition code
TS2,tm_competition:TS2,,TS2,,False,True,False,FNL,2. CFL | 2. ceska fotbalova liga | ChNL | Chance Narodni Liga | FNL | Fortuna Narodni liga | Fotbalova narodni liga,,,,accepted,shared Transfermarkt competition code
TSP,tm_competition:TSP,,TSP,,False,True,False,Pohar FACR,MOL Cup | Ondrasovka Cup | Pohar C. posty | Pohar CMFS | Pohar FACR,,,,accepted,shared Transfermarkt competition code
TUN1,tm_competition:TUN1,,TUN1,,False,True,False,Ligue I Pro,Ligue I Pro,,,,accepted,shared Transfermarkt competition code
TUNM,tm_competition:TUNM,,TUNM,,False,True,False,Ligue I Pro Playoff,Ligue I Pro Playoff,,,,accepted,shared Transfermarkt competition code
TUNP,tm_competition:TUNP,,TUNP,,False,True,False,Tunisian Cup,Tunisian Cup,,,,accepted,shared Transfermarkt competition code
TUNR,tm_competition:TUNR,,TUNR,,False,True,False,Ligue Professionelle 1 - Relegation,Ligue Professionelle 1 - Relegation,,,,accepted,shared Transfermarkt competition code
TUPL,tm_competition:TUPL,,TUPL,,False,True,False,Ligue I Pro Playout,Ligue I Pro Playout,,,,accepted,shared Transfermarkt competition code
TUSC,tm_competition:TUSC,,TUSC,,False,True,False,Tunesischer Supercup,Tunesischer Supercup,,,,accepted,shared Transfermarkt competition code
TWC1,tm_competition:TWC1,,TWC1,,False,True,False,Taiwan President FA Cup,Taiwan President FA Cup,,,,accepted,shared Transfermarkt competition code
UA19,tm_competition:UA19,,UA19,,False,True,False,U19 Premier Liga,U19 Premier Liga,,,,accepted,shared Transfermarkt competition code
UA3L,tm_competition:UA3L,,UA3L,,False,True,False,Druga Liga,Druga Liga,,,,accepted,shared Transfermarkt competition code
UA3P,tm_competition:UA3P,,UA3P,,False,True,False,DL Playoff,DL Playoff,,,,accepted,shared Transfermarkt competition code
UAE1,tm_competition:UAE1,,UAE1,,False,True,False,UAE Pro League,Pro-League | UAE Pro League,,,,accepted,shared Transfermarkt competition code
UAEP,tm_competition:UAEP,,UAEP,,False,True,False,UAE President's Cup,UAE President's Cup,,,,accepted,shared Transfermarkt competition code
UALC,tm_competition:UALC,,UALC,,False,True,False,UAE League Cup,UAE League Cup,,,,accepted,shared Transfermarkt competition code
UARP,tm_competition:UARP,,UARP,,False,True,False,Rel. Premier Liga,Rel. Premier Liga,,,,accepted,shared Transfermarkt competition code
UART,tm_competition:UART,,UART,,False,True,False,UPL rel. tournament,UPL rel. tournament,,,,accepted,shared Transfermarkt competition code
UASC,tm_competition:UASC,,UASC,,False,True,False,UAE Super Cup,UAE Super Cup,,,,accepted,shared Transfermarkt competition code
UCOL,tm_competition:UCOL,UCOL,UCOL,,True,True,False,uefa-conference-league,Conference L. | Conference League | uefa-conference-league,,other,uefa_conference_league,accepted,shared Transfermarkt competition code
UD2L,tm_competition:UD2L,,UD2L,,False,True,False,USSF Div. 2,USSF Div. 2,,,,accepted,shared Transfermarkt competition code
UD2P,tm_competition:UD2P,,UD2P,,False,True,False,USSF Div. 2 Playoffs,USSF Div. 2 Playoffs,,,,accepted,shared Transfermarkt competition code
UEFA,tm_competition:UEFA,,UEFA,,False,True,False,UEFA Cup,UEFA Cup,,,,accepted,shared Transfermarkt competition code
UEQ,tm_competition:UEQ,,UEQ,,False,True,False,UEFA-Cup Qualifikation,UEFA-Cup Qualifikation,,,,accepted,shared Transfermarkt competition code
UFDP,tm_competition:UFDP,,UFDP,,False,True,False,USL-1 Playoffs,USL-1 Playoffs,,,,accepted,shared Transfermarkt competition code
UG2W,tm_competition:UG2W,,UG2W,,False,True,False,NB II - West,NB II - West | Ness Hungary NB II - West,,,,accepted,shared Transfermarkt competition code
UGL1,tm_competition:UGL1,,UGL1,,False,True,False,Uganda Premier League,Uganda Premier League,,,,accepted,shared Transfermarkt competition code
UI,tm_competition:UI,,UI,,False,True,False,UI Cup,UI Cup,,,,accepted,shared Transfermarkt competition code
UKR1,tm_competition:UKR1,UKR1,UKR1,,True,True,False,premier-liga,Premier Liga | Vyshcha Liga | premier-liga,Ukraine,domestic_league,first_tier,accepted,shared Transfermarkt competition code
UKR2,tm_competition:UKR2,,UKR2,,False,True,False,Persha Liga,Persha Liga,,,,accepted,shared Transfermarkt competition code
UKRA,tm_competition:UKRA,,UKRA,,False,True,False,Premier Liga - Abstiegsrunde,Premier Liga - Abstiegsrunde,,,,accepted,shared Transfermarkt competition code
UKRE,tm_competition:UKRE,,UKRE,,False,True,False,Rel. Persha Liga,Rel. Persha Liga,,,,accepted,shared Transfermarkt competition code
UKRL,tm_competition:UKRL,,UKRL,,False,True,False,Premier Liga - Europa League Playoff,Premier Liga - Europa League Playoff,,,,accepted,shared Transfermarkt competition code
UKRM,tm_competition:UKRM,,UKRM,,False,True,False,Premier Liga - Meisterrunde,Premier Liga - Meisterrunde,,,,accepted,shared Transfermarkt competition code
UKRP,tm_competition:UKRP,UKRP,UKRP,,True,True,False,ukrainian-cup,Ukrainian Cup | ukrainian-cup,Ukraine,domestic_cup,domestic_cup,accepted,shared Transfermarkt competition code
UKRR,tm_competition:UKRR,,UKRR,,False,True,False,Championship playoff Vyshcha Liga,Championship playoff Vyshcha Liga,,,,accepted,shared Transfermarkt competition code
UKRS,tm_competition:UKRS,,UKRS,,False,True,False,Ukrainian Super Cup,Ukrainian Super Cup,,,,accepted,shared Transfermarkt competition code
UL2P,tm_competition:UL2P,,UL2P,,False,True,False,USL2 Playoffs,USL2 Playoffs,,,,accepted,shared Transfermarkt competition code
UN2,tm_competition:UN2,,UN2,,False,True,False,NB II.,NB II. | Nemzeti Bajnokság II.,,,,accepted,shared Transfermarkt competition code
UNG1,tm_competition:UNG1,,UNG1,,False,True,False,NB I.,NB I. | Nemzeti Bajnokság,,,,accepted,shared Transfermarkt competition code
UNG2,tm_competition:UNG2,,UNG2,,False,True,False,NB II - East,NB II - East | Ness Hungary NB II - East,,,,accepted,shared Transfermarkt competition code
UNGP,tm_competition:UNGP,,UNGP,,False,True,False,Magyar Kupa,Hungarian People | Magyar Kupa,,,,accepted,shared Transfermarkt competition code
UR2S,tm_competition:UR2S,,UR2S,,False,True,False,Segunda División - Segunda Fase,Segunda División - Segunda Fase,,,,accepted,shared Transfermarkt competition code
UR2T,tm_competition:UR2T,,UR2T,,False,True,False,Torneo Competencia,Torneo Competencia,,,,accepted,shared Transfermarkt competition code
URE2,tm_competition:URE2,,URE2,,False,True,False,Segunda División Profesional - Especial,Segunda División Profesional - Especial,,,,accepted,shared Transfermarkt competition code
URP1,tm_competition:URP1,,URP1,,False,True,False,Copa AUF Uruguay,Copa AUF Uruguay,,,,accepted,shared Transfermarkt competition code
URPL,tm_competition:URPL,,URPL,,False,True,False,Liguilla Pre-Libertadores,Liguilla Pre-Libertadores,,,,accepted,shared Transfermarkt competition code
URSC,tm_competition:URSC,,URSC,,False,True,False,Supercopa,Supercopa,,,,accepted,shared Transfermarkt competition code
URU1,tm_competition:URU1,,URU1,,False,True,False,Liga AUF Apertura,Liga AUF Apertura,,,,accepted,shared Transfermarkt competition code
URU2,tm_competition:URU2,,URU2,,False,True,False,Segunda División,Segunda División,,,,accepted,shared Transfermarkt competition code
URU3,tm_competition:URU3,,URU3,,False,True,False,Segunda División Play-off,Segunda División Play-off,,,,accepted,shared Transfermarkt competition code
URUC,tm_competition:URUC,,URUC,,False,True,False,Liga AUF Clausura,Liga AUF Clausura,,,,accepted,shared Transfermarkt competition code
URUE,tm_competition:URUE,,URUE,,False,True,False,Camp. Uruguayo Esp.,Camp. Uruguayo Esp.,,,,accepted,shared Transfermarkt competition code
URUI,tm_competition:URUI,,URUI,,False,True,False,Liga AUF Intermedio,Liga AUF Intermedio,,,,accepted,shared Transfermarkt competition code
URUP,tm_competition:URUP,,URUP,,False,True,False,Playoffs Liga AUF,Playoffs Liga AUF,,,,accepted,shared Transfermarkt competition code
US3P,tm_competition:US3P,,US3P,,False,True,False,USL1 Playoffs,USL1 Playoffs,,,,accepted,shared Transfermarkt competition code
USA2,tm_competition:USA2,,USA2,,False,True,False,NASL,NASL | North American Soccer League (2011 - 2012),,,,accepted,shared Transfermarkt competition code
USC,tm_competition:USC,USC,USC,,True,True,False,uefa-super-cup,UEFA Super Cup | uefa-super-cup,,international_cup,uefa_super_cup,accepted,shared Transfermarkt competition code
USC3,tm_competition:USC3,,USC3,,False,True,False,USL1,USL League One | USL1,,,,accepted,shared Transfermarkt competition code
USFD,tm_competition:USFD,,USFD,,False,True,False,USL-1,USL First Division (2005 - 2009) | USL-1,,,,accepted,shared Transfermarkt competition code
USL,tm_competition:USL,,USL,,False,True,False,USL Pro,USL | USL Championship | USL Pro | USLC | United Soccer League,,,,accepted,shared Transfermarkt competition code
USLC,tm_competition:USLC,,USLC,,False,True,False,USL Cup,USL Cup,,,,accepted,shared Transfermarkt competition code
USLP,tm_competition:USLP,,USLP,,False,True,False,USLC Playoffs,USL Cup | USL Pro Cup | USLC Playoffs,,,,accepted,shared Transfermarkt competition code
USMX,tm_competition:USMX,,USMX,,False,True,False,Leagues Cup,Leagues Cup,,,,accepted,shared Transfermarkt competition code
USSP,tm_competition:USSP,,USSP,,False,True,False,MLS is Back,MLS is Back,,,,accepted,shared Transfermarkt competition code
UZ1,tm_competition:UZ1,,UZ1,,False,True,False,Superliga,Superliga,,,,accepted,shared Transfermarkt competition code
UZ2L,tm_competition:UZ2L,,UZ2L,,False,True,False,Uzbekistan Pro Liga,Uzbekistan Pro Liga,,,,accepted,shared Transfermarkt competition code
UZP1,tm_competition:UZP1,,UZP1,,False,True,False,Superligasi Playoff I,Superligasi Playoff I,,,,accepted,shared Transfermarkt competition code
UZP2,tm_competition:UZP2,,UZP2,,False,True,False,Superligasi Playoff II,Superligasi Playoff II,,,,accepted,shared Transfermarkt competition code
UZR,tm_competition:UZR,,UZR,,False,True,False,Relegation Superligasi,Relegation Superligasi,,,,accepted,shared Transfermarkt competition code
UZSC,tm_competition:UZSC,,UZSC,,False,True,False,Uzbekistan Supercup,Uzbekistan Supercup,,,,accepted,shared Transfermarkt competition code
V2CP,tm_competition:V2CP,,V2CP,,False,True,False,Liga FUTVE 2. 2da Fase-Octagonal,Liga FUTVE 2. 2da Fase-Octagonal,,,,accepted,shared Transfermarkt competition code
VEC1,tm_competition:VEC1,,VEC1,,False,True,False,Copa Venezuela,Copa Venezuela,,,,accepted,shared Transfermarkt competition code
VFVA,tm_competition:VFVA,,VFVA,,False,True,False,2de Nationale VV A,2de Nat. VV A | 2de Nationale VV A | 2de kl. am. VV A | Tweede klasse amateurs VV A,,,,accepted,shared Transfermarkt competition code
VFVB,tm_competition:VFVB,,VFVB,,False,True,False,2de Nationale VV B,2de Nat. VV B | 2de Nationale VV B | 2de kl. am. VV B | Tweede klasse amateurs VV B,,,,accepted,shared Transfermarkt competition code
VIE1,tm_competition:VIE1,,VIE1,,False,True,False,V.League 1,V.League 1,,,,accepted,shared Transfermarkt competition code
VLBA,tm_competition:VLBA,,VLBA,,False,True,False,VL Baden,VL Baden,,,,accepted,shared Transfermarkt competition code
VLBE,tm_competition:VLBE,,VLBE,,False,True,False,Berlin-Liga,Berlin-Liga,,,,accepted,shared Transfermarkt competition code
VLBW,tm_competition:VLBW,,VLBW,,False,True,False,VL Württemberg,VL Württemberg | Verbandsliga Württemberg,,,,accepted,shared Transfermarkt competition code
VLHM,tm_competition:VLHM,,VLHM,,False,True,False,VL Hessen-Mitte,LL Hessen-Mitte | VL Hessen-Mitte,,,,accepted,shared Transfermarkt competition code
VLHN,tm_competition:VLHN,,VLHN,,False,True,False,VL Hessen-Nord,LL Hessen-Nord | VL Hessen-Nord,,,,accepted,shared Transfermarkt competition code
VLHS,tm_competition:VLHS,,VLHS,,False,True,False,VL Hessen-Süd,LL Hessen-Süd | VL Hessen-Süd,,,,accepted,shared Transfermarkt competition code
VLMV,tm_competition:VLMV,,VLMV,,False,True,False,VL Meckl.-Vorpommern,VL Meckl.-Vorpommern,,,,accepted,shared Transfermarkt competition code
VLSA,tm_competition:VLSA,,VLSA,,False,True,False,VL Sachsen-Anhalt,VL Sachsen-Anhalt,,,,accepted,shared Transfermarkt competition code
VLSB,tm_competition:VLSB,,VLSB,,False,True,False,VL Südbaden,1. Amateurliga Südbaden | VL Südbaden,,,,accepted,shared Transfermarkt competition code
VLSW,tm_competition:VLSW,,VLSW,,False,True,False,VL Südwest,VL Südwest,,,,accepted,shared Transfermarkt competition code
VLW1,tm_competition:VLW1,,VLW1,,False,True,False,Westfalenliga 1,Westfalenliga 1,,,,accepted,shared Transfermarkt competition code
VLW2,tm_competition:VLW2,,VLW2,,False,True,False,Westfalenliga 2,Westfalenliga 2,,,,accepted,shared Transfermarkt competition code
VN2A,tm_competition:VN2A,,VN2A,,False,True,False,Liga FUTVE 2,Liga FUTVE 2,,,,accepted,shared Transfermarkt competition code
VN2C,tm_competition:VN2C,,VN2C,,False,True,False,Liga FUTVE 2. 2da Fase,Liga FUTVE 2. 2da Fase,,,,accepted,shared Transfermarkt competition code
VPO1,tm_competition:VPO1,,VPO1,,False,True,False,Vietnam Cup,Vietnam Cup,,,,accepted,shared Transfermarkt competition code
VSAE,tm_competition:VSAE,,VSAE,,False,True,False,VL Sachsen-Anhalt - Finals,VL Sachsen-Anhalt - Finals,,,,accepted,shared Transfermarkt competition code
VSCU,tm_competition:VSCU,,VSCU,,False,True,False,Vietnamese Super Cup,Vietnamese Super Cup,,,,accepted,shared Transfermarkt competition code
VSHO,tm_competition:VSHO,,VSHO,,False,True,False,Verbandsliga SH Süd-Ost,Verbandsliga SH Süd-Ost,,,,accepted,shared Transfermarkt competition code
VSWE,tm_competition:VSWE,,VSWE,,False,True,False,VL Südwest - Finals,VL Südwest - Finals,,,,accepted,shared Transfermarkt competition code
VZ1A,tm_competition:VZ1A,,VZ1A,,False,True,False,Liga FUTVE Apertura,Liga FUTVE Apertura,,,,accepted,shared Transfermarkt competition code
VZ1C,tm_competition:VZ1C,,VZ1C,,False,True,False,Liga FUTVE Clausura,Liga FUTVE Clausura,,,,accepted,shared Transfermarkt competition code
VZ1L,tm_competition:VZ1L,,VZ1L,,False,True,False,Liga FUTVE,Liga FUTVE,,,,accepted,shared Transfermarkt competition code
VZ1P,tm_competition:VZ1P,,VZ1P,,False,True,False,Liga FUTVE Final,Liga FUTVE Final | Liga FUTVE Playoffs,,,,accepted,shared Transfermarkt competition code
VZOA,tm_competition:VZOA,,VZOA,,False,True,False,Apertura. Fase Final,Apertura. Fase Final,,,,accepted,shared Transfermarkt competition code
VZOC,tm_competition:VZOC,,VZOC,,False,True,False,Clausura. Fase Final,Clausura. Fase Final,,,,accepted,shared Transfermarkt competition code
VZP3,tm_competition:VZP3,,VZP3,,False,True,False,Liga FUTVE 2 - Fase Final,Liga FUTVE 2 - Fase Final,,,,accepted,shared Transfermarkt competition code
WA2S,tm_competition:WA2S,,WA2S,,False,True,False,Cymru South,Cymru South,,,,accepted,shared Transfermarkt competition code
WAL1,tm_competition:WAL1,,WAL1,,False,True,False,Cymru Premier,Cymru Premier | League of Wales | Premier League,,,,accepted,shared Transfermarkt competition code
WAL2,tm_competition:WAL2,,WAL2,,False,True,False,Cymru North,Cymru North,,,,accepted,shared Transfermarkt competition code
WALC,tm_competition:WALC,,WALC,,False,True,False,Welsh League Cup,Challenge Cup | Welsh League Cup,,,,accepted,shared Transfermarkt competition code
WALE,tm_competition:WALE,,WALE,,False,True,False,Welsh Cup,Welsh Cup,,,,accepted,shared Transfermarkt competition code
WALM,tm_competition:WALM,,WALM,,False,True,False,Tier Two League Cup,Tier Two League Cup,,,,accepted,shared Transfermarkt competition code
WALP,tm_competition:WALP,,WALP,,False,True,False,Playoff,Conf. Play-Off | Playoff | WPL Play-Off,,,,accepted,shared Transfermarkt competition code
WEPO,tm_competition:WEPO,,WEPO,,False,True,False,Intercontinental Cup,Intercontinental Cup,,,,accepted,shared Transfermarkt competition code
WER1,tm_competition:WER1,,WER1,,False,True,False,Vysheyshaya Liga,Vysheyshaya Liga,,,,accepted,shared Transfermarkt competition code
WER2,tm_competition:WER2,,WER2,,False,True,False,Pershaya Liga,Pershaya Liga,,,,accepted,shared Transfermarkt competition code
WERA,tm_competition:WERA,,WERA,,False,True,False,Wyschejschaja Liha Abstiegsrunde,Wyschejschaja Liha Abstiegsrunde,,,,accepted,shared Transfermarkt competition code
WERM,tm_competition:WERM,,WERM,,False,True,False,Wyschejschaja Liha Meisterrunde,Wyschejschaja Liha Meisterrunde,,,,accepted,shared Transfermarkt competition code
WFPO,tm_competition:WFPO,,WFPO,,False,True,False,Westfalenpokal,Westfalenpokal,,,,accepted,shared Transfermarkt competition code
WFVP,tm_competition:WFVP,,WFVP,,False,True,False,Württembergpokal,Württembergpokal,,,,accepted,shared Transfermarkt competition code
WLC1,tm_competition:WLC1,,WLC1,,False,True,False,FAW Premier Cup,FAW Premier Cup,,,,accepted,shared Transfermarkt competition code
WRPO,tm_competition:WRPO,,WRPO,,False,True,False,Belarusian Cup,Belarusian Cup,,,,accepted,shared Transfermarkt competition code
WRSP,tm_competition:WRSP,,WRSP,,False,True,False,Belarusian Super Cup,Belarusian Super Cup,,,,accepted,shared Transfermarkt competition code
Y047,tm_competition:Y047,,Y047,,False,True,False,YFL U17 (2024),YFL U17 (2024),,,,accepted,shared Transfermarkt competition code
YKAB,tm_competition:YKAB,,YKAB,,False,True,False,YKK Relegation,YKK Relegation,,,,accepted,shared Transfermarkt competition code
YKAU,tm_competition:YKAU,,YKAU,,False,True,False,YKK Promotion,YKK Promotion,,,,accepted,shared Transfermarkt competition code
YKCP,tm_competition:YKCP,,YKCP,,False,True,False,Ykköscup,Ykköscup | Ykkösliigacup,,,,accepted,shared Transfermarkt competition code
ZYP1,tm_competition:ZYP1,,ZYP1,,False,True,False,Protathlima Cyta,A' Katigoria | Cyprus League | Protathlima Cyta | Protathlima ML,,,,accepted,shared Transfermarkt competition code
ZYPA,tm_competition:ZYPA,,ZYPA,,False,True,False,Relegation Round,Abstiegsrunde | Cyprus League Relegation Round | Relegation Round,,,,accepted,shared Transfermarkt competition code
ZYPM,tm_competition:ZYPM,,ZYPM,,False,True,False,Champions Round,Champions Round | Cyprus League Championship Round | Meisterrunde,,,,accepted,shared Transfermarkt competition code
ZYPP,tm_competition:ZYPP,,ZYPP,,False,True,False,Platzierungsrunde,Platzierungsrunde,,,,accepted,shared Transfermarkt competition code
brti,tm_competition:brti,,brti,,False,True,False,Troféu Inconfidência,Troféu Inconfidência,,,,accepted,shared Transfermarkt competition code
ofb,tm_competition:ofb,,ofb,,False,True,False,ÖFB-Cup,ÖFB-Cup,,,,accepted,shared Transfermarkt competition code
