table,column_order,column,usage,timing_policy,definition
broad_lagged_player_features_2017_2024,1,canonical_performance_id,identifier_or_split_control,lag1/lag2/lag3 only; target_ columns are outcomes,"Join, grouping, or chronological split field; do not encode raw IDs as numeric predictors."
broad_lagged_player_features_2017_2024,2,canonical_player_id,identifier_or_split_control,lag1/lag2/lag3 only; target_ columns are outcomes,"Join, grouping, or chronological split field; do not encode raw IDs as numeric predictors."
broad_lagged_player_features_2017_2024,3,canonical_player_name,identifier_or_split_control,lag1/lag2/lag3 only; target_ columns are outcomes,"Join, grouping, or chronological split field; do not encode raw IDs as numeric predictors."
broad_lagged_player_features_2017_2024,4,canonical_club_id,identifier_or_split_control,lag1/lag2/lag3 only; target_ columns are outcomes,"Join, grouping, or chronological split field; do not encode raw IDs as numeric predictors."
broad_lagged_player_features_2017_2024,5,canonical_club_name,identifier_or_split_control,lag1/lag2/lag3 only; target_ columns are outcomes,"Join, grouping, or chronological split field; do not encode raw IDs as numeric predictors."
broad_lagged_player_features_2017_2024,6,canonical_competition_id,identifier_or_split_control,lag1/lag2/lag3 only; target_ columns are outcomes,"Join, grouping, or chronological split field; do not encode raw IDs as numeric predictors."
broad_lagged_player_features_2017_2024,7,canonical_competition_name,identifier_or_split_control,lag1/lag2/lag3 only; target_ columns are outcomes,"Join, grouping, or chronological split field; do not encode raw IDs as numeric predictors."
broad_lagged_player_features_2017_2024,8,canonical_season_key,identifier_or_split_control,lag1/lag2/lag3 only; target_ columns are outcomes,"Join, grouping, or chronological split field; do not encode raw IDs as numeric predictors."
broad_lagged_player_features_2017_2024,9,season_start_year,identifier_or_split_control,lag1/lag2/lag3 only; target_ columns are outcomes,"Join, grouping, or chronological split field; do not encode raw IDs as numeric predictors."
broad_lagged_player_features_2017_2024,10,target_basic_model_eligible_450_minutes,target_or_sample_diagnostic,lag1/lag2/lag3 only; target_ columns are outcomes,Current-season outcome or sample diagnostic; never use as a predictor.
broad_lagged_player_features_2017_2024,11,target_matches_played,target_or_sample_diagnostic,lag1/lag2/lag3 only; target_ columns are outcomes,Current-season outcome or sample diagnostic; never use as a predictor.
broad_lagged_player_features_2017_2024,12,target_minutes_played,target_or_sample_diagnostic,lag1/lag2/lag3 only; target_ columns are outcomes,Current-season outcome or sample diagnostic; never use as a predictor.
broad_lagged_player_features_2017_2024,13,target_goals,target_or_sample_diagnostic,lag1/lag2/lag3 only; target_ columns are outcomes,Current-season outcome or sample diagnostic; never use as a predictor.
broad_lagged_player_features_2017_2024,14,target_assists,target_or_sample_diagnostic,lag1/lag2/lag3 only; target_ columns are outcomes,Current-season outcome or sample diagnostic; never use as a predictor.
broad_lagged_player_features_2017_2024,15,target_goals_per90,target_or_sample_diagnostic,lag1/lag2/lag3 only; target_ columns are outcomes,Current-season outcome or sample diagnostic; never use as a predictor.
broad_lagged_player_features_2017_2024,16,target_assists_per90,target_or_sample_diagnostic,lag1/lag2/lag3 only; target_ columns are outcomes,Current-season outcome or sample diagnostic; never use as a predictor.
broad_lagged_player_features_2017_2024,17,target_data_coverage_tier,target_or_sample_diagnostic,lag1/lag2/lag3 only; target_ columns are outcomes,Current-season outcome or sample diagnostic; never use as a predictor.
broad_lagged_player_features_2017_2024,18,target_difference_metric_count,target_or_sample_diagnostic,lag1/lag2/lag3 only; target_ columns are outcomes,Current-season outcome or sample diagnostic; never use as a predictor.
broad_lagged_player_features_2017_2024,19,feature_cutoff_season_start_year,feature_or_control,lag1/lag2/lag3 only; target_ columns are outcomes,Compatibility feature or explicit coverage/control field; see README policy.
broad_lagged_player_features_2017_2024,20,broad_max_source_season_used,feature_or_control,lag1/lag2/lag3 only; target_ columns are outcomes,Compatibility feature or explicit coverage/control field; see README policy.
broad_lagged_player_features_2017_2024,21,broad_lag_feature_coverage,lagged_player_feature,lag1/lag2/lag3 only; target_ columns are outcomes,Player performance or style derived only from the preceding three exact seasons.
broad_lagged_player_features_2017_2024,22,recommended_time_split,feature_or_control,lag1/lag2/lag3 only; target_ columns are outcomes,Compatibility feature or explicit coverage/control field; see README policy.
broad_lagged_player_features_2017_2024,23,lag1_observed,lagged_player_feature,lag1/lag2/lag3 only; target_ columns are outcomes,Player performance or style derived only from the preceding three exact seasons.
broad_lagged_player_features_2017_2024,24,lag1_source_rows,lagged_player_feature,lag1/lag2/lag3 only; target_ columns are outcomes,Player performance or style derived only from the preceding three exact seasons.
broad_lagged_player_features_2017_2024,25,lag1_club_count,lagged_player_feature,lag1/lag2/lag3 only; target_ columns are outcomes,Player performance or style derived only from the preceding three exact seasons.
broad_lagged_player_features_2017_2024,26,lag1_competition_count,lagged_player_feature,lag1/lag2/lag3 only; target_ columns are outcomes,Player performance or style derived only from the preceding three exact seasons.
broad_lagged_player_features_2017_2024,27,lag1_primary_position,lagged_player_feature,lag1/lag2/lag3 only; target_ columns are outcomes,Player performance or style derived only from the preceding three exact seasons.
broad_lagged_player_features_2017_2024,28,lag1_matches,lagged_player_feature,lag1/lag2/lag3 only; target_ columns are outcomes,Player performance or style derived only from the preceding three exact seasons.
broad_lagged_player_features_2017_2024,29,lag1_minutes,lagged_player_feature,lag1/lag2/lag3 only; target_ columns are outcomes,Player performance or style derived only from the preceding three exact seasons.
broad_lagged_player_features_2017_2024,30,lag1_goals,lagged_player_feature,lag1/lag2/lag3 only; target_ columns are outcomes,Player performance or style derived only from the preceding three exact seasons.
broad_lagged_player_features_2017_2024,31,lag1_assists,lagged_player_feature,lag1/lag2/lag3 only; target_ columns are outcomes,Player performance or style derived only from the preceding three exact seasons.
broad_lagged_player_features_2017_2024,32,lag1_yellow_cards,lagged_player_feature,lag1/lag2/lag3 only; target_ columns are outcomes,Player performance or style derived only from the preceding three exact seasons.
broad_lagged_player_features_2017_2024,33,lag1_red_cards,lagged_player_feature,lag1/lag2/lag3 only; target_ columns are outcomes,Player performance or style derived only from the preceding three exact seasons.
broad_lagged_player_features_2017_2024,34,lag1_starts,lagged_player_feature,lag1/lag2/lag3 only; target_ columns are outcomes,Player performance or style derived only from the preceding three exact seasons.
broad_lagged_player_features_2017_2024,35,lag1_substitute_selections,lagged_player_feature,lag1/lag2/lag3 only; target_ columns are outcomes,Player performance or style derived only from the preceding three exact seasons.
broad_lagged_player_features_2017_2024,36,lag1_captain_selections,lagged_player_feature,lag1/lag2/lag3 only; target_ columns are outcomes,Player performance or style derived only from the preceding three exact seasons.
broad_lagged_player_features_2017_2024,37,lag1_goals_per90,lagged_player_feature,lag1/lag2/lag3 only; target_ columns are outcomes,Player performance or style derived only from the preceding three exact seasons.
broad_lagged_player_features_2017_2024,38,lag1_assists_per90,lagged_player_feature,lag1/lag2/lag3 only; target_ columns are outcomes,Player performance or style derived only from the preceding three exact seasons.
broad_lagged_player_features_2017_2024,39,lag1_goal_contributions_per90,lagged_player_feature,lag1/lag2/lag3 only; target_ columns are outcomes,Player performance or style derived only from the preceding three exact seasons.
broad_lagged_player_features_2017_2024,40,lag1_minutes_per_match,lagged_player_feature,lag1/lag2/lag3 only; target_ columns are outcomes,Player performance or style derived only from the preceding three exact seasons.
broad_lagged_player_features_2017_2024,41,lag1_starter_share,lagged_player_feature,lag1/lag2/lag3 only; target_ columns are outcomes,Player performance or style derived only from the preceding three exact seasons.
broad_lagged_player_features_2017_2024,42,lag1_source_system_count,lagged_player_feature,lag1/lag2/lag3 only; target_ columns are outcomes,Player performance or style derived only from the preceding three exact seasons.
broad_lagged_player_features_2017_2024,43,same_club_as_lag1,lagged_player_feature,lag1/lag2/lag3 only; target_ columns are outcomes,Player performance or style derived only from the preceding three exact seasons.
broad_lagged_player_features_2017_2024,44,same_competition_as_lag1,lagged_player_feature,lag1/lag2/lag3 only; target_ columns are outcomes,Player performance or style derived only from the preceding three exact seasons.
broad_lagged_player_features_2017_2024,45,lag2_observed,lagged_player_feature,lag1/lag2/lag3 only; target_ columns are outcomes,Player performance or style derived only from the preceding three exact seasons.
broad_lagged_player_features_2017_2024,46,lag2_source_rows,lagged_player_feature,lag1/lag2/lag3 only; target_ columns are outcomes,Player performance or style derived only from the preceding three exact seasons.
broad_lagged_player_features_2017_2024,47,lag2_club_count,lagged_player_feature,lag1/lag2/lag3 only; target_ columns are outcomes,Player performance or style derived only from the preceding three exact seasons.
broad_lagged_player_features_2017_2024,48,lag2_competition_count,lagged_player_feature,lag1/lag2/lag3 only; target_ columns are outcomes,Player performance or style derived only from the preceding three exact seasons.
broad_lagged_player_features_2017_2024,49,lag2_primary_position,lagged_player_feature,lag1/lag2/lag3 only; target_ columns are outcomes,Player performance or style derived only from the preceding three exact seasons.
broad_lagged_player_features_2017_2024,50,lag2_matches,lagged_player_feature,lag1/lag2/lag3 only; target_ columns are outcomes,Player performance or style derived only from the preceding three exact seasons.
broad_lagged_player_features_2017_2024,51,lag2_minutes,lagged_player_feature,lag1/lag2/lag3 only; target_ columns are outcomes,Player performance or style derived only from the preceding three exact seasons.
broad_lagged_player_features_2017_2024,52,lag2_goals,lagged_player_feature,lag1/lag2/lag3 only; target_ columns are outcomes,Player performance or style derived only from the preceding three exact seasons.
broad_lagged_player_features_2017_2024,53,lag2_assists,lagged_player_feature,lag1/lag2/lag3 only; target_ columns are outcomes,Player performance or style derived only from the preceding three exact seasons.
broad_lagged_player_features_2017_2024,54,lag2_yellow_cards,lagged_player_feature,lag1/lag2/lag3 only; target_ columns are outcomes,Player performance or style derived only from the preceding three exact seasons.
broad_lagged_player_features_2017_2024,55,lag2_red_cards,lagged_player_feature,lag1/lag2/lag3 only; target_ columns are outcomes,Player performance or style derived only from the preceding three exact seasons.
broad_lagged_player_features_2017_2024,56,lag2_starts,lagged_player_feature,lag1/lag2/lag3 only; target_ columns are outcomes,Player performance or style derived only from the preceding three exact seasons.
broad_lagged_player_features_2017_2024,57,lag2_substitute_selections,lagged_player_feature,lag1/lag2/lag3 only; target_ columns are outcomes,Player performance or style derived only from the preceding three exact seasons.
broad_lagged_player_features_2017_2024,58,lag2_captain_selections,lagged_player_feature,lag1/lag2/lag3 only; target_ columns are outcomes,Player performance or style derived only from the preceding three exact seasons.
broad_lagged_player_features_2017_2024,59,lag2_goals_per90,lagged_player_feature,lag1/lag2/lag3 only; target_ columns are outcomes,Player performance or style derived only from the preceding three exact seasons.
broad_lagged_player_features_2017_2024,60,lag2_assists_per90,lagged_player_feature,lag1/lag2/lag3 only; target_ columns are outcomes,Player performance or style derived only from the preceding three exact seasons.
broad_lagged_player_features_2017_2024,61,lag2_goal_contributions_per90,lagged_player_feature,lag1/lag2/lag3 only; target_ columns are outcomes,Player performance or style derived only from the preceding three exact seasons.
broad_lagged_player_features_2017_2024,62,lag2_minutes_per_match,lagged_player_feature,lag1/lag2/lag3 only; target_ columns are outcomes,Player performance or style derived only from the preceding three exact seasons.
broad_lagged_player_features_2017_2024,63,lag2_starter_share,lagged_player_feature,lag1/lag2/lag3 only; target_ columns are outcomes,Player performance or style derived only from the preceding three exact seasons.
broad_lagged_player_features_2017_2024,64,lag2_source_system_count,lagged_player_feature,lag1/lag2/lag3 only; target_ columns are outcomes,Player performance or style derived only from the preceding three exact seasons.
broad_lagged_player_features_2017_2024,65,same_club_as_lag2,lagged_player_feature,lag1/lag2/lag3 only; target_ columns are outcomes,Player performance or style derived only from the preceding three exact seasons.
broad_lagged_player_features_2017_2024,66,same_competition_as_lag2,lagged_player_feature,lag1/lag2/lag3 only; target_ columns are outcomes,Player performance or style derived only from the preceding three exact seasons.
broad_lagged_player_features_2017_2024,67,lag3_observed,lagged_player_feature,lag1/lag2/lag3 only; target_ columns are outcomes,Player performance or style derived only from the preceding three exact seasons.
broad_lagged_player_features_2017_2024,68,lag3_source_rows,lagged_player_feature,lag1/lag2/lag3 only; target_ columns are outcomes,Player performance or style derived only from the preceding three exact seasons.
broad_lagged_player_features_2017_2024,69,lag3_club_count,lagged_player_feature,lag1/lag2/lag3 only; target_ columns are outcomes,Player performance or style derived only from the preceding three exact seasons.
broad_lagged_player_features_2017_2024,70,lag3_competition_count,lagged_player_feature,lag1/lag2/lag3 only; target_ columns are outcomes,Player performance or style derived only from the preceding three exact seasons.
broad_lagged_player_features_2017_2024,71,lag3_primary_position,lagged_player_feature,lag1/lag2/lag3 only; target_ columns are outcomes,Player performance or style derived only from the preceding three exact seasons.
broad_lagged_player_features_2017_2024,72,lag3_matches,lagged_player_feature,lag1/lag2/lag3 only; target_ columns are outcomes,Player performance or style derived only from the preceding three exact seasons.
broad_lagged_player_features_2017_2024,73,lag3_minutes,lagged_player_feature,lag1/lag2/lag3 only; target_ columns are outcomes,Player performance or style derived only from the preceding three exact seasons.
broad_lagged_player_features_2017_2024,74,lag3_goals,lagged_player_feature,lag1/lag2/lag3 only; target_ columns are outcomes,Player performance or style derived only from the preceding three exact seasons.
broad_lagged_player_features_2017_2024,75,lag3_assists,lagged_player_feature,lag1/lag2/lag3 only; target_ columns are outcomes,Player performance or style derived only from the preceding three exact seasons.
broad_lagged_player_features_2017_2024,76,lag3_yellow_cards,lagged_player_feature,lag1/lag2/lag3 only; target_ columns are outcomes,Player performance or style derived only from the preceding three exact seasons.
broad_lagged_player_features_2017_2024,77,lag3_red_cards,lagged_player_feature,lag1/lag2/lag3 only; target_ columns are outcomes,Player performance or style derived only from the preceding three exact seasons.
broad_lagged_player_features_2017_2024,78,lag3_starts,lagged_player_feature,lag1/lag2/lag3 only; target_ columns are outcomes,Player performance or style derived only from the preceding three exact seasons.
broad_lagged_player_features_2017_2024,79,lag3_substitute_selections,lagged_player_feature,lag1/lag2/lag3 only; target_ columns are outcomes,Player performance or style derived only from the preceding three exact seasons.
broad_lagged_player_features_2017_2024,80,lag3_captain_selections,lagged_player_feature,lag1/lag2/lag3 only; target_ columns are outcomes,Player performance or style derived only from the preceding three exact seasons.
broad_lagged_player_features_2017_2024,81,lag3_goals_per90,lagged_player_feature,lag1/lag2/lag3 only; target_ columns are outcomes,Player performance or style derived only from the preceding three exact seasons.
broad_lagged_player_features_2017_2024,82,lag3_assists_per90,lagged_player_feature,lag1/lag2/lag3 only; target_ columns are outcomes,Player performance or style derived only from the preceding three exact seasons.
broad_lagged_player_features_2017_2024,83,lag3_goal_contributions_per90,lagged_player_feature,lag1/lag2/lag3 only; target_ columns are outcomes,Player performance or style derived only from the preceding three exact seasons.
broad_lagged_player_features_2017_2024,84,lag3_minutes_per_match,lagged_player_feature,lag1/lag2/lag3 only; target_ columns are outcomes,Player performance or style derived only from the preceding three exact seasons.
broad_lagged_player_features_2017_2024,85,lag3_starter_share,lagged_player_feature,lag1/lag2/lag3 only; target_ columns are outcomes,Player performance or style derived only from the preceding three exact seasons.
broad_lagged_player_features_2017_2024,86,lag3_source_system_count,lagged_player_feature,lag1/lag2/lag3 only; target_ columns are outcomes,Player performance or style derived only from the preceding three exact seasons.
broad_lagged_player_features_2017_2024,87,same_club_as_lag3,lagged_player_feature,lag1/lag2/lag3 only; target_ columns are outcomes,Player performance or style derived only from the preceding three exact seasons.
broad_lagged_player_features_2017_2024,88,same_competition_as_lag3,lagged_player_feature,lag1/lag2/lag3 only; target_ columns are outcomes,Player performance or style derived only from the preceding three exact seasons.
broad_lagged_player_features_2017_2024,89,rolling2_seasons_observed,lagged_player_feature,lag1/lag2/lag3 only; target_ columns are outcomes,Player performance or style derived only from the preceding three exact seasons.
broad_lagged_player_features_2017_2024,90,rolling2_matches,lagged_player_feature,lag1/lag2/lag3 only; target_ columns are outcomes,Player performance or style derived only from the preceding three exact seasons.
broad_lagged_player_features_2017_2024,91,rolling2_minutes,lagged_player_feature,lag1/lag2/lag3 only; target_ columns are outcomes,Player performance or style derived only from the preceding three exact seasons.
broad_lagged_player_features_2017_2024,92,rolling2_goals,lagged_player_feature,lag1/lag2/lag3 only; target_ columns are outcomes,Player performance or style derived only from the preceding three exact seasons.
broad_lagged_player_features_2017_2024,93,rolling2_assists,lagged_player_feature,lag1/lag2/lag3 only; target_ columns are outcomes,Player performance or style derived only from the preceding three exact seasons.
broad_lagged_player_features_2017_2024,94,rolling2_yellow_cards,lagged_player_feature,lag1/lag2/lag3 only; target_ columns are outcomes,Player performance or style derived only from the preceding three exact seasons.
broad_lagged_player_features_2017_2024,95,rolling2_red_cards,lagged_player_feature,lag1/lag2/lag3 only; target_ columns are outcomes,Player performance or style derived only from the preceding three exact seasons.
broad_lagged_player_features_2017_2024,96,rolling2_starts,lagged_player_feature,lag1/lag2/lag3 only; target_ columns are outcomes,Player performance or style derived only from the preceding three exact seasons.
broad_lagged_player_features_2017_2024,97,rolling2_substitute_selections,lagged_player_feature,lag1/lag2/lag3 only; target_ columns are outcomes,Player performance or style derived only from the preceding three exact seasons.
broad_lagged_player_features_2017_2024,98,rolling2_captain_selections,lagged_player_feature,lag1/lag2/lag3 only; target_ columns are outcomes,Player performance or style derived only from the preceding three exact seasons.
broad_lagged_player_features_2017_2024,99,rolling2_goals_per90,lagged_player_feature,lag1/lag2/lag3 only; target_ columns are outcomes,Player performance or style derived only from the preceding three exact seasons.
broad_lagged_player_features_2017_2024,100,rolling2_assists_per90,lagged_player_feature,lag1/lag2/lag3 only; target_ columns are outcomes,Player performance or style derived only from the preceding three exact seasons.
broad_lagged_player_features_2017_2024,101,rolling2_goal_contributions_per90,lagged_player_feature,lag1/lag2/lag3 only; target_ columns are outcomes,Player performance or style derived only from the preceding three exact seasons.
broad_lagged_player_features_2017_2024,102,rolling2_minutes_per_season,lagged_player_feature,lag1/lag2/lag3 only; target_ columns are outcomes,Player performance or style derived only from the preceding three exact seasons.
broad_lagged_player_features_2017_2024,103,rolling3_seasons_observed,lagged_player_feature,lag1/lag2/lag3 only; target_ columns are outcomes,Player performance or style derived only from the preceding three exact seasons.
broad_lagged_player_features_2017_2024,104,rolling3_matches,lagged_player_feature,lag1/lag2/lag3 only; target_ columns are outcomes,Player performance or style derived only from the preceding three exact seasons.
broad_lagged_player_features_2017_2024,105,rolling3_minutes,lagged_player_feature,lag1/lag2/lag3 only; target_ columns are outcomes,Player performance or style derived only from the preceding three exact seasons.
broad_lagged_player_features_2017_2024,106,rolling3_goals,lagged_player_feature,lag1/lag2/lag3 only; target_ columns are outcomes,Player performance or style derived only from the preceding three exact seasons.
broad_lagged_player_features_2017_2024,107,rolling3_assists,lagged_player_feature,lag1/lag2/lag3 only; target_ columns are outcomes,Player performance or style derived only from the preceding three exact seasons.
broad_lagged_player_features_2017_2024,108,rolling3_yellow_cards,lagged_player_feature,lag1/lag2/lag3 only; target_ columns are outcomes,Player performance or style derived only from the preceding three exact seasons.
broad_lagged_player_features_2017_2024,109,rolling3_red_cards,lagged_player_feature,lag1/lag2/lag3 only; target_ columns are outcomes,Player performance or style derived only from the preceding three exact seasons.
broad_lagged_player_features_2017_2024,110,rolling3_starts,lagged_player_feature,lag1/lag2/lag3 only; target_ columns are outcomes,Player performance or style derived only from the preceding three exact seasons.
broad_lagged_player_features_2017_2024,111,rolling3_substitute_selections,lagged_player_feature,lag1/lag2/lag3 only; target_ columns are outcomes,Player performance or style derived only from the preceding three exact seasons.
broad_lagged_player_features_2017_2024,112,rolling3_captain_selections,lagged_player_feature,lag1/lag2/lag3 only; target_ columns are outcomes,Player performance or style derived only from the preceding three exact seasons.
broad_lagged_player_features_2017_2024,113,rolling3_goals_per90,lagged_player_feature,lag1/lag2/lag3 only; target_ columns are outcomes,Player performance or style derived only from the preceding three exact seasons.
broad_lagged_player_features_2017_2024,114,rolling3_assists_per90,lagged_player_feature,lag1/lag2/lag3 only; target_ columns are outcomes,Player performance or style derived only from the preceding three exact seasons.
broad_lagged_player_features_2017_2024,115,rolling3_goal_contributions_per90,lagged_player_feature,lag1/lag2/lag3 only; target_ columns are outcomes,Player performance or style derived only from the preceding three exact seasons.
broad_lagged_player_features_2017_2024,116,rolling3_minutes_per_season,lagged_player_feature,lag1/lag2/lag3 only; target_ columns are outcomes,Player performance or style derived only from the preceding three exact seasons.
broad_lagged_player_features_2017_2024,117,new_club_vs_lag1,lagged_player_feature,lag1/lag2/lag3 only; target_ columns are outcomes,Player performance or style derived only from the preceding three exact seasons.
broad_lagged_player_features_2017_2024,118,minutes_trend_lag1_minus_lag2,lagged_player_feature,lag1/lag2/lag3 only; target_ columns are outcomes,Player performance or style derived only from the preceding three exact seasons.
broad_lagged_player_features_2017_2024,119,goals_per90_trend_lag1_minus_lag2,lagged_player_feature,lag1/lag2/lag3 only; target_ columns are outcomes,Player performance or style derived only from the preceding three exact seasons.
broad_lagged_player_features_2017_2024,120,assists_per90_trend_lag1_minus_lag2,lagged_player_feature,lag1/lag2/lag3 only; target_ columns are outcomes,Player performance or style derived only from the preceding three exact seasons.
broad_lagged_player_features_2017_2024,121,starts_trend_lag1_minus_lag2,lagged_player_feature,lag1/lag2/lag3 only; target_ columns are outcomes,Player performance or style derived only from the preceding three exact seasons.
advanced_lagged_player_styles,1,canonical_performance_id,identifier_or_split_control,advanced source seasons strictly before target,"Join, grouping, or chronological split field; do not encode raw IDs as numeric predictors."
advanced_lagged_player_styles,2,canonical_player_id,identifier_or_split_control,advanced source seasons strictly before target,"Join, grouping, or chronological split field; do not encode raw IDs as numeric predictors."
advanced_lagged_player_styles,3,canonical_player_name,identifier_or_split_control,advanced source seasons strictly before target,"Join, grouping, or chronological split field; do not encode raw IDs as numeric predictors."
advanced_lagged_player_styles,4,canonical_club_id,identifier_or_split_control,advanced source seasons strictly before target,"Join, grouping, or chronological split field; do not encode raw IDs as numeric predictors."
advanced_lagged_player_styles,5,canonical_club_name,identifier_or_split_control,advanced source seasons strictly before target,"Join, grouping, or chronological split field; do not encode raw IDs as numeric predictors."
advanced_lagged_player_styles,6,canonical_competition_id,identifier_or_split_control,advanced source seasons strictly before target,"Join, grouping, or chronological split field; do not encode raw IDs as numeric predictors."
advanced_lagged_player_styles,7,canonical_season_key,identifier_or_split_control,advanced source seasons strictly before target,"Join, grouping, or chronological split field; do not encode raw IDs as numeric predictors."
advanced_lagged_player_styles,8,season_start_year,identifier_or_split_control,advanced source seasons strictly before target,"Join, grouping, or chronological split field; do not encode raw IDs as numeric predictors."
advanced_lagged_player_styles,9,role_group,identifier_or_split_control,advanced source seasons strictly before target,"Join, grouping, or chronological split field; do not encode raw IDs as numeric predictors."
advanced_lagged_player_styles,10,recommended_time_split,feature_or_control,advanced source seasons strictly before target,Compatibility feature or explicit coverage/control field; see README policy.
advanced_lagged_player_styles,11,advanced_lag1_assists_per90,lagged_player_feature,advanced source seasons strictly before target,Player performance or style derived only from the preceding three exact seasons.
advanced_lagged_player_styles,12,advanced_lag1_available,lagged_player_feature,advanced source seasons strictly before target,Player performance or style derived only from the preceding three exact seasons.
advanced_lagged_player_styles,13,advanced_lag1_clubs,lagged_player_feature,advanced source seasons strictly before target,Player performance or style derived only from the preceding three exact seasons.
advanced_lagged_player_styles,14,advanced_lag1_competitions,lagged_player_feature,advanced source seasons strictly before target,Player performance or style derived only from the preceding three exact seasons.
advanced_lagged_player_styles,15,advanced_lag1_goals_per90,lagged_player_feature,advanced source seasons strictly before target,Player performance or style derived only from the preceding three exact seasons.
advanced_lagged_player_styles,16,advanced_lag1_minutes,lagged_player_feature,advanced source seasons strictly before target,Player performance or style derived only from the preceding three exact seasons.
advanced_lagged_player_styles,17,advanced_lag1_npxg_per90,lagged_player_feature,advanced source seasons strictly before target,Player performance or style derived only from the preceding three exact seasons.
advanced_lagged_player_styles,18,advanced_lag1_role_group,lagged_player_feature,advanced source seasons strictly before target,Player performance or style derived only from the preceding three exact seasons.
advanced_lagged_player_styles,19,advanced_lag1_role_performance_index,lagged_player_feature,advanced source seasons strictly before target,Player performance or style derived only from the preceding three exact seasons.
advanced_lagged_player_styles,20,advanced_lag1_source_rows,lagged_player_feature,advanced source seasons strictly before target,Player performance or style derived only from the preceding three exact seasons.
advanced_lagged_player_styles,21,advanced_lag1_style_aerial_physicality,lagged_player_feature,advanced source seasons strictly before target,Player performance or style derived only from the preceding three exact seasons.
advanced_lagged_player_styles,22,advanced_lag1_style_creation,lagged_player_feature,advanced source seasons strictly before target,Player performance or style derived only from the preceding three exact seasons.
advanced_lagged_player_styles,23,advanced_lag1_style_defensive_intensity,lagged_player_feature,advanced source seasons strictly before target,Player performance or style derived only from the preceding three exact seasons.
advanced_lagged_player_styles,24,advanced_lag1_style_directness,lagged_player_feature,advanced source seasons strictly before target,Player performance or style derived only from the preceding three exact seasons.
advanced_lagged_player_styles,25,advanced_lag1_style_dribble_aggression,lagged_player_feature,advanced source seasons strictly before target,Player performance or style derived only from the preceding three exact seasons.
advanced_lagged_player_styles,26,advanced_lag1_style_passing_control,lagged_player_feature,advanced source seasons strictly before target,Player performance or style derived only from the preceding three exact seasons.
advanced_lagged_player_styles,27,advanced_lag1_style_progression,lagged_player_feature,advanced source seasons strictly before target,Player performance or style derived only from the preceding three exact seasons.
advanced_lagged_player_styles,28,advanced_lag1_style_scoring_threat,lagged_player_feature,advanced source seasons strictly before target,Player performance or style derived only from the preceding three exact seasons.
advanced_lagged_player_styles,29,advanced_lag2_assists_per90,lagged_player_feature,advanced source seasons strictly before target,Player performance or style derived only from the preceding three exact seasons.
advanced_lagged_player_styles,30,advanced_lag2_available,lagged_player_feature,advanced source seasons strictly before target,Player performance or style derived only from the preceding three exact seasons.
advanced_lagged_player_styles,31,advanced_lag2_clubs,lagged_player_feature,advanced source seasons strictly before target,Player performance or style derived only from the preceding three exact seasons.
advanced_lagged_player_styles,32,advanced_lag2_competitions,lagged_player_feature,advanced source seasons strictly before target,Player performance or style derived only from the preceding three exact seasons.
advanced_lagged_player_styles,33,advanced_lag2_goals_per90,lagged_player_feature,advanced source seasons strictly before target,Player performance or style derived only from the preceding three exact seasons.
advanced_lagged_player_styles,34,advanced_lag2_minutes,lagged_player_feature,advanced source seasons strictly before target,Player performance or style derived only from the preceding three exact seasons.
advanced_lagged_player_styles,35,advanced_lag2_npxg_per90,lagged_player_feature,advanced source seasons strictly before target,Player performance or style derived only from the preceding three exact seasons.
advanced_lagged_player_styles,36,advanced_lag2_role_group,lagged_player_feature,advanced source seasons strictly before target,Player performance or style derived only from the preceding three exact seasons.
advanced_lagged_player_styles,37,advanced_lag2_role_performance_index,lagged_player_feature,advanced source seasons strictly before target,Player performance or style derived only from the preceding three exact seasons.
advanced_lagged_player_styles,38,advanced_lag2_source_rows,lagged_player_feature,advanced source seasons strictly before target,Player performance or style derived only from the preceding three exact seasons.
advanced_lagged_player_styles,39,advanced_lag2_style_aerial_physicality,lagged_player_feature,advanced source seasons strictly before target,Player performance or style derived only from the preceding three exact seasons.
advanced_lagged_player_styles,40,advanced_lag2_style_creation,lagged_player_feature,advanced source seasons strictly before target,Player performance or style derived only from the preceding three exact seasons.
advanced_lagged_player_styles,41,advanced_lag2_style_defensive_intensity,lagged_player_feature,advanced source seasons strictly before target,Player performance or style derived only from the preceding three exact seasons.
advanced_lagged_player_styles,42,advanced_lag2_style_directness,lagged_player_feature,advanced source seasons strictly before target,Player performance or style derived only from the preceding three exact seasons.
advanced_lagged_player_styles,43,advanced_lag2_style_dribble_aggression,lagged_player_feature,advanced source seasons strictly before target,Player performance or style derived only from the preceding three exact seasons.
advanced_lagged_player_styles,44,advanced_lag2_style_passing_control,lagged_player_feature,advanced source seasons strictly before target,Player performance or style derived only from the preceding three exact seasons.
advanced_lagged_player_styles,45,advanced_lag2_style_progression,lagged_player_feature,advanced source seasons strictly before target,Player performance or style derived only from the preceding three exact seasons.
advanced_lagged_player_styles,46,advanced_lag2_style_scoring_threat,lagged_player_feature,advanced source seasons strictly before target,Player performance or style derived only from the preceding three exact seasons.
advanced_lagged_player_styles,47,advanced_lag3_assists_per90,lagged_player_feature,advanced source seasons strictly before target,Player performance or style derived only from the preceding three exact seasons.
advanced_lagged_player_styles,48,advanced_lag3_available,lagged_player_feature,advanced source seasons strictly before target,Player performance or style derived only from the preceding three exact seasons.
advanced_lagged_player_styles,49,advanced_lag3_clubs,lagged_player_feature,advanced source seasons strictly before target,Player performance or style derived only from the preceding three exact seasons.
advanced_lagged_player_styles,50,advanced_lag3_competitions,lagged_player_feature,advanced source seasons strictly before target,Player performance or style derived only from the preceding three exact seasons.
advanced_lagged_player_styles,51,advanced_lag3_goals_per90,lagged_player_feature,advanced source seasons strictly before target,Player performance or style derived only from the preceding three exact seasons.
advanced_lagged_player_styles,52,advanced_lag3_minutes,lagged_player_feature,advanced source seasons strictly before target,Player performance or style derived only from the preceding three exact seasons.
advanced_lagged_player_styles,53,advanced_lag3_npxg_per90,lagged_player_feature,advanced source seasons strictly before target,Player performance or style derived only from the preceding three exact seasons.
advanced_lagged_player_styles,54,advanced_lag3_role_group,lagged_player_feature,advanced source seasons strictly before target,Player performance or style derived only from the preceding three exact seasons.
advanced_lagged_player_styles,55,advanced_lag3_role_performance_index,lagged_player_feature,advanced source seasons strictly before target,Player performance or style derived only from the preceding three exact seasons.
advanced_lagged_player_styles,56,advanced_lag3_source_rows,lagged_player_feature,advanced source seasons strictly before target,Player performance or style derived only from the preceding three exact seasons.
advanced_lagged_player_styles,57,advanced_lag3_style_aerial_physicality,lagged_player_feature,advanced source seasons strictly before target,Player performance or style derived only from the preceding three exact seasons.
advanced_lagged_player_styles,58,advanced_lag3_style_creation,lagged_player_feature,advanced source seasons strictly before target,Player performance or style derived only from the preceding three exact seasons.
advanced_lagged_player_styles,59,advanced_lag3_style_defensive_intensity,lagged_player_feature,advanced source seasons strictly before target,Player performance or style derived only from the preceding three exact seasons.
advanced_lagged_player_styles,60,advanced_lag3_style_directness,lagged_player_feature,advanced source seasons strictly before target,Player performance or style derived only from the preceding three exact seasons.
advanced_lagged_player_styles,61,advanced_lag3_style_dribble_aggression,lagged_player_feature,advanced source seasons strictly before target,Player performance or style derived only from the preceding three exact seasons.
advanced_lagged_player_styles,62,advanced_lag3_style_passing_control,lagged_player_feature,advanced source seasons strictly before target,Player performance or style derived only from the preceding three exact seasons.
advanced_lagged_player_styles,63,advanced_lag3_style_progression,lagged_player_feature,advanced source seasons strictly before target,Player performance or style derived only from the preceding three exact seasons.
advanced_lagged_player_styles,64,advanced_lag3_style_scoring_threat,lagged_player_feature,advanced source seasons strictly before target,Player performance or style derived only from the preceding three exact seasons.
advanced_lagged_player_styles,65,advanced_max_source_season_used,feature_or_control,advanced source seasons strictly before target,Compatibility feature or explicit coverage/control field; see README policy.
advanced_lagged_player_styles,66,advanced_rolling3_seasons_observed,lagged_player_feature,advanced source seasons strictly before target,Player performance or style derived only from the preceding three exact seasons.
advanced_lagged_player_styles,67,advanced_rolling3_style_aerial_physicality,lagged_player_feature,advanced source seasons strictly before target,Player performance or style derived only from the preceding three exact seasons.
advanced_lagged_player_styles,68,advanced_rolling3_style_creation,lagged_player_feature,advanced source seasons strictly before target,Player performance or style derived only from the preceding three exact seasons.
advanced_lagged_player_styles,69,advanced_rolling3_style_defensive_intensity,lagged_player_feature,advanced source seasons strictly before target,Player performance or style derived only from the preceding three exact seasons.
advanced_lagged_player_styles,70,advanced_rolling3_style_directness,lagged_player_feature,advanced source seasons strictly before target,Player performance or style derived only from the preceding three exact seasons.
advanced_lagged_player_styles,71,advanced_rolling3_style_dribble_aggression,lagged_player_feature,advanced source seasons strictly before target,Player performance or style derived only from the preceding three exact seasons.
advanced_lagged_player_styles,72,advanced_rolling3_style_passing_control,lagged_player_feature,advanced source seasons strictly before target,Player performance or style derived only from the preceding three exact seasons.
advanced_lagged_player_styles,73,advanced_rolling3_style_progression,lagged_player_feature,advanced source seasons strictly before target,Player performance or style derived only from the preceding three exact seasons.
advanced_lagged_player_styles,74,advanced_rolling3_style_scoring_threat,lagged_player_feature,advanced source seasons strictly before target,Player performance or style derived only from the preceding three exact seasons.
advanced_lagged_player_styles,75,advanced_style_aerial_physicality_trend_lag1_minus_lag2,lagged_player_feature,advanced source seasons strictly before target,Player performance or style derived only from the preceding three exact seasons.
advanced_lagged_player_styles,76,advanced_style_creation_trend_lag1_minus_lag2,lagged_player_feature,advanced source seasons strictly before target,Player performance or style derived only from the preceding three exact seasons.
advanced_lagged_player_styles,77,advanced_style_defensive_intensity_trend_lag1_minus_lag2,lagged_player_feature,advanced source seasons strictly before target,Player performance or style derived only from the preceding three exact seasons.
advanced_lagged_player_styles,78,advanced_style_directness_trend_lag1_minus_lag2,lagged_player_feature,advanced source seasons strictly before target,Player performance or style derived only from the preceding three exact seasons.
advanced_lagged_player_styles,79,advanced_style_dribble_aggression_trend_lag1_minus_lag2,lagged_player_feature,advanced source seasons strictly before target,Player performance or style derived only from the preceding three exact seasons.
advanced_lagged_player_styles,80,advanced_style_passing_control_trend_lag1_minus_lag2,lagged_player_feature,advanced source seasons strictly before target,Player performance or style derived only from the preceding three exact seasons.
advanced_lagged_player_styles,81,advanced_style_progression_trend_lag1_minus_lag2,lagged_player_feature,advanced source seasons strictly before target,Player performance or style derived only from the preceding three exact seasons.
advanced_lagged_player_styles,82,advanced_style_scoring_threat_trend_lag1_minus_lag2,lagged_player_feature,advanced source seasons strictly before target,Player performance or style derived only from the preceding three exact seasons.
strict_prior_club_style_context,1,canonical_performance_id,identifier_or_split_control,club season t-1 only; focal removed,"Join, grouping, or chronological split field; do not encode raw IDs as numeric predictors."
strict_prior_club_style_context,2,canonical_player_id,identifier_or_split_control,club season t-1 only; focal removed,"Join, grouping, or chronological split field; do not encode raw IDs as numeric predictors."
strict_prior_club_style_context,3,canonical_player_name,identifier_or_split_control,club season t-1 only; focal removed,"Join, grouping, or chronological split field; do not encode raw IDs as numeric predictors."
strict_prior_club_style_context,4,canonical_club_id,identifier_or_split_control,club season t-1 only; focal removed,"Join, grouping, or chronological split field; do not encode raw IDs as numeric predictors."
strict_prior_club_style_context,5,canonical_club_name,identifier_or_split_control,club season t-1 only; focal removed,"Join, grouping, or chronological split field; do not encode raw IDs as numeric predictors."
strict_prior_club_style_context,6,canonical_competition_id,identifier_or_split_control,club season t-1 only; focal removed,"Join, grouping, or chronological split field; do not encode raw IDs as numeric predictors."
strict_prior_club_style_context,7,canonical_season_key,identifier_or_split_control,club season t-1 only; focal removed,"Join, grouping, or chronological split field; do not encode raw IDs as numeric predictors."
strict_prior_club_style_context,8,season_start_year,identifier_or_split_control,club season t-1 only; focal removed,"Join, grouping, or chronological split field; do not encode raw IDs as numeric predictors."
strict_prior_club_style_context,9,role_group,identifier_or_split_control,club season t-1 only; focal removed,"Join, grouping, or chronological split field; do not encode raw IDs as numeric predictors."
strict_prior_club_style_context,10,recommended_time_split,feature_or_control,club season t-1 only; focal removed,Compatibility feature or explicit coverage/control field; see README policy.
strict_prior_club_style_context,11,strict_all_count,strict_preseason_feature,club season t-1 only; focal removed,Prior-club-season teammate context using only seasons before the target season.
strict_prior_club_style_context,12,strict_all_style_aerial_physicality,strict_preseason_feature,club season t-1 only; focal removed,Prior-club-season teammate context using only seasons before the target season.
strict_prior_club_style_context,13,strict_all_style_creation,strict_preseason_feature,club season t-1 only; focal removed,Prior-club-season teammate context using only seasons before the target season.
strict_prior_club_style_context,14,strict_all_style_defensive_intensity,strict_preseason_feature,club season t-1 only; focal removed,Prior-club-season teammate context using only seasons before the target season.
strict_prior_club_style_context,15,strict_all_style_directness,strict_preseason_feature,club season t-1 only; focal removed,Prior-club-season teammate context using only seasons before the target season.
strict_prior_club_style_context,16,strict_all_style_dribble_aggression,strict_preseason_feature,club season t-1 only; focal removed,Prior-club-season teammate context using only seasons before the target season.
strict_prior_club_style_context,17,strict_all_style_passing_control,strict_preseason_feature,club season t-1 only; focal removed,Prior-club-season teammate context using only seasons before the target season.
strict_prior_club_style_context,18,strict_all_style_progression,strict_preseason_feature,club season t-1 only; focal removed,Prior-club-season teammate context using only seasons before the target season.
strict_prior_club_style_context,19,strict_all_style_scoring_threat,strict_preseason_feature,club season t-1 only; focal removed,Prior-club-season teammate context using only seasons before the target season.
strict_prior_club_style_context,20,strict_all_teammate_count,strict_preseason_feature,club season t-1 only; focal removed,Prior-club-season teammate context using only seasons before the target season.
strict_prior_club_style_context,21,strict_context_defensive_intensity,strict_preseason_feature,club season t-1 only; focal removed,Prior-club-season teammate context using only seasons before the target season.
strict_prior_club_style_context,22,strict_context_familiarity_score_0_100,strict_preseason_feature,club season t-1 only; focal removed,Prior-club-season teammate context using only seasons before the target season.
strict_prior_club_style_context,23,strict_context_feature_eligible,strict_preseason_feature,club season t-1 only; focal removed,Prior-club-season teammate context using only seasons before the target season.
strict_prior_club_style_context,24,strict_context_forward_mobility,strict_preseason_feature,club season t-1 only; focal removed,Prior-club-season teammate context using only seasons before the target season.
strict_prior_club_style_context,25,strict_context_forward_threat,strict_preseason_feature,club season t-1 only; focal removed,Prior-club-season teammate context using only seasons before the target season.
strict_prior_club_style_context,26,strict_context_midfield_aggression,strict_preseason_feature,club season t-1 only; focal removed,Prior-club-season teammate context using only seasons before the target season.
strict_prior_club_style_context,27,strict_context_midfield_creativity,strict_preseason_feature,club season t-1 only; focal removed,Prior-club-season teammate context using only seasons before the target season.
strict_prior_club_style_context,28,strict_context_source_season,strict_preseason_feature,club season t-1 only; focal removed,Prior-club-season teammate context using only seasons before the target season.
strict_prior_club_style_context,29,strict_context_team_passing_control,strict_preseason_feature,club season t-1 only; focal removed,Prior-club-season teammate context using only seasons before the target season.
strict_prior_club_style_context,30,strict_defensive_intensity_familiarity_distance,strict_preseason_feature,club season t-1 only; focal removed,Prior-club-season teammate context using only seasons before the target season.
strict_prior_club_style_context,31,strict_defensive_intensity_preference_distance,strict_preseason_feature,club season t-1 only; focal removed,Prior-club-season teammate context using only seasons before the target season.
strict_prior_club_style_context,32,strict_defensive_intensity_preference_slope_interaction,strict_preseason_feature,club season t-1 only; focal removed,Prior-club-season teammate context using only seasons before the target season.
strict_prior_club_style_context,33,strict_df_count,strict_preseason_feature,club season t-1 only; focal removed,Prior-club-season teammate context using only seasons before the target season.
strict_prior_club_style_context,34,strict_df_style_aerial_physicality,strict_preseason_feature,club season t-1 only; focal removed,Prior-club-season teammate context using only seasons before the target season.
strict_prior_club_style_context,35,strict_df_style_creation,strict_preseason_feature,club season t-1 only; focal removed,Prior-club-season teammate context using only seasons before the target season.
strict_prior_club_style_context,36,strict_df_style_defensive_intensity,strict_preseason_feature,club season t-1 only; focal removed,Prior-club-season teammate context using only seasons before the target season.
strict_prior_club_style_context,37,strict_df_style_directness,strict_preseason_feature,club season t-1 only; focal removed,Prior-club-season teammate context using only seasons before the target season.
strict_prior_club_style_context,38,strict_df_style_dribble_aggression,strict_preseason_feature,club season t-1 only; focal removed,Prior-club-season teammate context using only seasons before the target season.
strict_prior_club_style_context,39,strict_df_style_passing_control,strict_preseason_feature,club season t-1 only; focal removed,Prior-club-season teammate context using only seasons before the target season.
strict_prior_club_style_context,40,strict_df_style_progression,strict_preseason_feature,club season t-1 only; focal removed,Prior-club-season teammate context using only seasons before the target season.
strict_prior_club_style_context,41,strict_df_style_scoring_threat,strict_preseason_feature,club season t-1 only; focal removed,Prior-club-season teammate context using only seasons before the target season.
strict_prior_club_style_context,42,strict_df_teammate_count,strict_preseason_feature,club season t-1 only; focal removed,Prior-club-season teammate context using only seasons before the target season.
strict_prior_club_style_context,43,strict_forward_mobility_familiarity_distance,strict_preseason_feature,club season t-1 only; focal removed,Prior-club-season teammate context using only seasons before the target season.
strict_prior_club_style_context,44,strict_forward_mobility_preference_distance,strict_preseason_feature,club season t-1 only; focal removed,Prior-club-season teammate context using only seasons before the target season.
strict_prior_club_style_context,45,strict_forward_mobility_preference_slope_interaction,strict_preseason_feature,club season t-1 only; focal removed,Prior-club-season teammate context using only seasons before the target season.
strict_prior_club_style_context,46,strict_forward_threat_familiarity_distance,strict_preseason_feature,club season t-1 only; focal removed,Prior-club-season teammate context using only seasons before the target season.
strict_prior_club_style_context,47,strict_forward_threat_preference_distance,strict_preseason_feature,club season t-1 only; focal removed,Prior-club-season teammate context using only seasons before the target season.
strict_prior_club_style_context,48,strict_forward_threat_preference_slope_interaction,strict_preseason_feature,club season t-1 only; focal removed,Prior-club-season teammate context using only seasons before the target season.
strict_prior_club_style_context,49,strict_fw_count,strict_preseason_feature,club season t-1 only; focal removed,Prior-club-season teammate context using only seasons before the target season.
strict_prior_club_style_context,50,strict_fw_style_aerial_physicality,strict_preseason_feature,club season t-1 only; focal removed,Prior-club-season teammate context using only seasons before the target season.
strict_prior_club_style_context,51,strict_fw_style_creation,strict_preseason_feature,club season t-1 only; focal removed,Prior-club-season teammate context using only seasons before the target season.
strict_prior_club_style_context,52,strict_fw_style_defensive_intensity,strict_preseason_feature,club season t-1 only; focal removed,Prior-club-season teammate context using only seasons before the target season.
strict_prior_club_style_context,53,strict_fw_style_directness,strict_preseason_feature,club season t-1 only; focal removed,Prior-club-season teammate context using only seasons before the target season.
strict_prior_club_style_context,54,strict_fw_style_dribble_aggression,strict_preseason_feature,club season t-1 only; focal removed,Prior-club-season teammate context using only seasons before the target season.
strict_prior_club_style_context,55,strict_fw_style_passing_control,strict_preseason_feature,club season t-1 only; focal removed,Prior-club-season teammate context using only seasons before the target season.
strict_prior_club_style_context,56,strict_fw_style_progression,strict_preseason_feature,club season t-1 only; focal removed,Prior-club-season teammate context using only seasons before the target season.
strict_prior_club_style_context,57,strict_fw_style_scoring_threat,strict_preseason_feature,club season t-1 only; focal removed,Prior-club-season teammate context using only seasons before the target season.
strict_prior_club_style_context,58,strict_fw_teammate_count,strict_preseason_feature,club season t-1 only; focal removed,Prior-club-season teammate context using only seasons before the target season.
strict_prior_club_style_context,59,strict_mf_count,strict_preseason_feature,club season t-1 only; focal removed,Prior-club-season teammate context using only seasons before the target season.
strict_prior_club_style_context,60,strict_mf_style_aerial_physicality,strict_preseason_feature,club season t-1 only; focal removed,Prior-club-season teammate context using only seasons before the target season.
strict_prior_club_style_context,61,strict_mf_style_creation,strict_preseason_feature,club season t-1 only; focal removed,Prior-club-season teammate context using only seasons before the target season.
strict_prior_club_style_context,62,strict_mf_style_defensive_intensity,strict_preseason_feature,club season t-1 only; focal removed,Prior-club-season teammate context using only seasons before the target season.
strict_prior_club_style_context,63,strict_mf_style_directness,strict_preseason_feature,club season t-1 only; focal removed,Prior-club-season teammate context using only seasons before the target season.
strict_prior_club_style_context,64,strict_mf_style_dribble_aggression,strict_preseason_feature,club season t-1 only; focal removed,Prior-club-season teammate context using only seasons before the target season.
strict_prior_club_style_context,65,strict_mf_style_passing_control,strict_preseason_feature,club season t-1 only; focal removed,Prior-club-season teammate context using only seasons before the target season.
strict_prior_club_style_context,66,strict_mf_style_progression,strict_preseason_feature,club season t-1 only; focal removed,Prior-club-season teammate context using only seasons before the target season.
strict_prior_club_style_context,67,strict_mf_style_scoring_threat,strict_preseason_feature,club season t-1 only; focal removed,Prior-club-season teammate context using only seasons before the target season.
strict_prior_club_style_context,68,strict_mf_teammate_count,strict_preseason_feature,club season t-1 only; focal removed,Prior-club-season teammate context using only seasons before the target season.
strict_prior_club_style_context,69,strict_midfield_aggression_familiarity_distance,strict_preseason_feature,club season t-1 only; focal removed,Prior-club-season teammate context using only seasons before the target season.
strict_prior_club_style_context,70,strict_midfield_aggression_preference_distance,strict_preseason_feature,club season t-1 only; focal removed,Prior-club-season teammate context using only seasons before the target season.
strict_prior_club_style_context,71,strict_midfield_aggression_preference_slope_interaction,strict_preseason_feature,club season t-1 only; focal removed,Prior-club-season teammate context using only seasons before the target season.
strict_prior_club_style_context,72,strict_midfield_creativity_familiarity_distance,strict_preseason_feature,club season t-1 only; focal removed,Prior-club-season teammate context using only seasons before the target season.
strict_prior_club_style_context,73,strict_midfield_creativity_preference_distance,strict_preseason_feature,club season t-1 only; focal removed,Prior-club-season teammate context using only seasons before the target season.
strict_prior_club_style_context,74,strict_midfield_creativity_preference_slope_interaction,strict_preseason_feature,club season t-1 only; focal removed,Prior-club-season teammate context using only seasons before the target season.
strict_prior_club_style_context,75,strict_player_creation_x_forward_threat,strict_preseason_feature,club season t-1 only; focal removed,Prior-club-season teammate context using only seasons before the target season.
strict_prior_club_style_context,76,strict_player_defense_x_defensive_intensity,strict_preseason_feature,club season t-1 only; focal removed,Prior-club-season teammate context using only seasons before the target season.
strict_prior_club_style_context,77,strict_player_dribble_x_midfield_aggression,strict_preseason_feature,club season t-1 only; focal removed,Prior-club-season teammate context using only seasons before the target season.
strict_prior_club_style_context,78,strict_player_passing_x_team_passing_control,strict_preseason_feature,club season t-1 only; focal removed,Prior-club-season teammate context using only seasons before the target season.
strict_prior_club_style_context,79,strict_player_progression_x_forward_mobility,strict_preseason_feature,club season t-1 only; focal removed,Prior-club-season teammate context using only seasons before the target season.
strict_prior_club_style_context,80,strict_player_scoring_x_midfield_creativity,strict_preseason_feature,club season t-1 only; focal removed,Prior-club-season teammate context using only seasons before the target season.
strict_prior_club_style_context,81,strict_player_team_style_cosine_similarity,strict_preseason_feature,club season t-1 only; focal removed,Prior-club-season teammate context using only seasons before the target season.
strict_prior_club_style_context,82,strict_player_team_style_mean_absolute_distance,strict_preseason_feature,club season t-1 only; focal removed,Prior-club-season teammate context using only seasons before the target season.
strict_prior_club_style_context,83,strict_preference_fit_score_0_100,strict_preseason_feature,club season t-1 only; focal removed,Prior-club-season teammate context using only seasons before the target season.
strict_prior_club_style_context,84,strict_preference_slope_signal,strict_preseason_feature,club season t-1 only; focal removed,Prior-club-season teammate context using only seasons before the target season.
strict_prior_club_style_context,85,strict_prior_club_context_available,strict_preseason_feature,club season t-1 only; focal removed,Prior-club-season teammate context using only seasons before the target season.
strict_prior_club_style_context,86,strict_team_distinct_players,strict_preseason_feature,club season t-1 only; focal removed,Prior-club-season teammate context using only seasons before the target season.
strict_prior_club_style_context,87,strict_team_minutes,strict_preseason_feature,club season t-1 only; focal removed,Prior-club-season teammate context using only seasons before the target season.
strict_prior_club_style_context,88,strict_team_passing_control_familiarity_distance,strict_preseason_feature,club season t-1 only; focal removed,Prior-club-season teammate context using only seasons before the target season.
strict_prior_club_style_context,89,strict_team_passing_control_preference_distance,strict_preseason_feature,club season t-1 only; focal removed,Prior-club-season teammate context using only seasons before the target season.
strict_prior_club_style_context,90,strict_team_passing_control_preference_slope_interaction,strict_preseason_feature,club season t-1 only; focal removed,Prior-club-season teammate context using only seasons before the target season.
strict_prior_club_style_context,91,strict_team_player_rows,strict_preseason_feature,club season t-1 only; focal removed,Prior-club-season teammate context using only seasons before the target season.
roster_conditioned_teammate_style_context,1,canonical_performance_id,identifier_or_split_control,"lagged performance, but target roster membership is scenario-only","Join, grouping, or chronological split field; do not encode raw IDs as numeric predictors."
roster_conditioned_teammate_style_context,2,canonical_player_id,identifier_or_split_control,"lagged performance, but target roster membership is scenario-only","Join, grouping, or chronological split field; do not encode raw IDs as numeric predictors."
roster_conditioned_teammate_style_context,3,canonical_player_name,identifier_or_split_control,"lagged performance, but target roster membership is scenario-only","Join, grouping, or chronological split field; do not encode raw IDs as numeric predictors."
roster_conditioned_teammate_style_context,4,canonical_club_id,identifier_or_split_control,"lagged performance, but target roster membership is scenario-only","Join, grouping, or chronological split field; do not encode raw IDs as numeric predictors."
roster_conditioned_teammate_style_context,5,canonical_club_name,identifier_or_split_control,"lagged performance, but target roster membership is scenario-only","Join, grouping, or chronological split field; do not encode raw IDs as numeric predictors."
roster_conditioned_teammate_style_context,6,canonical_competition_id,identifier_or_split_control,"lagged performance, but target roster membership is scenario-only","Join, grouping, or chronological split field; do not encode raw IDs as numeric predictors."
roster_conditioned_teammate_style_context,7,canonical_season_key,identifier_or_split_control,"lagged performance, but target roster membership is scenario-only","Join, grouping, or chronological split field; do not encode raw IDs as numeric predictors."
roster_conditioned_teammate_style_context,8,season_start_year,identifier_or_split_control,"lagged performance, but target roster membership is scenario-only","Join, grouping, or chronological split field; do not encode raw IDs as numeric predictors."
roster_conditioned_teammate_style_context,9,role_group,identifier_or_split_control,"lagged performance, but target roster membership is scenario-only","Join, grouping, or chronological split field; do not encode raw IDs as numeric predictors."
roster_conditioned_teammate_style_context,10,recommended_time_split,feature_or_control,"lagged performance, but target roster membership is scenario-only",Compatibility feature or explicit coverage/control field; see README policy.
roster_conditioned_teammate_style_context,11,roster_all_style_aerial_physicality,scenario_feature,"lagged performance, but target roster membership is scenario-only","Target-roster-conditioned feature; prior performance only, but roster membership is scenario input and can leak in historical backtests."
roster_conditioned_teammate_style_context,12,roster_all_style_creation,scenario_feature,"lagged performance, but target roster membership is scenario-only","Target-roster-conditioned feature; prior performance only, but roster membership is scenario input and can leak in historical backtests."
roster_conditioned_teammate_style_context,13,roster_all_style_defensive_intensity,scenario_feature,"lagged performance, but target roster membership is scenario-only","Target-roster-conditioned feature; prior performance only, but roster membership is scenario input and can leak in historical backtests."
roster_conditioned_teammate_style_context,14,roster_all_style_directness,scenario_feature,"lagged performance, but target roster membership is scenario-only","Target-roster-conditioned feature; prior performance only, but roster membership is scenario input and can leak in historical backtests."
roster_conditioned_teammate_style_context,15,roster_all_style_dribble_aggression,scenario_feature,"lagged performance, but target roster membership is scenario-only","Target-roster-conditioned feature; prior performance only, but roster membership is scenario input and can leak in historical backtests."
roster_conditioned_teammate_style_context,16,roster_all_style_passing_control,scenario_feature,"lagged performance, but target roster membership is scenario-only","Target-roster-conditioned feature; prior performance only, but roster membership is scenario input and can leak in historical backtests."
roster_conditioned_teammate_style_context,17,roster_all_style_progression,scenario_feature,"lagged performance, but target roster membership is scenario-only","Target-roster-conditioned feature; prior performance only, but roster membership is scenario input and can leak in historical backtests."
roster_conditioned_teammate_style_context,18,roster_all_style_scoring_threat,scenario_feature,"lagged performance, but target roster membership is scenario-only","Target-roster-conditioned feature; prior performance only, but roster membership is scenario input and can leak in historical backtests."
roster_conditioned_teammate_style_context,19,roster_all_teammate_count,scenario_feature,"lagged performance, but target roster membership is scenario-only","Target-roster-conditioned feature; prior performance only, but roster membership is scenario input and can leak in historical backtests."
roster_conditioned_teammate_style_context,20,roster_context_defensive_intensity,scenario_feature,"lagged performance, but target roster membership is scenario-only","Target-roster-conditioned feature; prior performance only, but roster membership is scenario input and can leak in historical backtests."
roster_conditioned_teammate_style_context,21,roster_context_familiarity_score_0_100,scenario_feature,"lagged performance, but target roster membership is scenario-only","Target-roster-conditioned feature; prior performance only, but roster membership is scenario input and can leak in historical backtests."
roster_conditioned_teammate_style_context,22,roster_context_feature_eligible,scenario_feature,"lagged performance, but target roster membership is scenario-only","Target-roster-conditioned feature; prior performance only, but roster membership is scenario input and can leak in historical backtests."
roster_conditioned_teammate_style_context,23,roster_context_forward_mobility,scenario_feature,"lagged performance, but target roster membership is scenario-only","Target-roster-conditioned feature; prior performance only, but roster membership is scenario input and can leak in historical backtests."
roster_conditioned_teammate_style_context,24,roster_context_forward_threat,scenario_feature,"lagged performance, but target roster membership is scenario-only","Target-roster-conditioned feature; prior performance only, but roster membership is scenario input and can leak in historical backtests."
roster_conditioned_teammate_style_context,25,roster_context_max_performance_season_used,scenario_feature,"lagged performance, but target roster membership is scenario-only","Target-roster-conditioned feature; prior performance only, but roster membership is scenario input and can leak in historical backtests."
roster_conditioned_teammate_style_context,26,roster_context_membership_timing,scenario_feature,"lagged performance, but target roster membership is scenario-only","Target-roster-conditioned feature; prior performance only, but roster membership is scenario input and can leak in historical backtests."
roster_conditioned_teammate_style_context,27,roster_context_midfield_aggression,scenario_feature,"lagged performance, but target roster membership is scenario-only","Target-roster-conditioned feature; prior performance only, but roster membership is scenario input and can leak in historical backtests."
roster_conditioned_teammate_style_context,28,roster_context_midfield_creativity,scenario_feature,"lagged performance, but target roster membership is scenario-only","Target-roster-conditioned feature; prior performance only, but roster membership is scenario input and can leak in historical backtests."
roster_conditioned_teammate_style_context,29,roster_context_team_passing_control,scenario_feature,"lagged performance, but target roster membership is scenario-only","Target-roster-conditioned feature; prior performance only, but roster membership is scenario input and can leak in historical backtests."
roster_conditioned_teammate_style_context,30,roster_defensive_intensity_familiarity_distance,scenario_feature,"lagged performance, but target roster membership is scenario-only","Target-roster-conditioned feature; prior performance only, but roster membership is scenario input and can leak in historical backtests."
roster_conditioned_teammate_style_context,31,roster_defensive_intensity_preference_distance,scenario_feature,"lagged performance, but target roster membership is scenario-only","Target-roster-conditioned feature; prior performance only, but roster membership is scenario input and can leak in historical backtests."
roster_conditioned_teammate_style_context,32,roster_defensive_intensity_preference_slope_interaction,scenario_feature,"lagged performance, but target roster membership is scenario-only","Target-roster-conditioned feature; prior performance only, but roster membership is scenario input and can leak in historical backtests."
roster_conditioned_teammate_style_context,33,roster_df_style_aerial_physicality,scenario_feature,"lagged performance, but target roster membership is scenario-only","Target-roster-conditioned feature; prior performance only, but roster membership is scenario input and can leak in historical backtests."
roster_conditioned_teammate_style_context,34,roster_df_style_creation,scenario_feature,"lagged performance, but target roster membership is scenario-only","Target-roster-conditioned feature; prior performance only, but roster membership is scenario input and can leak in historical backtests."
roster_conditioned_teammate_style_context,35,roster_df_style_defensive_intensity,scenario_feature,"lagged performance, but target roster membership is scenario-only","Target-roster-conditioned feature; prior performance only, but roster membership is scenario input and can leak in historical backtests."
roster_conditioned_teammate_style_context,36,roster_df_style_directness,scenario_feature,"lagged performance, but target roster membership is scenario-only","Target-roster-conditioned feature; prior performance only, but roster membership is scenario input and can leak in historical backtests."
roster_conditioned_teammate_style_context,37,roster_df_style_dribble_aggression,scenario_feature,"lagged performance, but target roster membership is scenario-only","Target-roster-conditioned feature; prior performance only, but roster membership is scenario input and can leak in historical backtests."
roster_conditioned_teammate_style_context,38,roster_df_style_passing_control,scenario_feature,"lagged performance, but target roster membership is scenario-only","Target-roster-conditioned feature; prior performance only, but roster membership is scenario input and can leak in historical backtests."
roster_conditioned_teammate_style_context,39,roster_df_style_progression,scenario_feature,"lagged performance, but target roster membership is scenario-only","Target-roster-conditioned feature; prior performance only, but roster membership is scenario input and can leak in historical backtests."
roster_conditioned_teammate_style_context,40,roster_df_style_scoring_threat,scenario_feature,"lagged performance, but target roster membership is scenario-only","Target-roster-conditioned feature; prior performance only, but roster membership is scenario input and can leak in historical backtests."
roster_conditioned_teammate_style_context,41,roster_df_teammate_count,scenario_feature,"lagged performance, but target roster membership is scenario-only","Target-roster-conditioned feature; prior performance only, but roster membership is scenario input and can leak in historical backtests."
roster_conditioned_teammate_style_context,42,roster_forward_mobility_familiarity_distance,scenario_feature,"lagged performance, but target roster membership is scenario-only","Target-roster-conditioned feature; prior performance only, but roster membership is scenario input and can leak in historical backtests."
roster_conditioned_teammate_style_context,43,roster_forward_mobility_preference_distance,scenario_feature,"lagged performance, but target roster membership is scenario-only","Target-roster-conditioned feature; prior performance only, but roster membership is scenario input and can leak in historical backtests."
roster_conditioned_teammate_style_context,44,roster_forward_mobility_preference_slope_interaction,scenario_feature,"lagged performance, but target roster membership is scenario-only","Target-roster-conditioned feature; prior performance only, but roster membership is scenario input and can leak in historical backtests."
roster_conditioned_teammate_style_context,45,roster_forward_threat_familiarity_distance,scenario_feature,"lagged performance, but target roster membership is scenario-only","Target-roster-conditioned feature; prior performance only, but roster membership is scenario input and can leak in historical backtests."
roster_conditioned_teammate_style_context,46,roster_forward_threat_preference_distance,scenario_feature,"lagged performance, but target roster membership is scenario-only","Target-roster-conditioned feature; prior performance only, but roster membership is scenario input and can leak in historical backtests."
roster_conditioned_teammate_style_context,47,roster_forward_threat_preference_slope_interaction,scenario_feature,"lagged performance, but target roster membership is scenario-only","Target-roster-conditioned feature; prior performance only, but roster membership is scenario input and can leak in historical backtests."
roster_conditioned_teammate_style_context,48,roster_fw_style_aerial_physicality,scenario_feature,"lagged performance, but target roster membership is scenario-only","Target-roster-conditioned feature; prior performance only, but roster membership is scenario input and can leak in historical backtests."
roster_conditioned_teammate_style_context,49,roster_fw_style_creation,scenario_feature,"lagged performance, but target roster membership is scenario-only","Target-roster-conditioned feature; prior performance only, but roster membership is scenario input and can leak in historical backtests."
roster_conditioned_teammate_style_context,50,roster_fw_style_defensive_intensity,scenario_feature,"lagged performance, but target roster membership is scenario-only","Target-roster-conditioned feature; prior performance only, but roster membership is scenario input and can leak in historical backtests."
roster_conditioned_teammate_style_context,51,roster_fw_style_directness,scenario_feature,"lagged performance, but target roster membership is scenario-only","Target-roster-conditioned feature; prior performance only, but roster membership is scenario input and can leak in historical backtests."
roster_conditioned_teammate_style_context,52,roster_fw_style_dribble_aggression,scenario_feature,"lagged performance, but target roster membership is scenario-only","Target-roster-conditioned feature; prior performance only, but roster membership is scenario input and can leak in historical backtests."
roster_conditioned_teammate_style_context,53,roster_fw_style_passing_control,scenario_feature,"lagged performance, but target roster membership is scenario-only","Target-roster-conditioned feature; prior performance only, but roster membership is scenario input and can leak in historical backtests."
roster_conditioned_teammate_style_context,54,roster_fw_style_progression,scenario_feature,"lagged performance, but target roster membership is scenario-only","Target-roster-conditioned feature; prior performance only, but roster membership is scenario input and can leak in historical backtests."
roster_conditioned_teammate_style_context,55,roster_fw_style_scoring_threat,scenario_feature,"lagged performance, but target roster membership is scenario-only","Target-roster-conditioned feature; prior performance only, but roster membership is scenario input and can leak in historical backtests."
roster_conditioned_teammate_style_context,56,roster_fw_teammate_count,scenario_feature,"lagged performance, but target roster membership is scenario-only","Target-roster-conditioned feature; prior performance only, but roster membership is scenario input and can leak in historical backtests."
roster_conditioned_teammate_style_context,57,roster_mf_style_aerial_physicality,scenario_feature,"lagged performance, but target roster membership is scenario-only","Target-roster-conditioned feature; prior performance only, but roster membership is scenario input and can leak in historical backtests."
roster_conditioned_teammate_style_context,58,roster_mf_style_creation,scenario_feature,"lagged performance, but target roster membership is scenario-only","Target-roster-conditioned feature; prior performance only, but roster membership is scenario input and can leak in historical backtests."
roster_conditioned_teammate_style_context,59,roster_mf_style_defensive_intensity,scenario_feature,"lagged performance, but target roster membership is scenario-only","Target-roster-conditioned feature; prior performance only, but roster membership is scenario input and can leak in historical backtests."
roster_conditioned_teammate_style_context,60,roster_mf_style_directness,scenario_feature,"lagged performance, but target roster membership is scenario-only","Target-roster-conditioned feature; prior performance only, but roster membership is scenario input and can leak in historical backtests."
roster_conditioned_teammate_style_context,61,roster_mf_style_dribble_aggression,scenario_feature,"lagged performance, but target roster membership is scenario-only","Target-roster-conditioned feature; prior performance only, but roster membership is scenario input and can leak in historical backtests."
roster_conditioned_teammate_style_context,62,roster_mf_style_passing_control,scenario_feature,"lagged performance, but target roster membership is scenario-only","Target-roster-conditioned feature; prior performance only, but roster membership is scenario input and can leak in historical backtests."
roster_conditioned_teammate_style_context,63,roster_mf_style_progression,scenario_feature,"lagged performance, but target roster membership is scenario-only","Target-roster-conditioned feature; prior performance only, but roster membership is scenario input and can leak in historical backtests."
roster_conditioned_teammate_style_context,64,roster_mf_style_scoring_threat,scenario_feature,"lagged performance, but target roster membership is scenario-only","Target-roster-conditioned feature; prior performance only, but roster membership is scenario input and can leak in historical backtests."
roster_conditioned_teammate_style_context,65,roster_mf_teammate_count,scenario_feature,"lagged performance, but target roster membership is scenario-only","Target-roster-conditioned feature; prior performance only, but roster membership is scenario input and can leak in historical backtests."
roster_conditioned_teammate_style_context,66,roster_midfield_aggression_familiarity_distance,scenario_feature,"lagged performance, but target roster membership is scenario-only","Target-roster-conditioned feature; prior performance only, but roster membership is scenario input and can leak in historical backtests."
roster_conditioned_teammate_style_context,67,roster_midfield_aggression_preference_distance,scenario_feature,"lagged performance, but target roster membership is scenario-only","Target-roster-conditioned feature; prior performance only, but roster membership is scenario input and can leak in historical backtests."
roster_conditioned_teammate_style_context,68,roster_midfield_aggression_preference_slope_interaction,scenario_feature,"lagged performance, but target roster membership is scenario-only","Target-roster-conditioned feature; prior performance only, but roster membership is scenario input and can leak in historical backtests."
roster_conditioned_teammate_style_context,69,roster_midfield_creativity_familiarity_distance,scenario_feature,"lagged performance, but target roster membership is scenario-only","Target-roster-conditioned feature; prior performance only, but roster membership is scenario input and can leak in historical backtests."
roster_conditioned_teammate_style_context,70,roster_midfield_creativity_preference_distance,scenario_feature,"lagged performance, but target roster membership is scenario-only","Target-roster-conditioned feature; prior performance only, but roster membership is scenario input and can leak in historical backtests."
roster_conditioned_teammate_style_context,71,roster_midfield_creativity_preference_slope_interaction,scenario_feature,"lagged performance, but target roster membership is scenario-only","Target-roster-conditioned feature; prior performance only, but roster membership is scenario input and can leak in historical backtests."
roster_conditioned_teammate_style_context,72,roster_player_creation_x_forward_threat,scenario_feature,"lagged performance, but target roster membership is scenario-only","Target-roster-conditioned feature; prior performance only, but roster membership is scenario input and can leak in historical backtests."
roster_conditioned_teammate_style_context,73,roster_player_defense_x_defensive_intensity,scenario_feature,"lagged performance, but target roster membership is scenario-only","Target-roster-conditioned feature; prior performance only, but roster membership is scenario input and can leak in historical backtests."
roster_conditioned_teammate_style_context,74,roster_player_dribble_x_midfield_aggression,scenario_feature,"lagged performance, but target roster membership is scenario-only","Target-roster-conditioned feature; prior performance only, but roster membership is scenario input and can leak in historical backtests."
roster_conditioned_teammate_style_context,75,roster_player_passing_x_team_passing_control,scenario_feature,"lagged performance, but target roster membership is scenario-only","Target-roster-conditioned feature; prior performance only, but roster membership is scenario input and can leak in historical backtests."
roster_conditioned_teammate_style_context,76,roster_player_progression_x_forward_mobility,scenario_feature,"lagged performance, but target roster membership is scenario-only","Target-roster-conditioned feature; prior performance only, but roster membership is scenario input and can leak in historical backtests."
roster_conditioned_teammate_style_context,77,roster_player_scoring_x_midfield_creativity,scenario_feature,"lagged performance, but target roster membership is scenario-only","Target-roster-conditioned feature; prior performance only, but roster membership is scenario input and can leak in historical backtests."
roster_conditioned_teammate_style_context,78,roster_player_team_style_cosine_similarity,scenario_feature,"lagged performance, but target roster membership is scenario-only","Target-roster-conditioned feature; prior performance only, but roster membership is scenario input and can leak in historical backtests."
roster_conditioned_teammate_style_context,79,roster_player_team_style_mean_absolute_distance,scenario_feature,"lagged performance, but target roster membership is scenario-only","Target-roster-conditioned feature; prior performance only, but roster membership is scenario input and can leak in historical backtests."
roster_conditioned_teammate_style_context,80,roster_preference_fit_score_0_100,scenario_feature,"lagged performance, but target roster membership is scenario-only","Target-roster-conditioned feature; prior performance only, but roster membership is scenario input and can leak in historical backtests."
roster_conditioned_teammate_style_context,81,roster_preference_slope_signal,scenario_feature,"lagged performance, but target roster membership is scenario-only","Target-roster-conditioned feature; prior performance only, but roster membership is scenario input and can leak in historical backtests."
roster_conditioned_teammate_style_context,82,roster_self_removed,scenario_feature,"lagged performance, but target roster membership is scenario-only","Target-roster-conditioned feature; prior performance only, but roster membership is scenario input and can leak in historical backtests."
roster_conditioned_teammate_style_context,83,roster_team_passing_control_familiarity_distance,scenario_feature,"lagged performance, but target roster membership is scenario-only","Target-roster-conditioned feature; prior performance only, but roster membership is scenario input and can leak in historical backtests."
roster_conditioned_teammate_style_context,84,roster_team_passing_control_preference_distance,scenario_feature,"lagged performance, but target roster membership is scenario-only","Target-roster-conditioned feature; prior performance only, but roster membership is scenario input and can leak in historical backtests."
roster_conditioned_teammate_style_context,85,roster_team_passing_control_preference_slope_interaction,scenario_feature,"lagged performance, but target roster membership is scenario-only","Target-roster-conditioned feature; prior performance only, but roster membership is scenario input and can leak in historical backtests."
teammate_style_compatibility_features,1,canonical_performance_id,identifier_or_split_control,mixed strict and scenario features explicitly named,"Join, grouping, or chronological split field; do not encode raw IDs as numeric predictors."
teammate_style_compatibility_features,2,canonical_player_id,identifier_or_split_control,mixed strict and scenario features explicitly named,"Join, grouping, or chronological split field; do not encode raw IDs as numeric predictors."
teammate_style_compatibility_features,3,canonical_player_name,identifier_or_split_control,mixed strict and scenario features explicitly named,"Join, grouping, or chronological split field; do not encode raw IDs as numeric predictors."
teammate_style_compatibility_features,4,canonical_club_id,identifier_or_split_control,mixed strict and scenario features explicitly named,"Join, grouping, or chronological split field; do not encode raw IDs as numeric predictors."
teammate_style_compatibility_features,5,canonical_club_name,identifier_or_split_control,mixed strict and scenario features explicitly named,"Join, grouping, or chronological split field; do not encode raw IDs as numeric predictors."
teammate_style_compatibility_features,6,canonical_competition_id,identifier_or_split_control,mixed strict and scenario features explicitly named,"Join, grouping, or chronological split field; do not encode raw IDs as numeric predictors."
teammate_style_compatibility_features,7,canonical_season_key,identifier_or_split_control,mixed strict and scenario features explicitly named,"Join, grouping, or chronological split field; do not encode raw IDs as numeric predictors."
teammate_style_compatibility_features,8,season_start_year,identifier_or_split_control,mixed strict and scenario features explicitly named,"Join, grouping, or chronological split field; do not encode raw IDs as numeric predictors."
teammate_style_compatibility_features,9,role_group,identifier_or_split_control,mixed strict and scenario features explicitly named,"Join, grouping, or chronological split field; do not encode raw IDs as numeric predictors."
teammate_style_compatibility_features,10,recommended_time_split,feature_or_control,mixed strict and scenario features explicitly named,Compatibility feature or explicit coverage/control field; see README policy.
teammate_style_compatibility_features,11,strict_model_feature_eligible,strict_preseason_feature,mixed strict and scenario features explicitly named,Prior-club-season teammate context using only seasons before the target season.
teammate_style_compatibility_features,12,roster_model_feature_eligible,scenario_feature,mixed strict and scenario features explicitly named,"Target-roster-conditioned feature; prior performance only, but roster membership is scenario input and can leak in historical backtests."
teammate_style_compatibility_features,13,preference_model_feature_eligible,historical_preference_feature,mixed strict and scenario features explicitly named,Expanding player history using only seasons before the target; slopes are shrunk by effective observations.
teammate_style_compatibility_features,14,advanced_lag1_assists_per90,lagged_player_feature,mixed strict and scenario features explicitly named,Player performance or style derived only from the preceding three exact seasons.
teammate_style_compatibility_features,15,advanced_lag1_available,lagged_player_feature,mixed strict and scenario features explicitly named,Player performance or style derived only from the preceding three exact seasons.
teammate_style_compatibility_features,16,advanced_lag1_clubs,lagged_player_feature,mixed strict and scenario features explicitly named,Player performance or style derived only from the preceding three exact seasons.
teammate_style_compatibility_features,17,advanced_lag1_competitions,lagged_player_feature,mixed strict and scenario features explicitly named,Player performance or style derived only from the preceding three exact seasons.
teammate_style_compatibility_features,18,advanced_lag1_goals_per90,lagged_player_feature,mixed strict and scenario features explicitly named,Player performance or style derived only from the preceding three exact seasons.
teammate_style_compatibility_features,19,advanced_lag1_minutes,lagged_player_feature,mixed strict and scenario features explicitly named,Player performance or style derived only from the preceding three exact seasons.
teammate_style_compatibility_features,20,advanced_lag1_npxg_per90,lagged_player_feature,mixed strict and scenario features explicitly named,Player performance or style derived only from the preceding three exact seasons.
teammate_style_compatibility_features,21,advanced_lag1_role_group,lagged_player_feature,mixed strict and scenario features explicitly named,Player performance or style derived only from the preceding three exact seasons.
teammate_style_compatibility_features,22,advanced_lag1_role_performance_index,lagged_player_feature,mixed strict and scenario features explicitly named,Player performance or style derived only from the preceding three exact seasons.
teammate_style_compatibility_features,23,advanced_lag1_source_rows,lagged_player_feature,mixed strict and scenario features explicitly named,Player performance or style derived only from the preceding three exact seasons.
teammate_style_compatibility_features,24,advanced_lag1_style_aerial_physicality,lagged_player_feature,mixed strict and scenario features explicitly named,Player performance or style derived only from the preceding three exact seasons.
teammate_style_compatibility_features,25,advanced_lag1_style_creation,lagged_player_feature,mixed strict and scenario features explicitly named,Player performance or style derived only from the preceding three exact seasons.
teammate_style_compatibility_features,26,advanced_lag1_style_defensive_intensity,lagged_player_feature,mixed strict and scenario features explicitly named,Player performance or style derived only from the preceding three exact seasons.
teammate_style_compatibility_features,27,advanced_lag1_style_directness,lagged_player_feature,mixed strict and scenario features explicitly named,Player performance or style derived only from the preceding three exact seasons.
teammate_style_compatibility_features,28,advanced_lag1_style_dribble_aggression,lagged_player_feature,mixed strict and scenario features explicitly named,Player performance or style derived only from the preceding three exact seasons.
teammate_style_compatibility_features,29,advanced_lag1_style_passing_control,lagged_player_feature,mixed strict and scenario features explicitly named,Player performance or style derived only from the preceding three exact seasons.
teammate_style_compatibility_features,30,advanced_lag1_style_progression,lagged_player_feature,mixed strict and scenario features explicitly named,Player performance or style derived only from the preceding three exact seasons.
teammate_style_compatibility_features,31,advanced_lag1_style_scoring_threat,lagged_player_feature,mixed strict and scenario features explicitly named,Player performance or style derived only from the preceding three exact seasons.
teammate_style_compatibility_features,32,advanced_lag2_assists_per90,lagged_player_feature,mixed strict and scenario features explicitly named,Player performance or style derived only from the preceding three exact seasons.
teammate_style_compatibility_features,33,advanced_lag2_available,lagged_player_feature,mixed strict and scenario features explicitly named,Player performance or style derived only from the preceding three exact seasons.
teammate_style_compatibility_features,34,advanced_lag2_clubs,lagged_player_feature,mixed strict and scenario features explicitly named,Player performance or style derived only from the preceding three exact seasons.
teammate_style_compatibility_features,35,advanced_lag2_competitions,lagged_player_feature,mixed strict and scenario features explicitly named,Player performance or style derived only from the preceding three exact seasons.
teammate_style_compatibility_features,36,advanced_lag2_goals_per90,lagged_player_feature,mixed strict and scenario features explicitly named,Player performance or style derived only from the preceding three exact seasons.
teammate_style_compatibility_features,37,advanced_lag2_minutes,lagged_player_feature,mixed strict and scenario features explicitly named,Player performance or style derived only from the preceding three exact seasons.
teammate_style_compatibility_features,38,advanced_lag2_npxg_per90,lagged_player_feature,mixed strict and scenario features explicitly named,Player performance or style derived only from the preceding three exact seasons.
teammate_style_compatibility_features,39,advanced_lag2_role_group,lagged_player_feature,mixed strict and scenario features explicitly named,Player performance or style derived only from the preceding three exact seasons.
teammate_style_compatibility_features,40,advanced_lag2_role_performance_index,lagged_player_feature,mixed strict and scenario features explicitly named,Player performance or style derived only from the preceding three exact seasons.
teammate_style_compatibility_features,41,advanced_lag2_source_rows,lagged_player_feature,mixed strict and scenario features explicitly named,Player performance or style derived only from the preceding three exact seasons.
teammate_style_compatibility_features,42,advanced_lag2_style_aerial_physicality,lagged_player_feature,mixed strict and scenario features explicitly named,Player performance or style derived only from the preceding three exact seasons.
teammate_style_compatibility_features,43,advanced_lag2_style_creation,lagged_player_feature,mixed strict and scenario features explicitly named,Player performance or style derived only from the preceding three exact seasons.
teammate_style_compatibility_features,44,advanced_lag2_style_defensive_intensity,lagged_player_feature,mixed strict and scenario features explicitly named,Player performance or style derived only from the preceding three exact seasons.
teammate_style_compatibility_features,45,advanced_lag2_style_directness,lagged_player_feature,mixed strict and scenario features explicitly named,Player performance or style derived only from the preceding three exact seasons.
teammate_style_compatibility_features,46,advanced_lag2_style_dribble_aggression,lagged_player_feature,mixed strict and scenario features explicitly named,Player performance or style derived only from the preceding three exact seasons.
teammate_style_compatibility_features,47,advanced_lag2_style_passing_control,lagged_player_feature,mixed strict and scenario features explicitly named,Player performance or style derived only from the preceding three exact seasons.
teammate_style_compatibility_features,48,advanced_lag2_style_progression,lagged_player_feature,mixed strict and scenario features explicitly named,Player performance or style derived only from the preceding three exact seasons.
teammate_style_compatibility_features,49,advanced_lag2_style_scoring_threat,lagged_player_feature,mixed strict and scenario features explicitly named,Player performance or style derived only from the preceding three exact seasons.
teammate_style_compatibility_features,50,advanced_lag3_assists_per90,lagged_player_feature,mixed strict and scenario features explicitly named,Player performance or style derived only from the preceding three exact seasons.
teammate_style_compatibility_features,51,advanced_lag3_available,lagged_player_feature,mixed strict and scenario features explicitly named,Player performance or style derived only from the preceding three exact seasons.
teammate_style_compatibility_features,52,advanced_lag3_clubs,lagged_player_feature,mixed strict and scenario features explicitly named,Player performance or style derived only from the preceding three exact seasons.
teammate_style_compatibility_features,53,advanced_lag3_competitions,lagged_player_feature,mixed strict and scenario features explicitly named,Player performance or style derived only from the preceding three exact seasons.
teammate_style_compatibility_features,54,advanced_lag3_goals_per90,lagged_player_feature,mixed strict and scenario features explicitly named,Player performance or style derived only from the preceding three exact seasons.
teammate_style_compatibility_features,55,advanced_lag3_minutes,lagged_player_feature,mixed strict and scenario features explicitly named,Player performance or style derived only from the preceding three exact seasons.
teammate_style_compatibility_features,56,advanced_lag3_npxg_per90,lagged_player_feature,mixed strict and scenario features explicitly named,Player performance or style derived only from the preceding three exact seasons.
teammate_style_compatibility_features,57,advanced_lag3_role_group,lagged_player_feature,mixed strict and scenario features explicitly named,Player performance or style derived only from the preceding three exact seasons.
teammate_style_compatibility_features,58,advanced_lag3_role_performance_index,lagged_player_feature,mixed strict and scenario features explicitly named,Player performance or style derived only from the preceding three exact seasons.
teammate_style_compatibility_features,59,advanced_lag3_source_rows,lagged_player_feature,mixed strict and scenario features explicitly named,Player performance or style derived only from the preceding three exact seasons.
teammate_style_compatibility_features,60,advanced_lag3_style_aerial_physicality,lagged_player_feature,mixed strict and scenario features explicitly named,Player performance or style derived only from the preceding three exact seasons.
teammate_style_compatibility_features,61,advanced_lag3_style_creation,lagged_player_feature,mixed strict and scenario features explicitly named,Player performance or style derived only from the preceding three exact seasons.
teammate_style_compatibility_features,62,advanced_lag3_style_defensive_intensity,lagged_player_feature,mixed strict and scenario features explicitly named,Player performance or style derived only from the preceding three exact seasons.
teammate_style_compatibility_features,63,advanced_lag3_style_directness,lagged_player_feature,mixed strict and scenario features explicitly named,Player performance or style derived only from the preceding three exact seasons.
teammate_style_compatibility_features,64,advanced_lag3_style_dribble_aggression,lagged_player_feature,mixed strict and scenario features explicitly named,Player performance or style derived only from the preceding three exact seasons.
teammate_style_compatibility_features,65,advanced_lag3_style_passing_control,lagged_player_feature,mixed strict and scenario features explicitly named,Player performance or style derived only from the preceding three exact seasons.
teammate_style_compatibility_features,66,advanced_lag3_style_progression,lagged_player_feature,mixed strict and scenario features explicitly named,Player performance or style derived only from the preceding three exact seasons.
teammate_style_compatibility_features,67,advanced_lag3_style_scoring_threat,lagged_player_feature,mixed strict and scenario features explicitly named,Player performance or style derived only from the preceding three exact seasons.
teammate_style_compatibility_features,68,advanced_max_source_season_used,feature_or_control,mixed strict and scenario features explicitly named,Compatibility feature or explicit coverage/control field; see README policy.
teammate_style_compatibility_features,69,advanced_rolling3_seasons_observed,lagged_player_feature,mixed strict and scenario features explicitly named,Player performance or style derived only from the preceding three exact seasons.
teammate_style_compatibility_features,70,advanced_rolling3_style_aerial_physicality,lagged_player_feature,mixed strict and scenario features explicitly named,Player performance or style derived only from the preceding three exact seasons.
teammate_style_compatibility_features,71,advanced_rolling3_style_creation,lagged_player_feature,mixed strict and scenario features explicitly named,Player performance or style derived only from the preceding three exact seasons.
teammate_style_compatibility_features,72,advanced_rolling3_style_defensive_intensity,lagged_player_feature,mixed strict and scenario features explicitly named,Player performance or style derived only from the preceding three exact seasons.
teammate_style_compatibility_features,73,advanced_rolling3_style_directness,lagged_player_feature,mixed strict and scenario features explicitly named,Player performance or style derived only from the preceding three exact seasons.
teammate_style_compatibility_features,74,advanced_rolling3_style_dribble_aggression,lagged_player_feature,mixed strict and scenario features explicitly named,Player performance or style derived only from the preceding three exact seasons.
teammate_style_compatibility_features,75,advanced_rolling3_style_passing_control,lagged_player_feature,mixed strict and scenario features explicitly named,Player performance or style derived only from the preceding three exact seasons.
teammate_style_compatibility_features,76,advanced_rolling3_style_progression,lagged_player_feature,mixed strict and scenario features explicitly named,Player performance or style derived only from the preceding three exact seasons.
teammate_style_compatibility_features,77,advanced_rolling3_style_scoring_threat,lagged_player_feature,mixed strict and scenario features explicitly named,Player performance or style derived only from the preceding three exact seasons.
teammate_style_compatibility_features,78,advanced_style_aerial_physicality_trend_lag1_minus_lag2,lagged_player_feature,mixed strict and scenario features explicitly named,Player performance or style derived only from the preceding three exact seasons.
teammate_style_compatibility_features,79,advanced_style_creation_trend_lag1_minus_lag2,lagged_player_feature,mixed strict and scenario features explicitly named,Player performance or style derived only from the preceding three exact seasons.
teammate_style_compatibility_features,80,advanced_style_defensive_intensity_trend_lag1_minus_lag2,lagged_player_feature,mixed strict and scenario features explicitly named,Player performance or style derived only from the preceding three exact seasons.
teammate_style_compatibility_features,81,advanced_style_directness_trend_lag1_minus_lag2,lagged_player_feature,mixed strict and scenario features explicitly named,Player performance or style derived only from the preceding three exact seasons.
teammate_style_compatibility_features,82,advanced_style_dribble_aggression_trend_lag1_minus_lag2,lagged_player_feature,mixed strict and scenario features explicitly named,Player performance or style derived only from the preceding three exact seasons.
teammate_style_compatibility_features,83,advanced_style_passing_control_trend_lag1_minus_lag2,lagged_player_feature,mixed strict and scenario features explicitly named,Player performance or style derived only from the preceding three exact seasons.
teammate_style_compatibility_features,84,advanced_style_progression_trend_lag1_minus_lag2,lagged_player_feature,mixed strict and scenario features explicitly named,Player performance or style derived only from the preceding three exact seasons.
teammate_style_compatibility_features,85,advanced_style_scoring_threat_trend_lag1_minus_lag2,lagged_player_feature,mixed strict and scenario features explicitly named,Player performance or style derived only from the preceding three exact seasons.
teammate_style_compatibility_features,86,preference_defensive_intensity_correlation,historical_preference_feature,mixed strict and scenario features explicitly named,Expanding player history using only seasons before the target; slopes are shrunk by effective observations.
teammate_style_compatibility_features,87,preference_defensive_intensity_effective_observations,historical_preference_feature,mixed strict and scenario features explicitly named,Expanding player history using only seasons before the target; slopes are shrunk by effective observations.
teammate_style_compatibility_features,88,preference_defensive_intensity_exposure_mean,historical_preference_feature,mixed strict and scenario features explicitly named,Expanding player history using only seasons before the target; slopes are shrunk by effective observations.
teammate_style_compatibility_features,89,preference_defensive_intensity_performance_weighted_level,historical_preference_feature,mixed strict and scenario features explicitly named,Expanding player history using only seasons before the target; slopes are shrunk by effective observations.
teammate_style_compatibility_features,90,preference_defensive_intensity_raw_slope,historical_preference_feature,mixed strict and scenario features explicitly named,Expanding player history using only seasons before the target; slopes are shrunk by effective observations.
teammate_style_compatibility_features,91,preference_defensive_intensity_shrunken_slope,historical_preference_feature,mixed strict and scenario features explicitly named,Expanding player history using only seasons before the target; slopes are shrunk by effective observations.
teammate_style_compatibility_features,92,preference_forward_mobility_correlation,historical_preference_feature,mixed strict and scenario features explicitly named,Expanding player history using only seasons before the target; slopes are shrunk by effective observations.
teammate_style_compatibility_features,93,preference_forward_mobility_effective_observations,historical_preference_feature,mixed strict and scenario features explicitly named,Expanding player history using only seasons before the target; slopes are shrunk by effective observations.
teammate_style_compatibility_features,94,preference_forward_mobility_exposure_mean,historical_preference_feature,mixed strict and scenario features explicitly named,Expanding player history using only seasons before the target; slopes are shrunk by effective observations.
teammate_style_compatibility_features,95,preference_forward_mobility_performance_weighted_level,historical_preference_feature,mixed strict and scenario features explicitly named,Expanding player history using only seasons before the target; slopes are shrunk by effective observations.
teammate_style_compatibility_features,96,preference_forward_mobility_raw_slope,historical_preference_feature,mixed strict and scenario features explicitly named,Expanding player history using only seasons before the target; slopes are shrunk by effective observations.
teammate_style_compatibility_features,97,preference_forward_mobility_shrunken_slope,historical_preference_feature,mixed strict and scenario features explicitly named,Expanding player history using only seasons before the target; slopes are shrunk by effective observations.
teammate_style_compatibility_features,98,preference_forward_threat_correlation,historical_preference_feature,mixed strict and scenario features explicitly named,Expanding player history using only seasons before the target; slopes are shrunk by effective observations.
teammate_style_compatibility_features,99,preference_forward_threat_effective_observations,historical_preference_feature,mixed strict and scenario features explicitly named,Expanding player history using only seasons before the target; slopes are shrunk by effective observations.
teammate_style_compatibility_features,100,preference_forward_threat_exposure_mean,historical_preference_feature,mixed strict and scenario features explicitly named,Expanding player history using only seasons before the target; slopes are shrunk by effective observations.
teammate_style_compatibility_features,101,preference_forward_threat_performance_weighted_level,historical_preference_feature,mixed strict and scenario features explicitly named,Expanding player history using only seasons before the target; slopes are shrunk by effective observations.
teammate_style_compatibility_features,102,preference_forward_threat_raw_slope,historical_preference_feature,mixed strict and scenario features explicitly named,Expanding player history using only seasons before the target; slopes are shrunk by effective observations.
teammate_style_compatibility_features,103,preference_forward_threat_shrunken_slope,historical_preference_feature,mixed strict and scenario features explicitly named,Expanding player history using only seasons before the target; slopes are shrunk by effective observations.
teammate_style_compatibility_features,104,preference_history_minutes,historical_preference_feature,mixed strict and scenario features explicitly named,Expanding player history using only seasons before the target; slopes are shrunk by effective observations.
teammate_style_compatibility_features,105,preference_history_rows,historical_preference_feature,mixed strict and scenario features explicitly named,Expanding player history using only seasons before the target; slopes are shrunk by effective observations.
teammate_style_compatibility_features,106,preference_history_seasons,historical_preference_feature,mixed strict and scenario features explicitly named,Expanding player history using only seasons before the target; slopes are shrunk by effective observations.
teammate_style_compatibility_features,107,preference_max_source_season,historical_preference_feature,mixed strict and scenario features explicitly named,Expanding player history using only seasons before the target; slopes are shrunk by effective observations.
teammate_style_compatibility_features,108,preference_midfield_aggression_correlation,historical_preference_feature,mixed strict and scenario features explicitly named,Expanding player history using only seasons before the target; slopes are shrunk by effective observations.
teammate_style_compatibility_features,109,preference_midfield_aggression_effective_observations,historical_preference_feature,mixed strict and scenario features explicitly named,Expanding player history using only seasons before the target; slopes are shrunk by effective observations.
teammate_style_compatibility_features,110,preference_midfield_aggression_exposure_mean,historical_preference_feature,mixed strict and scenario features explicitly named,Expanding player history using only seasons before the target; slopes are shrunk by effective observations.
teammate_style_compatibility_features,111,preference_midfield_aggression_performance_weighted_level,historical_preference_feature,mixed strict and scenario features explicitly named,Expanding player history using only seasons before the target; slopes are shrunk by effective observations.
teammate_style_compatibility_features,112,preference_midfield_aggression_raw_slope,historical_preference_feature,mixed strict and scenario features explicitly named,Expanding player history using only seasons before the target; slopes are shrunk by effective observations.
teammate_style_compatibility_features,113,preference_midfield_aggression_shrunken_slope,historical_preference_feature,mixed strict and scenario features explicitly named,Expanding player history using only seasons before the target; slopes are shrunk by effective observations.
teammate_style_compatibility_features,114,preference_midfield_creativity_correlation,historical_preference_feature,mixed strict and scenario features explicitly named,Expanding player history using only seasons before the target; slopes are shrunk by effective observations.
teammate_style_compatibility_features,115,preference_midfield_creativity_effective_observations,historical_preference_feature,mixed strict and scenario features explicitly named,Expanding player history using only seasons before the target; slopes are shrunk by effective observations.
teammate_style_compatibility_features,116,preference_midfield_creativity_exposure_mean,historical_preference_feature,mixed strict and scenario features explicitly named,Expanding player history using only seasons before the target; slopes are shrunk by effective observations.
teammate_style_compatibility_features,117,preference_midfield_creativity_performance_weighted_level,historical_preference_feature,mixed strict and scenario features explicitly named,Expanding player history using only seasons before the target; slopes are shrunk by effective observations.
teammate_style_compatibility_features,118,preference_midfield_creativity_raw_slope,historical_preference_feature,mixed strict and scenario features explicitly named,Expanding player history using only seasons before the target; slopes are shrunk by effective observations.
teammate_style_compatibility_features,119,preference_midfield_creativity_shrunken_slope,historical_preference_feature,mixed strict and scenario features explicitly named,Expanding player history using only seasons before the target; slopes are shrunk by effective observations.
teammate_style_compatibility_features,120,preference_team_passing_control_correlation,historical_preference_feature,mixed strict and scenario features explicitly named,Expanding player history using only seasons before the target; slopes are shrunk by effective observations.
teammate_style_compatibility_features,121,preference_team_passing_control_effective_observations,historical_preference_feature,mixed strict and scenario features explicitly named,Expanding player history using only seasons before the target; slopes are shrunk by effective observations.
teammate_style_compatibility_features,122,preference_team_passing_control_exposure_mean,historical_preference_feature,mixed strict and scenario features explicitly named,Expanding player history using only seasons before the target; slopes are shrunk by effective observations.
teammate_style_compatibility_features,123,preference_team_passing_control_performance_weighted_level,historical_preference_feature,mixed strict and scenario features explicitly named,Expanding player history using only seasons before the target; slopes are shrunk by effective observations.
teammate_style_compatibility_features,124,preference_team_passing_control_raw_slope,historical_preference_feature,mixed strict and scenario features explicitly named,Expanding player history using only seasons before the target; slopes are shrunk by effective observations.
teammate_style_compatibility_features,125,preference_team_passing_control_shrunken_slope,historical_preference_feature,mixed strict and scenario features explicitly named,Expanding player history using only seasons before the target; slopes are shrunk by effective observations.
teammate_style_compatibility_features,126,roster_all_style_aerial_physicality,scenario_feature,mixed strict and scenario features explicitly named,"Target-roster-conditioned feature; prior performance only, but roster membership is scenario input and can leak in historical backtests."
teammate_style_compatibility_features,127,roster_all_style_creation,scenario_feature,mixed strict and scenario features explicitly named,"Target-roster-conditioned feature; prior performance only, but roster membership is scenario input and can leak in historical backtests."
teammate_style_compatibility_features,128,roster_all_style_defensive_intensity,scenario_feature,mixed strict and scenario features explicitly named,"Target-roster-conditioned feature; prior performance only, but roster membership is scenario input and can leak in historical backtests."
teammate_style_compatibility_features,129,roster_all_style_directness,scenario_feature,mixed strict and scenario features explicitly named,"Target-roster-conditioned feature; prior performance only, but roster membership is scenario input and can leak in historical backtests."
teammate_style_compatibility_features,130,roster_all_style_dribble_aggression,scenario_feature,mixed strict and scenario features explicitly named,"Target-roster-conditioned feature; prior performance only, but roster membership is scenario input and can leak in historical backtests."
teammate_style_compatibility_features,131,roster_all_style_passing_control,scenario_feature,mixed strict and scenario features explicitly named,"Target-roster-conditioned feature; prior performance only, but roster membership is scenario input and can leak in historical backtests."
teammate_style_compatibility_features,132,roster_all_style_progression,scenario_feature,mixed strict and scenario features explicitly named,"Target-roster-conditioned feature; prior performance only, but roster membership is scenario input and can leak in historical backtests."
teammate_style_compatibility_features,133,roster_all_style_scoring_threat,scenario_feature,mixed strict and scenario features explicitly named,"Target-roster-conditioned feature; prior performance only, but roster membership is scenario input and can leak in historical backtests."
teammate_style_compatibility_features,134,roster_all_teammate_count,scenario_feature,mixed strict and scenario features explicitly named,"Target-roster-conditioned feature; prior performance only, but roster membership is scenario input and can leak in historical backtests."
teammate_style_compatibility_features,135,roster_context_defensive_intensity,scenario_feature,mixed strict and scenario features explicitly named,"Target-roster-conditioned feature; prior performance only, but roster membership is scenario input and can leak in historical backtests."
teammate_style_compatibility_features,136,roster_context_familiarity_score_0_100,scenario_feature,mixed strict and scenario features explicitly named,"Target-roster-conditioned feature; prior performance only, but roster membership is scenario input and can leak in historical backtests."
teammate_style_compatibility_features,137,roster_context_feature_eligible,scenario_feature,mixed strict and scenario features explicitly named,"Target-roster-conditioned feature; prior performance only, but roster membership is scenario input and can leak in historical backtests."
teammate_style_compatibility_features,138,roster_context_forward_mobility,scenario_feature,mixed strict and scenario features explicitly named,"Target-roster-conditioned feature; prior performance only, but roster membership is scenario input and can leak in historical backtests."
teammate_style_compatibility_features,139,roster_context_forward_threat,scenario_feature,mixed strict and scenario features explicitly named,"Target-roster-conditioned feature; prior performance only, but roster membership is scenario input and can leak in historical backtests."
teammate_style_compatibility_features,140,roster_context_max_performance_season_used,scenario_feature,mixed strict and scenario features explicitly named,"Target-roster-conditioned feature; prior performance only, but roster membership is scenario input and can leak in historical backtests."
teammate_style_compatibility_features,141,roster_context_membership_timing,scenario_feature,mixed strict and scenario features explicitly named,"Target-roster-conditioned feature; prior performance only, but roster membership is scenario input and can leak in historical backtests."
teammate_style_compatibility_features,142,roster_context_midfield_aggression,scenario_feature,mixed strict and scenario features explicitly named,"Target-roster-conditioned feature; prior performance only, but roster membership is scenario input and can leak in historical backtests."
teammate_style_compatibility_features,143,roster_context_midfield_creativity,scenario_feature,mixed strict and scenario features explicitly named,"Target-roster-conditioned feature; prior performance only, but roster membership is scenario input and can leak in historical backtests."
teammate_style_compatibility_features,144,roster_context_team_passing_control,scenario_feature,mixed strict and scenario features explicitly named,"Target-roster-conditioned feature; prior performance only, but roster membership is scenario input and can leak in historical backtests."
teammate_style_compatibility_features,145,roster_defensive_intensity_familiarity_distance,scenario_feature,mixed strict and scenario features explicitly named,"Target-roster-conditioned feature; prior performance only, but roster membership is scenario input and can leak in historical backtests."
teammate_style_compatibility_features,146,roster_defensive_intensity_preference_distance,scenario_feature,mixed strict and scenario features explicitly named,"Target-roster-conditioned feature; prior performance only, but roster membership is scenario input and can leak in historical backtests."
teammate_style_compatibility_features,147,roster_defensive_intensity_preference_slope_interaction,scenario_feature,mixed strict and scenario features explicitly named,"Target-roster-conditioned feature; prior performance only, but roster membership is scenario input and can leak in historical backtests."
teammate_style_compatibility_features,148,roster_df_style_aerial_physicality,scenario_feature,mixed strict and scenario features explicitly named,"Target-roster-conditioned feature; prior performance only, but roster membership is scenario input and can leak in historical backtests."
teammate_style_compatibility_features,149,roster_df_style_creation,scenario_feature,mixed strict and scenario features explicitly named,"Target-roster-conditioned feature; prior performance only, but roster membership is scenario input and can leak in historical backtests."
teammate_style_compatibility_features,150,roster_df_style_defensive_intensity,scenario_feature,mixed strict and scenario features explicitly named,"Target-roster-conditioned feature; prior performance only, but roster membership is scenario input and can leak in historical backtests."
teammate_style_compatibility_features,151,roster_df_style_directness,scenario_feature,mixed strict and scenario features explicitly named,"Target-roster-conditioned feature; prior performance only, but roster membership is scenario input and can leak in historical backtests."
teammate_style_compatibility_features,152,roster_df_style_dribble_aggression,scenario_feature,mixed strict and scenario features explicitly named,"Target-roster-conditioned feature; prior performance only, but roster membership is scenario input and can leak in historical backtests."
teammate_style_compatibility_features,153,roster_df_style_passing_control,scenario_feature,mixed strict and scenario features explicitly named,"Target-roster-conditioned feature; prior performance only, but roster membership is scenario input and can leak in historical backtests."
teammate_style_compatibility_features,154,roster_df_style_progression,scenario_feature,mixed strict and scenario features explicitly named,"Target-roster-conditioned feature; prior performance only, but roster membership is scenario input and can leak in historical backtests."
teammate_style_compatibility_features,155,roster_df_style_scoring_threat,scenario_feature,mixed strict and scenario features explicitly named,"Target-roster-conditioned feature; prior performance only, but roster membership is scenario input and can leak in historical backtests."
teammate_style_compatibility_features,156,roster_df_teammate_count,scenario_feature,mixed strict and scenario features explicitly named,"Target-roster-conditioned feature; prior performance only, but roster membership is scenario input and can leak in historical backtests."
teammate_style_compatibility_features,157,roster_forward_mobility_familiarity_distance,scenario_feature,mixed strict and scenario features explicitly named,"Target-roster-conditioned feature; prior performance only, but roster membership is scenario input and can leak in historical backtests."
teammate_style_compatibility_features,158,roster_forward_mobility_preference_distance,scenario_feature,mixed strict and scenario features explicitly named,"Target-roster-conditioned feature; prior performance only, but roster membership is scenario input and can leak in historical backtests."
teammate_style_compatibility_features,159,roster_forward_mobility_preference_slope_interaction,scenario_feature,mixed strict and scenario features explicitly named,"Target-roster-conditioned feature; prior performance only, but roster membership is scenario input and can leak in historical backtests."
teammate_style_compatibility_features,160,roster_forward_threat_familiarity_distance,scenario_feature,mixed strict and scenario features explicitly named,"Target-roster-conditioned feature; prior performance only, but roster membership is scenario input and can leak in historical backtests."
teammate_style_compatibility_features,161,roster_forward_threat_preference_distance,scenario_feature,mixed strict and scenario features explicitly named,"Target-roster-conditioned feature; prior performance only, but roster membership is scenario input and can leak in historical backtests."
teammate_style_compatibility_features,162,roster_forward_threat_preference_slope_interaction,scenario_feature,mixed strict and scenario features explicitly named,"Target-roster-conditioned feature; prior performance only, but roster membership is scenario input and can leak in historical backtests."
teammate_style_compatibility_features,163,roster_fw_style_aerial_physicality,scenario_feature,mixed strict and scenario features explicitly named,"Target-roster-conditioned feature; prior performance only, but roster membership is scenario input and can leak in historical backtests."
teammate_style_compatibility_features,164,roster_fw_style_creation,scenario_feature,mixed strict and scenario features explicitly named,"Target-roster-conditioned feature; prior performance only, but roster membership is scenario input and can leak in historical backtests."
teammate_style_compatibility_features,165,roster_fw_style_defensive_intensity,scenario_feature,mixed strict and scenario features explicitly named,"Target-roster-conditioned feature; prior performance only, but roster membership is scenario input and can leak in historical backtests."
teammate_style_compatibility_features,166,roster_fw_style_directness,scenario_feature,mixed strict and scenario features explicitly named,"Target-roster-conditioned feature; prior performance only, but roster membership is scenario input and can leak in historical backtests."
teammate_style_compatibility_features,167,roster_fw_style_dribble_aggression,scenario_feature,mixed strict and scenario features explicitly named,"Target-roster-conditioned feature; prior performance only, but roster membership is scenario input and can leak in historical backtests."
teammate_style_compatibility_features,168,roster_fw_style_passing_control,scenario_feature,mixed strict and scenario features explicitly named,"Target-roster-conditioned feature; prior performance only, but roster membership is scenario input and can leak in historical backtests."
teammate_style_compatibility_features,169,roster_fw_style_progression,scenario_feature,mixed strict and scenario features explicitly named,"Target-roster-conditioned feature; prior performance only, but roster membership is scenario input and can leak in historical backtests."
teammate_style_compatibility_features,170,roster_fw_style_scoring_threat,scenario_feature,mixed strict and scenario features explicitly named,"Target-roster-conditioned feature; prior performance only, but roster membership is scenario input and can leak in historical backtests."
teammate_style_compatibility_features,171,roster_fw_teammate_count,scenario_feature,mixed strict and scenario features explicitly named,"Target-roster-conditioned feature; prior performance only, but roster membership is scenario input and can leak in historical backtests."
teammate_style_compatibility_features,172,roster_mf_style_aerial_physicality,scenario_feature,mixed strict and scenario features explicitly named,"Target-roster-conditioned feature; prior performance only, but roster membership is scenario input and can leak in historical backtests."
teammate_style_compatibility_features,173,roster_mf_style_creation,scenario_feature,mixed strict and scenario features explicitly named,"Target-roster-conditioned feature; prior performance only, but roster membership is scenario input and can leak in historical backtests."
teammate_style_compatibility_features,174,roster_mf_style_defensive_intensity,scenario_feature,mixed strict and scenario features explicitly named,"Target-roster-conditioned feature; prior performance only, but roster membership is scenario input and can leak in historical backtests."
teammate_style_compatibility_features,175,roster_mf_style_directness,scenario_feature,mixed strict and scenario features explicitly named,"Target-roster-conditioned feature; prior performance only, but roster membership is scenario input and can leak in historical backtests."
teammate_style_compatibility_features,176,roster_mf_style_dribble_aggression,scenario_feature,mixed strict and scenario features explicitly named,"Target-roster-conditioned feature; prior performance only, but roster membership is scenario input and can leak in historical backtests."
teammate_style_compatibility_features,177,roster_mf_style_passing_control,scenario_feature,mixed strict and scenario features explicitly named,"Target-roster-conditioned feature; prior performance only, but roster membership is scenario input and can leak in historical backtests."
teammate_style_compatibility_features,178,roster_mf_style_progression,scenario_feature,mixed strict and scenario features explicitly named,"Target-roster-conditioned feature; prior performance only, but roster membership is scenario input and can leak in historical backtests."
teammate_style_compatibility_features,179,roster_mf_style_scoring_threat,scenario_feature,mixed strict and scenario features explicitly named,"Target-roster-conditioned feature; prior performance only, but roster membership is scenario input and can leak in historical backtests."
teammate_style_compatibility_features,180,roster_mf_teammate_count,scenario_feature,mixed strict and scenario features explicitly named,"Target-roster-conditioned feature; prior performance only, but roster membership is scenario input and can leak in historical backtests."
teammate_style_compatibility_features,181,roster_midfield_aggression_familiarity_distance,scenario_feature,mixed strict and scenario features explicitly named,"Target-roster-conditioned feature; prior performance only, but roster membership is scenario input and can leak in historical backtests."
teammate_style_compatibility_features,182,roster_midfield_aggression_preference_distance,scenario_feature,mixed strict and scenario features explicitly named,"Target-roster-conditioned feature; prior performance only, but roster membership is scenario input and can leak in historical backtests."
teammate_style_compatibility_features,183,roster_midfield_aggression_preference_slope_interaction,scenario_feature,mixed strict and scenario features explicitly named,"Target-roster-conditioned feature; prior performance only, but roster membership is scenario input and can leak in historical backtests."
teammate_style_compatibility_features,184,roster_midfield_creativity_familiarity_distance,scenario_feature,mixed strict and scenario features explicitly named,"Target-roster-conditioned feature; prior performance only, but roster membership is scenario input and can leak in historical backtests."
teammate_style_compatibility_features,185,roster_midfield_creativity_preference_distance,scenario_feature,mixed strict and scenario features explicitly named,"Target-roster-conditioned feature; prior performance only, but roster membership is scenario input and can leak in historical backtests."
teammate_style_compatibility_features,186,roster_midfield_creativity_preference_slope_interaction,scenario_feature,mixed strict and scenario features explicitly named,"Target-roster-conditioned feature; prior performance only, but roster membership is scenario input and can leak in historical backtests."
teammate_style_compatibility_features,187,roster_player_creation_x_forward_threat,scenario_feature,mixed strict and scenario features explicitly named,"Target-roster-conditioned feature; prior performance only, but roster membership is scenario input and can leak in historical backtests."
teammate_style_compatibility_features,188,roster_player_defense_x_defensive_intensity,scenario_feature,mixed strict and scenario features explicitly named,"Target-roster-conditioned feature; prior performance only, but roster membership is scenario input and can leak in historical backtests."
teammate_style_compatibility_features,189,roster_player_dribble_x_midfield_aggression,scenario_feature,mixed strict and scenario features explicitly named,"Target-roster-conditioned feature; prior performance only, but roster membership is scenario input and can leak in historical backtests."
teammate_style_compatibility_features,190,roster_player_passing_x_team_passing_control,scenario_feature,mixed strict and scenario features explicitly named,"Target-roster-conditioned feature; prior performance only, but roster membership is scenario input and can leak in historical backtests."
teammate_style_compatibility_features,191,roster_player_progression_x_forward_mobility,scenario_feature,mixed strict and scenario features explicitly named,"Target-roster-conditioned feature; prior performance only, but roster membership is scenario input and can leak in historical backtests."
teammate_style_compatibility_features,192,roster_player_scoring_x_midfield_creativity,scenario_feature,mixed strict and scenario features explicitly named,"Target-roster-conditioned feature; prior performance only, but roster membership is scenario input and can leak in historical backtests."
teammate_style_compatibility_features,193,roster_player_team_style_cosine_similarity,scenario_feature,mixed strict and scenario features explicitly named,"Target-roster-conditioned feature; prior performance only, but roster membership is scenario input and can leak in historical backtests."
teammate_style_compatibility_features,194,roster_player_team_style_mean_absolute_distance,scenario_feature,mixed strict and scenario features explicitly named,"Target-roster-conditioned feature; prior performance only, but roster membership is scenario input and can leak in historical backtests."
teammate_style_compatibility_features,195,roster_preference_fit_score_0_100,scenario_feature,mixed strict and scenario features explicitly named,"Target-roster-conditioned feature; prior performance only, but roster membership is scenario input and can leak in historical backtests."
teammate_style_compatibility_features,196,roster_preference_slope_signal,scenario_feature,mixed strict and scenario features explicitly named,"Target-roster-conditioned feature; prior performance only, but roster membership is scenario input and can leak in historical backtests."
teammate_style_compatibility_features,197,roster_self_removed,scenario_feature,mixed strict and scenario features explicitly named,"Target-roster-conditioned feature; prior performance only, but roster membership is scenario input and can leak in historical backtests."
teammate_style_compatibility_features,198,roster_team_passing_control_familiarity_distance,scenario_feature,mixed strict and scenario features explicitly named,"Target-roster-conditioned feature; prior performance only, but roster membership is scenario input and can leak in historical backtests."
teammate_style_compatibility_features,199,roster_team_passing_control_preference_distance,scenario_feature,mixed strict and scenario features explicitly named,"Target-roster-conditioned feature; prior performance only, but roster membership is scenario input and can leak in historical backtests."
teammate_style_compatibility_features,200,roster_team_passing_control_preference_slope_interaction,scenario_feature,mixed strict and scenario features explicitly named,"Target-roster-conditioned feature; prior performance only, but roster membership is scenario input and can leak in historical backtests."
teammate_style_compatibility_features,201,strict_all_count,strict_preseason_feature,mixed strict and scenario features explicitly named,Prior-club-season teammate context using only seasons before the target season.
teammate_style_compatibility_features,202,strict_all_style_aerial_physicality,strict_preseason_feature,mixed strict and scenario features explicitly named,Prior-club-season teammate context using only seasons before the target season.
teammate_style_compatibility_features,203,strict_all_style_creation,strict_preseason_feature,mixed strict and scenario features explicitly named,Prior-club-season teammate context using only seasons before the target season.
teammate_style_compatibility_features,204,strict_all_style_defensive_intensity,strict_preseason_feature,mixed strict and scenario features explicitly named,Prior-club-season teammate context using only seasons before the target season.
teammate_style_compatibility_features,205,strict_all_style_directness,strict_preseason_feature,mixed strict and scenario features explicitly named,Prior-club-season teammate context using only seasons before the target season.
teammate_style_compatibility_features,206,strict_all_style_dribble_aggression,strict_preseason_feature,mixed strict and scenario features explicitly named,Prior-club-season teammate context using only seasons before the target season.
teammate_style_compatibility_features,207,strict_all_style_passing_control,strict_preseason_feature,mixed strict and scenario features explicitly named,Prior-club-season teammate context using only seasons before the target season.
teammate_style_compatibility_features,208,strict_all_style_progression,strict_preseason_feature,mixed strict and scenario features explicitly named,Prior-club-season teammate context using only seasons before the target season.
teammate_style_compatibility_features,209,strict_all_style_scoring_threat,strict_preseason_feature,mixed strict and scenario features explicitly named,Prior-club-season teammate context using only seasons before the target season.
teammate_style_compatibility_features,210,strict_all_teammate_count,strict_preseason_feature,mixed strict and scenario features explicitly named,Prior-club-season teammate context using only seasons before the target season.
teammate_style_compatibility_features,211,strict_context_defensive_intensity,strict_preseason_feature,mixed strict and scenario features explicitly named,Prior-club-season teammate context using only seasons before the target season.
teammate_style_compatibility_features,212,strict_context_familiarity_score_0_100,strict_preseason_feature,mixed strict and scenario features explicitly named,Prior-club-season teammate context using only seasons before the target season.
teammate_style_compatibility_features,213,strict_context_feature_eligible,strict_preseason_feature,mixed strict and scenario features explicitly named,Prior-club-season teammate context using only seasons before the target season.
teammate_style_compatibility_features,214,strict_context_forward_mobility,strict_preseason_feature,mixed strict and scenario features explicitly named,Prior-club-season teammate context using only seasons before the target season.
teammate_style_compatibility_features,215,strict_context_forward_threat,strict_preseason_feature,mixed strict and scenario features explicitly named,Prior-club-season teammate context using only seasons before the target season.
teammate_style_compatibility_features,216,strict_context_midfield_aggression,strict_preseason_feature,mixed strict and scenario features explicitly named,Prior-club-season teammate context using only seasons before the target season.
teammate_style_compatibility_features,217,strict_context_midfield_creativity,strict_preseason_feature,mixed strict and scenario features explicitly named,Prior-club-season teammate context using only seasons before the target season.
teammate_style_compatibility_features,218,strict_context_source_season,strict_preseason_feature,mixed strict and scenario features explicitly named,Prior-club-season teammate context using only seasons before the target season.
teammate_style_compatibility_features,219,strict_context_team_passing_control,strict_preseason_feature,mixed strict and scenario features explicitly named,Prior-club-season teammate context using only seasons before the target season.
teammate_style_compatibility_features,220,strict_defensive_intensity_familiarity_distance,strict_preseason_feature,mixed strict and scenario features explicitly named,Prior-club-season teammate context using only seasons before the target season.
teammate_style_compatibility_features,221,strict_defensive_intensity_preference_distance,strict_preseason_feature,mixed strict and scenario features explicitly named,Prior-club-season teammate context using only seasons before the target season.
teammate_style_compatibility_features,222,strict_defensive_intensity_preference_slope_interaction,strict_preseason_feature,mixed strict and scenario features explicitly named,Prior-club-season teammate context using only seasons before the target season.
teammate_style_compatibility_features,223,strict_df_count,strict_preseason_feature,mixed strict and scenario features explicitly named,Prior-club-season teammate context using only seasons before the target season.
teammate_style_compatibility_features,224,strict_df_style_aerial_physicality,strict_preseason_feature,mixed strict and scenario features explicitly named,Prior-club-season teammate context using only seasons before the target season.
teammate_style_compatibility_features,225,strict_df_style_creation,strict_preseason_feature,mixed strict and scenario features explicitly named,Prior-club-season teammate context using only seasons before the target season.
teammate_style_compatibility_features,226,strict_df_style_defensive_intensity,strict_preseason_feature,mixed strict and scenario features explicitly named,Prior-club-season teammate context using only seasons before the target season.
teammate_style_compatibility_features,227,strict_df_style_directness,strict_preseason_feature,mixed strict and scenario features explicitly named,Prior-club-season teammate context using only seasons before the target season.
teammate_style_compatibility_features,228,strict_df_style_dribble_aggression,strict_preseason_feature,mixed strict and scenario features explicitly named,Prior-club-season teammate context using only seasons before the target season.
teammate_style_compatibility_features,229,strict_df_style_passing_control,strict_preseason_feature,mixed strict and scenario features explicitly named,Prior-club-season teammate context using only seasons before the target season.
teammate_style_compatibility_features,230,strict_df_style_progression,strict_preseason_feature,mixed strict and scenario features explicitly named,Prior-club-season teammate context using only seasons before the target season.
teammate_style_compatibility_features,231,strict_df_style_scoring_threat,strict_preseason_feature,mixed strict and scenario features explicitly named,Prior-club-season teammate context using only seasons before the target season.
teammate_style_compatibility_features,232,strict_df_teammate_count,strict_preseason_feature,mixed strict and scenario features explicitly named,Prior-club-season teammate context using only seasons before the target season.
teammate_style_compatibility_features,233,strict_forward_mobility_familiarity_distance,strict_preseason_feature,mixed strict and scenario features explicitly named,Prior-club-season teammate context using only seasons before the target season.
teammate_style_compatibility_features,234,strict_forward_mobility_preference_distance,strict_preseason_feature,mixed strict and scenario features explicitly named,Prior-club-season teammate context using only seasons before the target season.
teammate_style_compatibility_features,235,strict_forward_mobility_preference_slope_interaction,strict_preseason_feature,mixed strict and scenario features explicitly named,Prior-club-season teammate context using only seasons before the target season.
teammate_style_compatibility_features,236,strict_forward_threat_familiarity_distance,strict_preseason_feature,mixed strict and scenario features explicitly named,Prior-club-season teammate context using only seasons before the target season.
teammate_style_compatibility_features,237,strict_forward_threat_preference_distance,strict_preseason_feature,mixed strict and scenario features explicitly named,Prior-club-season teammate context using only seasons before the target season.
teammate_style_compatibility_features,238,strict_forward_threat_preference_slope_interaction,strict_preseason_feature,mixed strict and scenario features explicitly named,Prior-club-season teammate context using only seasons before the target season.
teammate_style_compatibility_features,239,strict_fw_count,strict_preseason_feature,mixed strict and scenario features explicitly named,Prior-club-season teammate context using only seasons before the target season.
teammate_style_compatibility_features,240,strict_fw_style_aerial_physicality,strict_preseason_feature,mixed strict and scenario features explicitly named,Prior-club-season teammate context using only seasons before the target season.
teammate_style_compatibility_features,241,strict_fw_style_creation,strict_preseason_feature,mixed strict and scenario features explicitly named,Prior-club-season teammate context using only seasons before the target season.
teammate_style_compatibility_features,242,strict_fw_style_defensive_intensity,strict_preseason_feature,mixed strict and scenario features explicitly named,Prior-club-season teammate context using only seasons before the target season.
teammate_style_compatibility_features,243,strict_fw_style_directness,strict_preseason_feature,mixed strict and scenario features explicitly named,Prior-club-season teammate context using only seasons before the target season.
teammate_style_compatibility_features,244,strict_fw_style_dribble_aggression,strict_preseason_feature,mixed strict and scenario features explicitly named,Prior-club-season teammate context using only seasons before the target season.
teammate_style_compatibility_features,245,strict_fw_style_passing_control,strict_preseason_feature,mixed strict and scenario features explicitly named,Prior-club-season teammate context using only seasons before the target season.
teammate_style_compatibility_features,246,strict_fw_style_progression,strict_preseason_feature,mixed strict and scenario features explicitly named,Prior-club-season teammate context using only seasons before the target season.
teammate_style_compatibility_features,247,strict_fw_style_scoring_threat,strict_preseason_feature,mixed strict and scenario features explicitly named,Prior-club-season teammate context using only seasons before the target season.
teammate_style_compatibility_features,248,strict_fw_teammate_count,strict_preseason_feature,mixed strict and scenario features explicitly named,Prior-club-season teammate context using only seasons before the target season.
teammate_style_compatibility_features,249,strict_mf_count,strict_preseason_feature,mixed strict and scenario features explicitly named,Prior-club-season teammate context using only seasons before the target season.
teammate_style_compatibility_features,250,strict_mf_style_aerial_physicality,strict_preseason_feature,mixed strict and scenario features explicitly named,Prior-club-season teammate context using only seasons before the target season.
teammate_style_compatibility_features,251,strict_mf_style_creation,strict_preseason_feature,mixed strict and scenario features explicitly named,Prior-club-season teammate context using only seasons before the target season.
teammate_style_compatibility_features,252,strict_mf_style_defensive_intensity,strict_preseason_feature,mixed strict and scenario features explicitly named,Prior-club-season teammate context using only seasons before the target season.
teammate_style_compatibility_features,253,strict_mf_style_directness,strict_preseason_feature,mixed strict and scenario features explicitly named,Prior-club-season teammate context using only seasons before the target season.
teammate_style_compatibility_features,254,strict_mf_style_dribble_aggression,strict_preseason_feature,mixed strict and scenario features explicitly named,Prior-club-season teammate context using only seasons before the target season.
teammate_style_compatibility_features,255,strict_mf_style_passing_control,strict_preseason_feature,mixed strict and scenario features explicitly named,Prior-club-season teammate context using only seasons before the target season.
teammate_style_compatibility_features,256,strict_mf_style_progression,strict_preseason_feature,mixed strict and scenario features explicitly named,Prior-club-season teammate context using only seasons before the target season.
teammate_style_compatibility_features,257,strict_mf_style_scoring_threat,strict_preseason_feature,mixed strict and scenario features explicitly named,Prior-club-season teammate context using only seasons before the target season.
teammate_style_compatibility_features,258,strict_mf_teammate_count,strict_preseason_feature,mixed strict and scenario features explicitly named,Prior-club-season teammate context using only seasons before the target season.
teammate_style_compatibility_features,259,strict_midfield_aggression_familiarity_distance,strict_preseason_feature,mixed strict and scenario features explicitly named,Prior-club-season teammate context using only seasons before the target season.
teammate_style_compatibility_features,260,strict_midfield_aggression_preference_distance,strict_preseason_feature,mixed strict and scenario features explicitly named,Prior-club-season teammate context using only seasons before the target season.
teammate_style_compatibility_features,261,strict_midfield_aggression_preference_slope_interaction,strict_preseason_feature,mixed strict and scenario features explicitly named,Prior-club-season teammate context using only seasons before the target season.
teammate_style_compatibility_features,262,strict_midfield_creativity_familiarity_distance,strict_preseason_feature,mixed strict and scenario features explicitly named,Prior-club-season teammate context using only seasons before the target season.
teammate_style_compatibility_features,263,strict_midfield_creativity_preference_distance,strict_preseason_feature,mixed strict and scenario features explicitly named,Prior-club-season teammate context using only seasons before the target season.
teammate_style_compatibility_features,264,strict_midfield_creativity_preference_slope_interaction,strict_preseason_feature,mixed strict and scenario features explicitly named,Prior-club-season teammate context using only seasons before the target season.
teammate_style_compatibility_features,265,strict_player_creation_x_forward_threat,strict_preseason_feature,mixed strict and scenario features explicitly named,Prior-club-season teammate context using only seasons before the target season.
teammate_style_compatibility_features,266,strict_player_defense_x_defensive_intensity,strict_preseason_feature,mixed strict and scenario features explicitly named,Prior-club-season teammate context using only seasons before the target season.
teammate_style_compatibility_features,267,strict_player_dribble_x_midfield_aggression,strict_preseason_feature,mixed strict and scenario features explicitly named,Prior-club-season teammate context using only seasons before the target season.
teammate_style_compatibility_features,268,strict_player_passing_x_team_passing_control,strict_preseason_feature,mixed strict and scenario features explicitly named,Prior-club-season teammate context using only seasons before the target season.
teammate_style_compatibility_features,269,strict_player_progression_x_forward_mobility,strict_preseason_feature,mixed strict and scenario features explicitly named,Prior-club-season teammate context using only seasons before the target season.
teammate_style_compatibility_features,270,strict_player_scoring_x_midfield_creativity,strict_preseason_feature,mixed strict and scenario features explicitly named,Prior-club-season teammate context using only seasons before the target season.
teammate_style_compatibility_features,271,strict_player_team_style_cosine_similarity,strict_preseason_feature,mixed strict and scenario features explicitly named,Prior-club-season teammate context using only seasons before the target season.
teammate_style_compatibility_features,272,strict_player_team_style_mean_absolute_distance,strict_preseason_feature,mixed strict and scenario features explicitly named,Prior-club-season teammate context using only seasons before the target season.
teammate_style_compatibility_features,273,strict_preference_fit_score_0_100,strict_preseason_feature,mixed strict and scenario features explicitly named,Prior-club-season teammate context using only seasons before the target season.
teammate_style_compatibility_features,274,strict_preference_slope_signal,strict_preseason_feature,mixed strict and scenario features explicitly named,Prior-club-season teammate context using only seasons before the target season.
teammate_style_compatibility_features,275,strict_prior_club_context_available,strict_preseason_feature,mixed strict and scenario features explicitly named,Prior-club-season teammate context using only seasons before the target season.
teammate_style_compatibility_features,276,strict_team_distinct_players,strict_preseason_feature,mixed strict and scenario features explicitly named,Prior-club-season teammate context using only seasons before the target season.
teammate_style_compatibility_features,277,strict_team_minutes,strict_preseason_feature,mixed strict and scenario features explicitly named,Prior-club-season teammate context using only seasons before the target season.
teammate_style_compatibility_features,278,strict_team_passing_control_familiarity_distance,strict_preseason_feature,mixed strict and scenario features explicitly named,Prior-club-season teammate context using only seasons before the target season.
teammate_style_compatibility_features,279,strict_team_passing_control_preference_distance,strict_preseason_feature,mixed strict and scenario features explicitly named,Prior-club-season teammate context using only seasons before the target season.
teammate_style_compatibility_features,280,strict_team_passing_control_preference_slope_interaction,strict_preseason_feature,mixed strict and scenario features explicitly named,Prior-club-season teammate context using only seasons before the target season.
teammate_style_compatibility_features,281,strict_team_player_rows,strict_preseason_feature,mixed strict and scenario features explicitly named,Prior-club-season teammate context using only seasons before the target season.
advanced_compatibility_model_matrix,1,canonical_performance_id,identifier_or_split_control,features plus target_ outcome columns,"Join, grouping, or chronological split field; do not encode raw IDs as numeric predictors."
advanced_compatibility_model_matrix,2,canonical_player_id,identifier_or_split_control,features plus target_ outcome columns,"Join, grouping, or chronological split field; do not encode raw IDs as numeric predictors."
advanced_compatibility_model_matrix,3,canonical_player_name,identifier_or_split_control,features plus target_ outcome columns,"Join, grouping, or chronological split field; do not encode raw IDs as numeric predictors."
advanced_compatibility_model_matrix,4,canonical_club_id,identifier_or_split_control,features plus target_ outcome columns,"Join, grouping, or chronological split field; do not encode raw IDs as numeric predictors."
advanced_compatibility_model_matrix,5,canonical_club_name,identifier_or_split_control,features plus target_ outcome columns,"Join, grouping, or chronological split field; do not encode raw IDs as numeric predictors."
advanced_compatibility_model_matrix,6,canonical_competition_id,identifier_or_split_control,features plus target_ outcome columns,"Join, grouping, or chronological split field; do not encode raw IDs as numeric predictors."
advanced_compatibility_model_matrix,7,canonical_season_key,identifier_or_split_control,features plus target_ outcome columns,"Join, grouping, or chronological split field; do not encode raw IDs as numeric predictors."
advanced_compatibility_model_matrix,8,season_start_year,identifier_or_split_control,features plus target_ outcome columns,"Join, grouping, or chronological split field; do not encode raw IDs as numeric predictors."
advanced_compatibility_model_matrix,9,role_group,identifier_or_split_control,features plus target_ outcome columns,"Join, grouping, or chronological split field; do not encode raw IDs as numeric predictors."
advanced_compatibility_model_matrix,10,recommended_time_split,feature_or_control,features plus target_ outcome columns,Compatibility feature or explicit coverage/control field; see README policy.
advanced_compatibility_model_matrix,11,strict_model_feature_eligible,strict_preseason_feature,features plus target_ outcome columns,Prior-club-season teammate context using only seasons before the target season.
advanced_compatibility_model_matrix,12,roster_model_feature_eligible,scenario_feature,features plus target_ outcome columns,"Target-roster-conditioned feature; prior performance only, but roster membership is scenario input and can leak in historical backtests."
advanced_compatibility_model_matrix,13,preference_model_feature_eligible,historical_preference_feature,features plus target_ outcome columns,Expanding player history using only seasons before the target; slopes are shrunk by effective observations.
advanced_compatibility_model_matrix,14,advanced_lag1_assists_per90,lagged_player_feature,features plus target_ outcome columns,Player performance or style derived only from the preceding three exact seasons.
advanced_compatibility_model_matrix,15,advanced_lag1_available,lagged_player_feature,features plus target_ outcome columns,Player performance or style derived only from the preceding three exact seasons.
advanced_compatibility_model_matrix,16,advanced_lag1_clubs,lagged_player_feature,features plus target_ outcome columns,Player performance or style derived only from the preceding three exact seasons.
advanced_compatibility_model_matrix,17,advanced_lag1_competitions,lagged_player_feature,features plus target_ outcome columns,Player performance or style derived only from the preceding three exact seasons.
advanced_compatibility_model_matrix,18,advanced_lag1_goals_per90,lagged_player_feature,features plus target_ outcome columns,Player performance or style derived only from the preceding three exact seasons.
advanced_compatibility_model_matrix,19,advanced_lag1_minutes,lagged_player_feature,features plus target_ outcome columns,Player performance or style derived only from the preceding three exact seasons.
advanced_compatibility_model_matrix,20,advanced_lag1_npxg_per90,lagged_player_feature,features plus target_ outcome columns,Player performance or style derived only from the preceding three exact seasons.
advanced_compatibility_model_matrix,21,advanced_lag1_role_group,lagged_player_feature,features plus target_ outcome columns,Player performance or style derived only from the preceding three exact seasons.
advanced_compatibility_model_matrix,22,advanced_lag1_role_performance_index,lagged_player_feature,features plus target_ outcome columns,Player performance or style derived only from the preceding three exact seasons.
advanced_compatibility_model_matrix,23,advanced_lag1_source_rows,lagged_player_feature,features plus target_ outcome columns,Player performance or style derived only from the preceding three exact seasons.
advanced_compatibility_model_matrix,24,advanced_lag1_style_aerial_physicality,lagged_player_feature,features plus target_ outcome columns,Player performance or style derived only from the preceding three exact seasons.
advanced_compatibility_model_matrix,25,advanced_lag1_style_creation,lagged_player_feature,features plus target_ outcome columns,Player performance or style derived only from the preceding three exact seasons.
advanced_compatibility_model_matrix,26,advanced_lag1_style_defensive_intensity,lagged_player_feature,features plus target_ outcome columns,Player performance or style derived only from the preceding three exact seasons.
advanced_compatibility_model_matrix,27,advanced_lag1_style_directness,lagged_player_feature,features plus target_ outcome columns,Player performance or style derived only from the preceding three exact seasons.
advanced_compatibility_model_matrix,28,advanced_lag1_style_dribble_aggression,lagged_player_feature,features plus target_ outcome columns,Player performance or style derived only from the preceding three exact seasons.
advanced_compatibility_model_matrix,29,advanced_lag1_style_passing_control,lagged_player_feature,features plus target_ outcome columns,Player performance or style derived only from the preceding three exact seasons.
advanced_compatibility_model_matrix,30,advanced_lag1_style_progression,lagged_player_feature,features plus target_ outcome columns,Player performance or style derived only from the preceding three exact seasons.
advanced_compatibility_model_matrix,31,advanced_lag1_style_scoring_threat,lagged_player_feature,features plus target_ outcome columns,Player performance or style derived only from the preceding three exact seasons.
advanced_compatibility_model_matrix,32,advanced_lag2_assists_per90,lagged_player_feature,features plus target_ outcome columns,Player performance or style derived only from the preceding three exact seasons.
advanced_compatibility_model_matrix,33,advanced_lag2_available,lagged_player_feature,features plus target_ outcome columns,Player performance or style derived only from the preceding three exact seasons.
advanced_compatibility_model_matrix,34,advanced_lag2_clubs,lagged_player_feature,features plus target_ outcome columns,Player performance or style derived only from the preceding three exact seasons.
advanced_compatibility_model_matrix,35,advanced_lag2_competitions,lagged_player_feature,features plus target_ outcome columns,Player performance or style derived only from the preceding three exact seasons.
advanced_compatibility_model_matrix,36,advanced_lag2_goals_per90,lagged_player_feature,features plus target_ outcome columns,Player performance or style derived only from the preceding three exact seasons.
advanced_compatibility_model_matrix,37,advanced_lag2_minutes,lagged_player_feature,features plus target_ outcome columns,Player performance or style derived only from the preceding three exact seasons.
advanced_compatibility_model_matrix,38,advanced_lag2_npxg_per90,lagged_player_feature,features plus target_ outcome columns,Player performance or style derived only from the preceding three exact seasons.
advanced_compatibility_model_matrix,39,advanced_lag2_role_group,lagged_player_feature,features plus target_ outcome columns,Player performance or style derived only from the preceding three exact seasons.
advanced_compatibility_model_matrix,40,advanced_lag2_role_performance_index,lagged_player_feature,features plus target_ outcome columns,Player performance or style derived only from the preceding three exact seasons.
advanced_compatibility_model_matrix,41,advanced_lag2_source_rows,lagged_player_feature,features plus target_ outcome columns,Player performance or style derived only from the preceding three exact seasons.
advanced_compatibility_model_matrix,42,advanced_lag2_style_aerial_physicality,lagged_player_feature,features plus target_ outcome columns,Player performance or style derived only from the preceding three exact seasons.
advanced_compatibility_model_matrix,43,advanced_lag2_style_creation,lagged_player_feature,features plus target_ outcome columns,Player performance or style derived only from the preceding three exact seasons.
advanced_compatibility_model_matrix,44,advanced_lag2_style_defensive_intensity,lagged_player_feature,features plus target_ outcome columns,Player performance or style derived only from the preceding three exact seasons.
advanced_compatibility_model_matrix,45,advanced_lag2_style_directness,lagged_player_feature,features plus target_ outcome columns,Player performance or style derived only from the preceding three exact seasons.
advanced_compatibility_model_matrix,46,advanced_lag2_style_dribble_aggression,lagged_player_feature,features plus target_ outcome columns,Player performance or style derived only from the preceding three exact seasons.
advanced_compatibility_model_matrix,47,advanced_lag2_style_passing_control,lagged_player_feature,features plus target_ outcome columns,Player performance or style derived only from the preceding three exact seasons.
advanced_compatibility_model_matrix,48,advanced_lag2_style_progression,lagged_player_feature,features plus target_ outcome columns,Player performance or style derived only from the preceding three exact seasons.
advanced_compatibility_model_matrix,49,advanced_lag2_style_scoring_threat,lagged_player_feature,features plus target_ outcome columns,Player performance or style derived only from the preceding three exact seasons.
advanced_compatibility_model_matrix,50,advanced_lag3_assists_per90,lagged_player_feature,features plus target_ outcome columns,Player performance or style derived only from the preceding three exact seasons.
advanced_compatibility_model_matrix,51,advanced_lag3_available,lagged_player_feature,features plus target_ outcome columns,Player performance or style derived only from the preceding three exact seasons.
advanced_compatibility_model_matrix,52,advanced_lag3_clubs,lagged_player_feature,features plus target_ outcome columns,Player performance or style derived only from the preceding three exact seasons.
advanced_compatibility_model_matrix,53,advanced_lag3_competitions,lagged_player_feature,features plus target_ outcome columns,Player performance or style derived only from the preceding three exact seasons.
advanced_compatibility_model_matrix,54,advanced_lag3_goals_per90,lagged_player_feature,features plus target_ outcome columns,Player performance or style derived only from the preceding three exact seasons.
advanced_compatibility_model_matrix,55,advanced_lag3_minutes,lagged_player_feature,features plus target_ outcome columns,Player performance or style derived only from the preceding three exact seasons.
advanced_compatibility_model_matrix,56,advanced_lag3_npxg_per90,lagged_player_feature,features plus target_ outcome columns,Player performance or style derived only from the preceding three exact seasons.
advanced_compatibility_model_matrix,57,advanced_lag3_role_group,lagged_player_feature,features plus target_ outcome columns,Player performance or style derived only from the preceding three exact seasons.
advanced_compatibility_model_matrix,58,advanced_lag3_role_performance_index,lagged_player_feature,features plus target_ outcome columns,Player performance or style derived only from the preceding three exact seasons.
advanced_compatibility_model_matrix,59,advanced_lag3_source_rows,lagged_player_feature,features plus target_ outcome columns,Player performance or style derived only from the preceding three exact seasons.
advanced_compatibility_model_matrix,60,advanced_lag3_style_aerial_physicality,lagged_player_feature,features plus target_ outcome columns,Player performance or style derived only from the preceding three exact seasons.
advanced_compatibility_model_matrix,61,advanced_lag3_style_creation,lagged_player_feature,features plus target_ outcome columns,Player performance or style derived only from the preceding three exact seasons.
advanced_compatibility_model_matrix,62,advanced_lag3_style_defensive_intensity,lagged_player_feature,features plus target_ outcome columns,Player performance or style derived only from the preceding three exact seasons.
advanced_compatibility_model_matrix,63,advanced_lag3_style_directness,lagged_player_feature,features plus target_ outcome columns,Player performance or style derived only from the preceding three exact seasons.
advanced_compatibility_model_matrix,64,advanced_lag3_style_dribble_aggression,lagged_player_feature,features plus target_ outcome columns,Player performance or style derived only from the preceding three exact seasons.
advanced_compatibility_model_matrix,65,advanced_lag3_style_passing_control,lagged_player_feature,features plus target_ outcome columns,Player performance or style derived only from the preceding three exact seasons.
advanced_compatibility_model_matrix,66,advanced_lag3_style_progression,lagged_player_feature,features plus target_ outcome columns,Player performance or style derived only from the preceding three exact seasons.
advanced_compatibility_model_matrix,67,advanced_lag3_style_scoring_threat,lagged_player_feature,features plus target_ outcome columns,Player performance or style derived only from the preceding three exact seasons.
advanced_compatibility_model_matrix,68,advanced_max_source_season_used,feature_or_control,features plus target_ outcome columns,Compatibility feature or explicit coverage/control field; see README policy.
advanced_compatibility_model_matrix,69,advanced_rolling3_seasons_observed,lagged_player_feature,features plus target_ outcome columns,Player performance or style derived only from the preceding three exact seasons.
advanced_compatibility_model_matrix,70,advanced_rolling3_style_aerial_physicality,lagged_player_feature,features plus target_ outcome columns,Player performance or style derived only from the preceding three exact seasons.
advanced_compatibility_model_matrix,71,advanced_rolling3_style_creation,lagged_player_feature,features plus target_ outcome columns,Player performance or style derived only from the preceding three exact seasons.
advanced_compatibility_model_matrix,72,advanced_rolling3_style_defensive_intensity,lagged_player_feature,features plus target_ outcome columns,Player performance or style derived only from the preceding three exact seasons.
advanced_compatibility_model_matrix,73,advanced_rolling3_style_directness,lagged_player_feature,features plus target_ outcome columns,Player performance or style derived only from the preceding three exact seasons.
advanced_compatibility_model_matrix,74,advanced_rolling3_style_dribble_aggression,lagged_player_feature,features plus target_ outcome columns,Player performance or style derived only from the preceding three exact seasons.
advanced_compatibility_model_matrix,75,advanced_rolling3_style_passing_control,lagged_player_feature,features plus target_ outcome columns,Player performance or style derived only from the preceding three exact seasons.
advanced_compatibility_model_matrix,76,advanced_rolling3_style_progression,lagged_player_feature,features plus target_ outcome columns,Player performance or style derived only from the preceding three exact seasons.
advanced_compatibility_model_matrix,77,advanced_rolling3_style_scoring_threat,lagged_player_feature,features plus target_ outcome columns,Player performance or style derived only from the preceding three exact seasons.
advanced_compatibility_model_matrix,78,advanced_style_aerial_physicality_trend_lag1_minus_lag2,lagged_player_feature,features plus target_ outcome columns,Player performance or style derived only from the preceding three exact seasons.
advanced_compatibility_model_matrix,79,advanced_style_creation_trend_lag1_minus_lag2,lagged_player_feature,features plus target_ outcome columns,Player performance or style derived only from the preceding three exact seasons.
advanced_compatibility_model_matrix,80,advanced_style_defensive_intensity_trend_lag1_minus_lag2,lagged_player_feature,features plus target_ outcome columns,Player performance or style derived only from the preceding three exact seasons.
advanced_compatibility_model_matrix,81,advanced_style_directness_trend_lag1_minus_lag2,lagged_player_feature,features plus target_ outcome columns,Player performance or style derived only from the preceding three exact seasons.
advanced_compatibility_model_matrix,82,advanced_style_dribble_aggression_trend_lag1_minus_lag2,lagged_player_feature,features plus target_ outcome columns,Player performance or style derived only from the preceding three exact seasons.
advanced_compatibility_model_matrix,83,advanced_style_passing_control_trend_lag1_minus_lag2,lagged_player_feature,features plus target_ outcome columns,Player performance or style derived only from the preceding three exact seasons.
advanced_compatibility_model_matrix,84,advanced_style_progression_trend_lag1_minus_lag2,lagged_player_feature,features plus target_ outcome columns,Player performance or style derived only from the preceding three exact seasons.
advanced_compatibility_model_matrix,85,advanced_style_scoring_threat_trend_lag1_minus_lag2,lagged_player_feature,features plus target_ outcome columns,Player performance or style derived only from the preceding three exact seasons.
advanced_compatibility_model_matrix,86,preference_defensive_intensity_correlation,historical_preference_feature,features plus target_ outcome columns,Expanding player history using only seasons before the target; slopes are shrunk by effective observations.
advanced_compatibility_model_matrix,87,preference_defensive_intensity_effective_observations,historical_preference_feature,features plus target_ outcome columns,Expanding player history using only seasons before the target; slopes are shrunk by effective observations.
advanced_compatibility_model_matrix,88,preference_defensive_intensity_exposure_mean,historical_preference_feature,features plus target_ outcome columns,Expanding player history using only seasons before the target; slopes are shrunk by effective observations.
advanced_compatibility_model_matrix,89,preference_defensive_intensity_performance_weighted_level,historical_preference_feature,features plus target_ outcome columns,Expanding player history using only seasons before the target; slopes are shrunk by effective observations.
advanced_compatibility_model_matrix,90,preference_defensive_intensity_raw_slope,historical_preference_feature,features plus target_ outcome columns,Expanding player history using only seasons before the target; slopes are shrunk by effective observations.
advanced_compatibility_model_matrix,91,preference_defensive_intensity_shrunken_slope,historical_preference_feature,features plus target_ outcome columns,Expanding player history using only seasons before the target; slopes are shrunk by effective observations.
advanced_compatibility_model_matrix,92,preference_forward_mobility_correlation,historical_preference_feature,features plus target_ outcome columns,Expanding player history using only seasons before the target; slopes are shrunk by effective observations.
advanced_compatibility_model_matrix,93,preference_forward_mobility_effective_observations,historical_preference_feature,features plus target_ outcome columns,Expanding player history using only seasons before the target; slopes are shrunk by effective observations.
advanced_compatibility_model_matrix,94,preference_forward_mobility_exposure_mean,historical_preference_feature,features plus target_ outcome columns,Expanding player history using only seasons before the target; slopes are shrunk by effective observations.
advanced_compatibility_model_matrix,95,preference_forward_mobility_performance_weighted_level,historical_preference_feature,features plus target_ outcome columns,Expanding player history using only seasons before the target; slopes are shrunk by effective observations.
advanced_compatibility_model_matrix,96,preference_forward_mobility_raw_slope,historical_preference_feature,features plus target_ outcome columns,Expanding player history using only seasons before the target; slopes are shrunk by effective observations.
advanced_compatibility_model_matrix,97,preference_forward_mobility_shrunken_slope,historical_preference_feature,features plus target_ outcome columns,Expanding player history using only seasons before the target; slopes are shrunk by effective observations.
advanced_compatibility_model_matrix,98,preference_forward_threat_correlation,historical_preference_feature,features plus target_ outcome columns,Expanding player history using only seasons before the target; slopes are shrunk by effective observations.
advanced_compatibility_model_matrix,99,preference_forward_threat_effective_observations,historical_preference_feature,features plus target_ outcome columns,Expanding player history using only seasons before the target; slopes are shrunk by effective observations.
advanced_compatibility_model_matrix,100,preference_forward_threat_exposure_mean,historical_preference_feature,features plus target_ outcome columns,Expanding player history using only seasons before the target; slopes are shrunk by effective observations.
advanced_compatibility_model_matrix,101,preference_forward_threat_performance_weighted_level,historical_preference_feature,features plus target_ outcome columns,Expanding player history using only seasons before the target; slopes are shrunk by effective observations.
advanced_compatibility_model_matrix,102,preference_forward_threat_raw_slope,historical_preference_feature,features plus target_ outcome columns,Expanding player history using only seasons before the target; slopes are shrunk by effective observations.
advanced_compatibility_model_matrix,103,preference_forward_threat_shrunken_slope,historical_preference_feature,features plus target_ outcome columns,Expanding player history using only seasons before the target; slopes are shrunk by effective observations.
advanced_compatibility_model_matrix,104,preference_history_minutes,historical_preference_feature,features plus target_ outcome columns,Expanding player history using only seasons before the target; slopes are shrunk by effective observations.
advanced_compatibility_model_matrix,105,preference_history_rows,historical_preference_feature,features plus target_ outcome columns,Expanding player history using only seasons before the target; slopes are shrunk by effective observations.
advanced_compatibility_model_matrix,106,preference_history_seasons,historical_preference_feature,features plus target_ outcome columns,Expanding player history using only seasons before the target; slopes are shrunk by effective observations.
advanced_compatibility_model_matrix,107,preference_max_source_season,historical_preference_feature,features plus target_ outcome columns,Expanding player history using only seasons before the target; slopes are shrunk by effective observations.
advanced_compatibility_model_matrix,108,preference_midfield_aggression_correlation,historical_preference_feature,features plus target_ outcome columns,Expanding player history using only seasons before the target; slopes are shrunk by effective observations.
advanced_compatibility_model_matrix,109,preference_midfield_aggression_effective_observations,historical_preference_feature,features plus target_ outcome columns,Expanding player history using only seasons before the target; slopes are shrunk by effective observations.
advanced_compatibility_model_matrix,110,preference_midfield_aggression_exposure_mean,historical_preference_feature,features plus target_ outcome columns,Expanding player history using only seasons before the target; slopes are shrunk by effective observations.
advanced_compatibility_model_matrix,111,preference_midfield_aggression_performance_weighted_level,historical_preference_feature,features plus target_ outcome columns,Expanding player history using only seasons before the target; slopes are shrunk by effective observations.
advanced_compatibility_model_matrix,112,preference_midfield_aggression_raw_slope,historical_preference_feature,features plus target_ outcome columns,Expanding player history using only seasons before the target; slopes are shrunk by effective observations.
advanced_compatibility_model_matrix,113,preference_midfield_aggression_shrunken_slope,historical_preference_feature,features plus target_ outcome columns,Expanding player history using only seasons before the target; slopes are shrunk by effective observations.
advanced_compatibility_model_matrix,114,preference_midfield_creativity_correlation,historical_preference_feature,features plus target_ outcome columns,Expanding player history using only seasons before the target; slopes are shrunk by effective observations.
advanced_compatibility_model_matrix,115,preference_midfield_creativity_effective_observations,historical_preference_feature,features plus target_ outcome columns,Expanding player history using only seasons before the target; slopes are shrunk by effective observations.
advanced_compatibility_model_matrix,116,preference_midfield_creativity_exposure_mean,historical_preference_feature,features plus target_ outcome columns,Expanding player history using only seasons before the target; slopes are shrunk by effective observations.
advanced_compatibility_model_matrix,117,preference_midfield_creativity_performance_weighted_level,historical_preference_feature,features plus target_ outcome columns,Expanding player history using only seasons before the target; slopes are shrunk by effective observations.
advanced_compatibility_model_matrix,118,preference_midfield_creativity_raw_slope,historical_preference_feature,features plus target_ outcome columns,Expanding player history using only seasons before the target; slopes are shrunk by effective observations.
advanced_compatibility_model_matrix,119,preference_midfield_creativity_shrunken_slope,historical_preference_feature,features plus target_ outcome columns,Expanding player history using only seasons before the target; slopes are shrunk by effective observations.
advanced_compatibility_model_matrix,120,preference_team_passing_control_correlation,historical_preference_feature,features plus target_ outcome columns,Expanding player history using only seasons before the target; slopes are shrunk by effective observations.
advanced_compatibility_model_matrix,121,preference_team_passing_control_effective_observations,historical_preference_feature,features plus target_ outcome columns,Expanding player history using only seasons before the target; slopes are shrunk by effective observations.
advanced_compatibility_model_matrix,122,preference_team_passing_control_exposure_mean,historical_preference_feature,features plus target_ outcome columns,Expanding player history using only seasons before the target; slopes are shrunk by effective observations.
advanced_compatibility_model_matrix,123,preference_team_passing_control_performance_weighted_level,historical_preference_feature,features plus target_ outcome columns,Expanding player history using only seasons before the target; slopes are shrunk by effective observations.
advanced_compatibility_model_matrix,124,preference_team_passing_control_raw_slope,historical_preference_feature,features plus target_ outcome columns,Expanding player history using only seasons before the target; slopes are shrunk by effective observations.
advanced_compatibility_model_matrix,125,preference_team_passing_control_shrunken_slope,historical_preference_feature,features plus target_ outcome columns,Expanding player history using only seasons before the target; slopes are shrunk by effective observations.
advanced_compatibility_model_matrix,126,roster_all_style_aerial_physicality,scenario_feature,features plus target_ outcome columns,"Target-roster-conditioned feature; prior performance only, but roster membership is scenario input and can leak in historical backtests."
advanced_compatibility_model_matrix,127,roster_all_style_creation,scenario_feature,features plus target_ outcome columns,"Target-roster-conditioned feature; prior performance only, but roster membership is scenario input and can leak in historical backtests."
advanced_compatibility_model_matrix,128,roster_all_style_defensive_intensity,scenario_feature,features plus target_ outcome columns,"Target-roster-conditioned feature; prior performance only, but roster membership is scenario input and can leak in historical backtests."
advanced_compatibility_model_matrix,129,roster_all_style_directness,scenario_feature,features plus target_ outcome columns,"Target-roster-conditioned feature; prior performance only, but roster membership is scenario input and can leak in historical backtests."
advanced_compatibility_model_matrix,130,roster_all_style_dribble_aggression,scenario_feature,features plus target_ outcome columns,"Target-roster-conditioned feature; prior performance only, but roster membership is scenario input and can leak in historical backtests."
advanced_compatibility_model_matrix,131,roster_all_style_passing_control,scenario_feature,features plus target_ outcome columns,"Target-roster-conditioned feature; prior performance only, but roster membership is scenario input and can leak in historical backtests."
advanced_compatibility_model_matrix,132,roster_all_style_progression,scenario_feature,features plus target_ outcome columns,"Target-roster-conditioned feature; prior performance only, but roster membership is scenario input and can leak in historical backtests."
advanced_compatibility_model_matrix,133,roster_all_style_scoring_threat,scenario_feature,features plus target_ outcome columns,"Target-roster-conditioned feature; prior performance only, but roster membership is scenario input and can leak in historical backtests."
advanced_compatibility_model_matrix,134,roster_all_teammate_count,scenario_feature,features plus target_ outcome columns,"Target-roster-conditioned feature; prior performance only, but roster membership is scenario input and can leak in historical backtests."
advanced_compatibility_model_matrix,135,roster_context_defensive_intensity,scenario_feature,features plus target_ outcome columns,"Target-roster-conditioned feature; prior performance only, but roster membership is scenario input and can leak in historical backtests."
advanced_compatibility_model_matrix,136,roster_context_familiarity_score_0_100,scenario_feature,features plus target_ outcome columns,"Target-roster-conditioned feature; prior performance only, but roster membership is scenario input and can leak in historical backtests."
advanced_compatibility_model_matrix,137,roster_context_feature_eligible,scenario_feature,features plus target_ outcome columns,"Target-roster-conditioned feature; prior performance only, but roster membership is scenario input and can leak in historical backtests."
advanced_compatibility_model_matrix,138,roster_context_forward_mobility,scenario_feature,features plus target_ outcome columns,"Target-roster-conditioned feature; prior performance only, but roster membership is scenario input and can leak in historical backtests."
advanced_compatibility_model_matrix,139,roster_context_forward_threat,scenario_feature,features plus target_ outcome columns,"Target-roster-conditioned feature; prior performance only, but roster membership is scenario input and can leak in historical backtests."
advanced_compatibility_model_matrix,140,roster_context_max_performance_season_used,scenario_feature,features plus target_ outcome columns,"Target-roster-conditioned feature; prior performance only, but roster membership is scenario input and can leak in historical backtests."
advanced_compatibility_model_matrix,141,roster_context_membership_timing,scenario_feature,features plus target_ outcome columns,"Target-roster-conditioned feature; prior performance only, but roster membership is scenario input and can leak in historical backtests."
advanced_compatibility_model_matrix,142,roster_context_midfield_aggression,scenario_feature,features plus target_ outcome columns,"Target-roster-conditioned feature; prior performance only, but roster membership is scenario input and can leak in historical backtests."
advanced_compatibility_model_matrix,143,roster_context_midfield_creativity,scenario_feature,features plus target_ outcome columns,"Target-roster-conditioned feature; prior performance only, but roster membership is scenario input and can leak in historical backtests."
advanced_compatibility_model_matrix,144,roster_context_team_passing_control,scenario_feature,features plus target_ outcome columns,"Target-roster-conditioned feature; prior performance only, but roster membership is scenario input and can leak in historical backtests."
advanced_compatibility_model_matrix,145,roster_defensive_intensity_familiarity_distance,scenario_feature,features plus target_ outcome columns,"Target-roster-conditioned feature; prior performance only, but roster membership is scenario input and can leak in historical backtests."
advanced_compatibility_model_matrix,146,roster_defensive_intensity_preference_distance,scenario_feature,features plus target_ outcome columns,"Target-roster-conditioned feature; prior performance only, but roster membership is scenario input and can leak in historical backtests."
advanced_compatibility_model_matrix,147,roster_defensive_intensity_preference_slope_interaction,scenario_feature,features plus target_ outcome columns,"Target-roster-conditioned feature; prior performance only, but roster membership is scenario input and can leak in historical backtests."
advanced_compatibility_model_matrix,148,roster_df_style_aerial_physicality,scenario_feature,features plus target_ outcome columns,"Target-roster-conditioned feature; prior performance only, but roster membership is scenario input and can leak in historical backtests."
advanced_compatibility_model_matrix,149,roster_df_style_creation,scenario_feature,features plus target_ outcome columns,"Target-roster-conditioned feature; prior performance only, but roster membership is scenario input and can leak in historical backtests."
advanced_compatibility_model_matrix,150,roster_df_style_defensive_intensity,scenario_feature,features plus target_ outcome columns,"Target-roster-conditioned feature; prior performance only, but roster membership is scenario input and can leak in historical backtests."
advanced_compatibility_model_matrix,151,roster_df_style_directness,scenario_feature,features plus target_ outcome columns,"Target-roster-conditioned feature; prior performance only, but roster membership is scenario input and can leak in historical backtests."
advanced_compatibility_model_matrix,152,roster_df_style_dribble_aggression,scenario_feature,features plus target_ outcome columns,"Target-roster-conditioned feature; prior performance only, but roster membership is scenario input and can leak in historical backtests."
advanced_compatibility_model_matrix,153,roster_df_style_passing_control,scenario_feature,features plus target_ outcome columns,"Target-roster-conditioned feature; prior performance only, but roster membership is scenario input and can leak in historical backtests."
advanced_compatibility_model_matrix,154,roster_df_style_progression,scenario_feature,features plus target_ outcome columns,"Target-roster-conditioned feature; prior performance only, but roster membership is scenario input and can leak in historical backtests."
advanced_compatibility_model_matrix,155,roster_df_style_scoring_threat,scenario_feature,features plus target_ outcome columns,"Target-roster-conditioned feature; prior performance only, but roster membership is scenario input and can leak in historical backtests."
advanced_compatibility_model_matrix,156,roster_df_teammate_count,scenario_feature,features plus target_ outcome columns,"Target-roster-conditioned feature; prior performance only, but roster membership is scenario input and can leak in historical backtests."
advanced_compatibility_model_matrix,157,roster_forward_mobility_familiarity_distance,scenario_feature,features plus target_ outcome columns,"Target-roster-conditioned feature; prior performance only, but roster membership is scenario input and can leak in historical backtests."
advanced_compatibility_model_matrix,158,roster_forward_mobility_preference_distance,scenario_feature,features plus target_ outcome columns,"Target-roster-conditioned feature; prior performance only, but roster membership is scenario input and can leak in historical backtests."
advanced_compatibility_model_matrix,159,roster_forward_mobility_preference_slope_interaction,scenario_feature,features plus target_ outcome columns,"Target-roster-conditioned feature; prior performance only, but roster membership is scenario input and can leak in historical backtests."
advanced_compatibility_model_matrix,160,roster_forward_threat_familiarity_distance,scenario_feature,features plus target_ outcome columns,"Target-roster-conditioned feature; prior performance only, but roster membership is scenario input and can leak in historical backtests."
advanced_compatibility_model_matrix,161,roster_forward_threat_preference_distance,scenario_feature,features plus target_ outcome columns,"Target-roster-conditioned feature; prior performance only, but roster membership is scenario input and can leak in historical backtests."
advanced_compatibility_model_matrix,162,roster_forward_threat_preference_slope_interaction,scenario_feature,features plus target_ outcome columns,"Target-roster-conditioned feature; prior performance only, but roster membership is scenario input and can leak in historical backtests."
advanced_compatibility_model_matrix,163,roster_fw_style_aerial_physicality,scenario_feature,features plus target_ outcome columns,"Target-roster-conditioned feature; prior performance only, but roster membership is scenario input and can leak in historical backtests."
advanced_compatibility_model_matrix,164,roster_fw_style_creation,scenario_feature,features plus target_ outcome columns,"Target-roster-conditioned feature; prior performance only, but roster membership is scenario input and can leak in historical backtests."
advanced_compatibility_model_matrix,165,roster_fw_style_defensive_intensity,scenario_feature,features plus target_ outcome columns,"Target-roster-conditioned feature; prior performance only, but roster membership is scenario input and can leak in historical backtests."
advanced_compatibility_model_matrix,166,roster_fw_style_directness,scenario_feature,features plus target_ outcome columns,"Target-roster-conditioned feature; prior performance only, but roster membership is scenario input and can leak in historical backtests."
advanced_compatibility_model_matrix,167,roster_fw_style_dribble_aggression,scenario_feature,features plus target_ outcome columns,"Target-roster-conditioned feature; prior performance only, but roster membership is scenario input and can leak in historical backtests."
advanced_compatibility_model_matrix,168,roster_fw_style_passing_control,scenario_feature,features plus target_ outcome columns,"Target-roster-conditioned feature; prior performance only, but roster membership is scenario input and can leak in historical backtests."
advanced_compatibility_model_matrix,169,roster_fw_style_progression,scenario_feature,features plus target_ outcome columns,"Target-roster-conditioned feature; prior performance only, but roster membership is scenario input and can leak in historical backtests."
advanced_compatibility_model_matrix,170,roster_fw_style_scoring_threat,scenario_feature,features plus target_ outcome columns,"Target-roster-conditioned feature; prior performance only, but roster membership is scenario input and can leak in historical backtests."
advanced_compatibility_model_matrix,171,roster_fw_teammate_count,scenario_feature,features plus target_ outcome columns,"Target-roster-conditioned feature; prior performance only, but roster membership is scenario input and can leak in historical backtests."
advanced_compatibility_model_matrix,172,roster_mf_style_aerial_physicality,scenario_feature,features plus target_ outcome columns,"Target-roster-conditioned feature; prior performance only, but roster membership is scenario input and can leak in historical backtests."
advanced_compatibility_model_matrix,173,roster_mf_style_creation,scenario_feature,features plus target_ outcome columns,"Target-roster-conditioned feature; prior performance only, but roster membership is scenario input and can leak in historical backtests."
advanced_compatibility_model_matrix,174,roster_mf_style_defensive_intensity,scenario_feature,features plus target_ outcome columns,"Target-roster-conditioned feature; prior performance only, but roster membership is scenario input and can leak in historical backtests."
advanced_compatibility_model_matrix,175,roster_mf_style_directness,scenario_feature,features plus target_ outcome columns,"Target-roster-conditioned feature; prior performance only, but roster membership is scenario input and can leak in historical backtests."
advanced_compatibility_model_matrix,176,roster_mf_style_dribble_aggression,scenario_feature,features plus target_ outcome columns,"Target-roster-conditioned feature; prior performance only, but roster membership is scenario input and can leak in historical backtests."
advanced_compatibility_model_matrix,177,roster_mf_style_passing_control,scenario_feature,features plus target_ outcome columns,"Target-roster-conditioned feature; prior performance only, but roster membership is scenario input and can leak in historical backtests."
advanced_compatibility_model_matrix,178,roster_mf_style_progression,scenario_feature,features plus target_ outcome columns,"Target-roster-conditioned feature; prior performance only, but roster membership is scenario input and can leak in historical backtests."
advanced_compatibility_model_matrix,179,roster_mf_style_scoring_threat,scenario_feature,features plus target_ outcome columns,"Target-roster-conditioned feature; prior performance only, but roster membership is scenario input and can leak in historical backtests."
advanced_compatibility_model_matrix,180,roster_mf_teammate_count,scenario_feature,features plus target_ outcome columns,"Target-roster-conditioned feature; prior performance only, but roster membership is scenario input and can leak in historical backtests."
advanced_compatibility_model_matrix,181,roster_midfield_aggression_familiarity_distance,scenario_feature,features plus target_ outcome columns,"Target-roster-conditioned feature; prior performance only, but roster membership is scenario input and can leak in historical backtests."
advanced_compatibility_model_matrix,182,roster_midfield_aggression_preference_distance,scenario_feature,features plus target_ outcome columns,"Target-roster-conditioned feature; prior performance only, but roster membership is scenario input and can leak in historical backtests."
advanced_compatibility_model_matrix,183,roster_midfield_aggression_preference_slope_interaction,scenario_feature,features plus target_ outcome columns,"Target-roster-conditioned feature; prior performance only, but roster membership is scenario input and can leak in historical backtests."
advanced_compatibility_model_matrix,184,roster_midfield_creativity_familiarity_distance,scenario_feature,features plus target_ outcome columns,"Target-roster-conditioned feature; prior performance only, but roster membership is scenario input and can leak in historical backtests."
advanced_compatibility_model_matrix,185,roster_midfield_creativity_preference_distance,scenario_feature,features plus target_ outcome columns,"Target-roster-conditioned feature; prior performance only, but roster membership is scenario input and can leak in historical backtests."
advanced_compatibility_model_matrix,186,roster_midfield_creativity_preference_slope_interaction,scenario_feature,features plus target_ outcome columns,"Target-roster-conditioned feature; prior performance only, but roster membership is scenario input and can leak in historical backtests."
advanced_compatibility_model_matrix,187,roster_player_creation_x_forward_threat,scenario_feature,features plus target_ outcome columns,"Target-roster-conditioned feature; prior performance only, but roster membership is scenario input and can leak in historical backtests."
advanced_compatibility_model_matrix,188,roster_player_defense_x_defensive_intensity,scenario_feature,features plus target_ outcome columns,"Target-roster-conditioned feature; prior performance only, but roster membership is scenario input and can leak in historical backtests."
advanced_compatibility_model_matrix,189,roster_player_dribble_x_midfield_aggression,scenario_feature,features plus target_ outcome columns,"Target-roster-conditioned feature; prior performance only, but roster membership is scenario input and can leak in historical backtests."
advanced_compatibility_model_matrix,190,roster_player_passing_x_team_passing_control,scenario_feature,features plus target_ outcome columns,"Target-roster-conditioned feature; prior performance only, but roster membership is scenario input and can leak in historical backtests."
advanced_compatibility_model_matrix,191,roster_player_progression_x_forward_mobility,scenario_feature,features plus target_ outcome columns,"Target-roster-conditioned feature; prior performance only, but roster membership is scenario input and can leak in historical backtests."
advanced_compatibility_model_matrix,192,roster_player_scoring_x_midfield_creativity,scenario_feature,features plus target_ outcome columns,"Target-roster-conditioned feature; prior performance only, but roster membership is scenario input and can leak in historical backtests."
advanced_compatibility_model_matrix,193,roster_player_team_style_cosine_similarity,scenario_feature,features plus target_ outcome columns,"Target-roster-conditioned feature; prior performance only, but roster membership is scenario input and can leak in historical backtests."
advanced_compatibility_model_matrix,194,roster_player_team_style_mean_absolute_distance,scenario_feature,features plus target_ outcome columns,"Target-roster-conditioned feature; prior performance only, but roster membership is scenario input and can leak in historical backtests."
advanced_compatibility_model_matrix,195,roster_preference_fit_score_0_100,scenario_feature,features plus target_ outcome columns,"Target-roster-conditioned feature; prior performance only, but roster membership is scenario input and can leak in historical backtests."
advanced_compatibility_model_matrix,196,roster_preference_slope_signal,scenario_feature,features plus target_ outcome columns,"Target-roster-conditioned feature; prior performance only, but roster membership is scenario input and can leak in historical backtests."
advanced_compatibility_model_matrix,197,roster_self_removed,scenario_feature,features plus target_ outcome columns,"Target-roster-conditioned feature; prior performance only, but roster membership is scenario input and can leak in historical backtests."
advanced_compatibility_model_matrix,198,roster_team_passing_control_familiarity_distance,scenario_feature,features plus target_ outcome columns,"Target-roster-conditioned feature; prior performance only, but roster membership is scenario input and can leak in historical backtests."
advanced_compatibility_model_matrix,199,roster_team_passing_control_preference_distance,scenario_feature,features plus target_ outcome columns,"Target-roster-conditioned feature; prior performance only, but roster membership is scenario input and can leak in historical backtests."
advanced_compatibility_model_matrix,200,roster_team_passing_control_preference_slope_interaction,scenario_feature,features plus target_ outcome columns,"Target-roster-conditioned feature; prior performance only, but roster membership is scenario input and can leak in historical backtests."
advanced_compatibility_model_matrix,201,strict_all_count,strict_preseason_feature,features plus target_ outcome columns,Prior-club-season teammate context using only seasons before the target season.
advanced_compatibility_model_matrix,202,strict_all_style_aerial_physicality,strict_preseason_feature,features plus target_ outcome columns,Prior-club-season teammate context using only seasons before the target season.
advanced_compatibility_model_matrix,203,strict_all_style_creation,strict_preseason_feature,features plus target_ outcome columns,Prior-club-season teammate context using only seasons before the target season.
advanced_compatibility_model_matrix,204,strict_all_style_defensive_intensity,strict_preseason_feature,features plus target_ outcome columns,Prior-club-season teammate context using only seasons before the target season.
advanced_compatibility_model_matrix,205,strict_all_style_directness,strict_preseason_feature,features plus target_ outcome columns,Prior-club-season teammate context using only seasons before the target season.
advanced_compatibility_model_matrix,206,strict_all_style_dribble_aggression,strict_preseason_feature,features plus target_ outcome columns,Prior-club-season teammate context using only seasons before the target season.
advanced_compatibility_model_matrix,207,strict_all_style_passing_control,strict_preseason_feature,features plus target_ outcome columns,Prior-club-season teammate context using only seasons before the target season.
advanced_compatibility_model_matrix,208,strict_all_style_progression,strict_preseason_feature,features plus target_ outcome columns,Prior-club-season teammate context using only seasons before the target season.
advanced_compatibility_model_matrix,209,strict_all_style_scoring_threat,strict_preseason_feature,features plus target_ outcome columns,Prior-club-season teammate context using only seasons before the target season.
advanced_compatibility_model_matrix,210,strict_all_teammate_count,strict_preseason_feature,features plus target_ outcome columns,Prior-club-season teammate context using only seasons before the target season.
advanced_compatibility_model_matrix,211,strict_context_defensive_intensity,strict_preseason_feature,features plus target_ outcome columns,Prior-club-season teammate context using only seasons before the target season.
advanced_compatibility_model_matrix,212,strict_context_familiarity_score_0_100,strict_preseason_feature,features plus target_ outcome columns,Prior-club-season teammate context using only seasons before the target season.
advanced_compatibility_model_matrix,213,strict_context_feature_eligible,strict_preseason_feature,features plus target_ outcome columns,Prior-club-season teammate context using only seasons before the target season.
advanced_compatibility_model_matrix,214,strict_context_forward_mobility,strict_preseason_feature,features plus target_ outcome columns,Prior-club-season teammate context using only seasons before the target season.
advanced_compatibility_model_matrix,215,strict_context_forward_threat,strict_preseason_feature,features plus target_ outcome columns,Prior-club-season teammate context using only seasons before the target season.
advanced_compatibility_model_matrix,216,strict_context_midfield_aggression,strict_preseason_feature,features plus target_ outcome columns,Prior-club-season teammate context using only seasons before the target season.
advanced_compatibility_model_matrix,217,strict_context_midfield_creativity,strict_preseason_feature,features plus target_ outcome columns,Prior-club-season teammate context using only seasons before the target season.
advanced_compatibility_model_matrix,218,strict_context_source_season,strict_preseason_feature,features plus target_ outcome columns,Prior-club-season teammate context using only seasons before the target season.
advanced_compatibility_model_matrix,219,strict_context_team_passing_control,strict_preseason_feature,features plus target_ outcome columns,Prior-club-season teammate context using only seasons before the target season.
advanced_compatibility_model_matrix,220,strict_defensive_intensity_familiarity_distance,strict_preseason_feature,features plus target_ outcome columns,Prior-club-season teammate context using only seasons before the target season.
advanced_compatibility_model_matrix,221,strict_defensive_intensity_preference_distance,strict_preseason_feature,features plus target_ outcome columns,Prior-club-season teammate context using only seasons before the target season.
advanced_compatibility_model_matrix,222,strict_defensive_intensity_preference_slope_interaction,strict_preseason_feature,features plus target_ outcome columns,Prior-club-season teammate context using only seasons before the target season.
advanced_compatibility_model_matrix,223,strict_df_count,strict_preseason_feature,features plus target_ outcome columns,Prior-club-season teammate context using only seasons before the target season.
advanced_compatibility_model_matrix,224,strict_df_style_aerial_physicality,strict_preseason_feature,features plus target_ outcome columns,Prior-club-season teammate context using only seasons before the target season.
advanced_compatibility_model_matrix,225,strict_df_style_creation,strict_preseason_feature,features plus target_ outcome columns,Prior-club-season teammate context using only seasons before the target season.
advanced_compatibility_model_matrix,226,strict_df_style_defensive_intensity,strict_preseason_feature,features plus target_ outcome columns,Prior-club-season teammate context using only seasons before the target season.
advanced_compatibility_model_matrix,227,strict_df_style_directness,strict_preseason_feature,features plus target_ outcome columns,Prior-club-season teammate context using only seasons before the target season.
advanced_compatibility_model_matrix,228,strict_df_style_dribble_aggression,strict_preseason_feature,features plus target_ outcome columns,Prior-club-season teammate context using only seasons before the target season.
advanced_compatibility_model_matrix,229,strict_df_style_passing_control,strict_preseason_feature,features plus target_ outcome columns,Prior-club-season teammate context using only seasons before the target season.
advanced_compatibility_model_matrix,230,strict_df_style_progression,strict_preseason_feature,features plus target_ outcome columns,Prior-club-season teammate context using only seasons before the target season.
advanced_compatibility_model_matrix,231,strict_df_style_scoring_threat,strict_preseason_feature,features plus target_ outcome columns,Prior-club-season teammate context using only seasons before the target season.
advanced_compatibility_model_matrix,232,strict_df_teammate_count,strict_preseason_feature,features plus target_ outcome columns,Prior-club-season teammate context using only seasons before the target season.
advanced_compatibility_model_matrix,233,strict_forward_mobility_familiarity_distance,strict_preseason_feature,features plus target_ outcome columns,Prior-club-season teammate context using only seasons before the target season.
advanced_compatibility_model_matrix,234,strict_forward_mobility_preference_distance,strict_preseason_feature,features plus target_ outcome columns,Prior-club-season teammate context using only seasons before the target season.
advanced_compatibility_model_matrix,235,strict_forward_mobility_preference_slope_interaction,strict_preseason_feature,features plus target_ outcome columns,Prior-club-season teammate context using only seasons before the target season.
advanced_compatibility_model_matrix,236,strict_forward_threat_familiarity_distance,strict_preseason_feature,features plus target_ outcome columns,Prior-club-season teammate context using only seasons before the target season.
advanced_compatibility_model_matrix,237,strict_forward_threat_preference_distance,strict_preseason_feature,features plus target_ outcome columns,Prior-club-season teammate context using only seasons before the target season.
advanced_compatibility_model_matrix,238,strict_forward_threat_preference_slope_interaction,strict_preseason_feature,features plus target_ outcome columns,Prior-club-season teammate context using only seasons before the target season.
advanced_compatibility_model_matrix,239,strict_fw_count,strict_preseason_feature,features plus target_ outcome columns,Prior-club-season teammate context using only seasons before the target season.
advanced_compatibility_model_matrix,240,strict_fw_style_aerial_physicality,strict_preseason_feature,features plus target_ outcome columns,Prior-club-season teammate context using only seasons before the target season.
advanced_compatibility_model_matrix,241,strict_fw_style_creation,strict_preseason_feature,features plus target_ outcome columns,Prior-club-season teammate context using only seasons before the target season.
advanced_compatibility_model_matrix,242,strict_fw_style_defensive_intensity,strict_preseason_feature,features plus target_ outcome columns,Prior-club-season teammate context using only seasons before the target season.
advanced_compatibility_model_matrix,243,strict_fw_style_directness,strict_preseason_feature,features plus target_ outcome columns,Prior-club-season teammate context using only seasons before the target season.
advanced_compatibility_model_matrix,244,strict_fw_style_dribble_aggression,strict_preseason_feature,features plus target_ outcome columns,Prior-club-season teammate context using only seasons before the target season.
advanced_compatibility_model_matrix,245,strict_fw_style_passing_control,strict_preseason_feature,features plus target_ outcome columns,Prior-club-season teammate context using only seasons before the target season.
advanced_compatibility_model_matrix,246,strict_fw_style_progression,strict_preseason_feature,features plus target_ outcome columns,Prior-club-season teammate context using only seasons before the target season.
advanced_compatibility_model_matrix,247,strict_fw_style_scoring_threat,strict_preseason_feature,features plus target_ outcome columns,Prior-club-season teammate context using only seasons before the target season.
advanced_compatibility_model_matrix,248,strict_fw_teammate_count,strict_preseason_feature,features plus target_ outcome columns,Prior-club-season teammate context using only seasons before the target season.
advanced_compatibility_model_matrix,249,strict_mf_count,strict_preseason_feature,features plus target_ outcome columns,Prior-club-season teammate context using only seasons before the target season.
advanced_compatibility_model_matrix,250,strict_mf_style_aerial_physicality,strict_preseason_feature,features plus target_ outcome columns,Prior-club-season teammate context using only seasons before the target season.
advanced_compatibility_model_matrix,251,strict_mf_style_creation,strict_preseason_feature,features plus target_ outcome columns,Prior-club-season teammate context using only seasons before the target season.
advanced_compatibility_model_matrix,252,strict_mf_style_defensive_intensity,strict_preseason_feature,features plus target_ outcome columns,Prior-club-season teammate context using only seasons before the target season.
advanced_compatibility_model_matrix,253,strict_mf_style_directness,strict_preseason_feature,features plus target_ outcome columns,Prior-club-season teammate context using only seasons before the target season.
advanced_compatibility_model_matrix,254,strict_mf_style_dribble_aggression,strict_preseason_feature,features plus target_ outcome columns,Prior-club-season teammate context using only seasons before the target season.
advanced_compatibility_model_matrix,255,strict_mf_style_passing_control,strict_preseason_feature,features plus target_ outcome columns,Prior-club-season teammate context using only seasons before the target season.
advanced_compatibility_model_matrix,256,strict_mf_style_progression,strict_preseason_feature,features plus target_ outcome columns,Prior-club-season teammate context using only seasons before the target season.
advanced_compatibility_model_matrix,257,strict_mf_style_scoring_threat,strict_preseason_feature,features plus target_ outcome columns,Prior-club-season teammate context using only seasons before the target season.
advanced_compatibility_model_matrix,258,strict_mf_teammate_count,strict_preseason_feature,features plus target_ outcome columns,Prior-club-season teammate context using only seasons before the target season.
advanced_compatibility_model_matrix,259,strict_midfield_aggression_familiarity_distance,strict_preseason_feature,features plus target_ outcome columns,Prior-club-season teammate context using only seasons before the target season.
advanced_compatibility_model_matrix,260,strict_midfield_aggression_preference_distance,strict_preseason_feature,features plus target_ outcome columns,Prior-club-season teammate context using only seasons before the target season.
advanced_compatibility_model_matrix,261,strict_midfield_aggression_preference_slope_interaction,strict_preseason_feature,features plus target_ outcome columns,Prior-club-season teammate context using only seasons before the target season.
advanced_compatibility_model_matrix,262,strict_midfield_creativity_familiarity_distance,strict_preseason_feature,features plus target_ outcome columns,Prior-club-season teammate context using only seasons before the target season.
advanced_compatibility_model_matrix,263,strict_midfield_creativity_preference_distance,strict_preseason_feature,features plus target_ outcome columns,Prior-club-season teammate context using only seasons before the target season.
advanced_compatibility_model_matrix,264,strict_midfield_creativity_preference_slope_interaction,strict_preseason_feature,features plus target_ outcome columns,Prior-club-season teammate context using only seasons before the target season.
advanced_compatibility_model_matrix,265,strict_player_creation_x_forward_threat,strict_preseason_feature,features plus target_ outcome columns,Prior-club-season teammate context using only seasons before the target season.
advanced_compatibility_model_matrix,266,strict_player_defense_x_defensive_intensity,strict_preseason_feature,features plus target_ outcome columns,Prior-club-season teammate context using only seasons before the target season.
advanced_compatibility_model_matrix,267,strict_player_dribble_x_midfield_aggression,strict_preseason_feature,features plus target_ outcome columns,Prior-club-season teammate context using only seasons before the target season.
advanced_compatibility_model_matrix,268,strict_player_passing_x_team_passing_control,strict_preseason_feature,features plus target_ outcome columns,Prior-club-season teammate context using only seasons before the target season.
advanced_compatibility_model_matrix,269,strict_player_progression_x_forward_mobility,strict_preseason_feature,features plus target_ outcome columns,Prior-club-season teammate context using only seasons before the target season.
advanced_compatibility_model_matrix,270,strict_player_scoring_x_midfield_creativity,strict_preseason_feature,features plus target_ outcome columns,Prior-club-season teammate context using only seasons before the target season.
advanced_compatibility_model_matrix,271,strict_player_team_style_cosine_similarity,strict_preseason_feature,features plus target_ outcome columns,Prior-club-season teammate context using only seasons before the target season.
advanced_compatibility_model_matrix,272,strict_player_team_style_mean_absolute_distance,strict_preseason_feature,features plus target_ outcome columns,Prior-club-season teammate context using only seasons before the target season.
advanced_compatibility_model_matrix,273,strict_preference_fit_score_0_100,strict_preseason_feature,features plus target_ outcome columns,Prior-club-season teammate context using only seasons before the target season.
advanced_compatibility_model_matrix,274,strict_preference_slope_signal,strict_preseason_feature,features plus target_ outcome columns,Prior-club-season teammate context using only seasons before the target season.
advanced_compatibility_model_matrix,275,strict_prior_club_context_available,strict_preseason_feature,features plus target_ outcome columns,Prior-club-season teammate context using only seasons before the target season.
advanced_compatibility_model_matrix,276,strict_team_distinct_players,strict_preseason_feature,features plus target_ outcome columns,Prior-club-season teammate context using only seasons before the target season.
advanced_compatibility_model_matrix,277,strict_team_minutes,strict_preseason_feature,features plus target_ outcome columns,Prior-club-season teammate context using only seasons before the target season.
advanced_compatibility_model_matrix,278,strict_team_passing_control_familiarity_distance,strict_preseason_feature,features plus target_ outcome columns,Prior-club-season teammate context using only seasons before the target season.
advanced_compatibility_model_matrix,279,strict_team_passing_control_preference_distance,strict_preseason_feature,features plus target_ outcome columns,Prior-club-season teammate context using only seasons before the target season.
advanced_compatibility_model_matrix,280,strict_team_passing_control_preference_slope_interaction,strict_preseason_feature,features plus target_ outcome columns,Prior-club-season teammate context using only seasons before the target season.
advanced_compatibility_model_matrix,281,strict_team_player_rows,strict_preseason_feature,features plus target_ outcome columns,Prior-club-season teammate context using only seasons before the target season.
advanced_compatibility_model_matrix,282,target_fbref_matches_played,target_or_sample_diagnostic,features plus target_ outcome columns,Current-season outcome or sample diagnostic; never use as a predictor.
advanced_compatibility_model_matrix,283,target_fbref_total_minutes,target_or_sample_diagnostic,features plus target_ outcome columns,Current-season outcome or sample diagnostic; never use as a predictor.
advanced_compatibility_model_matrix,284,target_goals_per90,target_or_sample_diagnostic,features plus target_ outcome columns,Current-season outcome or sample diagnostic; never use as a predictor.
advanced_compatibility_model_matrix,285,target_assists_per90,target_or_sample_diagnostic,features plus target_ outcome columns,Current-season outcome or sample diagnostic; never use as a predictor.
advanced_compatibility_model_matrix,286,target_npxg_per90,target_or_sample_diagnostic,features plus target_ outcome columns,Current-season outcome or sample diagnostic; never use as a predictor.
advanced_compatibility_model_matrix,287,target_role_performance_index,target_or_sample_diagnostic,features plus target_ outcome columns,Current-season outcome or sample diagnostic; never use as a predictor.
advanced_compatibility_model_matrix,288,target_style_scoring_threat,target_or_sample_diagnostic,features plus target_ outcome columns,Current-season outcome or sample diagnostic; never use as a predictor.
advanced_compatibility_model_matrix,289,target_style_creation,target_or_sample_diagnostic,features plus target_ outcome columns,Current-season outcome or sample diagnostic; never use as a predictor.
advanced_compatibility_model_matrix,290,target_style_progression,target_or_sample_diagnostic,features plus target_ outcome columns,Current-season outcome or sample diagnostic; never use as a predictor.
advanced_compatibility_model_matrix,291,target_style_dribble_aggression,target_or_sample_diagnostic,features plus target_ outcome columns,Current-season outcome or sample diagnostic; never use as a predictor.
advanced_compatibility_model_matrix,292,target_style_passing_control,target_or_sample_diagnostic,features plus target_ outcome columns,Current-season outcome or sample diagnostic; never use as a predictor.
advanced_compatibility_model_matrix,293,target_style_directness,target_or_sample_diagnostic,features plus target_ outcome columns,Current-season outcome or sample diagnostic; never use as a predictor.
advanced_compatibility_model_matrix,294,target_style_defensive_intensity,target_or_sample_diagnostic,features plus target_ outcome columns,Current-season outcome or sample diagnostic; never use as a predictor.
advanced_compatibility_model_matrix,295,target_style_aerial_physicality,target_or_sample_diagnostic,features plus target_ outcome columns,Current-season outcome or sample diagnostic; never use as a predictor.
