club_id,canonical_name,known_names,source_tables,present_in_clubs,present_in_transfers,present_in_games,present_in_national_teams,first_observed_date,last_observed_date,name_count
1,1.FC Saarbrücken,1.FC Saarbrücken | Saarbrücken,games | transfers,False,True,True,False,2012-08-19,2025-08-15,2
2,1.FC K'lautern,1.FC K'lautern | 1.FC Kaiserslautern,games | transfers,False,True,True,False,2011-07-01,2026-06-30,2
3,1.FC Köln,1.FC Köln,clubs | games | transfers,True,True,True,False,2010-01-29,2026-05-16,1
4,1.FC Nuremberg,1.FC Nuremberg,clubs | games | transfers,True,True,True,False,2012-08-19,2026-06-30,1
5,AC Milan,AC Milan,clubs | games | transfers,True,True,True,False,2010-07-20,2026-06-30,1
6,Adanaspor,Adanaspor,clubs | games | transfers,True,True,True,False,2016-07-21,2025-07-01,1
7,Al Ahly FC,Al Ahly FC | El Ahly,games | transfers,False,True,True,False,2012-12-09,2025-06-24,2
8,Alem. Aachen,Alem. Aachen | Alemannia Aachen,games | transfers,False,True,True,False,2010-02-01,2024-08-17,2
9,PS Kalamata,PS Kalamata,games | transfers,False,True,True,False,2012-10-24,2026-01-06,1
10,Arminia Bielefeld,Arm. Bielefeld | Arminia Bielefeld,clubs | games | transfers,True,True,True,False,2010-07-01,2026-06-30,2
11,Arsenal FC,Arsenal | Arsenal FC,clubs | games | transfers,True,True,True,False,2005-07-04,2026-05-24,2
12,Associazione Sportiva Roma,AS Roma | Associazione Sportiva Roma | Roma,clubs | games | transfers,True,True,True,False,2010-06-30,2026-05-24,3
13,Atlético de Madrid,Atlético | Atlético Madrid | Atlético de Madrid,clubs | games | transfers,True,True,True,False,2007-07-01,2026-05-24,3
14,Austria Vienna,Austria Vienna,clubs | games | transfers,True,True,True,False,2012-07-01,2026-05-17,1
15,Bayer 04 Leverkusen,B. Leverkusen | Bayer 04 Leverkusen | Leverkusen,clubs | games | transfers,True,True,True,False,2008-07-01,2026-06-30,3
16,Borussia Dortmund,Bor. Dortmund | Borussia Dortmund | Dortmund,clubs | games | transfers,True,True,True,False,2008-01-03,2026-06-30,3
17,B. Dortmund II,B. Dortmund II,transfers,False,True,False,False,2012-01-01,2026-01-03,1
18,Borussia Mönchengladbach,Bor. M'gladbach | Borussia Mönchengladbach | Mönchengladbach,clubs | games | transfers,True,True,True,False,2009-07-01,2026-06-30,3
19,Brescia Calcio,Brescia | Brescia Calcio,clubs | games | transfers,True,True,True,False,2012-01-04,2024-09-26,2
20,Bursaspor,Bursaspor,clubs | games | transfers,True,True,True,False,2008-07-01,2026-01-06,1
21,Chemnitzer FC,Chemnitzer FC,games | transfers,False,True,True,False,2009-08-31,2022-08-01,1
22,Derby,Derby | Derby County,games | transfers,False,True,True,False,2008-11-27,2026-01-11,2
23,Eintracht Braunschweig,E. Braunschweig | Eintracht Braunschweig,clubs | games | transfers,True,True,True,False,2009-07-01,2026-06-30,2
24,Eintracht Frankfurt,E. Frankfurt | Eintracht Frankfurt | Frankfurt,clubs | games | transfers,True,True,True,False,2010-07-01,2026-06-30,3
25,FC Energie Cottbus,Energie Cottbus | FC Energie Cottbus,games | transfers,False,True,True,False,2008-07-01,2026-02-02,2
26,FC Basel 1893,Basel | FC Basel | FC Basel 1893,clubs | games | transfers,True,True,True,False,2005-07-01,2026-05-17,3
27,Bayern Munich,Bayern Munich,clubs | games | transfers,True,True,True,False,2007-01-01,2026-06-30,1
28,FC Bayern II,FC Bayern II,transfers,False,True,False,False,2006-07-01,2026-06-30,1
29,Everton FC,Everton | Everton FC,clubs | games | transfers,True,True,True,False,2011-01-28,2026-05-24,2
30,Hansa Rostock,FC Hansa Rostock | Hansa Rostock,games | transfers,False,True,True,False,2012-01-01,2025-08-16,2
31,Liverpool FC,Liverpool | Liverpool FC,clubs | games | transfers,True,True,True,False,2005-01-21,2026-05-24,2
33,FC Schalke 04,FC Schalke 04,clubs | games | transfers,True,True,True,False,2007-07-01,2025-10-29,1
34,Schalke 04 II,Schalke 04 II,transfers,False,True,False,False,2011-07-01,2023-01-17,1
35,FC St. Pauli,FC St. Pauli | St. Pauli,clubs | games | transfers,True,True,True,False,2010-01-01,2026-05-16,2
36,Fenerbahce,Fenerbahce | Fenerbahçe,clubs | games | transfers,True,True,True,False,2010-07-05,2026-05-17,2
38,Fortuna Düsseldorf,F. Düsseldorf | Fortuna Düsseldorf,clubs | games | transfers,True,True,True,False,2012-07-01,2026-06-30,2
39,1.FSV Mainz 05,1.FSV Mainz 05 | Mainz,clubs | games | transfers,True,True,True,False,2011-07-01,2026-06-30,2
40,FC Girondins Bordeaux,FC Girondins Bordeaux | G. Bordeaux,clubs | games | transfers,True,True,True,False,2005-07-01,2024-08-29,2
41,Hamburger SV,Hamburg | Hamburger SV,clubs | games | transfers,True,True,True,False,2007-08-21,2026-05-16,2
42,Hannover 96,Hannover 96,clubs | games | transfers,True,True,True,False,2008-07-01,2026-06-30,1
43,Heart of Midlothian FC,Heart of Midl. | Heart of Midlothian FC,clubs | games | transfers,True,True,True,False,2012-07-01,2026-04-11,2
44,Hertha BSC,Hertha BSC,clubs | games | transfers,True,True,True,False,2007-01-01,2026-06-30,1
45,Hertha BSC II,Hertha BSC II,transfers,False,True,False,False,2006-01-01,2024-07-01,1
46,Inter Milan,Inter | Inter Milan,clubs | games | transfers,True,True,True,False,2006-07-01,2026-05-23,2
47,Iraklis Thessaloniki,Iraklis | Iraklis Thessaloniki,clubs | games | transfers,True,True,True,False,2007-07-01,2026-06-30,2
48,Karlsruher SC,Karlsruher SC,games | transfers,False,True,True,False,2010-07-01,2026-06-30,1
50,Rot Weiss Ahlen,Rot Weiss Ahlen,transfers,False,True,False,False,2021-07-14,2022-07-01,1
52,MSV Duisburg,MSV Duisburg,games | transfers,False,True,True,False,2012-08-18,2025-09-01,1
53,OFK Beograd,OFK Beograd,clubs | games | transfers,True,True,True,False,2012-07-01,2026-04-09,1
56,Rot-Weiss Essen,RW Essen | Rot-Weiss Essen,games | transfers,False,True,True,False,2012-08-20,2025-08-18,2
57,Rot-Weiß Oberhausen,Rot-Weiß Oberhausen,games,False,False,True,False,2018-08-18,2018-08-18,1
58,RSC Anderlecht,RSC Anderlecht,clubs | games | transfers,True,True,True,False,2008-06-30,2026-05-24,1
60,SC Freiburg,Freiburg | SC Freiburg,clubs | games | transfers,True,True,True,False,2008-07-01,2026-05-16,2
61,Servette FC,Servette FC,clubs | games | transfers,True,True,True,False,2010-07-01,2026-05-16,1
62,SK Slavia Prague,SK Slavia Prague | Slavia Prague | Slavia Praha,clubs | games | transfers,True,True,True,False,2015-01-15,2026-04-25,3
63,Spfr. Siegen,Spfr. Siegen | Sportfreunde Siegen,games | transfers,False,True,True,False,2011-07-01,2016-07-01,2
64,SV 07 Elversberg,SV 07 Elversberg | SV Elversberg,games | transfers,False,True,True,False,2015-08-07,2026-06-30,2
65,SpVgg Greuther Fürth,Greuther Fürth | SpVgg Greuther Fürth,clubs | games | transfers,True,True,True,False,2012-08-18,2026-06-30,2
66,Unterhaching,SpVgg Unterhaching | Unterhaching,games | transfers,False,True,True,False,2012-08-18,2025-07-01,2
68,SSV Reutlingen 05,SSV Reutlingen 05,games,False,False,True,False,2015-08-08,2015-10-28,1
69,SSV Ulm 1846,SSV Ulm 1846,games | transfers,False,True,True,False,2014-07-01,2026-06-30,1
71,Stuttg. Kickers,Stuttg. Kickers | Stuttgarter Kickers,games | transfers,False,True,True,False,2014-08-16,2022-10-18,2
72,TSV 1860 Munich,1860 Munich | TSV 1860 Munich,games | transfers,False,True,True,False,2006-07-01,2025-07-05,2
73,1860 München II,1860 München II,transfers,False,True,False,False,2004-07-01,2017-07-01,1
75,Unknown,Unknown,transfers,False,True,False,False,1999-08-01,2026-01-29,1
76,Vålerengens Idrettsforening,Vålerenga | Vålerengens Idrettsforening,clubs | games | transfers,True,True,True,False,2015-07-22,2026-05-29,2
77,Vardar Skopje,Vardar | Vardar Skopje,games | transfers,False,True,True,False,2012-07-18,2025-07-31,2
78,VfB Lübeck,VfB Lübeck,games | transfers,False,True,True,False,2012-07-01,2025-08-16,1
79,VfB Stuttgart,Stuttgart | VfB Stuttgart,clubs | games | transfers,True,True,True,False,2011-01-30,2026-06-30,2
80,VfL Bochum,VfL Bochum,clubs | games | transfers,True,True,True,False,2009-07-01,2026-06-30,1
81,VfL Osnabrück,VfL Osnabrück,games | transfers,False,True,True,False,2010-07-01,2024-08-17,1
82,VfL Wolfsburg,VfL Wolfsburg | Wolfsburg,clubs | games | transfers,True,True,True,False,2008-01-01,2026-06-30,2
83,VfR Aalen,VfR Aalen,games,False,False,True,False,2012-08-19,2024-08-17,1
84,Debreceni VSC,Debrecen | Debreceni VSC,games | transfers,False,True,True,False,2012-07-17,2026-01-07,2
85,W. Mannheim,SV Waldhof Mannheim | W. Mannheim,games | transfers,False,True,True,False,2010-07-01,2024-07-16,2
86,SV Werder Bremen,SV Werder Bremen | Werder Bremen,clubs | games | transfers,True,True,True,False,2010-07-01,2026-05-16,2
87,W. Bremen II,W. Bremen II,transfers,False,True,False,False,2006-01-01,2025-07-01,1
88,Widzew Lodz,Widzew Lodz,clubs | games | transfers,True,True,True,False,2024-01-27,2026-05-23,1
89,1.FC Union Berlin,1.FC Union Berlin | Union Berlin,clubs | games | transfers,True,True,True,False,2012-07-01,2026-05-16,2
90,SV Babelsberg 03,Babelsberg 03 | SV Babelsberg 03,games | transfers,False,True,True,False,2011-07-01,2021-10-26,2
91,Preußen Münster,Pr. Münster | Preußen Münster,games | transfers,False,True,True,False,2012-08-19,2025-08-18,2
92,Fortuna Köln,Fortuna Köln | SC Fortuna Köln,games | transfers,False,True,True,False,2013-08-03,2024-07-04,2
93,SC Verl,SC Verl,games | transfers,False,True,True,False,2019-08-10,2025-06-30,1
94,FC Erzgebirge Aue,Erzgebirge Aue | FC Erzgebirge Aue,games | transfers,False,True,True,False,2010-07-01,2024-08-17,2
95,KFC Uerdingen,KFC Uerdingen | KFC Uerdingen 05,games | transfers,False,True,True,False,2008-08-05,2019-08-09,2
96,SV Wilhelmshaven,SV Wilhelmshaven,games,False,False,True,False,2012-08-17,2013-08-03,1
97,SG Wattenscheid 09,SG Wattenscheid 09,games,False,False,True,False,2016-08-21,2016-08-21,1
101,TeBe Berlin,TeBe Berlin,transfers,False,True,False,False,2020-07-15,2021-08-28,1
102,Stuttgart II,Stuttgart II,transfers,False,True,False,False,2010-07-01,2026-06-30,1
103,1.FC Schweinfurt 05,1.FC Schweinfurt 05,games,False,False,True,False,2017-08-13,2025-08-18,1
104,SV Eintracht Trier 05,SV Eintracht Trier 05,games,False,False,True,False,2013-08-03,2016-08-22,1
105,SV Darmstadt 98,Darmstadt 98 | SV Darmstadt 98,clubs | games | transfers,True,True,True,False,2013-08-04,2026-06-30,2
107,Kickers Offenbach,K. Offenbach | Kickers Offenbach,games | transfers,False,True,True,False,2008-07-01,2024-10-29,2
108,SV Wehen Wiesbaden,SV Wehen Wiesbaden | Wehen Wiesbaden,games | transfers,False,True,True,False,2014-08-16,2025-08-27,2
109,SSV Jahn Regensburg,J. Regensburg | SSV Jahn Regensburg,games | transfers,False,True,True,False,2012-08-20,2025-08-17,2
110,W. Burghausen,SV Wacker Burghausen | W. Burghausen,games | transfers,False,True,True,False,2007-07-01,2012-08-19,2
111,Rot-Weiß Erfurt,Rot-Weiß Erfurt,games | transfers,False,True,True,False,2012-07-01,2017-08-12,1
113,FC Carl Zeiss Jena,Carl Zeiss Jena | FC Carl Zeiss Jena,games | transfers,False,True,True,False,2012-08-18,2024-08-28,2
114,Beşiktaş Jimnastik Kulübü,Besiktas | Beşiktaş Jimnastik Kulübü,clubs | games | transfers,True,True,True,False,2011-07-01,2026-06-30,2
115,FC Oberneuland,FC Oberneuland,games,False,False,True,False,2012-08-18,2023-08-12,1
116,FC Aarau,FC Aarau,transfers,False,True,False,False,2005-01-29,2025-01-27,1
117,Eintracht Norderstedt,Eintracht Norderstedt,games,False,False,True,False,2016-08-21,2025-08-16,1
119,Maccabi Tel Aviv,M. Tel Aviv | Maccabi Tel Aviv,games | transfers,False,True,True,False,2013-07-01,2026-01-29,2
120,Kocaelispor,Kocaelispor,clubs | games | transfers,True,True,True,False,2017-07-01,2026-05-17,1
121,FK Dinamo Moskva,Dinamo Moscow | Dynamo Moscow | FK Dinamo Moskva,clubs | games | transfers,True,True,True,False,2007-01-01,2026-06-30,3
122,Sportklub Puntigamer Sturm Graz,Sportklub Puntigamer Sturm Graz | Sturm Graz,clubs | games | transfers,True,True,True,False,2012-07-07,2026-05-17,2
123,Retired,Retired,transfers,False,True,False,False,2020-02-01,2026-02-05,1
124,Rangers FC,Rangers | Rangers FC,clubs | games | transfers,True,True,True,False,2007-08-01,2026-06-30,2
126,Caykur Rizespor,C. Rizespor | Caykur Rizespor,clubs | games | transfers,True,True,True,False,2013-08-17,2026-06-30,2
127,SC Paderborn 07,SC Paderborn | SC Paderborn 07,clubs | games | transfers,True,True,True,False,2012-01-09,2026-06-30,2
128,AO Xanthi,AO Xanthi | Skoda Xanthi,clubs | games | transfers,True,True,True,False,2006-07-01,2022-09-01,2
129,Dynamo Dresden,Dynamo Dresden | SG Dynamo Dresden,games | transfers,False,True,True,False,2012-07-01,2025-08-18,2
130,Parma Calcio 1913,Parma | Parma Calcio 1913,clubs | games | transfers,True,True,True,False,2008-08-01,2026-05-24,2
131,FC Barcelona,Barcelona | FC Barcelona,clubs | games | transfers,True,True,True,False,2000-07-01,2026-05-23,2
132,NAC Breda,NAC Breda,clubs | games | transfers,True,True,True,False,2007-07-01,2026-05-17,1
133,SC Cambuur Leeuwarden,SC Cambuur | SC Cambuur Leeuwarden,clubs | games | transfers,True,True,True,False,2011-07-01,2025-10-29,2
134,Xerez CD,Xerez CD,games,False,False,True,False,2012-09-12,2024-11-06,1
141,Galatasaray,Galatasaray,clubs | games | transfers,True,True,True,False,2004-07-29,2026-06-30,1
142,Real Zaragoza,Real Zaragoza,clubs | games | transfers,True,True,True,False,2011-08-01,2026-06-30,1
143,Wolfsburg II,Wolfsburg II,transfers,False,True,False,False,2010-07-01,2021-07-01,1
144,HNK Rijeka,HNK Rijeka,clubs | games | transfers,True,True,True,False,2013-07-18,2026-05-23,1
148,Tottenham Hotspur,Tottenham | Tottenham Hotspur,clubs | games | transfers,True,True,True,False,2008-07-01,2026-06-30,2
150,Real Betis Balompié,Real Betis | Real Betis Balompié,clubs | games | transfers,True,True,True,False,2010-08-31,2026-05-23,2
151,K'lautern II,K'lautern II,transfers,False,True,False,False,2008-07-01,2018-07-01,1
152,Samsunspor,Samsunspor,clubs | games | transfers,True,True,True,False,2011-09-05,2026-06-30,1
156,Levski Sofia,Levski Sofia,games | transfers,False,True,True,False,2012-07-19,2026-06-30,1
157,KAA Gent,KAA Gent,clubs | games | transfers,True,True,True,False,2010-01-01,2026-06-30,1
158,VfR Wormatia Worms,VfR Wormatia Worms,games,False,False,True,False,2012-08-19,2018-08-18,1
159,Red Star Belgrade,Red Star | Red Star Belgrade,clubs | games | transfers,True,True,True,False,2009-07-01,2026-04-09,2
161,Al-Wahda,Al-Wahda,transfers,False,True,False,False,2019-09-09,2025-08-08,1
162,AS Monaco,AS Monaco | Monaco,clubs | games | transfers,True,True,True,False,2008-07-01,2026-05-17,2
163,FC Vaduz,FC Vaduz,games | transfers,False,True,True,False,2013-07-04,2025-08-14,1
164,Blackburn Rovers,Blackburn | Blackburn Rovers,games | transfers,False,True,True,False,2009-07-01,2026-01-15,2
166,VfB Oldenburg,VfB Oldenburg,transfers,False,True,False,False,2017-07-01,2022-08-08,1
167,FC Augsburg,Augsburg | FC Augsburg,clubs | games | transfers,True,True,True,False,2007-07-01,2026-06-30,2
168,Zaglebie Lubin,Zaglebie Lubin,clubs | games | transfers,True,True,True,False,2016-06-30,2026-05-23,1
169,Panionios Athens,Panionios | Panionios Athens,clubs | games | transfers,True,True,True,False,2003-07-01,2026-06-30,2
170,Rapid Vienna,Rapid Vienna,clubs | games | transfers,True,True,True,False,2012-08-02,2026-05-17,1
171,Real Murcia CF,Real Murcia | Real Murcia CF,games | transfers,False,True,True,False,2012-09-11,2025-12-18,2
172,Royal Charleroi Sporting Club,R Charleroi SC | Royal Charleroi Sporting Club,clubs | games | transfers,True,True,True,False,2010-03-01,2026-06-30,2
173,Odense Boldklub,Odense BK | Odense Boldklub,clubs | games | transfers,True,True,True,False,2008-01-01,2026-03-01,2
177,E. Frankfurt II,E. Frankfurt II,transfers,False,True,False,False,2008-01-01,2025-07-01,1
180,Southampton FC,Southampton | Southampton FC,clubs | games | transfers,True,True,True,False,2006-08-10,2026-06-30,2
184,Alianza Lima,Alianza Lima,transfers,False,True,False,False,2024-03-02,2024-03-02,1
187,1.FC Magdeburg,1.FC Magdeburg,games | transfers,False,True,True,False,2013-08-03,2026-06-30,1
189,Club Atlético Boca Juniors,Boca Juniors | Club Atlético Boca Juniors,clubs | games | transfers,True,True,True,False,2010-07-01,2026-05-02,2
190,FC Copenhagen,Copenhagen | FC Copenhagen,clubs | games | transfers,True,True,True,False,2011-08-01,2026-06-30,2
192,Roda JC Kerkrade,Roda JC | Roda JC Kerkrade,clubs | games | transfers,True,True,True,False,2012-08-11,2025-12-17,2
195,Rosenborg Ballklub,Rosenborg | Rosenborg Ballklub,clubs | games | transfers,True,True,True,False,2011-07-01,2026-05-29,2
197,AC Sparta Prague,AC Sparta Prague | Sparta Prague,clubs | games | transfers,True,True,True,False,2012-02-09,2026-04-25,2
199,Sport Club Corinthians Paulista,Corinthians | Sport Club Corinthians Paulista,clubs | games | transfers,True,True,True,False,2012-01-01,2026-05-30,2
200,FC Utrecht,FC Utrecht | Utrecht,clubs | games | transfers,True,True,True,False,2009-07-01,2026-05-17,2
202,FC Groningen,FC Groningen,clubs | games | transfers,True,True,True,False,2010-07-01,2026-06-30,1
204,Lierse SK (- 2018),Lierse SK | Lierse SK (- 2018),clubs | games | transfers,True,True,True,False,2007-01-30,2018-07-01,2
206,Bröndby IF,Bröndby IF,clubs | games | transfers,True,True,True,False,2005-07-01,2026-07-01,1
208,CSKA-Sofia,CSKA Sofia | CSKA-Sofia,games | transfers,False,True,True,False,2012-07-19,2026-01-06,2
209,Club Atlético River Plate,Club Atlético River Plate | River Plate,clubs | games | transfers,True,True,True,False,2010-07-01,2026-05-03,2
210,Grêmio Foot-Ball Porto Alegrense,Grêmio | Grêmio Foot-Ball Porto Alegrense,clubs | games | transfers,True,True,True,False,2009-03-01,2026-05-30,2
211,Leverkusen II,Leverkusen II,transfers,False,True,False,False,2010-07-01,2011-07-01,1
215,Bonner SC,Bonner SC,games,False,False,True,False,2017-08-13,2017-08-13,1
218,San Jose Earthquakes,San Jose | San Jose Earthquakes,clubs | games | transfers,True,True,True,False,2024-02-08,2026-05-24,2
220,FC Gütersloh,FC Gütersloh,games,False,False,True,False,2023-08-12,2025-08-15,1
221,Santos Futebol Clube,Santos | Santos Futebol Clube,clubs | games | transfers,True,True,True,False,2015-07-01,2026-05-31,2
222,BFC Dynamo,BFC Dynamo,games,False,False,True,False,2013-08-04,2025-08-16,1
223,HNK Sibenik,HNK Sibenik,clubs | games | transfers,True,True,True,False,2009-01-01,2025-05-25,1
225,St. Pauli II,St. Pauli II,transfers,False,True,False,False,2021-07-01,2025-07-01,1
232,FK Spartak Moskva,FK Spartak Moskva | Spartak Moscow,clubs | games | transfers,True,True,True,False,2008-01-01,2026-05-17,2
234,Feyenoord Rotterdam,Feyenoord | Feyenoord Rotterdam,clubs | games | transfers,True,True,True,False,2007-07-01,2026-06-30,2
235,RKC Waalwijk,RKC Waalwijk,clubs | games | transfers,True,True,True,False,2007-01-31,2026-06-30,1
237,RCD Mallorca,RCD Mallorca,clubs | games | transfers,True,True,True,False,2012-08-18,2026-05-23,1
238,Lech Poznan,Lech Poznan,clubs | games | transfers,True,True,True,False,2012-07-05,2026-05-23,1
239,Viking Fotballklubb,Viking | Viking Fotballklubb,clubs | games | transfers,True,True,True,False,2015-01-06,2026-05-24,2
242,FC Winterthur,FC Winterthur,clubs | games | transfers,True,True,True,False,2017-09-15,2026-05-16,1
244,Olympique Marseille,Marseille | Olympique Marseille,clubs | games | transfers,True,True,True,False,2006-07-01,2026-05-17,2
245,SC Freiburg II,SC Freiburg II,transfers,False,True,False,False,2012-07-01,2026-06-30,1
247,SV Meppen,SV Meppen,games | transfers,False,True,True,False,2015-08-08,2024-08-18,1
250,ES Sahel,ES Sahel,transfers,False,True,False,False,2016-07-01,2021-07-31,1
252,Genoa CFC,Genoa | Genoa CFC,clubs | games | transfers,True,True,True,False,2007-07-01,2026-06-30,2
253,Torpedo Kutaisi,Torpedo Kutaisi,games | transfers,False,True,True,False,2012-07-05,2025-07-31,1
254,SV Sandhausen,SV Sandhausen,games | transfers,False,True,True,False,2012-08-20,2025-08-16,1
255,Legia Warszawa,Legia Warszawa,clubs | games | transfers,True,True,True,False,2007-09-01,2026-05-23,1
256,LKS Lodz,LKS Lodz,transfers,False,True,False,False,2016-07-01,2025-06-30,1
257,FC St. Gallen 1879,FC St. Gallen | FC St. Gallen 1879,clubs | games | transfers,True,True,True,False,2013-08-22,2026-05-17,2
260,FC Zürich,FC Zürich,clubs | games | transfers,True,True,True,False,2006-01-27,2026-05-16,1
262,H. Petah Tikva,H. Petah Tikva,transfers,False,True,False,False,2014-08-17,2025-09-14,1
265,Panathinaikos Athlitikos Omilos,Panathinaikos | Panathinaikos Athlitikos Omilos,clubs | games | transfers,True,True,True,False,2006-12-21,2026-06-30,2
266,SV Ried,SV Ried,clubs | games | transfers,True,True,True,False,2012-07-19,2026-05-16,1
267,Idrettsklubben Start,Idrettsklubben Start | Start,clubs | games | transfers,True,True,True,False,2019-01-24,2026-05-29,2
269,Holstein Kiel,Holstein Kiel,clubs | games | transfers,True,True,True,False,2014-08-17,2026-06-30,1
271,Litex Lovech,Litex Lovech,games | transfers,False,True,True,False,2014-07-03,2016-07-01,1
272,Allmänna Idrottsklubben,AIK | Allmänna Idrottsklubben,clubs | games | transfers,True,True,True,False,2011-01-01,2026-07-05,2
273,Stade Rennais FC,Stade Rennais | Stade Rennais FC,clubs | games | transfers,True,True,True,False,2011-07-01,2026-06-30,2
275,FSV Zwickau,FSV Zwickau,games | transfers,False,True,True,False,2016-08-22,2023-07-01,1
276,Hellas Verona,Hellas Verona,clubs | games | transfers,True,True,True,False,1999-07-01,2026-06-30,1
279,Ferencvárosi TC,Ferencváros | Ferencvárosi TC,games | transfers,False,True,True,False,2014-07-01,2026-06-30,2
281,Manchester City,Man City | Manchester City,clubs | games | transfers,True,True,True,False,2006-07-01,2026-06-30,2
282,FK Sarajevo,FK Sarajevo,games | transfers,False,True,True,False,2012-07-05,2026-01-21,1
288,Club Estudiantes de La Plata,Club Estudiantes de La Plata,clubs | games,True,False,True,False,2025-01-25,2026-05-03,1
289,Sunderland AFC,Sunderland | Sunderland AFC,clubs | games | transfers,True,True,True,False,2007-01-01,2026-05-24,2
290,AJ Auxerre,AJ Auxerre,clubs | games | transfers,True,True,True,False,2007-07-01,2026-05-17,1
291,São Caetano,São Caetano,transfers,False,True,False,False,2009-03-01,2022-07-19,1
293,FSV Frankfurt,FSV Frankfurt,games | transfers,False,True,True,False,2012-08-17,2023-08-13,1
294,SL Benfica,Benfica | SL Benfica,clubs | games | transfers,True,True,True,False,2007-12-01,2026-05-16,2
299,Wuppertaler SV,Wuppertaler SV,games | transfers,False,True,True,False,2021-01-06,2024-06-30,1
301,FCSB,FCSB | Steaua Bucharest,clubs | games | transfers,True,True,True,False,2007-07-01,2026-03-07,2
306,SC Heerenveen,Heerenveen | SC Heerenveen,clubs | games | transfers,True,True,True,False,2001-07-01,2026-05-17,2
308,Inter Limeira,Inter Limeira,transfers,False,True,False,False,2023-01-01,2024-07-19,1
309,Paraná,Paraná,transfers,False,True,False,False,2011-02-01,2016-08-01,1
311,Football Club Pohang Steelers,Football Club Pohang Steelers,clubs | games,True,False,True,False,2025-02-15,2026-07-04,1
312,FC Dinamo 1948,FC Dinamo | FC Dinamo 1948,clubs | games | transfers,True,True,True,False,2012-08-23,2026-03-09,2
316,Grazer AK 1902,Grazer AK | Grazer AK 1902,clubs | games | transfers,True,True,True,False,2010-07-01,2026-05-16,2
317,FC Twente Enschede,FC Twente | FC Twente Enschede | Twente FC,clubs | games | transfers,True,True,True,False,2010-07-31,2026-06-30,3
318,Ruch Chorzow,Ruch Chorzow,games,False,False,True,False,2012-07-19,2014-08-28,1
321,FC Sion,FC Sion,clubs | games | transfers,True,True,True,False,2015-09-17,2026-05-17,1
322,Yverdon Sport FC,Yverdon Sport | Yverdon Sport FC,clubs | games | transfers,True,True,True,False,2024-01-21,2025-05-22,2
324,Pogon Szczecin,Pogon Szczecin,clubs | games | transfers,True,True,True,False,2015-04-23,2026-05-23,1
327,NK Osijek,NK Osijek,clubs | games | transfers,True,True,True,False,2012-07-05,2026-05-22,1
329,Sliema Wanderers,Sliema Wanderers,games,False,False,True,False,2013-07-02,2024-08-01,1
330,Clube Atlético Mineiro,Atlético-MG | Clube Atlético Mineiro,clubs | games | transfers,True,True,True,False,2013-12-18,2026-05-31,2
331,CA Osasuna,CA Osasuna,clubs | games | transfers,True,True,True,False,2005-07-01,2026-05-23,1
332,Bari,AS Bari | Bari,games | transfers,False,True,True,False,2008-07-01,2026-06-30,2
333,Club Atlético Lanús,Club Atlético Lanús | Lanús,clubs | games | transfers,True,True,True,False,2010-01-01,2026-05-02,2
336,Sporting CP,Sporting | Sporting CP,clubs | games | transfers,True,True,True,False,2005-07-01,2026-06-30,2
337,Birmingham,Birmingham | Birmingham City,games | transfers,False,True,True,False,2005-07-01,2026-02-15,2
338,Dynamo Kyiv,Dynamo Kyiv,clubs | games | transfers,True,True,True,False,2006-07-01,2026-06-30,1
339,Dnipro Dnipropetrovsk (-2020),Dnipro | Dnipro Dnipropetrovsk (-2020),clubs | games | transfers,True,True,True,False,2011-07-01,2018-07-19,2
345,TSG Pfeddersheim,TSG Pfeddersheim,games,False,False,True,False,2013-08-04,2013-08-04,1
347,FC Metz,FC Metz,clubs | games | transfers,True,True,True,False,2001-07-01,2026-05-17,1
349,Barnsley FC,Barnsley | Barnsley FC,games | transfers,False,True,True,False,2006-08-10,2026-06-30,2
350,Sheffield United,Sheff Utd | Sheffield United,clubs | games | transfers,True,True,True,False,2010-09-24,2026-06-30,2
352,Swindon Town,Swindon Town,games | transfers,False,True,True,False,2006-11-03,2026-01-20,1
353,Lillestrøm Sportsklubb,Lillestrøm | Lillestrøm Sportsklubb,clubs | games | transfers,True,True,True,False,2011-01-01,2026-05-25,2
354,KV Mechelen,KV Mechelen,clubs | games | transfers,True,True,True,False,2008-07-01,2026-06-30,1
355,Bolton,Bolton | Bolton Wanderers,games | transfers,False,True,True,False,2006-07-01,2025-12-06,2
358,Charlton,Charlton | Charlton Athletic,games | transfers,False,True,True,False,2005-07-01,2026-06-30,2
362,Akademisk Boldklub,Akademisk BK | Akademisk Boldklub,games | transfers,False,True,True,False,2010-01-01,2026-01-30,2
364,Germania Halberstadt,Germania Halberstadt,games,False,False,True,False,2017-08-12,2019-08-11,1
365,Spartak Trnava,Spartak Trnava,games | transfers,False,True,True,False,2012-07-19,2025-08-14,1
366,Real Valladolid CF,Real Valladolid | Real Valladolid CF,clubs | games | transfers,True,True,True,False,2007-07-01,2026-06-30,2
367,Rayo Vallecano,Rayo Vallecano,clubs | games | transfers,True,True,True,False,2004-07-01,2026-06-30,1
368,Sevilla FC,Sevilla FC,clubs | games | transfers,True,True,True,False,2004-07-01,2026-05-23,1
369,Lyngby Boldklub,Lyngby BK | Lyngby Boldklub,clubs | games | transfers,True,True,True,False,2007-07-01,2026-06-30,2
370,Aberdeen FC,Aberdeen FC,clubs | games | transfers,True,True,True,False,2005-07-01,2026-06-30,1
371,Celtic FC,Celtic | Celtic FC,clubs | games | transfers,True,True,True,False,2003-01-01,2026-06-30,2
373,KSV Hessen Kassel,KSV Hessen Kassel,games,False,False,True,False,2015-08-09,2015-08-09,1
377,FC Baník Ostrava a.s.,Banik Ostrava | FC Baník Ostrava a.s.,clubs | games | transfers,True,True,True,False,2015-07-31,2026-04-25,2
379,West Ham United,West Ham | West Ham United,clubs | games | transfers,True,True,True,False,2007-07-01,2026-06-30,2
380,US Salernitana 1919,Salernitana | Salerno | US Salernitana 1919,clubs | games | transfers,True,True,True,False,2009-07-01,2026-06-30,3
383,PSV Eindhoven,PSV | PSV Eindhoven,clubs | games | transfers,True,True,True,False,2008-07-01,2026-05-17,2
384,MVV Maastricht,MVV Maastricht,games | transfers,False,True,True,False,2012-09-26,2025-10-30,1
385,Fortuna Sittardia Combinatie,Fortuna Sittard | Fortuna Sittardia Combinatie,clubs | games | transfers,True,True,True,False,2012-09-25,2026-06-30,2
387,Westfalia Herne,Westfalia Herne,transfers,False,True,False,False,2013-07-01,2014-07-01,1
389,Hamburger SV II,Hamburger SV II,transfers,False,True,False,False,2008-07-01,2021-10-16,1
392,1.FC Bocholt,1.FC Bocholt,transfers,False,True,False,False,2025-07-01,2025-07-01,1
393,Gr. Fürth II,Gr. Fürth II,transfers,False,True,False,False,2018-07-01,2022-07-25,1
398,Società Sportiva Lazio S.p.A.,Lazio | Società Sportiva Lazio S.p.A.,clubs | games | transfers,True,True,True,False,2011-07-01,2026-06-30,2
399,Leeds United,Leeds | Leeds United,clubs | games | transfers,True,True,True,False,2003-07-01,2026-05-24,2
402,H. Rostock II,H. Rostock II,transfers,False,True,False,False,2012-07-01,2014-01-30,1
403,Willem II Tilburg,Willem II | Willem II Tilburg,clubs | games | transfers,True,True,True,False,2007-07-01,2026-06-30,2
404,FC Den Bosch,FC Den Bosch,games | transfers,False,True,True,False,2006-07-01,2026-01-14,1
405,Aston Villa,Aston Villa,clubs | games | transfers,True,True,True,False,2004-07-01,2026-05-24,1
408,Ascoli,Ascoli | Ascoli Calcio,games | transfers,False,True,True,False,2012-08-12,2024-06-30,2
409,Fußballclub Red Bull Salzburg,Fußballclub Red Bull Salzburg | RB Salzburg | Salzburg,clubs | games | transfers,True,True,True,False,2012-07-01,2026-05-17,3
410,Udinese Calcio,Udinese | Udinese Calcio,clubs | games | transfers,True,True,True,False,2007-07-01,2026-05-24,2
413,LASK,LASK,clubs | games | transfers,True,True,True,False,2014-09-01,2026-05-17,1
415,FC Toulouse,FC Toulouse | Toulouse,clubs | games | transfers,True,True,True,False,2007-07-01,2026-06-30,2
416,Torino FC,Torino | Torino FC,clubs | games | transfers,True,True,True,False,2007-02-01,2026-06-30,2
417,OGC Nice,Nice | OGC Nice,clubs | games | transfers,True,True,True,False,2011-07-01,2026-06-30,2
418,Real Madrid,Real Madrid,clubs | games | transfers,True,True,True,False,2007-07-10,2026-05-23,1
419,GNK Dinamo Zagreb,Dinamo Zagreb | GNK Dinamo Zagreb,clubs | games | transfers,True,True,True,False,2006-07-01,2026-05-23,2
420,RNK Split,RNK Split,games | transfers,False,True,True,False,2011-07-01,2017-09-20,1
421,Kongsvinger,Kongsvinger,transfers,False,True,False,False,2016-01-01,2018-01-01,1
422,Wisla Kraków,Wisla Kraków,games | transfers,False,True,True,False,2011-01-01,2025-07-02,1
428,Górnik Zabrze,Górnik Zabrze,clubs | games | transfers,True,True,True,False,2016-07-01,2026-05-23,1
429,Apollon Limassol,Apol. Limassol | Apollon Limassol,games | transfers,False,True,True,False,2013-01-01,2025-08-06,2
430,ACF Fiorentina,ACF Fiorentina | Fiorentina,clubs | games | transfers,True,True,True,False,2007-07-01,2026-06-30,2
431,SC Victoria Hamburg,SC Victoria Hamburg,games,False,False,True,False,2012-08-18,2013-08-04,1
432,Chicago Fire Soccer Club,Chicago | Chicago Fire Soccer Club,clubs | games | transfers,True,True,True,False,2019-01-01,2026-05-24,2
433,FC Koper,FC Koper,games | transfers,False,True,True,False,2012-07-01,2025-10-02,1
434,FC Luzern,FC Luzern,clubs | games | transfers,True,True,True,False,2012-08-23,2026-05-16,1
438,1.FC Köln II,1.FC Köln II,transfers,False,True,False,False,2010-07-01,2022-07-01,1
440,Hallescher FC,Hallescher FC,games | transfers,False,True,True,False,2012-08-18,2025-08-17,1
441,Apollon Smyrnis,Apollon Smyrnis,clubs | games | transfers,True,True,True,False,2012-07-25,2023-08-09,1
442,FSV Salmrohr,FSV Salmrohr,games,False,False,True,False,2015-08-09,2019-08-11,1
443,Vejle Boldklub,Vejle BK | Vejle Boldklub,clubs | games | transfers,True,True,True,False,2009-07-01,2026-03-01,2
444,BK Frem,BK Frem,games | transfers,False,True,True,False,2013-08-28,2025-08-06,1
446,VfL Bochum II,VfL Bochum II,transfers,False,True,False,False,2006-07-01,2026-01-20,1
447,HNK Hajduk Split,HNK Hajduk Split | Hajduk Split,clubs | games | transfers,True,True,True,False,2011-07-12,2026-05-22,2
448,FK Vojvodina Novi Sad,FK Vojvodina Novi Sad | Vojvodina,clubs | games | transfers,True,True,True,False,2006-07-01,2026-04-08,2
449,Trabzonspor,Trabzonspor,clubs | games | transfers,True,True,True,False,2012-08-18,2026-06-30,1
450,FK Dukla Prague,Dukla Prague | FK Dukla Prague,clubs | games | transfers,True,True,True,False,2017-07-01,2026-04-25,2
452,BSC Young Boys,BSC Young Boys,clubs | games | transfers,True,True,True,False,2012-07-19,2026-05-17,1
455,FC Rapid 1923,FC Rapid 1923,clubs | games | transfers,True,True,True,False,2012-07-19,2026-03-08,1
456,HNK Vukovar 1991,HNK Vukovar 1991 | NK Vukovar 1991,clubs | games | transfers,True,True,True,False,2024-10-03,2026-05-22,2
458,Palermo FC,Palermo | Palermo FC | US Palermo,clubs | games | transfers,True,True,True,False,2006-07-01,2026-06-30,3
459,FC 08 Homburg,FC 08 Homburg,games,False,False,True,False,2014-08-16,2025-08-17,1
463,SW Essen,SW Essen,transfers,False,True,False,False,2022-07-12,2023-07-01,1
465,St. Mirren FC,St. Mirren | St. Mirren FC,clubs | games | transfers,True,True,True,False,2012-07-01,2026-04-19,2
466,Preston,Preston | Preston North End,games | transfers,False,True,True,False,2002-07-01,2026-06-30,2
467,NEC Nijmegen,NEC Nijmegen,clubs | games | transfers,True,True,True,False,2008-07-01,2026-05-17,1
468,Sparta Rotterdam,Sparta R. | Sparta Rotterdam,clubs | games | transfers,True,True,True,False,2007-07-01,2026-06-30,2
472,UD Las Palmas,UD Las Palmas,clubs | games | transfers,True,True,True,False,2010-07-01,2026-06-30,1
473,Nuremberg II,Nuremberg II,transfers,False,True,False,False,2011-07-01,2024-07-01,1
475,Sint-Truidense VV,Sint-Truiden | Sint-Truidense VV,clubs | games | transfers,True,True,True,False,2010-07-01,2026-05-24,2
476,TSV Havelse,TSV Havelse,games | transfers,False,True,True,False,2012-08-19,2020-09-11,1
485,Hrv Dragovoljac,Hrv Dragovoljac,transfers,False,True,False,False,2022-01-27,2022-06-30,1
490,FSV Wacker Nordhausen,FSV Wacker Nordhausen,games,False,False,True,False,2019-08-10,2019-08-10,1
494,SC Toulon,SC Toulon,transfers,False,True,False,False,2025-08-25,2026-01-09,1
496,Malmö Fotbollförening,Malmö | Malmö FF | Malmö Fotbollförening,clubs | games | transfers,True,True,True,False,2011-08-01,2026-07-04,3
497,1.FC Lokomotive Leipzig,1.FC Lokomotive Leipzig,games,False,False,True,False,2021-08-07,2025-08-17,1
498,KSC Lokeren (- 2020),KSC Lokeren | KSC Lokeren (- 2020),clubs | games | transfers,True,True,True,False,2009-07-01,2020-09-09,2
499,Vitesse Arnhem,Vitesse | Vitesse Arnhem,clubs | games | transfers,True,True,True,False,2006-07-01,2025-10-28,2
500,Helmond Sport,Helmond Sport,games | transfers,False,True,True,False,2010-07-01,2026-06-30,1
501,Fotballklubben Bodø/Glimt,Bodø/Glimt | Fotballklubben Bodø/Glimt,clubs | games | transfers,True,True,True,False,2013-02-01,2026-05-29,2
503,Admira Wacker,Admira Wacker | FC Admira Wacker Mödling,games | transfers,False,True,True,False,2011-01-31,2022-08-15,2
504,Grasshopper Club Zurich,Grasshopper Club Zurich | Grasshoppers,clubs | games | transfers,True,True,True,False,2013-07-30,2026-05-16,2
506,Juventus FC,Juventus | Juventus FC,clubs | games | transfers,True,True,True,False,2003-07-01,2026-05-24,2
510,FC Chiasso,FC Chiasso,transfers,False,True,False,False,2016-07-26,2021-09-17,1
511,Dundee FC,Dundee FC,clubs | games | transfers,True,True,True,False,2012-07-01,2026-04-11,1
512,Stoke City,Stoke City,clubs | games | transfers,True,True,True,False,2007-08-31,2026-06-30,1
515,Without Club,Without Club,transfers,False,True,False,False,2006-07-01,2026-07-01,1
518,Sariyer,Sariyer | Sariyerspor,transfers,False,True,False,False,2016-08-22,2026-06-30,2
520,Cercle Brugge,Cercle Brugge,clubs | games | transfers,True,True,True,False,2008-07-01,2026-06-30,1
521,Pirin,Pirin,transfers,False,True,False,False,2021-07-01,2023-07-14,1
524,Gaziantepspor (- 2020),Gaziantepspor | Gaziantepspor (- 2020),clubs | games | transfers,True,True,True,False,2011-02-01,2017-06-30,2
527,Football Club Lausanne-Sport,Football Club Lausanne-Sport | Lausanne-Sport,clubs | games | transfers,True,True,True,False,2018-02-08,2026-05-16,2
531,Caracas FC,Caracas FC,transfers,False,True,False,False,2019-01-01,2020-10-08,1
533,TSG 1899 Hoffenheim,Hoffenheim | TSG 1899 Hoffenheim | TSG Hoffenheim,clubs | games | transfers,True,True,True,False,2009-07-01,2026-06-30,3
534,Pelister Bitola,Pelister Bitola,games,False,False,True,False,2017-06-29,2017-07-06,1
535,Sileks Kratovo,Sileks Kratovo,games,False,False,True,False,2016-06-30,2025-07-17,1
537,S. A. F. Botafogo,Botafogo | S. A. F. Botafogo,clubs | games | transfers,True,True,True,False,2012-07-20,2026-05-30,2
540,Slovan Bratislava,Slo. Bratislava | Slovan Bratislava,games | transfers,False,True,True,False,2012-07-19,2026-06-30,2
541,A. Lustenau,A. Lustenau,transfers,False,True,False,False,2006-09-07,2025-06-30,1
543,Wolverhampton Wanderers,Wolverhampton Wanderers | Wolves,clubs | games | transfers,True,True,True,False,2006-07-01,2026-05-24,2
546,FC Schönberg 95,FC Schönberg 95,games,False,False,True,False,2012-08-18,2012-08-18,1
553,Ionikos Nikeas,Ionikos Nikeas,clubs | games | transfers,True,True,True,False,2009-01-20,2025-08-29,1
554,H Rishon leZion,H Rishon leZion,transfers,False,True,False,False,2018-01-31,2026-01-28,1
562,Optik Rathenow,FSV Optik Rathenow | Optik Rathenow,games | transfers,False,True,True,False,2013-08-04,2020-07-15,2
566,Beerschot AC,Beerschot AC | Germ. Beerschot,clubs | games | transfers,True,True,True,False,2008-07-01,2013-07-01,2
568,Kaizer Chiefs,Kaizer Chiefs,transfers,False,True,False,False,2025-01-27,2025-01-27,1
578,A. Aachen II,A. Aachen II,transfers,False,True,False,False,2009-07-01,2010-02-01,1
580,MSV Neuruppin,MSV Neuruppin,transfers,False,True,False,False,2023-07-24,2024-07-01,1
581,CS Sfaxien,CS Sfaxien,transfers,False,True,False,False,2024-07-16,2024-07-16,1
582,Karlsruhe II,Karlsruhe II,transfers,False,True,False,False,2009-07-01,2011-07-01,1
583,Paris Saint-Germain,PSG | Paris SG | Paris Saint-Germain,clubs | games | transfers,True,True,True,False,2007-07-01,2026-06-30,3
584,Berliner AK 07,Berliner AK 07,games,False,False,True,False,2012-08-18,2012-10-30,1
585,São Paulo Futebol Clube,São Paulo | São Paulo Futebol Clube,clubs | games | transfers,True,True,True,False,2011-06-01,2026-06-01,2
588,FC Dinamo City,Dinamo City | FC Dinamo City | FK Dinamo,games | transfers,False,True,True,False,2022-08-01,2025-08-28,3
589,Antalyaspor,Antalyaspor,clubs | games | transfers,True,True,True,False,2011-07-07,2027-05-30,1
593,Kyoto Purple Sanga,Kyoto Purple Sanga,clubs | games,True,False,True,False,2025-02-15,2025-12-06,1
595,SC Bastia,SC Bastia,clubs | games | transfers,True,True,True,False,2004-07-01,2025-07-01,1
596,Gamba Osaka,Gamba Osaka,clubs | games,True,False,True,False,2025-02-14,2025-12-06,1
599,NK Varazdin,NK Varazdin,clubs | games | transfers,True,True,True,False,2019-01-23,2026-05-23,1
601,KV Kortrijk,KV Kortrijk,clubs | games | transfers,True,True,True,False,2008-01-01,2026-06-30,1
602,FK Zalgiris Vilnius,FK Zalgiris Vilnius | Zalgiris,games | transfers,False,True,True,False,2012-07-19,2026-02-06,2
603,Cardiff City,Cardiff | Cardiff City,clubs | games | transfers,True,True,True,False,2009-07-01,2026-06-30,2
605,Aris Thessalonikis,Aris Saloniki | Aris Thessalonikis,clubs | games | transfers,True,True,True,False,2012-08-27,2026-03-22,2
606,Poli Ejido,Poli Ejido,transfers,False,True,False,False,2011-07-01,2012-07-01,1
607,Venezia FC,Venezia | Venezia FC,clubs | games | transfers,True,True,True,False,2013-08-03,2026-06-30,2
609,Cruzeiro Esporte Clube,Cruzeiro | Cruzeiro Esporte Clube,clubs | games | transfers,True,True,True,False,2011-01-01,2026-06-01,2
610,Ajax Amsterdam,Ajax | Ajax Amsterdam,clubs | games | transfers,True,True,True,False,2005-07-01,2026-06-30,2
614,Clube de Regatas do Flamengo,Clube de Regatas do Flamengo | Flamengo,clubs | games | transfers,True,True,True,False,2009-01-01,2026-05-30,2
618,AS Saint-Étienne,AS Saint-Étienne | Saint-Étienne,clubs | games | transfers,True,True,True,False,2010-07-01,2026-01-01,2
619,Louh.-Cuiseaux,Louh.-Cuiseaux,transfers,False,True,False,False,2004-07-01,2007-07-27,1
621,Athletic Bilbao,Athletic | Athletic Bilbao | Athletic Club,clubs | games | transfers,True,True,True,False,2009-07-01,2026-06-30,3
623,Red Bull New York,New York | Red Bull New York,clubs | games | transfers,True,True,True,False,2019-02-12,2026-05-24,2
625,Neuchâtel Xamax,Neuchâtel Xamax,transfers,False,True,False,False,2019-07-02,2024-09-09,1
626,New England Revolution,New England | New England Revolution,clubs | games | transfers,True,True,True,False,2020-01-01,2026-05-24,2
628,FK Velez Mostar,FK Velez Mostar | Velez Mostar,games | transfers,False,True,True,False,2007-08-07,2024-07-18,2
629,Olimpia,Olimpia,transfers,False,True,False,False,2015-01-01,2018-07-31,1
630,Racing Santander,Racing | Racing Santander,games | transfers,False,True,True,False,2007-07-01,2026-01-15,2
631,Chelsea FC,Chelsea | Chelsea FC,clubs | games | transfers,True,True,True,False,2009-07-01,2026-05-24,2
634,MTK Budapest,MTK Budapest,games | transfers,False,True,True,False,2012-07-05,2026-06-30,1
640,SDO Bussum,SDO Bussum,games,False,False,True,False,2018-08-18,2019-09-25,1
641,Middlesbrough FC,Middlesbrough | Middlesbrough FC,clubs | games | transfers,True,True,True,False,2011-07-01,2026-01-10,2
642,De Graafschap Doetinchem,De Graafschap | De Graafschap Doetinchem,clubs | games | transfers,True,True,True,False,2006-07-01,2026-06-30,2
643,Haarlem,Haarlem,transfers,False,True,False,False,2009-01-01,2009-07-01,1
645,Enyimba Aba,Enyimba Aba,transfers,False,True,False,False,2019-01-01,2019-07-01,1
648,CD Tenerife,CD Tenerife,games | transfers,False,True,True,False,2012-09-12,2026-06-30,1
653,Omilos Filathlon Irakliou FC,OFI Crete FC | Omilos Filathlon Irakliou FC,clubs | games | transfers,True,True,True,False,2012-08-26,2026-06-30,2
656,Al-Sadd,Al-Sadd | Al-Sadd SC,games | transfers,False,True,True,False,2019-12-10,2026-06-30,2
657,SV Linx,SV Linx,games,False,False,True,False,2018-08-18,2018-08-18,1
660,FC Shakhtar Donetsk,FC Shakhtar Donetsk | Shakhtar D.,clubs | games | transfers,True,True,True,False,2005-01-01,2026-12-31,2
663,Dinamo Tbilisi,Dinamo Tbilisi,games | transfers,False,True,True,False,2012-01-01,2026-06-30,1
664,Zamalek,Zamalek,transfers,False,True,False,False,2025-07-13,2025-08-05,1
666,Real Jaén CF,Real Jaén CF,games | transfers,False,True,True,False,2010-07-01,2025-10-29,1
667,RC Strasbourg Alsace,R. Strasbourg | RC Strasbourg Alsace,clubs | games | transfers,True,True,True,False,2005-07-01,2026-06-30,2
668,Sportfreunde Lotte,SF Lotte | Sportfreunde Lotte,games | transfers,False,True,True,False,2013-07-01,2025-08-16,2
669,FK Partizan Belgrade,FK Partizan Belgrade | Partizan,clubs | games | transfers,True,True,True,False,2007-07-01,2026-04-09,2
672,JEF United,JEF United,clubs,True,False,False,False,,,1
675,Slavia Sofia,Slavia Sofia,games | transfers,False,True,True,False,2015-07-10,2026-02-11,1
676,Wiener Sportklub,Wiener Sportklub,transfers,False,True,False,False,2013-07-01,2014-07-10,1
677,Ipswich Town,Ipswich | Ipswich Town,clubs | games | transfers,True,True,True,False,2009-10-14,2026-06-30,2
678,Aarhus GF,Aarhus GF,clubs | games | transfers,True,True,True,False,2012-07-13,2026-06-30,1
679,Clube Atlético Paranaense,Athletico-PR | Atlético-PR | Clube Atlético Paranaense,clubs | games | transfers,True,True,True,False,2003-01-01,2026-05-30,3
681,Real Sociedad,Real Sociedad,clubs | games | transfers,True,True,True,False,2006-07-01,2026-05-23,1
683,Olympiakos Syndesmos Filathlon Peiraios,Olympiacos | Olympiakos Syndesmos Filathlon Peiraios,clubs | games | transfers,True,True,True,False,2007-07-01,2026-06-30,2
687,Molde Fotballklubb,Molde FK | Molde Fotballklubb,clubs | games | transfers,True,True,True,False,2012-07-18,2026-05-30,2
697,FC Slovan Liberec,FC Slovan Liberec | Slovan Liberec,clubs | games | transfers,True,True,True,False,2012-07-17,2026-04-25,2
698,Bristol City,Bristol City,games | transfers,False,True,True,False,2006-08-01,2026-03-03,1
699,Helsingborgs IF,Helsingborgs IF,games | transfers,False,True,True,False,2012-03-06,2023-08-24,1
701,Trelleborg,Trelleborg,transfers,False,True,False,False,2019-02-18,2019-11-30,1
703,Nottingham Forest,Nott'm Forest | Nottingham Forest | Nottm Forest,clubs | games | transfers,True,True,True,False,2013-01-05,2026-05-24,3
704,Foggia,Foggia | Foggia Calcio,games | transfers,False,True,True,False,2010-07-21,2026-06-30,2
708,Újpest FC,Újpest FC,games | transfers,False,True,True,False,2013-09-01,2026-06-30,1
709,Budapest Honvéd FC,Budapest Honvéd FC | Honvéd,games | transfers,False,True,True,False,2012-07-05,2021-12-31,2
710,NK Celje,NK Celje,games | transfers,False,True,True,False,2012-07-05,2026-03-19,1
713,BATE Borisov,BATE Borisov,games | transfers,False,True,True,False,2005-01-01,2026-12-31,1
714,RCD Espanyol Barcelona,Espanyol | RCD Espanyol Barcelona,clubs | games | transfers,True,True,True,False,2008-07-01,2026-06-30,2
715,"Bohemians Praha 1905, a.s.","Bohemians 1905 | Bohemians Praha 1905, a.s.",clubs | games | transfers,True,True,True,False,2015-09-17,2026-04-25,2
720,FC Porto,FC Porto | Porto,clubs | games | transfers,True,True,True,False,2004-07-01,2026-05-16,2
723,Almere City FC,Almere City | Almere City FC | FC Omniworld,clubs | games | transfers,True,True,True,False,2006-07-01,2026-06-30,3
724,FC Volendam,FC Volendam,clubs | games | transfers,True,True,True,False,2007-07-01,2026-05-17,1
726,FK Pirmasens,FK Pirmasens,games,False,False,True,False,2015-08-09,2025-08-16,1
734,União São João,União São João,transfers,False,True,False,False,2010-04-01,2013-01-28,1
738,Le Havre AC,Le Havre AC,clubs | games | transfers,True,True,True,False,2005-07-01,2026-06-30,1
739,KS Besa,KS Besa,transfers,False,True,False,False,2007-07-01,2014-07-01,1
745,Freiburger FC,Freiburger FC,transfers,False,True,False,False,2008-07-01,2009-07-01,1
748,Mogren,Mogren,transfers,False,True,False,False,2011-07-01,2012-07-01,1
749,FC Empoli,Empoli | FC Empoli,clubs | games | transfers,True,True,True,False,2009-07-16,2030-06-30,2
750,FC Sochaux-Montbéliard,FC Sochaux | FC Sochaux-Montbéliard,clubs | games | transfers,True,True,True,False,2007-07-01,2025-09-01,2
751,WIT Georgia,WIT Georgia,transfers,False,True,False,False,2024-01-01,2025-02-20,1
752,SpVgg Bayreuth,SpVgg Bayreuth,games | transfers,False,True,True,False,2018-07-01,2022-07-30,1
759,Slask Wroclaw,Slask Wroclaw,clubs | games | transfers,True,True,True,False,2012-07-18,2025-09-03,1
760,Neftochimic,Neftochimic,transfers,False,True,False,False,2021-04-01,2021-07-01,1
762,Newcastle United,Newcastle | Newcastle United,clubs | games | transfers,True,True,True,False,2008-07-01,2026-05-24,2
765,Celik Zenica,Celik Zenica,transfers,False,True,False,False,2013-07-05,2015-07-07,1
767,SV Lippstadt 08,SV Lippstadt 08,games,False,False,True,False,2013-08-03,2013-08-03,1
776,Coritiba Foot Ball Club,Coritiba FC | Coritiba Foot Ball Club,clubs | games | transfers,True,True,True,False,2013-06-01,2026-05-30,2
779,MFK Kosice,MFK Kosice | MFK Košice | VSS Kosice,games | transfers,False,True,True,False,2011-08-05,2016-02-04,3
786,AEL Limassol,AEL Limassol,games | transfers,False,True,True,False,2012-07-18,2026-01-27,1
788,FK Napredak Krusevac,FK Napredak Krusevac | Napredak,clubs | games | transfers,True,True,True,False,2013-07-01,2026-04-08,2
789,NK Rudar Velenje,NK Rudar Velenje,games,False,False,True,False,2014-07-03,2018-08-02,1
790,NK Maribor,NK Maribor,games | transfers,False,True,True,False,2012-07-18,2026-01-26,1
798,Excelsior Rotterdam,Excelsior | Excelsior Rotterdam,clubs | games | transfers,True,True,True,False,2008-07-01,2026-05-17,2
800,Atalanta BC,Atalanta | Atalanta BC,clubs | games | transfers,True,True,True,False,2006-07-01,2026-05-22,2
801,Idrottsföreningen Kamraterna Göteborg,IFK Göteborg | Idrottsföreningen Kamraterna Göteborg,clubs | games | transfers,True,True,True,False,2011-10-01,2026-07-05,2
808,MSV Duisburg II,MSV Duisburg II,transfers,False,True,False,False,2012-07-01,2013-07-20,1
810,Hapoel Haifa,Hapoel Haifa,games | transfers,False,True,True,False,2018-07-01,2025-09-03,1
813,Columbus Crew,Columbus Crew,clubs | games,True,False,True,False,2025-02-23,2026-05-24,1
814,FK Teplice,FK Teplice | Teplice,clubs | games | transfers,True,True,True,False,2019-07-01,2026-04-25,2
815,Al-Shaab,Al-Shaab,transfers,False,True,False,False,2017-01-20,2017-08-21,1
817,Achilles Veen,Achilles Veen,games,False,False,True,False,2016-09-21,2024-09-24,1
820,Gençlerbirliği Spor Kulübü,Genclerbirligi | Gençlerbirliği Spor Kulübü,clubs | games | transfers,True,True,True,False,2012-08-20,2026-05-17,2
825,Eskisehirspor,Eskisehirspor,clubs | games | transfers,True,True,True,False,2012-07-01,2023-08-05,1
826,RC Lens,Lens | RC Lens,clubs | games | transfers,True,True,True,False,2010-07-01,2026-06-30,2
828,Urawa Red Diamonds,Urawa Red Diamonds | Urawa Reds,clubs | games | transfers,True,True,True,False,2002-02-01,2025-12-06,2
829,Omonia Nicosia,Omonia Nicosia | Omonia Nikosia,games | transfers,False,True,True,False,2012-08-02,2026-02-26,2
830,Club Atlético Banfield,Banfield | Club Atlético Banfield,clubs | games | transfers,True,True,True,False,2020-08-10,2026-05-02,2
833,Denizlispor,Denizlispor,clubs | games | transfers,True,True,True,False,2010-07-26,2024-04-19,1
834,TSG Balingen,TSG Balingen,games,False,False,True,False,2023-08-12,2023-08-12,1
839,Perugia,AC Perugia Calcio | Perugia,games | transfers,False,True,True,False,2012-08-05,2026-06-30,2
840,EN Paralimniou,EN Paralimniou,transfers,False,True,False,False,2018-07-23,2023-07-01,1
851,FSV Mainz 05 II,FSV Mainz 05 II,transfers,False,True,False,False,2009-07-01,2024-07-01,1
853,F91 Dudelange,F91 Dudelange,games | transfers,False,True,True,False,2012-07-03,2025-07-17,1
855,EA Guingamp,EA Guingamp | Guingamp,clubs | games | transfers,True,True,True,False,2010-07-01,2024-07-01,2
856,SV Mattersburg,SV Mattersburg,transfers,False,True,False,False,2013-07-01,2020-02-06,1
861,Peñarol,Peñarol,transfers,False,True,False,False,2016-07-19,2026-01-05,1
862,Chievo Verona,Chievo Verona,clubs | games | transfers,True,True,True,False,2012-08-18,2026-07-01,1
865,FC Midtjylland,FC Midtjylland | Midtjylland,clubs | games | transfers,True,True,True,False,2007-01-01,2026-03-19,2
866,Nacional,Nacional,transfers,False,True,False,False,2009-01-01,2024-07-06,1
868,MKE Ankaragücü,Ankaragücü | MKE Ankaragücü,clubs | games | transfers,True,True,True,False,2017-08-10,2025-01-23,2
873,Crystal Palace,Crystal Palace,clubs | games | transfers,True,True,True,False,2008-01-01,2026-05-24,1
875,Adelaide United,Adelaide United,clubs | games | transfers,True,True,True,False,2014-07-01,2026-04-26,1
892,Viktoria Zizkov,Viktoria Zizkov,transfers,False,True,False,False,2010-07-23,2012-02-09,1
895,Cannes,Cannes,transfers,False,True,False,False,2006-07-01,2008-07-01,1
896,FB (FCN II),FB (FCN II),transfers,False,True,False,False,2019-07-01,2020-07-01,1
897,Deportivo de La Coruña,Dep. La Coruña | Deportivo de La Coruña,clubs | games | transfers,True,True,True,False,2007-07-01,2026-06-30,2
899,Walsall FC,Walsall | Walsall FC,games | transfers,False,True,True,False,2012-11-03,2026-06-30,2
902,Rad,Rad,transfers,False,True,False,False,2016-01-01,2021-07-01,1
903,Hibernian FC,Hibernian FC,clubs | games | transfers,True,True,True,False,2007-07-01,2026-04-11,1
907,TuS Dassendorf,TuS Dassendorf,games,False,False,True,False,2018-08-18,2019-08-10,1
912,VfR Neumünster,VfR Neumünster,games,False,False,True,False,2013-08-04,2013-08-04,1
918,Inter Zapresic,Inker | Inter Zapresic,transfers,False,True,False,False,2015-07-03,2022-07-01,2
920,Derry City,Derry City,games | transfers,False,True,True,False,2013-07-18,2025-07-17,1
924,Istanbulspor,Istanbulspor,clubs | games | transfers,True,True,True,False,2015-07-01,2026-06-30,1
928,Club Atlético Platense,Club Atlético Platense | Platense,clubs | games | transfers,True,True,True,False,2009-07-01,2026-05-03,2
931,Fulham FC,Fulham | Fulham FC,clubs | games | transfers,True,True,True,False,2007-07-01,2026-05-24,2
932,"Футбольный клуб ""Локомотив"" Москва","Loko Moscow | Loko Moskau | Футбольный клуб ""Локомотив"" Москва",clubs | games | transfers,True,True,True,False,2007-08-01,2026-06-30,3
935,Juniors OÖ,FC Pasching | Juniors OÖ,games | transfers,False,True,True,False,2013-08-22,2019-06-30,2
938,FC Thun,FC Thun,clubs | games | transfers,True,True,True,False,2013-07-18,2026-05-17,1
940,Celta de Vigo,Celta de Vigo,clubs | games | transfers,True,True,True,False,2009-01-01,2026-05-23,1
941,FC Viktoria Plzen,FC Viktoria Plzen | Viktoria Plzen,clubs | games | transfers,True,True,True,False,2012-07-19,2026-04-25,2
943,Yokohama FC,Yokohama FC,clubs | games,True,False,True,False,2025-02-15,2025-12-06,1
944,Deportivo Quito,Deportivo Quito,transfers,False,True,False,False,2015-02-18,2016-12-31,1
947,Boldklubben af 1893,B.93 | Boldklubben af 1893,games | transfers,False,True,True,False,2008-09-01,2025-09-24,2
951,FC 08 Villingen,FC 08 Villingen,games,False,False,True,False,2016-08-20,2024-08-17,1
952,UTA Arad,UTA Arad,clubs | games | transfers,True,True,True,False,2020-09-25,2026-03-07,1
964,AO FK Zenit Sankt-Peterburg,AO FK Zenit Sankt-Peterburg | Zenit S-Pb,clubs | games | transfers,True,True,True,False,2008-01-01,2026-05-17,2
965,Qatar SC,Qatar SC,transfers,False,True,False,False,2025-09-07,2025-09-07,1
967,Cherno More,Cherno More | Cherno More Varna,games | transfers,False,True,True,False,2015-07-01,2025-07-31,2
968,KVC Westerlo,KVC Westerlo,clubs | games | transfers,True,True,True,False,2009-07-01,2026-06-30,1
969,Montpellier HSC,Montpellier | Montpellier HSC,clubs | games | transfers,True,True,True,False,2009-07-01,2026-06-30,2
970,Perth Glory,Perth Glory,clubs | games | transfers,True,True,True,False,2022-09-06,2026-04-25,1
971,Scarborough Athletic,Scarborough Athletic,games,False,False,True,False,2023-12-12,2024-11-02,1
972,Yeovil Town,Yeovil Town,games | transfers,False,True,True,False,2008-03-27,2025-10-16,1
976,CF União Madeira (-2021),CF União Madeira (-2021) | União Madeira,clubs | games | transfers,True,True,True,False,2012-07-29,2020-01-01,2
978,Club de Regatas Vasco da Gama,Club de Regatas Vasco da Gama | Vasco da Gama,clubs | games | transfers,True,True,True,False,2008-01-01,2026-05-31,2
979,Moreirense FC,Moreirense | Moreirense FC,clubs | games | transfers,True,True,True,False,2012-08-19,2026-06-30,2
980,APO Fostiras,APO Fostiras | Fostiras,games | transfers,False,True,True,False,2006-01-01,2021-08-29,2
982,CD Nacional,CD Nacional | Nacional,clubs | games | transfers,True,True,True,False,2011-07-01,2026-05-16,2
983,Hoffenheim II,Hoffenheim II,transfers,False,True,False,False,2010-02-01,2026-01-09,1
984,West Bromwich Albion,West Brom | West Bromwich Albion,clubs | games | transfers,True,True,True,False,2008-07-18,2026-06-30,2
985,Manchester United,Man Utd | Manchester United,clubs | games | transfers,True,True,True,False,2006-07-01,2026-06-30,2
986,Cambridge United,Cambridge United | Cambridge Utd.,games | transfers,False,True,True,False,2008-03-29,2026-01-10,2
987,Motherwell FC,Motherwell FC,clubs | games | transfers,True,True,True,False,2010-07-01,2026-04-11,1
988,Oxford United,Oxford United,games | transfers,False,True,True,False,2012-11-03,2026-06-30,1
989,AFC Bournemouth,AFC Bournemouth | Bournemouth,clubs | games | transfers,True,True,True,False,2006-11-01,2026-05-24,2
990,Coventry City,Coventry | Coventry City,games | transfers,False,True,True,False,2009-08-21,2026-01-10,2
991,MK Dons,MK Dons | Milton Keynes Dons,games | transfers,False,True,True,False,2007-01-10,2026-06-30,2
993,Córdoba CF,Córdoba CF,clubs | games | transfers,True,True,True,False,2011-07-01,2025-10-29,1
995,FC Nantes,FC Nantes,clubs | games | transfers,True,True,True,False,2009-07-01,2026-05-17,1
996,TuS Koblenz,TuS Koblenz,games,False,False,True,False,2017-08-11,2024-08-19,1
999,NK Istra 1961,NK Istra | NK Istra 1961,clubs | games | transfers,True,True,True,False,2015-07-01,2026-05-23,2
1000,Sprockhövel,Sprockhövel,transfers,False,True,False,False,2014-07-01,2017-07-01,1
1002,FC Flora Tallinn,FC Flora Tallinn,games,False,False,True,False,2012-07-17,2025-07-17,1
1003,Leicester City,Leicester | Leicester City,clubs | games | transfers,True,True,True,False,2007-07-01,2026-02-14,2
1004,FK Zeta Golubovac,FK Zeta Golubovac | Zeta Golubovac,games | transfers,False,True,True,False,2012-07-05,2020-08-26,2
1005,US Lecce,Lecce | US Lecce,clubs | games | transfers,True,True,True,False,2010-01-04,2026-06-30,2
1006,M'gladbach II,M'gladbach II,transfers,False,True,False,False,2012-07-01,2025-07-16,1
1007,FC U Craiova,FC U Craiova,transfers,False,True,False,False,2014-07-01,2024-07-15,1
1008,HJK Helsinki,HJK Helsinki,games | transfers,False,True,True,False,2012-07-17,2026-02-27,1
1010,Watford FC,Watford | Watford FC,clubs | games | transfers,True,True,True,False,2003-07-01,2026-01-21,2
1011,Halmstads BK,Halmstads BK,clubs | games | transfers,True,True,True,False,2016-07-01,2026-07-04,1
1014,HSK Posusje,HSK Posusje,transfers,False,True,False,False,2011-08-24,2012-08-24,1
1017,Hapoel Tel Aviv,Hapoel Tel Aviv,games | transfers,False,True,True,False,2009-07-01,2025-06-30,1
1020,Portsmouth,Portsmouth | Portsmouth FC,games | transfers,False,True,True,False,2005-07-01,2026-06-30,2
1022,Cerezo Osaka,Cerezo Osaka,clubs | games,True,False,True,False,2025-02-14,2025-12-06,1
1023,Sociedade Esportiva Palmeiras,Palmeiras | Sociedade Esportiva Palmeiras,clubs | games | transfers,True,True,True,False,2015-01-01,2026-05-31,2
1025,Bologna Football Club 1909,Bologna | Bologna Football Club 1909,clubs | games | transfers,True,True,True,False,2008-07-01,2026-06-30,2
1027,Bradford City,Bradford | Bradford City,games | transfers,False,True,True,False,2008-07-01,2026-05-31,2
1028,Millwall FC,Millwall | Millwall FC,games | transfers,False,True,True,False,2010-02-11,2026-01-10,2
1029,Club Atlético Vélez Sársfield,Club Atlético Vélez Sársfield | Vélez Sarsfield,clubs | games | transfers,True,True,True,False,2018-08-04,2026-05-04,2
1030,Asociación Atlética Argentinos Juniors,Argentinos Jrs. | Asociación Atlética Argentinos Juniors,clubs | games | transfers,True,True,True,False,2019-01-21,2026-05-03,2
1031,Luton Town,Luton | Luton Town,clubs | games | transfers,True,True,True,False,2012-11-03,2026-01-12,2
1032,Reading FC,Reading | Reading FC,clubs | games | transfers,True,True,True,False,2005-07-01,2026-05-31,2
1033,Valur Reykjavík,Valur | Valur Reykjavík,games | transfers,False,True,True,False,2016-06-30,2025-07-31,2
1034,Grimsby Town,Grimsby Town,games | transfers,False,True,True,False,2011-10-25,2026-02-15,1
1035,Sheffield Wednesday,Sheff Wed | Sheffield Wednesday,games | transfers,False,True,True,False,2006-03-10,2026-02-26,2
1037,U. de Chile,U. de Chile,transfers,False,True,False,False,2012-01-01,2021-07-07,1
1038,UC Sampdoria,Sampdoria | UC Sampdoria,clubs | games | transfers,True,True,True,False,2007-07-01,2026-02-02,2
1039,Queens Park Rangers,QPR | Queens Park Rangers,clubs | games | transfers,True,True,True,False,2012-08-18,2026-01-11,2
1041,Olympique Lyon,Lyon | Olympique Lyon,clubs | games | transfers,True,True,True,False,2008-07-01,2026-05-17,2
1042,Crewe Alexandra,Crewe Alexandra,games | transfers,False,True,True,False,2008-07-01,2025-11-01,1
1043,Skonto Riga,Skonto Riga,games,False,False,True,False,2012-07-19,2015-07-23,1
1044,Djurgårdens Idrottsförening,Djurgården | Djurgårdens Idrottsförening,clubs | games | transfers,True,True,True,False,2011-01-01,2026-07-06,2
1045,Notts County,Notts County,games | transfers,False,True,True,False,2009-09-01,2025-11-01,1
1047,Como 1907,Como | Como 1907,clubs | games | transfers,True,True,True,False,2007-07-01,2026-06-30,2
1049,Valencia CF,Valencia | Valencia CF,clubs | games | transfers,True,True,True,False,2004-07-01,2026-06-30,2
1050,Villarreal CF,Villarreal | Villarreal CF,clubs | games | transfers,True,True,True,False,2002-07-01,2026-05-24,2
1051,Coalville Town,Coalville Town,games,False,False,True,False,2022-11-05,2022-11-05,1
1053,Aalborg BK,Aalborg BK,clubs | games | transfers,True,True,True,False,2010-07-01,2026-06-30,1
1056,Örebro SK,Örebro SK,transfers,False,True,False,False,2015-01-07,2021-03-22,1
1057,Bryne FK,Bryne | Bryne FK,clubs | games | transfers,True,True,True,False,2024-03-20,2025-11-30,2
1058,Odds BK,Odd | Odds BK,games | transfers,False,True,True,False,2015-07-02,2024-07-31,2
1059,Hammarby IF,Hammarby | Hammarby IF,clubs | games | transfers,True,True,True,False,2015-07-15,2026-07-05,2
1060,Colchester Utd.,Colchester United | Colchester Utd.,games | transfers,False,True,True,False,2012-11-03,2026-05-31,2
1061,Los Angeles Galaxy,LA Galaxy | Los Angeles | Los Angeles Galaxy,clubs | games | transfers,True,True,True,False,2017-01-19,2026-05-24,3
1062,S-Pulse,S-Pulse | Shimizu S-Pulse,clubs | games | transfers,True,True,True,False,2005-02-01,2025-12-06,2
1063,Viborg FF,Viborg FF,clubs | games | transfers,True,True,True,False,2009-07-01,2026-03-07,1
1064,Maccabi Haifa,Maccabi Haifa,games | transfers,False,True,True,False,2010-07-01,2025-08-14,1
1065,Hannover 96 II,Hannover 96 II,transfers,False,True,False,False,2014-08-01,2015-07-01,1
1066,Nagoya Grampus Eight,Nagoya Grampus Eight,clubs | games,True,False,True,False,2025-02-15,2025-12-06,1
1068,SV Straelen,SV Straelen,games,False,False,True,False,2022-07-30,2022-07-30,1
1070,Colon,Colon,transfers,False,True,False,False,2009-01-01,2023-07-12,1
1071,Wigan Athletic,Wigan | Wigan Athletic,clubs | games | transfers,True,True,True,False,2009-07-16,2026-05-31,2
1072,Peterborough United,Peterborough | Peterborough United,games | transfers,False,True,True,False,2011-01-07,2025-12-06,2
1073,KSK Beveren,KSK Beveren,transfers,False,True,False,False,2004-07-01,2007-01-01,1
1074,Tranmere Rovers,Tranmere | Tranmere Rovers,games | transfers,False,True,True,False,2007-01-01,2025-11-01,2
1075,SC Braga,Braga | SC Braga,clubs | games | transfers,True,True,True,False,2009-01-01,2026-06-30,2
1076,Esteghlal FC,Esteghlal FC,transfers,False,True,False,False,2019-01-26,2025-08-20,1
1078,Oldham Athletic,Oldham Athletic,games | transfers,False,True,True,False,2006-10-01,2025-12-06,1
1079,Liaoning FC,Liaoning FC,transfers,False,True,False,False,2015-07-01,2016-02-16,1
1080,Stade Lavallois,Stade Lavallois,transfers,False,True,False,False,2009-07-01,2026-06-30,1
1081,CS Sedan,CS Sedan,transfers,False,True,False,False,2007-07-01,2025-07-23,1
1082,LOSC Lille,LOSC Lille | Lille,clubs | games | transfers,True,True,True,False,2008-09-01,2026-05-17,2
1083,FK Rostov,FK Rostov | Rostov,clubs | games | transfers,True,True,True,False,2012-07-01,2026-06-30,2
1084,Málaga CF,Málaga CF,clubs | games | transfers,True,True,True,False,2012-08-18,2025-12-03,1
1085,Vitória Setúbal FC,Vitória Setúbal | Vitória Setúbal FC,clubs | games | transfers,True,True,True,False,2009-08-01,2022-01-31,2
1087,UD Salamanca,UD Salamanca,transfers,False,True,False,False,2007-07-01,2008-07-01,1
1088,Rochdale AFC,Rochdale | Rochdale AFC,games | transfers,False,True,True,False,2007-01-19,2024-11-02,2
1089,Darlington,Darlington,transfers,False,True,False,False,2002-12-20,2011-07-01,1
1090,AZ Alkmaar,AZ Alkmaar,clubs | games | transfers,True,True,True,False,2007-01-01,2026-05-17,1
1091,Panthessalonikios Athlitikos Omilos Konstantinoupoliton,PAOK | PAOK Salonika | Panthessalonikios Athlitikos Omilos Konstantinoupoliton,clubs | games | transfers,True,True,True,False,2005-07-01,2026-06-30,3
1092,Idrottsföreningen  Brommapojkarna,Brommapojkarna | Idrottsföreningen  Brommapojkarna,clubs | games | transfers,True,True,True,False,2008-01-01,2026-07-06,2
1095,ESTAC Troyes,ESTAC Troyes | Troyes,clubs | games | transfers,True,True,True,False,2012-07-12,2026-02-02,2
1096,Royal Antwerp FC,Royal Antwerp | Royal Antwerp FC,clubs | games | transfers,True,True,True,False,2006-07-01,2026-05-23,2
1097,SV Meerssen,SV Meerssen,games,False,False,True,False,2023-08-13,2025-09-23,1
1098,Stockport,Stockport | Stockport County,games | transfers,False,True,True,False,2004-07-01,2026-05-31,2
1099,Bath City,Bath City,transfers,False,True,False,False,2012-08-15,2024-07-14,1
1100,Sportsklubben Brann,Brann | Sportsklubben Brann,clubs | games | transfers,True,True,True,False,2016-08-17,2026-05-29,2
1101,Idrottsföreningen Elfsborg,Elfsborg | Idrottsföreningen Elfsborg,clubs | games | transfers,True,True,True,False,2012-07-05,2026-07-05,2
1102,Vaasan Palloseura,Vaasan Palloseura,games,False,False,True,False,2014-07-03,2024-07-18,1
1103,Ternana,Ternana | Ternana Calcio | Ternana U.,games | transfers,False,True,True,False,2005-07-01,2026-06-30,3
1104,ACR Messina,ACR Messina,games | transfers,False,True,True,False,2014-08-10,2024-06-30,1
1105,Ravenna,Ravenna | Ravenna FC,games | transfers,False,True,True,False,2008-07-01,2025-11-26,2
1106,Club de Gimnasia y Esgrima La Plata,Club de Gimnasia y Esgrima La Plata | Gimnasia,clubs | games | transfers,True,True,True,False,2011-01-01,2026-05-03,2
1108,Deportivo Alavés,Alavés | Deportivo Alavés,clubs | games | transfers,True,True,True,False,2009-01-01,2026-06-30,2
1109,BK Häcken,BK Häcken | Häcken,clubs | games | transfers,True,True,True,False,2013-07-18,2026-07-06,2
1110,Huddersfield Town,Huddersfield | Huddersfield Town,clubs | games | transfers,True,True,True,False,2012-07-01,2026-06-30,2
1111,Eendracht Aalst,Eendracht Aalst,transfers,False,True,False,False,2005-07-01,2020-07-01,1
1112,Wrexham AFC,Wrexham | Wrexham AFC,games | transfers,False,True,True,False,2008-11-01,2026-06-30,2
1114,Al-Hilal Saudi Football Club,Al-Hilal Saudi Football Club,clubs | games,True,False,True,False,2019-12-14,2026-05-21,1
1115,Barry Town United,Barry | Barry Town United,games | transfers,False,True,True,False,2011-11-01,2020-08-20,2
1118,Örgryte IS,Örgryte | Örgryte IS,clubs | games | transfers,True,True,True,False,2016-12-06,2026-07-05,2
1123,Norwich City,Norwich | Norwich City,clubs | games | transfers,True,True,True,False,2007-01-17,2026-06-30,2
1124,Fakel Voronezh,Fakel Voronezh,clubs | games | transfers,True,True,True,False,2012-08-05,2026-12-31,1
1127,FC Halifax Town,FC Halifax Town | Halifax Town,games | transfers,False,True,True,False,2013-03-28,2025-11-01,2
1132,Burnley FC,Burnley | Burnley FC,clubs | games | transfers,True,True,True,False,2007-07-01,2026-05-24,2
1134,Ponte Preta,Ponte Preta,transfers,False,True,False,False,2010-04-01,2024-12-31,1
1143,CD El Nacional,CD El Nacional,transfers,False,True,False,False,2015-07-01,2024-01-10,1
1146,Club Necaxa,Club Necaxa | Necaxa,clubs | games | transfers,True,True,True,False,2021-09-17,2026-04-27,2
1147,AC Ajaccio,AC Ajaccio,clubs | games | transfers,True,True,True,False,2010-07-01,2025-09-10,1
1148,Brentford FC,Brentford | Brentford FC,clubs | games | transfers,True,True,True,False,2010-07-01,2026-05-24,2
1150,Leyton Orient,Leyton Orient,games | transfers,False,True,True,False,2009-08-01,2026-06-30,1
1151,TSG Neustrelitz,TSG Neustrelitz,games | transfers,False,True,True,False,2013-08-03,2022-07-29,1
1154,Red Star FC,Red Star FC,transfers,False,True,False,False,2012-07-01,2026-06-30,1
1156,Stade d'Abidjan,Stade d'Abidjan,transfers,False,True,False,False,2012-01-01,2019-09-13,1
1158,FC Lorient,FC Lorient,clubs | games | transfers,True,True,True,False,2008-07-01,2026-06-30,1
1159,AS Nancy-Lorraine,AS Nancy | AS Nancy-Lorraine,clubs | games | transfers,True,True,True,False,2012-07-01,2026-06-30,2
1160,Nîmes Olympique,Nîmes Olympique,clubs | games | transfers,True,True,True,False,2009-08-04,2025-06-30,1
1161,Chamois Niort,Chamois Niort,transfers,False,True,False,False,2008-07-01,2023-08-03,1
1162,SM Caen,SM Caen,clubs | games | transfers,True,True,True,False,2005-07-01,2026-06-30,1
1164,Le Mans FC,Le Mans FC,transfers,False,True,False,False,2017-01-01,2025-08-04,1
1167,Shkendija Tetovo,Shkendija Tetovo,games,False,False,True,False,2012-07-03,2026-02-26,1
1171,Holst. Kiel II,Holst. Kiel II,transfers,False,True,False,False,2023-01-17,2024-07-01,1
1175,LB Châteauroux,LB Châteauroux,transfers,False,True,False,False,2013-07-01,2025-01-13,1
1176,Racing Ferrol,Racing Ferrol,games | transfers,False,True,True,False,2013-09-04,2026-01-28,1
1177,Silkeborg IF,Silkeborg IF,clubs | games | transfers,True,True,True,False,2012-07-15,2026-03-01,1
1180,Dinamo Minsk,Dinamo Minsk,games | transfers,False,True,True,False,2013-07-04,2026-01-19,1
1181,Blackpool,Blackpool | Blackpool FC,games | transfers,False,True,True,False,2003-02-07,2026-01-10,2
1184,KRC Genk,Genk | KRC Genk,clubs | games | transfers,True,True,True,False,2005-07-01,2026-05-23,2
1185,FH Hafnarfjördur,FH Hafnarfjördur,games,False,False,True,False,2012-07-05,2021-07-29,1
1186,Torpedo Moscow,Torpedo Moscow | Torpedo Moskau,clubs | games | transfers,True,True,True,False,2012-07-01,2026-12-31,2
1189,St. Patrick's Athletic,St. Pat's | St. Patrick's Athletic,games | transfers,False,True,True,False,2012-07-05,2025-08-14,2
1191,Falkirk FC,Falkirk | Falkirk FC,clubs | games | transfers,True,True,True,False,2007-08-01,2026-04-18,2
1192,Ayr United FC,Ayr United | Ayr United FC,games | transfers,False,True,True,False,2012-11-03,2026-05-31,2
1193,Bahlinger SC,Bahlinger SC,games | transfers,False,True,True,False,2009-07-01,2025-08-16,1
1194,Rotherham,Rotherham | Rotherham United,games | transfers,False,True,True,False,2009-08-11,2026-01-23,2
1195,Kidderminster Harriers,Kidderminster | Kidderminster Harriers,games | transfers,False,True,True,False,2012-11-03,2024-05-31,2
1196,Dallas Academy,Dallas Academy,transfers,False,True,False,False,2016-07-01,2020-02-01,1
1198,Lincoln City,Lincoln City,games | transfers,False,True,True,False,2012-01-02,2025-11-01,1
1199,RE Virton,RE Virton,transfers,False,True,False,False,2010-03-20,2020-09-29,1
1203,FC Nöttingen,FC Nöttingen,games,False,False,True,False,2012-08-19,2017-08-13,1
1204,Kartalspor,Kartalspor,transfers,False,True,False,False,2007-08-24,2017-06-30,1
1210,US Livorno 1915,AS Livorno | Livorno | US Livorno 1915,clubs | games | transfers,True,True,True,False,2008-07-07,2026-06-30,3
1211,Port Vale FC,Port Vale | Port Vale FC,games | transfers,False,True,True,False,2010-07-01,2026-05-31,2
1212,Braunschweig II,Braunschweig II,transfers,False,True,False,False,2013-07-01,2018-08-09,1
1214,Cerro Porteño,Cerro Porteño,transfers,False,True,False,False,2014-07-01,2023-07-08,1
1218,Torquay,Torquay | Torquay United,games | transfers,False,True,True,False,2012-02-08,2023-12-16,2
1219,Chesterfield FC,Chesterfield | Chesterfield FC,games | transfers,False,True,True,False,2012-11-03,2026-06-30,2
1220,Carlisle United,Carlisle United,games | transfers,False,True,True,False,2008-11-21,2025-12-07,1
1225,FC Haka,FC Haka,games | transfers,False,True,True,False,2021-01-01,2023-09-15,1
1227,RBC Roosendaal,RBC Roosendaal,games,False,False,True,False,2025-09-03,2025-09-23,1
1228,TOP Oss,FC Oss | TOP Oss,games | transfers,False,True,True,False,2005-07-01,2026-06-30,2
1230,Al-Arabi SC,Al-Arabi SC,transfers,False,True,False,False,2019-08-19,2025-07-25,1
1234,Club Atlético Independiente de Avellaneda,Club Atlético Independiente de Avellaneda | Independiente,clubs | games | transfers,True,True,True,False,2018-01-26,2026-05-02,2
1236,Östers IF,Östers IF,clubs | games | transfers,True,True,True,False,2017-01-01,2025-11-09,1
1237,Brighton & Hove Albion,Brighton | Brighton & Hove Albion,clubs | games | transfers,True,True,True,False,2013-01-05,2026-05-24,2
1241,Livingston FC,Livingston FC,clubs | games | transfers,True,True,True,False,2012-02-01,2026-04-11,1
1242,NK Siroki Brijeg,NK Siroki Brijeg | Siroki Brijeg,games | transfers,False,True,True,False,2012-07-19,2021-07-15,2
1244,CD Leganés,CD Leganés,clubs | games | transfers,True,True,True,False,2013-09-04,2026-06-30,1
1245,KAS Eupen,KAS Eupen,clubs | games | transfers,True,True,True,False,2010-07-12,2025-07-25,1
1246,TSV 1860 Rosenheim,TSV 1860 Rosenheim,games,False,False,True,False,2013-08-03,2013-08-03,1
1247,Colorado Rapids,Colorado | Colorado Rapids,clubs | games | transfers,True,True,True,False,2014-02-12,2026-05-24,2
1251,Cliftonville FC,Cliftonville | Cliftonville FC,games | transfers,False,True,True,False,2008-07-01,2025-07-17,2
1252,York City,York City,games | transfers,False,True,True,False,2012-08-30,2025-11-01,1
1253,Lucchese,AS Lucchese Libertas | Lucchese,games | transfers,False,True,True,False,2015-08-02,2017-07-30,2
1257,Jeunesse Esch,Jeunesse Esch,games | transfers,False,True,True,False,2012-07-05,2021-06-30,1
1267,Manisaspor,Manisaspor,transfers,False,True,False,False,2004-11-24,2018-08-09,1
1268,ADO Den Haag,ADO Den Haag,clubs | games | transfers,True,True,True,False,2008-08-01,2025-12-31,1
1269,PEC Zwolle,FC Zwolle | PEC Zwolle,clubs | games | transfers,True,True,True,False,2007-07-01,2026-05-17,2
1270,Dunfermline A.,Dunfermline A. | Dunfermline Athletic FC,games | transfers,False,True,True,False,2010-06-30,2026-04-18,2
1274,Stabæk,Stabæk | Stabæk Fotball,games | transfers,False,True,True,False,2012-07-05,2023-12-31,2
1277,FC Schaffhausen,FC Schaffhausen,transfers,False,True,False,False,2016-01-07,2022-01-21,1
1278,Barbarense-SP,Barbarense-SP,transfers,False,True,False,False,2016-01-01,2016-01-01,1
1279,1.FC Neubrandenburg 04,1.FC Neubrandenburg 04,games,False,False,True,False,2014-08-17,2014-08-17,1
1283,FC Emmen,FC Emmen,clubs | games | transfers,True,True,True,False,2007-07-01,2026-06-30,1
1284,SC Veendam,SC Veendam,games | transfers,False,True,True,False,2010-08-01,2012-09-27,1
1286,Club Atlético Newell’s Old Boys,Club Atlético Newell’s Old Boys | Newell's,clubs | games | transfers,True,True,True,False,2018-07-07,2026-05-04,2
1287,FC Solothurn,FC Solothurn,transfers,False,True,False,False,2013-07-01,2015-07-01,1
1290,Grenoble,Grenoble,transfers,False,True,False,False,2007-07-01,2025-06-30,1
1292,Etoile Carouge,Etoile Carouge,transfers,False,True,False,False,2024-07-01,2024-07-01,1
1293,Tromsø Idrettslag,Tromsø | Tromsø Idrettslag,clubs | games | transfers,True,True,True,False,2012-07-19,2026-05-29,2
1301,CS Marítimo,CS Marítimo | Marítimo,clubs | games | transfers,True,True,True,False,2002-07-01,2026-06-30,2
1302,Northampton,Northampton | Northampton Town,games | transfers,False,True,True,False,2008-01-07,2026-01-12,2
1304,Heracles Almelo,Heracles Almelo,clubs | games | transfers,True,True,True,False,2008-07-01,2026-06-30,1
1306,Danubio FC,Danubio FC,transfers,False,True,False,False,2022-01-11,2023-01-25,1
1307,Pistoiese,Pistoiese | US Pistoiese 1921,games | transfers,False,True,True,False,2007-07-01,2022-06-30,2
1315,KSV Baunatal,KSV Baunatal,games,False,False,True,False,2019-08-10,2019-08-10,1
1320,SZ FC,SZ FC,transfers,False,True,False,False,2019-07-08,2022-02-08,1
1321,SK Dynamo Ceske Budejovice,C. Budejovice | SK Dynamo Ceske Budejovice,clubs | games | transfers,True,True,True,False,2013-08-29,2025-09-29,2
1322,FK Jablonec,FK Jablonec,clubs | games,True,False,True,False,2013-08-01,2026-04-25,1
1328,Bremer SV,Bremer SV,games,False,False,True,False,2014-08-16,2024-08-18,1
1348,FC-Astoria Walldorf,FC-Astoria Walldorf,games,False,False,True,False,2014-08-16,2023-08-13,1
1377,Vannes,Vannes,transfers,False,True,False,False,2008-07-01,2023-07-01,1
1385,Modena,Modena | Modena FC,games | transfers,False,True,True,False,2012-07-23,2025-08-18,2
1386,Reggina,Reggina | Reggina Calcio | Reggio Calabria,games | transfers,False,True,True,False,2008-07-01,2024-01-23,3
1387,Siena FC,AC Siena | Robur Siena | Siena FC,clubs | games | transfers,True,True,True,False,2005-07-01,2019-08-04,3
1388,Ancona,Ancona | US Ancona,games | transfers,False,True,True,False,2008-07-01,2023-06-30,2
1389,AGOVV,AGOVV,transfers,False,True,False,False,2006-07-01,2013-01-11,1
1390,Cagliari Calcio,Cagliari | Cagliari Calcio,clubs | games | transfers,True,True,True,False,2007-04-01,2026-05-24,2
1391,Zalaegerszeg,Zalaegerszeg | Zalaegerszegi TE FC,games | transfers,False,True,True,False,2015-07-01,2026-02-11,2
1402,Olympiakos N.,Olympiakos N.,transfers,False,True,False,False,2018-08-16,2025-07-01,1
1403,Santos Laguna,Santos Laguna,clubs | games,True,False,True,False,2025-01-12,2026-04-27,1
1408,Piacenza Calcio 1919,Piacenza | Piacenza Calcio 1919,games | transfers,False,True,True,False,2010-01-01,2026-06-30,2
1410,Sportfreunde Dorfmerkingen,Sportfreunde Dorfmerkingen,games,False,False,True,False,2017-08-13,2017-08-13,1
1411,RAEC Mons (- 2015),RAEC Mons (- 2015),clubs | games,True,False,True,False,2012-07-28,2014-03-16,1
1414,Amora FC,Amora FC,transfers,False,True,False,False,2020-07-01,2025-08-07,1
1415,Città di Teramo 1913,Città di Teramo 1913,games,False,False,True,False,2013-08-04,2020-09-30,1
1416,Amiens SC,Amiens SC,clubs | games | transfers,True,True,True,False,2008-07-01,2026-06-30,1
1418,Club Atlético Rosario Central,Club Atlético Rosario Central | Rosario Central,clubs | games | transfers,True,True,True,False,2022-01-01,2026-05-03,2
1420,Angers SCO,Angers SCO,clubs | games | transfers,True,True,True,False,2010-07-01,2026-05-17,1
1421,Stade Reims,Stade Reims,clubs | games | transfers,True,True,True,False,2012-08-12,2026-06-30,1
1423,Valenciennes FC,Valenciennes FC,clubs | games | transfers,True,True,True,False,2008-07-16,2026-06-30,1
1426,VVV-Venlo,VVV-Venlo,clubs | games | transfers,True,True,True,False,2007-07-01,2026-06-30,1
1427,Türkiyemspor,Türkiyemspor,transfers,False,True,False,False,2007-07-01,2008-07-01,1
1429,Cesena FC,Cesena | Cesena FC,clubs | games | transfers,True,True,True,False,2011-07-21,2026-02-02,2
1434,SC Telstar,SC Telstar | Stormv. Telstar | Telstar,clubs | games | transfers,True,True,True,False,2006-01-19,2026-05-17,3
1435,Go Ahead Eagles,Go Ahead Eagles,clubs | games | transfers,True,True,True,False,2012-08-09,2026-06-30,1
1436,SC Beira-Mar,Beira-Mar | SC Beira-Mar,clubs | games | transfers,True,True,True,False,2010-08-01,2021-07-01,2
1442,Rio Claro,Rio Claro,transfers,False,True,False,False,2016-01-01,2016-01-01,1
1443,MSK Zilina,MSK Zilina,games | transfers,False,True,True,False,2012-07-17,2025-09-01,1
1444,Racing Club Asociación Civil de Avellaneda,Racing Club | Racing Club Asociación Civil de Avellaneda,clubs | games | transfers,True,True,True,False,2016-07-20,2026-05-03,2
1455,FC Dordrecht,FC Dordrecht,clubs | games | transfers,True,True,True,False,2010-07-01,2026-06-30,1
1461,1.FC Köln U19,1.FC Köln U19,transfers,False,True,False,False,2009-07-01,2019-07-01,1
1462,FC Bayern U19,FC Bayern U19,transfers,False,True,False,False,2005-01-01,2024-07-01,1
1463,Schalke 04 U19,Schalke 04 U19,transfers,False,True,False,False,2008-07-01,2022-07-01,1
1464,B. Dortmund U19,B. Dortmund U19,transfers,False,True,False,False,2011-07-01,2025-07-01,1
1465,GD Estoril Praia,Estoril | Estoril Praia | GD Estoril Praia,clubs | games | transfers,True,True,True,False,2006-07-01,2026-06-30,3
1467,Göztepe,Göztepe,clubs | games | transfers,True,True,True,False,2016-07-01,2026-06-30,1
1468,FV Illertissen,FV Illertissen,games | transfers,False,True,True,False,2013-08-04,2025-10-29,1
1481,HSV Barmbek-Uhlenhorst,HSV Barmbek-Uhlenhorst,games,False,False,True,False,2015-08-09,2015-08-09,1
1496,FK Pardubice,FK Pardubice,clubs | games,True,False,True,False,2024-07-19,2026-04-25,1
1506,Kardemir Karabükspor,Karabükspor | Kardemir Karabük | Kardemir Karabükspor,clubs | games | transfers,True,True,True,False,2011-07-01,2018-09-05,3
1508,Turgutluspor,Turgutluspor,transfers,False,True,False,False,2017-02-15,2022-01-12,1
1511,A.Sebatspor,A.Sebatspor,transfers,False,True,False,False,2008-09-01,2014-08-29,1
1515,Z. Kömürspor,Z. Kömürspor,transfers,False,True,False,False,2019-08-26,2023-07-11,1
1518,Türk Telekom,Türk Telekom,transfers,False,True,False,False,2008-07-01,2011-08-21,1
1519,Dundee United FC,Dundee United | Dundee United FC,clubs | games | transfers,True,True,True,False,2008-07-01,2026-04-11,2
1521,Vorwärts Steyr,Vorwärts Steyr,transfers,False,True,False,False,2019-01-17,2023-09-01,1
1531,Elche CF,Elche CF,clubs | games | transfers,True,True,True,False,2010-07-01,2026-05-23,1
1532,Albacete,Albacete | Albacete Balompié,games | transfers,False,True,True,False,2012-08-29,2026-06-30,2
1533,SD Eibar,SD Eibar,clubs | games | transfers,True,True,True,False,2012-08-29,2026-02-12,1
1534,Aurrera,Aurrera,games | transfers,False,True,True,False,2019-07-01,2024-10-09,1
1536,Burgos CF,Burgos CF,games | transfers,False,True,True,False,2013-09-04,2026-01-15,1
1557,Würzb. Kickers,Würzb. Kickers | Würzburger Kickers,games | transfers,False,True,True,False,2014-08-17,2024-08-16,2
1562,FC Nitra,FC Nitra,transfers,False,True,False,False,2020-03-03,2021-06-30,1
1564,FC Rouen 1899,FC Rouen 1899,transfers,False,True,False,False,2023-07-01,2024-01-02,1
1622,FC Viktoria Köln,FC Viktoria Köln,games,False,False,True,False,2014-08-16,2025-08-17,1
1627,Catania FC,Catania | Catania FC,clubs | games | transfers,True,True,True,False,2010-07-21,2024-08-03,2
1693,Londrina-PR,Londrina-PR,transfers,False,True,False,False,2012-09-01,2023-10-09,1
1701,Felgueiras,Felgueiras,transfers,False,True,False,False,2020-07-01,2025-09-01,1
1712,FC Memmingen,FC Memmingen,transfers,False,True,False,False,2018-01-18,2018-07-01,1
1743,USV Elinkwijk Utrecht,USV Elinkwijk Utrecht,games,False,False,True,False,2024-09-03,2024-09-03,1
1751,América-RN,América-RN,transfers,False,True,False,False,2013-10-01,2024-07-05,1
1753,Campinense-PB,Campinense-PB,transfers,False,True,False,False,2017-04-17,2017-11-10,1
1755,Guarani,Guarani,transfers,False,True,False,False,2012-09-21,2024-12-31,1
1771,Tristan Suarez,Tristan Suarez,transfers,False,True,False,False,2019-07-01,2023-01-03,1
1775,Club Atlético San Lorenzo de Almagro,Club Atlético San Lorenzo de Almagro | San Lorenzo,clubs | games | transfers,True,True,True,False,2009-01-29,2026-05-02,2
1777,Stade Briochin,Stade Briochin,transfers,False,True,False,False,2017-07-01,2020-07-01,1
1784,Mogi Mirim,Mogi Mirim,transfers,False,True,False,False,2017-07-01,2017-07-01,1
1798,Holbaek B&I,Holbaek B&I,games,False,False,True,False,2015-09-23,2025-09-24,1
1799,Rustavi,Rustavi,transfers,False,True,False,False,2026-02-05,2026-02-05,1
1804,Deportivo Toluca,Deportivo Toluca | Toluca,clubs | games | transfers,True,True,True,False,2014-07-01,2026-04-26,2
1829,Instituto Atlético Central Córdoba,Instituto Atlético Central Córdoba,clubs | games,True,False,True,False,2025-01-25,2026-05-05,1
1837,Panachaiki GE,Panachaiki | Panachaiki GE,games | transfers,False,True,True,False,2012-07-10,2025-01-09,2
1839,KA Akureyri,KA Akureyri,games,False,False,True,False,2023-07-13,2025-07-31,1
1842,FC Roskilde,FC Roskilde,games | transfers,False,True,True,False,2013-08-28,2025-09-17,1
1876,Pierikos Katerini,Pierikos | Pierikos Katerini,games | transfers,False,True,True,False,2006-07-01,2023-09-27,2
1881,Terrassa FC,Terrassa FC,games,False,False,True,False,2020-12-16,2023-12-06,1
1894,Hvidovre IF,Hvidovre | Hvidovre IF,clubs | games | transfers,True,True,True,False,2012-07-01,2025-09-16,2
1897,FC Hradec Kralove,FC Hradec Kralove | Hradec Kralove,clubs | games | transfers,True,True,True,False,2013-01-01,2026-04-25,2
1909,Holstebro Boldklub,Holstebro BK | Holstebro Boldklub,games | transfers,False,True,True,False,2015-08-12,2025-08-06,2
1910,Dessel Sport,Dessel Sport,transfers,False,True,False,False,2012-07-21,2014-06-30,1
1918,FC Prishtina,FC Prishtina,games | transfers,False,True,True,False,2017-06-29,2025-08-20,1
1931,RSV Meinerzhagen,RSV Meinerzhagen,games,False,False,True,False,2020-09-12,2020-09-12,1
1944,VV Spijkenisse,VV Spijkenisse,games,False,False,True,False,2017-08-22,2017-08-22,1
1955,Djoliba AC,Djoliba AC,transfers,False,True,False,False,2014-11-01,2015-07-25,1
1956,AS Real Bamako,AS Real Bamako,transfers,False,True,False,False,2014-07-01,2018-01-29,1
1978,FC Wohlen,FC Wohlen,transfers,False,True,False,False,2016-07-02,2017-06-30,1
1991,Gwarek Zabrze,Gwarek Zabrze,transfers,False,True,False,False,2014-07-01,2016-07-01,1
2029,Ceará Sporting Club,Ceará SC | Ceará Sporting Club,clubs | games | transfers,True,True,True,False,2016-01-28,2026-12-31,2
2035,Avaí FC,Avaí FC,transfers,False,True,False,False,2015-08-01,2026-12-31,1
2036,1. Fußballclub Heidenheim 1846,1. Fußballclub Heidenheim 1846 | Heidenheim,clubs | games | transfers,True,True,True,False,2012-08-18,2026-07-01,2
2038,Sogndal,Sogndal,transfers,False,True,False,False,2018-02-03,2026-02-20,1
2047,AC Bellinzona,AC Bellinzona,transfers,False,True,False,False,2005-07-01,2024-07-15,1
2049,KF Tirana,KF Tirana,games | transfers,False,True,True,False,2012-01-01,2024-07-18,1
2063,Club Atlético Huracán,Club Atlético Huracán | Huracán,clubs | games | transfers,True,True,True,False,2012-10-18,2026-05-03,2
2067,US Créteil-L,US Créteil-L,transfers,False,True,False,False,2015-07-01,2020-06-30,1
2068,Raja Club Athletic,Raja Casablanca | Raja Club Athletic,games | transfers,False,True,True,False,2013-12-11,2026-01-07,2
2077,Ban,Ban,transfers,False,True,False,False,2011-01-01,2026-02-13,1
2079,Veria NPS,PAE Veria | Veria NPS,clubs | games | transfers,True,True,True,False,2012-08-26,2022-10-19,2
2085,FV Engers 07,FV Engers 07,games,False,False,True,False,2020-09-12,2025-08-17,1
2113,Career break,Career break,transfers,False,True,False,False,2015-07-01,2026-07-01,1
2118,Wisla Plock,Wisla Plock,clubs | games | transfers,True,True,True,False,2015-01-29,2026-05-23,1
2125,Esporte Clube Vitória,EC Vitória | Esporte Clube Vitória,clubs | games | transfers,True,True,True,False,2021-05-11,2026-05-31,2
2137,Rakovnik,Rakovnik,transfers,False,True,False,False,2019-09-20,2022-08-31,1
2150,Al-Ain FC,Al-Ain | Al-Ain FC,games | transfers,False,True,True,False,2018-12-12,2025-07-01,2
2154,Chacarita Jrs.,Chacarita Jrs.,transfers,False,True,False,False,2010-07-01,2026-01-13,1
2156,AEK Larnaca,AEK Larnaca,games | transfers,False,True,True,False,2015-07-30,2026-03-19,1
2157,FC Blau-Weiss Linz,FC Blau-Weiss Linz,clubs | games,True,False,True,False,2024-08-04,2026-05-16,1
2162,SC Hauenstein,SC Hauenstein,games,False,False,True,False,2016-08-21,2016-08-21,1
2180,La Louviere,La Louviere,transfers,False,True,False,False,2005-08-15,2005-12-31,1
2209,Borac Cacak,Borac Cacak,transfers,False,True,False,False,2008-01-01,2009-07-01,1
2227,SK Tavriya Simferopol ( - 2022),SK Tavriya | SK Tavriya Simferopol ( - 2022),clubs | games | transfers,True,True,True,False,2008-02-01,2021-09-22,2
2230,CS Grevenmacher,CS Grevenmacher,games,False,False,True,False,2012-07-05,2012-07-10,1
2231,FC Lustenau,FC Lustenau,transfers,False,True,False,False,2010-07-13,2010-12-01,1
2239,US Cremonese,Cremonese | US Cremonese,clubs | games | transfers,True,True,True,False,2007-07-12,2026-05-24,2
2241,Kashima Antlers FC,Kashima Antlers FC,clubs | games,True,False,True,False,2016-12-08,2025-11-08,1
2250,AC Prato,AC Prato,games,False,False,True,False,2014-08-10,2014-08-10,1
2251,Treviso,Treviso | Treviso FBC 1993,games | transfers,False,True,True,False,2007-07-01,2012-08-05,2
2253,SEF Torres 1903,SEF Torres 1903,games,False,False,True,False,2024-08-03,2024-08-03,1
2259,Lokomotiv Plovdiv,Loko Plovdiv | Lokomotiv Plovdiv,games | transfers,False,True,True,False,2012-07-19,2024-01-30,2
2262,Plymouth Argyle,Plymouth | Plymouth Argyle,games | transfers,False,True,True,False,2010-07-01,2025-11-01,2
2274,Burgenland U18,Burgenland U18,transfers,False,True,False,False,2011-07-01,2012-07-01,1
2275,Turun Palloseura,Turun Palloseura,games,False,False,True,False,2013-07-04,2013-07-09,1
2282,Club Brugge KV,Club Brugge | Club Brugge KV,clubs | games | transfers,True,True,True,False,2011-07-01,2026-05-24,2
2288,Swansea City,Swansea | Swansea City,clubs | games | transfers,True,True,True,False,2012-01-02,2026-06-30,2
2292,Elazigspor,Elazigspor,clubs | games | transfers,True,True,True,False,2012-08-18,2025-07-22,1
2293,Konyaspor,Konyaspor,clubs | games | transfers,True,True,True,False,2011-01-05,2026-06-30,1
2294,Landskrona,Landskrona,transfers,False,True,False,False,2017-01-08,2019-01-12,1
2296,CD Numancia,CD Numancia,games | transfers,False,True,True,False,2012-09-11,2025-12-02,1
2300,Jagiellonia Bialystok,Jagiellonia | Jagiellonia Bialystok,clubs | games | transfers,True,True,True,False,2015-07-02,2026-05-23,2
2303,Cape Town City,Cape Town City,transfers,False,True,False,False,2025-08-06,2025-08-06,1
2311,"SK Sigma Olomouc, a.s.","SK Sigma Olomouc, a.s.",clubs | games,True,False,True,False,2018-08-09,2026-04-25,1
2318,Kusadasispor,Kusadasispor,transfers,False,True,False,False,2024-01-31,2024-01-31,1
2319,Inegölspor,Inegölspor,transfers,False,True,False,False,2023-08-23,2025-06-30,1
2321,KMSK Deinze,KMSK Deinze,transfers,False,True,False,False,2017-07-10,2024-07-01,1
2323,Orduspor,Orduspor,clubs | games | transfers,True,True,True,False,2010-08-16,2018-02-09,1
2330,Karsiyaka,Karsiyaka,transfers,False,True,False,False,2015-07-24,2026-06-30,1
2331,AS Avellino 1912,AS Avellino | AS Avellino 1912 | Avellino,games | transfers,False,True,True,False,2012-01-31,2026-06-30,3
2350,Millonarios FC,Millonarios | Millonarios FC,clubs | games | transfers,True,True,True,False,2016-01-01,2025-11-13,2
2352,CD América de Cali,CD América | CD América de Cali,clubs | games | transfers,True,True,True,False,2024-07-01,2025-11-14,2
2362,Slaven Belupo Koprivnica,Slaven Belupo | Slaven Belupo Koprivnica,clubs | games | transfers,True,True,True,False,2011-07-08,2026-05-22,2
2364,First Vienna FC,First Vienna FC,transfers,False,True,False,False,2025-01-23,2026-01-30,1
2366,Spfr. Siegen II,Spfr. Siegen II,transfers,False,True,False,False,2010-07-01,2011-07-01,1
2371,K'lautern U19,K'lautern U19,transfers,False,True,False,False,2006-07-01,2013-07-01,1
2374,Shinnik Yaroslavl,Shinnik | Shinnik Yaroslav | Shinnik Yaroslavl,games | transfers,False,True,True,False,2009-01-01,2026-06-30,3
2375,Altay SK,Altay SK,clubs | games | transfers,True,True,True,False,2007-07-01,2024-07-01,1
2376,Aydinspor 1923,Aydinspor 1923,transfers,False,True,False,False,2016-08-26,2017-08-03,1
2381,Sivasspor,Sivasspor,clubs | games | transfers,True,True,True,False,2010-09-01,2026-06-30,1
2394,SV Kapfenberg,SV Kapfenberg,transfers,False,True,False,False,2017-07-18,2026-06-30,1
2395,SC YF Juventus,SC YF Juventus,transfers,False,True,False,False,2022-08-25,2023-01-18,1
2402,Club Social y Deportivo Defensa y Justicia,Club Social y Deportivo Defensa y Justicia | Defensa,clubs | games | transfers,True,True,True,False,2022-01-01,2026-05-04,2
2403,Wanderers,Wanderers,transfers,False,True,False,False,2011-07-01,2021-12-01,1
2407,CF Monterrey,CF Monterrey | Monterrey,clubs | games | transfers,True,True,True,False,2012-12-09,2026-04-27,2
2410,PFK CSKA Moskva,CSKA Moscow | PFK CSKA Moskva,clubs | games | transfers,True,True,True,False,2007-01-01,2026-05-17,2
2413,Bury FC,Bury | Bury FC,games | transfers,False,True,True,False,2008-02-01,2025-10-10,2
2414,AC Horsens,AC Horsens,clubs | games | transfers,True,True,True,False,2008-07-01,2025-09-18,1
2417,Club Atlético Belgrano,Belgrano | Club Atlético Belgrano,clubs | games | transfers,True,True,True,False,2019-07-10,2026-05-03,2
2419,River Plate,River Plate,transfers,False,True,False,False,2012-01-01,2026-01-06,1
2420,Vitória Guimarães SC,Vit. Guimarães | Vitória Guimarães SC,clubs | games | transfers,True,True,True,False,2010-07-01,2026-06-30,2
2421,Freamunde,Freamunde | SC Freamunde,games | transfers,False,True,True,False,2010-07-02,2016-07-31,2
2423,CD Santa Clara,CD Santa Clara | Santa Clara,clubs | games | transfers,True,True,True,False,2012-07-29,2026-12-31,2
2424,Gil Vicente FC,Gil Vicente | Gil Vicente FC,clubs | games | transfers,True,True,True,False,2009-07-01,2026-05-16,2
2425,Rio Ave FC,Rio Ave | Rio Ave FC,clubs | games | transfers,True,True,True,False,2006-01-01,2026-06-30,2
2431,CF Estrela Amadora,CF Estrela | CF Estrela Amadora | Estrela Amadora,clubs | games | transfers,True,True,True,False,2007-08-01,2026-06-30,3
2432,Torreense,SC União Torreense | Torreense,games | transfers,False,True,True,False,2012-07-01,2026-06-30,2
2433,Colo-Colo,Colo-Colo,transfers,False,True,False,False,2003-01-01,2025-01-22,1
2434,Salgueiros,Salgueiros,transfers,False,True,False,False,2016-07-01,2017-07-01,1
2436,Macclesfield,Macclesfield | Macclesfield Town FC,games | transfers,False,True,True,False,2006-11-22,2020-01-31,2
2439,Kuban Krasnodar (-2018),Kuban Krasnodar | Kuban Krasnodar (-2018),clubs | games | transfers,True,True,True,False,2011-07-01,2018-07-01,2
2440,D.C. United,D.C. United,clubs | games | transfers,True,True,True,False,2016-05-11,2026-05-24,1
2441,Athlitiki Enosi Konstantinoupoleos,AEK Athens | Athlitiki Enosi Konstantinoupoleos,clubs | games | transfers,True,True,True,False,2005-07-01,2026-06-30,2
2442,B. Gladbach 09,B. Gladbach 09,transfers,False,True,False,False,2019-07-01,2021-07-14,1
2444,FC Wacker,FC Wacker,transfers,False,True,False,False,2013-09-02,2022-04-27,1
2446,WSG Tirol,WSG Tirol,clubs | games | transfers,True,True,True,False,2020-08-20,2026-05-16,1
2448,Sporting Gijón,Sporting Gijón,clubs | games | transfers,True,True,True,False,2011-01-12,2025-12-16,1
2451,Inverness Caledonian Thistle FC,Inverness CT | Inverness Caledonian Thistle FC,clubs | games | transfers,True,True,True,False,2009-07-22,2026-05-31,2
2454,Doncaster Rovers,Doncaster | Doncaster Rovers,games | transfers,False,True,True,False,2012-11-03,2026-01-10,2
2455,Bristol Rovers,Bristol Rovers,games | transfers,False,True,True,False,2012-03-01,2026-01-16,1
2457,B SAD,B SAD,clubs | games | transfers,True,True,True,False,2018-07-01,2023-08-05,1
2459,Tirsense,Tirsense,transfers,False,True,False,False,2012-07-01,2026-01-21,1
2462,Fluminense Football Club,Fluminense | Fluminense Football Club,clubs | games | transfers,True,True,True,False,2007-01-01,2026-06-01,2
2463,Sakaryaspor,Sakaryaspor,transfers,False,True,False,False,2009-01-09,2026-06-30,1
2464,Barcelona B,Barcelona B | Barça Atlètic,transfers,False,True,False,False,1999-07-01,2024-06-30,2
2470,Barça U19,Barça U19,transfers,False,True,False,False,1998-07-01,2024-01-01,1
2477,Karpaty Lviv (-2021),Karpaty | Karpaty Lviv | Karpaty Lviv (-2021),clubs | games | transfers,True,True,True,False,2007-01-01,2020-10-16,3
2481,FC Sheriff Tiraspol,FC Sheriff | FC Sheriff Tiraspol,games | transfers,False,True,True,False,2012-07-17,2026-06-30,2
2486,St. Pauli U19,St. Pauli U19,transfers,False,True,False,False,2017-07-01,2024-07-01,1
2491,W. Bremen U19,W. Bremen U19,transfers,False,True,False,False,2004-07-01,2023-07-01,1
2497,Real Oviedo,Real Oviedo,clubs | games | transfers,True,True,True,False,2010-07-01,2026-05-23,1
2498,Noble Arrics,Noble Arrics,transfers,False,True,False,False,2017-01-01,2017-01-01,1
2502,CD Castellón,CD Castellón | Castellón,games | transfers,False,True,True,False,2015-09-02,2026-06-30,2
2503,Boavista FC,Boavista | Boavista FC,clubs | games | transfers,True,True,True,False,2007-07-01,2026-06-30,2
2509,Hamburg U19,HSV U19 | Hamburg U19,transfers,False,True,False,False,2006-07-01,2020-01-01,2
2510,TSV 1860 U19,TSV 1860 U19,transfers,False,True,False,False,2003-07-01,2016-07-01,1
2517,Stuttgart U19,Stuttgart U19,transfers,False,True,False,False,2009-07-01,2024-07-01,1
2521,FC Alverca,Alverca | FC Alverca,clubs | games | transfers,True,True,True,False,2022-07-01,2026-05-16,2
2524,Al-Jazira Club,Al-Jazira | Al-Jazira Club,games | transfers,False,True,True,False,2017-12-06,2023-01-23,2
2531,Botev Plovdiv,Botev Plovdiv,games | transfers,False,True,True,False,2013-07-04,2025-07-09,1
2538,TSV Sasel,TSV Sasel,transfers,False,True,False,False,2017-07-26,2018-07-20,1
2540,VfV 06 Hildesheim,VfV 06 Hildesheim,games,False,False,True,False,2024-08-18,2024-08-18,1
2553,Kilmarnock FC,Kilmarnock FC,clubs | games | transfers,True,True,True,False,2012-08-04,2026-04-11,1
2566,NK Zadar,NK Zadar,transfers,False,True,False,False,2014-01-27,2014-07-01,1
2573,FK Zeljeznicar Sarajevo,FK Zeljeznicar Sarajevo | Zeljeznicar,games | transfers,False,True,True,False,2005-07-01,2025-09-03,2
2575,Clyde FC,Clyde FC,games | transfers,False,True,True,False,2009-11-01,2025-10-25,1
2577,Hartlepool United,Hartlepool | Hartlepool United,games | transfers,False,True,True,False,2011-07-01,2024-01-08,2
2578,St. Johnstone FC,St. Johnstone | St. Johnstone FC,clubs | games | transfers,True,True,True,False,2006-12-01,2026-05-31,2
2580,FC Istres,FC Istres | Istres FC,transfers,False,True,False,False,2010-07-01,2022-07-01,2
2581,Mantova,Mantova | Mantova 1911,games | transfers,False,True,True,False,2007-08-01,2026-06-30,2
2589,Sonnenhof-Gr.,SG Sonnenhof Großaspach | Sonnenhof-Gr.,games | transfers,False,True,True,False,2012-08-17,2026-07-01,2
2593,MSP Szamotuly,MSP Szamotuly,transfers,False,True,False,False,2006-01-01,2007-09-01,1
2598,Pribram,Pribram,transfers,False,True,False,False,2014-09-23,2016-01-01,1
2612,Gr. Fürth U19,Gr. Fürth U19,transfers,False,True,False,False,2017-07-01,2021-07-01,1
2613,Nürnberg U19,Nürnberg U19,transfers,False,True,False,False,2012-07-01,2022-07-01,1
2619,Defensor SC,Defensor SC,transfers,False,True,False,False,2006-07-01,2017-07-01,1
2639,Leiria,Leiria | União de Leiria,games | transfers,False,True,True,False,2014-09-11,2026-06-30,2
2643,ZFC Meuselwitz,ZFC Meuselwitz,games,False,False,True,False,2025-08-17,2025-08-17,1
2646,Náutico,Náutico,transfers,False,True,False,False,2010-03-01,2021-02-01,1
2652,SV Falkensee/Finkenkrug,SV Falkensee/Finkenkrug,games,False,False,True,False,2012-08-18,2012-08-18,1
2655,LR Vicenza,LR Vicenza | Vicenza,games | transfers,False,True,True,False,2011-01-01,2025-08-15,2
2662,SKN St. Pölten,SKN St. Pölten,games | transfers,False,True,True,False,2014-07-17,2023-06-30,1
2669,FS Kozani,FS Kozani,games,False,False,True,False,2021-08-28,2023-09-27,1
2670,Ethnikos Piraeus,Ethn. Piraeus | Ethnikos Piraeus,games | transfers,False,True,True,False,2011-01-01,2024-09-25,2
2671,PAS Giannina,PAS Giannina,clubs | games | transfers,True,True,True,False,2011-01-01,2026-06-30,1
2672,APO Levadiakos Football Club,APO Levadiakos | APO Levadiakos Football Club,clubs | games | transfers,True,True,True,False,2012-08-25,2026-03-22,2
2674,Proleter Zrenj.,Proleter Zrenj.,transfers,False,True,False,False,2004-07-01,2006-07-01,1
2675,Proodeftiki Neolea,Proodeftiki Neolea,games,False,False,True,False,2012-10-24,2022-09-28,1
2679,Ethnikos Sidirokastrou,Ethnikos Sidirokastrou,games,False,False,True,False,2012-10-24,2012-10-31,1
2687,Cádiz CF,Cádiz CF,clubs | games | transfers,True,True,True,False,2009-07-08,2025-12-03,1
2688,Myllykosken Pallo -47,Myllykosken Pallo -47,games,False,False,True,False,2012-07-05,2014-07-24,1
2692,Egersund,Egersund,transfers,False,True,False,False,2014-08-01,2015-01-01,1
2696,PFK Krylya Sovetov Samara,KS Samara | PFK Krylya Sovetov Samara,clubs | games | transfers,True,True,True,False,2012-01-01,2026-05-17,2
2697,Sanfrecce Hiroshima,Sanfrecce Hiroshima,clubs | games,True,False,True,False,2012-12-06,2025-11-30,1
2698,FC Rubin Kazan,FC Rubin Kazan | Rubin Kazan,clubs | games | transfers,True,True,True,False,2007-02-28,2026-12-31,2
2700,Anzhi Makhachkala ( -2022),Anzhi | Anzhi Makhachkala ( -2022),clubs | games | transfers,True,True,True,False,2010-08-05,2021-08-12,2
2703,Spartak Vladikavkaz (-2020),Alania | Spartak V. | Spartak Vladikavkaz (-2020),clubs | games | transfers,True,True,True,False,2011-01-19,2021-02-25,3
2705,Lada Togliatti,Lada Togliatti,games | transfers,False,True,True,False,2012-07-15,2024-08-21,1
2711,De Volewijckers,De Volewijckers,transfers,False,True,False,False,2020-07-01,2021-07-01,1
2712,Nyva Ternopil,Nyva Ternopil,games | transfers,False,True,True,False,2007-07-01,2026-02-27,1
2713,Akademica M.,Akademica M.,transfers,False,True,False,False,2007-01-01,2007-01-01,1
2714,FC Zimbru Chisinau,FC Zimbru Chisinau | Zimbru Chisinau,games | transfers,False,True,True,False,2012-07-05,2026-02-01,2
2715,RFC Seraing,RFC Seraing | Seraing United,clubs | games | transfers,True,True,True,False,2014-07-01,2025-08-20,2
2719,Mjällby Almänna Idrottsförening,Mjällby AIF | Mjällby Almänna Idrottsförening,clubs | games | transfers,True,True,True,False,2016-08-19,2026-07-03,2
2721,US Alessandria Calcio 1912,Alessandria | US Alessandria Calcio 1912,games | transfers,False,True,True,False,2014-08-10,2024-01-10,2
2722,SPAL,SPAL,clubs | games | transfers,True,True,True,False,2015-08-02,2023-07-01,1
2725,CD Ourense,CD Ourense,games,False,False,True,False,2012-08-29,2012-09-12,1
2726,Paniliakos Pyrgos,Paniliakos | Paniliakos Pyrgos,games | transfers,False,True,True,False,2012-07-01,2014-09-14,2
2727,Oud-Heverlee Leuven,OH Leuven | Oud-Heverlee Leuven,clubs | games | transfers,True,True,True,False,2011-08-01,2026-05-23,2
2734,FBC Melgar,FBC Melgar,transfers,False,True,False,False,2016-07-04,2018-01-18,1
2737,Leon Saturn Ramenskoe,Leon Saturn Ramenskoe | Saturn | Saturn Ramenskoe,games | transfers,False,True,True,False,2014-07-08,2025-09-29,3
2740,Vorskla Poltava,Vorskla Poltava,clubs | games | transfers,True,True,True,False,2007-07-01,2026-01-01,1
2741,FK Baltika,Baltika | FK Baltika,clubs | games | transfers,True,True,True,False,2009-08-31,2026-05-17,2
2742,Obolon Kyiv,Obolon Kyiv | Obolon Kyiv (-2012),games | transfers,False,True,True,False,2009-07-01,2013-02-27,2
2744,CSKA Kyiv,CSKA Kyiv,transfers,False,True,False,False,2007-01-01,2008-07-01,1
2745,Pol. Warsaw,Pol. Warsaw,transfers,False,True,False,False,2025-07-15,2026-06-30,1
2750,Bucaspor,Bucaspor,transfers,False,True,False,False,2013-09-06,2019-08-05,1
2751,Gölcükspor,Gölcükspor,transfers,False,True,False,False,2012-08-16,2020-09-11,1
2758,Duisburg U19,Duisburg U19,transfers,False,True,False,False,2013-07-01,2015-07-01,1
2759,Ross County FC,Ross County | Ross County FC,clubs | games | transfers,True,True,True,False,2009-07-01,2026-05-31,2
2760,Partick Thistle FC,Partick Thistle | Partick Thistle FC,clubs | games | transfers,True,True,True,False,2012-11-03,2026-03-08,2
2761,FK Haugesund,FK Haugesund | Haugesund,clubs | games | transfers,True,True,True,False,2014-07-03,2025-11-30,2
2773,1.FC Phönix Lübeck,1.FC Phönix Lübeck,games,False,False,True,False,2024-08-17,2024-08-17,1
2778,FC Nordsjaelland,FC Nordsjaelland | Nordsjaelland,clubs | games | transfers,True,True,True,False,2009-08-01,2026-03-01,2
2781,FC Petrzalka,FC Petrzalka,transfers,False,True,False,False,2022-08-05,2026-06-30,1
2782,JFK Ventspils,JFK Ventspils,games | transfers,False,True,True,False,2012-07-18,2021-07-04,1
2783,Metalurg Donetsk (- 2015),Metalurg D. | Metalurg Donetsk (- 2015),clubs | games | transfers,True,True,True,False,2011-01-01,2015-07-17,2
2784,APOEL Nicosia,APOEL Nicosia,games | transfers,False,True,True,False,2012-07-19,2025-08-18,1
2785,Hapoel Ramat Gan,Hapoel Ramat Gan,games,False,False,True,False,2013-08-01,2013-08-08,1
2790,FC Lugano,FC Lugano,clubs | games | transfers,True,True,True,False,2015-07-10,2026-05-17,1
2793,Southend United,Southend United,games | transfers,False,True,True,False,2012-08-17,2025-11-01,1
2794,Havant & Waterlooville FC,Havant & Waterlooville FC,games,False,False,True,False,2014-11-10,2021-11-06,1
2795,Raith Rovers FC,Raith Rovers | Raith Rovers FC,games | transfers,False,True,True,False,2011-07-01,2026-05-31,2
2796,Woking,Woking | Woking FC,games | transfers,False,True,True,False,2007-08-26,2024-11-02,2
2797,Ebbsfleet United,Ebbsfleet | Ebbsfleet United,games | transfers,False,True,True,False,2012-11-03,2025-11-01,2
2801,Berwick Rangers FC,Berwick Rangers | Berwick Rangers FC,games | transfers,False,True,True,False,2012-09-29,2025-09-27,2
2802,Airdrieonians FC,Airdrie United | Airdrieonians | Airdrieonians FC,games | transfers,False,True,True,False,2010-07-01,2026-02-06,3
2804,Barnet FC,Barnet | Barnet FC,games | transfers,False,True,True,False,2009-11-01,2025-11-01,2
2805,Wycombe Wanderers,Wycombe | Wycombe Wanderers,games | transfers,False,True,True,False,2005-10-06,2025-12-06,2
2814,Gillingham FC,Gillingham | Gillingham FC,games | transfers,False,True,True,False,2006-08-01,2025-11-01,2
2815,Flevo Boys Emmeloord,Flevo Boys Emmeloord,games,False,False,True,False,2014-08-27,2020-10-06,1
2817,Strømsgodset IF,Strømsgodset | Strømsgodset IF,clubs | games | transfers,True,True,True,False,2013-07-18,2025-11-30,2
2821,FC Lisse,FC Lisse,games | transfers,False,True,True,False,2012-08-22,2025-10-29,1
2823,Alcmaria,Alcmaria,transfers,False,True,False,False,2024-07-01,2024-07-01,1
2824,Ajax U19,Ajax U19,transfers,False,True,False,False,2002-07-01,2020-07-01,1
2826,SC Feyenoord Rotterdam,SC Feyenoord Rotterdam,games,False,False,True,False,2014-08-27,2015-09-22,1
2827,Hertha BSC U19,Hertha BSC U19,transfers,False,True,False,False,2005-07-01,2023-07-01,1
2829,Marco 09,Marco 09,transfers,False,True,False,False,2025-09-03,2026-06-30,1
2832,Gaziantep FK,Gaziantep BB | Gaziantep FK | Gazisehir,clubs | games | transfers,True,True,True,False,2016-01-20,2026-05-16,3
2838,AFC Amsterdam,AFC Amsterdam,games | transfers,False,True,True,False,2008-07-01,2025-12-16,1
2843,GIF Sundsvall,GIF Sundsvall,transfers,False,True,False,False,2013-01-01,2018-01-01,1
2844,IFK Norrköping,IFK Norrköping | Norrköping,clubs | games | transfers,True,True,True,False,2012-01-01,2025-11-09,2
2848,RKHVV Huissen,RKHVV Huissen,games,False,False,True,False,2012-08-22,2012-08-22,1
2855,SD Compostela,SD Compostela,games | transfers,False,True,True,False,2014-08-13,2024-10-29,1
2861,KV Oostende,KV Oostende,clubs | games | transfers,True,True,True,False,2012-07-01,2024-07-29,1
2862,Feyenoord U19,Feyenoord U19,transfers,False,True,False,False,2005-07-01,2020-07-01,1
2863,América-MG,América-MG,transfers,False,True,False,False,2016-01-01,2024-09-25,1
2865,Betis Deportivo,Betis B | Betis Deportivo,transfers,False,True,False,False,2012-07-01,2026-02-01,2
2867,Recreativo Huelva,Recr. Huelva | Recreativo Huelva,games | transfers,False,True,True,False,2012-07-01,2024-06-30,2
2868,Real Madrid C,Real Madrid C,transfers,False,True,False,False,2005-07-01,2014-07-01,1
2870,VV Smitshoek Barendrecht,VV Smitshoek Barendrecht,games,False,False,True,False,2013-09-25,2024-09-03,1
2871,Real de Banjul,Real de Banjul,transfers,False,True,False,False,2012-01-01,2024-03-08,1
2873,,,games,False,False,True,False,2020-08-29,2020-08-29,0
2878,SV Huizen,Huizen | SV Huizen,games | transfers,False,True,True,False,2006-01-01,2025-09-03,2
2879,Be Quick 1887,Be Quick 1887,games,False,False,True,False,2013-08-28,2017-08-23,1
2890,SR Donaufeld,SR Donaufeld,transfers,False,True,False,False,2011-09-01,2013-07-15,1
2919,AC Monza,AC Monza | Monza,clubs | games | transfers,True,True,True,False,2013-08-04,2026-06-30,2
2921,Delfino Pescara 1936,Delfino Pescara 1936 | Pescara,clubs | games | transfers,True,True,True,False,2011-07-08,2026-06-30,2
2922,CD Onda,CD Onda,transfers,False,True,False,False,2009-08-01,2010-06-30,1
2923,CD Badajoz,CD Badajoz,games | transfers,False,True,True,False,2019-07-18,2021-11-30,1
2925,FC Lahti,FC Lahti,games,False,False,True,False,2015-07-02,2018-07-19,1
2929,CD Toledo,CD Toledo,games | transfers,False,True,True,False,2013-09-04,2025-10-28,1
2936,Africa Sports,Africa Sports,transfers,False,True,False,False,2010-01-01,2012-07-01,1
2944,Ankaraspor,Ankaraspor | Osmanlispor | Osmanlispor FK,clubs | games | transfers,True,True,True,False,2014-07-16,2020-09-08,3
2945,OJC Rosmalen,OJC Rosmalen,games,False,False,True,False,2013-08-28,2024-10-30,1
2950,FC Samtredia,FC Samtredia,games | transfers,False,True,True,False,2016-06-30,2023-07-24,1
2958,ACV Assen,ACV | ACV Assen,games | transfers,False,True,True,False,2015-08-26,2026-01-20,2
2962,Altrincham FC,Altrincham | Altrincham FC,games | transfers,False,True,True,False,2012-11-04,2025-11-01,2
2963,Burton Albion,Burton Albion,games | transfers,False,True,True,False,2010-01-01,2026-02-14,1
2964,Scunthorpe Utd.,Scunthorpe United | Scunthorpe Utd.,games | transfers,False,True,True,False,2007-08-01,2026-01-15,2
2967,Besançon RC,Besançon RC,transfers,False,True,False,False,2011-07-20,2012-06-30,1
2968,Lib.-St.-Seurin,Lib.-St.-Seurin,transfers,False,True,False,False,2004-07-01,2006-07-01,1
2969,Dijon FCO,Dijon | Dijon FCO,clubs | games | transfers,True,True,True,False,2010-07-01,2024-07-01,2
2972,Bourg-en-Bresse,Bourg-Péronnas | Bourg-en-Bresse,transfers,False,True,False,False,2014-09-08,2026-06-30,2
2974,Francs Borains,Boussu Dour | Francs Borains,transfers,False,True,False,False,2014-01-15,2025-09-08,2
2976,Hapoel Beer Sheva,H. Beer Sheva | Hapoel Beer Sheva,games | transfers,False,True,True,False,2014-07-17,2025-07-31,2
2977,KSV Roeselare,KSV Roeselare,transfers,False,True,False,False,2011-01-01,2020-10-06,1
2984,Egaleo FC,AO Egaleo | Egaleo FC,games | transfers,False,True,True,False,2007-07-01,2025-12-02,2
2987,Motherwell FC U20,Motherwell FC U20,transfers,False,True,False,False,2015-07-01,2018-07-01,1
2990,Académica Coimbra,Académica Coimbra | Coimbra,clubs | games | transfers,True,True,True,False,2011-01-01,2026-06-30,2
2995,FC Paços de Ferreira,FC Paços de Ferreira | Paços Ferreira,clubs | games | transfers,True,True,True,False,2009-07-01,2025-02-03,2
2996,Incheon United Football Club,Incheon United Football Club | Incheon Utd.,clubs | games | transfers,True,True,True,False,2012-07-20,2026-07-05,2
2999,Hamilton Academical FC,Hamilton Acad. | Hamilton Academical FC,clubs | games | transfers,True,True,True,False,2006-07-01,2026-01-15,2
3000,East Stirlingshire FC,East Stirling | East Stirlingshire FC,games | transfers,False,True,True,False,2012-08-17,2025-10-25,2
3001,Queen of the South FC,Queen o. t. S. | Queen of the South FC,games | transfers,False,True,True,False,2011-07-01,2026-05-31,2
3008,Hull City,Hull City,clubs | games | transfers,True,True,True,False,2010-10-18,2026-06-30,1
3012,Stenhousemuir FC,Stenhousemuir | Stenhousemuir FC,games | transfers,False,True,True,False,2011-03-01,2026-02-08,2
3013,Hutchison Vale BC,Hutchison Vale BC,transfers,False,True,False,False,2021-07-01,2021-07-01,1
3014,Albion Rovers FC,Albion Rovers | Albion Rovers FC,games | transfers,False,True,True,False,2012-11-03,2025-09-27,2
3015,Annan Athletic FC,Annan Athletic | Annan Athletic FC,games | transfers,False,True,True,False,2012-09-29,2026-01-16,2
3016,Forfar Athletic FC,Forfar Athletic | Forfar Athletic FC,games | transfers,False,True,True,False,2012-11-03,2026-05-31,2
3020,Alloa Athletic FC,Alloa Athletic | Alloa Athletic FC,games | transfers,False,True,True,False,2012-11-03,2025-11-29,2
3021,Arbroath FC,Arbroath | Arbroath FC,games | transfers,False,True,True,False,2010-01-01,2026-01-26,2
3023,Dumbarton FC,Dumbarton | Dumbarton FC,games | transfers,False,True,True,False,2011-03-01,2026-01-24,2
3024,East Fife FC,East Fife | East Fife FC,games | transfers,False,True,True,False,2012-11-03,2025-11-29,2
3026,Greenock Morton FC,Greenock Morton FC | Morton,games | transfers,False,True,True,False,2012-11-03,2026-01-17,2
3027,Cowdenbeath FC,Cowdenbeath | Cowdenbeath FC,games | transfers,False,True,True,False,2010-07-01,2026-05-31,2
3028,Elgin City FC,Elgin City | Elgin City FC,games | transfers,False,True,True,False,2012-09-29,2026-05-31,2
3030,Montrose FC,Montrose | Montrose FC,games | transfers,False,True,True,False,2012-09-29,2026-05-31,2
3031,Queen's Park FC,Queen's Park | Queen's Park FC,games | transfers,False,True,True,False,2008-07-01,2026-02-08,2
3032,Peterhead FC,Peterhead | Peterhead FC,games | transfers,False,True,True,False,2009-09-01,2025-11-29,2
3033,Stirling Albion FC,Stirling Albion | Stirling Albion FC,games | transfers,False,True,True,False,2008-01-01,2025-11-29,2
3034,Stranraer FC,Stranraer | Stranraer FC,games | transfers,False,True,True,False,2005-01-01,2026-01-20,2
3037,Padova,Calcio Padova | Padova,games | transfers,False,True,True,False,2010-02-01,2026-06-30,2
3038,Anderlecht U19,Anderlecht U19,transfers,False,True,False,False,2005-07-01,2017-07-01,1
3039,IFK Eskilstuna,IFK Eskilstuna,transfers,False,True,False,False,2020-02-19,2020-07-01,1
3046,Aberdeen FC U20,Aberdeen FC U20,transfers,False,True,False,False,2004-07-01,2018-07-01,1
3052,Sutton United,Sutton United | Sutton Utd,games | transfers,False,True,True,False,2011-11-25,2025-12-06,2
3053,Northwich Victoria,Northwich Victoria,games,False,False,True,False,2015-11-07,2015-12-05,1
3054,Shrewsbury,Shrewsbury | Shrewsbury Town,games | transfers,False,True,True,False,2003-01-01,2026-05-31,2
3055,Basingstoke Town,Basingstoke | Basingstoke Town,games | transfers,False,True,True,False,2011-11-24,2015-11-07,2
3057,Standard Liège,Standard Liège,clubs | games | transfers,True,True,True,False,2009-01-01,2026-05-23,1
3060,APS Atromitos Athinon,APS Atromitos Athinon | Atromitos,clubs | games | transfers,True,True,True,False,2011-07-01,2026-03-22,2
3062,Athens Kallithea,Athens Kallithea | GS Kallithea | Kallithea,clubs | games | transfers,True,True,True,False,2012-10-25,2026-01-13,3
3064,Hereford Utd.,Hereford United (- 2014) | Hereford Utd.,games | transfers,False,True,True,False,2007-11-01,2013-11-10,2
3070,FK Sutjeska Niksic,FK Sutjeska Niksic | Sutjeska Niksic,games | transfers,False,True,True,False,2013-07-16,2026-01-12,2
3105,RCS Verviers,RCS Verviers,transfers,False,True,False,False,2015-07-01,2015-07-01,1
3135,AS Beauvais,AS Beauvais,transfers,False,True,False,False,2011-07-01,2014-07-01,1
3137,FK TSC Backa Topola,FK TSC | FK TSC Backa Topola,clubs | games | transfers,True,True,True,False,2020-07-01,2026-04-08,2
3146,Olym. Charleroi,Olym. Charleroi,transfers,False,True,False,False,2022-01-28,2025-08-07,1
3159,RFC Lüttich,RFC Lüttich,transfers,False,True,False,False,2006-07-01,2024-07-20,1
3161,Tours FC,Tours FC,transfers,False,True,False,False,2012-07-13,2019-01-30,1
3166,Pau FC,Pau FC,transfers,False,True,False,False,2017-07-01,2026-06-30,1
3173,Van Spor FK,Belediye Vanspor | Van BBSK | Van Spor FK,transfers,False,True,False,False,2011-08-21,2026-02-03,3
3176,BJ Guoan,BJ Guoan,transfers,False,True,False,False,2018-02-19,2024-01-11,1
3183,SH Shenhua,SH Shenhua,transfers,False,True,False,False,2024-01-28,2026-06-30,1
3187,TJ Jinmen Tiger,TJ Jinmen Tiger,transfers,False,True,False,False,2021-07-24,2022-04-01,1
3189,Ilves Tampere,Ilves | Ilves Tampere,games | transfers,False,True,True,False,2018-07-12,2025-07-31,2
3194,Brechin City FC,Brechin City | Brechin City FC,games | transfers,False,True,True,False,2010-07-01,2026-01-04,2
3197,Goiás,Goiás,transfers,False,True,False,False,2014-01-24,2026-01-17,1
3205,Kayserispor,Kayserispor,clubs | games | transfers,True,True,True,False,2010-01-12,2026-05-17,1
3207,Boluspor,Boluspor,transfers,False,True,False,False,2008-08-21,2025-08-18,1
3208,Alibeyköy,Alibeyköy,transfers,False,True,False,False,2018-07-20,2019-07-10,1
3209,Pendikspor,Pendikspor,clubs | games | transfers,True,True,True,False,2009-07-01,2026-06-30,1
3211,Batman Petrol,Batman Petrol,transfers,False,True,False,False,2020-01-08,2026-06-30,1
3212,Maltepespor,Maltepespor,transfers,False,True,False,False,2004-08-31,2007-08-24,1
3216,Mersin Talimyurdu SK,Mersin IY | Mersin Talimyurdu SK,clubs | games | transfers,True,True,True,False,2012-08-19,2018-08-31,2
3218,Merzifonspor,Merzifonspor,transfers,False,True,False,False,2019-02-01,2019-08-21,1
3225,Patro Eisden,Patro Eisden,transfers,False,True,False,False,2024-01-15,2025-08-25,1
3229,Al-Rayyan SC,Al-Rayyan | Al-Rayyan SC,transfers,False,True,False,False,2018-08-07,2024-07-30,2
3234,Tombense,Tombense,transfers,False,True,False,False,2013-01-01,2022-06-17,1
3237,KR Reykjavík,KR Reykjavík,games | transfers,False,True,True,False,2012-07-17,2025-08-13,1
3239,UE Lleida (- 2011),UE Lleida (- 2011),games,False,False,True,False,2014-09-10,2014-10-15,1
3243,KamAZ Naberezhnye Chelny,KamAZ | KamAZ Naberezhnye Chelny,games | transfers,False,True,True,False,2007-01-10,2026-02-18,2
3257,Witton Albion,Witton Albion,transfers,False,True,False,False,2022-03-16,2022-06-30,1
3258,Shamrock Rovers,Shamrock Rovers,games | transfers,False,True,True,False,2012-07-17,2026-02-07,1
3262,Germany,Germany,games | national_teams,False,False,True,True,2006-06-09,2026-06-25,1
3264,Machico,Machico,transfers,False,True,False,False,2019-07-01,2025-07-17,1
3265,Espinho,Espinho,transfers,False,True,False,False,2014-08-01,2019-07-01,1
3267,Leça,Leça,transfers,False,True,False,False,2009-08-01,2023-06-30,1
3268,Casa Pia AC,Casa Pia | Casa Pia AC,clubs | games | transfers,True,True,True,False,2007-07-01,2026-06-30,2
3269,Câmara Lobos,Câmara Lobos,transfers,False,True,False,False,2017-07-01,2018-07-01,1
3270,Betim EC,Betim EC | Ipatinga FC,transfers,False,True,False,False,2012-01-01,2013-01-01,2
3275,Lusitano Évora,Lusitano Évora,transfers,False,True,False,False,2025-07-25,2026-06-30,1
3277,U. Católica,U. Católica,transfers,False,True,False,False,2018-01-01,2022-07-11,1
3280,Confiança,Confiança,transfers,False,True,False,False,2016-02-29,2021-11-30,1
3282,MAS Fès,MAS Fès,transfers,False,True,False,False,2025-08-09,2025-08-20,1
3291,Gornik Leczna,Gornik Leczna,transfers,False,True,False,False,2026-01-26,2026-01-26,1
3297,Capivariano,Capivariano,transfers,False,True,False,False,2017-07-01,2025-12-01,1
3299,England,England,games | national_teams,False,False,True,True,2006-06-10,2026-06-27,1
3300,Portugal,Portugal,games | national_teams,False,False,True,True,2006-06-11,2026-06-28,1
3302,UD Almería,UD Almería,clubs | games | transfers,True,True,True,False,2007-07-01,2026-06-30,1
3308,Panelefsiniakos AO,Panelefsiniakos AO,games,False,False,True,False,2015-10-29,2022-10-20,1
3318,Racing CFF,RC Paris | Racing CFF,transfers,False,True,False,False,2011-07-01,2012-07-01,2
3319,Sampaio-MA,Sampaio-MA,transfers,False,True,False,False,2020-07-29,2023-07-06,1
3323,Gondomar,Gondomar,transfers,False,True,False,False,2004-07-01,2018-06-30,1
3325,GD Chaves,Chaves | GD Chaves,clubs | games | transfers,True,True,True,False,2011-07-01,2026-06-30,2
3326,Fafe,AD Fafe | Fafe,games | transfers,False,True,True,False,2011-08-01,2023-06-30,2
3327,FC Penafiel,FC Penafiel | Penafiel,clubs | games | transfers,True,True,True,False,2011-07-01,2026-01-08,2
3329,FC Famalicão,FC Famalicão | Famalicão,clubs | games | transfers,True,True,True,False,2015-09-23,2026-05-16,2
3330,Joinville-SC,Joinville-SC,transfers,False,True,False,False,2009-01-01,2021-05-31,1
3336,Desportivo Aves (- 2020),Desportivo Aves | Desportivo Aves (- 2020),clubs | games | transfers,True,True,True,False,2008-01-01,2020-08-06,2
3342,Esperance Tunis,Esperance | Esperance Tunis,games | transfers,False,True,True,False,2018-12-15,2025-06-25,2
3345,Leixões,Leixões | Leixões SC,games | transfers,False,True,True,False,2006-07-01,2026-06-30,2
3348,Trofense,CD Trofense | Trofense,games | transfers,False,True,True,False,2009-01-01,2024-06-30,2
3349,CD Feirense,CD Feirense | Feirense,clubs | games | transfers,True,True,True,False,2011-07-01,2026-06-30,2
3352,Louletano,Louletano,transfers,False,True,False,False,2009-07-01,2022-08-02,1
3368,Levante UD,Levante | Levante UD,clubs | games | transfers,True,True,True,False,2008-01-01,2026-05-23,2
3371,Cheltenham Town,Cheltenham | Cheltenham Town,games | transfers,False,True,True,False,2008-10-20,2026-01-10,2
3375,Spain,Spain,games | national_teams,False,False,True,True,2006-06-14,2026-06-27,1
3376,Italy,Italy,games | national_teams,False,False,True,True,2006-06-12,2024-06-29,1
3377,France,France,games | national_teams,False,False,True,True,2006-06-13,2026-06-26,1
3378,Greece,Greece,games | national_teams,False,False,True,True,2008-06-10,2014-06-29,1
3379,Netherlands,Netherlands,games | national_teams,False,False,True,True,2006-06-11,2026-06-26,1
3380,Scotland,Scotland,games | national_teams,False,False,True,True,2021-06-14,2026-06-24,1
3381,Turkiye,Turkiye | Türkiye,games | national_teams,False,False,True,True,2008-06-07,2026-06-26,2
3382,Belgium,Belgium,games | national_teams,False,False,True,True,2014-06-17,2026-06-27,1
3383,Austria,Austria,games | national_teams,False,False,True,True,2008-06-08,2026-06-28,1
3384,Switzerland,Switzerland,games | national_teams,False,False,True,True,2006-06-13,2026-06-24,1
3385,Panserraikos Serres,Panserraikos | Panserraikos Serres,clubs | games | transfers,True,True,True,False,2008-07-01,2026-06-30,2
3386,Agrotikos Asteras,Agrotikos | Agrotikos Asteras,games | transfers,False,True,True,False,2013-07-01,2021-09-12,2
3391,AO Kavala,AO Kavala,games | transfers,False,True,True,False,2010-07-01,2025-12-17,1
3392,Apollon Pontou,Apollon Pontou,games | transfers,False,True,True,False,2012-10-25,2023-09-17,1
3393,Doxa Katokopias,Doxa Katokopias,transfers,False,True,False,False,2021-08-17,2024-07-25,1
3394,Bulgaria,Bulgaria,national_teams,False,False,False,True,,,1
3396,Ethnikos Asteras,Ethnikos Asteras,games,False,False,True,False,2012-10-24,2012-10-24,1
3410,Excelsior Maassluis,Excelsior Maassluis,games,False,False,True,False,2014-08-27,2025-12-17,1
3426,Esbjerg fB,Esbjerg fB,clubs | games | transfers,True,True,True,False,2012-07-15,2026-06-30,1
3433,Australia,Australia,games | national_teams,False,False,True,True,2006-06-12,2026-06-26,1
3434,Cameroon,Cameroon,games,False,False,True,False,2010-06-14,2026-01-09,1
3435,Japan,Japan,games | national_teams,False,False,True,True,2006-06-12,2026-06-26,1
3436,Denmark,Denmark,games | national_teams,False,False,True,True,2010-06-14,2024-06-29,1
3437,Argentina,Argentina,games | national_teams,False,False,True,True,2006-06-10,2026-06-28,1
3438,Serbia,Serbia,games | national_teams,False,False,True,True,2010-06-13,2024-06-25,1
3439,Brazil,Brazil,games | national_teams,False,False,True,True,2006-06-13,2026-06-24,1
3440,Norway,Norway,games | national_teams,False,False,True,True,2026-06-16,2026-06-26,1
3441,Ghana,Ghana,games | national_teams,False,False,True,True,2006-06-12,2026-06-27,1
3442,Poland,Poland,games | national_teams,False,False,True,True,2006-06-09,2024-06-25,1
3443,Finland,Finland,games | national_teams,False,False,True,True,2021-06-12,2021-06-21,1
3444,Nigeria,Nigeria,games | national_teams,False,False,True,True,2010-06-12,2026-01-17,1
3445,Czech Republic,Czech Republic,games | national_teams,False,False,True,True,2006-06-12,2026-06-25,1
3446,Bosnia-Herzegovina,Bosnia-Herzegovina,games | national_teams,False,False,True,True,2014-06-15,2026-06-24,1
3447,Romania,Romania,games | national_teams,False,False,True,True,2008-06-09,2024-07-02,1
3448,Russia,Russia,games | national_teams,False,False,True,True,2008-06-10,2021-06-21,1
3449,Uruguay,Uruguay,games | national_teams,False,False,True,True,2010-06-11,2026-06-27,1
3450,Belarus,Belarus,national_teams,False,False,False,True,,,1
3451,Leotar Trebinje,Leotar Trebinje,transfers,False,True,False,False,2021-07-01,2022-07-18,1
3454,Kingstonian FC,Kingstonian FC,games | transfers,False,True,True,False,2018-10-19,2019-11-30,1
3455,Forest Green,Forest Green | Forest Green Rovers,games | transfers,False,True,True,False,2006-01-12,2025-10-31,2
3456,Gateshead FC,Gateshead | Gateshead FC,games | transfers,False,True,True,False,2012-03-01,2025-12-07,2
3457,Clydebank FC,Clydebank FC,games,False,False,True,False,2021-09-18,2025-11-29,1
3458,Forres Mechanics FC,Forres | Forres Mechanics FC,games | transfers,False,True,True,False,2012-09-29,2025-09-27,2
3459,Clachnacuddin FC,Clachnacuddin | Clachnacuddin FC,games | transfers,False,True,True,False,2012-08-25,2025-11-29,2
3461,Larne FC,Larne FC,games,False,False,True,False,2021-07-08,2025-08-14,1
3463,Glenavon FC,Glenavon FC,games,False,False,True,False,2014-07-03,2018-07-19,1
3468,Hungary,Hungary,games | national_teams,False,False,True,True,2016-06-14,2024-06-23,1
3470,Cumnock Juniors FC,Cumnock Juniors FC,games,False,False,True,False,2021-09-18,2025-09-26,1
3471,Linfield FC,Linfield | Linfield FC,games | transfers,False,True,True,False,2012-07-03,2025-08-28,2
3484,Lierse SK U19,Lierse SK U19,transfers,False,True,False,False,2012-07-01,2015-01-01,1
3489,Boston Utd,Boston United | Boston Utd,games | transfers,False,True,True,False,2019-10-21,2022-05-31,2
3490,Huntly FC,Huntly FC,games | transfers,False,True,True,False,2012-08-25,2025-09-27,1
3491,Brora Rangers FC,Brora Rangers | Brora Rangers FC,games | transfers,False,True,True,False,2012-08-25,2026-05-31,2
3493,KSC Lokeren U19,KSC Lokeren U19,transfers,False,True,False,False,2009-07-01,2017-07-01,1
3494,KRC Genk U19,KRC Genk U19,transfers,False,True,False,False,2005-07-01,2018-07-01,1
3497,RSC Charleroi U19,RSC Charleroi U19,transfers,False,True,False,False,2010-03-01,2012-07-01,1
3499,Senegal,Senegal,games | national_teams,False,False,True,True,2018-06-19,2026-06-26,1
3503,Slovakia,Slovakia,games | national_teams,False,False,True,True,2010-06-15,2024-06-30,1
3504,Venezuela,Venezuela,games | national_teams,False,False,True,True,2024-06-22,2024-07-06,1
3505,United States,United States,games | national_teams,False,False,True,True,2006-06-12,2026-06-26,1
3508,Zulte Waregem,Zulte Waregem,clubs | games | transfers,True,True,True,False,2011-07-01,2026-05-09,1
3509,Republic of Ireland,Ireland | Republic of Ireland,games | national_teams,False,False,True,True,2012-06-10,2016-06-26,2
3510,Canada,Canada,games | national_teams,False,False,True,True,2022-11-23,2026-06-24,1
3520,FC Sète 34,FC Sète 34,transfers,False,True,False,False,2014-09-09,2021-06-30,1
3521,FK Zemun,FK Zemun,transfers,False,True,False,False,2018-02-12,2021-07-01,1
3522,Spezia Calcio,Spezia Calcio,clubs | games | transfers,True,True,True,False,2011-01-01,2026-06-30,1
3524,Clermont Foot 63,Clermont Foot | Clermont Foot 63,clubs | games | transfers,True,True,True,False,2012-01-09,2026-06-30,2
3525,SO Cholet,SO Cholet,transfers,False,True,False,False,2018-07-01,2022-06-30,1
3527,Motor Lublin Spółka Akcyjna,Motor Lublin Spółka Akcyjna,clubs | games,True,False,True,False,2024-07-21,2026-05-23,1
3532,Prykarpattya,Prykarpattya,transfers,False,True,False,False,2010-07-01,2011-06-30,1
3535,Ulsan Hyundai Football Club,Ulsan Hyundai | Ulsan Hyundai Football Club,clubs | games | transfers,True,True,True,False,2012-12-09,2026-07-05,2
3537,Crawley Town,Crawley Town,games | transfers,False,True,True,False,2012-11-03,2025-11-01,1
3539,Tamworth,Tamworth | Tamworth FC,games | transfers,False,True,True,False,2012-03-23,2026-02-13,2
3543,OFK Mladenovac,OFK Mladenovac,transfers,False,True,False,False,2012-01-01,2012-07-01,1
3544,Smederevo 1924,Smederevo 1924,transfers,False,True,False,False,2011-08-01,2012-06-30,1
3551,Sportclub Rheindorf Altach,SCR Altach | Sportclub Rheindorf Altach,clubs | games | transfers,True,True,True,False,2015-07-30,2026-05-16,2
3555,Latvia,Latvia,national_teams,False,False,False,True,,,1
3556,Croatia,Croatia,games | national_teams,False,False,True,True,2006-06-13,2026-06-27,1
3557,Sweden,Sweden,games | national_teams,False,False,True,True,2006-06-10,2026-06-26,1
3558,GFC Ajaccio,G. Ajaccio | GFC Ajaccio,clubs | games | transfers,True,True,True,False,2012-09-03,2022-07-01,2
3560,Iraq,Iraq,games | national_teams,False,False,True,True,2024-01-15,2026-06-26,1
3561,Albania,Albania,games | national_teams,False,False,True,True,2016-06-11,2024-06-24,1
3563,Uzbekistan,Uzbekistan,games | national_teams,False,False,True,True,2024-01-13,2026-06-28,1
3569,DVS '33 Ermelo,DVS '33 Ermelo,games,False,False,True,False,2013-08-28,2025-09-23,1
3574,Iceland,Iceland,games | national_teams,False,False,True,True,2016-06-14,2018-06-26,1
3575,Morocco,Morocco,games | national_teams,False,False,True,True,2018-06-15,2026-06-24,1
3577,Panama,Panama,games | national_teams,False,False,True,True,2018-06-18,2026-06-27,1
3580,Luxembourg,Luxembourg,national_teams,False,False,False,True,,,1
3581,Paraguay,Paraguay,games | national_teams,False,False,True,True,2006-06-10,2026-06-26,1
3582,Iran,Iran,games | national_teams,False,False,True,True,2006-06-11,2026-06-27,1
3583,Zimbabwe,Zimbabwe,games,False,False,True,False,2025-12-22,2025-12-29,1
3584,Peru,Peru,games | national_teams,False,False,True,True,2018-06-16,2024-06-30,1
3585,Angola,Angola,games,False,False,True,False,2006-06-11,2025-12-29,1
3586,Lebanon,Lebanon,games | national_teams,False,False,True,True,2024-01-12,2024-01-22,1
3587,Malta,Malta,national_teams,False,False,False,True,,,1
3588,Slovenia,Slovenia,games | national_teams,False,False,True,True,2010-06-13,2024-07-01,1
3589,South Korea,"Korea, South | South Korea",games | national_teams,False,False,True,True,2006-06-13,2026-06-25,2
3590,Honduras,Honduras,games | national_teams,False,False,True,True,2010-06-16,2014-06-25,1
3591,Ivory Coast,Ivory Coast,games,False,False,True,False,2006-06-10,2026-06-25,1
3592,Kryvbas Kryvyi Rig,Kryvbas | Kryvbas Kryvyi Rig,clubs | games | transfers,True,True,True,False,2010-03-01,2026-05-23,2
3595,Ismaily,Ismaily,transfers,False,True,False,False,2022-01-11,2023-08-28,1
3601,Hearts of Oak,Hearts of Oak,transfers,False,True,False,False,2022-08-16,2024-06-30,1
3602,RAEC Mons U19,RAEC Mons U19,transfers,False,True,False,False,2013-07-01,2015-07-01,1
3609,Rotor Volgograd,Rotor Volgograd,clubs | games | transfers,True,True,True,False,2012-09-01,2026-01-16,1
3612,Al-Ahli SC,Al-Ahli SC,transfers,False,True,False,False,2025-08-10,2026-06-30,1
3614,Algeria,Algeria,games | national_teams,False,False,True,True,2010-06-13,2026-06-28,1
3622,IFK Värnamo,IFK Värnamo | Värnamo,clubs | games | transfers,True,True,True,False,2013-08-03,2025-11-09,2
3631,CF América,América | CF América,clubs | games | transfers,True,True,True,False,2015-12-13,2026-04-26,2
3641,Degerfors IF,Degerfors | Degerfors IF,clubs | games | transfers,True,True,True,False,2021-08-11,2026-07-04,2
3647,Stalybridge,Stalybridge | Stalybridge Celtic,games | transfers,False,True,True,False,2015-11-07,2017-10-22,2
3649,Bangor City,Bangor City,games,False,False,True,False,2012-07-05,2017-07-06,1
3650,FF Jaro,FF Jaro,transfers,False,True,False,False,2010-01-01,2017-01-01,1
3652,Borås AIK,Borås AIK,transfers,False,True,False,False,2015-01-01,2016-01-27,1
3654,Kalmar Fotbollförening,Kalmar FF | Kalmar Fotbollförening,clubs | games | transfers,True,True,True,False,2012-07-05,2026-07-05,2
3668,Cyprus,Cyprus,national_teams,False,False,False,True,,,1
3669,Georgia,Georgia,games | national_teams,False,False,True,True,2024-06-18,2024-06-30,1
3670,Tunisia,Tunisia,games | national_teams,False,False,True,True,2006-06-14,2026-06-26,1
3671,Jamaica,Jamaica,games | national_teams,False,False,True,True,2024-06-23,2024-07-01,1
3672,Egypt,Egypt,games | national_teams,False,False,True,True,2018-06-15,2026-06-27,1
3674,Mali,Mali,games,False,False,True,False,2025-12-22,2026-01-09,1
3679,Atl. Madrid B,Atl. Madrid B | Atl. Madrileño,transfers,False,True,False,False,2008-07-01,2025-08-29,2
3681,Hitchin Town,Hitchin Town,games | transfers,False,True,True,False,2013-08-16,2018-11-11,1
3683,Hendon,Hendon | Hendon FC,games | transfers,False,True,True,False,2012-11-03,2015-07-01,2
3684,Stevenage FC,Stevenage | Stevenage FC,games | transfers,False,True,True,False,2012-11-03,2025-11-01,2
3688,Accrington Stanley,Accrington | Accrington Stanley,games | transfers,False,True,True,False,2005-08-01,2026-05-31,2
3690,SKA Khabarovsk,SKA Khabarovsk | SKA-Energia,clubs | games | transfers,True,True,True,False,2009-08-01,2026-06-30,2
3691,Tom Tomsk,Tom Tomsk,clubs | games | transfers,True,True,True,False,2009-01-01,2022-07-01,1
3692,Raufoss,Raufoss,transfers,False,True,False,False,2019-01-08,2020-03-25,1
3694,Telford Utd,AFC Telford United | Telford Utd,games | transfers,False,True,True,False,2014-11-08,2025-11-01,2
3696,Dag & Red FC,Dag & Red FC | Dagenham & Redbridge FC,games | transfers,False,True,True,False,2008-09-01,2025-05-31,2
3697,Morecambe FC,Morecambe FC,games | transfers,False,True,True,False,2012-11-03,2026-05-31,1
3698,Chelmsford City,Chelmsford | Chelmsford City,games | transfers,False,True,True,False,2012-11-03,2025-12-06,2
3699,Ukraine,Ukraine,games | national_teams,False,False,True,True,2006-06-14,2024-06-26,1
3700,Chile,Chile,games | national_teams,False,False,True,True,2010-06-16,2024-06-30,1
3703,Zambia,Zambia,games,False,False,True,False,2025-12-22,2025-12-29,1
3705,Algeciras CF,Algeciras CF,games | transfers,False,True,True,False,2013-01-01,2021-12-01,1
3706,Doxa Dramas,Doxa Dramas,games | transfers,False,True,True,False,2010-07-01,2020-01-28,1
3708,Barakaldo CF,Barakaldo CF,games | transfers,False,True,True,False,2013-07-12,2024-12-05,1
3709,Getafe CF,Getafe | Getafe CF,clubs | games | transfers,True,True,True,False,2010-07-01,2026-05-23,2
3711,CD Cruz Azul,CD Cruz Azul,clubs | games | transfers,True,True,True,False,2014-12-13,2026-04-27,1
3712,Weston-super-Mare AFC,Weston-super-M. | Weston-super-Mare AFC,games | transfers,False,True,True,False,2014-11-18,2026-01-10,2
3713,Eastbourne,Eastbourne | Eastbourne Borough,games | transfers,False,True,True,False,2016-11-05,2024-01-08,2
3714,Enisey Krasnoyarsk,Enisey | Enisey Krasnoyarsk,clubs | games | transfers,True,True,True,False,2012-07-01,2025-10-15,2
3715,Metallurg-Kuzbass Novokuznetsk,Met-Kuz | Metallurg-Kuzbass Novokuznetsk,games | transfers,False,True,True,False,2011-01-01,2015-08-06,2
3716,Newport County,Newport County,games | transfers,False,True,True,False,2013-11-09,2026-01-16,1
3717,Aldershot Town,Aldershot | Aldershot Town,games | transfers,False,True,True,False,2009-02-02,2025-11-01,2
3718,Pakhtakor,Pakhtakor,transfers,False,True,False,False,2018-01-28,2026-01-01,1
3719,FC Khimki (-2025),FC Khimki (-2025) | Khimki,clubs | games | transfers,True,True,True,False,2008-07-01,2025-09-05,2
3721,Alfreton Town,Alfreton | Alfreton Town,games | transfers,False,True,True,False,2005-10-01,2024-11-01,2
3723,Metallurg Lipetsk,M. Lipetsk | Met. Lipetsk | Metallurg Lipetsk,games | transfers,False,True,True,False,2012-07-01,2026-12-31,3
3724,Hednesford,Hednesford | Hednesford Town,games | transfers,False,True,True,False,2013-11-09,2025-10-17,2
3725,RFK Akhmat Grozny,Akhmat Grozny | RFK Akhmat Grozny | Terek Grozny,clubs | games | transfers,True,True,True,False,2010-02-01,2026-05-17,3
3728,UR Namur,UR Namur,transfers,False,True,False,False,2023-07-06,2024-06-30,1
3729,Arsenal Tula,Arsenal Tula,clubs | games | transfers,True,True,True,False,2012-07-11,2026-03-05,1
3732,Hellerup IK,Hellerup IK,games | transfers,False,True,True,False,2012-10-03,2025-09-16,1
3733,Neftekhimik,Neftekhimik | Neftekhimik Nizhnekamsk,games | transfers,False,True,True,False,2012-09-02,2025-11-26,2
3734,Tokyo Verdy,Tokyo Verdy,clubs | games | transfers,True,True,True,False,2018-02-01,2025-12-06,1
3737,Breidablik Kópavogur,Breidablik | Breidablik Kópavogur,games | transfers,False,True,True,False,2006-03-15,2025-12-18,2
3739,KF Teuta,KF Teuta,games | transfers,False,True,True,False,2012-07-05,2021-08-12,1
3751,RFC Tournai,RFC Tournai,transfers,False,True,False,False,2006-07-01,2006-07-01,1
3772,AFC Tubize,AFC Tubize,transfers,False,True,False,False,2013-07-01,2020-06-30,1
3776,Rovaniemen Palloseura,RoPS | Rovaniemen Palloseura,games | transfers,False,True,True,False,2014-07-17,2019-07-18,2
3779,JJK Jyväskylä,JJK Jyväskylä,games,False,False,True,False,2012-07-05,2012-07-26,1
3785,M. Petah Tikva,M. Petah Tikva | Maccabi Petah Tikva,games | transfers,False,True,True,False,2017-09-11,2025-06-30,2
3786,Walton & Hersh.,Walton & Hersh.,transfers,False,True,False,False,2022-09-02,2023-01-31,1
3791,KAA Gent U19,KAA Gent U19,transfers,False,True,False,False,2008-07-01,2017-07-01,1
3793,Beitar Jerusalem,B. Jerusalem | Beitar Jerusalem,games | transfers,False,True,True,False,2014-07-04,2025-08-14,2
3804,Kelty Hearts FC,Kelty Hearts | Kelty Hearts FC,games | transfers,False,True,True,False,2015-09-05,2026-02-07,2
3806,South Africa,South Africa,games | national_teams,False,False,True,True,2010-06-11,2026-06-25,1
3807,Saudi Arabia,Saudi Arabia,games | national_teams,False,False,True,True,2006-06-14,2026-06-27,1
3811,Liepajas Metalurgs,Liepajas Metalurgs,games,False,False,True,False,2012-07-05,2013-07-11,1
3812,Drava Ptuj,Drava Ptuj,transfers,False,True,False,False,2017-02-16,2019-01-08,1
3815,Togo,Togo,games,False,False,True,False,2006-06-13,2006-06-23,1
3816,Colombia,Colombia,games | national_teams,False,False,True,True,2014-06-14,2026-06-28,1
3820,Mansfield Town,Mansfield Town,games | transfers,False,True,True,False,2011-01-31,2026-03-07,1
3822,Weymouth FC,Weymouth FC,games | transfers,False,True,True,False,2021-01-23,2024-07-16,1
3824,Dorchester,Dorchester | Dorchester Town,games | transfers,False,True,True,False,2010-09-11,2012-12-01,2
3825,Kettering Town,Kettering Town,games,False,False,True,False,2024-11-02,2024-12-01,1
3826,St Albans City,St Albans City,games | transfers,False,True,True,False,2011-02-01,2025-11-01,1
3828,Yokohama Marinos,Yokohama F. M. | Yokohama Marinos,clubs | games | transfers,True,True,True,False,2019-02-01,2025-10-25,2
3829,CA Fénix,CA Fénix,transfers,False,True,False,False,2017-01-13,2024-07-19,1
3831,Coleraine FC,Coleraine | Coleraine FC,games | transfers,False,True,True,False,2017-06-29,2025-02-02,2
3832,Fram Reykjavík,Fram Reykjavík,games | transfers,False,True,True,False,2006-02-13,2014-07-16,1
3834,Sokol Saratov,Sokol Saratov | Sokol-Saratov,games | transfers,False,True,True,False,2008-01-01,2026-06-30,2
3835,Worksop Town,Worksop Town,games,False,False,True,False,2023-11-04,2023-11-04,1
3837,Fredrikstad Fotballklubb,Fredrikstad | Fredrikstad Fotballklubb,clubs | games | transfers,True,True,True,False,2010-07-07,2026-05-29,2
3840,Adana Demirspor,Adana Demirspor,clubs | games | transfers,True,True,True,False,2010-08-26,2026-02-02,1
3841,I. Güngörenspor,Güngören Bld | I. Güngörenspor,transfers,False,True,False,False,2007-07-01,2011-09-05,2
3850,FK Ekranas Panevezys (- 2014),FK Ekranas Panevezys (- 2014),games,False,False,True,False,2012-07-17,2014-07-10,1
3851,Lithuania,Lithuania,national_teams,False,False,False,True,,,1
3854,Democratic Republic of the Congo,Democratic Republic of the Congo,games,False,False,True,False,2025-12-23,2026-06-28,1
3858,Villa Española,Villa Española,transfers,False,True,False,False,2015-09-09,2020-12-31,1
3862,VfL Bochum U19,VfL Bochum U19,transfers,False,True,False,False,2004-07-01,2025-07-01,1
3864,Wales,Wales,games | national_teams,False,False,True,True,2016-06-11,2022-11-29,1
3867,Boreham Wood FC,Boreham Wood | Boreham Wood FC,games | transfers,False,True,True,False,2011-12-06,2026-01-10,2
3868,Hornchurch,Hornchurch,transfers,False,True,False,False,2021-12-21,2021-12-21,1
3876,Mirasol Futebol Clube,Mirasol Futebol Clube | Mirassol-SP,clubs | games | transfers,True,True,True,False,2022-01-20,2026-05-30,2
3878,Hill of Beath Hawthorn,Hill of Beath Hawthorn,games,False,False,True,False,2020-12-12,2025-09-27,1
3879,Leek Town FC,Leek Town FC,transfers,False,True,False,False,2018-07-01,2019-07-01,1
3884,AFC Wimbledon,AFC Wimbledon,games | transfers,False,True,True,False,2012-07-30,2026-01-16,1
3885,Stamford AFC,Stamford AFC,games,False,False,True,False,2016-11-06,2016-11-06,1
3886,Belshina,Belshina,transfers,False,True,False,False,2013-02-21,2020-07-01,1
3891,ASEC Mimosas,ASEC Mimosas,transfers,False,True,False,False,2017-03-07,2023-09-06,1
3892,FC Eindhoven,FC Eindhoven,games | transfers,False,True,True,False,2012-09-25,2025-10-29,1
3898,FC Brüssel,FC Brüssel,transfers,False,True,False,False,2008-01-01,2013-01-31,1
3899,Anorthosis,Anorthosis | Anorthosis Famagusta,games | transfers,False,True,True,False,2012-07-19,2026-06-30,2
3900,FK Borac Banja Luka,B. Banja Luka | FK Borac Banja Luka,games | transfers,False,True,True,False,2012-07-05,2025-07-25,2
3901,RAAL La Louvière,La Louvière | RAAL La Louvière,clubs | games | transfers,True,True,True,False,2024-07-01,2026-05-09,2
3909,Shelbourne FC,Shelbourne | Shelbourne FC,games | transfers,False,True,True,False,2024-07-11,2026-01-01,2
3911,Stade Brestois 29,Stade Brestois | Stade Brestois 29,clubs | games | transfers,True,True,True,False,2012-07-01,2026-05-17,2
3917,ASC Jaraaf,ASC Jaraaf,transfers,False,True,False,False,2020-10-14,2025-09-17,1
3930,Bray Wanderers,Bray Wanderers,transfers,False,True,False,False,2020-01-01,2020-07-01,1
3933,Nuneaton,Nuneaton | Nuneaton Town,games | transfers,False,True,True,False,2012-11-03,2023-10-19,2
3935,Oita Trinita,Oita Trinita,transfers,False,True,False,False,2016-02-01,2024-01-31,1
3936,Dover Athletic,Dover Athletic,games | transfers,False,True,True,False,2011-10-11,2019-12-01,1
3937,Merthyr Town FC,Merthyr Town FC,games,False,False,True,False,2022-11-05,2022-11-05,1
3938,Club Atlético Talleres,CA Talleres | Club Atlético Talleres,clubs | games | transfers,True,True,True,False,2016-07-08,2026-05-02,2
3943,HSV Hoek,HSV Hoek,games,False,False,True,False,2013-08-28,2025-12-16,1
3948,Union Saint-Gilloise,Union SG | Union Saint-Gilloise,clubs | games | transfers,True,True,True,False,2016-07-01,2026-05-24,2
3955,Benin,Benin,games,False,False,True,False,2025-12-23,2026-01-05,1
3956,Kyrgyzstan,Kyrgyzstan,games | national_teams,False,False,True,True,2024-01-16,2024-01-25,1
3958,Rakuten Vissel Kobe,Rakuten Vissel Kobe | Vissel Kobe,clubs | games | transfers,True,True,True,False,2010-02-01,2025-12-06,2
3972,Bonsucesso-RJ,Bonsucesso-RJ,transfers,False,True,False,False,2017-01-01,2019-01-01,1
3984,Ilioupoli,GS Ilioupolis | Ilioupoli,games | transfers,False,True,True,False,2021-08-29,2025-12-03,2
3985,AO Acharnaikos,AO Acharnaikos | Acharnaikos,games | transfers,False,True,True,False,2012-10-25,2023-10-07,2
3990,AO Agios Nikolaos,AO Agios Nikolaos,games,False,False,True,False,2021-08-28,2024-09-01,1
3993,AO Trikala,AO Trikala,games | transfers,False,True,True,False,2015-09-10,2024-09-15,1
3996,Atromitos U19,Atromitos U19 | Atromitos U20,transfers,False,True,False,False,2015-07-06,2023-07-01,2
3998,PAS Korinthos,PAS Korinthos,games,False,False,True,False,2012-10-25,2024-09-07,1
3999,PAS Lamia 1964,PAS Lamia | PAS Lamia 1964,clubs | games | transfers,True,True,True,False,2014-08-29,2025-09-12,2
4000,Lechia Gdansk,Lechia Gdansk,clubs | games | transfers,True,True,True,False,2016-08-17,2026-05-23,1
4001,Marko FC,GS Marko | Marko FC,games | transfers,False,True,True,False,2024-07-03,2025-12-17,2
4004,Nafpaktiakos Asteras,Nafpaktiakos Asteras,games,False,False,True,False,2021-08-29,2022-10-02,1
4007,Panargiakos,Panargiakos,games,False,False,True,False,2019-08-28,2025-08-19,1
4011,Vyzas Megaron,Vyzas Megaron,games,False,False,True,False,2012-10-24,2013-09-15,1
4026,CSV Apeldoorn,CSV Apeldoorn,games,False,False,True,False,2017-09-20,2023-09-19,1
4028,Avezzano,Avezzano,transfers,False,True,False,False,2024-07-01,2025-06-30,1
4030,CD Calahorra,CD Calahorra | Calahorra,games | transfers,False,True,True,False,2016-08-31,2023-07-31,2
4031,Cosenza,Cosenza | Cosenza Calcio | Nuova Cosenza,games | transfers,False,True,True,False,2012-08-04,2024-08-11,3
4032,SD Ponferradina,Ponferradina | SD Ponferradina,games | transfers,False,True,True,False,2012-09-12,2026-06-30,2
4033,Fermana,Fermana | Fermana FC,games | transfers,False,True,True,False,2016-07-31,2020-06-30,2
4035,CF Pachuca,CF Pachuca | Pachuca,clubs | games | transfers,True,True,True,False,2017-12-09,2026-04-26,2
4040,FK Partizani,FK Partizani,games | transfers,False,True,True,False,2015-07-02,2025-07-17,1
4042,SC Freiburg U19,SC Freiburg U19,transfers,False,True,False,False,2006-07-01,2023-07-01,1
4043,Lok Stendal,1.FC Lok Stendal | Lok Stendal,games | transfers,False,True,True,False,2018-08-19,2022-08-21,2
4050,Écija Balompié,Écija Balompié,games,False,False,True,False,2013-09-04,2013-09-11,1
4052,H. Rostock U19,H. Rostock U19,transfers,False,True,False,False,2010-07-01,2012-07-01,1
4054,Orihuela CF,Orihuela CF,games | transfers,False,True,True,False,2012-08-29,2025-10-30,1
4057,Luch Vladivostok,Luch Vladivostok | Luch-Energia,games | transfers,False,True,True,False,2008-01-01,2019-10-30,2
4059,NS Mura,NS Mura,games | transfers,False,True,True,False,2012-07-05,2025-12-31,1
4064,Figueirense FC,Figueirense FC,transfers,False,True,False,False,2014-01-01,2022-01-12,1
4074,Dartford FC,Dartford | Dartford FC,games | transfers,False,True,True,False,2013-11-09,2017-11-05,2
4076,,,games,False,False,True,False,2017-11-05,2017-11-05,0
4078,Club de Foot Montréal,Club de Foot Montréal | Montréal,clubs | games | transfers,True,True,True,False,2024-01-15,2026-05-24,2
4080,Workington AFC,Workington AFC,transfers,False,True,False,False,2012-08-25,2012-10-26,1
4083,FC Crotone,Crotone | FC Crotone,clubs | games | transfers,True,True,True,False,2004-07-01,2025-06-30,2
4084,AS Cittadella,AS Cittadella | Cittadella,games | transfers,False,True,True,False,2011-07-01,2024-08-09,2
4085,Fidelis Andria,Fidelis Andria,games | transfers,False,True,True,False,2012-08-05,2022-06-30,1
4090,AS Gualdo Casacastalda,AS Gualdo Casacastalda,games,False,False,True,False,2013-08-04,2013-08-04,1
4093,Taranto FC 1927,Taranto FC 1927,games,False,False,True,False,2014-08-10,2014-08-10,1
4095,Trento,Trento,transfers,False,True,False,False,2021-07-19,2026-06-30,1
4096,Turris,Turris | Turris Calcio,games | transfers,False,True,True,False,2013-08-04,2025-01-10,2
4097,Catanzaro,Catanzaro | US Catanzaro,games | transfers,False,True,True,False,2012-08-05,2026-06-30,2
4102,AC Carpi,AC Carpi | Carpi,clubs | games | transfers,True,True,True,False,2012-08-05,2026-06-30,2
4103,Lumezzane,AC Lumezzane | Lumezzane,games | transfers,False,True,True,False,2006-04-01,2026-06-30,2
4104,FC Esperia Viareggio,FC Esperia Viareggio,games,False,False,True,False,2013-08-04,2013-08-04,1
4106,Casertana,Casertana | Casertana FC,games | transfers,False,True,True,False,2014-08-10,2026-01-08,2
4111,Rimini,Rimini | Rimini FC,games | transfers,False,True,True,False,2007-07-13,2025-11-28,2
4113,US Massese 1919,US Massese 1919,games,False,False,True,False,2013-08-04,2017-07-30,1
4114,ASG Nocerina,ASG Nocerina | Nocerina,games | transfers,False,True,True,False,2012-08-05,2023-07-01,2
4117,Wealdstone,Wealdstone | Wealdstone FC,games | transfers,False,True,True,False,2015-11-07,2025-12-19,2
4121,M'gladbach U19,M'gladbach U19,transfers,False,True,False,False,2007-07-01,2023-07-01,1
4128,Amkar Perm,Amkar Perm,clubs | games | transfers,True,True,True,False,2010-01-01,2026-02-17,1
4131,LC Sailors,LC Sailors,transfers,False,True,False,False,2024-02-26,2025-07-08,1
4146,Aurora Pro Patria,Aurora Pro Patria | Pro Patria,games | transfers,False,True,True,False,2013-08-03,2022-06-30,2
4150,Cuneo,AC Cuneo 1905 | Cuneo,games | transfers,False,True,True,False,2012-08-05,2019-06-30,2
4153,L'Aquila 1927,L'Aquila 1927,games,False,False,True,False,2013-08-04,2015-08-09,1
4159,Carrarese,Carrarese | Carrarese Calcio 1908,games | transfers,False,True,True,False,2012-08-05,2026-06-30,2
4163,Fiorenzuola,Fiorenzuola,transfers,False,True,False,False,2001-01-01,2023-06-30,1
4167,Seregno,1913 Seregno Calcio | Seregno,games | transfers,False,True,True,False,2016-07-31,2022-09-03,2
4171,Benevento Calcio,Benevento | Benevento Calcio,clubs | games | transfers,True,True,True,False,2012-07-25,2026-01-08,2
4172,Pisa Sporting Club,AC Pisa | Pisa | Pisa Sporting Club,clubs | games | transfers,True,True,True,False,2009-01-25,2026-06-30,3
4176,Volta Redonda,Volta Redonda,transfers,False,True,False,False,2018-01-01,2023-11-30,1
4211,SV Pullach,SV Pullach,transfers,False,True,False,False,2018-07-01,2020-08-29,1
4223,Deveronvale FC,Deveronvale FC,games,False,False,True,False,2012-08-25,2025-10-25,1
4230,Irvine Meadow XI FC,Irvine Meadow XI FC,games,False,False,True,False,2012-08-25,2025-08-09,1
4242,SV Sodingen,SV Sodingen,transfers,False,True,False,False,2007-07-01,2008-07-01,1
4250,Metropolitano,Metropolitano,transfers,False,True,False,False,2015-01-01,2024-06-30,1
4255,Arezzo,Arezzo | SS Arezzo,games | transfers,False,True,True,False,2012-08-05,2026-06-30,2
4267,E. Dortmund U19,E. Dortmund U19,transfers,False,True,False,False,2011-07-01,2012-07-01,1
4269,RW Essen U19,RW Essen U19,transfers,False,True,False,False,2014-07-01,2022-07-12,1
4270,Osnabrück U19,Osnabrück U19,transfers,False,True,False,False,2015-07-01,2017-07-01,1
4271,Triestina,Triestina | US Triestina,games | transfers,False,True,True,False,2011-07-01,2026-01-13,2
4275,Caldas,Caldas,transfers,False,True,False,False,2022-07-01,2024-01-15,1
4277,Drogheda United,Drogheda United | Drogheda United FC,games | transfers,False,True,True,False,2011-07-01,2023-08-03,2
4279,Farnborough,Farnborough | Farnborough FC,games | transfers,False,True,True,False,2014-02-28,2022-11-26,2
4282,Hyde FC,Hyde FC | Hyde United,games | transfers,False,True,True,False,2014-02-08,2017-11-03,2
4284,Sporting Kansas City,Kansas City | Sporting Kansas City,clubs | games | transfers,True,True,True,False,2017-08-25,2026-05-24,2
4291,Portland Timbers,Portland Timbers,clubs | games,True,False,True,False,2025-02-23,2026-05-24,1
4294,SC Farense,Farense | SC Farense,clubs | games | transfers,True,True,True,False,2013-07-01,2026-06-30,2
4295,Stafford Rangers,Stafford Rangers,transfers,False,True,False,False,2006-11-01,2013-12-01,1
4297,Varzim,Varzim | Varzim SC,games | transfers,False,True,True,False,2007-01-01,2024-07-03,2
4298,VCU Rams,VCU Rams,transfers,False,True,False,False,2021-07-01,2023-01-24,1
4309,Hamarkameratene,HamKam | Hamarkameratene,clubs | games | transfers,True,True,True,False,2020-09-23,2026-05-29,2
4310,Blyth Spartans,Blyth Spartans,games | transfers,False,True,True,False,2014-11-09,2020-04-30,1
4311,Cape Verde,Cape Verde,games,False,False,True,False,2026-06-15,2026-06-27,1
4313,HB Tórshavn,HB Tórshavn,games | transfers,False,True,True,False,2007-07-01,2025-07-31,1
4321,Union Española,Union Española,transfers,False,True,False,False,2014-01-01,2022-07-28,1
4324,Imolese Calcio 1919,Imolese Calcio 1919,games,False,False,True,False,2017-07-30,2019-08-16,1
4326,AS Gubbio,AS Gubbio | AS Gubbio 1910,games | transfers,False,True,True,False,2009-08-01,2026-06-30,2
4330,ASD Sambenedettese Calcio,ASD Sambenedettese Calcio | Sambenedettese,games | transfers,False,True,True,False,2006-07-07,2020-09-23,2
4331,Trapani,Trapani | Trapani Calcio,games | transfers,False,True,True,False,2012-08-05,2026-06-30,2
4333,Grosseto,Grosseto | US Grosseto FC,games | transfers,False,True,True,False,2009-07-28,2021-06-30,2
4337,Acireale,Acireale,transfers,False,True,False,False,2024-07-18,2024-07-18,1
4338,Virtus Bergamo,Virtus Bergamo,transfers,False,True,False,False,2016-01-01,2016-06-30,1
4339,Montevarchi,Montevarchi,transfers,False,True,False,False,2021-07-28,2022-06-30,1
4341,Savoia,AC Savoia 1908 | Savoia,games | transfers,False,True,True,False,2013-08-06,2025-11-07,2
4361,Varese 1910,Varese 1910,games,False,False,True,False,2012-08-12,2017-07-30,1
4362,Dob. Dobrich,Dob. Dobrich,transfers,False,True,False,False,2013-07-01,2014-06-30,1
4383,Young Violets,Young Violets,transfers,False,True,False,False,2019-07-01,2020-08-01,1
4390,Vorarlberg U18,Vorarlberg U18,transfers,False,True,False,False,2015-07-01,2017-01-31,1
4391,Buducnost Podgorica,B. Podgorica | Buducnost Podgorica,games | transfers,False,True,True,False,2012-07-18,2025-07-31,2
4394,Dnepr Mogilev,Dnepr Mogilev,transfers,False,True,False,False,2024-02-01,2026-12-31,1
4406,FC Stadlau,FC Stadlau,transfers,False,True,False,False,2014-01-01,2017-07-01,1
4414,Gefle,Gefle | Gefle IF,games | transfers,False,True,True,False,2010-01-01,2019-01-13,2
4441,Wolfsberger AC,Wolfsberger AC,clubs | games | transfers,True,True,True,False,2015-07-16,2026-05-16,1
4463,Seekirchen,Seekirchen,transfers,False,True,False,False,2022-08-31,2023-04-20,1
4467,TSV Hartberg,TSV Hartberg,clubs | games | transfers,True,True,True,False,2017-07-01,2026-05-17,1
4482,Volyn Lutsk,Volyn Lutsk,clubs | games | transfers,True,True,True,False,2007-01-01,2022-08-04,1
4507,ND Primorje,ND Primorje,transfers,False,True,False,False,2025-07-01,2025-07-01,1
4515,US Poggibonsi,US Poggibonsi,games,False,False,True,False,2015-08-02,2015-08-02,1
4521,Besiktas U21,Besiktas U21,transfers,False,True,False,False,2014-07-01,2019-09-02,1
4523,Marathón,Marathón,transfers,False,True,False,False,2014-01-03,2017-01-29,1
4529,DAC Dunajska Streda,DAC Dunajska Streda | Dunajska Streda,games | transfers,False,True,True,False,2018-07-12,2024-08-01,2
4531,Tatran Presov,Tatran Presov,transfers,False,True,False,False,2013-07-01,2015-01-17,1
4541,UC AlbinoLeffe,UC AlbinoLeffe,games | transfers,False,True,True,False,2012-08-05,2023-01-31,1
4542,Cultural Leonesa,Cultural Leonesa | CyD Leonesa,games | transfers,False,True,True,False,2015-09-02,2026-01-23,2
4553,Pergolettese,Pergocrema | Pergolettese,transfers,False,True,False,False,2009-01-13,2026-06-30,2
4554,Südtirol,FC Südtirol | Südtirol,games | transfers,False,True,True,False,2012-07-01,2026-06-30,2
4556,Bielefeld U19,Bielefeld U19,transfers,False,True,False,False,2008-07-01,2020-07-01,1
4557,Ferro,Ferro,transfers,False,True,False,False,2005-07-01,2017-01-01,1
4561,CS Emelec,CS Emelec,transfers,False,True,False,False,2004-01-01,2025-12-31,1
4575,PSV U19,PSV U19,transfers,False,True,False,False,2011-07-01,2020-07-01,1
4585,Anagennisi Karditsa,Anag. Karditsas | Anagennisi Karditsa,games | transfers,False,True,True,False,2012-10-24,2026-06-30,2
4587,Aris Soudas,Aris Soudas,games,False,False,True,False,2021-09-05,2021-09-25,1
4590,Ethnikos,Ethnikos,transfers,False,True,False,False,2023-07-01,2024-07-06,1
4591,AS Meteora,AS Meteora,games | transfers,False,True,True,False,2018-10-13,2019-08-25,1
4592,FAS Naousa,FAS Naousa,games | transfers,False,True,True,False,2015-07-01,2024-09-08,1
4594,AS Leonidiou,AS Leonidiou,games,False,False,True,False,2019-08-25,2019-08-25,1
4598,Poseidon Neas Michanionas,Poseidon Neas Michanionas,games,False,False,True,False,2021-08-29,2021-09-26,1
4599,Vataniakos Katerinis,Vataniakos Katerinis,games,False,False,True,False,2012-10-24,2022-09-21,1
4602,Olympiakos Volou,Olymp. Volou | Olympiakos Volou,games | transfers,False,True,True,False,2012-10-24,2024-09-07,2
4603,Athlitiki Enosi Larisas,AE Larisa | Athlitiki Enosi Larisas,clubs | games | transfers,True,True,True,False,2009-07-01,2026-03-22,2
4604,AS Edessaikos,AS Edessaikos,games,False,False,True,False,2019-08-25,2021-09-12,1
4608,GAS Ialysos 1948,GAS Ialysos 1948,games,False,False,True,False,2019-09-18,2023-09-03,1
4616,Anagennisi Artas,Anagennisi Artas,games,False,False,True,False,2021-08-29,2024-09-15,1
4628,Merinosspor,Merinosspor,transfers,False,True,False,False,2007-08-31,2008-01-15,1
4630,Al-Sailiya SC,Al-Sailiya SC,transfers,False,True,False,False,2019-07-12,2023-07-01,1
4633,FK Novi Pazar,FK Novi Pazar | Novi Pazar,clubs | games | transfers,True,True,True,False,2021-01-30,2026-04-09,2
4634,Vozdovac,Vozdovac,transfers,False,True,False,False,2016-07-01,2024-07-01,1
4636,Iraklis Ptolemaidas,Iraklis Ptolemaidas,transfers,False,True,False,False,2017-07-15,2017-07-15,1
4639,FK Mornar Bar,FK Mornar Bar | Mornar Bar,games | transfers,False,True,True,False,2020-07-23,2025-01-13,2
4641,Rabotnicki Skopje,Rabotnicki | Rabotnicki Skopje,games | transfers,False,True,True,False,2014-07-15,2025-07-17,2
4644,FC Shkupi,FC Shkupi,games | transfers,False,True,True,False,2018-07-12,2023-08-03,1
4645,FK Radnicki 1923 Kragujevac,FK Radnicki 1923 Kragujevac | Radnicki 1923,clubs | games | transfers,True,True,True,False,2013-01-01,2026-04-09,2
4646,Teleoptik,Teleoptik,transfers,False,True,False,False,2011-01-01,2022-06-30,1
4650,Backa,Backa,transfers,False,True,False,False,2017-01-01,2017-09-09,1
4653,Veternik,Veternik,transfers,False,True,False,False,2011-07-01,2012-07-01,1
4657,Macva,Macva,transfers,False,True,False,False,2015-08-31,2022-01-21,1
4673,Arsenal Sarandí,Arsenal Sarandí,transfers,False,True,False,False,2005-07-01,2022-12-31,1
4674,Cambridge City,Cambridge City,games,False,False,True,False,2012-11-02,2012-11-13,1
4675,Coton Sport FC,Coton Sport FC,transfers,False,True,False,False,2010-07-01,2010-07-01,1
4687,FC Brasov,FC Brasov,transfers,False,True,False,False,2017-07-01,2017-07-01,1
4694,Utrecht U19,Utrecht U19,transfers,False,True,False,False,2011-07-01,2018-07-01,1
4700,BFC Preussen,BFC Preussen,games,False,False,True,False,2016-08-20,2016-08-20,1
4713,Leverkusen U19,Leverkusen U19,transfers,False,True,False,False,2007-01-01,2025-07-01,1
4718,Virtus Lanciano,SS Virtus Lanciano | Virtus Lanciano,games | transfers,False,True,True,False,2012-08-12,2016-07-01,2
4745,Bangu-RJ,Bangu-RJ,transfers,False,True,False,False,2022-12-07,2024-07-01,1
4747,Anadia,Anadia | Anadia FC,transfers,False,True,False,False,2015-07-01,2025-08-20,2
4750,SC Olhanense,Olhanense | SC Olhanense,clubs | games | transfers,True,True,True,False,2004-07-01,2022-01-03,2
4753,AKA Rapid U18,AKA Rapid U18 | Rapid U19,transfers,False,True,False,False,2007-07-01,2021-07-01,2
4768,CC Yatai,CC Yatai,transfers,False,True,False,False,2025-01-11,2025-07-14,1
4769,Bnei Sakhnin,Bnei Sakhnin,transfers,False,True,False,False,2017-07-01,2023-08-09,1
4771,GC Biaschesi,GC Biaschesi,transfers,False,True,False,False,2013-08-31,2014-01-01,1
4772,NK Olimpija Ljubljana,NK Olimpija | NK Olimpija Ljubljana,games | transfers,False,True,True,False,2012-07-05,2026-06-30,2
4773,Ituano,Ituano,transfers,False,True,False,False,2013-07-01,2024-05-20,1
4778,Willem II U19,Willem II U19 | Willem II/RKC-19,transfers,False,True,False,False,2011-01-01,2019-07-01,2
4779,Heerenveen U19,Heerenveen U19,transfers,False,True,False,False,2003-07-01,2020-07-01,1
4780,FC Augsburg U19,FC Augsburg U19,transfers,False,True,False,False,2009-07-01,2020-07-01,1
4785,FC Baniyas,FC Baniyas,transfers,False,True,False,False,2018-08-27,2025-07-01,1
4792,Kilkisiakos,Kilkisiakos,games,False,False,True,False,2024-09-08,2024-09-08,1
4793,JVC Cuijk,JVC Cuijk,games | transfers,False,True,True,False,2012-09-25,2018-08-18,1
4795,FC Ingolstadt 04,FC Ingolstadt | FC Ingolstadt 04,clubs | games | transfers,True,True,True,False,2012-07-01,2026-06-30,2
4807,FC Shirak Gyumri,FC Shirak Gyumri | Shirak Gyumri,games | transfers,False,True,True,False,2012-07-05,2020-08-27,2
4814,Naval 1º de Maio,Naval 1º de Maio,games,False,False,True,False,2012-07-29,2013-01-09,1
4864,Clube Oriental Lissabon,Clube Oriental Lissabon | Oriental,games | transfers,False,True,True,False,2014-07-30,2016-07-06,2
4882,SV Eichede,SV Eichede,games,False,False,True,False,2017-08-12,2017-08-12,1
4883,Blau-Weiß Lohne,Blau-Weiß Lohne,games,False,False,True,False,2022-07-31,2025-08-17,1
4900,Bayern Alzenau,Bayern Alzenau,transfers,False,True,False,False,2020-01-01,2020-07-01,1
4906,Macaé,Macaé,transfers,False,True,False,False,2017-07-14,2017-10-30,1
4929,Darmstadt 98 II,Darmstadt 98 II,transfers,False,True,False,False,2024-07-01,2024-07-01,1
4941,Club León FC,Club León FC | León,clubs | games | transfers,True,True,True,False,2023-12-15,2026-04-26,2
4947,Sepahan,Sepahan,transfers,False,True,False,False,2025-08-18,2025-08-18,1
4949,FK Bokelj,FK Bokelj,games,False,False,True,False,2016-06-30,2016-07-07,1
4955,SC Wiedenbrück,SC Wiedenbrück,games | transfers,False,True,True,False,2011-07-01,2024-06-30,1
4959,SC Otelul Galati,SC Otelul Galati,clubs | games,True,False,True,False,2024-07-15,2026-03-08,1
4961,Querétaro FC,Querétaro FC,clubs | games | transfers,True,True,True,False,2021-07-01,2026-04-25,1
5008,TuS Makkabi Berlin,TuS Makkabi Berlin,games,False,False,True,False,2023-08-13,2023-08-13,1
5026,Lommel SK,Lommel SK,transfers,False,True,False,False,2017-07-01,2025-09-05,1
5027,Västra Frölunda,Västra Frölunda,transfers,False,True,False,False,2012-08-01,2013-01-04,1
5051,University AFC,University AFC,games,False,False,True,False,2012-08-25,2023-09-23,1
5069,Plateau United,Plateau United,transfers,False,True,False,False,2018-07-01,2021-09-01,1
5084,Valmiera FC,Valmiera | Valmiera FC,games | transfers,False,True,True,False,2020-08-27,2023-08-17,2
5090,Orestis Orestiadas,Orestis Orestiadas,games | transfers,False,True,True,False,2024-07-18,2024-09-08,1
5091,Naestved Boldklub,Naestved BK | Naestved Boldklub,games | transfers,False,True,True,False,2012-09-25,2026-01-01,2
5129,Mozambique,Mozambique,games,False,False,True,False,2025-12-24,2026-01-05,1
5137,Burghausen II,Burghausen II,transfers,False,True,False,False,2006-07-01,2007-07-01,1
5147,United Arab Emirates,United Arab Emirates,games | national_teams,False,False,True,True,2024-01-14,2024-01-28,1
5148,North Macedonia,North Macedonia,games | national_teams,False,False,True,True,2021-06-13,2021-06-21,1
5151,SV Schott Jena,SV Schott Jena,games,False,False,True,False,2013-08-04,2013-08-04,1
5155,Metalurgi Rustavi,Metalurgi R. | Metalurgi Rustavi,games | transfers,False,True,True,False,2011-07-01,2012-07-26,2
5163,Brindisi,Brindisi,transfers,False,True,False,False,2022-07-19,2023-06-30,1
5174,Pavia,FC Pavia 1911 | Pavia,games | transfers,False,True,True,False,2012-07-01,2025-07-20,2
5196,Falkenbergs FF,Falkenbergs FF,transfers,False,True,False,False,2015-02-11,2021-01-01,1
5202,Västerås Sportklubb FK,Västerås SK | Västerås Sportklubb FK,clubs | games | transfers,True,True,True,False,2014-08-11,2026-07-04,2
5219,AOK Kerkyra,AO Kerkyra | AOK Kerkyra,clubs | games | transfers,True,True,True,False,2006-07-01,2019-10-02,2
5220,GS Ergotelis,Ergotelis | GS Ergotelis,clubs | games | transfers,True,True,True,False,2012-10-24,2022-09-28,2
5223,Maccabi Netanya,Maccabi Netanya,games | transfers,False,True,True,False,2012-07-19,2024-07-23,1
5225,Zbrojovka Brno,Zbrojovka Brno,transfers,False,True,False,False,2021-01-01,2021-07-09,1
5227,Atlético CP,Atlético CP,games | transfers,False,True,True,False,2008-07-01,2025-08-21,1
5228,FK Atlantas Klaipeda (-2020),Atlantas | FK Atlantas Klaipeda (-2020),games | transfers,False,True,True,False,2013-01-01,2017-07-06,2
5232,Juventus Youth,Juventus Youth,transfers,False,True,False,False,2012-07-01,2023-07-01,1
5233,Bolivia,Bolivia,games | national_teams,False,False,True,True,2024-06-23,2024-07-02,1
5242,Man Utd U18,Man Utd U18,transfers,False,True,False,False,2006-07-01,2025-07-01,1
5243,Parma U19,Parma U19 | Parma U20,transfers,False,True,False,False,2009-07-01,2025-07-31,2
5263,TuS Erndtebrück,TuS Erndtebrück,games,False,False,True,False,2015-08-07,2018-08-18,1
5268,FC Moscow,FC Moscow,transfers,False,True,False,False,2006-01-01,2011-01-01,1
5280,Offenburger FV,Offenburger FV,games,False,False,True,False,2012-08-18,2012-08-18,1
5287,Chernomorets Novorossijsk,Chernomorets N. | Chernomorets Novorossijsk,games | transfers,False,True,True,False,2012-08-05,2026-06-30,2
5295,Aachen U19,Aachen U19,transfers,False,True,False,False,2007-07-01,2009-07-01,1
5299,FC Basel U21,FC Basel U21,transfers,False,True,False,False,2002-07-01,2022-07-01,1
5300,FSV Union Fürstenwalde,FSV Union Fürstenwalde,games,False,False,True,False,2020-09-12,2020-09-12,1
5328,SF Baumberg,SF Baumberg,games,False,False,True,False,2013-08-03,2013-08-03,1
5343,Wolfsburg U19,Wolfsburg U19,transfers,False,True,False,False,2009-07-01,2025-07-11,1
5358,SD Huesca,SD Huesca,clubs | games | transfers,True,True,True,False,2012-09-12,2025-12-17,1
5369,Mainz 05 U19,Mainz 05 U19,transfers,False,True,False,False,2013-07-01,2023-07-01,1
5370,Karlsruhe U19,Karlsruhe U19,transfers,False,True,False,False,2008-07-01,2021-01-26,1
5372,Frankfurt U19,Frankfurt U19,transfers,False,True,False,False,2015-07-01,2025-07-01,1
5378,Vasas FC,Vasas FC,games | transfers,False,True,True,False,2015-07-09,2018-07-18,1
5379,FC Augsburg II,FC Augsburg II,transfers,False,True,False,False,2016-07-01,2025-07-01,1
5380,Inter U19,Inter U19 | Inter U20,transfers,False,True,False,False,2005-07-01,2025-08-14,2
5381,Al-Khor SC,Al-Khor SC,transfers,False,True,False,False,2016-08-19,2022-07-01,1
5405,Sloboda Tuzla,FK Sloboda Tuzla | Sloboda Tuzla,games | transfers,False,True,True,False,2012-08-10,2020-07-10,2
5407,SR Colmar,SR Colmar,transfers,False,True,False,False,2013-07-02,2015-07-01,1
5411,FC Honka,FC Honka,games | transfers,False,True,True,False,2013-01-01,2023-07-20,1
5432,Al-Nasr,Al-Nasr,transfers,False,True,False,False,2018-09-18,2024-07-11,1
5446,SV Alemannia Waldalgesheim,SV Alemannia Waldalgesheim,games,False,False,True,False,2014-08-15,2014-08-15,1
5460,FT Braunschweig,FT Braunschweig,games,False,False,True,False,2014-08-16,2014-08-16,1
5494,Luzern U21,Luzern U21,transfers,False,True,False,False,2014-07-01,2026-02-17,1
5499,StadeLO,StadeLO,transfers,False,True,False,False,2025-09-08,2025-09-08,1
5501,FC Zürich U21,FC Zürich U21,transfers,False,True,False,False,2016-07-01,2019-12-31,1
5502,GC Zürich U21,GC Zürich U21,transfers,False,True,False,False,2015-01-01,2016-07-01,1
5508,BSC YB U21,BSC YB U21,transfers,False,True,False,False,2016-07-01,2018-01-04,1
5514,Lecco,Calcio Lecco 1912 | Lecco,games | transfers,False,True,True,False,2015-08-02,2024-07-17,2
5539,AO Chalkis,AO Chalkis,games,False,False,True,False,2018-08-26,2018-08-26,1
5540,AGS Kastoria,AGS Kastoria | AS Kastoria 1980,games | transfers,False,True,True,False,2008-01-01,2023-08-27,2
5543,SSD Chieti Calcio,Chieti | SSD Chieti Calcio,games | transfers,False,True,True,False,2012-08-05,2015-07-01,2
5544,1.FC Slovacko,1.FC Slovacko | Slovacko,clubs | games | transfers,True,True,True,False,2016-09-08,2026-04-25,2
5545,FC Zlin,FC Zlin | Fastav Zlin | Tescoma Zlin,clubs | games | transfers,True,True,True,False,2010-07-01,2026-04-25,3
5546,FK Mlada Boleslav,FK Mlada Boleslav | Mlada Boleslav,clubs | games | transfers,True,True,True,False,2012-07-19,2026-04-25,2
5547,Israel,Israel,national_teams,False,False,False,True,,,1
5548,Worcester City,Worcester City,games | transfers,False,True,True,False,2014-11-09,2016-05-31,1
5551,Newcastle United Jets,Newcastle | Newcastle United Jets,clubs | games | transfers,True,True,True,False,2021-08-20,2026-04-25,2
5560,BSV Schwarz-Weiß Rehden,BSV Schwarz-Weiß Rehden,games,False,False,True,False,2013-08-05,2022-07-31,1
5572,Niki Volou,Niki Volou,clubs | games | transfers,True,True,True,False,2006-01-01,2026-02-09,1
5580,Loch Ness FC,Loch Ness FC,games,False,False,True,False,2023-08-12,2023-08-12,1
5584,Astrea,Astrea,transfers,False,True,False,False,2004-07-01,2005-06-30,1
5585,SS Barletta Calcio,SS Barletta Calcio,games,False,False,True,False,2012-08-05,2012-08-05,1
5587,SS Juve Stabia,Juve Stabia | SS Juve Stabia,games | transfers,False,True,True,False,2008-07-01,2026-06-30,2
5590,Castrovillari,Castrovillari,transfers,False,True,False,False,2021-03-11,2021-09-16,1
5594,Portadown FC,Portadown FC,games,False,False,True,False,2012-07-03,2012-07-26,1
5598,China,China,games | national_teams,False,False,True,True,2024-01-13,2024-01-22,1
5610,Sarajevo U19,Sarajevo U19,transfers,False,True,False,False,2016-02-10,2019-07-01,1
5615,Alma Juventus Fano 1906,Alma Juventus Fano 1906,games,False,False,True,False,2015-08-02,2015-08-02,1
5618,Lecce U19,Lecce U19 | Lecce U20,transfers,False,True,False,False,2018-07-29,2026-06-30,2
5619,Aalesunds Fotballklubb,Aalesund | Aalesunds Fotballklubb,clubs | games | transfers,True,True,True,False,2012-07-19,2026-05-29,2
5621,Reggiana,AC Reggiana 1919 | Reggiana,games | transfers,False,True,True,False,2012-07-09,2030-06-30,2
5623,Morelia,Morelia,transfers,False,True,False,False,2022-01-01,2023-01-01,1
5646,VfB Eichstätt,VfB Eichstätt,games,False,False,True,False,2019-08-11,2019-08-11,1
5647,Rostocker FC 1895,Rostocker FC 1895,games,False,False,True,False,2023-08-13,2023-08-13,1
5648,Gimnàstic de Tarragona,Gimnàstic | Gimnàstic de Tarragona,games | transfers,False,True,True,False,2011-06-30,2026-02-02,2
5649,A. Malagueño,A. Malagueño | Atl. Malagueño | Málaga B,transfers,False,True,False,False,2008-07-01,2021-07-04,3
5650,Pontevedra CF,Pontevedra CF,games | transfers,False,True,True,False,2015-09-02,2025-12-03,1
5660,Linlithgow Rose FC,Linlithgow Rose | Linlithgow Rose FC,games | transfers,False,True,True,False,2013-09-14,2025-11-28,2
5662,Puebla FC,Puebla FC,clubs | games,True,False,True,False,2025-01-13,2026-04-25,1
5663,Cagliari Youth,Cagliari Youth,transfers,False,True,False,False,2017-07-01,2017-07-01,1
5674,Northern Ireland,Northern Ireland,games | national_teams,False,False,True,True,2016-06-12,2016-06-25,1
5676,Thailand,Thailand,games | national_teams,False,False,True,True,2024-01-16,2024-01-30,1
5677,Vila Nova FC,Vila Nova FC,transfers,False,True,False,False,2005-01-01,2024-02-21,1
5679,Arsenal U18,Arsenal U18,transfers,False,True,False,False,2008-07-01,2025-07-01,1
5681,Radnicki BG,Radnicki BG,transfers,False,True,False,False,2022-08-05,2023-02-10,1
5689,Cracovia,Cracovia,clubs | games | transfers,True,True,True,False,2016-06-30,2026-05-23,1
5704,Gabon,Gabon,games,False,False,True,False,2025-12-24,2025-12-31,1
5707,Barreirense,Barreirense,transfers,False,True,False,False,2009-07-01,2024-06-30,1
5714,Dalum IF,Dalum IF,games,False,False,True,False,2016-08-09,2024-08-06,1
5716,BK Fremad Amager,BK Fremad Amager | Fremad Amager,games | transfers,False,True,True,False,2011-07-01,2025-08-05,2
5720,IfS (FCM II),IfS (FCM II),transfers,False,True,False,False,2024-07-01,2025-07-17,1
5722,,,games,False,False,True,False,2013-08-28,2014-09-24,0
5724,Randers FC,Randers FC,clubs | games | transfers,True,True,True,False,2012-07-14,2026-03-01,1
5733,Nyköbing FC,Lolland Falster | Nyköbing FC,games | transfers,False,True,True,False,2012-07-09,2025-08-05,2
5734,Young Boys FD,Young Boys FD,games,False,False,True,False,2016-08-09,2025-09-03,1
5743,Etimesgut Seker,Beypazari Seker | Etimesgut Seker,transfers,False,True,False,False,2005-08-31,2010-07-15,2
5747,La Serena,La Serena,transfers,False,True,False,False,2025-03-02,2025-03-02,1
5750,Ecuador,Ecuador,games | national_teams,False,False,True,True,2006-06-09,2026-06-25,1
5751,Nairn County FC,Nairn County | Nairn County FC,games | transfers,False,True,True,False,2012-08-25,2025-10-25,2
5761,FSV Luckenwalde,FSV Luckenwalde,transfers,False,True,False,False,2024-07-01,2024-07-01,1
5765,Fjordager IF,Fjordager IF,games,False,False,True,False,2018-08-07,2023-09-06,1
5767,Middelfart Boldklub,Middelfart | Middelfart Boldklub,games | transfers,False,True,True,False,2015-08-04,2026-01-20,2
5771,Levadia Tallinn,FCI Levadia | Levadia Tallinn,games | transfers,False,True,True,False,2012-07-05,2025-08-14,2
5776,FC Fredericia,FC Fredericia,clubs | games | transfers,True,True,True,False,2011-03-01,2026-03-01,1
5777,Greve Fodbold,Greve Fodbold,games | transfers,False,True,True,False,2014-12-04,2023-08-08,1
5781,Skive IK,Skive IK,games | transfers,False,True,True,False,2014-07-01,2025-09-02,1
5784,Aarhus Fremad,Aarhus Fremad,games | transfers,False,True,True,False,2012-09-25,2025-09-24,1
5790,B1909 Odense,B1909 Odense,games,False,False,True,False,2016-08-31,2025-09-03,1
5791,B1913 Odense,B1913 Odense,games,False,False,True,False,2015-08-12,2024-09-04,1
5792,Boldklubben Skjold,Boldklubben Skjold,games,False,False,True,False,2019-08-07,2025-09-03,1
5817,Sönderjyske Fodbold,SönderjyskE | Sönderjyske | Sönderjyske Fodbold,clubs | games | transfers,True,True,True,False,2012-07-14,2026-06-30,3
5818,Hobro IK,Hobro IK,clubs | games | transfers,True,True,True,False,2013-08-28,2025-10-29,1
5834,Lystrup IF,Lystrup IF,games,False,False,True,False,2015-09-29,2019-08-08,1
5838,Ringköbing IF,Ringköbing IF,games,False,False,True,False,2016-08-09,2024-08-06,1
5840,Roskilde KFUM,Roskilde KFUM,games,False,False,True,False,2015-09-22,2023-08-08,1
5842,VSK Aarhus,VSK Aarhus,games,False,False,True,False,2014-12-03,2025-09-23,1
5843,Solröd FC,Solröd FC,games,False,False,True,False,2020-09-02,2024-09-04,1
5849,Víkingur Reykjavík,Víkingur | Víkingur Reykjavík,games | transfers,False,True,True,False,2011-05-09,2025-08-14,2
5850,Virum-Sorgenfri BK,Virum-Sorgenfri BK,games,False,False,True,False,2017-08-08,2021-08-05,1
5862,ND Gorica,ND Gorica,games | transfers,False,True,True,False,2013-07-12,2017-07-20,1
5866,Brönshöj Boldklub,Brönshöj BK | Brönshöj Boldklub,games | transfers,False,True,True,False,2012-10-03,2025-12-31,2
5868,Pedras Rubras,Pedras Rubras,transfers,False,True,False,False,2016-07-01,2017-07-01,1
5869,Glostrup FK,Glostrup FK,games,False,False,True,False,2020-09-02,2023-08-08,1
5870,,,games,False,False,True,False,2017-08-14,2017-08-14,0
5872,Burkina Faso,Burkina Faso,games,False,False,True,False,2025-12-24,2026-01-06,1
5874,Brabrand IF,Brabrand IF,games | transfers,False,True,True,False,2014-09-23,2025-08-05,1
5881,Hedensted IF,Hedensted IF,games,False,False,True,False,2017-08-09,2022-08-30,1
5883,Jetsmark IF,Jetsmark IF,games,False,False,True,False,2023-08-09,2023-08-09,1
5886,Kolding FC,Kolding FC,transfers,False,True,False,False,2009-08-01,2011-03-01,1
5889,Naesby Boldklub,Naesby BK | Naesby Boldklub,games | transfers,False,True,True,False,2013-09-25,2025-08-29,2
5892,Slagelse B&I,Slagelse B&I,games,False,False,True,False,2017-08-08,2022-08-02,1
5904,Varde IF,Varde IF,games,False,False,True,False,2014-12-01,2024-08-06,1
5906,Aalborg Chang,Aalborg Chang,games,False,False,True,False,2013-09-26,2024-08-06,1
5918,Otterup B&IK,Otterup B&IK,games,False,False,True,False,2012-10-03,2023-08-09,1
5925,Avarta,Avarta,games,False,False,True,False,2015-08-12,2025-08-05,1
5929,Aabenraa BK,Aabenraa BK,games,False,False,True,False,2022-08-02,2023-09-06,1
5947,Svebölle BI,Svebölle BI,games,False,False,True,False,2012-09-25,2024-08-06,1
5957,FC Nakskov,FC Nakskov,games,False,False,True,False,2016-08-09,2025-09-02,1
5964,,,games,False,False,True,False,2021-08-04,2021-08-04,0
5970,FK Siauliai (-2016),FK Siauliai (-2016),games,False,False,True,False,2012-07-05,2012-07-12,1
5972,Rudar Pljevlja,Rudar Pljevlja,games,False,False,True,False,2012-07-05,2018-07-19,1
5987,Vordingborg IF,Vordingborg IF,games,False,False,True,False,2018-08-07,2021-09-07,1
6000,Herlev IF,Herlev IF,games | transfers,False,True,True,False,2016-02-01,2024-09-03,1
6012,IK Frej Täby,IK Frej Täby,transfers,False,True,False,False,2013-02-02,2020-11-30,1
6017,IFK Mariehamn,IFK Mariehamn,games | transfers,False,True,True,False,2013-07-04,2026-01-13,1
6023,Sanjoanense,Sanjoanense,transfers,False,True,False,False,2015-07-01,2023-07-04,1
6025,Hapoel Acre,Hapoel Acre,transfers,False,True,False,False,2025-07-01,2025-07-01,1
6028,Ironi Kiryat Shmona,Ironi Kiryat Shmona | Kiryat Shmona,games | transfers,False,True,True,False,2012-07-17,2025-07-01,2
6044,Plaza Colonia,Plaza Colonia,transfers,False,True,False,False,2023-01-31,2024-02-09,1
6055,ETO FC,ETO FC | ETO FC Győr,games | transfers,False,True,True,False,2012-07-01,2025-10-02,2
6064,Belvedere FC,Belvedere FC,transfers,False,True,False,False,2016-07-01,2016-07-01,1
6066,Dundalk FC,Dundalk FC,games | transfers,False,True,True,False,2014-07-01,2024-06-30,1
6069,University College Dublin,University College Dublin,games,False,False,True,False,2015-07-02,2015-07-23,1
6070,Al-Khaleej Club (Saihat),Al-Khaleej | Al-Khaleej Club (Saihat),clubs | games | transfers,True,True,True,False,2022-07-12,2026-05-20,2
6079,Persepolis,Persepolis,transfers,False,True,False,False,2012-07-01,2014-08-29,1
6080,Saipa FC,Saipa FC,transfers,False,True,False,False,2007-07-01,2012-07-01,1
6082,Zenit II,Zenit II,transfers,False,True,False,False,2007-01-01,2024-01-01,1
6083,Smena S-Pb,Smena S-Pb,transfers,False,True,False,False,2010-01-01,2010-01-01,1
6085,Spartak Tambov (-2014),Spartak Tambov (-2014),games,False,False,True,False,2012-07-11,2012-07-11,1
6089,Casarano Calcio,Casarano Calcio,games,False,False,True,False,2020-09-23,2020-09-30,1
6090,Moldova,Moldova,national_teams,False,False,False,True,,,1
6098,PO Atsaleniou,PO Atsaleniou,games,False,False,True,False,2019-08-25,2021-09-12,1
6100,APO Keratsini,APO Keratsini,games,False,False,True,False,2021-09-05,2021-09-12,1
6105,FC Ashdod,FC Ashdod,games | transfers,False,True,True,False,2016-07-01,2024-07-01,1
6107,Morski Związkowy Klub Sportowy Arka Gdynia Spółka Akcyjna,Arka Gdynia | Morski Związkowy Klub Sportowy Arka Gdynia Spółka Akcyjna,clubs | games | transfers,True,True,True,False,2017-07-27,2026-05-23,2
6110,Korona Kielce,Korona Kielce,clubs | games,True,False,True,False,2024-07-20,2026-05-23,1
6112,Piast Gliwice,Piast Gliwice,clubs | games | transfers,True,True,True,False,2012-07-31,2026-05-23,1
6119,Operário,Operário,transfers,False,True,False,False,2006-07-01,2007-07-01,1
6128,VfL Oldenburg,VfL Oldenburg,games,False,False,True,False,2021-08-08,2021-08-08,1
6130,VV Ter Leede,VV Ter Leede,games,False,False,True,False,2013-08-28,2022-08-13,1
6131,Dynamo Brest,Dynamo Brest,games | transfers,False,True,True,False,2016-07-01,2026-06-15,1
6133,Estonia,Estonia,national_teams,False,False,False,True,,,1
6139,Åtvidabergs FF,Åtvidabergs FF,transfers,False,True,False,False,2014-01-20,2015-12-01,1
6141,Lousada,Lousada,transfers,False,True,False,False,2010-07-01,2012-07-01,1
6144,GD Ribeirão,GD Ribeirão,transfers,False,True,False,False,2010-07-01,2015-07-01,1
6150,USC Paloma Hamburg,USC Paloma Hamburg,games,False,False,True,False,2014-08-17,2014-08-17,1
6156,GD Tourizense,GD Tourizense,transfers,False,True,False,False,2006-08-01,2015-07-01,1
6160,De Treffers,De Treffers,games,False,False,True,False,2013-09-26,2026-01-20,1
6163,FK Senica,FK Senica | FK Senica (- 2022),games | transfers,False,True,True,False,2012-07-05,2021-01-22,2
6168,Barrow AFC,Barrow | Barrow AFC,games | transfers,False,True,True,False,2012-11-03,2026-05-31,2
6169,Dulwich Hamlet,Dulwich Hamlet,games | transfers,False,True,True,False,2016-01-02,2019-11-08,1
6170,KÍ Klaksvík,KÍ Klaksvík,games,False,False,True,False,2017-06-29,2025-08-14,1
6181,FK Daugava Riga,FK Daugava Riga,games,False,False,True,False,2014-07-03,2014-07-10,1
6182,Valencia B,Valencia B,transfers,False,True,False,False,2007-07-01,2026-06-30,1
6188,Johnstone Burgh FC,Johnstone Burgh FC,games,False,False,True,False,2025-08-09,2025-10-25,1
6189,Spartak II,Spartak II,transfers,False,True,False,False,2005-01-01,2025-06-30,1
6195,SSC Napoli,Napoli | SSC Napoli,clubs | games | transfers,True,True,True,False,2011-07-01,2026-06-30,2
6199,Aberdeen FC B,Aberdeen FC B,transfers,False,True,False,False,2018-07-01,2026-05-31,1
6200,FC Twente U19,FC Twente U19 | Twente/Her U19,transfers,False,True,False,False,2009-07-01,2025-07-01,2
6201,Banik Ostrava B,Banik Ostrava B,transfers,False,True,False,False,2015-01-01,2015-07-31,1
6212,Real Ávila CF,Real Ávila | Real Ávila CF,games | transfers,False,True,True,False,2010-07-01,2025-12-04,2
6219,Armenia,Armenia,national_teams,False,False,False,True,,,1
6227,RB Juniors,RB Juniors,transfers,False,True,False,False,2009-01-01,2012-07-01,1
6248,NK Domzale,NK Domzale,games | transfers,False,True,True,False,2013-07-04,2023-07-18,1
6249,Dynamo-2 Kyiv,Dynamo 2 Kyiv | Dynamo-2 Kyiv,transfers,False,True,False,False,2003-07-01,2016-07-21,2
6251,Kuopion Palloseura,KuPS | Kuopion Palloseura,games | transfers,False,True,True,False,2012-07-05,2026-02-26,2
6266,Cavese,Cavese | Cavese 1919,games | transfers,False,True,True,False,2019-08-04,2021-02-01,2
6267,Ilysiakos,Ilysiakos | Ilysiakos AO,games | transfers,False,True,True,False,2008-07-01,2019-08-28,2
6297,Al-Gharafa,Al-Gharafa | Al-Gharafa SC,transfers,False,True,False,False,2024-07-02,2026-06-30,2
6303,Mexico,Mexico,games | national_teams,False,False,True,True,2006-06-11,2026-06-25,1
6304,KSV Oudenaarde,KSV Oudenaarde,transfers,False,True,False,False,2025-09-02,2026-07-01,1
6320,Thermaikos Thermis,Thermaikos Thermis,games,False,False,True,False,2019-08-25,2021-08-29,1
6321,Vancouver Whitecaps FC,Vancouver | Vancouver Whitecaps FC,clubs | games | transfers,True,True,True,False,2020-02-28,2026-05-24,2
6324,Penicuik Athletic FC,Penicuik Athletic FC,games,False,False,True,False,2019-08-10,2024-08-31,1
6325,Pollok FC,Pollok FC,games,False,False,True,False,2022-08-27,2025-09-27,1
6326,Paris SG U19,Paris SG U19,transfers,False,True,False,False,2008-07-01,2024-08-06,1
6334,Motherwell B,Motherwell B,transfers,False,True,False,False,2018-07-01,2025-08-18,1
6335,Valletta FC,Valletta | Valletta FC,games | transfers,False,True,True,False,2012-07-03,2020-08-27,2
6340,Braintree Town,Braintree | Braintree Town,games | transfers,False,True,True,False,2012-02-01,2025-11-01,2
6342,White Star,White Star | WhiteStar Woluwe,transfers,False,True,False,False,2013-01-31,2014-07-01,2
6347,Paysandu,Paysandu,transfers,False,True,False,False,2013-01-01,2025-12-31,1
6356,Mamelodi Sundowns FC,Mamelodi Sundowns FC | Sundowns,games | transfers,False,True,True,False,2016-12-11,2025-09-26,2
6357,St. Mirren B,St. Mirren B,transfers,False,True,False,False,2019-07-01,2024-05-01,1
6359,Tayport FC,Tayport FC,games,False,False,True,False,2022-08-27,2025-10-25,1
6361,Podbeskidzie,Podbeskidzie,transfers,False,True,False,False,2020-10-01,2023-08-24,1
6362,SD Aucas,SD Aucas,transfers,False,True,False,False,2020-06-24,2021-07-21,1
6365,FC Locomotive,FC Locomotive | FC Locomotive Tbilisi,games | transfers,False,True,True,False,2014-01-01,2022-01-31,2
6371,FUS Rabat,FUS Rabat,transfers,False,True,False,False,2013-07-01,2018-07-01,1
6377,Viagem Usti n/L,Viagem Usti n/L,transfers,False,True,False,False,2026-02-12,2026-02-12,1
6387,Valenciano,Valenciano,transfers,False,True,False,False,2010-01-01,2010-07-01,1
6390,Alta,Alta,transfers,False,True,False,False,2015-01-23,2015-12-31,1
6392,Vigør,Vigør,transfers,False,True,False,False,2016-08-02,2016-08-02,1
6399,Sandefjord Fotball,Sandefjord | Sandefjord Fotball,clubs | games | transfers,True,True,True,False,2021-08-31,2026-05-30,2
6400,Buckie Thistle FC,Buckie Thistle | Buckie Thistle FC,games | transfers,False,True,True,False,2012-08-25,2025-11-29,2
6402,AO Mandraikos,AO Mandraikos,games,False,False,True,False,2024-09-08,2024-09-15,1
6407,Dinamo St. Petersburg (-2018),Dinamo S-Pb | Dinamo St. Petersburg (-2018),games | transfers,False,True,True,False,2010-08-01,2018-07-01,2
6410,FK Slavyanskiy (-2013),FK Slavyanskiy (-2013),games,False,False,True,False,2012-08-05,2012-08-05,1
6413,Lada Dimitrovgrad,Lada Dimitrovgrad,games,False,False,True,False,2018-07-30,2020-08-19,1
6414,Metalist Kharkiv (- 2016),Metalist Kharkiv | Metalist Kharkiv (- 2016),clubs | games | transfers,True,True,True,False,2008-10-01,2016-08-16,2
6418,Panetolikos Agrinio,Panetolikos | Panetolikos Agrinio,clubs | games | transfers,True,True,True,False,2008-07-01,2026-03-22,2
6419,Pskov-747 (-2020),Pskov-747 | Pskov-747 (-2020),games | transfers,False,True,True,False,2012-07-30,2019-07-28,2
6422,MFK Mykolaiv,MFC Mykolaiv | MFK Mykolaiv,games | transfers,False,True,True,False,2012-08-22,2022-01-22,2
6429,FC Universitatea Cluj,FC Universitatea Cluj | U Cluj,clubs | games | transfers,True,True,True,False,2022-09-04,2026-03-07,2
6430,Uralets-TS Nizhniy Tagil,Uralets-TS Nizhniy Tagil,games,False,False,True,False,2023-08-02,2025-08-07,1
6432,Volgar Astrakhan,Volgar | Volgar Astrakhan,games | transfers,False,True,True,False,2012-09-01,2025-09-24,2
6433,Zenit Izhevsk,Zenit Izhevsk,games | transfers,False,True,True,False,2012-07-15,2023-06-30,1
6434,Zvezda Perm,Zvezda Perm,games,False,False,True,False,2018-07-30,2021-07-28,1
6436,Metallurg Magnitogorsk,Metallurg Magnitogorsk,games,False,False,True,False,2019-07-28,2019-07-28,1
6441,Zhemchuzhina,Zhemchuzhina,transfers,False,True,False,False,2011-01-01,2011-08-01,1
6450,WH Yangtze,WH Yangtze | WH Zall,transfers,False,True,False,False,2019-01-31,2021-08-18,2
6456,GKS GieKSa Katowice Spółka Akcyjna,GKS GieKSa Katowice Spółka Akcyjna | GKS Katowice,clubs | games | transfers,True,True,True,False,2018-08-31,2026-05-23,2
6461,PAO Rouf,PAO Rouf,games | transfers,False,True,True,False,2011-01-01,2021-09-12,1
6478,LD Alajuelense,LD Alajuelense,transfers,False,True,False,False,2013-07-01,2024-07-01,1
6483,Sparta Prague B,Sparta Prague B,transfers,False,True,False,False,2012-07-01,2022-07-28,1
6495,Atlético Bucaramanga,Atlético Bucaramanga,clubs | games,True,False,True,False,2025-07-13,2025-11-14,1
6499,Foundation Coorperation Hana Financial Group Inc. Football Club,Daejeon Citizen | Foundation Coorperation Hana Financial Group Inc. Football Club,clubs | games | transfers,True,True,True,False,2016-03-04,2026-07-04,2
6500,Football Club Seoul,FC Seoul | Football Club Seoul,clubs | games | transfers,True,True,True,False,2024-06-20,2026-07-05,2
6502,Jeonbuk Hyundai Motors,Jeonbuk Hyundai | Jeonbuk Hyundai Motors,clubs | games | transfers,True,True,True,False,2016-12-11,2026-07-04,2
6503,Jeonnam Dragons,Jeonnam Dragons,transfers,False,True,False,False,2025-06-26,2025-06-26,1
6504,Daegu FC,Daegu FC,clubs | games | transfers,True,True,True,False,2022-07-06,2025-11-08,1
6505,Gimcheon Sangmu Football Club,Gimcheon Sangmu Football Club,clubs | games,True,False,True,False,2025-02-16,2026-07-05,1
6536,Palestino,Palestino,transfers,False,True,False,False,2020-01-31,2021-01-29,1
6541,Slavia Prague B,Slavia Prague B,transfers,False,True,False,False,2021-01-01,2025-07-11,1
6547,Darvel FC,Darvel FC,games,False,False,True,False,2021-09-18,2025-09-27,1
6549,VV De Bataven Gendt,VV De Bataven Gendt,games,False,False,True,False,2014-08-27,2014-08-27,1
6560,Z. Sosnowiec,Z. Sosnowiec,transfers,False,True,False,False,2016-07-13,2024-07-01,1
6563,Astur CF,Astur CF,games,False,False,True,False,2024-10-09,2024-10-29,1
6566,AB Youth,AB Youth,transfers,False,True,False,False,2008-07-01,2022-07-01,1
6567,Auchinleck Talbot FC,Auchinleck | Auchinleck Talbot FC,games | transfers,False,True,True,False,2013-09-14,2026-01-18,2
6572,Montpellier B,Montpellier B,transfers,False,True,False,False,2008-07-01,2025-07-01,1
6574,US Sassuolo,Sassuolo | US Sassuolo,clubs | games | transfers,True,True,True,False,2012-08-12,2026-05-24,2
6579,Sudbury,AFC Sudbury | Sudbury,games | transfers,False,True,True,False,2019-07-01,2021-11-05,2
6591,Dundee Utd. B,Dundee Utd. B,transfers,False,True,False,False,2020-12-12,2025-01-29,1
6600,Sport Club Internacional,Internacional | Sport Club Internacional,clubs | games | transfers,True,True,True,False,2010-01-01,2026-05-31,2
6601,SV Blerick,SV Blerick,games,False,False,True,False,2015-08-26,2015-08-26,1
6602,Libya,Libya,national_teams,False,False,False,True,,,1
6603,Wydad AC,Wydad AC | Wydad Casablanca,games | transfers,False,True,True,False,2017-12-09,2026-01-07,2
6609,UD Lanzarote,UD Lanzarote,games,False,False,True,False,2024-10-29,2024-10-29,1
6611,AKA Austria U18,AKA Austria U18,transfers,False,True,False,False,2018-07-01,2019-07-01,1
6614,SVV Scheveningen,SVV Scheveningen,games,False,False,True,False,2012-09-25,2025-09-23,1
6619,Banat Zrenjanin,Banat Zrenjanin,transfers,False,True,False,False,2006-07-01,2007-07-01,1
6620,CSK Celarevo,CSK Celarevo,transfers,False,True,False,False,2017-07-01,2018-01-26,1
6621,FK Cukaricki,Cukaricki | FK Cukaricki,clubs | games | transfers,True,True,True,False,2014-07-03,2026-04-09,2
6622,FK Mladost Lucani,FK Mladost Lucani | Mladost,clubs | games | transfers,True,True,True,False,2017-06-29,2026-04-08,2
6626,PAO U19,PAO U19 | PAO U20 | PAO U21,transfers,False,True,False,False,2006-12-21,2025-10-06,3
6630,Sanliurfaspor,Sanliurfaspor,transfers,False,True,False,False,2015-01-13,2026-01-29,1
6631,Tokyo Football Club,FC Tokyo | Tokyo Football Club,clubs | games | transfers,True,True,True,False,2022-02-01,2025-12-06,2
6632,Hitachi Kashiwa Reysol,Hitachi Kashiwa Reysol,clubs | games,True,False,True,False,2025-02-15,2025-12-06,1
6638,CF Badalona,CF Badalona,games,False,False,True,False,2012-08-29,2020-01-22,1
6640,Club Bruges U19,Club Bruges U19,transfers,False,True,False,False,2012-07-01,2018-07-01,1
6643,Real Salt Lake,Real Salt Lake | Salt Lake,clubs | games | transfers,True,True,True,False,2021-05-30,2026-05-23,2
6646,Fatih Karagümrük,Fatih Karagümrük | Karagümrük,clubs | games | transfers,True,True,True,False,2015-08-06,2026-05-16,2
6647,Chanticleers,Chanticleers,transfers,False,True,False,False,2021-01-01,2022-11-19,1
6665,CD Basconia,CD Basconia,transfers,False,True,False,False,2010-01-01,2022-01-01,1
6671,Olympia Volgograd,Olympia Volgograd,games,False,False,True,False,2012-07-11,2013-07-07,1
6672,Salyut Belgorod,Salyut Belgorod,games | transfers,False,True,True,False,2003-01-01,2025-09-11,1
6673,SKA Rostov-na-Donu,SKA Rostov | SKA Rostov-na-Donu,games | transfers,False,True,True,False,2006-07-01,2025-10-11,2
6675,Düsseldorf U19,Düsseldorf U19,transfers,False,True,False,False,2021-07-01,2023-07-06,1
6676,A.G.S Asteras Tripolis,A.G.S Asteras Tripolis | Asteras Aktor | Asteras Tripoli,clubs | games | transfers,True,True,True,False,2012-07-19,2026-03-22,3
6678,Thrasyvoulos Fylis,Thrasyvoulos | Thrasyvoulos Fylis,games | transfers,False,True,True,False,2009-01-01,2012-12-20,2
6683,Canvey Island FC,Canvey Island FC,games,False,False,True,False,2020-11-07,2020-11-30,1
6684,Gainsborough Trinity,Gainsborough Trinity,games,False,False,True,False,2015-11-08,2025-11-02,1
6685,CD Utrera,CD Utrera,games,False,False,True,False,2022-11-12,2022-11-12,1
6688,Bilbao Athletic,Bilbao Athletic,transfers,False,True,False,False,2009-01-01,2023-07-01,1
6692,Novara,Novara | Novara Calcio 1908,games | transfers,False,True,True,False,2012-08-12,2020-09-30,2
6697,Preston U19,Preston U18 | Preston U19,transfers,False,True,False,False,2002-07-01,2023-07-29,2
6699,Exeter City,Exeter City,games | transfers,False,True,True,False,2012-01-01,2026-05-31,1
6709,Atlante,Atlante,transfers,False,True,False,False,2022-07-01,2023-07-01,1
6711,Deportivo Guadalajara,Deportivo Guadalajara,clubs | games,True,False,True,False,2018-12-15,2026-04-26,1
6726,Police Tero FC,Police Tero FC,transfers,False,True,False,False,2018-02-05,2021-08-23,1
6764,Beroe Stara Zagora,Beroe | Beroe Stara Zagora,games | transfers,False,True,True,False,2013-07-18,2025-09-08,2
6767,RM Castilla,RM Castilla,transfers,False,True,False,False,2005-07-01,2024-07-12,1
6776,SSV Jeddeloh II,SSV Jeddeloh II,games | transfers,False,True,True,False,2018-08-19,2020-07-01,1
6804,Travnik,Travnik,transfers,False,True,False,False,2015-07-01,2016-01-19,1
6808,HSK Zrinjski Mostar,HSK Zrinjski Mostar | Zrinjski Mostar,games | transfers,False,True,True,False,2013-07-04,2026-02-26,2
6830,TSG Backnang,TSG Backnang,transfers,False,True,False,False,2016-07-01,2019-07-01,1
6869,Holst. Kiel U19,Holst. Kiel U19,transfers,False,True,False,False,2014-07-01,2016-07-01,1
6878,Bolívar,Bolívar,transfers,False,True,False,False,2024-07-01,2024-07-01,1
6890,Basaksehir FK,Basaksehir | Basaksehir FK | Büyüksehir Bld | Istanbul BBSK,clubs | games | transfers,True,True,True,False,2007-07-01,2026-06-30,4
6893,Southampton U18,Southampton U18,transfers,False,True,False,False,2006-08-10,2024-07-01,1
6894,Kayseri Erciyesspor,K. Erciyesspor | Kayseri Erciyesspor,clubs | games | transfers,True,True,True,False,2013-08-16,2015-06-30,2
6898,Norwich U18,Norwich U18,transfers,False,True,False,False,2013-07-01,2023-07-01,1
6908,Hayes & Yeading,Hayes & Yeading | Hayes & Yeading FC,games | transfers,False,True,True,False,2012-07-01,2021-11-06,2
6912,FC Vizela,FC Vizela | Vizela,clubs | games | transfers,True,True,True,False,2011-07-01,2026-02-02,2
6915,Bolton U18,Bolton U18,transfers,False,True,False,False,2004-07-01,2015-07-01,1
6918,Chelsea U18,Chelsea U18,transfers,False,True,False,False,2006-07-01,2025-07-01,1
6920,Everton U18,Everton U18,transfers,False,True,False,False,2011-07-01,2024-07-01,1
6922,Liverpool U18,Liverpool U18,transfers,False,True,False,False,2005-07-01,2023-07-01,1
6924,Boro U18,Boro U18,transfers,False,True,False,False,2014-07-01,2018-07-01,1
6928,Spurs U18,Spurs U18,transfers,False,True,False,False,2007-07-01,2024-07-01,1
6930,Man City U18,Man City U18,transfers,False,True,False,False,2008-07-01,2024-07-01,1
6932,Charlton U18,Charlton U18,transfers,False,True,False,False,2005-07-01,2021-07-01,1
6933,Aston Villa U18,Aston Villa U18,transfers,False,True,False,False,2004-07-01,2023-07-01,1
6938,Birmingham U18,Birmingham U18,transfers,False,True,False,False,2005-07-01,2023-07-01,1
6939,Portsmouth U18,Portsmouth U18,transfers,False,True,False,False,2005-07-01,2020-01-17,1
6942,Fulham U18,Fulham U18,transfers,False,True,False,False,2011-03-01,2025-02-13,1
6943,Newcastle U18,Newcastle U18,transfers,False,True,False,False,2005-07-19,2022-07-01,1
6945,Palace U21,Palace U21 | Palace U23,transfers,False,True,False,False,2020-07-01,2026-05-31,2
6949,Blackburn U18,Blackburn U18,transfers,False,True,False,False,2016-01-01,2022-07-01,1
6950,Palace U18,Palace U18,transfers,False,True,False,False,2008-01-01,2024-07-01,1
6951,West Brom U18,West Brom U18,transfers,False,True,False,False,2011-05-09,2022-01-20,1
6954,Central Coast Mariners,Central Coast | Central Coast Mariners,clubs | games | transfers,True,True,True,False,2019-01-30,2026-04-25,2
6984,Once Caldas,Once Caldas,clubs | games,True,False,True,False,2025-07-12,2025-11-14,1
6985,Oriente P.,Oriente P.,transfers,False,True,False,False,2026-01-27,2026-01-27,1
6986,Pinhalnovense,Pinhalnovense,transfers,False,True,False,False,2012-07-01,2021-07-01,1
6987,CD Fátima,CD Fátima,transfers,False,True,False,False,2009-07-01,2011-06-30,1
6992,Chornomorets Odesa,Chornomorets | Chornomorets Odesa,clubs | games | transfers,True,True,True,False,2010-02-01,2026-12-31,2
6993,FK Mariupol,FC Mariupol | FK Mariupol | Illichivets,clubs | games | transfers,True,True,True,False,2006-01-01,2022-09-21,3
6994,Metalurg Zaporizhya (-2016),Metalurg Z. | Metalurg Zaporizhya (-2016),clubs | games | transfers,True,True,True,False,2005-07-01,2016-05-15,2
6996,Goverla Uzhgorod (- 2016),Goverla | Goverla Uzhgorod (- 2016),clubs | games | transfers,True,True,True,False,2012-07-14,2016-06-30,2
7000,H. Nof HaGalil,H. Nof HaGalil,transfers,False,True,False,False,2021-07-12,2022-06-30,1
7001,Rapid Wien II,Rapid Wien II,transfers,False,True,False,False,2008-07-01,2023-09-01,1
7006,Melbourne Victory,Melb. Victory | Melbourne | Melbourne Victory,clubs | games | transfers,True,True,True,False,2011-07-01,2026-04-25,3
7008,AC Oulu,AC Oulu,transfers,False,True,False,False,2024-02-10,2024-12-31,1
7009,Göteborgs Atlet- och Idrottssällskap,Göteborgs Atlet- och Idrottssällskap,clubs | games,True,False,True,False,2025-03-31,2026-07-06,1
7014,SE Gama,SE Gama,transfers,False,True,False,False,2021-07-20,2023-04-06,1
7021,Einheit Wernigerode,Einheit Wernigerode,games,False,False,True,False,2022-07-30,2022-07-30,1
7025,SV Todesfelde,SV Todesfelde,games,False,False,True,False,2020-09-12,2020-09-12,1
7030,Vis Pesaro,Vis Pesaro,transfers,False,True,False,False,2023-08-25,2025-06-30,1
7042,US Boulogne,US Boulogne,transfers,False,True,False,False,2006-07-01,2025-09-14,1
7047,Maidstone United,Maidstone | Maidstone United,games | transfers,False,True,True,False,2012-07-01,2024-11-02,2
7048,Bradford PA,Bradford PA | Bradford Park Avenue,games | transfers,False,True,True,False,2012-11-03,2022-09-06,2
7052,CF Villanovense,CF Villanovense | Villanovense,games | transfers,False,True,True,False,2014-07-17,2023-12-06,2
7055,Tigres UANL,Tigres UANL,clubs | games | transfers,True,True,True,False,2016-09-02,2026-04-26,1
7056,Mafra,CD Mafra | Mafra,games | transfers,False,True,True,False,2015-07-01,2024-07-18,2
7057,Portuguesa-SP,Portuguesa-SP,transfers,False,True,False,False,2008-07-01,2008-07-01,1
7060,Agia Paraskevi,Agia Paraskevi,transfers,False,True,False,False,2007-07-01,2009-07-01,1
7067,Billericay Town,Billericay | Billericay Town,games | transfers,False,True,True,False,2017-11-05,2019-11-09,2
7073,Yverdon Youth,Yverdon Youth,transfers,False,True,False,False,2006-07-01,2006-07-01,1
7077,FC Cartagena,FC Cartagena,games | transfers,False,True,True,False,2012-08-30,2026-06-30,1
7078,Valladolid Prom,R. Valladolid B | Valladolid Prom,transfers,False,True,False,False,2008-07-01,2026-06-30,2
7081,CZ Jena II,CZ Jena II,transfers,False,True,False,False,2019-07-01,2020-07-01,1
7084,Petro Luanda,Petro Luanda,transfers,False,True,False,False,2018-07-01,2025-07-01,1
7087,MFK Ruzomberok,MFK Ruzomberok | Ruzomberok,games | transfers,False,True,True,False,2014-01-01,2024-08-29,2
7088,Fethiyespor,Fethiyespor,transfers,False,True,False,False,2018-08-30,2025-12-23,1
7090,Kapaz PFK,Kapaz PFK,games | transfers,False,True,True,False,2016-06-28,2026-01-28,1
7096,Corumbaense,Corumbaense,transfers,False,True,False,False,2021-01-01,2021-01-01,1
7097,Club Atlético Unión,Club Atlético Unión | Unión Santa Fe,clubs | games | transfers,True,True,True,False,2011-08-01,2026-05-02,2
7098,Nacional,Nacional,transfers,False,True,False,False,2019-01-07,2019-06-30,1
7110,Quick Boys,Quick Boys,games | transfers,False,True,True,False,2016-08-23,2025-10-29,1
7112,Rangers U20,Rangers U20,transfers,False,True,False,False,2007-08-01,2018-07-01,1
7116,VV IJsselmeervogels,IJsselm.vogels | VV IJsselmeervogels,games | transfers,False,True,True,False,2012-08-21,2025-09-03,2
7118,Vila Real,Vila Real,transfers,False,True,False,False,2014-07-01,2025-06-30,1
7119,Vilafranquense,UD Vilafranquense | Vilafranquense,games | transfers,False,True,True,False,2018-07-01,2023-07-01,2
7123,Maidenhead United,Maidenhead United | Maidenhead Utd.,games | transfers,False,True,True,False,2015-11-08,2024-11-02,2
7124,Quevilly Rouen,QRM | Quevilly | Quevilly Rouen,transfers,False,True,False,False,2006-07-01,2026-06-30,3
7130,JK Trans Narva,JK Trans Narva,games | transfers,False,True,True,False,2012-07-05,2023-07-20,1
7136,Envigado FC,Envigado FC,clubs | games,True,False,True,False,2025-07-12,2025-11-14,1
7146,Warta Poznan,Warta Poznan,transfers,False,True,False,False,2021-02-24,2023-01-16,1
7149,Trinidad and Tobago,Trinidad and Tobago,games,False,False,True,False,2006-06-10,2006-06-20,1
7153,Zawisza Bydgoszcz,Zawisza Bydgoszcz,games,False,False,True,False,2014-07-17,2014-07-24,1
7154,Radomiak Radom,Radomiak | Radomiak Radom,clubs | games | transfers,True,True,True,False,2021-07-07,2026-05-23,2
7160,Eyüpspor,Eyüpspor,clubs | games | transfers,True,True,True,False,2018-07-01,2026-06-30,1
7175,Follo FK,Follo FK,transfers,False,True,False,False,2015-08-18,2015-11-30,1
7178,Criciúma,Criciúma | Criciúma EC,transfers,False,True,False,False,2009-01-01,2025-09-02,2
7179,CD Tondela,CD Tondela | Tondela,clubs | games | transfers,True,True,True,False,2012-07-01,2026-05-16,2
7185,Panthrakikos Komotini,Panthrakikos | Panthrakikos Komotini,clubs | games | transfers,True,True,True,False,2009-07-01,2024-09-15,2
7189,Oliv. Hospital,Oliv. Hospital,transfers,False,True,False,False,2021-07-01,2025-06-30,1
7197,Potenza,Potenza | Potenza Calcio | Potenza SC,games | transfers,False,True,True,False,2008-01-01,2022-07-07,3
7209,ABC FC,ABC FC,transfers,False,True,False,False,2011-04-01,2023-12-31,1
7210,GD Joane,GD Joane,transfers,False,True,False,False,2013-07-01,2014-07-01,1
7211,Vianense,Vianense,transfers,False,True,False,False,2024-02-02,2024-06-30,1
7214,Bahrain,Bahrain,games,False,False,True,False,2024-01-15,2024-01-31,1
7294,VV WKE Emmen,VV WKE Emmen,games,False,False,True,False,2013-08-28,2015-09-23,1
7319,AA Anapolina,AA Anapolina,transfers,False,True,False,False,2018-01-01,2020-05-04,1
7378,Portimonense SC,Portimonense | Portimonense SC,clubs | games | transfers,True,True,True,False,2004-07-01,2026-06-30,2
7393,RKSV ROHDA Raalte,RKSV ROHDA Raalte,games,False,False,True,False,2013-08-28,2025-10-30,1
7396,Dumiense,Dumiense,transfers,False,True,False,False,2022-08-10,2023-07-01,1
7408,Harkemase Boys,Harkemase Boys,games,False,False,True,False,2013-08-28,2025-09-02,1
7443,FAC,FAC | FAC TfW,transfers,False,True,False,False,2010-07-12,2025-06-30,2
7448,FC Dornbirn,FC Dornbirn,transfers,False,True,False,False,2017-01-31,2018-01-01,1
7450,GVV Unitas,GVV Unitas,games,False,False,True,False,2012-08-22,2023-09-19,1
7454,Welling Utd.,Welling United | Welling Utd.,games | transfers,False,True,True,False,2009-03-01,2024-01-01,2
7460,AZ U19,AZ U19,transfers,False,True,False,False,2011-07-01,2024-07-01,1
7461,Groningen U19,Gron./Cam. U19 | Groningen U19,transfers,False,True,False,False,2009-07-01,2020-07-01,2
7462,NAC Breda U19,NAC Breda U19,transfers,False,True,False,False,2006-07-01,2007-07-01,1
7463,NEC U19,NEC U19,transfers,False,True,False,False,2013-07-01,2020-07-01,1
7465,Vitesse U19,Vit./AGOVV U19 | Vitesse U19,transfers,False,True,False,False,2005-07-01,2020-08-24,2
7468,Olimpo,Olimpo,transfers,False,True,False,False,2016-01-14,2019-07-08,1
7474,VV Noordwijk,Noordwijk | VV Noordwijk,games | transfers,False,True,True,False,2012-08-22,2025-09-23,2
7476,Iraklis Larisas,Iraklis Larisas,games,False,False,True,False,2021-08-29,2021-08-29,1
7478,Santo André,Santo André,transfers,False,True,False,False,2023-04-28,2023-09-30,1
7481,VV DOVO Veenendaal,VV DOVO Veenendaal,games,False,False,True,False,2015-08-26,2025-10-30,1
7487,Kayserispor U21,Kayserispor U21,transfers,False,True,False,False,2014-07-01,2016-07-15,1
7526,SV ARC Alphen aan den Rijn,SV ARC Alphen aan den Rijn,games,False,False,True,False,2025-09-03,2025-09-23,1
7527,SV Argon,SV Argon,games,False,False,True,False,2012-08-21,2012-08-21,1
7532,H. Kfar Saba,H. Kfar Saba,transfers,False,True,False,False,2010-08-05,2018-01-30,1
7534,JOS Watergraafsmeer,JOS Watergraafsmeer,games,False,False,True,False,2013-08-28,2022-08-13,1
7550,HSV De Zuidvogels,HSV De Zuidvogels,games,False,False,True,False,2019-08-17,2019-08-17,1
7556,Husqvarna FF,Husqvarna FF,transfers,False,True,False,False,2019-01-09,2019-01-09,1
7557,Mattersburg II,Mattersburg II,transfers,False,True,False,False,2012-07-01,2019-07-01,1
7567,FK Radnicki Nis,FK Radnicki Nis | Radnicki Nis,clubs | games | transfers,True,True,True,False,2015-07-01,2026-04-08,2
7569,Sloga Meridian,Sloga Meridian,transfers,False,True,False,False,2023-07-01,2026-02-06,1
7609,Waterford FC,Waterford FC,transfers,False,True,False,False,2019-02-13,2024-08-05,1
7614,Dnister,Dnister,transfers,False,True,False,False,2008-07-01,2011-01-01,1
7632,AEK Athens U19,AEK Athens U19 | AEK Athens U20,transfers,False,True,False,False,2010-07-01,2024-07-01,2
7633,UNAM Pumas,UNAM Pumas,clubs | games,True,False,True,False,2025-01-12,2026-04-26,1
7646,AO Chania,AO Chania,games | transfers,False,True,True,False,2011-07-01,2016-12-14,1
7647,Darmstadt U19,Darmstadt U19,transfers,False,True,False,False,2013-07-01,2024-07-01,1
7656,Luqueño,Luqueño,transfers,False,True,False,False,2017-07-20,2025-07-01,1
7661,Olympiacos U19,Olympiacos U19 | Olympiacos U20 | Olympiacos U21,transfers,False,True,False,False,2007-07-01,2025-07-01,3
7670,Cassis Carnoux,Cassis Carnoux,transfers,False,True,False,False,2009-07-01,2010-07-01,1
7680,RW Erfurt U19,RW Erfurt U19,transfers,False,True,False,False,2010-07-01,2012-07-01,1
7681,Ingolstadt II,Ingolstadt II,transfers,False,True,False,False,2022-09-06,2023-07-01,1
7693,Memmingen U19,Memmingen U19,transfers,False,True,False,False,2017-07-01,2018-07-01,1
7732,Al-Ettifaq Football Club,Al-Ettifaq | Al-Ettifaq Football Club,clubs | games | transfers,True,True,True,False,2015-07-05,2026-05-21,2
7733,Qadsia SC,Qadsia SC,transfers,False,True,False,False,2020-01-15,2024-07-20,1
7743,Niederschelden,Niederschelden,transfers,False,True,False,False,2009-07-01,2010-07-01,1
7750,SSV Ulm U19,SSV Ulm U19,transfers,False,True,False,False,2007-07-01,2020-01-01,1
7753,W. Mannheim U19,W. Mannheim U19,transfers,False,True,False,False,2022-01-01,2022-07-01,1
7769,CFR Cluj,CFR Cluj,clubs | games | transfers,True,True,True,False,2012-08-01,2026-03-09,1
7773,KSC Lokeren,KSC Lokeren | Lokeren-Temse,transfers,False,True,False,False,2024-07-01,2026-06-30,2
7775,Hatayspor,Hatayspor,clubs | games | transfers,True,True,True,False,2018-01-16,2026-06-30,1
7788,Académico Viseu FC,Académico Viseu | Académico Viseu FC,games | transfers,False,True,True,False,2013-07-27,2025-06-30,2
7790,Juv. Évora,Juv. Évora,transfers,False,True,False,False,2021-07-01,2022-07-08,1
7797,Fiães,Fiães,transfers,False,True,False,False,2021-07-01,2022-07-01,1
7802,U. Berlin U19,U. Berlin U19,transfers,False,True,False,False,2018-07-01,2024-07-01,1
7803,CD Manacor,CD Manacor,games,False,False,True,False,2022-11-12,2023-10-31,1
7804,Fenerbahce U21,Fenerbahce U21,transfers,False,True,False,False,2003-08-08,2019-07-01,1
7811,Castelo Branco,Castelo Branco,transfers,False,True,False,False,2022-07-01,2023-07-01,1
7813,Olymp. Lyon U19,Olymp. Lyon U19,transfers,False,True,False,False,2008-07-01,2023-07-01,1
7817,AJ Auxerre U19,AJ Auxerre U19,transfers,False,True,False,False,2010-07-01,2024-07-01,1
7831,Brisbane Roar,Brisbane Roar,clubs | games,True,False,True,False,2024-10-19,2026-04-25,1
7874,Rennes U19,Rennes U19,transfers,False,True,False,False,2007-07-01,2024-07-01,1
7875,LOSC Lille U19,LOSC Lille U19,transfers,False,True,False,False,2009-07-01,2024-07-01,1
7878,Évreux FC 27,Évreux FC 27,transfers,False,True,False,False,2016-12-16,2023-01-10,1
7892,Ismaning U19,Ismaning U19,transfers,False,True,False,False,2016-07-01,2017-07-01,1
7913,BK Häcken U19,BK Häcken U19,transfers,False,True,False,False,2013-01-01,2015-01-28,1
7915,Halmstad U19,Halmstad U19,transfers,False,True,False,False,2016-07-01,2016-07-01,1
7916,IF Elfsborg U19,IF Elfsborg U19,transfers,False,True,False,False,2017-01-01,2018-01-05,1
7917,Malmö FF U19,Malmö FF U19,transfers,False,True,False,False,2013-01-01,2023-04-04,1
7918,AS Trencin,AS Trencin,games | transfers,False,True,True,False,2013-07-18,2025-02-25,1
7923,BK Forward,BK Forward,transfers,False,True,False,False,2013-08-11,2014-11-30,1
7931,Gefle U19,Gefle U19,transfers,False,True,False,False,2010-01-01,2010-01-01,1
7945,IK Sirius,IK Sirius | Sirius,clubs | games | transfers,True,True,True,False,2023-03-28,2026-07-03,2
7964,Torpedo Zhodino,Torpedo Zhodino | Torpedo-BelAZ Zhodino,games | transfers,False,True,True,False,2015-03-27,2025-07-31,2
7968,R. Strasbourg B,R. Strasbourg B,transfers,False,True,False,False,2005-07-01,2026-02-17,1
7971,Hércules CF,Hércules CF,games | transfers,False,True,True,False,2005-01-01,2024-11-14,1
7972,LD Olímpico,LD Olímpico,transfers,False,True,False,False,2010-07-01,2010-07-01,1
7976,Polonia Bytom,Polonia Bytom,transfers,False,True,False,False,2025-09-04,2026-06-30,1
7977,Eolikos Mytilinis,Eolikos Mytilinis,games,False,False,True,False,2018-09-02,2023-11-08,1
7995,Dijon U19,Dijon U19,transfers,False,True,False,False,2009-07-01,2019-07-01,1
8023,Al-Ittihad Football Club,Al-Ittihad | Al-Ittihad Football Club,clubs | games | transfers,True,True,True,False,2022-01-30,2026-05-21,2
8024,FC Arouca,Arouca | FC Arouca,clubs | games | transfers,True,True,True,False,2012-07-28,2026-05-16,2
8031,Neftchi Baku,Neftchi Baku | Neftchi PFK,games | transfers,False,True,True,False,2012-07-17,2025-07-26,2
8036,ÍBV Vestmannaeyjar,ÍBV | ÍBV Vestmannaeyjar,games | transfers,False,True,True,False,2011-02-20,2018-07-19,2
8037,Keflavík,Keflavík,transfers,False,True,False,False,2011-08-15,2013-08-29,1
8042,FC Inter Turku,FC Inter Turku,games,False,False,True,False,2012-07-19,2022-07-12,1
8043,Kokkolan PV,Kokkolan PV,transfers,False,True,False,False,2018-08-04,2019-02-22,1
8047,FK Suduva Marijampole,FK Suduva Marijampole | Suduva,games | transfers,False,True,True,False,2011-07-01,2022-07-28,2
8054,Sydney FC,Sydney FC,clubs | games | transfers,True,True,True,False,2018-08-17,2026-04-26,1
8056,Club Blooming,Club Blooming,transfers,False,True,False,False,2019-02-15,2019-07-10,1
8058,Marseille U19,Marseille U19,transfers,False,True,False,False,2012-07-01,2024-08-07,1
8065,Sacavenense,Sacavenense,transfers,False,True,False,False,2017-01-01,2024-07-01,1
8077,Vibonese,Vibonese,transfers,False,True,False,False,2025-01-16,2025-06-30,1
8091,CA Valdevez,CA Valdevez,transfers,False,True,False,False,2007-07-01,2010-01-01,1
8104,Gaz Metan,Gaz Metan,transfers,False,True,False,False,2020-10-05,2021-07-02,1
8105,Rio Ave FC U19,Rio Ave FC U19,transfers,False,True,False,False,2004-07-01,2024-07-01,1
8123,Worthing FC,Worthing FC,games,False,False,True,False,2023-11-04,2024-11-02,1
8140,Bognor Regis,Bognor Regis,transfers,False,True,False,False,2017-01-09,2023-02-14,1
8141,Hastings United,Hastings United,games,False,False,True,False,2012-11-03,2013-01-05,1
8142,Oliveira Bairro,Oliveira Bairro,transfers,False,True,False,False,2011-07-01,2012-07-01,1
8144,Juventus-SP,Juventus-SP,transfers,False,True,False,False,2015-07-01,2024-04-16,1
8152,RC Lens B,RC Lens B,transfers,False,True,False,False,2003-07-01,2025-07-09,1
8154,Rennes B,Rennes B,transfers,False,True,False,False,2012-07-01,2025-01-14,1
8158,OGC Nice B,OGC Nice B,transfers,False,True,False,False,2009-07-01,2024-08-30,1
8161,VV Baronie,VV Baronie,games,False,False,True,False,2022-09-21,2023-08-12,1
8164,Standard U19,Standard U19,transfers,False,True,False,False,2007-07-01,2016-07-01,1
8172,Atlético Nacional,Atl. Nacional | Atlético Nacional,clubs | games | transfers,True,True,True,False,2016-12-14,2026-02-01,2
8174,FC Vaslui,FC Vaslui,games | transfers,False,True,True,False,2012-07-01,2013-09-02,1
8179,FC Metz B,FC Metz B,transfers,False,True,False,False,2001-07-01,2024-07-05,1
8187,GD Serzedelo,GD Serzedelo,transfers,False,True,False,False,2020-07-01,2021-02-01,1
8189,Lus. Lourosa,Lus. Lourosa,transfers,False,True,False,False,2020-01-31,2026-02-12,1
8207,U'haching U19,U'haching U19,transfers,False,True,False,False,2020-07-01,2021-07-01,1
8228,Burghausen U19,Burghausen U19,transfers,False,True,False,False,2005-07-01,2011-07-01,1
8231,Sandhausen U19,Sandhausen U19,transfers,False,True,False,False,2022-07-01,2024-07-15,1
8274,FSV Frankf. U19,FSV Frankf. U19,transfers,False,True,False,False,2018-07-01,2019-07-01,1
8303,Aspropyrgos,Aspropyrgos | Enosi Aspropyrgou,games | transfers,False,True,True,False,2019-08-01,2020-06-30,2
8305,AC Ajaccio B,AC Ajaccio B,transfers,False,True,False,False,2008-07-01,2019-07-01,1
8312,Paderborn U19,Paderborn U19,transfers,False,True,False,False,2022-07-01,2023-07-01,1
8322,Rende Calcio 1968,Rende Calcio 1968,games,False,False,True,False,2015-08-02,2019-08-03,1
8331,Aragua FC,Aragua FC,transfers,False,True,False,False,2017-01-01,2018-08-16,1
8343,RKSV Leonidas,RKSV Leonidas,games,False,False,True,False,2014-08-27,2014-08-27,1
8344,Albirex Niigata,Albirex Niigata,clubs | games | transfers,True,True,True,False,2017-07-01,2025-12-06,1
8354,SV Oberachern,SV Oberachern,games,False,False,True,False,2022-07-31,2023-08-13,1
8364,Benburb FC,Benburb FC,games,False,False,True,False,2022-08-27,2025-11-29,1
8373,Siracusa,Siracusa | Siracusa Calcio,games | transfers,False,True,True,False,2010-08-11,2018-01-31,2
8384,Real Zaragoza B,Dep. Aragón | Real Zaragoza B,transfers,False,True,False,False,2009-08-01,2016-07-15,2
8388,Schattendorf,Schattendorf,transfers,False,True,False,False,2010-01-07,2011-07-15,1
8397,Makedonija Gjorce Petrov,Makedonija | Makedonija Gjorce Petrov,games | transfers,False,True,True,False,2015-07-01,2023-07-20,2
8424,Vilaverdense,Länk FC Vilaverdense | Vilaverdense,games | transfers,False,True,True,False,2014-09-09,2023-07-23,2
8428,TP Mazembe,TP Mazembe,games | transfers,False,True,True,False,2012-01-01,2017-07-01,1
8429,KRC Waregem,KRC Waregem,transfers,False,True,False,False,2026-07-01,2026-07-01,1
8433,São Bento (SP),São Bento (SP),transfers,False,True,False,False,2008-09-01,2021-07-23,1
8436,,,games,False,False,True,False,2025-08-30,2025-08-30,0
8438,Esp. Lagos,Esp. Lagos,transfers,False,True,False,False,2010-07-01,2022-07-01,1
8443,VV Geldrop,VV Geldrop,games,False,False,True,False,2024-09-04,2024-09-04,1
8445,Wellington Phoenix,Wellington Phoenix,clubs | games,True,False,True,False,2024-10-20,2026-04-24,1
8449,VV UNA Veldhoven,UNA | VV UNA Veldhoven,games | transfers,False,True,True,False,2014-09-24,2025-09-03,2
8457,Shonan Bellmare,Shonan Bellmare,clubs | games | transfers,True,True,True,False,2025-02-15,2025-11-30,1
8463,Rapperswil-Jona,Rapperswil-Jona,transfers,False,True,False,False,2017-07-12,2018-07-01,1
8474,Horoya AC,Horoya AC,transfers,False,True,False,False,2013-01-01,2013-08-30,1
8476,Panionios U19,Panionios U19 | Panionios U20,transfers,False,True,False,False,2003-07-01,2020-07-01,2
8484,Dunfermline U20,Dunfermline U20,transfers,False,True,False,False,2009-07-01,2013-03-29,1
8489,Offenbach U19,Offenbach U19,transfers,False,True,False,False,2007-07-01,2008-07-01,1
8492,Empoli U19,Empoli U19 | Empoli U20,transfers,False,True,False,False,2008-07-01,2026-06-30,2
8494,RCD Mallorca B,RCD Mallorca B,transfers,False,True,False,False,2014-01-30,2025-08-15,1
8497,Costa Rica,Costa Rica,games | national_teams,False,False,True,True,2006-06-09,2024-07-03,1
8505,Fiorentina U19,Fiorentina U19 | Fiorentina U20,transfers,False,True,False,False,2005-07-01,2025-07-15,2
8506,Atl. Albacete,Atl. Albacete,transfers,False,True,False,False,2008-07-01,2010-07-01,1
8508,FC Sion U21,FC Sion U21,transfers,False,True,False,False,2025-08-12,2025-08-12,1
8510,Getafe CF B,Getafe CF B,transfers,False,True,False,False,2013-01-01,2026-01-01,1
8511,PAOK U19,PAOK U19 | PAOK U20,transfers,False,True,False,False,2005-07-01,2022-07-01,2
8512,Paris SG B,Paris SG B,transfers,False,True,False,False,2006-07-01,2024-07-01,1
8513,Ternana U19,Ternana U19,transfers,False,True,False,False,2003-07-01,2005-07-01,1
8514,A.Sebatspor U21,A.Sebatspor U21,transfers,False,True,False,False,2008-09-01,2008-09-01,1
8515,Saint-Étienne B,Saint-Étienne B,transfers,False,True,False,False,2004-07-01,2026-01-13,1
8516,Osasuna B,Osasuna B,transfers,False,True,False,False,2004-07-01,2025-08-21,1
8517,Genoa U19,Genoa U19 | Genoa U20,transfers,False,True,False,False,2008-07-01,2024-08-28,2
8518,Piacenza Youth,Piacenza Youth,transfers,False,True,False,False,2012-08-01,2012-08-01,1
8519,Sevilla Atl.,Sevilla Atl. | Sevilla B,transfers,False,True,False,False,2002-07-01,2026-02-02,2
8521,Heerenveen U17,Heerenveen U17,transfers,False,True,False,False,2002-07-01,2022-07-01,1
8523,NAC Breda U21,NAC Breda U21,transfers,False,True,False,False,2010-07-01,2011-07-01,1
8524,Marseille B,Marseille B,transfers,False,True,False,False,2014-08-01,2026-06-30,1
8525,Pescara U19,Pescara U19,transfers,False,True,False,False,2011-03-01,2024-01-25,1
8532,1.FK Pribram B,1.FK Pribram B,transfers,False,True,False,False,2013-07-01,2015-07-01,1
8536,QD Hainiu,QD Hainiu,transfers,False,True,False,False,2024-07-04,2026-01-23,1
8546,Al-Muharraq,Al-Muharraq,transfers,False,True,False,False,2024-07-17,2024-07-17,1
8563,Naftan Novopolotsk,Naftan Novopolotsk,games,False,False,True,False,2012-07-19,2012-07-26,1
8565,HSC '21 Haaksbergen,HSC '21 Haaksbergen,games,False,False,True,False,2013-09-24,2025-12-18,1
8568,AD Ceuta,AD Ceuta | AD Ceuta FC | Atlético Ceuta,games | transfers,False,True,True,False,2010-07-01,2026-06-30,3
8573,Baumgarten,Baumgarten,transfers,False,True,False,False,2011-07-15,2012-07-16,1
8588,Caravaca CF,Caravaca CF,transfers,False,True,False,False,2009-08-30,2010-01-01,1
8590,Atlas Guadalajara,Atlas | Atlas Guadalajara,clubs | games | transfers,True,True,True,False,2005-07-01,2026-04-26,2
8605,Azerbaijan,Azerbaijan,national_teams,False,False,False,True,,,1
8606,FK Auda,FK Auda,games,False,False,True,False,2023-07-27,2025-07-16,1
8616,Marinhense,Marinhense,transfers,False,True,False,False,2020-07-01,2021-07-01,1
8617,Cesarense,Cesarense,transfers,False,True,False,False,2015-07-01,2016-07-01,1
8619,Dijkse Boys,Dijkse Boys,transfers,False,True,False,False,2011-07-01,2012-07-01,1
8620,VV Heerjansdam,VV Heerjansdam,games,False,False,True,False,2024-09-04,2024-09-04,1
8621,Sparta U21,Sparta U21,transfers,False,True,False,False,2011-07-01,2025-09-01,1
8626,RKSV Halsteren,RKSV Halsteren,games,False,False,True,False,2015-09-02,2025-10-29,1
8652,Comercial-SP,Comercial-SP,transfers,False,True,False,False,2024-01-01,2024-05-01,1
8657,Adolfsbergs IK,Adolfsbergs IK,transfers,False,True,False,False,2013-01-01,2013-01-01,1
8658,APR FC,APR FC,transfers,False,True,False,False,2015-07-01,2018-07-01,1
8659,Helsingborg U19,Helsingborg U19,transfers,False,True,False,False,2013-08-10,2013-08-10,1
8663,CZ Jena U19,CZ Jena U19,transfers,False,True,False,False,2015-07-01,2016-07-01,1
8665,Enfield Town,Enfield Town,transfers,False,True,False,False,2025-12-19,2026-01-17,1
8671,KF Vllaznia,KF Vllaznia,games | transfers,False,True,True,False,2017-09-11,2025-07-31,1
8675,Cassino,Cassino,transfers,False,True,False,False,2020-07-01,2021-01-29,1
8678,Gramenet,Gramenet,transfers,False,True,False,False,2012-01-01,2012-07-01,1
8685,Vitkovice,Vitkovice,transfers,False,True,False,False,2007-07-01,2010-07-23,1
8690,Kastamonuspor,Kastamonuspor,transfers,False,True,False,False,2012-09-05,2013-06-30,1
8698,Barueri,Barueri,transfers,False,True,False,False,2010-07-01,2010-12-01,1
8699,Apollon Larisas,Ap. Larisas | Apollon Larisas,games | transfers,False,True,True,False,2017-09-21,2023-06-30,2
8700,Anagennisi Ierapetras,Anagennisi Ierapetras,games,False,False,True,False,2021-09-05,2021-09-05,1
8707,Kirsehirspor,Kirsehirspor,transfers,False,True,False,False,2008-07-17,2009-06-30,1
8715,Pandurii Targu Jiu (- 2022),Pandurii | Pandurii Targu Jiu (- 2022),games | transfers,False,True,True,False,2013-07-16,2016-08-04,2
8718,Sport Club do Recife,Sport Club do Recife | Sport Recife,clubs | games | transfers,True,True,True,False,2011-08-01,2026-01-24,2
8733,Celta Vigo B,Celta Fortuna | Celta Vigo B,transfers,False,True,False,False,2008-07-01,2024-07-10,2
8735,FC Champagne,FC Champagne,transfers,False,True,False,False,2017-07-01,2017-07-01,1
8758,Diagoras Rodou,Diagoras | Diagoras Rodou,games | transfers,False,True,True,False,2008-07-01,2025-06-30,2
8778,Vietnam,Vietnam,games | national_teams,False,False,True,True,2024-01-14,2024-01-24,1
8780,Sligo Rovers,Sligo Rovers,games | transfers,False,True,True,False,2012-07-19,2025-08-01,1
8781,Dep. Cuenca,Dep. Cuenca,transfers,False,True,False,False,2022-02-07,2024-06-30,1
8793,Red Bull Bragantino,Bragantino | RB Bragantino | Red Bull Bragantino,clubs | games | transfers,True,True,True,False,2011-01-01,2026-05-31,3
8794,Novo Hamburgo,Novo Hamburgo,transfers,False,True,False,False,2012-01-02,2012-05-31,1
8814,Dunfermline Athletic FC U17,Dunfermline Athletic FC U17 | Dunfermline U17,transfers,False,True,False,False,2009-07-01,2010-07-01,2
8815,Bröndby IF U19,Bröndby IF U19,transfers,False,True,False,False,2005-07-01,2026-07-01,1
8816,FC Dallas,Dallas | FC Dallas,clubs | games | transfers,True,True,True,False,2018-02-12,2026-05-24,2
8817,Ajax U21,Ajax U21,transfers,False,True,False,False,2005-07-01,2026-06-30,1
8818,FC Botosani,FC Botosani,clubs | games | transfers,True,True,True,False,2014-09-01,2026-03-07,1
8819,FK Javor-Matis Ivanjica,FK Javor-Matis Ivanjica | Javor-Matis,clubs | games | transfers,True,True,True,False,2018-02-12,2026-04-08,2
8820,Hampton & Rich.,Hampton & Rich. | Hampton & Richmond Borough,games | transfers,False,True,True,False,2015-11-01,2020-11-08,2
8823,RKC U21,RKC U21,transfers,False,True,False,False,2012-07-01,2020-07-01,1
8824,Sheff Utd U21,Sheff Utd U21 | Sheffield U23,transfers,False,True,False,False,2019-07-01,2025-07-01,2
8827,UD Oliveirense,Oliveirense | UD Oliveirense,games | transfers,False,True,True,False,2012-07-29,2026-06-30,2
8835,Spartak Nalchik,Spartak Nalchik,games | transfers,False,True,True,False,2012-07-01,2025-08-20,1
8838,Zirka Kropyvnytskyi,Zirka | Zirka Kropyvnytskyi,clubs | games | transfers,True,True,True,False,2010-10-01,2019-02-20,2
8841,Xäzär Länkäran,Xäzär Länkäran,games,False,False,True,False,2012-07-05,2013-07-25,1
8850,MC Algiers,MC Algiers,transfers,False,True,False,False,2024-09-10,2025-09-01,1
8851,MC Oran,MC Oran,transfers,False,True,False,False,2020-09-01,2021-10-01,1
8858,Djurgården U19,Djurgården U19,transfers,False,True,False,False,2008-07-01,2011-01-01,1
8867,IFK U19,IFK U19,transfers,False,True,False,False,2011-10-01,2023-02-01,1
8877,AFC Eskilstuna,AFC Eskilstuna | AFC United | FC Väsby United,transfers,False,True,False,False,2011-02-07,2019-11-30,3
8880,Alavés B,Alavés B,transfers,False,True,False,False,2007-07-01,2025-06-30,1
8881,Alavés Youth,Alavés Youth,transfers,False,True,False,False,2006-07-01,2023-08-10,1
8882,Ljungskile SK,Ljungskile SK,transfers,False,True,False,False,2015-01-27,2016-11-21,1
8889,Benfica U19,Benfica U19,transfers,False,True,False,False,2006-07-01,2022-07-01,1
8907,Maccabi Herzlya,Maccabi Herzlya,transfers,False,True,False,False,2009-08-06,2010-06-30,1
8908,Carshalton Athletic,Carshalton Athletic,games,False,False,True,False,2019-11-09,2019-11-09,1
8909,Selkirk FC,Selkirk FC,games,False,False,True,False,2012-08-25,2016-09-24,1
8912,Livingston U20,Livingston U20,transfers,False,True,False,False,2010-07-01,2012-02-01,1
8920,Musselburgh Athletic FC,Musselburgh Athletic FC,games | transfers,False,True,True,False,2012-03-01,2025-10-25,1
8924,Celtic U20,Celtic U20,transfers,False,True,False,False,2003-01-01,2018-07-01,1
8925,Hoffenheim U19,Hoffenheim U19,transfers,False,True,False,False,2008-07-01,2025-07-01,1
8927,Burntisland Shipyard AFC,Burntisland Shipyard AFC,games,False,False,True,False,2012-08-25,2025-09-29,1
8928,Glenafton Athletic FC,Glenafton Athletic FC,games | transfers,False,True,True,False,2017-11-18,2025-10-25,1
8929,Hurlford United FC,Hurlford United FC,games,False,False,True,False,2014-08-16,2014-11-08,1
8933,Cove Rangers FC,Cove Rangers | Cove Rangers FC,games | transfers,False,True,True,False,2012-09-29,2026-02-01,2
8936,Miedz Legnica,Miedz Legnica,transfers,False,True,False,False,2017-07-04,2026-01-26,1
8942,Beith Juniors FC,Beith Juniors | Beith Juniors FC,games | transfers,False,True,True,False,2016-10-22,2024-08-09,2
8945,Dundee FC U20,Dundee FC U20,transfers,False,True,False,False,2017-07-01,2018-07-01,1
8953,Wroxham FC,Wroxham FC,transfers,False,True,False,False,2021-08-01,2021-10-08,1
8955,IF Bromma U19,IF Bromma U19,transfers,False,True,False,False,2008-01-01,2008-01-01,1
8956,FK Inter Baku,FK Inter Baku | Shamakhi,games | transfers,False,True,True,False,2012-07-05,2025-02-19,2
8963,Shakhtar II,Shakhtar II,transfers,False,True,False,False,2007-07-01,2022-07-01,1
8969,Tikves Kavadarci,Tikves Kavadarci,games,False,False,True,False,2024-07-11,2024-07-18,1
8970,Frosinone Calcio,Frosinone | Frosinone Calcio,clubs | games | transfers,True,True,True,False,2006-07-01,2026-06-30,2
8978,Bathgate,Bathgate,transfers,False,True,False,False,2012-08-01,2012-10-01,1
8981,Bromley FC,Bromley | Bromley FC,games | transfers,False,True,True,False,2012-11-03,2025-11-01,2
8984,Sandecja,Sandecja,transfers,False,True,False,False,2022-07-01,2023-07-19,1
8994,EVV Echt,EVV Echt,games,False,False,True,False,2013-08-28,2024-09-04,1
8995,Hødd,Hødd | IL Hødd,games | transfers,False,True,True,False,2013-07-18,2020-12-31,2
9005,Willem II U21,Willem II U21,transfers,False,True,False,False,2011-07-01,2025-07-20,1
9006,AD Oeiras,AD Oeiras,transfers,False,True,False,False,2008-07-01,2009-07-01,1
9007,Arsenal Kyiv,Arsenal Kyiv,clubs | games | transfers,True,True,True,False,2006-07-01,2019-08-15,1
9010,FCV Dender EH,FCV Dender EH,clubs | games | transfers,True,True,True,False,2009-01-05,2026-06-30,1
9019,Mjällby AIF U19,Mjällby AIF U19,transfers,False,True,False,False,2015-01-08,2016-08-19,1
9023,Thisted FC,Thisted FC,games | transfers,False,True,True,False,2013-07-15,2026-06-30,1
9026,Glentoran FC,Glentoran FC,games,False,False,True,False,2013-07-04,2023-07-20,1
9027,Kilwinning Rangers FC,Kilwinning Rangers FC,games | transfers,False,True,True,False,2015-07-01,2025-09-27,1
9030,Botafogo-SP,Botafogo-SP,transfers,False,True,False,False,2022-01-24,2024-07-01,1
9043,Celtic B,Celtic B,transfers,False,True,False,False,2018-07-01,2026-05-31,1
9044,Dundee Utd U20,Dundee Utd U20,transfers,False,True,False,False,2012-07-01,2017-07-01,1
9046,Kilmarnock FC U20,Kilmarnock FC U20,transfers,False,True,False,False,2010-07-01,2018-07-01,1
9054,Midtjylland U19,Midtjylland U19,transfers,False,True,False,False,2006-01-01,2024-07-18,1
9055,Stomil Olsztyn,Stomil Olsztyn,transfers,False,True,False,False,2019-07-12,2020-03-09,1
9056,D. Dresden U19,D. Dresden U19,transfers,False,True,False,False,2002-07-01,2015-07-01,1
9066,Aarhus GF U19,Aarhus GF U19,transfers,False,True,False,False,2014-07-01,2026-02-03,1
9073,PASA Irodotos,PASA Irodotos,games,False,False,True,False,2018-09-15,2018-12-18,1
9082,Feyenoord Ghana,Feyenoord Ghana,transfers,False,True,False,False,2008-07-01,2008-07-01,1
9083,Panegialios GS,Panegialios | Panegialios GS,games | transfers,False,True,True,False,2009-07-01,2021-09-05,2
9095,Bnei Yehuda Tel Aviv,Bnei Yehuda | Bnei Yehuda Tel Aviv,games | transfers,False,True,True,False,2012-07-19,2025-08-08,2
9099,AS FAR Rabat,AS FAR Rabat,transfers,False,True,False,False,2025-07-14,2025-07-14,1
9100,Moghreb Atlético Tétouan,Moghreb Atlético Tétouan,games,False,False,True,False,2014-12-10,2014-12-10,1
9110,Kazakhstan,Kazakhstan,national_teams,False,False,False,True,,,1
9113,Aalborg BK U19,Aalborg BK U19,transfers,False,True,False,False,2008-07-01,2025-07-17,1
9131,Al-Hazem Sport Club,Al-Hazem | Al-Hazem Sport Club,clubs | games | transfers,True,True,True,False,2019-08-30,2026-05-21,2
9138,América-RJ,América-RJ,transfers,False,True,False,False,2018-05-15,2018-12-31,1
9153,Chesham United,Chesham United,games,False,False,True,False,2015-11-08,2024-11-04,1
9165,Truro City FC,Truro City FC,games | transfers,False,True,True,False,2017-11-05,2026-05-31,1
9168,Houston Dynamo,Houston Dynamo,clubs | games,True,False,True,False,2025-02-23,2026-05-24,1
9171,New Zealand,New Zealand,games | national_teams,False,False,True,True,2010-06-15,2026-06-27,1
9173,Faroe Islands,Faroe Islands,national_teams,False,False,False,True,,,1
9197,Pazarspor,Pazarspor,transfers,False,True,False,False,2022-08-20,2023-06-30,1
9202,USL Dunkerque,USL Dunkerque,transfers,False,True,False,False,2018-07-01,2026-06-30,1
9211,Bohemians,Bohemian Football Club | Bohemians,games | transfers,False,True,True,False,2012-07-05,2024-07-08,2
9233,NK Nafta 1903,NK Nafta 1903,transfers,False,True,False,False,2020-02-14,2021-06-30,1
9241,Diósgyőri VTK,Diósgyőr | Diósgyőri VTK,games | transfers,False,True,True,False,2014-07-03,2026-06-30,2
9246,Jaegersborg BK,Jaegersborg BK,games,False,False,True,False,2019-08-06,2019-08-06,1
9249,Arsenal U21,Arsenal Res. | Arsenal U21 | Arsenal U23,transfers,False,True,False,False,2009-07-01,2026-05-31,3
9250,Chelsea U21,Chelsea Res. | Chelsea U21 | Chelsea U23,transfers,False,True,False,False,2006-07-01,2026-05-31,3
9251,Man Utd U21,Man Utd Res. | Man Utd U21 | Man Utd U23,transfers,False,True,False,False,2009-07-01,2026-01-15,3
9252,Liverpool U21,Liverpool Res. | Liverpool U21 | Liverpool U23,transfers,False,True,False,False,2007-07-01,2026-05-31,3
9253,Newcastle U21,Newcastle Res. | Newcastle U21 | Newcastle U23,transfers,False,True,False,False,2006-07-01,2025-06-30,3
9254,Tottenham U21,Tottenham Res. | Tottenham U21 | Tottenham U23,transfers,False,True,False,False,2009-07-01,2024-07-01,3
9256,Boro U21,Boro U21 | Boro U23,transfers,False,True,False,False,2014-07-01,2025-07-01,2
9258,Blackburn U21,Blackburn U21 | Blackburn U23,transfers,False,True,False,False,2014-07-01,2024-05-31,2
9259,Bolton U23,Bolton U23,transfers,False,True,False,False,2015-07-01,2019-08-27,1
9260,Charlton U21,Charlton U21,transfers,False,True,False,False,2018-07-01,2019-07-01,1
9261,Everton U21,Everton U21 | Everton U23,transfers,False,True,False,False,2014-09-02,2026-05-31,2
9262,Fulham U21,Fulham FC U21 | Fulham Res. | Fulham U21 | Fulham U23,transfers,False,True,False,False,2009-07-01,2024-07-20,4
9264,Sunderland U23,Sunderland U23,transfers,False,True,False,False,2016-07-01,2017-07-11,1
9265,Man City U23,Man City Res. | Man City U21 | Man City U23,transfers,False,True,False,False,2008-07-01,2026-06-30,3
9267,West Ham U21,West Ham U21 | West Ham U23,transfers,False,True,False,False,2012-07-01,2025-07-01,2
9268,Wigan U23,Wigan U23,transfers,False,True,False,False,2019-07-01,2021-07-01,1
9280,Dordrecht U19,Dordrecht U19,transfers,False,True,False,False,2019-07-01,2020-07-01,1
9284,Swift Hesperange,Hesperange | Swift Hesperange,games | transfers,False,True,True,False,2021-07-08,2024-07-16,2
9352,Rieti,Rieti,transfers,False,True,False,False,2019-01-31,2019-07-01,1
9353,Cisco Roma,Cisco Roma,transfers,False,True,False,False,2006-07-01,2007-07-01,1
9368,FS Stars,FS Stars,transfers,False,True,False,False,2016-08-17,2017-07-27,1
9371,Toulouse B,Toulouse B,transfers,False,True,False,False,2004-07-01,2025-07-01,1
9372,Toulouse U19,Toulouse U19,transfers,False,True,False,False,2005-07-01,2024-07-01,1
9415,APS Zakynthos,APS Zakynthos,games | transfers,False,True,True,False,2012-10-24,2025-09-05,1
9439,Feralpisalò,Feralpisalò,games | transfers,False,True,True,False,2013-08-04,2025-07-01,1
9451,SV Wehen U19,SV Wehen U19,transfers,False,True,False,False,2014-07-01,2016-07-01,1
9465,Petrolul Ploiesti,Petrolul | Petrolul Ploiesti,clubs | games | transfers,True,True,True,False,2013-07-18,2026-03-07,2
9470,Leher TS Bremerhaven,Leher TS Bremerhaven,games,False,False,True,False,2017-08-12,2017-08-12,1
9477,CE L'Hospitalet,CE L'Hospitalet,games | transfers,False,True,True,False,2012-08-29,2024-10-29,1
9478,Espanyol U19,Espanyol U19,transfers,False,True,False,False,2010-01-01,2022-08-25,1
9487,SV Waldkirch,SV Waldkirch,games,False,False,True,False,2014-08-16,2014-08-16,1
9495,Lazio Youth,Lazio Youth,transfers,False,True,False,False,2005-07-01,2021-07-01,1
9510,Stal Rzeszow,Stal Rzeszow,transfers,False,True,False,False,2025-07-24,2025-07-24,1
9525,CSKA Sofia U19,CSKA Sofia U19,transfers,False,True,False,False,2015-02-11,2015-02-11,1
9526,Turan Tovuz,Turan Tovuz,transfers,False,True,False,False,2023-01-22,2026-06-30,1
9527,Warrington Town,Warrington Town,games,False,False,True,False,2014-11-07,2014-12-07,1
9539,GD Interclube,GD Interclube,transfers,False,True,False,False,2011-07-01,2024-01-14,1
9540,Santos U20,Santos U20,transfers,False,True,False,False,2012-01-01,2023-04-03,1
9544,GOSK Gabela,GOSK Gabela,transfers,False,True,False,False,2016-07-01,2021-02-05,1
9545,Rijnsburgse Boys,Rijnsburgse Boys,games,False,False,True,False,2012-09-26,2025-10-30,1
9547,ADO '20 Heemskerk,ADO '20 | ADO '20 Heemskerk,games | transfers,False,True,True,False,2011-07-01,2025-09-03,2
9572,BSG Chemie Leipzig,BSG Chemie Leipzig,games,False,False,True,False,2018-08-19,2018-10-30,1
9590,Diegem Sport,Diegem Sport,transfers,False,True,False,False,2008-07-01,2009-07-01,1
9597,Avispa Fukuoka,Avispa Fukuoka,clubs | games,True,False,True,False,2025-02-15,2025-12-06,1
9598,Kawasaki Frontale,Kawasaki Front. | Kawasaki Frontale,clubs | games | transfers,True,True,True,False,2015-02-01,2025-12-06,2
9605,Leatherhead FC,Leatherhead FC,games,False,False,True,False,2017-11-05,2017-12-03,1
9606,Brighton U18,Brighton U18,transfers,False,True,False,False,2014-07-01,2023-07-01,1
9612,Antwerp U19,Antwerp U19,transfers,False,True,False,False,2006-07-01,2006-07-01,1
9614,Östersunds FK,Östersund | Östersunds FK,games | transfers,False,True,True,False,2014-01-25,2022-08-21,2
9627,Ethnikos Alexandroupolis,Ethnikos Alexandroupolis,games,False,False,True,False,2019-08-25,2019-08-25,1
9631,Westerlo U19,Westerlo U19,transfers,False,True,False,False,2011-07-01,2013-07-01,1
9636,Seattle Sounders FC,Seattle | Seattle Sounders FC,clubs | games | transfers,True,True,True,False,2017-07-10,2026-05-25,2
9638,Santamarina,Santamarina,transfers,False,True,False,False,2015-01-01,2018-07-04,1
9641,Din. Zagreb U19,Din. Zagreb U19,transfers,False,True,False,False,2010-07-01,2020-09-10,1
9643,Radcliffe,Radcliffe,transfers,False,True,False,False,2007-12-01,2009-05-31,1
9644,Raków Częstochowa,Raków | Raków Częstochowa,clubs | games | transfers,True,True,True,False,2018-01-26,2026-05-23,2
9645,Tiro Federal,Tiro Federal,transfers,False,True,False,False,2015-01-01,2015-01-01,1
9652,SC Bastia B,SC Bastia B,transfers,False,True,False,False,2004-07-01,2009-07-01,1
9661,Ankaragücü U21,Ankaragücü U21,transfers,False,True,False,False,2018-07-01,2019-01-01,1
9663,SV Excelsior '31 Rijssen,SV Excelsior '31 Rijssen,games,False,False,True,False,2013-09-24,2025-09-23,1
9666,CD Alcalá,CD Alcalá,transfers,False,True,False,False,2017-07-01,2017-07-01,1
9668,Monaco B,Monaco B | Monaco U21,transfers,False,True,False,False,2007-11-16,2025-09-01,2
9669,Monaco U19,Monaco U19,transfers,False,True,False,False,2008-07-01,2025-07-01,1
9690,Bassano Virtus 55 ST,Bassano | Bassano Virtus 55 ST,games | transfers,False,True,True,False,2014-08-10,2018-07-12,2
9695,TSV Schott Mainz,TSV Schott Mainz,games,False,False,True,False,2022-07-31,2024-08-17,1
9699,AKA Admira U18,AKA Admira U18,transfers,False,True,False,False,2019-07-01,2020-08-01,1
9708,FC Motagua,FC Motagua,transfers,False,True,False,False,2012-01-01,2014-01-03,1
9711,Haarlem II,Haarlem II,transfers,False,True,False,False,2007-07-01,2009-01-01,1
9712,Lyngby BK Youth,Lyngby BK Youth,transfers,False,True,False,False,2002-06-01,2023-07-01,1
9715,PSV U21,PSV U21,transfers,False,True,False,False,2012-07-01,2025-07-01,1
9734,Orlando C. U23,Orlando C. U23,transfers,False,True,False,False,2012-01-01,2013-04-04,1
9746,Georgetown,Georgetown,transfers,False,True,False,False,2025-08-01,2025-08-01,1
9787,Yale Bulldogs,Yale Bulldogs,transfers,False,True,False,False,2020-08-01,2020-11-19,1
9793,Ostiamare,Ostiamare,transfers,False,True,False,False,2023-08-23,2024-01-03,1
9802,FC Le Mans B,FC Le Mans B,transfers,False,True,False,False,2012-07-01,2013-10-24,1
9803,FC Le Mans U19,FC Le Mans U19,transfers,False,True,False,False,2013-07-01,2013-07-01,1
9804,Rupel Boom,Rupel Boom,transfers,False,True,False,False,2009-07-01,2016-07-01,1
9811,Deportivo Pereira,Deportivo Pereira,clubs | games,True,False,True,False,2025-07-13,2025-11-12,1
9817,Sénart-Moissy,Sénart-Moissy,transfers,False,True,False,False,2009-07-01,2010-01-04,1
9826,Olbia,Olbia,transfers,False,True,False,False,2017-07-04,2024-01-03,1
9828,Daugava Daugavpils,Daugava Daugavpils,games,False,False,True,False,2012-07-05,2014-07-10,1
9829,Southport,Southport | Southport FC,games | transfers,False,True,True,False,2009-07-01,2024-02-08,2
9830,Jiul Petroșani,Jiul Petroșani,transfers,False,True,False,False,2007-01-01,2007-07-01,1
9837,Redditch,Redditch,transfers,False,True,False,False,2011-07-01,2023-07-01,1
9840,Al-Shabab Club,Al-Shabab | Al-Shabab Club,clubs | games | transfers,True,True,True,False,2024-01-30,2026-05-20,2
9844,FC Porto U19,FC Porto U19,transfers,False,True,False,False,2001-07-01,2023-07-01,1
9849,USV Eschen/Mauren,USV Eschen/Mauren,games,False,False,True,False,2012-07-05,2012-07-12,1
9851,Körfez Isk.,Iskenderun DC | Körfez Isk.,transfers,False,True,False,False,2013-09-04,2015-08-18,2
9855,LDU Quito,LDU Quito,transfers,False,True,False,False,2015-02-03,2024-07-03,1
9888,KSK Heist,KSK Heist,transfers,False,True,False,False,2016-01-06,2022-01-13,1
9889,B. Gladbach U19,B. Gladbach U19,transfers,False,True,False,False,2017-07-01,2019-07-01,1
9899,Real Sociedad B,Real Sociedad B,transfers,False,True,False,False,2010-07-01,2024-08-23,1
9900,R. Sociedad U19,R. Sociedad U19,transfers,False,True,False,False,2010-07-01,2022-02-01,1
9902,Poiré-sur-Vie,Poiré-sur-Vie,transfers,False,True,False,False,2011-07-01,2014-09-08,1
9933,VV Katwijk,VV Katwijk,games,False,False,True,False,2013-09-24,2025-12-16,1
9955,West Ham U18,West Ham U18,transfers,False,True,False,False,2007-07-01,2023-07-01,1
9961,Deportivo Cali,Deportivo Cali,clubs | games | transfers,True,True,True,False,2020-12-31,2025-11-14,1
9981,SDC Putten,SDC Putten,games,False,False,True,False,2017-08-19,2024-09-03,1
9982,HN FC,HN FC | HN SS Longmen,transfers,False,True,False,False,2021-04-07,2026-01-23,2
10002,Derby U18,Derby U18,transfers,False,True,False,False,2008-07-01,2022-03-06,1
10003,AS Poissy,AS Poissy | Poissy FC,transfers,False,True,False,False,2015-07-01,2023-09-01,2
10004,Paris FC,Paris FC,clubs | games | transfers,True,True,True,False,2008-07-01,2026-05-17,1
10005,Mirandela,Mirandela,transfers,False,True,False,False,2007-07-01,2024-06-30,1
10006,Ipswich U18,Ipswich U18,transfers,False,True,False,False,2006-07-01,2017-07-01,1
10010,Esporte Clube Bahia,EC Bahia | Esporte Clube Bahia,clubs | games | transfers,True,True,True,False,2013-01-01,2026-05-30,2
10011,W. Herne U19,W. Herne U19,transfers,False,True,False,False,2012-07-01,2013-07-01,1
10044,SV Horn,SV Horn,transfers,False,True,False,False,2009-07-01,2020-09-30,1
10075,Vikt. Köln U19,Vikt. Köln U19,transfers,False,True,False,False,2018-08-14,2019-07-23,1
10090,Asociación Deportivo Pasto,Asociación Deportivo Pasto,clubs | games,True,False,True,False,2025-07-12,2025-11-14,1
10093,Independiente Medellín,Indep. Medellín | Independiente Medellín,clubs | games | transfers,True,True,True,False,2017-08-03,2025-11-14,2
10117,Juventus-SC,Juventus-SC,transfers,False,True,False,False,2021-01-12,2021-07-01,1
10118,Sorrento,Sorrento | Sorrento Calcio,games | transfers,False,True,True,False,2012-08-05,2024-01-02,2
10131,Grödig,Grödig | SV Grödig,games | transfers,False,True,True,False,2013-07-01,2023-07-28,2
10139,Koprivnica,Koprivnica,transfers,False,True,False,False,2007-08-10,2008-08-18,1
10140,SC Covilhã,SC Covilhã,games | transfers,False,True,True,False,2009-07-01,2025-06-30,1
10155,San Marino,San Marino,games | transfers,False,True,True,False,2012-08-05,2015-07-01,1
10157,FC Aktobe,Aktobe | FC Aktobe,games | transfers,False,True,True,False,2012-07-05,2026-02-05,2
10161,Leeds U18,Leeds U18,transfers,False,True,False,False,2003-07-01,2020-07-01,1
10173,Bayelsa,Bayelsa,transfers,False,True,False,False,2012-12-01,2015-08-07,1
10198,Austria Yth.,Austria Yth. | FK Austria Vienn,transfers,False,True,False,False,2006-11-09,2016-07-01,2
10200,Valencia U19,Valencia U19,transfers,False,True,False,False,2007-07-01,2025-07-01,1
10213,SV Drochtersen/Assel,Drochtersen/A. | SV Drochtersen/Assel,games | transfers,False,True,True,False,2016-07-01,2019-08-10,2
10217,Sarpsborg 08 Fotballforening,Sarpsborg 08 | Sarpsborg 08 Fotballforening,clubs | games | transfers,True,True,True,False,2013-01-14,2026-05-29,2
10226,1.FC Kaan-Marienborn,1.FC Kaan-Marienborn,games,False,False,True,False,2022-07-29,2022-07-29,1
10233,Atl. Rafaela,Atl. Rafaela,transfers,False,True,False,False,2013-07-22,2025-06-30,1
10247,Portuguesa,Portuguesa,transfers,False,True,False,False,2025-01-16,2025-05-30,1
10262,Birkirkara FC,Birkirkara FC,games,False,False,True,False,2012-07-05,2025-07-17,1
10283,Sporting U19,Sporting U19,transfers,False,True,False,False,2003-07-01,2024-07-01,1
10284,SC Weiche 08,SC Weiche 08 | SC Weiche Flensburg 08,games | transfers,False,True,True,False,2018-08-19,2026-01-06,2
10301,FC Pyunik Yerevan,FC Pyunik Yerevan | Pyunik Yerevan,games | transfers,False,True,True,False,2012-07-05,2025-07-31,2
10319,FK Bezanija,FK Bezanija,transfers,False,True,False,False,2017-07-01,2018-06-30,1
10330,Benfica B,Benfica B,transfers,False,True,False,False,2005-07-01,2025-07-02,1
10331,FC Porto B,FC Porto B,transfers,False,True,False,False,2003-07-01,2025-07-08,1
10342,Zehlendorf U19,Zehlendorf U19,transfers,False,True,False,False,2007-07-01,2007-07-01,1
10367,Sokol Kleczew,Sokol Kleczew,transfers,False,True,False,False,2022-04-01,2022-08-02,1
10373,Ashton United,Ashton United,transfers,False,True,False,False,2018-08-03,2018-09-25,1
10381,1.FC Germania Egestorf/Langreder,1.FC Germania Egestorf/Langreder,games,False,False,True,False,2016-08-21,2016-08-21,1
10385,Chievo Youth,Chievo Youth,transfers,False,True,False,False,2016-07-01,2021-07-01,1
10390,Sanremese Calcio,Sanremese | Sanremese Calcio,games | transfers,False,True,True,False,2018-07-29,2026-01-09,2
10391,Eastleigh FC,Eastleigh | Eastleigh FC,games | transfers,False,True,True,False,2014-11-08,2026-05-31,2
10397,Sparta Petegem,Sparta Petegem,transfers,False,True,False,False,2017-07-01,2018-07-01,1
10408,Thyella Patron,Thyella Patron,games | transfers,False,True,True,False,2014-07-01,2024-09-08,1
10413,Stansted FC,Stansted FC,transfers,False,True,False,False,2009-07-01,2011-07-01,1
10418,KV Oostende U19,KV Oostende U19,transfers,False,True,False,False,2014-07-01,2016-07-01,1
10428,Steve Biko FC,Steve Biko FC,transfers,False,True,False,False,2023-08-06,2023-08-06,1
10431,St. Truiden U19,St. Truiden U19,transfers,False,True,False,False,2010-07-01,2010-07-01,1
10445,Sönderjyske U19,Sönderjyske U19,transfers,False,True,False,False,2009-01-01,2025-08-01,1
10446,Trabzonspor U21,Trabzonspor U21,transfers,False,True,False,False,2012-07-01,2019-07-01,1
10453,Wigry Suwalki,Wigry Suwalki,transfers,False,True,False,False,2016-01-20,2017-07-04,1
10459,Standard Liège,Standard Liège | Standard Yth,transfers,False,True,False,False,2005-07-01,2022-07-01,2
10464,CO Bamako,CO Bamako,transfers,False,True,False,False,2018-02-09,2018-02-09,1
10468,Stal Alchevsk,Stal Alchevsk | Stal Alchevsk (-2014),games | transfers,False,True,True,False,2010-07-01,2015-01-21,2
10480,Shakhter Karaganda,Shakhter K. | Shakhter Karaganda,games | transfers,False,True,True,False,2012-07-17,2022-07-01,2
10481,Tobol Kostanay,Tobol Kostanay,games | transfers,False,True,True,False,2018-07-10,2025-01-29,1
10482,Kairat Almaty,Kairat Almaty,games | transfers,False,True,True,False,2014-07-03,2026-01-28,1
10483,Hacettepe,Hacettepe,transfers,False,True,False,False,2011-08-22,2021-01-07,1
10484,Kasimpasa,Kasimpasa,clubs | games | transfers,True,True,True,False,2010-07-15,2026-05-17,1
10492,Esporte Clube Juventude,Esporte Clube Juventude | Juventude,clubs | games | transfers,True,True,True,False,2011-01-01,2026-01-13,2
10503,Deportes Tolima,Deportes Tolima,clubs | games,True,False,True,False,2025-07-12,2025-11-14,1
10507,Varbergs BoIS,Varbergs BoIS,transfers,False,True,False,False,2013-01-23,2014-01-25,1
10511,CA San Martín (San Juan),CA San Martín (San Juan),clubs | games,True,False,True,False,2025-01-25,2025-04-27,1
10517,St. Mirren FC U20,St. Mirren FC U20,transfers,False,True,False,False,2010-07-01,2018-07-01,1
10518,Sauchie Juniors FC,Sauchie Juniors FC,games,False,False,True,False,2021-09-18,2025-10-25,1
10520,Ross County FC U20,Ross County FC U20,transfers,False,True,False,False,2016-07-01,2018-07-01,1
10521,San Marino,San Marino,national_teams,False,False,False,True,,,1
10531,Sioni Bolnisi,Sioni Bolnisi,games | transfers,False,True,True,False,2014-07-03,2016-08-30,1
10532,B36 Tórshavn,B36 Tórshavn,games | transfers,False,True,True,False,2012-07-03,2024-12-31,1
10533,Andorra,Andorra,national_teams,False,False,False,True,,,1
10534,Nueva Chicago,Nueva Chicago,transfers,False,True,False,False,2015-01-25,2026-02-02,1
10540,Irtysh Pavlodar (-2020),Irtysh | Irtysh Pavlodar (-2020),games | transfers,False,True,True,False,2013-07-04,2018-07-19,2
10541,CS Pétange,CS Pétange,transfers,False,True,False,False,2014-07-01,2015-07-01,1
10549,Airdrie U20,Airdrie U20,transfers,False,True,False,False,2012-07-01,2012-07-01,1
10552,St. Johnstone FC U20,St. Johnstone FC U20,transfers,False,True,False,False,2010-07-01,2018-07-01,1
10556,Raith Rov. U20,Raith Rov. U20,transfers,False,True,False,False,2009-07-01,2011-07-01,1
10558,Carnoustie Panmure JFC,Carnoustie Panmure JFC,games,False,False,True,False,2022-08-27,2023-08-12,1
10560,Brasil Pelotas,Brasil Pelotas,transfers,False,True,False,False,2021-08-18,2022-07-18,1
10580,Inverurie Loco Works FC,Inverurie Loco Works FC,games,False,False,True,False,2012-08-25,2025-09-27,1
10586,Aris Limassol,Aris Limassol,games | transfers,False,True,True,False,2013-08-01,2026-01-01,1
10588,Kilsyth,Kilsyth,transfers,False,True,False,False,2023-10-12,2024-01-25,1
10589,SV Roßbach/Verscheid,SV Roßbach/Verscheid,games,False,False,True,False,2012-08-19,2012-08-19,1
10597,Lothian Thistle Hutchison Vale FC,Lothian Thistle Hutchison Vale FC,games,False,False,True,False,2014-08-16,2025-08-30,1
10598,Odense BK Youth,Odense BK Youth,transfers,False,True,False,False,2005-01-01,2021-07-01,1
10603,Floriana FC,Floriana FC,games,False,False,True,False,2012-07-05,2025-07-31,1
10604,Hibernians FC,Hibernians FC,games | transfers,False,True,True,False,2012-07-05,2026-01-17,1
10605,Marsaxlokk FC,Marsaxlokk FC,games,False,False,True,False,2024-07-11,2024-07-18,1
10607,AC Juvenes-Dogana,AC Juvenes-Dogana,games,False,False,True,False,2015-07-02,2015-07-09,1
10613,AC Virtus Acquaviva,AC Virtus Acquaviva,games,False,False,True,False,2024-07-09,2025-08-28,1
10616,AC Libertas,AC Libertas,games,False,False,True,False,2012-07-05,2014-07-10,1
10617,Tre Fiori FC,Tre Fiori FC,games,False,False,True,False,2018-06-28,2025-07-17,1
10625,Qarabağ FK,Qarabag FK | Qarabağ | Qarabağ FK,games | transfers,False,True,True,False,2013-07-02,2026-02-24,3
10627,FC Orel,FC Orel | Orel | Rusichi Orel,games | transfers,False,True,True,False,2012-01-01,2025-08-06,3
10632,Rentistas,Rentistas,transfers,False,True,False,False,2013-07-01,2023-01-02,1
10639,MIKA Ashtarak,MIKA Ashtarak,games,False,False,True,False,2013-07-04,2014-07-10,1
10663,Liverpool FC,Liverpool FC,transfers,False,True,False,False,2019-01-07,2022-07-31,1
10666,Union SG U23,Union SG U21 | Union SG U23,transfers,False,True,False,False,2021-07-01,2025-07-11,2
10670,Melfi,AS Melfi | Melfi,games | transfers,False,True,True,False,2011-07-01,2016-07-08,2
10674,FK Kharkiv,FK Kharkiv,transfers,False,True,False,False,2008-02-28,2010-07-01,1
10688,Sibir Novosibirsk (- 2019),Sibir | Sibir Novosibirsk (- 2019),games | transfers,False,True,True,False,2010-01-01,2018-08-22,2
10690,Zorya Lugansk,Zorya Lugansk,clubs | games | transfers,True,True,True,False,2009-07-01,2026-05-23,1
10693,FK Baku,FK Baku,games,False,False,True,False,2012-07-05,2012-07-12,1
10694,FC Gomel,FC Gomel | Gomel,games | transfers,False,True,True,False,2012-07-03,2022-07-27,2
10695,Shakhter Soligorsk,Shakhter Soligorsk | Soligorsk,games | transfers,False,True,True,False,2012-07-19,2023-07-15,2
10703,Sparta U19,Sparta U19,transfers,False,True,False,False,2007-07-01,2020-07-01,1
10709,ADO U19,ADO U19,transfers,False,True,False,False,2013-07-01,2023-07-01,1
10710,Fortuna U19,Fortuna U19,transfers,False,True,False,False,2014-07-01,2020-07-01,1
10715,RKSV Mierlo-Hout Helmond,RKSV Mierlo-Hout Helmond,games,False,False,True,False,2025-09-03,2025-09-03,1
10716,VV Kloetinge,VV Kloetinge,games | transfers,False,True,True,False,2012-09-26,2025-09-23,1
10718,FC Andorra,FC Andorra,games | transfers,False,True,True,False,2019-11-13,2026-06-30,1
10719,FC Zestafoni,FC Zestafoni,games,False,False,True,False,2012-07-17,2014-07-24,1
10731,CA Joseense,CA Joseense,transfers,False,True,False,False,2019-04-01,2021-03-25,1
10732,Watford U18,Watford U18,transfers,False,True,False,False,2003-07-01,2023-07-19,1
10734,The New Saints,The New Saints,games | transfers,False,True,True,False,2012-07-17,2025-07-29,1
10743,TB Tvøroyri,TB Tvøroyri,transfers,False,True,False,False,2009-01-01,2024-03-15,1
10747,SP Tre Penne,SP Tre Penne,games,False,False,True,False,2012-07-03,2024-07-18,1
10752,EB/Streymur,EB/Streymur,games,False,False,True,False,2012-07-05,2013-07-23,1
10763,Beitar TA Ramla,Beitar TA Ramla,transfers,False,True,False,False,2016-02-03,2018-07-01,1
10773,RCD Espanyol B,RCD Espanyol B,transfers,False,True,False,False,2015-07-01,2022-07-01,1
10775,Al-Shamal SC,Al-Shamal SC,transfers,False,True,False,False,2022-07-01,2024-01-26,1
10780,FV Ravensburg,FV Ravensburg,games | transfers,False,True,True,False,2016-08-19,2018-01-18,1
10787,Marítimo B,Marítimo B,transfers,False,True,False,False,2001-07-01,2022-03-15,1
10789,Braga B,Braga B,transfers,False,True,False,False,2012-07-01,2026-02-11,1
10790,ASWH Ambacht,ASWH Ambacht,games,False,False,True,False,2013-09-25,2025-09-23,1
10791,Renova Dzepciste,Renova Dzepciste,games,False,False,True,False,2012-07-05,2020-09-17,1
10794,SHO Oud Beijerland,SHO Oud Beijerland,games,False,False,True,False,2013-08-28,2013-08-28,1
10796,VV Dubbeldam,VV Dubbeldam,games,False,False,True,False,2015-08-26,2015-08-26,1
10803,SV Spakenburg,SV Spakenburg | Spakenburg,games | transfers,False,True,True,False,2014-09-23,2026-07-01,2
10804,Sparta Nijkerk,Sparta Nijkerk,games | transfers,False,True,True,False,2012-09-25,2025-10-28,1
10806,VVOG Harderwijk,VVOG | VVOG Harderwijk,games | transfers,False,True,True,False,2012-09-25,2025-09-02,2
10816,Agia Napa,Agia Napa,transfers,False,True,False,False,2014-07-01,2023-04-15,1
10820,AJ Auxerre B,AJ Auxerre B,transfers,False,True,False,False,2007-07-01,2025-07-01,1
10824,RC Lens U19,RC Lens U19,transfers,False,True,False,False,2009-07-01,2024-07-01,1
10825,FC Sochaux B,FC Sochaux B,transfers,False,True,False,False,2007-07-01,2023-07-10,1
10826,FC Sochaux U19,FC Sochaux U19,transfers,False,True,False,False,2010-07-01,2023-08-29,1
10833,EFYM Ivory Coast,EFYM Ivory Coast,transfers,False,True,False,False,2012-08-31,2012-08-31,1
10836,Stenlöse Boldklub,Stenlöse Boldklub,games,False,False,True,False,2018-08-07,2025-08-07,1
10838,SAS Epinal,SAS Epinal,transfers,False,True,False,False,2012-07-01,2020-07-01,1
10840,AS Nancy B,AS Nancy B,transfers,False,True,False,False,2009-07-01,2022-07-01,1
10841,AS Nancy U19,AS Nancy U19,transfers,False,True,False,False,2009-07-01,2021-07-01,1
10846,Troyes B,Troyes B,transfers,False,True,False,False,2011-07-01,2018-07-01,1
10849,FC Metz U19,FC Metz U19,transfers,False,True,False,False,2010-07-01,2023-07-01,1
10850,FC Nantes B,FC Nantes B,transfers,False,True,False,False,2008-07-01,2024-07-14,1
10851,FC Nantes U19,FC Nantes U19,transfers,False,True,False,False,2007-07-01,2024-07-01,1
10852,Montpellier U19,Montpellier U19,transfers,False,True,False,False,2008-07-01,2024-07-01,1
10854,FC Santa Coloma,FC Santa Coloma,games,False,False,True,False,2012-07-05,2025-07-31,1
10856,Esportivo,Esportivo,transfers,False,True,False,False,2021-01-01,2023-02-19,1
10857,Paulista-SP,Paulista-SP,transfers,False,True,False,False,2012-01-01,2017-07-01,1
10858,SC Bastia U19,SC Bastia U19,transfers,False,True,False,False,2008-07-01,2017-07-01,1
10867,AS Béziers,AS Béziers,transfers,False,True,False,False,2016-07-01,2021-08-31,1
10868,US Orléans,US Orléans,transfers,False,True,False,False,2015-07-13,2025-06-30,1
10870,Fortaleza Esporte Clube,Fortaleza | Fortaleza Esporte Clube,clubs | games | transfers,True,True,True,False,2013-07-01,2025-12-07,2
10871,Rio Branco-AC,Rio Branco-AC,transfers,False,True,False,False,2023-08-16,2024-01-29,1
10872,G. Bordeaux B,G. Bordeaux B,transfers,False,True,False,False,2003-07-01,2023-07-01,1
10873,Bordeaux U19,Bordeaux U19,transfers,False,True,False,False,2011-07-01,2021-07-01,1
10875,Bröndby Youth,Bröndby Youth,transfers,False,True,False,False,2014-07-01,2021-07-01,1
10880,CS Sedan B,CS Sedan B,transfers,False,True,False,False,2007-07-01,2010-07-01,1
10881,CS Sedan U19,CS Sedan U19,transfers,False,True,False,False,2007-07-01,2013-07-01,1
10883,Mladost Podgorica,FK Mladost | Mladost Podgorica | OFK Titograd,games | transfers,False,True,True,False,2013-07-04,2021-01-23,3
10895,Buxton FC,Buxton FC,games,False,False,True,False,2021-11-06,2025-12-06,1
10907,Zamora CF,Zamora CF,games,False,False,True,False,2014-09-10,2024-12-04,1
10918,Tved BK,Tved BK,games,False,False,True,False,2025-08-07,2025-08-07,1
10920,Umm Salal SC,Umm Salal SC,transfers,False,True,False,False,2015-07-09,2026-06-30,1
10921,KSK Beveren U19,KSK Beveren U19,transfers,False,True,False,False,2004-07-01,2004-07-01,1
10935,Dalbeattie Star FC,Dalbeattie Star FC,games,False,False,True,False,2012-09-29,2022-10-22,1
10948,Guangzhou Evergrande Taobao,Guangzhou Evergrande Taobao,games,False,False,True,False,2013-12-14,2015-12-20,1
10949,Sporting B,Sporting B,transfers,False,True,False,False,2007-07-01,2025-07-20,1
10954,Aabyhöj IF,Aabyhöj IF,games,False,False,True,False,2016-08-30,2021-08-03,1
10956,Staines Town FC,Staines Town FC,games | transfers,False,True,True,False,2008-11-01,2015-11-07,1
10958,Milan U19,Milan U19,transfers,False,True,False,False,2009-07-01,2024-07-12,1
10959,Udinese U19,Udinese U19 | Udinese U20,transfers,False,True,False,False,2014-01-02,2025-02-01,2
10960,Central,Central,transfers,False,True,False,False,2015-01-13,2015-06-30,1
10967,Vejle BK Youth,Vejle BK Youth,transfers,False,True,False,False,2007-01-01,2023-07-01,1
10968,BFC Viktoria 89 (- 2013),BFC Viktoria 89 (- 2013),games,False,False,True,False,2014-08-16,2014-08-16,1
10970,FC Brüssel U19,FC Brüssel U19,transfers,False,True,False,False,2006-07-01,2009-01-01,1
10980,Rayo Cantabria,Rayo Cantabria,transfers,False,True,False,False,2005-07-01,2020-07-31,1
10997,Clube do Remo,Clube do Remo | Remo,clubs | games | transfers,True,True,True,False,2010-09-01,2026-06-01,2
11000,CD Lugo,CD Lugo,games | transfers,False,True,True,False,2012-07-14,2026-01-08,1
11004,Coquimbo Unido,Coquimbo Unido,transfers,False,True,False,False,2023-01-04,2025-01-16,1
11008,Juventus U19,Juventus U19 | Juventus U20,transfers,False,True,False,False,2000-01-03,2025-09-01,2
11023,NK Vrapce,NK Vrapce,transfers,False,True,False,False,2012-02-03,2012-02-03,1
11027,FSV Hollenbach,FSV Hollenbach,transfers,False,True,False,False,2013-09-01,2016-07-01,1
11032,Hajduk U19,Hajduk U19,transfers,False,True,False,False,2009-07-01,2021-02-01,1
11036,NK Osijek U19,NK Osijek U19,transfers,False,True,False,False,2017-02-17,2017-07-01,1
11040,FK Radnik Bijeljina,FK Radnik Bijeljina | Radnik Bijelj.,games | transfers,False,True,True,False,2016-06-30,2021-07-09,2
11045,Radnicki Pirot,Radnicki Pirot,transfers,False,True,False,False,2016-01-01,2017-02-15,1
11055,FC Lienden,FC Lienden,games,False,False,True,False,2012-09-26,2019-08-17,1
11061,US Gorée,US Gorée,transfers,False,True,False,False,2018-03-16,2018-03-16,1
11065,FK Decic Tuzi,FK Decic Tuzi,games,False,False,True,False,2021-07-08,2025-07-31,1
11066,Sloboda Uzice,Sloboda Uzice,transfers,False,True,False,False,2009-07-01,2012-01-01,1
11075,RKVV Westlandia Naaldwijk,RKVV Westlandia Naaldwijk,games,False,False,True,False,2016-08-24,2025-09-02,1
11083,NK Rudes,NK Rudes,transfers,False,True,False,False,2013-08-02,2018-07-01,1
11085,Real SC,Real SC,games | transfers,False,True,True,False,2009-08-01,2024-06-30,1
11086,Treze,Treze,transfers,False,True,False,False,2018-04-06,2026-12-01,1
11100,Igman Konjic,Igman Konjic,transfers,False,True,False,False,2015-02-18,2015-06-10,1
11102,Mladost Cernik,Mladost Cernik,transfers,False,True,False,False,2010-07-28,2013-07-05,1
11107,Videoton FC,Fehérvár | Videoton FC | Vidi FC,games | transfers,False,True,True,False,2012-07-19,2024-08-14,3
11117,Banik Sokolov,Banik Sokolov,transfers,False,True,False,False,2015-07-02,2017-06-30,1
11121,Dinamo Bryansk,Dinamo Bryansk,games | transfers,False,True,True,False,2008-01-01,2025-08-20,1
11122,Avangard Kursk,Avangard Kursk,games | transfers,False,True,True,False,2012-07-01,2025-08-21,1
11123,Mashuk-KMV Pyatigorsk,Mashuk | Mashuk-KMV Pyatigorsk,games | transfers,False,True,True,False,2012-07-11,2025-09-10,2
11125,Tekstilshchik Ivanovo,Tekstilshchik | Tekstilshchik Ivanovo,games | transfers,False,True,True,False,2012-07-30,2025-09-24,2
11126,Mordovia Saransk (-2020),Mordovia | Mordovia Saransk (-2020),clubs | games | transfers,True,True,True,False,2010-01-01,2019-09-25,2
11127,Ural Yekaterinburg,Ural | Ural Yekaterinburg,clubs | games | transfers,True,True,True,False,2012-02-22,2026-06-30,2
11128,Zvezda Irkutsk,Zvezda Irkutsk,transfers,False,True,False,False,2007-01-01,2007-12-31,1
11131,HJK Klubi 04,HJK Klubi 04,transfers,False,True,False,False,2022-01-01,2022-07-01,1
11135,Nosta Novotroitsk,Nosta | Nosta Novotroitsk,games | transfers,False,True,True,False,2009-01-01,2025-08-06,2
11137,Red Star U19,Red Star U19,transfers,False,True,False,False,2011-07-01,2022-08-05,1
11140,Stadl-Paura,Stadl-Paura,transfers,False,True,False,False,2018-01-02,2018-07-01,1
11141,Toronto FC,Toronto | Toronto FC,clubs | games | transfers,True,True,True,False,2020-09-14,2026-05-24,2
11143,Bishop's St.,Bishop's St. | Bishop's Stortford FC,games | transfers,False,True,True,False,2011-08-13,2020-11-07,2
11148,NK Dugopolje,NK Dugopolje,transfers,False,True,False,False,2011-07-29,2018-06-30,1
11154,NEC U21,NEC U21 | NECOss U21,transfers,False,True,False,False,2013-07-01,2026-01-01,2
11158,Yesil Bursa,Oyak Renaultspor | Yesil Bursa,transfers,False,True,False,False,2012-08-15,2014-06-30,2
11177,Fleetwood,Fleetwood | Fleetwood Town,games | transfers,False,True,True,False,2012-11-03,2026-01-09,2
11179,Halesowen,Halesowen,transfers,False,True,False,False,2017-09-30,2017-12-30,1
11194,NK Lokomotiva Zagreb,NK Lokomotiva | NK Lokomotiva Zagreb,clubs | games | transfers,True,True,True,False,2007-08-17,2026-05-23,2
11199,Strasbourg U19,Strasbourg U19,transfers,False,True,False,False,2005-07-01,2024-07-01,1
11204,Stade Reims B,Stade Reims B,transfers,False,True,False,False,2013-08-03,2025-07-01,1
11207,Aurillac FC Auv.,Aurillac FC Auv.,transfers,False,True,False,False,2012-07-01,2012-07-01,1
11215,OFK Olimpik Novi Grad - Sarajevo,OFK Olimpik Novi Grad - Sarajevo,games,False,False,True,False,2015-07-02,2015-07-09,1
11228,North Carolina,North Carolina,transfers,False,True,False,False,2023-12-20,2024-07-11,1
11245,UD San Sebastián de los Reyes,UD San Sebastián de los Reyes | UD Sanse,games | transfers,False,True,True,False,2016-08-31,2024-10-30,2
11251,Whitburn FC,Whitburn FC,games,False,False,True,False,2025-08-09,2025-08-09,1
11252,Zeljeznicar U19,Zeljeznicar U19,transfers,False,True,False,False,2005-07-01,2022-10-03,1
11253,Esbjerg Youth,Esbjerg Youth,transfers,False,True,False,False,2013-07-01,2020-08-01,1
11259,CD Alcoyano,CD Alcoyano,games | transfers,False,True,True,False,2012-08-29,2024-07-01,1
11263,AKA Salzb. U18,AKA Salzb. U18 | Salzburg U19,transfers,False,True,False,False,2007-07-01,2020-08-01,2
11266,Boavista,Boavista,transfers,False,True,False,False,2010-01-02,2026-01-13,1
11273,Rodez AF,Rodez AF,transfers,False,True,False,False,2018-07-01,2026-01-05,1
11278,NK Vinogradar,NK Vinogradar,transfers,False,True,False,False,2017-08-21,2018-07-01,1
11282,Alanyaspor,Alanyaspor,clubs | games | transfers,True,True,True,False,2016-08-20,2026-06-30,1
11287,Ankaraspor U21,Ankaraspor U21 | Osmanlispor U21,transfers,False,True,False,False,2008-08-15,2016-07-01,2
11298,Sourense,Sourense,transfers,False,True,False,False,2014-07-01,2016-01-01,1
11300,AC Arles-Avignon,AC Arles | AC Arles-Avignon,transfers,False,True,False,False,2011-07-01,2015-08-06,2
11310,Slough Town,Slough | Slough Town,games | transfers,False,True,True,False,2012-11-03,2025-12-07,2
11312,HHC Hardenberg,HHC Hardenberg,games,False,False,True,False,2013-08-28,2025-10-28,1
11330,Hammer SpVg U19,Hammer SpVg U19,transfers,False,True,False,False,2022-01-01,2022-07-01,1
11337,Foligno Calcio,Foligno Calcio,games,False,False,True,False,2014-08-10,2014-08-10,1
11342,Green Gully SC,Green Gully SC,transfers,False,True,False,False,2002-07-01,2006-07-01,1
11344,Dinamo Batumi,Dinamo Batumi,games | transfers,False,True,True,False,2015-07-02,2024-07-30,1
11367,US Alençon,US Alençon,transfers,False,True,False,False,2013-07-01,2013-07-01,1
11368,AZ Alkmaar U21,AZ Alkmaar U21,transfers,False,True,False,False,2013-10-23,2026-06-30,1
11374,JA Drancy,JA Drancy,transfers,False,True,False,False,2013-07-01,2020-07-01,1
11379,Gala Fairydean Rovers FC,Gala Fairydean | Gala Fairydean Rovers FC,games | transfers,False,True,True,False,2012-08-25,2025-10-04,2
11380,ASFC Buzau (2016-2025),ASFC Buzau (2016-2025) | FC Buzău,clubs | games | transfers,True,True,True,False,2024-07-10,2025-03-08,2
11390,CS Mioveni,CS Mioveni,transfers,False,True,False,False,2014-07-01,2015-07-15,1
11391,Auckland City FC,Auckland City FC,games,False,False,True,False,2012-12-06,2025-06-24,1
11396,Waitakere Utd.,Waitakere Utd.,transfers,False,True,False,False,2020-07-01,2021-03-01,1
11407,Gloucester,Gloucester | Gloucester City,games | transfers,False,True,True,False,2012-08-17,2022-08-06,2
11411,FC Banants Yerevan,Banants | FC Banants Yerevan | FC Urartu,games | transfers,False,True,True,False,2013-02-22,2025-08-01,3
11419,APIA Leichhardt,APIA Leichhardt,transfers,False,True,False,False,2011-01-01,2011-01-01,1
11422,CE Sabadell FC,CE Sabadell | CE Sabadell FC,games | transfers,False,True,True,False,2012-09-11,2026-06-30,2
11435,Chikhura Sachkhere,Chikhura Sachkhere,games,False,False,True,False,2013-07-04,2019-08-01,1
11438,Harrow Borough,Harrow Borough | Harrow Borough FC,games | transfers,False,True,True,False,2013-10-29,2023-05-31,2
11449,CRB,CRB,transfers,False,True,False,False,2019-01-01,2026-02-05,1
11479,SS Folgore/Falciano,SS Folgore/Falciano,games,False,False,True,False,2014-07-03,2021-07-27,1
11487,VV Haaglandia Zondag (- 2017),VV Haaglandia Zondag (- 2017),games,False,False,True,False,2014-08-27,2014-08-27,1
11493,Palermo U19,Palermo U19,transfers,False,True,False,False,2005-07-01,2024-07-01,1
11495,Ajax Amateurs,Ajax Amateurs,games | transfers,False,True,True,False,2014-08-27,2024-09-25,1
11502,Galatasaray U21,Galatasaray U21,transfers,False,True,False,False,2004-07-29,2017-08-01,1
11516,Atl. Levante,Atl. Levante | Levante B,transfers,False,True,False,False,2007-07-01,2023-07-03,2
11540,NSÍ Runavík,NSÍ Runavík,games,False,False,True,False,2012-07-05,2025-07-17,1
11590,Gernika Club,Gernika | Gernika Club,games | transfers,False,True,True,False,2017-08-17,2023-11-01,2
11596,AD Alcorcón,AD Alcorcón | Alcorcón,games | transfers,False,True,True,False,2012-09-11,2026-06-30,2
11601,Marino Luanco,Marino Luanco,games,False,False,True,False,2014-09-03,2019-12-11,1
11602,CP Cacereño,CP Cacereño | Cacereño,games | transfers,False,True,True,False,2012-08-29,2026-02-04,2
11603,Depor Fabril,Depor Fabril | Deportivo B,transfers,False,True,False,False,2010-07-01,2024-07-01,2
11605,FC Lorient U19,FC Lorient U19,transfers,False,True,False,False,2018-07-01,2024-01-01,1
11608,SD Beasain,SD Beasain,games,False,False,True,False,2022-11-12,2024-10-30,1
11610,Las Palmas Atl.,Las Palmas Atl.,transfers,False,True,False,False,2008-07-01,2026-06-30,1
11614,UD Las Palmas C,UD Las Palmas C,transfers,False,True,False,False,2014-07-01,2024-07-01,1
11615,CD Guijuelo,CD Guijuelo,games | transfers,False,True,True,False,2013-08-13,2024-10-29,1
11617,CD Tenerife B,CD Tenerife B,transfers,False,True,False,False,2013-07-01,2025-08-29,1
11623,CD Laguna,CD Laguna,games,False,False,True,False,2021-11-17,2021-11-30,1
11646,Murcia Imperial,Murcia Imperial,transfers,False,True,False,False,2009-07-01,2019-08-01,1
11648,Independiente Santa Fe,Indep. Santa Fe | Independiente Santa Fe,clubs | games | transfers,True,True,True,False,2024-07-08,2025-11-14,2
11655,Albacete U19,Albacete U19,transfers,False,True,False,False,2008-07-01,2022-06-30,1
11669,Cádiz B,Cádiz B | Cádiz CF B,transfers,False,True,False,False,2015-07-01,2025-06-30,2
11674,Valladolid U19,Valladolid U19,transfers,False,True,False,False,2011-07-01,2025-01-01,1
11675,Beylerbeyi,Beylerbeyi,transfers,False,True,False,False,2015-07-01,2017-08-01,1
11676,Cagliari U19,Cagliari U19,transfers,False,True,False,False,2007-04-01,2024-04-22,1
11688,Giresunspor,Giresunspor,clubs | games | transfers,True,True,True,False,2016-01-21,2023-07-25,1
11738,Corinthians-PR,Corinthians-PR,transfers,False,True,False,False,2011-01-01,2011-06-01,1
11740,Amkar II,Amkar II,transfers,False,True,False,False,2011-08-05,2014-08-12,1
11741,Dynamo M II,Dynamo M II,transfers,False,True,False,False,2004-01-01,2023-01-01,1
11743,Luch-Energia II,Luch-Energia II,transfers,False,True,False,False,2010-01-01,2011-01-01,1
11744,Khimki II,Khimki II,transfers,False,True,False,False,2022-07-01,2025-09-10,1
11745,FC Moscow II,FC Moscow II,transfers,False,True,False,False,2004-01-01,2008-01-01,1
11746,Rostov II,Rostov II,transfers,False,True,False,False,2015-01-01,2024-02-17,1
11747,KS Samara II,KS Samara II,transfers,False,True,False,False,2010-08-28,2024-01-01,1
11748,Kuban II,Kuban II,transfers,False,True,False,False,2012-07-01,2016-07-01,1
11749,Loko Moscow II,Loko Moscow II,transfers,False,True,False,False,2005-09-01,2025-07-01,1
11750,Rubin Kazan II,Rubin Kazan II,transfers,False,True,False,False,2007-07-01,2024-04-06,1
11751,Saturn II,Saturn II,transfers,False,True,False,False,2009-01-01,2011-03-01,1
11753,Spartak N. II,Spartak N. II,transfers,False,True,False,False,2011-01-01,2012-07-01,1
11755,CSKA Moscow II,CSKA Moscow II,transfers,False,True,False,False,2004-09-01,2025-02-19,1
11825,Offenburg U19,Offenburg U19,transfers,False,True,False,False,2008-01-01,2008-01-01,1
11831,Club Atlético Tigre,Club Atlético Tigre | Tigre,clubs | games | transfers,True,True,True,False,2013-07-19,2026-05-03,2
11843,Rozwój Katowice,Rozwój Katowice,transfers,False,True,False,False,2012-01-01,2015-01-29,1
11844,Hertha BSC Yth.,Hertha BSC Yth.,transfers,False,True,False,False,2002-07-01,2021-07-01,1
11845,M'gladbach Yth.,M'gladbach Yth.,transfers,False,True,False,False,2003-07-01,2021-07-01,1
11846,H. Rostock Yth.,H. Rostock Yth.,transfers,False,True,False,False,2002-07-01,2018-07-01,1
11854,Junior FC,Junior FC,clubs | games,True,False,True,False,2025-07-13,2025-11-14,1
11855,Guaraní,Guaraní,transfers,False,True,False,False,2022-01-01,2023-04-04,1
11874,Leverkusen Yth.,Leverkusen Yth.,transfers,False,True,False,False,1999-07-01,2021-07-01,1
11875,Cercle U19,Cercle U19,transfers,False,True,False,False,2006-07-01,2017-07-01,1
11877,Rot-Weiss Essen,Rot-Weiss Essen,transfers,False,True,False,False,2008-07-01,2016-07-01,1
11880,1.FC Köln Yth.,1.FC Köln Yth.,transfers,False,True,False,False,2002-07-01,2017-07-01,1
11884,Schalke 04 Yth.,Schalke 04 Yth.,transfers,False,True,False,False,2000-07-01,2020-07-01,1
11888,Duisburg Yth.,Duisburg Yth.,transfers,False,True,False,False,2009-07-01,2020-07-01,1
11894,VfL Bochum Yth.,VfL Bochum Yth.,transfers,False,True,False,False,1998-07-01,2023-07-01,1
11896,Dortmund Yth.,Dortmund Yth.,transfers,False,True,False,False,2002-07-01,2022-07-01,1
11907,Dacia Chisinau,Dacia | Dacia Chisinau,games | transfers,False,True,True,False,2012-07-05,2017-07-06,2
11910,UE Sant Julia,UE Sant Julia,games,False,False,True,False,2014-07-03,2021-07-15,1
11912,FC Ararat Yerevan,Ararat Yerevan | FC Ararat Yerevan,games | transfers,False,True,True,False,2020-03-02,2022-07-14,2
11913,Tema Youth,Tema Youth,transfers,False,True,False,False,2012-07-01,2014-08-19,1
11914,FC Differdange 03,Differdange 03 | FC Differdange 03,games | transfers,False,True,True,False,2012-07-05,2025-10-12,2
11915,Llanelli AFC,Llanelli AFC,games,False,False,True,False,2012-07-05,2012-07-12,1
11921,Münster Yth.,Münster Yth.,transfers,False,True,False,False,2014-07-01,2018-07-01,1
11931,Ferroviário,Ferroviário,transfers,False,True,False,False,2017-11-11,2026-01-01,1
11932,Cabofriense,Cabofriense,transfers,False,True,False,False,2017-11-01,2018-04-09,1
11953,Montenegro,Montenegro,national_teams,False,False,False,True,,,1
11954,Bielefeld Yth.,Bielefeld Yth.,transfers,False,True,False,False,2004-07-01,2018-07-01,1
11955,Düsseldorf Yth.,Düsseldorf Yth.,transfers,False,True,False,False,2019-07-01,2022-07-01,1
11959,Issia Wazy FC,Issia Wazy FC,transfers,False,True,False,False,2014-04-18,2014-04-18,1
11964,Threave Rovers FC,Threave Rovers FC,games,False,False,True,False,2012-08-25,2025-09-27,1
11972,Villarreal CF B,Villarreal CF B,transfers,False,True,False,False,2010-07-01,2026-06-30,1
11973,KV Mechelen U19,KV Mechelen U19,transfers,False,True,False,False,2008-07-01,2015-07-01,1
11974,RW Ahlen Yth.,RW Ahlen Yth.,transfers,False,True,False,False,2013-07-01,2013-07-01,1
11976,CS Fola Esch,CS Fola Esch,games,False,False,True,False,2013-07-16,2022-07-14,1
11986,UD Almería B,UD Almería B,transfers,False,True,False,False,2013-07-01,2024-07-23,1
11994,Reading U18,Reading U18,transfers,False,True,False,False,2005-07-01,2024-02-01,1
11997,Roma U19,Roma U19 | Roma U20,transfers,False,True,False,False,2007-07-01,2024-07-07,2
11998,Atalanta U19,Atalanta U19 | Atalanta U20,transfers,False,True,False,False,2005-07-04,2025-10-01,2
12000,Reggina Primaver,Reggina Primaver,transfers,False,True,False,False,2007-07-01,2009-01-01,1
12001,Sampdoria U19,Sampdoria U19,transfers,False,True,False,False,2007-07-01,2023-01-02,1
12005,FC ViOn,FC ViOn,transfers,False,True,False,False,2022-07-01,2022-10-20,1
12009,Moto Club-MA,Moto Club-MA,transfers,False,True,False,False,2009-01-01,2010-01-01,1
12012,W. Bremen Yth.,W. Bremen Yth.,transfers,False,True,False,False,2008-01-01,2018-07-01,1
12015,K'lautern Yth.,K'lautern Yth.,transfers,False,True,False,False,2017-07-01,2018-07-01,1
12016,Frankfurt Yth.,Frankfurt Yth.,transfers,False,True,False,False,2015-07-01,2023-07-01,1
12019,Zhenis,Zhenis,transfers,False,True,False,False,2024-04-05,2024-08-13,1
12020,Harrogate Town,Harrogate Town,games | transfers,False,True,True,False,2007-07-01,2026-05-31,1
12041,Angusht Nazran,Angusht Nazran,games,False,False,True,False,2012-07-11,2025-08-19,1
12043,Dinamo Barnaul,Dinamo Barnaul,games | transfers,False,True,True,False,2010-01-01,2025-08-20,1
12045,Dinamo Stavropol,Din. Stavropol | Dinamo Stavropol | Stavropol,games | transfers,False,True,True,False,2008-01-01,2025-09-10,3
12048,Druzhba Maikop,Druzhba Maikop,games | transfers,False,True,True,False,2011-01-01,2025-08-06,1
12049,FK Chita,FK Chita,games,False,False,True,False,2012-07-11,2021-07-14,1
12052,FC Ryazan,FC Ryazan | FK Ryazan | Zvezda Ryazan,games | transfers,False,True,True,False,2012-07-11,2025-08-19,3
12054,FC Tyumen,FC Tyumen | Tyumen,games | transfers,False,True,True,False,2012-07-29,2025-09-10,2
12058,Ocean Nakhodka,Ocean Nakhodka,games,False,False,True,False,2022-08-18,2022-08-18,1
12059,Petrotrest,Petrotrest | Petrotrest St. Petersburg (-2013),games | transfers,False,True,True,False,2012-08-01,2013-08-01,2
12060,Sibiryak Bratsk,Sibiryak Bratsk,games | transfers,False,True,True,False,2003-01-01,2013-07-30,1
12065,Torpedo Vladimir,Torpedo Vlad. | Torpedo Vladimir,games | transfers,False,True,True,False,2013-07-10,2025-08-06,2
12066,Energia Volzhsky (-2014),Energia Volzhsky (-2014),games,False,False,True,False,2012-07-11,2013-07-26,1
12068,Vityaz Podolsk,Vityaz Podolsk,games,False,False,True,False,2012-08-05,2016-08-07,1
12069,Volga-1908 Tver (-2017),Volga-1908 Tver (-2017),games,False,False,True,False,2012-07-30,2016-07-15,1
12109,NK Lucko,NK Lucko,transfers,False,True,False,False,2017-08-04,2017-08-21,1
12124,Aston Villa U23,Aston Villa U21 | Aston Villa U23,transfers,False,True,False,False,2015-07-01,2026-06-30,2
12130,Torino U19,Torino U19 | Torino U20,transfers,False,True,False,False,2007-02-01,2025-09-01,2
12132,Jagodina,FK Jagodina | Jagodina,games | transfers,False,True,True,False,2012-07-05,2017-08-31,2
12135,Metalac,Metalac,transfers,False,True,False,False,2012-07-01,2020-08-19,1
12163,Paksi FC,Paksi FC,games | transfers,False,True,True,False,2018-07-18,2025-08-14,1
12176,El Palo,CD El Palo | El Palo,games | transfers,False,True,True,False,2012-07-01,2013-09-04,2
12178,Frederikshavn fI,Frederikshavn fI,games,False,False,True,False,2022-08-04,2022-08-31,1
12179,Club Sportivo Independiente Rivadavia,Club Sportivo Independiente Rivadavia,clubs | games,True,False,True,False,2025-01-24,2026-05-03,1
12181,San Fernando CD,San Fernando CD,games | transfers,False,True,True,False,2009-07-01,2024-07-23,1
12221,Heidenheim II,Heidenheim II,transfers,False,True,False,False,2013-07-01,2014-07-01,1
12275,Kolding IF,Kolding IF,games | transfers,False,True,True,False,2015-09-01,2025-09-25,1
12278,Le Havre U19,Le Havre U19,transfers,False,True,False,False,2002-07-01,2023-07-01,1
12285,Kozakken Boys,Kozakken Boys,games | transfers,False,True,True,False,2012-09-26,2025-09-23,1
12301,Club Atlético Aldosivi,Aldosivi | Club Atlético Aldosivi,clubs | games | transfers,True,True,True,False,2015-07-01,2026-05-03,2
12302,Naftovyk,Naftovyk | Naftovyk-Ukrnafta Okhtyrka,games | transfers,False,True,True,False,2007-07-20,2023-03-29,2
12317,Elche Ilicitano,Elche Ilicitano,transfers,False,True,False,False,2007-07-01,2018-08-05,1
12318,Málaga U19,Málaga U19,transfers,False,True,False,False,2011-07-01,2018-07-01,1
12319,Sevilla FC C,Sevilla FC C,transfers,False,True,False,False,2010-07-01,2023-07-01,1
12321,Girona FC,Girona | Girona FC,clubs | games | transfers,True,True,True,False,2012-09-12,2026-06-30,2
12331,Sporting B,Sporting Atlco. | Sporting B,transfers,False,True,False,False,2012-01-01,2023-07-24,2
12335,Solihull Moors,Solihull Moors,games | transfers,False,True,True,False,2013-07-01,2024-12-01,1
12346,FC Progrès Niederkorn,FC Progrès Niederkorn | Pr. Niederkorn,games | transfers,False,True,True,False,2015-06-30,2024-08-01,2
12351,Linares Deportivo,Linares Deportivo,games,False,False,True,False,2015-09-02,2023-12-07,1
12361,Marbella FC,Marbella FC,games | transfers,False,True,True,False,2014-09-03,2026-02-02,1
12371,Tauro FC,Tauro FC,transfers,False,True,False,False,2021-07-01,2021-12-31,1
12372,Zorya II,Zorya II,transfers,False,True,False,False,2009-07-01,2021-07-03,1
12373,Partizan U19,Partizan U19,transfers,False,True,False,False,2010-01-01,2022-07-01,1
12374,Altinordu,Altinordu,transfers,False,True,False,False,2013-07-01,2024-07-19,1
12376,Araklispor,Araklispor,transfers,False,True,False,False,2009-07-01,2011-08-18,1
12378,Bugsas Spor,BAK FK | Bugsas Spor | Mamak FK | Polatli Bugsas,transfers,False,True,False,False,2010-08-19,2021-04-16,4
12380,Darica GB,Darica GB,transfers,False,True,False,False,2007-08-02,2018-08-01,1
12381,1461 Trabzon,1461 Trabzon,transfers,False,True,False,False,2011-08-18,2019-06-30,1
12382,Amed SK,Amed SK,transfers,False,True,False,False,2024-07-01,2026-02-06,1
12386,Grenaa IF,Grenaa IF,games,False,False,True,False,2025-08-05,2025-08-05,1
12388,A. Keciörengücü,A. Keciörengücü | Keciörengücü,transfers,False,True,False,False,2009-01-22,2026-02-06,2
12399,Tarsus IY,Tarsus IY,transfers,False,True,False,False,2018-08-31,2024-08-14,1
12405,Real Unión Club,Real Unión | Real Unión Club,games | transfers,False,True,True,False,2013-09-04,2024-07-10,2
12412,Chornomorets II,Chornomorets II,transfers,False,True,False,False,2005-07-01,2019-03-12,1
12414,Dnipro II,Dnipro II,transfers,False,True,False,False,2007-07-01,2017-07-01,1
12418,FK Yelets,FK Yelets,transfers,False,True,False,False,2009-01-01,2012-07-01,1
12420,Irtysh Omsk,Irtysh Omsk,games | transfers,False,True,True,False,2012-08-01,2025-08-19,1
12421,Itumbiara-GO,Itumbiara-GO,transfers,False,True,False,False,2016-05-16,2016-05-16,1
12422,Kavkaztransgaz-2005 Ryzdvyany (-2013),Kavkaztransgaz-2005 Ryzdvyany (-2013),games,False,False,True,False,2012-07-11,2012-08-18,1
12423,Kecskeméti TE,Kecskemét | Kecskeméti TE,games | transfers,False,True,True,False,2015-01-23,2023-08-03,2
12425,Metalurg II,Metalurg II,transfers,False,True,False,False,2009-01-01,2015-07-17,1
12426,Nara-SBFR,Nara-SBFR,transfers,False,True,False,False,2011-01-01,2011-01-01,1
12427,Nika Moskau,Nika Moskau,transfers,False,True,False,False,2005-01-01,2005-09-01,1
12429,Saturn 2,Saturn 2,transfers,False,True,False,False,2008-01-01,2021-07-14,1
12431,Smena Komsomolsk-na-Amure,Smena | Smena Komsomolsk-na-Amure,games | transfers,False,True,True,False,2007-01-01,2017-08-24,2
12432,FC Astrakhan,Astrakhan | FC Astrakhan,games | transfers,False,True,True,False,2012-07-11,2026-01-22,2
12438,Volga Nizhniy Novgorod (- 2016),Volga NN | Volga Nizhniy Novgorod (- 2016),clubs | games | transfers,True,True,True,False,2012-07-21,2016-07-01,2
12439,Volga Uljanovsk,Volga Uljanovsk,games | transfers,False,True,True,False,2012-07-29,2026-06-30,1
12441,Vorskla II,Vorskla II,transfers,False,True,False,False,2005-07-01,2022-07-21,1
12444,Znamya Truda Orekhovo-Zuevo,Znamya Truda | Znamya Truda OZ | Znamya Truda Orekhovo-Zuevo,games | transfers,False,True,True,False,2012-07-30,2025-09-24,3
12451,RKSV Groene Ster,RKSV Groene Ster,games,False,False,True,False,2015-08-26,2025-09-24,1
12454,Club Atlético Sarmiento,Club Atlético Sarmiento,clubs | games,True,False,True,False,2025-01-24,2026-05-03,1
12456,Türkgücü Münch.,Türkgücü Münch. | Türkgücü München,games | transfers,False,True,True,False,2021-06-15,2022-07-01,2
12458,CD Morón,CD Morón,transfers,False,True,False,False,2019-01-01,2020-06-30,1
12460,Flamurtari FC,Flamurtari FC,games | transfers,False,True,True,False,2012-07-05,2025-07-16,1
12462,KS Kastrioti,KS Kastrioti,transfers,False,True,False,False,2020-08-17,2021-07-01,1
12469,KF Skënderbeu,KF Skënderbeu,games | transfers,False,True,True,False,2011-01-01,2023-01-22,1
12497,Bld Kütahya,Bld Kütahya,transfers,False,True,False,False,2024-07-08,2025-06-30,1
12502,Alicante,Alicante,transfers,False,True,False,False,2010-08-01,2011-07-01,1
12514,Kolubara,Kolubara,transfers,False,True,False,False,2022-08-15,2024-02-07,1
12515,Karpaty II,Karpaty II,transfers,False,True,False,False,2006-07-01,2020-08-15,1
12516,Kryvbas II,Kryvbas II,transfers,False,True,False,False,2004-08-01,2012-07-01,1
12517,Metalist II,Metalist II,transfers,False,True,False,False,2006-07-20,2016-07-09,1
12518,Metalurg Z. II,Metalurg Z. II | Metalurg-2,transfers,False,True,False,False,2006-03-01,2015-07-01,2
12521,SK Tavriya II,SK Tavriya II,transfers,False,True,False,False,2010-08-01,2012-01-01,1
12522,AC Vila Meã,AC Vila Meã,transfers,False,True,False,False,2013-01-06,2023-06-30,1
12524,Ankara Demir,Ankara Demir,transfers,False,True,False,False,2022-08-24,2026-06-30,1
12555,Ofspor,Ofspor,transfers,False,True,False,False,2013-01-31,2019-06-30,1
12563,CA Alvarado,CA Alvarado,transfers,False,True,False,False,2020-01-20,2020-06-30,1
12566,Carmarthen,Carmarthen,transfers,False,True,False,False,2013-01-04,2014-08-15,1
12567,Eldense,CD Eldense | Eldense,games | transfers,False,True,True,False,2012-12-28,2026-06-30,2
12569,Falkirk FC U20,Falkirk FC U20,transfers,False,True,False,False,2015-07-01,2016-07-01,1
12573,Rangers B,Rangers B,transfers,False,True,False,False,2018-07-01,2026-05-31,1
12574,CD Godoy Cruz Antonio Tomba,CD Godoy Cruz Antonio Tomba | Godoy Cruz,clubs | games | transfers,True,True,True,False,2019-07-01,2026-01-25,2
12577,Hearts FC B,Hearts FC B,transfers,False,True,False,False,2019-07-01,2026-05-31,1
12578,Hearts FC U20,Hearts FC U20,transfers,False,True,False,False,2010-07-01,2018-07-01,1
12580,Hibernian B,Hibernian B,transfers,False,True,False,False,2018-07-01,2025-08-16,1
12588,Gimnástica de Torrelavega,Gimnástica de Torrelavega,games,False,False,True,False,2014-09-03,2022-11-13,1
12596,TeBe Youth,TeBe Youth,transfers,False,True,False,False,1999-07-01,2008-07-01,1
12604,Own Youth,Own Youth,transfers,False,True,False,False,2005-07-01,2021-07-01,1
12605,Real Balompédica Linense,R. B. Linense | Real Balompédica Linense,games | transfers,False,True,True,False,2012-09-12,2020-12-23,2
12606,Rishöj Boldklub,Rishöj Boldklub,games,False,False,True,False,2012-09-26,2017-08-09,1
12622,B1908 Amager,B1908 Amager,games | transfers,False,True,True,False,2012-01-01,2024-09-11,1
12627,Kopenhagen KFUM,Kopenhagen KFUM,games,False,False,True,False,2019-08-07,2022-08-02,1
12631,Rio Preto-SP,Rio Preto-SP,transfers,False,True,False,False,2010-01-01,2020-02-12,1
12634,VV SWZ Sneek,VV SWZ Sneek,games,False,False,True,False,2012-09-26,2013-09-26,1
12646,,,games,False,False,True,False,2016-09-07,2016-09-07,0
12652,SV TEC Tiel,SV TEC Tiel | TEC,games | transfers,False,True,True,False,2013-08-28,2025-09-23,2
12658,Guiseley AFC,Guiseley | Guiseley AFC,games | transfers,False,True,True,False,2012-11-03,2024-11-02,2
12659,Jacobina,Jacobina,transfers,False,True,False,False,2015-01-01,2015-04-01,1
12663,Arsenal Kyiv II,Arsenal Kyiv II,transfers,False,True,False,False,2003-07-01,2019-07-19,1
12666,Atl. Madrid C,Atl. Madrid C,transfers,False,True,False,False,2007-07-01,2014-07-01,1
12690,Grêmio U20,Grêmio U20,transfers,False,True,False,False,2009-01-01,2023-07-01,1
12697,UE Sant Andreu,Sant Andreu | UE Sant Andreu,games | transfers,False,True,True,False,2013-09-04,2025-12-04,2
12700,SV Deurne,SV Deurne,games | transfers,False,True,True,False,2013-07-01,2015-07-01,1
12709,San Martín (T),San Martín (T),transfers,False,True,False,False,2017-08-12,2022-12-31,1
12721,Ittihad Tanger,Ittihad Tanger,transfers,False,True,False,False,2018-07-13,2019-08-03,1
12728,Tampico Madero,Tampico Madero,transfers,False,True,False,False,2026-01-26,2026-01-26,1
12732,VVSB Noordwijkerhout,VVSB Noordwijkerhout,games,False,False,True,False,2013-08-28,2025-09-02,1
12744,VAFC U19,VAFC U19,transfers,False,True,False,False,2009-07-01,2023-07-01,1
12745,St-Étienne U19,St-Étienne U19,transfers,False,True,False,False,2004-07-01,2024-07-01,1
12747,Clermont U19,Clermont U19,transfers,False,True,False,False,2016-07-01,2023-07-01,1
12748,EA Guingamp B,EA Guingamp B,transfers,False,True,False,False,2010-07-01,2021-07-01,1
12749,EA Guingamp U19,EA Guingamp U19,transfers,False,True,False,False,2018-07-01,2018-07-01,1
12750,Troyes U19,Troyes U19,transfers,False,True,False,False,2011-07-01,2021-07-01,1
12760,Grenoble U19,Grenoble U19,transfers,False,True,False,False,2007-07-01,2013-01-01,1
12761,Châteauroux B,Châteauroux B,transfers,False,True,False,False,2013-07-01,2020-07-01,1
12763,Nizza U19,Nizza U19,transfers,False,True,False,False,2009-01-01,2025-07-01,1
12764,Olymp. Lyon B,Olymp. Lyon B,transfers,False,True,False,False,2008-07-01,2024-01-30,1
12765,LOSC Lille B,LOSC Lille B,transfers,False,True,False,False,2009-07-01,2026-01-09,1
12767,Amiens SC U19,Amiens SC U19,transfers,False,True,False,False,2005-07-01,2021-07-01,1
12769,Angers SCO U19,Angers SCO U19,transfers,False,True,False,False,2005-07-01,2021-07-01,1
12770,SM Caen B,SM Caen B,transfers,False,True,False,False,2005-07-01,2006-07-01,1
12771,SM Caen U19,SM Caen U19,transfers,False,True,False,False,2005-07-01,2022-07-01,1
12773,Stade Brest U19,Stade Brest U19,transfers,False,True,False,False,2014-07-01,2024-07-16,1
12774,Stade Reims U19,Stade Reims U19,transfers,False,True,False,False,2014-07-01,2024-07-01,1
12776,Boulogne U19,Boulogne U19,transfers,False,True,False,False,2005-07-01,2019-07-01,1
12780,Kasimpasa U21,Kasimpasa U21,transfers,False,True,False,False,2017-07-01,2019-07-01,1
12786,HSV Yth.,HSV Yth.,transfers,False,True,False,False,2008-07-01,2021-07-01,1
12797,Sunderland U18,Sunderland U18,transfers,False,True,False,False,2013-07-01,2021-01-08,1
12798,Levante U19,Levante U19,transfers,False,True,False,False,2004-07-01,2020-07-01,1
12799,Nottingham U18,Nottingham U18,transfers,False,True,False,False,2014-01-01,2023-07-01,1
12801,Wolves U18,Wolves U18,transfers,False,True,False,False,2003-07-01,2024-07-01,1
12803,Coventry U18,Coventry U18,transfers,False,True,False,False,2021-07-01,2021-07-01,1
12805,QPR U18,QPR U18,transfers,False,True,False,False,2013-07-01,2016-07-01,1
12806,Sheff Utd U18,Sheff Utd U18,transfers,False,True,False,False,2018-07-04,2024-07-01,1
12807,Tranmere U18,Tranmere U18,transfers,False,True,False,False,2008-07-01,2012-07-01,1
12808,Wigan U18,Wigan U18,transfers,False,True,False,False,2017-07-01,2020-07-01,1
12812,Fiorentina Yth.,Fiorentina Yth.,transfers,False,True,False,False,2012-07-01,2022-07-01,1
12813,Livorno U19,Livorno U19,transfers,False,True,False,False,2015-06-30,2020-09-01,1
12816,Lazio U19,Lazio U19 | Lazio U20,transfers,False,True,False,False,2010-07-01,2026-01-09,2
12817,NK Kustosija,NK Kustosija,transfers,False,True,False,False,2025-09-23,2026-02-18,1
12819,Napoli U19,Napoli U19 | Napoli U20,transfers,False,True,False,False,2010-01-01,2025-07-18,2
12820,US Palermo Yout,US Palermo Yout,transfers,False,True,False,False,2012-07-01,2020-07-01,1
12821,Wolfsburg Yth.,Wolfsburg Yth.,transfers,False,True,False,False,2003-07-01,2022-01-01,1
12831,Granada 74 You.,Granada 74 You.,transfers,False,True,False,False,2013-07-01,2013-07-01,1
12834,Córdoba CF B,Córdoba CF B,transfers,False,True,False,False,2009-07-01,2018-07-01,1
12847,RBK Youth,RBK Youth,transfers,False,True,False,False,2007-07-01,2011-07-01,1
12852,Rio Maior,Rio Maior,transfers,False,True,False,False,2007-01-01,2007-06-30,1
12853,FC Villarreal C,FC Villarreal C,transfers,False,True,False,False,2009-07-01,2023-07-01,1
12859,FK Lovcen Cetinje,FK Lovcen Cetinje,games,False,False,True,False,2014-07-03,2014-07-10,1
12863,Siena U19,Siena U19,transfers,False,True,False,False,2011-07-01,2013-07-31,1
12869,Nantwich Town FC,Nantwich Town FC,games,False,False,True,False,2017-11-04,2019-11-09,1
12885,FK Kharkiv II,FK Kharkiv II,transfers,False,True,False,False,2008-01-01,2009-07-01,1
12886,Edinburgh City FC,Edinburgh City | Edinburgh City FC | FC Edinburgh,games | transfers,False,True,True,False,2012-08-25,2025-11-29,3
12889,OFK Petrovac,OFK Petrovac,transfers,False,True,False,False,2019-07-31,2025-08-27,1
12908,NK Krka,NK Krka,transfers,False,True,False,False,2020-02-14,2021-07-09,1
12914,Murici,Murici,transfers,False,True,False,False,2020-09-04,2020-10-01,1
12916,Al-Salmiya SC,Al-Salmiya SC,transfers,False,True,False,False,2019-07-03,2020-01-15,1
12935,Tractor,Tractor | Tractor Sazi,transfers,False,True,False,False,2011-12-07,2025-07-16,2
12963,Boavista Y19,Boavista Y19,transfers,False,True,False,False,2006-07-01,2024-07-01,1
12964,Braga U19,Braga U19,transfers,False,True,False,False,2008-07-01,2024-07-01,1
13017,Kremin,Kremin | Kremin Kremenchuk,games | transfers,False,True,True,False,2012-07-25,2025-02-07,2
13025,Sandnes Ulf,Sandnes Ulf,transfers,False,True,False,False,2012-01-01,2025-01-02,1
13065,Torpedo II,Torpedo II,transfers,False,True,False,False,2023-01-01,2023-07-01,1
13175,Karlslunde IF,Karlslunde IF,games,False,False,True,False,2016-08-10,2024-08-05,1
13179,Taastrup B70,Taastrup B70,transfers,False,True,False,False,1999-08-01,2002-06-01,1
13183,Avedöre IF,Avedöre IF,games,False,False,True,False,2015-09-02,2020-09-01,1
13189,Herlufsholm GF,Herlufsholm GF,games,False,False,True,False,2015-09-01,2024-08-07,1
13203,FK Gubkin (-2013),FK Gubkin (-2013),games,False,False,True,False,2012-07-11,2012-09-01,1
13204,Istra,Istra,transfers,False,True,False,False,2008-08-01,2009-01-01,1
13208,Kjellerup IF,Kjellerup IF,games,False,False,True,False,2015-09-02,2025-08-05,1
13222,CD Mirandés,CD Mirandés,games | transfers,False,True,True,False,2012-09-11,2026-06-30,1
13223,CD Valle de Egüés,CD Valle de Egüés,games,False,False,True,False,2023-11-01,2025-10-30,1
13225,CF Reus Deportiu,CF Reus Deportiu | Reus Deportiu,games | transfers,False,True,True,False,2015-09-02,2019-08-02,2
13226,Caudal Deportivo,Caudal Deportivo,games,False,False,True,False,2012-08-29,2025-10-29,1
13227,Coruxo FC,Coruxo FC,games,False,False,True,False,2019-12-17,2022-11-13,1
13231,Haro Deportivo,Haro Deportivo,games | transfers,False,True,True,False,2013-09-04,2021-06-30,1
13238,SD Noja,SD Noja,games,False,False,True,False,2012-08-29,2012-10-17,1
13240,Sestao River,Sestao River,games | transfers,False,True,True,False,2014-09-03,2025-06-30,1
13241,UD Ibiza,UD Ibiza,games | transfers,False,True,True,False,2020-01-08,2026-06-30,1
13242,CD Puertollano,CD Puertollano,games,False,False,True,False,2014-09-03,2014-09-03,1
13243,Uni. Las Palmas,Uni. Las Palmas,transfers,False,True,False,False,2009-07-01,2011-07-01,1
13244,Utebo FC,Utebo FC,games,False,False,True,False,2022-11-13,2025-10-28,1
13248,Hibernian FC U20,Hibernian FC U20,transfers,False,True,False,False,2005-07-01,2018-07-01,1
13259,Colo Colo U21,Colo Colo U21,transfers,False,True,False,False,2003-01-01,2003-01-01,1
13261,Asker,Asker,transfers,False,True,False,False,2011-01-01,2013-01-31,1
13278,FC Tiraspol,FC Tiraspol,games | transfers,False,True,True,False,2013-07-04,2015-07-01,1
13286,Chorley FC,Chorley | Chorley FC,games | transfers,False,True,True,False,2009-11-20,2021-01-22,2
13290,Odder IGF,Odder IGF,games | transfers,False,True,True,False,2014-11-19,2025-09-03,1
13293,Real España,Real España,transfers,False,True,False,False,2012-01-01,2019-08-21,1
13299,Vlasim,Graffin Vlasim | Vlasim,transfers,False,True,False,False,2014-07-25,2019-06-30,2
13304,Gaziantep U21,Gaziantep U21,transfers,False,True,False,False,2010-07-15,2013-02-01,1
13313,Sudan,Sudan,games,False,False,True,False,2025-12-24,2026-01-03,1
13314,CA Osasuna Yout,CA Osasuna Yout,transfers,False,True,False,False,2012-07-01,2022-07-01,1
13331,US Créteil B,US Créteil B,transfers,False,True,False,False,2016-07-01,2022-01-28,1
13341,Flandria,Flandria,transfers,False,True,False,False,2020-01-20,2020-06-30,1
13342,Guatemala,Guatemala,national_teams,False,False,False,True,,,1
13353,Club Tijuana,Club Tijuana,clubs | games | transfers,True,True,True,False,2019-07-01,2026-04-26,1
13354,Correcaminos,Correcaminos,transfers,False,True,False,False,2021-07-01,2023-07-07,1
13361,América Premier,América Coapa | América Premier,transfers,False,True,False,False,2013-07-01,2017-07-01,2
13366,JS Kabylie,JS Kabylie,transfers,False,True,False,False,2022-07-01,2025-08-30,1
13367,WA Tlemcen,WA Tlemcen,transfers,False,True,False,False,2018-07-01,2019-06-30,1
13379,Cúcuta Dep.,Cúcuta Dep.,transfers,False,True,False,False,2026-01-09,2026-12-31,1
13400,A. Walldorf U19,A. Walldorf U19,transfers,False,True,False,False,2017-07-01,2019-07-01,1
13406,Premià,Premià,transfers,False,True,False,False,2009-07-01,2010-08-01,1
13418,ÍF Fuglafjördur,ÍF Fuglafjördur,games,False,False,True,False,2013-07-03,2014-07-10,1
13436,RSD Alcalá,RSD Alcalá,games,False,False,True,False,2025-10-28,2025-10-28,1
13438,CP Villarrobledo,CP Villarrobledo,games,False,False,True,False,2012-08-29,2012-08-29,1
13457,,,games,False,False,True,False,2023-08-08,2023-08-08,0
13460,,,games,False,False,True,False,2022-08-04,2022-08-04,0
13466,FC Versailles,FC Versailles,transfers,False,True,False,False,2025-07-01,2025-07-01,1
13467,Racing FC Union Luxembourg,Racing FC Union Luxembourg,games,False,False,True,False,2018-07-12,2025-07-17,1
13473,Nazilli Bld.,Nazilli Belediye | Nazilli Bld.,transfers,False,True,False,False,2018-01-24,2024-06-30,2
13482,,,games,False,False,True,False,2014-08-12,2014-08-12,0
13484,Gozzano,Gozzano,transfers,False,True,False,False,2019-07-31,2020-06-30,1
13485,Equatorial Guinea,Equatorial Guinea,games,False,False,True,False,2025-12-24,2025-12-31,1
13497,Uganda,Uganda,games | national_teams,False,False,True,True,2025-12-23,2025-12-30,1
13499,Astra Giurgiu,Astra Giurgiu,games | transfers,False,True,True,False,2013-07-04,2021-08-25,1
13503,Al-Ahli Club,Al-Ahli Club,transfers,False,True,False,False,2026-01-12,2026-01-12,1
13504,Al-Ahli,Al-Ahli,transfers,False,True,False,False,2025-02-06,2026-01-31,1
13505,Al-Ittihad,Al-Ittihad,transfers,False,True,False,False,2025-09-16,2025-09-16,1
13508,Al-Nasr Bengh.,Al-Nasr Bengh.,transfers,False,True,False,False,2022-01-01,2022-08-14,1
13509,Al-Wakrah SC,Al-Wakrah SC,transfers,False,True,False,False,2025-07-20,2026-06-30,1
13514,Sitra Club,Sitra Club,transfers,False,True,False,False,2025-07-29,2026-01-12,1
13519,Ranheim,Ranheim,transfers,False,True,False,False,2012-08-31,2021-12-31,1
13523,Les Herbiers VF,Les Herbiers VF,transfers,False,True,False,False,2022-09-01,2024-07-22,1
13545,Benfica de Biss,Benfica de Biss,transfers,False,True,False,False,2021-01-01,2021-01-01,1
13556,Curzon Ashton,Curzon Ashton,games | transfers,False,True,True,False,2016-11-05,2024-11-03,1
13562,Savona,Savona | Savona FBC,games | transfers,False,True,True,False,2011-08-01,2019-07-01,2
13571,La Vitréenne FC,La Vitréenne FC,transfers,False,True,False,False,2010-07-01,2011-07-01,1
13573,1º Dezembro,1º Dezembro,transfers,False,True,False,False,2026-02-02,2026-02-02,1
13599,Dordoi Bishkek,Dordoi Bishkek,transfers,False,True,False,False,2026-01-19,2026-01-19,1
13613,Sharjah FC,Sharjah FC,transfers,False,True,False,False,2022-09-07,2024-07-01,1
13642,BVV Barendrecht,BVV Barendrecht | Barendrecht,games | transfers,False,True,True,False,2013-09-24,2026-01-01,2
13650,Estudiantes SL,Estudiantes SL,transfers,False,True,False,False,2016-01-20,2016-07-08,1
13653,Utsiktens BK,Utsiktens BK,transfers,False,True,False,False,2024-03-27,2025-01-07,1
13661,Shotts Bon Accord,Shotts Bon Accord,games,False,False,True,False,2012-08-25,2012-09-01,1
13663,,,games,False,False,True,False,2022-08-27,2022-08-27,0
13674,Syria,Syria,games,False,False,True,False,2024-01-13,2024-01-31,1
13677,Whitehill Welfare FC,Whitehill Welfare FC,games,False,False,True,False,2012-08-25,2023-09-23,1
13683,Ingolstadt U19,Ingolstadt U19,transfers,False,True,False,False,2016-07-01,2019-06-30,1
13687,UR Trabalhadore,UR Trabalhadore,transfers,False,True,False,False,2019-01-17,2019-04-03,1
13702,R. Majadahonda,CF Rayo Majadahonda | R. Majadahonda,games | transfers,False,True,True,False,2015-09-02,2025-10-28,2
13711,Real Madrid U17,Real Madrid U17,transfers,False,True,False,False,2002-07-01,2021-07-01,1
13716,1.SC Znojmo,1.SC Znojmo,transfers,False,True,False,False,2017-08-09,2017-12-31,1
13726,MFK Karvina,Karvina | MFK Karvina,clubs | games | transfers,True,True,True,False,2024-01-04,2026-04-25,2
13744,Michalovce,Michalovce,transfers,False,True,False,False,2012-07-01,2023-07-15,1
13753,MFK Vyskov,MFK Vyskov,transfers,False,True,False,False,2018-07-01,2024-06-30,1
13907,Vikt. Plzen U19,Vikt. Plzen U19,transfers,False,True,False,False,2015-07-01,2015-07-01,1
13925,Olomouc U19,Olomouc U19,transfers,False,True,False,False,2019-07-01,2020-07-01,1
13937,Zbroj. Brno U19,Zbroj. Brno U19,transfers,False,True,False,False,2018-07-01,2021-01-01,1
13941,Ethiopia,Ethiopia,national_teams,False,False,False,True,,,1
13950,Nam Dinh FC,Nam Dinh FC,transfers,False,True,False,False,2025-10-07,2025-10-07,1
13951,El Salvador,El Salvador,national_teams,False,False,False,True,,,1
13955,Fiji,Fiji,national_teams,False,False,False,True,,,1
13957,India,India,games | national_teams,False,False,True,True,2024-01-13,2024-01-23,1
13958,Indonesia,Indonesia,games | national_teams,False,False,True,True,2024-01-15,2024-01-28,1
13959,Kazma SC,Kazma SC,transfers,False,True,False,False,2017-09-12,2026-01-21,1
13975,Tajikistan,Tajikistan,games | national_teams,False,False,True,True,2024-01-13,2024-02-02,1
14029,Villa S.Brígida,UD Villa de Santa Brígida | Villa S.Brígida,games | transfers,False,True,True,False,2015-07-01,2016-08-31,2
14080,Brito,Brito,transfers,False,True,False,False,2019-07-01,2021-07-01,1
14082,FAS,FAS,transfers,False,True,False,False,2022-09-08,2023-07-01,1
14089,Dynamo Dushanbe,Dynamo Dushanbe,transfers,False,True,False,False,2021-03-01,2022-08-11,1
14094,FK Khujand,FK Khujand,transfers,False,True,False,False,2026-01-26,2026-01-26,1
14105,PERSIB,PERSIB,transfers,False,True,False,False,2025-08-27,2026-01-25,1
14161,Haiti,Haiti,games,False,False,True,False,2026-06-14,2026-06-24,1
14162,Qatar,Qatar,games | national_teams,False,False,True,True,2022-11-20,2026-06-24,1
14165,Oman,Oman,games | national_teams,False,False,True,True,2024-01-16,2024-01-25,1
14171,Thonon Évian Grand Genève FC,Thonon Évian | Thonon Évian Grand Genève FC | Évian,clubs | games | transfers,True,True,True,False,2012-08-11,2017-07-03,3
14178,Neman Grodno,Neman Grodno,games | transfers,False,True,True,False,2014-07-17,2025-08-28,1
14187,Maritzburg Utd.,Maritzburg Utd.,transfers,False,True,False,False,2021-01-27,2022-07-01,1
14190,Rayon Sports,Rayon Sports,transfers,False,True,False,False,2015-07-01,2015-07-01,1
14197,Team Vaud U16,Team Vaud U16,transfers,False,True,False,False,2006-07-01,2008-07-01,1
14233,Brunei Darussalam,Brunei Darussalam,national_teams,False,False,False,True,,,1
14280,Dnipro U19,Dnipro U19,transfers,False,True,False,False,2012-07-01,2016-07-01,1
14281,Dynamo Kyiv U17,Dynamo Kyiv U17,transfers,False,True,False,False,2003-07-01,2024-08-01,1
14282,Akademia Dynamo,Akademia Dynamo,transfers,False,True,False,False,2004-01-01,2022-08-31,1
14283,DYuSSh Luch,DYuSSh Luch,transfers,False,True,False,False,2010-01-01,2010-01-01,1
14286,SShOR Khimki,SShOR Khimki,transfers,False,True,False,False,2011-07-01,2011-07-01,1
14287,FC Moscow U19,FC Moscow U19,transfers,False,True,False,False,2004-01-01,2010-01-01,1
14288,Akademia Rostov,Akademia Rostov,transfers,False,True,False,False,2018-04-20,2023-07-01,1
14291,Akademia KSS,Akademia KSS,transfers,False,True,False,False,2018-07-01,2021-07-01,1
14292,Kuban U19,Kuban U19,transfers,False,True,False,False,2012-07-01,2012-07-01,1
14293,Akademia Loko,Ak. Loko U17 | Akademia Loko,transfers,False,True,False,False,2007-01-01,2024-01-01,2
14295,Metalurg U19,Metalurg U19,transfers,False,True,False,False,2012-07-01,2014-07-01,1
14297,Rapid 1923 U18,Rapid 1923 U18,transfers,False,True,False,False,2019-07-01,2020-09-16,1
14298,Akademia Rubin,Akademia Rubin,transfers,False,True,False,False,2011-01-01,2023-07-01,1
14299,Master-Saturn,Master-Saturn,transfers,False,True,False,False,2007-01-01,2021-07-16,1
14300,Shakhtar U19,Shakhtar U19,transfers,False,True,False,False,2012-07-01,2025-09-05,1
14301,Akademia FCSM,Akademia FCSM,transfers,False,True,False,False,2006-09-20,2024-01-01,1
14302,DYuSSh Spartak,DYuSSh Spartak,transfers,False,True,False,False,2011-01-01,2011-01-01,1
14308,Akademia Zenit,Akademia Zenit,transfers,False,True,False,False,2007-04-09,2023-07-01,1
14309,Akademia CSKA,Akademia CSKA | CSKA U17,transfers,False,True,False,False,2004-09-01,2023-07-01,2
14321,Barça U16,Barça U16,transfers,False,True,False,False,1997-07-01,2022-07-01,1
14322,FC Basel U18,FC Basel U18,transfers,False,True,False,False,2004-07-01,2011-07-01,1
14332,Luzern U18,Luzern U18,transfers,False,True,False,False,2014-07-01,2014-07-01,1
14340,SK Slavia U19,SK Slavia U19 | Slavia U19,transfers,False,True,False,False,2014-07-16,2021-01-01,2
14344,Ulisses,FC Ulisses Yerevan | Ulisses,games | transfers,False,True,True,False,2012-07-17,2016-01-29,2
14347,AC Horsens U19,AC Horsens U19,transfers,False,True,False,False,2021-08-01,2024-09-01,1
14348,Graafschap U19,Graafschap U19,transfers,False,True,False,False,2018-07-01,2020-07-01,1
14349,Esbjerg fB U19,Esbjerg fB U19,transfers,False,True,False,False,2013-07-01,2021-08-10,1
14350,Excelsior U19,Excelsior U19,transfers,False,True,False,False,2005-07-01,2020-07-01,1
14355,Nordsjaell. U19,Nordsjaell. U19,transfers,False,True,False,False,2009-07-01,2024-01-26,1
14361,FC Teutonia 05 Ottensen,FC Teutonia 05 Ottensen | Teutonia 05,games | transfers,False,True,True,False,2022-08-08,2024-08-18,2
14363,Lyngby BK U19,Lyngby BK U19,transfers,False,True,False,False,2005-01-01,2025-07-25,1
14364,Odense BK U19,Odense BK U19,transfers,False,True,False,False,2005-01-01,2024-07-20,1
14366,VVV/Hel U19,VVV/Hel U19,transfers,False,True,False,False,2010-07-01,2010-07-01,1
14375,FC Olten Youth,FC Olten Youth,transfers,False,True,False,False,1998-07-01,1998-07-01,1
14389,Leicester U18,Leicester U18,transfers,False,True,False,False,2007-07-01,2023-07-01,1
14390,Brusque,Brusque,transfers,False,True,False,False,2025-07-01,2026-12-01,1
14396,Solothurn Yth.,Solothurn Yth.,transfers,False,True,False,False,2013-07-01,2013-07-01,1
14431,Empoli FC Youth,Empoli FC Youth,transfers,False,True,False,False,2008-07-01,2024-07-01,1
14438,BSC YB U18,BSC YB U18,transfers,False,True,False,False,2014-07-01,2016-07-01,1
14443,NK Inter Z. U19,NK Inter Z. U19,transfers,False,True,False,False,2017-07-01,2019-07-01,1
14444,HNK Rijeka U19,HNK Rijeka U19,transfers,False,True,False,False,2016-07-01,2022-07-01,1
14446,NK Zagreb U19,NK Zagreb U19,transfers,False,True,False,False,2013-07-01,2016-07-21,1
14447,Águeda,Águeda,transfers,False,True,False,False,2016-07-01,2017-07-01,1
14456,Al-Dhafra FC,Al-Dhafra FC,transfers,False,True,False,False,2021-01-11,2021-06-30,1
14460,Cardiff U18,Cardiff U18,transfers,False,True,False,False,2019-07-01,2021-07-01,1
14465,Barnsley U18,Barnsley U18,transfers,False,True,False,False,2011-01-01,2017-07-01,1
14466,Burnley U18,Burnley U18,transfers,False,True,False,False,2007-07-01,2022-07-01,1
14481,HNK Sibenik U19,HNK Sibenik U19,transfers,False,True,False,False,2009-01-01,2021-07-01,1
14482,Hull U18,Hull U18,transfers,False,True,False,False,2011-07-01,2019-07-01,1
14488,Sheff Wed U18,Sheff Wed U18,transfers,False,True,False,False,2011-07-01,2019-07-01,1
14493,GS Prosotsani,GS Prosotsani,transfers,False,True,False,False,2011-01-01,2012-07-01,1
14494,Stoke U18,Stoke U18,transfers,False,True,False,False,2010-01-01,2020-08-08,1
14503,1º de Agosto,1º de Agosto,transfers,False,True,False,False,2016-01-01,2024-07-01,1
14519,Talleres RE,Talleres RE,transfers,False,True,False,False,2021-02-11,2021-12-31,1
14524,Dundonald Bluebell JFC,Dundonald Bluebell JFC,games,False,False,True,False,2020-12-12,2025-10-25,1
14537,FC Zürich U18,FC Zürich U18,transfers,False,True,False,False,2014-07-01,2016-07-01,1
14543,GC Zürich U18,GC Zürich U18,transfers,False,True,False,False,2013-07-01,2015-01-01,1
14554,Club Atlético Tucumán,Club Atlético Tucumán,clubs | games,True,False,True,False,2025-01-25,2026-05-03,1
14559,1. Göppinger SV,1. Göppinger SV,transfers,False,True,False,False,2019-07-01,2020-07-01,1
14565,Sivasspor U21,Sivasspor U21,transfers,False,True,False,False,2006-08-03,2009-07-01,1
14575,Power Dynamos FC,Power Dynamos FC,transfers,False,True,False,False,2013-01-01,2014-08-10,1
14583,Atlético Huila,Atlético Huila,transfers,False,True,False,False,2016-07-01,2017-01-01,1
14585,Soroksár,Soroksár,transfers,False,True,False,False,2017-07-01,2019-07-05,1
14589,FC Orenburg,FC Orenburg | Gazovik Orenburg | Orenburg,clubs | games | transfers,True,True,True,False,2010-01-01,2026-12-31,3
14590,Spartak Kostroma,S. Kostroma | Sp. Kostroma | Spartak Kostroma,games | transfers,False,True,True,False,2012-07-30,2026-01-19,3
14602,Asociación Atlética Estudiantes,Asociación Atlética Estudiantes,clubs | games,True,False,True,False,2026-01-26,2026-05-05,1
14617,FC Besa,FC Besa,transfers,False,True,False,False,2012-07-01,2012-07-01,1
14618,Leyton U18,Leyton U18,transfers,False,True,False,False,2017-01-01,2017-01-01,1
14619,Luton U18,Luton U18,transfers,False,True,False,False,2011-03-01,2023-07-01,1
14620,Millwall U18,Millwall U18,transfers,False,True,False,False,2013-07-01,2022-07-04,1
14621,Zvijezda G.,Zvijezda G.,transfers,False,True,False,False,2016-01-19,2016-07-01,1
14623,Oldham U18,Oldham U18,transfers,False,True,False,False,2015-07-01,2015-07-01,1
14624,Port Vale U18,Port Vale U18,transfers,False,True,False,False,2008-07-01,2010-07-01,1
14626,Swansea U18,Swansea U18,transfers,False,True,False,False,2012-07-01,2023-09-01,1
14627,Walsall U18,Walsall U18,transfers,False,True,False,False,2014-01-01,2014-01-01,1
14629,Huddersf. U18,Huddersf. U18,transfers,False,True,False,False,2013-07-01,2018-07-01,1
14632,Aias Salaminas,Aias Salaminas,games,False,False,True,False,2021-08-28,2021-09-12,1
14645,Beerschot U19,Beerschot U19 | G. Beerschot U19,transfers,False,True,False,False,2011-01-01,2012-01-01,2
14648,Bournemouth U18,Bournemouth U18,transfers,False,True,False,False,2010-07-01,2023-07-01,1
14649,Boyacá Chicó FC,Boyacá Chicó FC,clubs | games,True,False,True,False,2025-07-13,2025-11-13,1
14650,Bristol U18,Bristol U18,transfers,False,True,False,False,2018-10-24,2022-07-13,1
14651,Brist. Rov. U18,Brist. Rov. U18,transfers,False,True,False,False,2006-07-01,2012-07-01,1
14666,Tanzania,Tanzania,games,False,False,True,False,2025-12-23,2026-01-04,1
14672,Tonbridge Angels,Tonbridge Angels,games,False,False,True,False,2020-11-07,2024-11-02,1
14679,São Paulo U17,São Paulo U17,transfers,False,True,False,False,2011-07-01,2017-01-01,1
14680,Unión Magdalena,Unión Magdalena,clubs | games,True,False,True,False,2025-07-19,2025-11-14,1
14683,Guillermo Brown,Guillermo Brown,transfers,False,True,False,False,2019-07-25,2020-06-30,1
14685,Sevilla FC Yth.,Sevilla FC Yth.,transfers,False,True,False,False,2001-07-01,2022-07-01,1
14687,Club Atlético Gimnasia y Esgrima de Mendoza,Club Atlético Gimnasia y Esgrima de Mendoza,clubs | games,True,False,True,False,2026-01-23,2026-05-04,1
14694,Como U19,Como U19,transfers,False,True,False,False,2007-07-01,2026-06-30,1
14695,Estr. Amadora B,Estr. Amadora B,transfers,False,True,False,False,2021-07-01,2022-07-01,1
14699,Corinthians B,Corinthians B,transfers,False,True,False,False,2011-05-01,2023-07-13,1
14701,Santos B,Santos B,transfers,False,True,False,False,2014-01-01,2017-12-31,1
14702,Fluminense U20,Fluminense U20,transfers,False,True,False,False,2014-01-01,2015-09-01,1
14704,Grêmio B,Grêmio B,transfers,False,True,False,False,2007-04-01,2023-01-01,1
14706,Legia U19,Legia U19,transfers,False,True,False,False,2010-07-01,2022-06-30,1
14707,Oviedo Vetusta,Oviedo Vetusta,transfers,False,True,False,False,2019-07-01,2020-08-04,1
14708,São Paulo U20,São Paulo U20,transfers,False,True,False,False,2008-07-01,2021-03-01,1
14709,SSC Napoli Yout,SSC Napoli Yout,transfers,False,True,False,False,2010-01-01,2022-07-01,1
14712,Lodigiani Youth,Lodigiani Youth,transfers,False,True,False,False,2003-07-01,2018-07-11,1
14721,Monza Giovanili,Monza Giovanili,transfers,False,True,False,False,2015-01-02,2022-08-01,1
14722,Académica B,Académica B,transfers,False,True,False,False,2013-07-01,2014-07-01,1
14724,Vasco U20,Vasco U20,transfers,False,True,False,False,2008-01-01,2024-07-06,1
14725,Groningen U21,FC Groning. U21 | Gron./Cam. U21 | Groningen U21,transfers,False,True,False,False,2009-07-01,2024-09-26,3
14726,PAS U19,PAS U19 | PAS U20,transfers,False,True,False,False,2011-01-01,2023-08-11,2
14727,Sport U20,Sport U20,transfers,False,True,False,False,2015-01-01,2019-02-04,1
14733,Bilbao Youth,Bilbao Youth,transfers,False,True,False,False,2007-07-01,2021-07-01,1
14734,Atl. Madrid U17,Atl. Madrid U17,transfers,False,True,False,False,2008-07-01,2021-07-01,1
14736,Depor U19,Depor U19,transfers,False,True,False,False,2012-01-01,2012-01-01,1
14737,Espanyol Youth,Espanyol Youth,transfers,False,True,False,False,2004-07-01,2019-07-01,1
14738,Getafe CF Youth,Getafe CF Youth,transfers,False,True,False,False,2013-07-01,2024-07-01,1
14740,Villarreal Yth.,Villarreal Yth.,transfers,False,True,False,False,2009-07-01,2021-07-01,1
14741,Racing Yth.,Racing Yth.,transfers,False,True,False,False,2004-07-01,2018-07-01,1
14742,Mallorca U19,Mallorca U19,transfers,False,True,False,False,2014-07-01,2023-07-01,1
14743,Real Betis Yth.,Real Betis Yth.,transfers,False,True,False,False,2016-07-01,2021-07-01,1
14744,Murcia U19,Murcia U19,transfers,False,True,False,False,2008-07-01,2018-07-01,1
14745,Zaragoza Youth,Zaragoza Youth,transfers,False,True,False,False,2013-07-01,2017-01-28,1
14746,Valladolid Yth.,Valladolid Yth.,transfers,False,True,False,False,2006-07-01,2022-07-01,1
14750,Bradford U18,Bradford U18,transfers,False,True,False,False,2013-08-23,2013-08-23,1
14758,Racing Club,Racing Club,transfers,False,True,False,False,2008-01-01,2019-01-01,1
14763,Aalborg Freja IK,Aalborg Freja IK,games,False,False,True,False,2015-09-08,2024-08-07,1
14773,Salisbury,Salisbury | Salisbury City (- 2014),games | transfers,False,True,True,False,2013-08-23,2014-07-21,2
14778,Aris U19,Aris U19 | Aris U20,transfers,False,True,False,False,2015-01-17,2024-01-08,2
14779,Ast.Tripoli U19,Ast.Aktor U19 | Ast.Tripoli U19,transfers,False,True,False,False,2019-07-01,2025-01-01,2
14782,Iraklis U19,Iraklis U19 | Iraklis U20,transfers,False,True,False,False,2008-07-01,2019-09-05,2
14784,OFI Crete U19,OFI Crete U19,transfers,False,True,False,False,2021-07-01,2024-08-01,1
14790,Xanthi U20,Xanthi U20,transfers,False,True,False,False,2006-07-01,2006-07-01,1
14796,CF La Nucía,CF La Nucía,games | transfers,False,True,True,False,2012-01-01,2023-01-03,1
14805,Ravenna U19,Ravenna U19,transfers,False,True,False,False,2008-07-01,2008-07-01,1
14807,Palmeiras U20,Palmeiras U20,transfers,False,True,False,False,2007-01-01,2025-02-03,1
14816,C. Budejovice B,C. Budejovice B,transfers,False,True,False,False,2018-08-03,2018-09-11,1
14821,Pisa U19,AC Pisa | Pisa U19,transfers,False,True,False,False,2016-11-01,2023-06-30,2
14822,Heidenheim U19,Heidenheim U19,transfers,False,True,False,False,2013-07-01,2024-07-01,1
14829,Brescia U19,Brescia U19,transfers,False,True,False,False,2011-07-01,2014-07-01,1
14830,CA Banfield II,CA Banfield II,transfers,False,True,False,False,2020-01-01,2020-08-10,1
14835,Lanús II,Lanús II,transfers,False,True,False,False,2020-01-01,2020-09-01,1
14837,River Plate II,River Plate II,transfers,False,True,False,False,2009-01-01,2010-07-01,1
14838,Ros. Central II,Ros. Central II,transfers,False,True,False,False,2015-01-25,2022-01-01,1
14842,Vélez II,Vélez II,transfers,False,True,False,False,2015-01-01,2020-08-29,1
14845,Chievo U19,Chievo U19,transfers,False,True,False,False,2015-07-01,2017-07-01,1
14847,Treviso U19,Treviso U19,transfers,False,True,False,False,2009-07-01,2009-07-01,1
14848,Bologna U19,Bologna U19 | Bologna U20,transfers,False,True,False,False,2017-07-01,2026-02-02,2
14866,Cruzeiro U17,Cruzeiro U17,transfers,False,True,False,False,2017-09-20,2021-01-01,1
14876,Corinthians U20,Corinthians U20,transfers,False,True,False,False,2006-01-01,2022-03-01,1
14880,Palmeiras U17,Palmeiras U17,transfers,False,True,False,False,2007-01-01,2022-01-01,1
14887,Pescara Youth,Pescara Youth,transfers,False,True,False,False,2011-03-01,2021-07-01,1
14888,Pontedera,Pontedera | US Città di Pontedera,games | transfers,False,True,True,False,2013-08-04,2025-06-30,2
14892,AC Cesena Youth,AC Cesena Youth,transfers,False,True,False,False,2009-07-01,2018-08-21,1
14893,Spezia U19,Spezia U19,transfers,False,True,False,False,2013-01-10,2025-09-02,1
14898,Piacenza U19,Piacenza U19,transfers,False,True,False,False,2010-01-01,2010-06-30,1
14907,Bari U19,Bari U19,transfers,False,True,False,False,2014-07-01,2018-08-03,1
14910,E. Amadora U19,E. Amadora U19,transfers,False,True,False,False,2009-07-01,2009-07-01,1
14920,Hellas Verona Y,Hellas Verona Y,transfers,False,True,False,False,2019-07-01,2022-07-01,1
14925,Vicenza U19,Vicenza U19,transfers,False,True,False,False,2018-08-22,2022-07-01,1
14926,Perugia U19,Perugia U19,transfers,False,True,False,False,2017-07-01,2019-09-02,1
14928,Bozüyükspor,Bozüyükspor,transfers,False,True,False,False,2012-01-12,2012-06-30,1
14931,Aliaga Belediye,Aliaga Belediye,transfers,False,True,False,False,2007-08-28,2008-02-05,1
14932,Altay SK U21,Altay SK U21,transfers,False,True,False,False,2009-07-01,2011-01-01,1
14933,Beykoz Ishakli,A. Üsküdar 1908 | Beykoz Ishakli,transfers,False,True,False,False,2009-07-01,2026-06-30,2
14936,Eskisehir U21,Eskisehir U21,transfers,False,True,False,False,2017-07-01,2019-07-01,1
14937,Den Bosch U19,Den Bosch U19,transfers,False,True,False,False,2009-01-01,2014-07-01,1
14938,Eindhoven U19,Eindhoven U19,transfers,False,True,False,False,2017-07-01,2019-08-08,1
14939,Emmen U19,Emmen U19,transfers,False,True,False,False,2005-07-01,2019-07-01,1
14940,Almere City U19,Almere City U19,transfers,False,True,False,False,2014-07-01,2020-07-01,1
14944,Helmond U19,Helmond U19,transfers,False,True,False,False,2010-07-01,2010-07-01,1
14945,Istanbul U19,Istanbul U19,transfers,False,True,False,False,2017-01-06,2025-09-16,1
14947,Kartalspor U21,Kartalspor U21,transfers,False,True,False,False,2012-07-01,2013-09-12,1
14967,Real Sociedad Y,Real Sociedad Y,transfers,False,True,False,False,2010-07-01,2021-07-01,1
14968,Salernitana U19,Salernitana U19,transfers,False,True,False,False,2022-01-19,2024-07-18,1
14971,Lucchese U19,Lucchese U19,transfers,False,True,False,False,2008-07-01,2008-07-01,1
14980,Colchester U18,Colchester U18,transfers,False,True,False,False,2019-07-01,2019-07-01,1
14983,MK Dons U18,MK Dons U18,transfers,False,True,False,False,2009-07-01,2019-07-01,1
14984,Plymouth U18,Plymouth U18,transfers,False,True,False,False,2010-07-01,2018-07-01,1
14987,Southend U18,Southend U18,transfers,False,True,False,False,2006-07-01,2007-07-01,1
14997,Brentford U18,Brentford U18,transfers,False,True,False,False,2010-07-01,2010-07-01,1
15002,Flamengo U20,Flamengo U20,transfers,False,True,False,False,2008-01-01,2025-02-04,1
15007,Macclesf. U19,Macclesf. U19,transfers,False,True,False,False,2012-07-01,2012-07-01,1
15009,Rochdale U18,Rochdale U18,transfers,False,True,False,False,2020-07-01,2020-07-01,1
15019,Setúbal U19,Setúbal U19,transfers,False,True,False,False,2013-07-01,2023-07-01,1
15020,Antalyaspor U21,Antalyaspor U21,transfers,False,True,False,False,2009-02-19,2019-07-01,1
15021,Bursaspor U21,Bursaspor U21,transfers,False,True,False,False,2006-07-01,2019-07-01,1
15023,Denizlispor U21,Denizlispor U21,transfers,False,True,False,False,2011-04-11,2012-10-29,1
15025,Konyaspor U21,Konyaspor U21,transfers,False,True,False,False,2017-08-01,2019-08-23,1
15026,Sakaryaspor U21,Sakaryaspor U21,transfers,False,True,False,False,2009-01-09,2009-01-09,1
15027,Manisaspor U21,Manisaspor U21,transfers,False,True,False,False,2015-01-26,2017-11-18,1
15029,Fluminense U17,Fluminense U17,transfers,False,True,False,False,2006-01-01,2020-01-01,1
15030,Guarani U20,Guarani U20,transfers,False,True,False,False,2017-01-01,2017-01-01,1
15033,Bangladesh,Bangladesh,national_teams,False,False,False,True,,,1
15034,Borac Cacak U19,Borac Cacak U19,transfers,False,True,False,False,2008-01-01,2008-01-01,1
15035,Botafogo U17,Botafogo U17,transfers,False,True,False,False,2019-01-01,2019-01-01,1
15036,Vasco U17,Vasco U17,transfers,False,True,False,False,2008-07-23,2008-07-23,1
15037,Atlético-MG U20,Atlético-MG U20,transfers,False,True,False,False,2019-08-07,2024-03-07,1
15038,Athletico U20,Athletico U20 | Atlético-PR U20,transfers,False,True,False,False,2008-07-01,2022-07-18,2
15058,Čukarički U19,Čukarički U19,transfers,False,True,False,False,2015-07-01,2022-07-01,1
15062,Nàstic U19,Nàstic U19,transfers,False,True,False,False,2010-07-01,2010-07-01,1
15063,Goiás EC U20,Goiás EC U20,transfers,False,True,False,False,2007-01-01,2024-12-31,1
15064,Guaratinguetá,Guaratinguetá,transfers,False,True,False,False,2013-01-01,2019-07-23,1
15066,Hércules CF B,Hércules CF B,transfers,False,True,False,False,2012-07-01,2023-07-01,1
15069,Juventude U20,Juventude U20,transfers,False,True,False,False,2021-10-01,2021-12-31,1
15071,Napredak U19,Napredak U19,transfers,False,True,False,False,2015-07-01,2015-07-01,1
15072,OFK Beograd U19,OFK Beograd U19,transfers,False,True,False,False,2013-07-01,2021-01-14,1
15073,Paraná U20,Paraná U20,transfers,False,True,False,False,2017-02-17,2017-02-17,1
15080,Rayo B,Rayo B,transfers,False,True,False,False,2003-07-01,2025-07-01,1
15083,Inter U20,Inter U20,transfers,False,True,False,False,2012-07-13,2024-01-19,1
15098,CABJ U20,CABJ U20,transfers,False,True,False,False,2010-07-01,2024-01-09,1
15099,Padova U19,Padova U19,transfers,False,True,False,False,2014-01-01,2019-06-30,1
15101,Arsenal FC U20,Arsenal FC U20,transfers,False,True,False,False,2005-07-01,2015-01-01,1
15103,CA Banfield U20,CA Banfield U20,transfers,False,True,False,False,2020-01-01,2020-01-01,1
15104,CA Colón U20,CA Colón U20,transfers,False,True,False,False,2009-01-01,2009-01-01,1
15106,Lanús U20,Lanús U20,transfers,False,True,False,False,2010-01-01,2020-01-01,1
15108,River Plate U20,River Plate U20,transfers,False,True,False,False,2009-01-01,2015-01-01,1
15109,CARC U20,CARC U20,transfers,False,True,False,False,2020-01-01,2020-01-01,1
15113,Vélez U20,Vélez U20,transfers,False,True,False,False,2015-01-01,2015-01-01,1
15114,Gimnasia U20,Gimnasia U20,transfers,False,True,False,False,2011-01-01,2011-01-01,1
15122,Nart Cherkessk,Nart Cherkessk,games | transfers,False,True,True,False,2024-07-31,2025-08-26,1
15130,Coritiba B,Coritiba B,transfers,False,True,False,False,2013-06-01,2017-01-01,1
15136,Guimarães B,Guimarães B,transfers,False,True,False,False,2012-06-30,2025-07-01,1
15156,1922 Konya,1922 Konya | A. Selcukspor,transfers,False,True,False,False,2017-07-25,2025-06-30,2
15157,Lüleburgazspor,Lüleburgazspor,transfers,False,True,False,False,2015-07-01,2016-07-01,1
15169,Porto-PE,Porto-PE,transfers,False,True,False,False,2014-01-01,2021-02-19,1
15171,FC Hennef 05,FC Hennef 05,games,False,False,True,False,2012-08-19,2012-08-19,1
15172,Atlético-GO,Atlético-GO,transfers,False,True,False,False,2015-03-20,2024-01-08,1
15173,Belenenses U19,Belenenses U19,transfers,False,True,False,False,2007-07-01,2024-07-01,1
15229,Botswana,Botswana,games,False,False,True,False,2025-12-23,2025-12-30,1
15232,Dominican Republic,Dominican Republic,national_teams,False,False,False,True,,,1
15234,Philippines,Philippines,national_teams,False,False,False,True,,,1
15244,Ballymena United FC,Ballymena United FC,games,False,False,True,False,2017-06-29,2019-07-18,1
15257,Bray Academy,Bray Academy,transfers,False,True,False,False,2020-01-01,2020-01-01,1
15265,St. Josephs Boys,St. Josephs Boys,transfers,False,True,False,False,2013-07-01,2016-07-01,1
15273,G.Birligi U21,G.Birligi U21,transfers,False,True,False,False,2009-07-01,2019-07-01,1
15274,Istanbul BB U21,Basaksehir U21 | Büyüksehir B. II | Istanbul BB U21,transfers,False,True,False,False,2009-01-26,2019-07-01,3
15276,FK Spartak Subotica,FK Spartak Subotica | Spartak,clubs | games | transfers,True,True,True,False,2016-07-01,2026-04-09,2
15294,St. Kevins Boys,St. Kevins Boys,transfers,False,True,False,False,2008-07-01,2016-08-01,1
15299,Zhetysu,Zhetysu | Zhetysu Taldykorgan,games | transfers,False,True,True,False,2012-07-05,2020-01-09,2
15300,Dinamo,Dinamo,transfers,False,True,False,False,2026-02-19,2026-02-19,1
15309,Loko Tashkent,Loko Tashkent,transfers,False,True,False,False,2017-08-02,2018-03-26,1
15351,Nicaragua,Nicaragua,national_teams,False,False,False,True,,,1
15357,Singapore,Singapore,national_teams,False,False,False,True,,,1
15358,Sri Lanka,Sri Lanka,national_teams,False,False,False,True,,,1
15363,Chinese Taipei,Chinese Taipei,national_teams,False,False,False,True,,,1
15374,Calcio Portogruaro-Summaga,Calcio Portogruaro-Summaga,games,False,False,True,False,2012-08-04,2012-08-12,1
15436,St. Pat's U19,St. Pat's U19,transfers,False,True,False,False,2017-01-01,2020-01-01,1
15439,Le Havre B,Le Havre B,transfers,False,True,False,False,2003-07-01,2024-07-01,1
15446,Lausanne II,Lausanne II,transfers,False,True,False,False,2023-07-01,2024-07-04,1
15447,Ontinyent,Ontinyent | Ontinyent CF,games | transfers,False,True,True,False,2011-07-01,2018-10-17,2
15455,Unión Española B,Unión Española B,transfers,False,True,False,False,2013-01-01,2014-01-01,1
15456,Maldives,Maldives,national_teams,False,False,False,True,,,1
15457,North Korea,North Korea,games,False,False,True,False,2010-06-15,2010-06-25,1
15466,Inter B,Inter B,transfers,False,True,False,False,2010-01-01,2018-10-08,1
15481,Al-Arabi,Al-Arabi,transfers,False,True,False,False,2021-01-14,2021-08-22,1
15482,Kuwait SC,Kuwait SC,transfers,False,True,False,False,2025-07-24,2025-09-22,1
15494,Ferro II,Ferro II,transfers,False,True,False,False,2005-07-01,2005-07-01,1
15509,Celta U19,Celta U19,transfers,False,True,False,False,2007-07-01,2022-07-01,1
15519,Lech U19,Lech U19,transfers,False,True,False,False,2012-07-01,2017-01-09,1
15521,Lechia U19,Lechia U19,transfers,False,True,False,False,2014-07-01,2017-02-03,1
15523,LKS U19,LKS U19,transfers,False,True,False,False,2016-07-01,2016-07-01,1
15530,Slask U19,Slask U19,transfers,False,True,False,False,2021-11-04,2021-11-04,1
15535,Lubin U19,Lubin U19,transfers,False,True,False,False,2019-07-01,2019-07-01,1
15539,Coritiba U20,Coritiba U20,transfers,False,True,False,False,2020-10-01,2020-12-31,1
15555,Vitória U20,Vitória U20,transfers,False,True,False,False,2018-07-01,2018-12-31,1
15559,Académica U19,Académica U19,transfers,False,True,False,False,2019-01-01,2019-07-01,1
15561,Nacional U19,Nacional U19,transfers,False,True,False,False,2007-07-01,2017-07-01,1
15563,Alverca U19,Alverca U19,transfers,False,True,False,False,2003-07-01,2022-07-01,1
15564,Istres FC U19,Istres FC U19,transfers,False,True,False,False,2009-07-01,2022-01-01,1
15565,P. Ferreira U19,P. Ferreira U19 | Paços F. U19,transfers,False,True,False,False,2014-07-01,2023-07-11,2
15566,Penafiel U19,Penafiel U19,transfers,False,True,False,False,2013-07-01,2013-07-01,1
15567,Gil Vicente Y19,Gil Vicente U19 | Gil Vicente Y19,transfers,False,True,False,False,2017-07-01,2022-07-01,2
15570,Moreirense U19,Moreirense U19,transfers,False,True,False,False,2023-02-01,2023-07-01,1
15572,Naval 1 Maio U19,Naval 1 Maio U19,transfers,False,True,False,False,2010-07-01,2011-07-01,1
15577,Beira-Mar U19,Beira-Mar U19,transfers,False,True,False,False,2011-07-01,2014-07-01,1
15580,Leiria U19,Leiria U19,transfers,False,True,False,False,2019-01-01,2019-07-01,1
15581,Vitória SC U19,Vitória SC U19,transfers,False,True,False,False,2003-07-01,2025-07-01,1
15585,Niort B,Niort B,transfers,False,True,False,False,2008-07-01,2019-07-01,1
15586,Volendam U19,Volendam U19,transfers,False,True,False,False,2006-07-01,2020-07-01,1
15587,PEC Zwolle U19,PEC Zwolle U19,transfers,False,True,False,False,2014-07-01,2020-07-01,1
15588,Otrant-Olympic,Otrant-Olympic,transfers,False,True,False,False,2018-07-01,2018-07-01,1
15589,Go Ahead U19,Go Ahead U19,transfers,False,True,False,False,2014-07-01,2019-07-01,1
15590,Haarlem U19,Haarlem U19,transfers,False,True,False,False,2006-07-01,2008-07-01,1
15591,Maastricht U19,Maastricht U19,transfers,False,True,False,False,2005-07-01,2007-07-01,1
15592,Freamunde U19,Freamunde U19,transfers,False,True,False,False,2009-07-01,2011-07-01,1
15594,Varzim U19,Varzim U19,transfers,False,True,False,False,2005-07-01,2015-01-01,1
15595,Santa Clara U19,Santa Clara U19,transfers,False,True,False,False,2012-07-01,2014-07-01,1
15605,Estoril U19,Estoril U19,transfers,False,True,False,False,2006-07-01,2021-07-01,1
15606,Gondomar U19,Gondomar U19,transfers,False,True,False,False,2002-07-01,2004-07-01,1
15608,Leixões U19,Leixões U19,transfers,False,True,False,False,2004-07-01,2022-01-21,1
15609,Pogon U19,Pogon U19,transfers,False,True,False,False,2014-01-04,2015-04-23,1
15610,Portimonense,Portimonense,transfers,False,True,False,False,2003-07-01,2011-07-01,1
15616,CCD Cerceda,CCD Cerceda,transfers,False,True,False,False,2017-08-10,2018-06-30,1
15621,Norrköping U19,Norrköping U19,transfers,False,True,False,False,2011-07-01,2011-07-01,1
15622,Karpaty U19,Karpaty U19,transfers,False,True,False,False,2012-07-01,2020-01-01,1
15625,US Créteil-Lusitanos U19,US Créteil-Lusitanos U19,transfers,False,True,False,False,2014-07-01,2016-07-01,1
15627,Akademisk U19,Akademisk U19,transfers,False,True,False,False,2008-07-01,2015-07-01,1
15628,B.93 U19,B.93 U19,transfers,False,True,False,False,2008-01-01,2017-03-19,1
15629,BK Skjold U19,BK Skjold U19,transfers,False,True,False,False,2009-01-01,2009-01-01,1
15634,Hellerup IK U19,Hellerup IK U19,transfers,False,True,False,False,2013-07-01,2020-08-01,1
15635,Herfölge BK U19,Herfölge BK U19,transfers,False,True,False,False,2008-07-01,2009-07-01,1
15636,Hvidovre IF U19,Hvidovre IF U19 | Hvidovre U19,transfers,False,True,False,False,2009-07-01,2023-07-01,2
15642,Silkeborg U19,Silkeborg U19,transfers,False,True,False,False,2019-07-01,2023-07-01,1
15643,UD Fraga,UD Fraga,games,False,False,True,False,2019-11-13,2019-11-13,1
15644,Vejle BK U19,Vejle BK U19,transfers,False,True,False,False,2007-01-01,2025-07-01,1
15650,Arsenal K. U19,Arsenal K. U19,transfers,False,True,False,False,2003-07-01,2019-08-02,1
15651,KAS Eupen U21,KAS Eupen U21 | KAS Eupen U23,transfers,False,True,False,False,2018-07-01,2024-07-01,2
15655,Chornomor. U19,C. Odessa U19 | Chornomor. U19,transfers,False,True,False,False,2013-02-01,2025-09-03,2
15656,Duque de Caxias,Duque de Caxias,transfers,False,True,False,False,2011-05-01,2011-11-30,1
15662,FF Jaro U19,FF Jaro U19,transfers,False,True,False,False,2010-01-01,2010-01-01,1
15665,HJK U19,HJK U19,transfers,False,True,False,False,2003-07-01,2022-01-01,1
15678,Lillestrøm Yth.,Lillestrøm Yth.,transfers,False,True,False,False,2011-01-01,2011-01-01,1
15680,Metalist U19,Metalist U19,transfers,False,True,False,False,2012-07-01,2016-07-01,1
15681,Zaporizhya U19,Zaporizhya U19,transfers,False,True,False,False,2012-07-01,2016-02-01,1
15687,OH Leuven U19,OH Leuven U19,transfers,False,True,False,False,2015-07-01,2015-07-01,1
15689,RE Virton U19,RE Virton U19,transfers,False,True,False,False,2010-03-20,2010-03-20,1
15693,Godset Yth.,Godset Yth.,transfers,False,True,False,False,2016-08-01,2017-02-03,1
15702,Vorskla U17,Vorskla U17,transfers,False,True,False,False,2005-07-01,2022-07-01,1
15709,Randers U19,Randers FC U19 | Randers U19,transfers,False,True,False,False,2012-07-01,2025-07-01,2
15713,Viborg FF U19,FK Viborg U19 | Viborg FF U19,transfers,False,True,False,False,2008-07-01,2025-08-01,2
15719,Jumilla CF,Jumilla CF,transfers,False,True,False,False,2010-07-01,2012-01-01,1
15723,Nasarawa United,Nasarawa United,transfers,False,True,False,False,2022-03-31,2022-03-31,1
15733,Sheikh Russel,Sheikh Russel,transfers,False,True,False,False,2021-11-17,2022-04-16,1
15734,Silkeborg Yth.,Silkeborg Yth.,transfers,False,True,False,False,2018-07-01,2023-07-01,1
15737,Jordan,Jordan,games | national_teams,False,False,True,True,2024-01-15,2026-06-28,1
15738,Malaysia,Malaysia,games | national_teams,False,False,True,True,2024-01-15,2024-01-25,1
15749,FK Bratstvo,FK Bratstvo,transfers,False,True,False,False,2016-08-02,2017-06-30,1
15761,Dukla Prag U19,Dukla Prag U19,transfers,False,True,False,False,2023-07-01,2023-11-30,1
15762,Ostrava U19,Ostrava U19,transfers,False,True,False,False,2021-07-01,2022-07-19,1
15768,Tescoma Zlin U19,Tescoma Zlin U19,transfers,False,True,False,False,2010-07-01,2010-07-01,1
15769,Vitkovice U19,Vitkovice U19,transfers,False,True,False,False,2006-07-01,2007-07-01,1
15777,V. Zizkov U19,V. Zizkov U19,transfers,False,True,False,False,2020-02-25,2020-08-13,1
15791,Oxford Utd U18,Oxford Utd U18,transfers,False,True,False,False,2015-08-07,2017-07-01,1
15792,Hamilton A. U20,Hamilton A. U20,transfers,False,True,False,False,2008-07-01,2012-07-01,1
15793,QotS U20,QotS U20,transfers,False,True,False,False,2011-07-01,2011-07-01,1
15797,DYuSSh Spartak,DYuSSh Spartak,transfers,False,True,False,False,2014-01-01,2014-01-01,1
15802,Feirense U19,Feirense U19,transfers,False,True,False,False,2017-07-01,2018-07-01,1
15806,Aves U19,Aves U19,transfers,False,True,False,False,2019-07-01,2019-12-01,1
15812,FK Ibar,FK Ibar,transfers,False,True,False,False,2017-07-01,2020-07-23,1
15815,Chaves U19,Chaves U19,transfers,False,True,False,False,2018-07-01,2023-07-01,1
15817,Johor DT,Johor DT,transfers,False,True,False,False,2015-03-31,2015-07-01,1
15828,Piaskowianka Piaski,Piaskowianka Piaski,transfers,False,True,False,False,2022-08-01,2023-08-12,1
15835,Olhanense U19,Olhanense U19,transfers,False,True,False,False,2003-07-01,2004-07-01,1
15837,Akademia Ramzan,Akademia Ramzan,transfers,False,True,False,False,2017-07-01,2022-04-14,1
15840,Ural U19,Ural U19,transfers,False,True,False,False,2013-08-08,2022-02-16,1
15847,Vizela Y19,Vizela Y19,transfers,False,True,False,False,2016-07-01,2024-01-03,1
15850,Akademia Rotor,Akademia Rotor,transfers,False,True,False,False,2020-01-01,2020-01-01,1
15879,San Lorenzo II,San Lorenzo II,transfers,False,True,False,False,2017-08-03,2019-08-06,1
15882,Ferroviária,Ferroviária,transfers,False,True,False,False,2017-01-01,2024-08-01,1
15898,Barnet U18,Barnet U18,transfers,False,True,False,False,2012-07-01,2020-08-10,1
15904,Ferencváros U19,Ferencváros U19,transfers,False,True,False,False,2021-01-01,2021-07-01,1
15905,Győr U19,Győr U19,transfers,False,True,False,False,2010-07-01,2012-01-01,1
15906,Termalica Bruk-Bet Nieciecza Klub Sportowy,Termalica Bruk-Bet Nieciecza Klub Sportowy,clubs | games,True,False,True,False,2025-07-18,2026-05-23,1
15907,MTK U19,MTK U19,transfers,False,True,False,False,2020-07-01,2021-07-01,1
15910,Swindon U18,Swindon U18,transfers,False,True,False,False,2017-07-01,2017-07-01,1
15916,Zamalek U19,Zamalek U19,transfers,False,True,False,False,2024-08-26,2024-08-26,1
15919,Belize,Belize,national_teams,False,False,False,True,,,1
15920,Bhutan,Bhutan,national_teams,False,False,False,True,,,1
15943,Arsenal FC II,Arsenal FC II,transfers,False,True,False,False,2015-01-01,2018-01-01,1
15977,Hong Kong,Hong Kong | Hongkong,games | national_teams,False,False,True,True,2024-01-14,2024-01-23,2
15989,Wallidan,Wallidan,transfers,False,True,False,False,2012-01-01,2012-01-01,1
16002,Würzb. Kick. II,Würzb. Kick. II,transfers,False,True,False,False,2017-07-01,2018-07-01,1
16022,Antequera CF,Antequera CF,games | transfers,False,True,True,False,2017-08-30,2025-10-30,1
16024,Omon. Aradippou,Omon. Aradippou,transfers,False,True,False,False,2025-07-01,2026-01-25,1
16032,H. C. Sapporo,H. C. Sapporo,transfers,False,True,False,False,2018-02-01,2019-01-31,1
16034,Lovech U19,Lovech U19,transfers,False,True,False,False,2013-07-01,2013-07-01,1
16035,FC Rouen U19,FC Rouen U19,transfers,False,True,False,False,2013-07-01,2015-07-01,1
16037,Tours FC U19,Tours FC U19,transfers,False,True,False,False,2016-07-01,2016-07-01,1
16038,Cambodia,Cambodia,national_teams,False,False,False,True,,,1
16042,Nîmes Ol. U19,Nîmes Ol. U19,transfers,False,True,False,False,2016-01-01,2016-07-01,1
16046,Stade Laval U19,Stade Laval U19,transfers,False,True,False,False,2018-07-01,2021-07-01,1
16048,Torpedo M. U19,Torpedo M. U19,transfers,False,True,False,False,2023-07-01,2024-05-06,1
16051,Arras FA,Arras FA,transfers,False,True,False,False,2012-07-01,2019-07-01,1
16055,Bergantiños FC,Bergantiños FC,games,False,False,True,False,2019-12-18,2024-10-30,1
16075,Cádiz U19,Cádiz U19,transfers,False,True,False,False,2010-07-01,2024-02-01,1
16083,GO Audax,GO Audax,transfers,False,True,False,False,2007-04-01,2016-05-01,1
16100,BSV,BSV,games | transfers,False,True,True,False,2010-08-01,2014-10-28,1
16104,Copenhagen U19,Copenhagen U19,transfers,False,True,False,False,2007-01-01,2025-02-19,1
16108,Nova Iguaçu-RJ,Nova Iguaçu-RJ,transfers,False,True,False,False,2014-08-18,2024-01-19,1
16109,Roskilde U19,Roskilde U19,transfers,False,True,False,False,2022-07-01,2023-01-28,1
16122,Arenas Club,Arenas Club,games | transfers,False,True,True,False,2016-09-07,2025-10-29,1
16128,Freib. FC U19,Freib. FC U19,transfers,False,True,False,False,2008-01-01,2008-07-01,1
16157,Sporting U19,Sporting U19,transfers,False,True,False,False,2013-07-01,2020-07-24,1
16172,Aalst U19,Aalst U19,transfers,False,True,False,False,2015-07-01,2015-07-01,1
16173,Vanlöse IF,Vanlöse IF,games,False,False,True,False,2012-10-31,2025-09-02,1
16193,Red Star U19,Red Star U19,transfers,False,True,False,False,2019-07-01,2019-07-01,1
16196,UE Cornellà,UE Cornellà,games | transfers,False,True,True,False,2014-09-03,2024-07-23,1
16198,Atyrau,Atyrau,transfers,False,True,False,False,2019-02-23,2026-12-31,1
16200,Valencia CF You,Valencia CF You,transfers,False,True,False,False,2007-07-01,2022-07-01,1
16202,Akhmat II,Akhmat II,transfers,False,True,False,False,2017-07-01,2025-09-11,1
16214,Al-Wasl,Al-Wasl,transfers,False,True,False,False,2021-07-01,2025-07-16,1
16220,Resende,Resende,transfers,False,True,False,False,2021-07-20,2022-08-26,1
16222,Limianos,Limianos,transfers,False,True,False,False,2010-07-01,2012-07-01,1
16230,Shinnik U19,Shinnik U19,transfers,False,True,False,False,2003-07-01,2007-07-01,1
16239,Desna Chernigiv,Desna | Desna Chernigiv,clubs | games | transfers,True,True,True,False,2007-01-01,2022-07-01,2
16242,Gelios Kharkiv,Gelios Kharkiv | Kobra Kharkiv,games | transfers,False,True,True,False,2011-07-01,2018-08-22,2
16244,Kolding FC U19,Kolding FC U19,transfers,False,True,False,False,2007-01-01,2007-01-01,1
16245,FK Sevastopol (- 2014),FC Sevastopol | FK Sevastopol (- 2014),clubs | games | transfers,True,True,True,False,2011-08-01,2014-05-17,2
16246,Skive IK U19,Skive IK U19,transfers,False,True,False,False,2014-07-01,2014-07-01,1
16247,PFK Stal Kamyanske (-2018),PFK Stal Kamyanske (-2018) | Stal D. | Stal Kamyanske,clubs | games | transfers,True,True,True,False,2011-08-09,2018-07-06,3
16253,Broxburn Athletic FC,Broxburn Athletic FC | Broxburn FC,games | transfers,False,True,True,False,2019-08-10,2025-09-27,2
16266,Keith FC,Keith FC,games,False,False,True,False,2012-08-04,2025-09-27,1
16277,Bury FC U18,Bury FC U18,transfers,False,True,False,False,2019-09-24,2019-09-24,1
16282,Shrewsbury U18,Shrewsbury U18,transfers,False,True,False,False,2003-01-01,2017-07-01,1
16296,Krymteplytsya,Krymteplytsya | Krymteplytsya Molodizhne (- 2014),games | transfers,False,True,True,False,2009-07-01,2012-09-23,2
16346,SG Aumund-Vegesack,SG Aumund-Vegesack,games,False,False,True,False,2013-08-03,2013-08-03,1
16387,UD Barbastro,UD Barbastro,games,False,False,True,False,2023-11-01,2025-01-04,1
16423,Myanmar,Myanmar,national_teams,False,False,False,True,,,1
16425,DOS Kampen,DOS Kampen,games,False,False,True,False,2020-08-29,2020-10-07,1
16430,Comoros,Comoros,games | national_teams,False,False,True,True,2025-12-21,2025-12-29,1
16431,Laos,Laos,national_teams,False,False,False,True,,,1
16439,São Bernardo,São Bernardo,transfers,False,True,False,False,2021-02-09,2024-07-01,1
16440,Picos,Picos,transfers,False,True,False,False,2019-07-02,2020-10-09,1
16486,CF Fuenlabrada,CF Fuenlabrada,games | transfers,False,True,True,False,2012-08-30,2022-11-12,1
16487,Lucena CF,Lucena CF,games,False,False,True,False,2012-09-12,2013-09-11,1
16492,UD Melilla,UD Melilla,games | transfers,False,True,True,False,2012-09-12,2023-12-07,1
16541,Defensor SC U19,Defensor SC U19,transfers,False,True,False,False,2006-07-01,2023-01-31,1
16560,Nacional U19,Nacional U19,transfers,False,True,False,False,2009-01-01,2023-04-25,1
16574,AIK U19,AIK U19,transfers,False,True,False,False,2010-01-01,2021-07-18,1
16575,SD Amorebieta,SD Amorebieta,games | transfers,False,True,True,False,2012-08-29,2024-10-31,1
16576,CD Guadalajara,CD Guadalajara,games | transfers,False,True,True,False,2012-09-12,2025-12-16,1
16582,Namur U19,Namur U19,transfers,False,True,False,False,2007-07-01,2007-07-01,1
16592,Guijuelo U19,Guijuelo U19,transfers,False,True,False,False,2021-07-01,2021-07-01,1
16594,FK Novgorod,FK Novgorod,transfers,False,True,False,False,2009-01-01,2010-01-01,1
16596,Peña Sport FC,Peña Sport FC,games | transfers,False,True,True,False,2012-08-29,2021-12-02,1
16602,UB Conquense,UB Conquense,games | transfers,False,True,True,False,2014-07-01,2025-07-09,1
16611,FС Taganrog (-2015),FС Taganrog (-2015) | Taganrog,games | transfers,False,True,True,False,2012-07-11,2015-01-01,2
16612,Lokomotiv Liski,Lokomotiv Liski,games,False,False,True,False,2012-08-05,2015-09-24,1
16613,Sakhalin Yuzhno-Sakhalinsk,Sakhalin Yuzhno-Sakhalinsk,games,False,False,True,False,2012-08-01,2024-08-21,1
16614,Sever Murmansk,Sever Murmansk,games,False,False,True,False,2012-07-30,2013-08-11,1
16619,Metallurg-Oskol Stary Oskol,Metallurg-Oskol Stary Oskol,games,False,False,True,False,2012-08-05,2013-07-11,1
16622,,,games,False,False,True,False,2016-08-31,2016-08-31,0
16640,Club Rápido de Bouzas,Club Rápido de Bouzas,games,False,False,True,False,2017-08-30,2018-09-05,1
16646,UP Langreo,UP Langreo,games,False,False,True,False,2018-09-05,2025-10-28,1
16650,AS Ardealul Tg. Mures (- 2018),AS Ardealul Tg. Mures (- 2018),games,False,False,True,False,2015-07-30,2015-08-06,1
16652,Portuguesa U20,Portuguesa U20,transfers,False,True,False,False,2022-05-01,2022-05-01,1
16653,Botafogo U20,Botafogo U20,transfers,False,True,False,False,2019-01-01,2023-04-12,1
16654,Clermont B,Clermont B,transfers,False,True,False,False,2012-07-01,2025-06-30,1
16655,Atlético-MG B,Atlético-MG B,transfers,False,True,False,False,2019-10-07,2026-12-31,1
16656,Athletico-PR B,Athletico-PR B | Atlético-PR B,transfers,False,True,False,False,2012-01-01,2023-01-01,2
16658,Cruzeiro U20,Cruzeiro U20,transfers,False,True,False,False,2019-01-01,2023-06-15,1
16662,Lorient B,Lorient B,transfers,False,True,False,False,2010-07-01,2024-07-02,1
16663,Valenciennes B,Valenciennes B,transfers,False,True,False,False,2011-07-01,2025-07-01,1
16664,Dijon FCO B,Dijon FCO B,transfers,False,True,False,False,2016-07-01,2018-07-01,1
16665,Figueirense U20,Figueirense U20,transfers,False,True,False,False,2018-01-26,2019-08-09,1
16666,Flamengo B,Flamengo B,transfers,False,True,False,False,2009-01-01,2009-01-01,1
16668,Grenoble B,Grenoble B,transfers,False,True,False,False,2007-01-01,2010-07-01,1
16671,Amiens SC B,Amiens SC B,transfers,False,True,False,False,2007-07-01,2020-07-01,1
16672,Angers SCO B,Angers SCO B,transfers,False,True,False,False,2021-07-01,2022-07-01,1
16674,Brest B,Brest B,transfers,False,True,False,False,2015-07-01,2024-07-22,1
16676,Boulogne B,Boulogne B,transfers,False,True,False,False,2005-07-01,2021-07-01,1
16680,Pontevedra You.,Pontevedra You.,transfers,False,True,False,False,2017-07-01,2017-07-01,1
16684,Fuerte. U19,Fuerte. U19,transfers,False,True,False,False,2007-07-01,2008-07-01,1
16687,CD Alfaro,CD Alfaro,games | transfers,False,True,True,False,2022-07-01,2024-10-31,1
16688,Debrecen U19,Debrecen U19,transfers,False,True,False,False,2022-09-15,2023-03-22,1
16691,Talavera U19,Talavera U19,transfers,False,True,False,False,2007-07-01,2007-07-01,1
16694,Novelda CF,Novelda CF,games | transfers,False,True,True,False,2013-09-04,2015-01-27,1
16704,FK Krasnodar,FK Krasnodar | Krasnodar,clubs | games | transfers,True,True,True,False,2011-08-29,2026-12-31,2
16736,Las Rozas CF,Las Rozas CF,games,False,False,True,False,2019-12-19,2024-10-30,1
16757,AD Ceuta B,AD Ceuta B,transfers,False,True,False,False,2024-02-01,2024-07-08,1
16766,CD Pozoblanco,CD Pozoblanco,transfers,False,True,False,False,2011-07-01,2012-07-01,1
16772,Los Barrios,Los Barrios,transfers,False,True,False,False,2015-07-01,2015-12-31,1
16775,Alzira,Alzira | UD Alzira,games | transfers,False,True,True,False,2011-07-01,2022-11-13,2
16779,Ordabasy Shymkent,Ordabasy | Ordabasy Shymkent,games | transfers,False,True,True,False,2012-07-05,2025-07-17,2
16786,KB (FCK II),KB (FCK II),transfers,False,True,False,False,2009-07-01,2010-01-01,1
16787,Freja (RFC II),Freja (RFC II),transfers,False,True,False,False,2015-07-01,2016-07-20,1
16788,Stranraer U20,Stranraer U20,transfers,False,True,False,False,2015-09-11,2015-09-11,1
16795,Granada CF,Granada CF,clubs | games | transfers,True,True,True,False,2012-08-20,2026-01-06,1
16805,Ponte Preta U20,Ponte Preta U20,transfers,False,True,False,False,2019-07-01,2023-07-11,1
16809,Guarani B,Guarani B,transfers,False,True,False,False,2011-05-01,2011-05-01,1
16837,Cianorte,Cianorte,transfers,False,True,False,False,2024-07-12,2024-07-12,1
16866,SC Genemuiden,SC Genemuiden,games,False,False,True,False,2012-08-22,2025-12-18,1
16873,Whitecaps Acad.,Whitecaps Acad.,transfers,False,True,False,False,2018-09-01,2021-01-01,1
16931,Richmond,Richmond,transfers,False,True,False,False,2017-03-15,2017-06-23,1
16948,Ventura County,Ventura County,transfers,False,True,False,False,2022-05-01,2022-08-06,1
16950,Zenit 2 S-Pb,Zenit 2 S-Pb,transfers,False,True,False,False,2013-07-01,2026-06-30,1
16953,Akwa United,Akwa United,transfers,False,True,False,False,2017-08-04,2017-08-04,1
16959,São Caetano B,São Caetano B,transfers,False,True,False,False,2012-08-10,2014-01-01,1
16996,Verona U19,Verona U19 | Verona U20,transfers,False,True,False,False,1999-07-01,2025-08-12,2
17025,Niger Tornadoes,Niger Tornadoes,transfers,False,True,False,False,2012-12-01,2018-09-03,1
17064,Sunshine Stars,Sunshine Stars,transfers,False,True,False,False,2022-10-26,2022-10-26,1
17118,Honvéd U19,Honvéd U19,transfers,False,True,False,False,2013-07-01,2014-01-01,1
17126,Dender U19,Dender U19,transfers,False,True,False,False,2016-07-01,2017-07-01,1
17130,AS Saint-Priest,AS Saint-Priest,transfers,False,True,False,False,2010-08-10,2011-07-01,1
17131,ASM Belfort,ASM Belfort,transfers,False,True,False,False,2011-07-02,2012-06-30,1
17133,Octane Perm,Octane Perm,games,False,False,True,False,2012-07-29,2013-07-12,1
17136,NK Krsko,NK Krsko,transfers,False,True,False,False,2017-01-09,2018-08-08,1
17149,Hamrun Spartans,Hamrun Spartans,games,False,False,True,False,2022-07-07,2025-12-18,1
17195,Hatta Club,Hatta Club,transfers,False,True,False,False,2023-08-11,2024-06-30,1
17209,Al-Wehda FC,Al-Wehda | Al-Wehda FC,clubs | games | transfers,True,True,True,False,2020-10-13,2025-05-26,2
17220,Burjassot CF,Burjassot CF,transfers,False,True,False,False,2011-01-01,2011-06-01,1
17257,Venezia U19,Venezia U19,transfers,False,True,False,False,2003-07-01,2024-07-01,1
17266,Gramenet B,Gramenet B,transfers,False,True,False,False,2010-01-01,2012-01-01,1
17276,ZJ E. Greentown,ZJ E. Greentown | ZJ Greentown,transfers,False,True,False,False,2018-07-03,2021-01-05,2
17279,Dagdiesel Kaspijsk,Dagdiesel Kaspijsk,games,False,False,True,False,2012-08-05,2013-08-31,1
17295,Hannover Yth.,Hannover Yth.,transfers,False,True,False,False,2017-07-01,2019-07-01,1
17299,Paranavaí,Paranavaí,transfers,False,True,False,False,2023-09-13,2024-08-12,1
17300,Desp. Brasil,Desp. Brasil,transfers,False,True,False,False,2008-09-01,2022-05-01,1
17316,Gavà U19,Gavà U19,transfers,False,True,False,False,1999-08-01,1999-08-01,1
17331,Stabæk Yth.,Stabæk Yth.,transfers,False,True,False,False,2015-11-06,2015-11-06,1
17373,Jerusalem U19,Jerusalem U19,transfers,False,True,False,False,2015-07-01,2015-07-01,1
17385,FC Carl Zeiss Je,FC Carl Zeiss Je,transfers,False,True,False,False,2000-07-01,2002-07-01,1
17387,OFK Gradina,OFK Gradina,transfers,False,True,False,False,2012-07-01,2013-09-02,1
17391,Gorica U19,Gorica U19,transfers,False,True,False,False,2021-07-01,2021-07-01,1
17399,Zenit Penza,Zenit Penza,games,False,False,True,False,2012-08-05,2025-09-10,1
17419,Gimnàstic de Ta,Gimnàstic de Ta,transfers,False,True,False,False,2012-07-01,2021-07-01,1
17425,Internacional de Bogotá,Internacional de Bogotá,clubs | games,True,False,True,False,2025-07-14,2025-11-12,1
17426,CD Macará,CD Macará,transfers,False,True,False,False,2022-01-03,2024-02-09,1
17428,Juventud,Juventud,transfers,False,True,False,False,2012-08-01,2015-08-24,1
17436,Sibir-2 Novosibirsk (- 2019),Sibir-2 | Sibir-2 Novosibirsk (- 2019),games | transfers,False,True,True,False,2012-07-11,2015-07-01,2
17444,Wiener Neustadt,Wiener Neustadt,transfers,False,True,False,False,2014-07-10,2016-06-30,1
17474,Hoffenheim Yth.,Hoffenheim Yth.,transfers,False,True,False,False,2006-07-01,2021-07-01,1
17497,Dinamo Br. Y.,Dinamo Br. Y.,transfers,False,True,False,False,2008-01-01,2024-01-01,1
17523,Barreirense U19,Barreirense U19,transfers,False,True,False,False,2008-07-01,2009-07-01,1
17548,Veria NPS U19,Veria NPS U19,transfers,False,True,False,False,2021-07-01,2022-06-30,1
17550,Panserraik. U19,Panserraik. U19,transfers,False,True,False,False,2008-07-01,2024-09-06,1
17561,Boa Esporte,Boa Esporte,transfers,False,True,False,False,2011-06-01,2020-11-30,1
17568,Anápolis,Anápolis,transfers,False,True,False,False,2019-07-25,2026-01-01,1
17578,JFV Norden U19,JFV Norden U19,transfers,False,True,False,False,2007-07-01,2007-07-01,1
17584,Uni. Católica,Uni. Católica,transfers,False,True,False,False,2015-02-10,2020-01-22,1
17587,1.FC Magdeburg,1.FC Magdeburg,transfers,False,True,False,False,2011-07-01,2019-07-01,1
17588,Mainz 05 Yth.,Mainz 05 Yth.,transfers,False,True,False,False,2011-07-01,2021-07-01,1
17593,Camelon Juniors FC,Camelon Juniors FC,games,False,False,True,False,2020-12-12,2026-01-17,1
17595,Progreso,Progreso,transfers,False,True,False,False,2024-01-10,2024-01-10,1
17596,Utrecht U21,Utrecht U21,transfers,False,True,False,False,2008-07-01,2026-02-03,1
17602,The Spartans FC,Spartans | The Spartans FC,games | transfers,False,True,True,False,2012-08-25,2026-02-17,2
17605,RKAV Volendam,RKAV Volendam,games,False,False,True,False,2018-09-26,2025-09-23,1
17637,Alagoano U19,Alagoano U19,transfers,False,True,False,False,2001-07-01,2001-07-01,1
17647,Strømmen,Strømmen,transfers,False,True,False,False,2018-08-09,2018-12-31,1
17656,Ponte Preta U17,Ponte Preta U17,transfers,False,True,False,False,2015-01-01,2020-01-01,1
17659,Juventude B,Juventude B,transfers,False,True,False,False,2011-01-01,2011-01-01,1
17661,Avaí U20,Avaí U20,transfers,False,True,False,False,2015-08-01,2022-02-01,1
17664,Frosinone U19,Frosinone U19,transfers,False,True,False,False,2004-07-01,2024-07-18,1
17668,Graafschap U21,Graafschap U21,transfers,False,True,False,False,2020-07-01,2025-07-01,1
17675,Whitby,Whitby | Whitby Town,games | transfers,False,True,True,False,2017-01-01,2023-11-04,2
17676,AD Alcorcón B,AD Alcorcón B,transfers,False,True,False,False,2021-07-01,2023-07-10,1
17686,CD Leganés B,CD Leganés B,transfers,False,True,False,False,2016-06-30,2025-08-30,1
17757,Timor-Leste,Timor-Leste,national_teams,False,False,False,True,,,1
17758,Palestine,Palestine,games,False,False,True,False,2024-01-14,2024-01-29,1
17759,Puerto Rico,Puerto Rico,national_teams,False,False,False,True,,,1
17768,Lyon La Duchère,AS Lyon-Duchère | Lyon La Duchère,transfers,False,True,False,False,2009-07-01,2023-07-02,2
17775,ADO U21,ADO U21,transfers,False,True,False,False,2018-07-01,2023-07-03,1
17776,Associação Chapecoense de Futebol,Associação Chapecoense de Futebol | Chapecoense,clubs | games | transfers,True,True,True,False,2012-06-01,2026-05-31,2
17782,AS Pirae,AS Pirae,games,False,False,True,False,2022-02-03,2022-02-03,1
17784,São Caetano U20,São Caetano U20,transfers,False,True,False,False,2022-02-01,2023-08-01,1
17789,CD Corralejo,CD Corralejo,transfers,False,True,False,False,2012-07-01,2012-12-28,1
17797,RVVH Ridderkerk,RVVH Ridderkerk,games,False,False,True,False,2012-09-26,2016-08-24,1
17817,Bahia B,Bahia B,transfers,False,True,False,False,2019-07-30,2021-12-31,1
17818,Bahia U20,Bahia U20,transfers,False,True,False,False,2018-01-01,2023-02-01,1
17835,MTV Eintracht Celle,MTV Eintracht Celle,games,False,False,True,False,2020-09-12,2020-09-12,1
17847,VSG Altglienicke,VSG Altglienicke,games,False,False,True,False,2020-09-12,2020-09-12,1
17938,Hammarby TFF,Hammarby TFF,transfers,False,True,False,False,2021-01-28,2021-07-13,1
17955,Fortaleza U20,Fortaleza U20,transfers,False,True,False,False,2013-07-01,2022-01-31,1
17958,E. Cottbus Yth.,E. Cottbus Yth.,transfers,False,True,False,False,2011-07-01,2014-07-01,1
17959,Vitebsk,FC Vitebsk | Vitebsk,games | transfers,False,True,True,False,2015-01-01,2023-01-06,2
17960,Karelia,Karelia | Karelia Petrozavodsk,games | transfers,False,True,True,False,2011-01-01,2015-07-24,2
17964,Botafogo-PB,Botafogo-PB,transfers,False,True,False,False,2023-01-01,2023-09-13,1
17980,Hemel,Hemel | Hemel Hempstead Town,games | transfers,False,True,True,False,2014-09-19,2025-11-01,2
18003,Birkenhead,Birkenhead,transfers,False,True,False,False,2021-03-01,2022-01-18,1
18008,Tours B,Tours B,transfers,False,True,False,False,2015-07-01,2017-07-01,1
18015,Nîmes B,Nîmes B,transfers,False,True,False,False,2012-07-01,2019-07-18,1
18026,FC Twente U21,FC Twente U21,transfers,False,True,False,False,2011-07-01,2026-06-30,1
18030,NK Domzale U19,NK Domzale U19,transfers,False,True,False,False,2017-08-11,2018-07-12,1
18040,Mathare United,Mathare United,transfers,False,True,False,False,2018-01-01,2019-12-01,1
18042,Freiburg Yth.,Freiburg Yth.,transfers,False,True,False,False,2008-07-01,2020-07-01,1
18051,Team Ticino U21,FC Lugano II | Team Ticino U21,transfers,False,True,False,False,2016-01-01,2026-02-09,2
18053,UOR Stavropol,UOR Stavropol,transfers,False,True,False,False,2017-07-01,2018-01-01,1
18055,DYuSSh Lada,DYuSSh Lada,transfers,False,True,False,False,2011-07-01,2017-07-01,1
18065,Karlsruhe Yth.,Karlsruhe Yth.,transfers,False,True,False,False,2005-07-01,2020-07-29,1
18072,M. Haifa U19,M. Haifa U19,transfers,False,True,False,False,2015-07-01,2021-07-01,1
18073,B. Sakhnin U19,B. Sakhnin U19,transfers,False,True,False,False,2017-07-01,2017-07-01,1
18074,Boston River,Boston River,transfers,False,True,False,False,2023-01-02,2023-07-09,1
18075,CD Maldonado,CD Maldonado,transfers,False,True,False,False,2020-02-05,2021-06-30,1
18076,CD Iquique,CD Iquique,transfers,False,True,False,False,2025-07-02,2026-02-19,1
18078,Tanque Sisley,Tanque Sisley,transfers,False,True,False,False,2013-01-01,2017-01-13,1
18086,Emmen U21,Emmen U21,transfers,False,True,False,False,2022-07-01,2024-01-01,1
18105,PFK Lviv,PFC Lviv | PFK Lviv,clubs | games | transfers,True,True,True,False,2006-07-01,2023-07-28,2
18111,Real C.,Real C.,transfers,False,True,False,False,2021-01-01,2021-12-31,1
18122,CA Atenas,CA Atenas,transfers,False,True,False,False,2022-02-26,2022-07-09,1
18134,Joinville EC B,Joinville EC B,transfers,False,True,False,False,2009-01-01,2009-01-01,1
18135,Joinville U20,Joinville U20,transfers,False,True,False,False,2013-01-01,2013-01-01,1
18149,Wycombe U18,Wycombe U18,transfers,False,True,False,False,2011-07-01,2013-01-01,1
18154,VV Gemert,VV Gemert,games,False,False,True,False,2012-09-26,2025-10-28,1
18179,Go Ahead U21,Go Ahead U21,transfers,False,True,False,False,2016-07-01,2026-02-13,1
18197,Morecambe U18,Morecambe U18,transfers,False,True,False,False,2018-02-01,2021-01-06,1
18208,CSK Bamako,CSK Bamako,transfers,False,True,False,False,2010-07-01,2014-11-01,1
18216,Achilles '29,Achilles '29,games | transfers,False,True,True,False,2012-09-27,2019-06-30,1
18234,Wadi Degla,Wadi Degla,transfers,False,True,False,False,2020-12-08,2021-09-17,1
18241,Darlington U18,Darlington U18,transfers,False,True,False,False,2009-02-01,2009-02-01,1
18258,Exeter U18,Exeter U18,transfers,False,True,False,False,2012-07-11,2019-08-01,1
18263,Taunton Town,Taunton Town,games,False,False,True,False,2016-11-06,2022-11-05,1
18272,ES Sétif,ES Sétif,games,False,False,True,False,2014-12-13,2014-12-17,1
18285,MVV U21,MVV U21,transfers,False,True,False,False,2025-07-01,2026-01-29,1
18291,Siegendorf,Siegendorf,transfers,False,True,False,False,2008-08-13,2010-01-07,1
18298,Energetyk,Energetyk,transfers,False,True,False,False,2005-07-01,2011-07-01,1
18303,FC Oleksandriya,FC Oleksandriya | FK Oleksandriya | PFC Oleksandriya | PFK Oleksandria,clubs | games | transfers,True,True,True,False,2007-07-01,2026-05-23,4
18313,San Cristóbal,San Cristóbal,transfers,False,True,False,False,2017-07-01,2017-07-01,1
18324,Lüneburger SK Hansa,Lüneburger SK Hansa,games,False,False,True,False,2017-08-12,2017-08-12,1
18333,Excelsior U21,Excelsior U21,transfers,False,True,False,False,2020-07-01,2024-07-01,1
18334,Den Bosch U21,Den Bosch U21,transfers,False,True,False,False,2016-07-01,2016-11-14,1
18335,Dordrecht U21,Dordrecht U21,transfers,False,True,False,False,2013-07-01,2015-07-01,1
18338,Sittard U21,Sittard U21,transfers,False,True,False,False,2020-07-01,2025-07-01,1
18342,Telstar U21,Telstar U21,transfers,False,True,False,False,2021-07-01,2024-01-15,1
18343,FC Twente U17,FC Twente U17,transfers,False,True,False,False,2013-07-01,2020-07-01,1
18353,Erlangen U19,Erlangen U19,transfers,False,True,False,False,2016-07-01,2016-07-01,1
18382,Sloga Kraljevo,Sloga Kraljevo,transfers,False,True,False,False,2015-01-01,2015-06-30,1
18385,Team Wellington (2004-2021),Team Wellington (2004-2021),games,False,False,True,False,2018-12-12,2018-12-12,1
18393,Hienghene Sport,Hienghene Sport,games,False,False,True,False,2019-12-10,2019-12-10,1
18424,Welling U18,Welling U18,transfers,False,True,False,False,2020-10-01,2020-10-01,1
18443,CD Don Benito,CD Don Benito,games,False,False,True,False,2018-09-05,2024-10-31,1
18446,CF Peralada,CF Peralada,transfers,False,True,False,False,2018-07-01,2019-01-01,1
18447,AD Torrejón,AD Torrejón,transfers,False,True,False,False,2020-07-01,2021-07-01,1
18464,Sloboda T U19,Sloboda T U19,transfers,False,True,False,False,2012-07-01,2021-07-13,1
18470,FC Rijnvogels Katwijk,FC Rijnvogels Katwijk,games,False,False,True,False,2016-09-20,2025-09-03,1
18477,Nistru Otaci,Nistru Otaci,transfers,False,True,False,False,2012-01-01,2013-07-01,1
18487,Al-Ahli Saudi Football Club,Al-Ahli | Al-Ahli Saudi Football Club,clubs | games | transfers,True,True,True,False,2015-07-30,2026-05-20,2
18498,Monterrey U20,Monterrey U20,transfers,False,True,False,False,2014-07-01,2017-07-01,1
18506,Metalurg Skopje,Metalurg Skopje,games,False,False,True,False,2012-07-05,2014-08-07,1
18544,Al-Nassr Football Club,Al-Nassr | Al-Nassr Football Club,clubs | games | transfers,True,True,True,False,2018-07-16,2026-05-21,2
18545,CSA,CSA,transfers,False,True,False,False,2019-03-13,2023-01-01,1
18561,Vasas U19,Vasas U19,transfers,False,True,False,False,2011-08-26,2014-01-01,1
18579,Águilas,Liberia | Águilas,transfers,False,True,False,False,2006-07-01,2010-07-07,2
18586,Blauw Geel '38 / Jumbo,Blauw Geel '38 / Jumbo,games,False,False,True,False,2015-08-26,2025-09-23,1
18590,Sattledt,Sattledt,transfers,False,True,False,False,2022-04-14,2022-07-01,1
18592,FC Sulzberg,FC Sulzberg,transfers,False,True,False,False,2008-03-04,2008-08-05,1
18596,Stockport U18,Stockport U18,transfers,False,True,False,False,2004-07-01,2004-07-01,1
18603,TuS Bersenbrück,TuS Bersenbrück,games,False,False,True,False,2023-08-11,2023-08-11,1
18616,Oliveirense U19,Oliveirense U19,transfers,False,True,False,False,2012-07-01,2014-01-01,1
18626,Sierning,Sierning,transfers,False,True,False,False,2012-07-01,2013-07-01,1
18633,FC Villefranche,FC Villefranche,transfers,False,True,False,False,2019-07-01,2024-07-01,1
18642,Campobasso,Campobasso,transfers,False,True,False,False,2025-07-25,2026-02-02,1
18657,Braunschw. Yth.,Braunschw. Yth.,transfers,False,True,False,False,2019-07-01,2019-07-01,1
18662,Venados FC,Venados FC,transfers,False,True,False,False,2017-01-01,2017-06-30,1
18663,Horn II,Horn II,transfers,False,True,False,False,2008-07-01,2009-07-01,1
18665,Vila Nova U20,Vila Nova U20,transfers,False,True,False,False,2005-01-01,2005-01-01,1
18669,Penya Deportiva Santa Eulalia,Penya Deportiva | Penya Deportiva Santa Eulalia,games | transfers,False,True,True,False,2013-09-04,2023-11-01,2
18673,HVV Hollandia,HVV Hollandia,games,False,False,True,False,2012-09-25,2025-09-02,1
18687,CD Atlético Baleares,Atl. Baleares | CD Atlético Baleares,games | transfers,False,True,True,False,2012-08-29,2025-12-17,2
18688,Atlético Granadilla,Atlético Granadilla,games,False,False,True,False,2013-09-04,2014-09-03,1
18690,CD Izarra,CD Izarra,games,False,False,True,False,2014-09-03,2014-10-15,1
18691,Club Portugalete,Club Portugalete,games,False,False,True,False,2015-09-02,2025-12-02,1
18693,SD Ejea,SD Ejea,games,False,False,True,False,2012-08-29,2024-12-04,1
18699,Sport-Union Neckarsulm,Sport-Union Neckarsulm,games,False,False,True,False,2013-08-03,2013-08-03,1
18743,Wa All Stars,Wa All Stars,transfers,False,True,False,False,2016-01-01,2016-07-01,1
18777,KCCA FC,KCCA FC,transfers,False,True,False,False,2022-09-23,2025-03-20,1
18818,FC Chabab,FC Chabab,games,False,False,True,False,2013-08-28,2013-08-28,1
18843,VV Berkum,VV Berkum,games,False,False,True,False,2015-08-26,2023-08-12,1
18845,VV SVBO Emmen,VV SVBO Emmen,games,False,False,True,False,2024-09-04,2024-09-04,1
18894,Hajduk Split II,Hajduk Split II,transfers,False,True,False,False,2017-02-17,2019-08-02,1
18929,TSV 1860 Yth.,TSV 1860 Yth.,transfers,False,True,False,False,2000-07-01,2018-07-01,1
18936,B. München Yth.,B. München Yth.,transfers,False,True,False,False,2001-07-01,2022-07-01,1
18937,Pr. Espelkamp,Pr. Espelkamp,transfers,False,True,False,False,2009-10-01,2011-07-01,1
18940,RFC Knokke,RFC Knokke,transfers,False,True,False,False,2024-09-02,2025-07-01,1
18941,Kallon FC,Kallon FC,transfers,False,True,False,False,2012-07-05,2014-01-01,1
18945,Nea Salamis,Nea Salamis,transfers,False,True,False,False,2020-07-12,2025-07-12,1
18950,SS Matera Calcio,SS Matera Calcio,games,False,False,True,False,2013-08-04,2017-08-06,1
18963,Spartak Myjava,Spartak Myjava,games | transfers,False,True,True,False,2016-02-04,2017-01-31,1
18986,Pribram U19,Pribram U19,transfers,False,True,False,False,2013-07-01,2013-07-01,1
19088,Olympic Tbilisi,Olympic Tbilisi,transfers,False,True,False,False,2012-01-01,2012-07-01,1
19090,FC Tskhinvali,FC Tskhinvali,games,False,False,True,False,2015-07-02,2015-07-09,1
19095,Hvidovre IF You,Hvidovre IF You | Hvidovre Youth,transfers,False,True,False,False,2009-01-01,2022-07-01,2
19101,AD 9 de Octubre,AD 9 de Octubre,transfers,False,True,False,False,2024-03-25,2024-03-25,1
19104,Técnico U.,Técnico U.,transfers,False,True,False,False,2018-07-10,2019-07-17,1
19114,Sassuolo U19,Sassuolo U19 | Sassuolo U20,transfers,False,True,False,False,2011-07-01,2024-07-19,2
19115,Aalborg BK Yth.,Aalborg BK Yout | Aalborg BK Yth.,transfers,False,True,False,False,2008-07-01,2024-07-01,2
19117,Naestved BK U19,Naestved BK U19,transfers,False,True,False,False,2007-07-01,2008-07-01,1
19164,Paganese Calcio 1926,Paganese Calcio 1926,games,False,False,True,False,2012-08-05,2017-07-30,1
19210,Stuttgart Yth.,Stuttgart Yth.,transfers,False,True,False,False,2005-07-01,2021-07-01,1
19226,Graafschap U17,Graafschap U17,transfers,False,True,False,False,2016-07-01,2018-07-01,1
19231,HBS Craeyenhout,HBS Craeyenhout,games,False,False,True,False,2012-09-26,2018-08-22,1
19241,Apollon U19,Apollon U19 | Apollon U20,transfers,False,True,False,False,2017-07-01,2019-08-01,2
19242,Niki Volou U20,Niki Volou U20,transfers,False,True,False,False,2009-07-01,2013-08-01,1
19278,Gwarek U19,Gwarek U19,transfers,False,True,False,False,2012-07-01,2014-07-01,1
19294,Kaysar,Kaysar | Kaysar Kyzylorda,games | transfers,False,True,True,False,2019-07-08,2020-09-17,2
19301,CD Teruel,CD Teruel,games | transfers,False,True,True,False,2014-09-03,2026-06-30,1
19304,Delfín SC,Delfín SC,transfers,False,True,False,False,2021-01-10,2021-12-31,1
19309,Independiente,Independiente,transfers,False,True,False,False,2016-07-01,2026-02-20,1
19310,LDU Portoviejo,LDU Portoviejo,transfers,False,True,False,False,2021-07-21,2022-02-14,1
19325,Bragantino U20,Bragantino U20,transfers,False,True,False,False,2022-05-01,2025-01-16,1
19351,Bodø/Glimt Yth.,Bodø/Glimt Yth.,transfers,False,True,False,False,2013-02-01,2013-02-01,1
19358,Schwechat Yth.,Schwechat Yth.,transfers,False,True,False,False,2002-07-01,2002-07-01,1
19365,Castellarano,Castellarano,transfers,False,True,False,False,2011-07-01,2013-07-01,1
19367,Tritium Calcio 1908,Tritium Calcio 1908,games,False,False,True,False,2020-09-23,2020-09-23,1
19376,NK Celje U19,NK Celje U19,transfers,False,True,False,False,2015-01-01,2015-01-01,1
19390,Nika Moskau U19,Nika Moskau U19,transfers,False,True,False,False,2005-01-01,2005-01-01,1
19393,Belgorod Youth,Belgorod Youth,transfers,False,True,False,False,2003-01-01,2003-01-01,1
19401,Bunyodkor,Bunyodkor,transfers,False,True,False,False,2022-01-01,2023-01-01,1
19406,Aarhus GF Youth,Aarhus GF Youth,transfers,False,True,False,False,2014-07-01,2024-01-01,1
19452,SSV Ulm 1846 Yo,SSV Ulm 1846 Yo,transfers,False,True,False,False,2001-07-01,2019-07-01,1
19488,Proleter,Proleter,transfers,False,True,False,False,2018-07-18,2019-08-07,1
19522,VPV Purmersteijn,VPV Purmersteijn,games,False,False,True,False,2023-08-12,2023-08-12,1
19529,Dep. Merlo,Dep. Merlo,transfers,False,True,False,False,2013-07-31,2014-06-30,1
19553,MVV Alcides,MVV Alcides,games,False,False,True,False,2018-08-21,2018-09-27,1
19559,VV De Valk,VV De Valk,games,False,False,True,False,2014-08-27,2014-08-27,1
19561,Sertanense,Sertanense,transfers,False,True,False,False,2015-01-01,2022-06-30,1
19581,Cambridge U18,Cambridge U18,transfers,False,True,False,False,2009-07-01,2009-07-01,1
19605,Spartak Sumy,Spartak Sumy | Spartak-Gorobyna,transfers,False,True,False,False,2004-01-01,2007-01-01,2
19610,Borisov U19,Borisov U19,transfers,False,True,False,False,2006-01-01,2015-01-01,1
19627,FK Horizont Turnovo,FK Horizont Turnovo,games,False,False,True,False,2013-07-04,2014-07-10,1
19656,BK Avarta U19,BK Avarta U19,transfers,False,True,False,False,2018-07-01,2018-07-01,1
19657,Vendsyssel FF,FC Hjörring | Vendsyssel FF,clubs | games | transfers,True,True,True,False,2011-07-01,2026-06-30,2
19662,Okzhetpes,Okzhetpes,transfers,False,True,False,False,2021-03-25,2026-01-22,1
19684,Jeju SK Football Club,Jeju SK Football Club,clubs | games,True,False,True,False,2025-02-15,2026-07-05,1
19690,Stal U17,Stal U17,transfers,False,True,False,False,2002-07-01,2010-09-01,1
19692,Dinamo Academy,Dinamo Academy,transfers,False,True,False,False,2023-01-01,2023-01-01,1
19703,SSh Sibiryak,SSh Sibiryak,transfers,False,True,False,False,2003-01-01,2003-01-01,1
19710,Rad U19,Rad U19,transfers,False,True,False,False,2014-07-01,2016-01-01,1
19715,Hull City U23,Hull City U23 | Hull U21,transfers,False,True,False,False,2018-07-01,2024-06-30,2
19718,Melb. Vic. U21,Melb. Vic. U21,transfers,False,True,False,False,2010-07-01,2022-02-16,1
19726,Granit,Granit,transfers,False,True,False,False,2016-03-23,2016-08-09,1
19730,Dyn. Brest U19,Dyn. Brest U19,transfers,False,True,False,False,2021-01-01,2021-01-01,1
19731,Fakel U19,DYuSSh Fakel | Fakel U19,transfers,False,True,False,False,2012-01-01,2021-07-01,2
19741,Vityaz Youth,Vityaz Youth,transfers,False,True,False,False,2014-04-16,2015-04-02,1
19742,Volyn Lutsk II,Volyn Lutsk II,transfers,False,True,False,False,2015-07-01,2018-07-11,1
19744,Arsenal Kharkiv,Arsenal Kharkiv,transfers,False,True,False,False,2007-07-18,2008-07-01,1
19771,Akhisarspor,Akhisar Belediye | Akhisarspor,clubs | games | transfers,True,True,True,False,2012-08-17,2023-02-08,2
19775,Asociación de Fomento Deportivo Riestra Barrio Colón,Asociación de Fomento Deportivo Riestra Barrio Colón,clubs | games,True,False,True,False,2025-01-24,2026-05-02,1
19780,Dunav Ruse,Dunav Ruse,games,False,False,True,False,2017-06-29,2017-07-06,1
19789,Yeni Malatyaspor,Y. Malatyaspor | Yeni Malatyaspor,clubs | games | transfers,True,True,True,False,2015-01-09,2025-01-29,2
19806,Patronato,Patronato,transfers,False,True,False,False,2019-07-04,2024-02-07,1
19820,Sydney FC II,Sydney FC II,transfers,False,True,False,False,2020-08-18,2020-08-18,1
19830,Seitenstetten,Seitenstetten,transfers,False,True,False,False,2011-01-01,2012-07-01,1
19846,Sandnes Ulf Yth,Sandnes Ulf Yth,transfers,False,True,False,False,2012-01-01,2016-01-01,1
19853,H. Tel Aviv U19,H. Tel Aviv U19,transfers,False,True,False,False,2015-08-01,2020-05-01,1
19856,M. Tel Aviv U19,M. Tel Aviv U19,transfers,False,True,False,False,2011-03-06,2019-01-01,1
19857,Ruzomberok U19,Ruzomberok U19,transfers,False,True,False,False,2014-01-01,2014-01-01,1
19865,Sesto Giovanili,Sesto Giovanili,transfers,False,True,False,False,2019-07-09,2019-07-09,1
19872,FCL Yth.,FCL Yth.,transfers,False,True,False,False,2013-07-01,2013-07-01,1
19876,Grödig Youth,Grödig Youth,transfers,False,True,False,False,2019-02-01,2021-07-01,1
19919,Padova Youth,Padova Youth,transfers,False,True,False,False,2016-07-01,2016-07-01,1
19926,CD Lealtad,CD Lealtad,games | transfers,False,True,True,False,2014-09-03,2026-01-01,1
19930,Defensa U19,Defensa U19,transfers,False,True,False,False,2019-07-01,2019-07-01,1
19931,Ponferradina B,Ponferradina B,transfers,False,True,False,False,2022-04-07,2022-06-30,1
19934,EHC Hoensbroek,EHC Hoensbroek,games,False,False,True,False,2012-08-22,2014-08-27,1
19943,Queen's P. U20,Queen's P. U20,transfers,False,True,False,False,2006-07-01,2008-07-01,1
19958,FC Kolomna,FC Kolomna,games,False,False,True,False,2013-07-10,2025-08-06,1
19964,GVVV Veenendaal,GVVV Veenendaal,games,False,False,True,False,2012-09-26,2025-12-16,1
19977,H. Ashkelon,H. Ashkelon,transfers,False,True,False,False,2016-08-09,2019-07-01,1
19982,Bröndby IF U17,Bröndby IF U17,transfers,False,True,False,False,2008-07-01,2023-07-01,1
19986,CS Emelec U20,CS Emelec U20,transfers,False,True,False,False,2001-04-17,2004-01-01,1
19993,Rabotnicki Yth.,Rabotnicki Yth.,transfers,False,True,False,False,2019-07-01,2021-07-01,1
20003,TuS Koblenz U17,TuS Koblenz U17,transfers,False,True,False,False,2006-07-01,2006-07-01,1
20015,Caldas U19,Caldas U19,transfers,False,True,False,False,2020-07-01,2022-07-01,1
20026,Odivelas U19,Odivelas U19,transfers,False,True,False,False,2007-07-01,2008-07-01,1
20043,Alicante CF B,Alicante CF B,transfers,False,True,False,False,2010-07-01,2011-07-01,1
20044,CA Unión U20,CA Unión U20,transfers,False,True,False,False,2016-01-01,2016-01-01,1
20047,Örebro SK U19,Örebro SK U19,transfers,False,True,False,False,2013-01-01,2015-01-07,1
20055,Cerro U20,Cerro U20,transfers,False,True,False,False,2014-07-01,2014-07-01,1
20057,AO Neas Ionias,AO Neas Ionias,games | transfers,False,True,True,False,2013-07-25,2024-09-26,1
20058,PAO Krousona,PAO Krousona,games,False,False,True,False,2023-08-30,2023-08-30,1
20062,U. de Chile U21,U. de Chile U21,transfers,False,True,False,False,2009-07-01,2012-01-01,1
20063,Podbrezova,Podbrezova,transfers,False,True,False,False,2021-08-05,2024-07-18,1
20066,Batuque,Batuque,transfers,False,True,False,False,2009-07-01,2009-07-01,1
20069,PFC Lviv II,PFC Lviv II | PFK Lviv II,transfers,False,True,False,False,2018-07-01,2021-01-01,2
20084,Khimik-Arsenal Novomoskovsk,Khimik-Arsenal | Khimik-Arsenal Novomoskovsk,games | transfers,False,True,True,False,2013-07-11,2019-02-18,2
20100,FC Vestsjaelland,FC Vestsjaelland | Vestsjaelland,clubs | games | transfers,True,True,True,False,2012-09-26,2015-12-31,2
20106,Cesena U19,Cesena U19,transfers,False,True,False,False,2010-07-01,2021-10-10,1
20107,Atlético U19,Atlético U19,transfers,False,True,False,False,2008-07-01,2010-07-01,1
20108,Jammerbugt FC,Jammerbugt FC,games | transfers,False,True,True,False,2012-09-26,2022-08-31,1
20116,Leeds U21,Leeds Reserves | Leeds U21 | Leeds United U23,transfers,False,True,False,False,2012-01-01,2022-07-01,3
20119,Nordvest FC,Nordvest FC,games,False,False,True,False,2013-09-25,2013-10-30,1
20121,Farense U19,Farense U19,transfers,False,True,False,False,2013-07-01,2024-07-01,1
20132,Linense,Linense,transfers,False,True,False,False,2013-01-01,2020-03-13,1
20133,Admira Youth,Admira Youth,transfers,False,True,False,False,2011-08-22,2017-07-01,1
20134,Rapid Youth,Rapid Youth,transfers,False,True,False,False,2003-07-01,2014-07-01,1
20141,Loko S-Pb Youth,Loko S-Pb Youth,transfers,False,True,False,False,2014-07-01,2014-07-01,1
20142,Met-Kuz U19,Met-Kuz U19,transfers,False,True,False,False,2011-01-01,2011-01-01,1
20143,Marsonia U19,Marsonia U19,transfers,False,True,False,False,2015-11-20,2015-11-20,1
20145,AF Volgar,AF Volgar,transfers,False,True,False,False,2018-04-18,2018-04-18,1
20151,FC Buxoro,FC Buxoro,transfers,False,True,False,False,2024-07-29,2024-12-31,1
20152,Horn Youth,Horn Youth,transfers,False,True,False,False,2007-08-17,2008-07-01,1
20154,Stadlau Youth,Stadlau Youth,transfers,False,True,False,False,2005-09-22,2014-01-01,1
20160,FC Svendborg,FC Svendborg,games,False,False,True,False,2013-09-25,2016-08-10,1
20161,Salzburg Youth,Salzburg Youth,transfers,False,True,False,False,2012-07-01,2012-07-01,1
20167,USK Anif Youth,USK Anif Youth,transfers,False,True,False,False,2010-04-09,2013-07-01,1
20201,Rayo U19,Rayo U19,transfers,False,True,False,False,2003-07-01,2022-07-01,1
20205,Casa Pia U19,Casa Pia U19,transfers,False,True,False,False,2007-07-01,2023-07-01,1
20220,Arosa SC,Arosa SC,games,False,False,True,False,2023-11-02,2023-12-05,1
20230,FC Tyumen Youth,FC Tyumen Youth | FK Tyumen Youth,transfers,False,True,False,False,2020-02-17,2021-07-01,2
20233,SD Negreira,SD Negreira,games,False,False,True,False,2025-09-27,2025-10-28,1
20236,Montañeros CF,Montañeros CF,transfers,False,True,False,False,2012-07-01,2012-07-01,1
20251,Olkom,Olkom,transfers,False,True,False,False,2005-04-01,2007-07-01,1
20261,SV Donau Youth,SV Donau Youth,transfers,False,True,False,False,2005-09-22,2005-09-22,1
20277,Girona U19,Girona U19,transfers,False,True,False,False,2017-07-01,2026-07-01,1
20280,SC Weiz Yth.,SC Weiz Yth.,transfers,False,True,False,False,2007-07-01,2009-07-01,1
20290,Paris FC U19,Paris FC U19,transfers,False,True,False,False,2022-07-01,2023-07-01,1
20298,Almere City U23,Almere City U21 | Almere City U23,transfers,False,True,False,False,2018-07-01,2026-02-13,2
20299,Volendam U21,Volendam U21,transfers,False,True,False,False,2006-07-01,2024-07-01,1
20300,PEC Zwolle U21,PEC Zwolle U21,transfers,False,True,False,False,2019-01-01,2024-07-01,1
20302,Roda JC U21,Roda JC U21,transfers,False,True,False,False,2015-07-01,2017-07-25,1
20303,SC Cambuur U21,SC Cambuur U21,transfers,False,True,False,False,2021-07-01,2024-07-01,1
20305,Baltika U19,Baltika U19 | TsPMF Baltika,transfers,False,True,False,False,2013-01-01,2019-07-01,2
20311,SC Gagnoa,SC Gagnoa,transfers,False,True,False,False,2015-01-01,2015-01-01,1
20315,Torpedo Vl. U19,Torpedo Vl. U19,transfers,False,True,False,False,2020-07-01,2020-07-01,1
20320,Lovech II,Lovech II,transfers,False,True,False,False,2014-06-30,2014-08-01,1
20323,Rubin 2,Rubin 2 | Rubin 2 Kazan,games | transfers,False,True,True,False,2012-07-15,2025-07-01,2
20333,Düzcespor,Düzcespor,transfers,False,True,False,False,2021-08-01,2024-06-30,1
20340,Soligorsk U19,Soligorsk U19,transfers,False,True,False,False,2018-01-01,2021-01-01,1
20350,Akron Konoplev,Akron Konoplev,transfers,False,True,False,False,2006-01-01,2024-01-01,1
20356,Mykolaiv U17,Mykolaiv U17,transfers,False,True,False,False,2021-07-01,2021-07-01,1
20361,Alleröd FK,Alleröd FK,games | transfers,False,True,True,False,2020-09-01,2025-08-06,1
20365,Arsenal Kh U17,Arsenal K U17 | Arsenal Kh U17,transfers,False,True,False,False,2007-07-18,2022-08-20,2
20375,Saint-Pierroise,Saint-Pierroise,transfers,False,True,False,False,2021-07-01,2021-07-01,1
20406,Reggiana U19,Reggiana U19,transfers,False,True,False,False,2011-08-01,2023-06-30,1
20407,Rentistas U19,Rentistas U19,transfers,False,True,False,False,2013-07-01,2013-07-01,1
20413,Sp. Kostroma U19,Sp. Kostroma U19,transfers,False,True,False,False,2003-07-01,2003-07-01,1
20416,Ramsgate FC,Ramsgate FC,games,False,False,True,False,2023-11-04,2023-12-04,1
20417,IF Skjold Birkeröd,IF Skjold Birkeröd,games,False,False,True,False,2013-08-28,2024-08-06,1
20423,Nyva Vinnytsya,Nyva Vinnytsia | Nyva Vinnytsya,games | transfers,False,True,True,False,2011-01-01,2026-01-22,2
20428,FC United,FC United | FC United of Manchester,games | transfers,False,True,True,False,2015-11-09,2020-11-07,2
20450,Würzb. Ki. U19,Würzb. Ki. U19,transfers,False,True,False,False,2016-07-01,2019-07-01,1
20451,GAK Youth,GAK Youth,transfers,False,True,False,False,2008-07-21,2010-07-01,1
20462,Nürnberg Yth.,Nürnberg Yth.,transfers,False,True,False,False,2007-07-01,2020-07-01,1
20465,Gr. Fürth Yth.,Gr. Fürth Yth.,transfers,False,True,False,False,2010-07-01,2017-07-01,1
20466,Bogotá FC,Bogotá FC,transfers,False,True,False,False,2021-01-01,2021-06-30,1
20475,Viborg FF Youth,Viborg FF Youth,transfers,False,True,False,False,2008-07-01,2023-07-01,1
20514,La Calera,La Calera,transfers,False,True,False,False,2023-01-20,2023-12-31,1
20519,Virtus Entella,Virtus Entella,games | transfers,False,True,True,False,2012-08-05,2026-06-30,1
20528,CE Europa,CE Europa,games | transfers,False,True,True,False,2021-12-01,2025-10-29,1
20529,Dinamo Kirov,Dinamo Kirov,games | transfers,False,True,True,False,2005-01-01,2025-08-20,1
20535,Vityaz Krymsk,Vityaz Krymsk,games,False,False,True,False,2013-07-07,2014-08-01,1
20538,CD Espoli U20,CD Espoli U20,transfers,False,True,False,False,2013-02-26,2013-02-26,1
20542,Diegem U19,Diegem U19,transfers,False,True,False,False,2008-07-01,2008-07-01,1
20554,CS Pétange U19,CS Pétange U19,transfers,False,True,False,False,2014-07-01,2014-07-01,1
20586,FC Ebedei,FC Ebedei,transfers,False,True,False,False,2014-01-13,2022-01-26,1
20589,Dep. Cali U20,Dep. Cali U20,transfers,False,True,False,False,2019-07-01,2019-07-01,1
20590,Rionegro Águilas,Rionegro Águila | Rionegro Águilas,clubs | games | transfers,True,True,True,False,2021-07-15,2025-11-14,2
20601,FCA Walldorf II,FCA Walldorf II,transfers,False,True,False,False,2019-07-01,2020-07-15,1
20603,Bonnyrigg Rose FC,Bonnyrigg | Bonnyrigg Rose FC,games | transfers,False,True,True,False,2012-08-25,2025-11-29,2
20634,MSK Zilina B,MSK Zilina B,transfers,False,True,False,False,2022-08-03,2024-01-01,1
20656,Tabor Sezana,Tabor Sezana,transfers,False,True,False,False,2023-09-19,2024-01-01,1
20664,Menemen Belediye,Menemen Belediye | Menemen FK | Menemenspor,transfers,False,True,False,False,2011-01-19,2025-06-30,3
20667,Din. Kirov Y,Din. Kirov Y,transfers,False,True,False,False,2005-01-01,2005-01-01,1
20674,Blument. SV U19,Blument. SV U19,transfers,False,True,False,False,2015-07-01,2016-07-01,1
20684,Artvin Hopaspor,Artvin Hopaspor,transfers,False,True,False,False,2018-08-27,2026-01-23,1
20697,Torbalispor,Torbalispor,transfers,False,True,False,False,2007-08-24,2011-01-19,1
20698,Balikesirspor,Balikesirspor,clubs | games | transfers,True,True,True,False,2014-08-29,2025-09-03,1
20699,Karacabey Bld,Karacabey Bld,transfers,False,True,False,False,2019-01-18,2025-11-28,1
20706,Alacatispor,Alacatispor,transfers,False,True,False,False,2005-09-09,2006-09-01,1
20709,Karsiyaka U21,Karsiyaka U21,transfers,False,True,False,False,2006-09-01,2007-08-24,1
20720,SC Espinho U19,SC Espinho U19,transfers,False,True,False,False,2018-07-01,2019-01-01,1
20721,Aldosivi U20,Aldosivi U20,transfers,False,True,False,False,2015-07-01,2015-07-01,1
20723,Chacarita U20,Chacarita U20,transfers,False,True,False,False,2010-07-01,2012-09-17,1
20728,Famalicão Y19,Famalicão U19 | Famalicão Y19,transfers,False,True,False,False,2019-01-01,2023-07-01,2
20741,Torreense U19,Torreense U19,transfers,False,True,False,False,2010-07-01,2012-07-01,1
20746,Preston Athletic FC,Preston Athletic FC,games,False,False,True,False,2012-08-04,2023-09-02,1
20747,Catolica U21,Catolica U21,transfers,False,True,False,False,2016-01-01,2018-01-01,1
20760,Bandirma Spor,Bandirma Spor | Bandirmaspor,transfers,False,True,False,False,2019-08-24,2026-06-30,2
20768,VfB Habinghorst,VfB Habinghorst,transfers,False,True,False,False,2005-07-01,2006-07-01,1
20775,Metallurg Vyksa,Metallurg Vyksa,games,False,False,True,False,2012-07-11,2014-08-12,1
20780,ONS Sneek,ONS Sneek,games,False,False,True,False,2012-09-26,2024-09-03,1
20782,SV TOP,SV TOP,games,False,False,True,False,2019-08-17,2019-08-17,1
20786,Horsham FC,Horsham FC,games,False,False,True,False,2021-11-06,2024-11-02,1
20789,RFC Lütt. U19,RFC Lütt. U19,transfers,False,True,False,False,2006-07-01,2006-07-01,1
20798,Amora U19,Amora U19,transfers,False,True,False,False,2011-07-01,2011-07-01,1
20800,Louletano U19,Louletano U19,transfers,False,True,False,False,2009-07-01,2009-07-01,1
20826,Tynecastle FC,Tynecastle FC,games,False,False,True,False,2019-08-10,2024-09-27,1
20828,Dalkeith Thistle FC,Dalkeith Thistle FC,games,False,False,True,False,2021-08-28,2024-09-27,1
20831,Santa Rita-AL,Santa Rita-AL,transfers,False,True,False,False,2015-05-01,2015-08-28,1
20839,Skala-Ekran,Gazovik | Skala-Ekran,transfers,False,True,False,False,2006-01-01,2006-07-01,2
20844,Real Avilés CF,Real Avilés | Real Avilés CF,games | transfers,False,True,True,False,2014-09-03,2025-10-30,2
20871,AS Racines,AS Racines,transfers,False,True,False,False,2018-01-01,2019-08-16,1
20872,FC Honka U19,FC Honka U19,transfers,False,True,False,False,2012-01-01,2020-01-01,1
20877,Brackley Town,Brackley Town,games,False,False,True,False,2013-11-09,2025-12-08,1
20878,FC Mariupol II,FC Mariupol II | Illichivets II,transfers,False,True,False,False,2014-07-01,2021-07-01,2
20887,FK Jedinstvo Ub,FK Jedinstvo Ub | Jedinstvo Ub,clubs | games | transfers,True,True,True,False,2023-07-28,2025-04-06,2
20896,Solar SC,Solar SC,transfers,False,True,False,False,2016-07-01,2019-07-01,1
20914,CD Pradejón,CD Pradejón,games,False,False,True,False,2023-10-11,2023-10-11,1
20915,CD Santurtzi,CD Santurtzi,games,False,False,True,False,2023-10-12,2023-10-12,1
20917,Peña Sport U19,Peña Sport U19,transfers,False,True,False,False,2017-07-01,2017-07-01,1
20921,CDA Navalcarnero,CDA Navalcarnero | Navalcarnero,games | transfers,False,True,True,False,2018-09-05,2025-12-02,2
20923,Khimik Dzerzhinsk,Khimik | Khimik Dzer. | Khimik Dzerzhinsk,games | transfers,False,True,True,False,2011-01-01,2025-09-10,3
20924,Helsinki IFK,Helsinki IFK,transfers,False,True,False,False,2015-09-02,2015-11-01,1
20927,Oviedo U19,Oviedo U19,transfers,False,True,False,False,2020-08-18,2021-07-01,1
20928,Velarde Camargo CF,Velarde Camargo CF,games,False,False,True,False,2022-10-19,2022-11-13,1
20942,Pfullend. Yth.,Pfullend. Yth.,transfers,False,True,False,False,2001-07-01,2009-07-01,1
20945,VV Capelle,VV Capelle,games,False,False,True,False,2012-08-22,2025-10-28,1
20952,AFC Totton,AFC Totton,games,False,False,True,False,2025-11-01,2025-11-01,1
20953,Bracknell Town,Bracknell Town,games,False,False,True,False,2022-11-07,2023-11-04,1
20955,Gosport Borough,Gosport Borough,games | transfers,False,True,True,False,2014-11-09,2023-05-31,1
20958,Pursaklarspor,Pursaklarspor,transfers,False,True,False,False,2011-01-14,2011-06-30,1
20960,Plaza Amador,Plaza Amador,transfers,False,True,False,False,2024-01-01,2026-12-31,1
20962,Sanat Naft,Sanat Naft,transfers,False,True,False,False,2016-07-01,2017-07-01,1
20963,CE Constància,CE Constància,games,False,False,True,False,2012-08-29,2025-10-28,1
20970,B.73 Slagelse,B.73 Slagelse,games,False,False,True,False,2022-08-04,2022-08-04,1
20971,BK Frem Saksköbing,BK Frem Saksköbing,games,False,False,True,False,2015-08-11,2025-08-05,1
20972,Christiansbjerg IF,Christiansbjerg IF,games,False,False,True,False,2016-08-10,2024-08-06,1
20973,Marstal/Rise IF,Marstal/Rise IF,games,False,False,True,False,2016-08-10,2025-09-02,1
20975,Odense KS,Odense KS,games,False,False,True,False,2016-08-09,2025-08-05,1
20976,,,games,False,False,True,False,2019-08-08,2019-08-08,0
20978,,,games,False,False,True,False,2016-08-16,2016-08-16,0
20979,Viby IF,Viby IF,games,False,False,True,False,2012-09-26,2023-10-04,1
20984,Horsens Youth,Horsens Youth,transfers,False,True,False,False,2004-07-01,2022-07-01,1
20985,BK Viktoria,BK Viktoria,games,False,False,True,False,2019-08-14,2025-08-05,1
20986,,,games,False,False,True,False,2021-08-03,2021-08-03,0
20988,Nibe Boldklub,Nibe Boldklub,games,False,False,True,False,2023-09-05,2023-09-05,1
20990,Arbejder Sport Aarhus,Arbejder Sport Aarhus,games,False,False,True,False,2020-10-07,2024-08-13,1
20991,BK Rödovre,BK Rödovre,games,False,False,True,False,2020-09-02,2020-09-02,1
20992,Boldklubben 1960,Boldklubben 1960,games,False,False,True,False,2023-08-08,2024-08-06,1
20995,,,games,False,False,True,False,2012-10-03,2014-09-24,0
20997,Fredensborg BI,Fredensborg BI,games | transfers,False,True,True,False,2015-09-23,2025-08-05,1
20998,Fredericia fF,Fredericia fF,games,False,False,True,False,2024-08-06,2024-08-06,1
20999,Frederiksberg Boldklub,Frederiksberg Boldklub,games,False,False,True,False,2019-08-07,2024-08-13,1
21000,Gentofte VI,Gentofte VI,games,False,False,True,False,2016-08-10,2025-09-02,1
21001,Glamsbjerg IF,Glamsbjerg IF,games,False,False,True,False,2020-09-01,2020-09-01,1
21003,Hundested IK,Hundested IK,games,False,False,True,False,2018-08-15,2020-09-08,1
21005,Kvik/Aalestrup IF,Kvik/Aalestrup IF,games,False,False,True,False,2021-08-04,2021-08-04,1
21006,Ledöje-Smörum Fodbold,Ledöje-Smörum Fodbold,games,False,False,True,False,2013-08-27,2025-09-02,1
21007,,,games,False,False,True,False,2016-08-10,2022-08-08,0
21011,Taasinge fB,Taasinge fB,games,False,False,True,False,2017-08-08,2023-08-10,1
21021,Temp Shepetivka,Temp Shepetivka,transfers,False,True,False,False,2011-05-01,2012-01-01,1
21030,U. Las Palmas B,U. Las Palmas B,transfers,False,True,False,False,2009-07-01,2009-07-01,1
21033,Boldklubben Union,Boldklubben Union,games,False,False,True,False,2018-08-15,2022-08-04,1
21034,FC Culpa,FC Culpa,games,False,False,True,False,2022-08-08,2022-08-31,1
21035,FA 2000,FA 2000,games | transfers,False,True,True,False,2020-09-23,2025-09-03,1
21047,K'lautern U17,K'lautern U17,transfers,False,True,False,False,2011-07-01,2012-07-01,1
21048,1.FC Köln U17,1.FC Köln U17,transfers,False,True,False,False,2008-07-01,2017-07-01,1
21049,Nürnberg U17,Nürnberg U17,transfers,False,True,False,False,2011-07-01,2021-07-01,1
21050,Saarbrücken U17,Saarbrücken U17,transfers,False,True,False,False,2006-07-01,2008-07-01,1
21051,Mainz 05 U17,Mainz 05 U17,transfers,False,True,False,False,2012-01-01,2022-07-01,1
21053,Bielefeld U17,Bielefeld U17,transfers,False,True,False,False,2006-07-01,2018-07-01,1
21054,Leverkusen U17,Leverkusen U17,transfers,False,True,False,False,2005-07-01,2025-07-01,1
21055,B. Dortmund U17,B. Dortmund U17,transfers,False,True,False,False,2009-07-01,2024-01-01,1
21056,M'gladbach U17,M'gladbach U17,transfers,False,True,False,False,2004-07-01,2022-07-01,1
21057,Frankfurt U17,Frankfurt U17,transfers,False,True,False,False,2013-07-01,2024-07-01,1
21058,FC Bayern U17,FC Bayern U17,transfers,False,True,False,False,2003-07-01,2023-07-01,1
21059,E. Cottbus U17,E. Cottbus U17,transfers,False,True,False,False,2013-07-01,2015-07-01,1
21061,Schalke 04 U17,Schalke 04 U17,transfers,False,True,False,False,2006-07-01,2021-07-01,1
21062,St. Pauli U17,St. Pauli U17,transfers,False,True,False,False,2015-07-01,2022-07-01,1
21063,Hamburg U17,Hamburg U17,transfers,False,True,False,False,2008-07-01,2022-07-01,1
21065,H. Rostock U17,H. Rostock U17,transfers,False,True,False,False,2004-07-01,2010-07-01,1
21066,Hertha BSC U17,Hertha BSC U17,transfers,False,True,False,False,2003-07-01,2022-07-01,1
21067,Holst. Kiel U17,Holst. Kiel U17,transfers,False,True,False,False,2014-01-01,2014-07-01,1
21068,Karlsruhe U17,Karlsruhe U17,transfers,False,True,False,False,2006-07-01,2019-07-01,1
21069,Offenbach U17,Offenbach U17,transfers,False,True,False,False,2005-07-01,2007-07-01,1
21070,Duisburg U17,Duisburg U17,transfers,False,True,False,False,2010-07-01,2013-07-01,1
21071,Pr. Münster U17,Pr. Münster U17,transfers,False,True,False,False,2018-07-01,2019-07-01,1
21072,RW Erfurt U17,RW Erfurt U17,transfers,False,True,False,False,2008-07-01,2010-07-01,1
21073,RW Essen U17,RW Essen U17,transfers,False,True,False,False,2013-07-01,2021-07-01,1
21074,Concordia U17,Concordia U17,transfers,False,True,False,False,2014-01-01,2014-01-01,1
21075,SC Freiburg U17,SC Freiburg U17,transfers,False,True,False,False,2005-07-01,2022-07-01,1
21077,Gr. Fürth U17,Gr. Fürth U17,transfers,False,True,False,False,2015-07-01,2020-07-01,1
21078,SSV Ulm U17,SSV Ulm U17,transfers,False,True,False,False,2017-07-01,2018-07-01,1
21079,W. Bremen U17,W. Bremen U17,transfers,False,True,False,False,2003-07-01,2020-07-01,1
21082,Hoffenheim U17,Hoffenheim U17,transfers,False,True,False,False,2007-07-01,2023-07-01,1
21083,TSV 1860 U17,TSV 1860 U17,transfers,False,True,False,False,2005-07-01,2019-07-01,1
21084,Stuttgart U17,Stuttgart U17,transfers,False,True,False,False,2006-07-01,2023-07-01,1
21085,VfL Bochum U17,VfL Bochum U17,transfers,False,True,False,False,2002-07-01,2024-07-01,1
21086,Osnabrück U17,Osnabrück U17,transfers,False,True,False,False,2005-07-01,2015-07-01,1
21087,Wolfsburg U17,Wolfsburg U17,transfers,False,True,False,False,2007-07-01,2023-07-01,1
21099,U. Berlin U17,U. Berlin U17,transfers,False,True,False,False,2016-07-01,2022-07-01,1
21101,Kristiansund Ballklubb,Kristiansund | Kristiansund Ballklubb,clubs | games | transfers,True,True,True,False,2025-03-04,2026-05-29,2
21121,Leganés U19,Leganés U19,transfers,False,True,False,False,2014-01-30,2025-07-01,1
21122,CD Móstoles,CD Mostoles | CD Móstoles | CD Móstoles URJC,games | transfers,False,True,True,False,2010-07-01,2024-10-30,3
21125,CD Puerta Bonita (- 2017),CD Puerta Bonita (- 2017),games,False,False,True,False,2013-09-04,2013-09-04,1
21127,Koblenz Yth.,Koblenz Yth.,transfers,False,True,False,False,2014-07-01,2014-07-01,1
21128,Burghausen U17,Burghausen U17,transfers,False,True,False,False,2003-07-01,2010-07-01,1
21133,Holstebro U19,Holstebro U19,transfers,False,True,False,False,2012-07-01,2020-07-01,1
21135,Naesby BK U19,Naesby BK U19,transfers,False,True,False,False,2022-07-01,2023-01-01,1
21147,Atl. Bembibre,Atl. Bembibre,transfers,False,True,False,False,2023-07-01,2023-07-01,1
21164,Baleares U19,Baleares U19,transfers,False,True,False,False,2018-07-01,2020-08-18,1
21167,Alzira U19,Alzira U19,transfers,False,True,False,False,2019-07-01,2019-07-01,1
21179,Coria CF,Coria CF,transfers,False,True,False,False,2018-10-01,2020-06-01,1
21216,PFK Sumy (-2019),PFK Sumy | PFK Sumy (-2019) | Yavir,games | transfers,False,True,True,False,2006-01-01,2019-02-01,3
21218,Dynamo Kyiv II,Dynamo Kyiv II,transfers,False,True,False,False,2006-07-01,2021-09-22,1
21234,FK Bylis,FK Bylis,transfers,False,True,False,False,2020-01-30,2020-08-13,1
21235,Huracán U19,Huracán U19,transfers,False,True,False,False,2016-07-01,2016-07-01,1
21261,Granollers,Granollers,transfers,False,True,False,False,2017-07-20,2022-06-30,1
21268,St. Andreu You.,St. Andreu You.,transfers,False,True,False,False,2009-07-01,2020-07-01,1
21269,Eibar U19,Eibar U19,transfers,False,True,False,False,2020-08-01,2020-08-01,1
21292,MSC Meppel,MSC Meppel,games,False,False,True,False,2014-08-27,2014-08-27,1
21301,Como Youth,Como Youth,transfers,False,True,False,False,2023-07-01,2023-07-01,1
21305,Olimpia U19,Olimpia U19,transfers,False,True,False,False,2015-01-01,2015-01-01,1
21322,Sanluqueño,At. Sanluqueño | Atlético Sanluqueño CF | Sanluqueño,games | transfers,False,True,True,False,2007-07-01,2024-07-17,3
21323,Pegaso,Pegaso,transfers,False,True,False,False,2007-07-01,2010-01-01,1
21331,Pordenone Calcio,Pordenone | Pordenone Calcio,games | transfers,False,True,True,False,2013-08-04,2022-08-18,2
21334,Volga NN U19,Volga NN U19,transfers,False,True,False,False,2008-01-01,2016-09-01,1
21335,Arcos CF,Arcos CF,games,False,False,True,False,2017-08-30,2017-08-30,1
21337,Yeclano Deportivo,Yeclano Deportivo,games,False,False,True,False,2012-08-29,2024-12-03,1
21346,Antequera U19,Antequera U19,transfers,False,True,False,False,2020-07-01,2020-07-01,1
21349,Elche CF Youth,Elche CF Youth,transfers,False,True,False,False,2017-07-01,2020-07-01,1
21351,Jaén U19,Jaén U19,transfers,False,True,False,False,2009-07-01,2009-07-01,1
21354,Badajoz U19,Badajoz U19,transfers,False,True,False,False,2021-07-01,2022-08-17,1
21357,FK Trstenik,FK Trstenik,transfers,False,True,False,False,2016-08-31,2016-12-31,1
21368,AD Unión Adarve,AD Unión Adarve,games,False,False,True,False,2017-08-30,2022-11-13,1
21402,Zamudio SD,Zamudio SD,games,False,False,True,False,2016-08-31,2016-08-31,1
21409,Central,Central,transfers,False,True,False,False,2019-02-05,2019-04-02,1
21431,M. Netanya U19,M. Netanya U19,transfers,False,True,False,False,2016-07-01,2018-07-01,1
21439,Offenbach Yth.,Offenbach Yth.,transfers,False,True,False,False,2011-07-01,2015-07-01,1
21452,Trbovlje,Trbovlje,transfers,False,True,False,False,2016-01-22,2017-01-09,1
21459,Gangwon Football Club,Gangwon Football Club,clubs | games,True,False,True,False,2025-02-16,2026-07-04,1
21460,NK Radomlje,NK Radomlje,transfers,False,True,False,False,2019-07-27,2023-09-01,1
21468,União Mogi,União Mogi,transfers,False,True,False,False,2011-01-01,2011-01-01,1
21469,FC De Bilt,FC De Bilt,games,False,False,True,False,2024-09-03,2024-09-03,1
21474,SS Maceratese,SS Maceratese,games,False,False,True,False,2016-07-30,2016-08-06,1
21475,Academica Clince,Academica Argeș | Academica Clince,transfers,False,True,False,False,2015-03-01,2022-01-29,2
21479,SV Bon Boys Haaksbergen,SV Bon Boys Haaksbergen,games,False,False,True,False,2023-08-12,2023-08-12,1
21498,Trafford,Trafford,transfers,False,True,False,False,2021-08-28,2021-09-19,1
21500,Roda '46 Leusden,Roda '46 Leusden,games,False,False,True,False,2020-08-29,2020-10-13,1
21507,Loko-Kazanka M.,Loko-Kazanka M. | Lokomotiv 2 Moskow,games | transfers,False,True,True,False,2012-07-30,2022-07-01,2
21508,Zaria Balti,Zaria Balti,games | transfers,False,True,True,False,2015-07-01,2018-07-19,1
21515,Dungannon Swifts FC,Dungannon Swifts FC,games,False,False,True,False,2025-07-24,2025-07-31,1
21532,Crusaders FC,Crusaders | Crusaders FC,games | transfers,False,True,True,False,2012-07-05,2025-05-31,2
21541,Aberystwyth Town,Aberystwyth | Aberystwyth Town,games | transfers,False,True,True,False,2012-07-01,2014-07-10,2
21548,CD San Roque de Lepe,CD San Roque de Lepe | San Roque Lepe,games | transfers,False,True,True,False,2011-07-01,2023-11-01,2
21550,Recre Granada,Granada B | Recre Granada,transfers,False,True,False,False,2012-07-01,2024-07-01,2
21557,Hércules U19,Hércules U19,transfers,False,True,False,False,2009-07-01,2013-07-01,1
21560,Montilla CF,Montilla CF,games,False,False,True,False,2022-10-19,2022-10-19,1
21564,UD Almería Yout,UD Almería Yout,transfers,False,True,False,False,2015-07-01,2022-07-01,1
21568,La Roda CF,La Roda CF,games,False,False,True,False,2012-08-29,2012-08-29,1
21569,Arlesey Town FC,Arlesey Town FC,games,False,False,True,False,2012-11-03,2012-11-03,1
21575,FK Jezero,FK Jezero,transfers,False,True,False,False,2021-01-03,2022-07-01,1
21583,Billstedt U19,Billstedt U19,transfers,False,True,False,False,2021-07-01,2022-07-01,1
21586,Anagennisi Giannitson,Anagennisi Giannitson,games,False,False,True,False,2012-10-24,2013-09-15,1
21597,Eordaikos 2007,Eordaikos 2007 | FS Eordaikos,games | transfers,False,True,True,False,2007-07-01,2024-09-04,2
21600,Makedonikos,Makedonikos | Makedonikos Neapolis,games | transfers,False,True,True,False,2021-09-11,2026-01-14,2
21601,Od. Anagennisis,Od. Anagennisis,transfers,False,True,False,False,2016-01-01,2017-07-30,1
21603,Spartak 2,Spartak 2,transfers,False,True,False,False,2009-01-01,2012-03-01,1
21609,Atl.Madleño U18,Atl.Madleño U18,transfers,False,True,False,False,2017-07-01,2022-07-01,1
21613,Doxa Kranoulas,Doxa Kranoulas,games,False,False,True,False,2012-10-24,2012-10-24,1
21615,KVV Quick '20 Oldenzaal,KVV Quick '20 Oldenzaal | Quick '20,games | transfers,False,True,True,False,2014-07-01,2024-10-31,2
21637,Akad. Togliatti,Ak. Dimitrovgrad | Akad. Togliatti | Akademia Togliatti (-2012) | KS-SOK Dimitrov. | Lada-SOK Dimitr.,games | transfers,False,True,True,False,2006-01-01,2013-01-28,5
21638,Real Jaén CF B,Real Jaén CF B,transfers,False,True,False,False,2009-07-01,2010-07-01,1
21652,Chippenham,Chippenham | Chippenham Town,games | transfers,False,True,True,False,2017-09-08,2022-11-27,2
21688,Concarneau,Concarneau,transfers,False,True,False,False,2013-07-01,2025-06-30,1
21689,Accrington U18,Accrington U18,transfers,False,True,False,False,2016-07-01,2016-07-01,1
21690,Drogs Academy,Drogheda U19 | Drogs Academy,transfers,False,True,False,False,2017-01-01,2022-01-01,2
21692,Schifflange U19,Schifflange U19,transfers,False,True,False,False,2004-07-01,2004-07-01,1
21696,Thrasyvoul. U19,Thrasyvoul. U19,transfers,False,True,False,False,2007-08-11,2009-01-01,1
21725,Tyrnavos 2005,Tyrnavos 2005,games | transfers,False,True,True,False,2009-07-01,2015-08-26,1
21735,Velocitas 1897 Groningen,Velocitas 1897 Groningen,games,False,False,True,False,2025-09-02,2025-09-02,1
21748,Imotski U19,Imotski U19,transfers,False,True,False,False,2011-08-24,2011-08-24,1
21761,Zrenjanin U19,Zrenjanin U19,transfers,False,True,False,False,2004-07-01,2004-07-01,1
21766,Vallensbaek IF 39,Vallensbaek IF 39,games,False,False,True,False,2023-08-09,2025-08-07,1
21775,Teteks Tetovo,Teteks Tetovo,games | transfers,False,True,True,False,2013-07-04,2015-08-14,1
21777,BK Fremad Valby,BK Fremad Valby,games,False,False,True,False,2018-08-08,2021-08-31,1
21779,Husum Boldklub,Husum Boldklub,games,False,False,True,False,2017-09-05,2025-08-06,1
21781,KF Tërbuni,KF Tërbuni,transfers,False,True,False,False,2012-01-31,2015-09-09,1
21783,Skovshoved IF,Skovshoved | Skovshoved IF,games | transfers,False,True,True,False,2016-09-07,2022-08-02,2
21784,Sundby Boldklub,Sundby Boldklub,games,False,False,True,False,2024-08-06,2025-09-23,1
21795,Newtongrange Star FC,Newtongrange Star FC,games,False,False,True,False,2020-12-12,2025-09-27,1
21805,KF Vllaznia U19,KF Vllaznia U19,transfers,False,True,False,False,2015-07-01,2017-09-11,1
21811,LDU Quito B,LDU Quito B,transfers,False,True,False,False,2014-01-01,2015-01-26,1
21812,LDU Quito U20,LDU Quito U20,transfers,False,True,False,False,2014-01-01,2014-01-01,1
21827,Criciúma B,Criciúma B,transfers,False,True,False,False,2009-01-01,2009-01-01,1
21829,Oeste,Oeste,transfers,False,True,False,False,2016-05-01,2021-01-31,1
21835,FC UNA Strassen,FC UNA Strassen,games,False,False,True,False,2024-07-11,2025-07-31,1
21851,Aittitos Spaton,Aittitos Spaton,games,False,False,True,False,2018-09-16,2021-09-12,1
21856,Fjölnir U19,Fjölnir U19,transfers,False,True,False,False,2005-05-27,2005-05-27,1
21860,Leiknir,Leiknir,transfers,False,True,False,False,2022-07-28,2022-12-31,1
21864,Thór Akureyri,Thór Akureyri,games,False,False,True,False,2012-07-05,2012-07-26,1
21868,KA U19,KA U19,transfers,False,True,False,False,2022-02-01,2022-12-31,1
21875,Stjarnan Gardabaer,Stjarnan | Stjarnan Gardabaer,games | transfers,False,True,True,False,2014-07-03,2025-08-14,2
21879,Selfoss,Selfoss,transfers,False,True,False,False,2010-05-03,2011-02-20,1
21880,UMF Selfoss U19,UMF Selfoss U19,transfers,False,True,False,False,2010-05-03,2010-05-03,1
21881,Afturelding,Afturelding,transfers,False,True,False,False,2023-04-27,2024-03-09,1
21888,Agios Ierotheos,Agios Ierotheos,transfers,False,True,False,False,2019-08-29,2021-03-11,1
21890,Asteras Iteas,Asteras Iteas,games,False,False,True,False,2018-08-26,2018-08-26,1
21902,Backnang U19,Backnang U19,transfers,False,True,False,False,2015-11-20,2016-07-01,1
21903,Bukovyna,Bukovyna | Bukovyna Chernivtsi,games | transfers,False,True,True,False,2012-07-02,2026-04-21,2
21934,FC Luftëtari (- 2020),FC Luftëtari | FC Luftëtari (- 2020) | KS Luftëtari,games | transfers,False,True,True,False,2015-09-09,2019-01-01,3
21941,AS Fokikos Amfissas,AS Fokikos | AS Fokikos Amfissas,games | transfers,False,True,True,False,2012-08-28,2015-06-30,2
21957,AO Platanias,AO Platanias | Platanias,clubs | games | transfers,True,True,True,False,2010-07-01,2020-09-29,2
21958,PAEEK Kyrenia,PAEEK Kyrenia,transfers,False,True,False,False,2020-07-02,2021-06-30,1
21965,ASV De Dijk,ASV De Dijk | De Dijk,games | transfers,False,True,True,False,2014-08-27,2019-07-01,2
21966,RKSV Nuenen,RKSV Nuenen,games,False,False,True,False,2017-08-19,2023-09-20,1
21975,Football Club Mito HollyHock,Football Club Mito HollyHock | Mito HollyHock,clubs | transfers,True,True,False,False,2018-08-08,2019-12-31,2
21984,RKSV UDI '19 Uden,RKSV UDI '19 Uden | UDI '19,games | transfers,False,True,True,False,2012-07-01,2025-09-23,2
22010,FK Qabala,FK Gabala | FK Qabala,games | transfers,False,True,True,False,2014-07-03,2025-06-30,2
22045,Latina Calcio,Latina Calcio | US Latina Calcio,games | transfers,False,True,True,False,2013-07-09,2026-06-30,2
22089,Fatsa Belediye,Fatsa Belediye,transfers,False,True,False,False,2018-08-28,2026-06-30,1
22108,Corby Town,Corby Town,games,False,False,True,False,2013-11-09,2013-11-09,1
22110,FC Helsingör,FC Helsingör | FC Helsingør,clubs | games | transfers,True,True,True,False,2013-08-28,2025-08-05,2
22112,FC Sydvest 05,FC Sydvest 05,games,False,False,True,False,2013-10-30,2021-08-03,1
22113,Frederikssund IK,Frederikssund IK,games,False,False,True,False,2015-09-01,2021-08-31,1
22114,Kelantan FA,Kelantan FA,transfers,False,True,False,False,2016-02-03,2016-07-15,1
22123,US Città di Fasano,US Città di Fasano,games,False,False,True,False,2019-08-04,2019-08-04,1
22124,Puteolana,Puteolana,transfers,False,True,False,False,2025-01-31,2025-06-30,1
22140,KF Laçi,KF Laçi,games | transfers,False,True,True,False,2013-07-04,2022-07-28,1
22158,Atlético-GO U20,Atlético-GO U20,transfers,False,True,False,False,2020-01-01,2021-12-30,1
22171,Fagiano Okayama Sports Club,Fagiano Okayama Sports Club,clubs | games,True,False,True,False,2025-02-15,2025-12-06,1
22177,Sagan Tosu,Sagan Tosu,transfers,False,True,False,False,2019-01-01,2020-01-28,1
22178,Thespaku. Gunma,Thespaku. Gunma,transfers,False,True,False,False,2015-01-01,2016-01-01,1
22185,Crociati Noceto,Crociati Noceto,transfers,False,True,False,False,2010-07-01,2010-12-01,1
22187,USD Breno,USD Breno,games,False,False,True,False,2020-09-23,2020-09-23,1
22220,FC Astana,FC Astana,games | transfers,False,True,True,False,2013-07-04,2025-08-14,1
22224,Grödig II,Grödig II,transfers,False,True,False,False,2014-08-08,2016-07-01,1
22228,Lumezzane U19,Lumezzane U19,transfers,False,True,False,False,2006-04-01,2006-04-01,1
22235,Boldklubben Marienlyst,Boldklubben Marienlyst,games,False,False,True,False,2013-08-28,2025-08-06,1
22249,Cerignola,Audace Cerignola | Cerignola,games | transfers,False,True,True,False,2025-01-28,2026-06-30,2
22253,Noicattaro,Noicattaro,transfers,False,True,False,False,2007-07-01,2008-07-01,1
22259,Novara Youth,Novara Youth,transfers,False,True,False,False,2017-07-01,2021-08-01,1
22262,NK Vitez,NK Vitez,transfers,False,True,False,False,2017-09-20,2018-01-01,1
22265,Arouca U19,Arouca U19,transfers,False,True,False,False,2017-02-15,2019-07-01,1
22274,Valle d'Aosta,Valle d'Aosta,transfers,False,True,False,False,2012-11-02,2013-08-12,1
22275,Bisceglie,Bisceglie,transfers,False,True,False,False,2017-08-17,2019-06-30,1
22276,SPAL U19,SPAL U19,transfers,False,True,False,False,2019-07-26,2024-07-17,1
22294,AS Viterbese Castrense,AS Viterbese Castrense,games,False,False,True,False,2015-08-02,2019-08-04,1
22327,FC Rot-Weiß Koblenz,FC Rot-Weiß Koblenz,games,False,False,True,False,2018-08-19,2023-08-13,1
22331,Guarani-MG,Guarani-MG,transfers,False,True,False,False,2020-01-01,2021-07-01,1
22333,AC Ponte San Pietro-Isola,AC Ponte San Pietro-Isola | Pontisola,games | transfers,False,True,True,False,2011-07-01,2014-07-01,2
22338,Terracina Calcio,Terracina Calcio,games,False,False,True,False,2014-08-10,2014-08-10,1
22380,ABC U20,ABC U20,transfers,False,True,False,False,2017-11-01,2023-07-06,1
22381,Al-Raed SFC,Al-Raed | Al-Raed SFC,clubs | games | transfers,True,True,True,False,2023-08-20,2025-05-26,2
22388,Lochee United FC,Lochee United FC,games,False,False,True,False,2019-10-19,2025-09-27,1
22408,Team Altamura,Altamura | Team Altamura,transfers,False,True,False,False,2006-07-01,2026-06-30,2
22409,Cavese U19,Cavese U19,transfers,False,True,False,False,2005-07-01,2005-07-01,1
22419,Casa Sports,Casa Sports,transfers,False,True,False,False,2014-07-01,2017-01-31,1
22421,Larvik Turn,Larvik Turn,transfers,False,True,False,False,2016-08-01,2016-08-01,1
22426,St. Cuthbert Wanderers FC,St. Cuthbert Wanderers FC,games,False,False,True,False,2012-08-04,2022-08-27,1
22428,Wigtown & Bladnoch FC,Wigtown & Bladnoch FC,games,False,False,True,False,2012-08-25,2025-08-30,1
22430,ETO FC Győr II,ETO FC Győr II,transfers,False,True,False,False,2012-01-01,2012-07-01,1
22431,Stal Mielec,Stal Mielec,clubs | games,True,False,True,False,2024-07-22,2025-05-24,1
22443,Edirne Bld,Edirne Bld | Edirnespor,transfers,False,True,False,False,2020-09-15,2024-07-12,2
22444,CRFSO Smolensk,CRFSO Smolensk,games,False,False,True,False,2012-07-30,2018-08-07,1
22461,Caernarfon Town,Caernarfon Town,games,False,False,True,False,2024-07-11,2024-08-01,1
22468,Bohs U19,Bohs U19,transfers,False,True,False,False,2019-07-01,2021-02-01,1
22477,S. Szarowola,S. Szarowola,transfers,False,True,False,False,2009-07-01,2010-12-31,1
22480,Newry U18,Newry U18,transfers,False,True,False,False,2019-07-01,2020-09-01,1
22499,Connah's Quay Nomads,Connah's Quay Nomads,games,False,False,True,False,2016-06-30,2024-07-18,1
22502,Cefn Druids,Cefn Druids,games,False,False,True,False,2012-07-05,2018-07-05,1
22539,MTK Budapest II,MTK Budapest II,transfers,False,True,False,False,2022-04-11,2022-07-06,1
22546,Colwyn Bay,Colwyn Bay,transfers,False,True,False,False,2011-07-01,2013-01-16,1
22552,Whitehawk FC,Whitehawk | Whitehawk FC,games | transfers,False,True,True,False,2015-11-08,2020-01-06,2
22553,Chichester City,Chichester City,games,False,False,True,False,2019-12-01,2019-12-01,1
22559,NK Dubrava ZG,NK Dubrava ZG,transfers,False,True,False,False,2020-02-07,2024-07-08,1
22563,Oxford City,Oxford City,games | transfers,False,True,True,False,2014-02-28,2022-11-05,1
22568,Sl. Wroclaw II,Sl. Wroclaw II,transfers,False,True,False,False,2021-11-04,2022-05-20,1
22588,Sleza Wroclaw,Sleza Wroclaw,transfers,False,True,False,False,2022-11-28,2024-09-06,1
22589,Darmstadt U17,Darmstadt U17,transfers,False,True,False,False,2011-07-01,2022-07-01,1
22595,Didcot Town FC,Didcot Town FC,games,False,False,True,False,2015-11-08,2015-11-08,1
22599,Eastb. B. U18,Eastb. B. U18,transfers,False,True,False,False,2023-07-01,2023-07-01,1
22620,Jarrow Roofing,Jarrow Roofing,transfers,False,True,False,False,2013-07-23,2013-07-23,1
22629,Stevenage U18,Stevenage U18,transfers,False,True,False,False,2022-07-01,2022-07-01,1
22634,El Nacional U20,El Nacional U20,transfers,False,True,False,False,2001-04-17,2014-01-01,1
22638,Patronato U20,Patronato U20,transfers,False,True,False,False,2016-07-01,2016-07-01,1
22639,Maldonado U19,Maldonado U19,transfers,False,True,False,False,2012-03-01,2012-03-01,1
22645,Burton U18,Burton U18,transfers,False,True,False,False,2014-07-01,2014-07-01,1
22672,AFC Fylde,AFC Fylde | Fylde,games | transfers,False,True,True,False,2012-11-03,2025-05-31,2
22682,KF Trepca 89,KF Trepca 89,games | transfers,False,True,True,False,2017-06-27,2021-02-01,1
22687,Stourbridge FC,Stourbridge FC,games,False,False,True,False,2013-11-09,2019-11-19,1
22692,Skelmersdale,Skelmersdale | Skelmersdale United,games | transfers,False,True,True,False,2010-08-13,2020-11-06,2
22703,De Meern,De Meern | VV De Meern,games | transfers,False,True,True,False,2015-07-01,2017-09-21,2
22708,Harrogate R.,Harrogate R.,transfers,False,True,False,False,2007-07-01,2007-07-01,1
22719,Southport U18,Southport U18,transfers,False,True,False,False,2009-07-01,2009-07-01,1
22720,Prescot Cables,Prescot Cables,transfers,False,True,False,False,2025-02-03,2026-01-10,1
22724,D. Dresden U17,D. Dresden U17,transfers,False,True,False,False,2000-07-01,2023-07-01,1
22736,Caldense,Caldense,transfers,False,True,False,False,2021-05-26,2022-03-30,1
22767,Red Bull,Red Bull,transfers,False,True,False,False,2014-01-19,2019-04-01,1
22776,Maccabi Yavne,Maccabi Yavne,transfers,False,True,False,False,2016-01-01,2016-07-13,1
22783,Kalju FC,Kalju FC,games,False,False,True,False,2012-07-05,2025-07-31,1
22785,Rio Branco-PR,Rio Branco-PR,transfers,False,True,False,False,2021-02-24,2021-09-03,1
22810,FK Armavir,Armavir | FK Armavir | Torpedo Armavir,games | transfers,False,True,True,False,2012-08-05,2022-08-17,3
22817,Hammam Sousse,Hammam Sousse,transfers,False,True,False,False,2022-10-02,2024-01-01,1
22825,Dundalk Academy,Dundalk Academy | Dundalk U19,transfers,False,True,False,False,2021-03-01,2022-10-07,2
22832,JK Sillamäe Kalev,JK Sillamäe Kalev,games,False,False,True,False,2014-07-03,2015-07-09,1
22842,FC Gagra,FC Gagra,games | transfers,False,True,True,False,2021-07-08,2026-01-24,1
22878,Rio Branco-SP,Rio Branco-SP,transfers,False,True,False,False,2014-12-15,2015-07-01,1
22879,PFK Shakhtar Sverdlovsk,PFK Shakhtar Sverdlovsk,games,False,False,True,False,2012-08-22,2013-10-30,1
22881,Krasnodar II,Krasnodar II,transfers,False,True,False,False,2012-07-01,2026-06-30,1
22889,Bantu,Bantu,transfers,False,True,False,False,2012-07-01,2012-07-01,1
22890,Ekenäs IF,Ekenäs IF,transfers,False,True,False,False,2016-04-01,2018-08-21,1
22894,Goverla II,Goverla II,transfers,False,True,False,False,2013-01-01,2014-08-01,1
22899,Millonarios U20,Millonarios U20,transfers,False,True,False,False,2016-01-01,2018-01-01,1
22902,Alianza FC,Alianza FC,clubs | games,True,False,True,False,2025-07-13,2025-11-14,1
22928,,,games,False,False,True,False,2016-08-09,2018-08-07,0
22929,Odense KFUM,Odense KFUM,games,False,False,True,False,2023-08-08,2025-08-05,1
22931,Stavropolje,Stavropolje,transfers,False,True,False,False,2009-08-01,2009-12-31,1
22935,Hassania,Hassania,transfers,False,True,False,False,2020-08-20,2025-07-12,1
22944,OC Safi,OC Safi,transfers,False,True,False,False,2025-08-07,2025-08-07,1
22952,Salgueiro,Salgueiro,transfers,False,True,False,False,2017-10-02,2018-09-14,1
22969,IFK Trollhättan,IFK Trollhättan,transfers,False,True,False,False,2012-07-01,2012-07-01,1
22995,Qyzyljar Petropavlovsk,Qyzyljar Petropavlovsk,games,False,False,True,False,2022-07-21,2022-08-11,1
23005,Düsseldorf U17,Düsseldorf U17,transfers,False,True,False,False,2006-07-01,2021-07-01,1
23010,Marine FC,Marine FC,games,False,False,True,False,2020-11-07,2023-11-04,1
23022,Gornyak Uchaly,Gornyak Uchaly,games,False,False,True,False,2012-07-29,2012-08-10,1
23074,Ramsbottom,Ramsbottom,transfers,False,True,False,False,2015-10-30,2015-11-30,1
23075,FC Honka II,FC Honka II,transfers,False,True,False,False,2012-01-01,2013-01-01,1
23076,Guiseley U19,Guiseley U19,transfers,False,True,False,False,2015-01-22,2015-01-22,1
23088,Airbus UK Broughton,Airbus UK Broughton,games,False,False,True,False,2013-07-04,2015-07-09,1
23110,FK Chelyabinsk,Chelyabinsk | FK Chelyabinsk,games | transfers,False,True,True,False,2012-07-29,2026-06-30,2
23118,Stratford Town,Stratford Town,games,False,False,True,False,2021-11-07,2021-11-07,1
23158,WSC Hertha Wels,WSC Hertha Wels,transfers,False,True,False,False,2016-08-01,2023-01-01,1
23161,,,games,False,False,True,False,2016-08-09,2016-08-31,0
23166,Atlas U20,Atlas U20,transfers,False,True,False,False,2005-07-01,2005-07-01,1
23184,KFUM-Kameratene Oslo,KFUM-Kameratene Oslo,clubs | games,True,False,True,False,2025-03-30,2026-05-29,1
23198,SalPa,SalPa,transfers,False,True,False,False,2023-01-01,2023-12-31,1
23217,Kadji SA,Kadji SA,transfers,False,True,False,False,2007-11-16,2023-09-15,1
23297,HB Köge,HB Köge,games | transfers,False,True,True,False,2009-07-01,2025-07-29,1
23302,Dalkurd,Dalkurd,transfers,False,True,False,False,2018-03-23,2018-08-08,1
23303,Civil Service Strollers FC,Civil Service | Civil Service Strollers FC,games | transfers,False,True,True,False,2012-08-25,2025-09-27,2
23304,Leith Athletic FC,Leith Athletic FC,games,False,False,True,False,2016-09-03,2016-09-25,1
23315,AD Oliveirense,AD Oliveirense,transfers,False,True,False,False,2006-07-01,2007-07-01,1
23336,Vale of Leithen FC,Vale of Leithen FC,games,False,False,True,False,2012-08-25,2025-08-30,1
23337,Wick Academy FC,Wick Academy FC,games,False,False,True,False,2012-08-25,2025-10-25,1
23365,Saint-Denis,Saint-Denis,transfers,False,True,False,False,2009-07-01,2009-07-01,1
23370,Kalev Tallinn,Kalev Tallinn,games,False,False,True,False,2024-07-11,2024-07-18,1
23371,Paide Linnameeskond,Paide | Paide Linnameeskond,games | transfers,False,True,True,False,2019-01-01,2025-07-31,2
23377,FC Ponsacco 1920,FC Ponsacco 1920,games,False,False,True,False,2019-08-04,2019-08-04,1
23380,Serbia and Montenegro,Serbia and Montenegro,games,False,False,True,False,2006-06-11,2006-06-21,1
23387,Smouha,Smouha,transfers,False,True,False,False,2021-09-17,2022-09-01,1
23391,Racing 92 U19,Racing 92 U19,transfers,False,True,False,False,2011-07-01,2011-07-01,1
23533,VC Vlissingen,VC Vlissingen,games,False,False,True,False,2015-08-26,2018-08-18,1
23553,SV BW Rühen,SV BW Rühen,transfers,False,True,False,False,2025-07-05,2025-07-05,1
23559,FK Banga Gargzdai,FK Banga Gargzdai,games,False,False,True,False,2014-07-03,2025-07-31,1
23560,FK Kruoja Pakruojis (-2015),FK Kruoja Pakruojis (-2015),games,False,False,True,False,2013-07-04,2015-07-09,1
23564,IF Gnistan,IF Gnistan,transfers,False,True,False,False,2025-04-01,2026-01-31,1
23565,TB Rowdies,TB Rowdies,transfers,False,True,False,False,2025-02-21,2025-05-31,1
23568,Zelvia,Zelvia,clubs | games,True,False,True,False,2025-02-16,2025-12-06,1
23581,V-Varen Nagasaki,V-Varen Nagasaki,clubs,True,False,False,False,,,1
23590,Ilyichivets U17,FK Mariupol U17 | Ilyichivets U17,transfers,False,True,False,False,2011-07-01,2020-10-01,2
23591,Kryvbas U17,Kryvbas U17,transfers,False,True,False,False,2004-08-01,2007-07-01,1
23594,Volyn Lutsk U17,Volyn Lutsk U17,transfers,False,True,False,False,2014-08-01,2023-07-01,1
23611,Olimpik Donetsk,Olimpik Donetsk,clubs | games | transfers,True,True,True,False,2007-07-01,2022-02-02,1
23613,Formartine United FC,Formartine | Formartine United FC,games | transfers,False,True,True,False,2012-08-25,2025-10-24,2
23614,Fort William FC,Fort William FC,games,False,False,True,False,2012-08-04,2022-08-27,1
23616,Fraserburgh FC,Fraserburgh FC,games,False,False,True,False,2012-08-25,2025-10-25,1
23617,Lossiemouth FC,Lossiemouth | Lossiemouth FC,games | transfers,False,True,True,False,2012-08-25,2025-09-27,2
23618,Obolon Kyiv II,Obolon Kyiv II,transfers,False,True,False,False,2010-07-01,2012-07-01,1
23619,Rothes FC,Rothes FC,games,False,False,True,False,2012-08-25,2025-09-27,1
23620,Strathspey Thistle FC,Strathspey TFC | Strathspey Thistle FC,games | transfers,False,True,True,False,2014-09-13,2026-05-31,2
23621,Turriff United FC,Turriff United | Turriff United FC,games | transfers,False,True,True,False,2012-08-25,2025-11-29,2
23624,VfB Ginsheim,VfB Ginsheim,transfers,False,True,False,False,2018-07-01,2020-01-01,1
23633,Bastion,Bastion,transfers,False,True,False,False,2011-01-01,2011-04-26,1
23634,FK Poltava (-2018),FC Poltava | FK Poltava | FK Poltava (-2018),games | transfers,False,True,True,False,2012-08-22,2018-08-29,3
23639,Breidablik U19,Breidablik U19,transfers,False,True,False,False,2005-05-27,2006-03-15,1
23647,Fram U19,Fram U19,transfers,False,True,False,False,2006-02-13,2006-02-13,1
23650,Keflavík Yth.,Keflavík Yth.,transfers,False,True,False,False,2011-08-15,2011-08-15,1
23664,FK Minsk,FK Minsk,games | transfers,False,True,True,False,2013-07-18,2024-02-21,1
23667,Tavsanli Linyit,Tavsanli Linyit,transfers,False,True,False,False,2015-10-06,2018-08-06,1
23685,Coldstream FC,Coldstream FC,games,False,False,True,False,2012-08-25,2025-09-27,1
23686,Easthouses Lily Miners Welfare FC,Easthouses Lily Miners Welfare FC,games,False,False,True,False,2019-08-10,2025-08-30,1
23688,Hawick Royal Albert United FC,Hawick Royal Albert United FC,games,False,False,True,False,2012-08-25,2025-08-30,1
23692,University of Stirling FC,University of Stirling FC,games,False,False,True,False,2012-09-29,2025-10-25,1
23701,Culter FC,Culter FC,games,False,False,True,False,2013-09-14,2025-08-09,1
23703,Dundee North End FC,Dundee NE | Dundee North End FC,games | transfers,False,True,True,False,2023-03-22,2025-10-25,2
23705,Dunipace FC,Dunipace FC,games,False,False,True,False,2020-12-12,2022-11-26,1
23707,Hermes FC,Hermes FC,games,False,False,True,False,2012-08-25,2012-08-25,1
23718,Newton Stewart FC,Newton Stewart FC,games,False,False,True,False,2012-08-25,2025-08-30,1
23738,Karlstad BK,Karlstad BK,transfers,False,True,False,False,2019-08-02,2019-11-30,1
23777,SJK Seinäjoki,SJK Seinäjoki,games | transfers,False,True,True,False,2014-04-18,2025-07-17,1
23793,SV Wehen U17,SV Wehen U17,transfers,False,True,False,False,2014-07-01,2014-07-01,1
23797,SC Weyhe U17,SC Weyhe U17,transfers,False,True,False,False,2015-07-01,2015-07-01,1
23816,JUTH FC,JUTH FC,transfers,False,True,False,False,2011-07-01,2011-07-01,1
23826,RB Leipzig,Leipzig | RB Leipzig,clubs | games | transfers,True,True,True,False,2013-08-02,2026-06-30,2
23838,Tubarão-SC,Tubarão-SC,transfers,False,True,False,False,2018-01-01,2018-01-01,1
23889,Osnabrück Yth.,Osnabrück Yth.,transfers,False,True,False,False,2011-07-01,2020-07-01,1
23905,Wacker Castrop,Wacker Castrop,transfers,False,True,False,False,2006-07-01,2007-07-01,1
23911,Gandzasar Kapan,Gandzasar | Gandzasar Kapan,games | transfers,False,True,True,False,2012-07-05,2019-01-19,2
23928,CZ Jena U17,CZ Jena U17,transfers,False,True,False,False,2002-07-01,2015-07-01,1
23959,Almancilense,Almancilense,transfers,False,True,False,False,2016-07-01,2018-07-01,1
23994,V. Frölunda U19,V. Frölunda U19,transfers,False,True,False,False,2012-08-01,2012-08-01,1
24000,Audax-RJ U20,Audax-RJ U20,transfers,False,True,False,False,2009-12-02,2011-03-01,1
24020,AC Arles B,AC Arles B,transfers,False,True,False,False,2011-07-01,2012-07-01,1
24026,Hapoel Bnei Lod,Hapoel Bnei Lod,transfers,False,True,False,False,2017-07-02,2019-06-30,1
24029,Ferencváros II,Ferencváros II,transfers,False,True,False,False,2021-07-01,2023-01-01,1
24030,Honvéd II,Honvéd II,transfers,False,True,False,False,2014-01-01,2016-07-01,1
24031,Kazincbarcika,Kazincbarcika,transfers,False,True,False,False,2025-08-07,2025-08-07,1
24032,Mezőkövesd,Mezőkövesd,transfers,False,True,False,False,2017-07-21,2019-07-26,1
24048,Tokyo Verdy U18,Tokyo Verdy U18,transfers,False,True,False,False,2018-02-01,2018-02-01,1
24078,Montana,Montana,transfers,False,True,False,False,2020-09-01,2025-08-28,1
24082,BATE II,BATE II,transfers,False,True,False,False,2003-01-01,2016-08-01,1
24106,,,games,False,False,True,False,2018-08-07,2018-08-07,0
24120,Frontale U18,Frontale U18,transfers,False,True,False,False,2015-02-01,2018-04-01,1
24127,Trinita U18,Trinita U18,transfers,False,True,False,False,2016-02-01,2016-02-01,1
24133,Urawa Reds U18,Urawa Reds U18,transfers,False,True,False,False,2006-04-01,2009-01-30,1
24135,Vissel U18,Vissel U18,transfers,False,True,False,False,2020-02-01,2020-02-01,1
24143,Vanlöse IF U19,Vanlöse IF U19,transfers,False,True,False,False,2013-07-01,2013-07-01,1
24146,W. Bremen U18,W. Bremen U18,transfers,False,True,False,False,2006-07-01,2007-07-01,1
24176,Soligorsk II,Soligorsk II,transfers,False,True,False,False,2013-01-01,2022-06-25,1
24181,AB Taarnby,AB Taarnby,games,False,False,True,False,2016-08-10,2024-08-07,1
24184,,,games,False,False,True,False,2016-08-09,2016-08-09,0
24185,Saedding/Guldager IF,Saedding/Guldager IF,games,False,False,True,False,2016-08-10,2024-09-03,1
24186,Taarnby FF,Taarnby FF,games,False,False,True,False,2015-08-12,2025-08-05,1
24189,B.1973 Herlev,B.1973 Herlev,games,False,False,True,False,2022-08-04,2022-08-04,1
24191,IF Føroyar,IF Føroyar,games,False,False,True,False,2018-08-07,2018-08-07,1
24192,Ringsted IF,Ringsted IF,games,False,False,True,False,2017-08-08,2025-09-23,1
24193,Tuse IF,Tuse IF,games,False,False,True,False,2022-08-04,2022-08-30,1
24197,Rudar Prijedor,Rudar Prijedor,transfers,False,True,False,False,2021-07-01,2026-01-26,1
24198,,,games,False,False,True,False,2017-08-08,2018-08-08,0
24201,Nörresundby FB,Nörresundby FB,games,False,False,True,False,2014-09-23,2025-08-05,1
24212,Birmingham U21,Birmingham U21,transfers,False,True,False,False,2010-10-01,2011-07-01,1
24214,Burnley U21,Burnley U21 | FC Burnley U23,transfers,False,True,False,False,2018-07-01,2025-09-01,2
24215,Istres FC B,Istres FC B,transfers,False,True,False,False,2011-07-01,2014-07-01,1
24218,Stade Laval B,Stade Laval B,transfers,False,True,False,False,2018-07-01,2022-07-01,1
24219,Stoke City U23,Stoke City U23 | Stoke U21,transfers,False,True,False,False,2017-07-01,2023-05-31,2
24226,Wolves U23,Wolves U21 | Wolves U23,transfers,False,True,False,False,2016-07-01,2024-05-31,2
24232,Bo'ness United FC,Bo'ness United | Bo'ness United FC,games | transfers,False,True,True,False,2010-11-01,2025-09-27,2
24245,Ümraniyespor,Ümraniyespor,clubs | games | transfers,True,True,True,False,2011-08-20,2026-06-30,1
24257,Coimbrões,Coimbrões,transfers,False,True,False,False,2023-07-01,2024-07-01,1
24274,Racing U19,Racing U19,transfers,False,True,False,False,2008-01-01,2008-01-01,1
24288,Arsenal-Kyivshchyna Bila Tserkva,Arsenal B. T. | Arsenal-Kyivshchyna Bila Tserkva,games | transfers,False,True,True,False,2010-08-13,2017-07-09,2
24326,Ermis Aradippou,Ermis Aradippou,games | transfers,False,True,True,False,2012-08-31,2021-07-01,1
24349,La Fiorita 1967,La Fiorita 1967,games,False,False,True,False,2012-07-05,2025-07-17,1
24350,SS Cosmos,SS Cosmos,games,False,False,True,False,2023-07-13,2023-07-20,1
24361,Alghero,Alghero,transfers,False,True,False,False,2009-07-01,2010-07-01,1
24366,Feyenoord U21,Feyenoord U21,transfers,False,True,False,False,2018-07-01,2024-07-01,1
24368,Heerenveen U21,H'veen/Emmen II | Heerenveen U21,transfers,False,True,False,False,2006-07-01,2025-08-01,2
24371,TOP Oss U19,TOP Oss U19,transfers,False,True,False,False,2005-07-01,2009-07-01,1
24391,,,games,False,False,True,False,2013-08-28,2013-08-28,0
24394,Standard U21,SL16 FC | Standard U21,transfers,False,True,False,False,2009-07-01,2025-08-07,2
24420,UD Logroñés,UD Logroñés,games | transfers,False,True,True,False,2011-08-01,2025-10-30,1
24432,Inter Youth,Inter Youth,transfers,False,True,False,False,2006-07-01,2025-07-21,1
24434,CD Lagun Onak,CD Lagun Onak,transfers,False,True,False,False,2012-02-01,2012-06-30,1
24445,CD Estepona FS,CD Estepona FS,games | transfers,False,True,True,False,2022-09-02,2025-10-30,1
24463,Nacional U20,Nacional U20,transfers,False,True,False,False,2021-01-01,2023-01-01,1
24501,Baikal Irkutsk,Baikal Irkutsk,games,False,False,True,False,2012-07-11,2015-09-23,1
24522,Tatran P. U19,Tatran P. U19,transfers,False,True,False,False,2013-07-01,2013-07-01,1
24547,Mauerwerk,Karabakh Wien | Mauerwerk,transfers,False,True,False,False,2017-08-01,2018-07-02,2
24574,Gretna FC 2008,Gretna FC 2008,games,False,False,True,False,2014-09-13,2025-10-25,1
24575,HNK Gorica,HNK Gorica,clubs | games | transfers,True,True,True,False,2018-07-13,2026-05-23,1
24718,1.FC Rielasingen-Arlen,1.FC Rielasingen-Arlen,games,False,False,True,False,2017-08-12,2020-09-13,1
24719,Hilal Al-Quds,Hilal Al-Quds,transfers,False,True,False,False,2015-07-01,2019-07-03,1
24762,Solothurn II,Solothurn II,transfers,False,True,False,False,1998-07-01,2002-07-01,1
24766,Fujieda H. HS,Fujieda H. HS,transfers,False,True,False,False,2002-02-01,2002-02-01,1
24767,Vera Cruz,Vera Cruz,transfers,False,True,False,False,2013-01-01,2023-01-01,1
24773,Anagennisi Epanomis,Anagennisi Epanomis,games,False,False,True,False,2012-10-24,2012-10-24,1
24791,Unión Club Ceares,Unión Club Ceares,games,False,False,True,False,2021-11-30,2021-11-30,1
24794,Chiclana CF,Chiclana CF,games,False,False,True,False,2023-10-11,2024-11-05,1
24811,Alleröd FK U19,Alleröd FK U19,transfers,False,True,False,False,2003-10-01,2017-01-01,1
24832,Víkingur Gøta,Víkingur Gøta,games,False,False,True,False,2012-07-03,2025-08-14,1
24839,Dragör Boldklub,Dragör Boldklub,games,False,False,True,False,2022-08-04,2023-08-08,1
24850,Sanjoanense U19,Sanjoanense U19,transfers,False,True,False,False,2015-07-01,2018-07-01,1
24898,Renate,AC Renate | Renate,games | transfers,False,True,True,False,2011-07-01,2024-07-12,2
24938,FC Djursland,FC Djursland,games,False,False,True,False,2013-09-25,2020-09-01,1
24939,NK Dob,NK Dob,transfers,False,True,False,False,2018-07-25,2019-06-30,1
24974,Yednist Plysky (-2018),Yednist Plysky (-2018),games,False,False,True,False,2012-07-25,2014-08-06,1
24981,Erani Filiatron,Erani Filiatron,games,False,False,True,False,2024-09-01,2024-09-08,1
24994,Merelinense,Merelinense,transfers,False,True,False,False,2007-07-01,2023-07-01,1
24996,Pandramaikos AO,Pandramaikos AO,games,False,False,True,False,2019-08-24,2021-09-12,1
24997,Arapongas-PR,Arapongas-PR,transfers,False,True,False,False,2012-02-01,2012-04-01,1
25003,Club Brugge Yth,Club Brugge Yth,transfers,False,True,False,False,2009-07-01,2021-07-01,1
25005,Anderlecht Yth.,Anderlecht Yth.,transfers,False,True,False,False,2003-07-01,2023-07-01,1
25014,CF América U19,CF América U19,transfers,False,True,False,False,2014-01-01,2016-07-01,1
25016,HB Köge U19,HB Köge U19,transfers,False,True,False,False,2009-07-01,2020-08-01,1
25029,Radnik Sesvete,Radnik Sesvete,transfers,False,True,False,False,2011-08-12,2013-06-30,1
25039,Shortwood United,Shortwood United,games,False,False,True,False,2013-11-11,2013-11-11,1
25088,Banja Luka U19,Banja Luka U19,transfers,False,True,False,False,2020-02-14,2020-02-14,1
25091,OFK Olimpik U19,OFK Olimpik U19,transfers,False,True,False,False,2013-07-24,2013-07-24,1
25092,Prijedor U19,Prijedor U19,transfers,False,True,False,False,2015-02-24,2015-02-24,1
25095,Zr. Mostar U19,Zr. Mostar U19,transfers,False,True,False,False,2014-02-25,2021-02-25,1
25096,S. Brijeg U19,S. Brijeg U19,transfers,False,True,False,False,2012-07-01,2017-07-01,1
25108,Greve IF II,Greve IF II,transfers,False,True,False,False,2014-07-01,2015-07-01,1
25109,Greve IF U19,Greve IF U19,transfers,False,True,False,False,2014-07-01,2021-07-01,1
25116,Fluminense-BA,Fluminense-BA,transfers,False,True,False,False,2015-06-01,2015-08-27,1
25119,Bramming Boldklub,Bramming Boldklub,games,False,False,True,False,2025-08-05,2025-09-02,1
25136,Wimbledon U18,Wimbledon U18,transfers,False,True,False,False,2014-07-01,2019-07-01,1
25184,Club Atlético Barracas Central,Club Atlético Barracas Central,clubs | games,True,False,True,False,2025-01-24,2026-05-02,1
25193,Chacarita II,Chacarita II,transfers,False,True,False,False,2012-09-17,2014-07-01,1
25209,Aparecidense,Aparecidense,transfers,False,True,False,False,2024-04-19,2024-07-18,1
25213,Guarani-SC,Guarani-SC,transfers,False,True,False,False,2016-02-29,2024-06-30,1
25230,Bayrampasa,Bayrampasa,transfers,False,True,False,False,2014-01-21,2022-01-07,1
25232,Haverfordwest County,Haverfordwest County,games,False,False,True,False,2023-07-13,2025-07-17,1
25235,UE Sants,UE Sants,transfers,False,True,False,False,2020-07-01,2022-07-01,1
25243,Anápolis,Anápolis,transfers,False,True,False,False,2018-01-01,2024-01-29,1
25245,NK Ponikve,NK Ponikve,transfers,False,True,False,False,2002-08-30,2002-08-30,1
25246,NK Tresnjevka,NK Tresnjevka,transfers,False,True,False,False,2011-09-02,2012-08-17,1
25251,Moderate Stars,Moderate Stars,transfers,False,True,False,False,2012-07-01,2014-08-05,1
25253,Tepecik Spor,Tepecik Spor,transfers,False,True,False,False,2021-09-08,2023-06-30,1
25258,Busaiteen Club,Busaiteen Club,transfers,False,True,False,False,2024-01-27,2024-01-27,1
25259,Deportivo Yth.,Deportivo Yth.,transfers,False,True,False,False,2014-07-01,2022-08-11,1
25260,Málaga CF Youth,Málaga CF Youth,transfers,False,True,False,False,2011-08-01,2020-07-01,1
25261,Sporting Yth.,Sporting Yth.,transfers,False,True,False,False,2010-07-01,2019-07-01,1
25264,Levante UD Yout,Levante UD Yout,transfers,False,True,False,False,2002-07-01,2004-07-01,1
25336,Mannheim Yth.,Mannheim Yth.,transfers,False,True,False,False,2018-07-01,2022-07-01,1
25347,CA Unión II,CA Unión II,transfers,False,True,False,False,2016-01-01,2022-08-23,1
25358,Defensa II,Defensa II,transfers,False,True,False,False,2019-07-01,2022-01-01,1
25373,Platense II,Platense II,transfers,False,True,False,False,2019-01-01,2019-01-01,1
25377,Arandina CF,Arandina | Arandina CF,games | transfers,False,True,True,False,2015-09-02,2024-01-06,2
25379,CD Laudio,CD Laudio,games,False,False,True,False,2012-08-29,2013-10-16,1
25380,Deportivo Lara,Deportivo Lara,transfers,False,True,False,False,2014-07-01,2015-08-13,1
25417,Girvan FC,Girvan FC,games,False,False,True,False,2012-08-25,2024-09-28,1
25418,Glasgow University FC,Glasgow University FC,games,False,False,True,False,2012-08-25,2025-09-26,1
25425,Golspie Sutherland FC,Golspie Sutherland FC,games,False,False,True,False,2012-08-25,2025-08-30,1
25442,Banks O' Dee FC,Banks O' Dee FC,games,False,False,True,False,2014-09-13,2025-11-29,1
25462,Jove Español,Jove Español | Jove Español San Vicente,games | transfers,False,True,True,False,2013-07-01,2024-11-21,2
25467,Philadelphia Union,Philadelphia | Philadelphia Union,clubs | games | transfers,True,True,True,False,2015-02-09,2026-05-25,2
25483,Covadonga,CD Covadonga | Covadonga,games | transfers,False,True,True,False,2020-09-09,2023-11-01,2
25490,AE Kalabakiou,AE Kalabakiou,games,False,False,True,False,2018-08-26,2022-08-31,1
25495,Kolding Boldklub,Kolding BK | Kolding Boldklub,games | transfers,False,True,True,False,2013-08-28,2025-09-17,2
25516,Nexö Boldklub Bornholm,Nexö Boldklub Bornholm,games,False,False,True,False,2016-08-30,2025-08-02,1
25539,Aucas U20,Aucas U20,transfers,False,True,False,False,2021-01-01,2023-07-01,1
25545,AS Rom Youth,AS Rom Youth,transfers,False,True,False,False,2005-07-01,2023-07-01,1
25553,CD América,CD América,transfers,False,True,False,False,2016-03-15,2021-03-01,1
25558,Primavera,Primavera,transfers,False,True,False,False,2019-04-01,2022-02-08,1
25576,Mushuc Runa SC,Mushuc Runa SC,transfers,False,True,False,False,2022-07-02,2024-07-19,1
25580,Melbourne City FC,Melbourne City | Melbourne City FC,clubs | games | transfers,True,True,True,False,2018-09-14,2026-04-26,2
25621,UD Roteña,UD Roteña,transfers,False,True,False,False,2005-07-01,2007-07-01,1
25625,RCD Mallorca Yo,RCD Mallorca Yo,transfers,False,True,False,False,2015-07-01,2022-07-01,1
25628,Lech Rypin,Lech Rypin,transfers,False,True,False,False,2014-01-04,2014-01-04,1
25639,Hyères FC,Hyères FC,transfers,False,True,False,False,2019-02-01,2019-07-01,1
25643,MLS Pool,MLS Pool,transfers,False,True,False,False,2023-03-09,2023-07-01,1
25648,Bärnbach,Bärnbach,transfers,False,True,False,False,2009-04-03,2010-07-01,1
25657,Aomori Yama. HS,Aomori Yama. HS,transfers,False,True,False,False,2022-02-01,2022-02-01,1
25667,Ventforet U18,Ventforet U18,transfers,False,True,False,False,2013-07-01,2013-07-01,1
25670,CARA,CARA,transfers,False,True,False,False,2019-01-01,2020-07-01,1
25671,Monte Azul,Monte Azul,transfers,False,True,False,False,2014-08-01,2019-07-01,1
25679,Alicante U19,Alicante U19,transfers,False,True,False,False,2007-07-01,2010-07-01,1
25698,Gualaceo SC,Gualaceo SC,transfers,False,True,False,False,2023-01-10,2023-08-10,1
25745,Needham Market,Needham Market | Needham Market FC,games | transfers,False,True,True,False,2013-07-01,2022-11-05,2
25746,Takigawa HS,Takigawa HS,transfers,False,True,False,False,2005-02-01,2005-02-01,1
25765,Matsumoto Yama.,Matsumoto Yama.,transfers,False,True,False,False,2019-09-09,2020-10-11,1
25781,Toluca U20,Toluca U20,transfers,False,True,False,False,2012-07-01,2014-07-01,1
25804,Parma FC Youth,Parma FC Youth,transfers,False,True,False,False,2012-08-01,2015-08-01,1
25811,Moura,Moura,transfers,False,True,False,False,2020-07-01,2021-01-01,1
25817,Cova Piedade,CD Cova Piedade | Cova Piedade,games | transfers,False,True,True,False,2016-07-31,2021-07-01,2
25819,Quarteirense,Quarteirense,transfers,False,True,False,False,2014-07-01,2015-01-01,1
25823,Santa Maria,Santa Maria,transfers,False,True,False,False,2018-11-05,2019-07-01,1
25828,AC Milan Youth,AC Milan Youth,transfers,False,True,False,False,2011-07-01,2022-07-01,1
25881,Academie FAF,Academie FAF,transfers,False,True,False,False,2019-07-01,2022-07-05,1
25890,GPA,GPA,transfers,False,True,False,False,2013-07-08,2021-08-01,1
25891,Gamtel FC,Gamtel FC,transfers,False,True,False,False,2014-07-01,2014-07-01,1
25903,ASC Yeggo,ASC Yeggo,transfers,False,True,False,False,2006-07-01,2006-07-01,1
25916,Anorthosis U19,Anorthosis U19 | Anorthosis U21,transfers,False,True,False,False,2016-12-08,2020-07-01,2
25952,Norte América,Norte América,transfers,False,True,False,False,2013-04-20,2015-02-10,1
25953,CSNA U20,CSNA U20,transfers,False,True,False,False,2021-01-01,2021-01-01,1
25958,Vinotinto FC,Vinotinto FC,transfers,False,True,False,False,2025-02-15,2025-06-30,1
25987,Veensche Boys,Veensche Boys,games,False,False,True,False,2023-08-12,2023-08-12,1
26007,Olímpic Xàtiva,Olímpic Xàtiva,games | transfers,False,True,True,False,2013-09-11,2017-08-30,1
26016,Sportlust '46 Woerden,Sportlust '46 Woerden,games,False,False,True,False,2014-08-27,2025-12-18,1
26029,Lokomotiva U19,Lokomotiva U19,transfers,False,True,False,False,2016-07-01,2023-07-01,1
26039,Ardeer Thistle,Ardeer Thistle,transfers,False,True,False,False,2015-07-01,2015-07-01,1
26045,,,games,False,False,True,False,2024-09-28,2025-09-27,0
26046,Rutherglen Glencairn FC,Rutherglen Glencairn FC,games,False,False,True,False,2022-08-27,2024-09-28,1
26054,Panachaiki U19,Panachaiki U19,transfers,False,True,False,False,2013-07-01,2013-07-01,1
26069,Al-Qadsiah Saudi Football Club,Al-Qadsiah | Al-Qadsiah Saudi Football Club,clubs | games | transfers,True,True,True,False,2023-07-12,2026-05-21,2
26091,Al-Duhail SC,Al-Duhail SC,games | transfers,False,True,True,False,2021-02-04,2026-06-30,1
26103,Limón FC,Limón FC,transfers,False,True,False,False,2019-07-01,2021-08-20,1
26117,Ipswich U21,Ipswich U21,transfers,False,True,False,False,2025-02-03,2025-02-03,1
26122,Banbury United,Banbury United,games,False,False,True,False,2020-11-07,2021-11-06,1
26123,Diagoras U19,Diagoras U19,transfers,False,True,False,False,2008-07-01,2008-07-01,1
26124,Panetolikos U19,Panetolikos U19 | Panetolikos U20,transfers,False,True,False,False,2008-07-01,2023-07-01,2
26132,UE Llagostera,Llagostera | UE Costa Brava | UE Llagostera,games | transfers,False,True,True,False,2012-08-29,2022-07-19,3
26136,Broughty AFC,Broughty AFC,transfers,False,True,False,False,2024-02-09,2024-05-31,1
26138,East Craigie FC,East Craigie FC,transfers,False,True,False,False,2021-08-13,2022-05-31,1
26141,St. Andrews United FC,St Andrews Utd | St. Andrews United FC,games | transfers,False,True,True,False,2010-08-01,2024-08-31,2
26142,Blackburn United FC,Blackburn United FC,games,False,False,True,False,2020-12-12,2022-08-27,1
26144,Dunbar United FC,Dunbar United FC,games,False,False,True,False,2021-08-28,2025-08-30,1
26145,Haddington Athletic FC,Haddington Athletic FC,games,False,False,True,False,2020-12-12,2025-08-30,1
26147,Jeanfield Swifts FC,Jeanfield Swifts FC,games,False,False,True,False,2019-09-07,2025-09-27,1
26151,Luncarty FC,Luncarty FC,games | transfers,False,True,True,False,2022-07-25,2023-11-04,1
26154,Tranent FC,Tranent FC,games | transfers,False,True,True,False,2020-12-12,2025-12-10,1
26160,RNK Split U19,RNK Split U19,transfers,False,True,False,False,2009-08-21,2011-07-01,1
26184,FC Saint-Lô,FC Saint-Lô,transfers,False,True,False,False,2015-07-01,2016-07-01,1
26205,Brisbane U21,Brisbane U21,transfers,False,True,False,False,2019-07-01,2019-07-01,1
26206,CCM Academy,CCM Academy,transfers,False,True,False,False,2019-01-30,2019-01-30,1
26251,Caratese,Caratese,transfers,False,True,False,False,2025-10-03,2026-01-08,1
26319,Loja CD,Loja CD,games,False,False,True,False,2012-08-29,2012-08-29,1
26326,UE Engordany,UE Engordany,games,False,False,True,False,2018-06-28,2020-08-18,1
26337,Cosenza U19,Cosenza U19,transfers,False,True,False,False,2022-08-01,2023-07-29,1
26349,Apejes FC,Apejes FC,transfers,False,True,False,False,2020-10-07,2020-10-07,1
26351,Khor Fakkan,Khor Fakkan,transfers,False,True,False,False,2021-09-26,2025-10-02,1
26353,CD Huétor Tájar,CD Huétor Tájar,games | transfers,False,True,True,False,2022-11-12,2025-09-01,1
26370,ProVercelli U19,ProVercelli U19,transfers,False,True,False,False,2011-07-01,2012-07-01,1
26395,UD Tomares,UD Tomares,games,False,False,True,False,2020-11-11,2020-12-15,1
26397,Fakel-M,Fakel-M,transfers,False,True,False,False,2012-01-01,2022-07-01,1
26411,Poole Town,Poole Town,transfers,False,True,False,False,2023-11-02,2023-11-16,1
26444,SV Hemelingen,SV Hemelingen,games,False,False,True,False,2025-08-16,2025-08-16,1
26459,NK Veres Rivne,NK Veres Rivne | Veres Rivne,clubs | games | transfers,True,True,True,False,2015-07-22,2026-05-24,2
26461,Dyn. Khmeln.,Dyn. Khmeln. | Dynamo Khmelnytskyi (-2013),games | transfers,False,True,True,False,2010-07-01,2013-08-07,2
26462,Botev Vratsa,Botev Vratsa,transfers,False,True,False,False,2022-08-31,2025-07-16,1
26488,SV Oss '20,OSS '20 | SV Oss '20,games | transfers,False,True,True,False,2013-07-01,2023-08-12,2
26493,Guaraní U20,Guaraní U20,transfers,False,True,False,False,2020-01-01,2020-01-01,1
26507,Kastrup BK,Kastrup BK,games,False,False,True,False,2017-08-08,2025-08-05,1
26549,Kremin U17,Kremin U17,transfers,False,True,False,False,2009-07-01,2009-07-01,1
26561,St. Kickers U17,St. Kickers U17,transfers,False,True,False,False,2016-07-01,2017-07-01,1
26563,Hebar P.,Hebar P.,transfers,False,True,False,False,2022-07-01,2026-02-08,1
26567,Anzhi II,Anzhi II,transfers,False,True,False,False,2014-01-01,2014-07-01,1
26592,AS Lattes,AS Lattes,transfers,False,True,False,False,2011-07-01,2011-07-01,1
26594,Aubervilliers,Aubervilliers,transfers,False,True,False,False,2005-07-01,2005-07-01,1
26598,Trélissac FC,Trélissac FC,transfers,False,True,False,False,2015-07-01,2018-07-01,1
26615,Oriental U19,Oriental U19,transfers,False,True,False,False,2018-07-01,2022-07-01,1
26618,AER Afantou,AER Afantou,games,False,False,True,False,2022-08-31,2024-09-11,1
26619,Odysseas Kordeliou,Odysseas Kordeliou,games,False,False,True,False,2012-10-24,2012-10-30,1
26621,RB Leipzig U19,RB Leipzig U19,transfers,False,True,False,False,2014-01-19,2025-07-01,1
26624,PFK Lviv U17,PFC Lviv U17 | PFK Lviv U17,transfers,False,True,False,False,2012-07-01,2022-09-02,2
26625,Langon FC,Langon FC,transfers,False,True,False,False,2003-07-01,2004-07-01,1
26626,Obolon Kyiv U17,Obolon Kyiv U17,transfers,False,True,False,False,2010-07-01,2010-07-01,1
26629,Al-Markhiya SC,Al-Markhiya SC,transfers,False,True,False,False,2023-02-16,2026-06-30,1
26641,Tytan Armyansk,Tytan Armyansk | Tytan Armyansk (- 2014),games | transfers,False,True,True,False,2012-08-22,2014-07-31,2
26713,Dibba Al-Hisn,Dibba Al-Hisn,transfers,False,True,False,False,2024-07-04,2025-02-12,1
26720,Rushall,Rushall | Rushall Olympic,games | transfers,False,True,True,False,2024-02-02,2024-11-02,2
26726,Krystal Kherson,Krystal Kherson,games | transfers,False,True,True,False,2010-01-01,2021-08-18,1
26730,Al-Mesaimeer,Al-Mesaimeer,transfers,False,True,False,False,2022-08-19,2024-07-24,1
26731,São José-SP,São José-SP,transfers,False,True,False,False,2025-01-02,2025-03-10,1
26740,C.R.D. Libolo,C.R.D. Libolo,transfers,False,True,False,False,2012-01-01,2022-06-30,1
26761,,,games,False,False,True,False,2019-08-07,2020-09-02,0
26789,Pro Vercelli,FC Pro Vercelli 1892 | Pro Vercelli,games | transfers,False,True,True,False,2012-08-11,2025-08-15,2
26790,Pro Vercelli Yo,Pro Vercelli Yo,transfers,False,True,False,False,2011-07-01,2011-07-01,1
26837,SV Morlautern,SV Morlautern,games,False,False,True,False,2017-08-13,2017-08-13,1
26854,Asteras Magoulas,Ast. Magoulas | Asteras Magoulas,games | transfers,False,True,True,False,2012-10-24,2015-08-11,2
26860,SC Caronnese,SC Caronnese,games,False,False,True,False,2016-07-31,2016-07-31,1
26863,Le Puy Foot,Le Puy Foot,transfers,False,True,False,False,2021-08-31,2025-07-01,1
26871,US Avranches,US Avranches,transfers,False,True,False,False,2016-07-01,2017-06-30,1
26883,Sestri Levante,Sestri Levante | USD Sestri Levante 1919,games | transfers,False,True,True,False,2015-08-02,2025-01-08,2
26888,AS FAN,AS FAN,transfers,False,True,False,False,2017-07-01,2018-07-01,1
26899,Bidvest Wits J.,Bidvest Wits J.,transfers,False,True,False,False,2013-02-08,2013-07-01,1
26920,M. P. Tikva U19,M. P. Tikva U19,transfers,False,True,False,False,2019-07-01,2019-07-01,1
26927,ASC Saloum,ASC Saloum,transfers,False,True,False,False,2009-07-01,2009-07-01,1
26928,LFK Lokomotiv 2,LFK Lokomotiv 2,transfers,False,True,False,False,2016-01-01,2017-07-01,1
26937,FC Skanderborg,FC Skanderborg,games,False,False,True,False,2018-08-07,2025-09-02,1
26955,Olginatese,Olginatese | USD Olginatese,games | transfers,False,True,True,False,2013-07-01,2014-08-10,2
26957,SV Rödinghausen,SV Rödinghausen,games | transfers,False,True,True,False,2018-08-18,2024-06-30,1
26973,AO Glyfadas,AO Glyfadas,games | transfers,False,True,True,False,2012-10-25,2015-01-14,1
26985,NK Bravo,NK Bravo,games | transfers,False,True,True,False,2020-02-14,2026-06-30,1
27011,US Lesquin,US Lesquin,transfers,False,True,False,False,2009-07-01,2010-07-01,1
27018,Novara U19,Novara U19,transfers,False,True,False,False,2017-08-24,2021-08-28,1
27045,Maldon & Tiptree FC,Maldon & Tiptree FC,games,False,False,True,False,2019-11-10,2025-11-02,1
27061,Dinamo U19,Dinamo U19,transfers,False,True,False,False,2015-01-15,2016-09-22,1
27084,KS Besa U19,KS Besa U19,transfers,False,True,False,False,2007-07-01,2007-07-01,1
27085,Pont. Katerini,Pont. Katerini,transfers,False,True,False,False,2011-07-01,2012-01-01,1
27088,HV & CV Quick Den Haag,HV & CV Quick Den Haag | Quick,games | transfers,False,True,True,False,2019-08-17,2024-09-24,2
27101,ES La Rochelle,ES La Rochelle,transfers,False,True,False,False,2013-07-01,2013-07-01,1
27103,SV Venray,SV Venray,games,False,False,True,False,2020-08-30,2020-08-30,1
27113,FK Tomori Berat,FK Tomori Berat,transfers,False,True,False,False,2021-07-01,2022-08-01,1
27114,KF Egnatia,KF Egnatia,games | transfers,False,True,True,False,2012-01-31,2025-08-14,1
27116,FK Kukësi,FK Kukësi,games | transfers,False,True,True,False,2013-07-04,2020-09-18,1
27118,FK Jelgava,FK Jelgava | Jelgava,games | transfers,False,True,True,False,2014-07-03,2019-02-22,2
27143,Tekirova Bld,Tekirova Bld,transfers,False,True,False,False,2011-08-04,2012-07-20,1
27165,Dunaújváros,Dunaújváros,transfers,False,True,False,False,2014-07-24,2015-07-09,1
27190,SH Port,SH Port,transfers,False,True,False,False,2025-01-26,2026-02-02,1
27214,Operário-PR,Operário-PR,transfers,False,True,False,False,2010-01-01,2025-12-31,1
27221,Al-Fateh Club,Al-Fateh | Al-Fateh Club,clubs | games | transfers,True,True,True,False,2016-07-18,2026-05-21,2
27227,Lokomotyv Kyiv,Lokomotyv Kyiv,games | transfers,False,True,True,False,2003-07-01,2026-03-05,1
27238,FK Slutsk,FK Slutsk,transfers,False,True,False,False,2014-03-27,2018-01-25,1
27244,Trindade,Trindade,transfers,False,True,False,False,2018-01-01,2018-01-01,1
27288,Pelotas,Pelotas,transfers,False,True,False,False,2021-02-19,2021-04-30,1
27323,Coimbra,Coimbra,transfers,False,True,False,False,2011-08-08,2021-06-04,1
27349,ASD Chieri Calcio,ASD Chieri Calcio,games,False,False,True,False,2012-08-04,2018-07-29,1
27350,Chieri G.,Chieri G.,transfers,False,True,False,False,2020-01-17,2020-01-17,1
27354,Entella U19,Entella U19,transfers,False,True,False,False,2015-09-16,2023-07-01,1
27411,Almada U19,Almada U19,transfers,False,True,False,False,2011-07-01,2012-07-01,1
27448,CD Roda,CD Roda,games,False,False,True,False,2025-10-28,2025-10-28,1
27462,Este,AC Este 1920 | Este,games | transfers,False,True,True,False,2007-07-01,2014-06-30,2
27473,Flamengo-SP,Flamengo-SP,transfers,False,True,False,False,2013-02-01,2023-07-20,1
27475,Penapolense,Penapolense,transfers,False,True,False,False,2013-01-01,2015-01-30,1
27478,Montebelluna G.,Montebelluna G.,transfers,False,True,False,False,2017-07-01,2018-07-01,1
27490,C'Chartres,C'Chartres,transfers,False,True,False,False,2022-07-01,2023-01-17,1
27520,Fortis Juventus,Fortis Juventus,transfers,False,True,False,False,2011-01-01,2011-01-01,1
27525,Santarcangelo Calcio,Santarcangelo Calcio,games,False,False,True,False,2014-08-10,2014-08-10,1
27531,Carpi U19,Carpi U19,transfers,False,True,False,False,2017-01-01,2017-08-31,1
27533,Castellarano J.,Castellarano J.,transfers,False,True,False,False,2011-07-01,2011-07-01,1
27561,US Adriese 1906,US Adriese 1906,games,False,False,True,False,2019-08-04,2019-08-04,1
27563,B. a Buggiano,B. a Buggiano,transfers,False,True,False,False,2011-07-12,2012-06-30,1
27579,Viterbese Y.,Viterbese Y.,transfers,False,True,False,False,2005-07-01,2005-07-01,1
27603,Kirklarelispor,Kirklarelispor,transfers,False,True,False,False,2019-01-30,2026-01-30,1
27627,T. Akcaabat,T. Akcaabat | T. Akcaabat FK,transfers,False,True,False,False,2013-08-26,2015-01-21,2
27642,Águia de Marabá,Águia de Marabá,transfers,False,True,False,False,2021-01-01,2021-07-21,1
27657,FC Francavilla 1931,FC Francavilla 1931,games,False,False,True,False,2016-07-31,2016-07-31,1
27681,Casertana Youth,Casertana Youth,transfers,False,True,False,False,2016-07-13,2016-07-13,1
27738,Herstedoster IC,Herstedoster IC,games,False,False,True,False,2019-08-06,2021-08-10,1
27774,Cork City FC,Cork City | Cork City FC,games | transfers,False,True,True,False,2015-07-02,2025-06-30,2
27778,River Plate U19,River Plate U19,transfers,False,True,False,False,2012-01-01,2019-01-01,1
27786,Wanderers U19,Wanderers U19,transfers,False,True,False,False,2011-07-01,2019-01-30,1
27804,Taquaritinga-SP,Taquaritinga-SP,transfers,False,True,False,False,2023-01-01,2025-02-15,1
27824,Klaipeda,Klaipeda,transfers,False,True,False,False,2010-01-01,2010-06-30,1
27832,Brasília,Brasília,transfers,False,True,False,False,2016-01-25,2018-05-17,1
27843,Bala Town,Bala Town,games,False,False,True,False,2013-07-02,2024-07-18,1
27908,Podgorica U19,Podgorica U19,transfers,False,True,False,False,2020-07-01,2020-07-01,1
27921,La Serena U20,La Serena U20,transfers,False,True,False,False,2016-01-01,2016-01-01,1
27922,Española U20,Española U20 | Española U21,transfers,False,True,False,False,2009-07-01,2017-07-01,2
27932,MITOS Novocherkassk (-2016),MITOS | MITOS Novocherkassk (-2016),games | transfers,False,True,True,False,2012-07-11,2015-07-15,2
27999,Lausanne U18,Lausanne U18 | Team Vaud U18,transfers,False,True,False,False,2022-07-01,2023-07-01,2
28014,UD Poblense,UD Poblense,games | transfers,False,True,True,False,2018-09-05,2025-10-29,1
28022,Cuiabá-MT,Cuiabá-MT,transfers,False,True,False,False,2018-01-05,2025-12-31,1
28026,Nacional Patos,Nacional Patos,transfers,False,True,False,False,2017-08-01,2018-04-06,1
28052,América-MG U20,América-MG U20,transfers,False,True,False,False,2016-01-01,2022-09-22,1
28053,América-MG U17,América-MG U17,transfers,False,True,False,False,2007-01-01,2009-01-01,1
28080,KamAZ II,KamAZ II,transfers,False,True,False,False,2008-08-01,2008-08-01,1
28082,FC Ballkani,FC Ballkani,games | transfers,False,True,True,False,2018-07-01,2025-08-14,1
28084,Irtysh Omsk,Irtysh Omsk,transfers,False,True,False,False,2017-04-07,2017-04-07,1
28085,Ural II,Ural II,transfers,False,True,False,False,2013-08-08,2023-07-01,1
28095,FK Ufa,FK Ufa | Ufa,clubs | games | transfers,True,True,True,False,2012-09-02,2025-10-30,2
28097,Dinamo Kostroma (-2022),Dinamo Kostroma (-2022),games,False,False,True,False,2013-07-10,2017-07-24,1
28098,FC Kaluga,FC Kaluga | FK Kaluga,games | transfers,False,True,True,False,2012-07-11,2026-06-30,2
28103,Augsburg Yth.,Augsburg Yth.,transfers,False,True,False,False,2004-07-01,2019-07-01,1
28107,KSK Lierse Kem.,KSK Lierse Kem. | Lierse SK,transfers,False,True,False,False,2020-07-01,2026-06-30,2
28171,Orlando City SC,Orlando City SC,transfers,False,True,False,False,2013-04-04,2013-08-01,1
28175,Klitmöller IF,Klitmöller IF,games,False,False,True,False,2022-08-02,2022-09-04,1
28178,Akzhayik,Akzhayik,transfers,False,True,False,False,2018-01-21,2019-02-23,1
28324,Bukovyna U17,Bukovyna U17,transfers,False,True,False,False,2004-07-01,2019-04-08,1
28374,Aduana Stars,Aduana Stars,transfers,False,True,False,False,2017-07-01,2018-09-17,1
28378,Koninklijke HFC Haarlem,Koninklijke HFC | Koninklijke HFC Haarlem,games | transfers,False,True,True,False,2015-08-26,2025-10-29,2
28433,Völsungur ÍF,Völsungur ÍF,transfers,False,True,False,False,2016-12-06,2017-09-02,1
28440,Magdeburg U17,Magdeburg U17,transfers,False,True,False,False,2014-07-01,2021-07-01,1
28456,Akad Chertanovo,Akad Chertanovo,transfers,False,True,False,False,2012-07-31,2022-07-01,1
28457,East Kilbride FC,East Kilbride | East Kilbride FC,games | transfers,False,True,True,False,2014-09-13,2026-05-31,2
28476,KF Vushtrria,KF Vushtrria,transfers,False,True,False,False,2018-01-05,2022-01-27,1
28488,PSTC-PR,PSTC-PR,transfers,False,True,False,False,2003-01-01,2020-09-07,1
28500,Tynecastle Colts,Tynecastle Colts,transfers,False,True,False,False,2019-07-01,2019-07-01,1
28549,Augnablik,Augnablik,transfers,False,True,False,False,2007-07-26,2007-10-16,1
28578,Diambars FC,Diambars FC,transfers,False,True,False,False,2011-07-01,2017-07-31,1
28596,SILON Taborsko,MAS Taborsko | SILON Taborsko,transfers,False,True,False,False,2022-04-06,2022-07-01,2
28597,Al-Batin,Al-Batin,transfers,False,True,False,False,2023-01-19,2025-09-11,1
28621,Cascavel-PR,Cascavel-PR,transfers,False,True,False,False,2019-12-16,2020-10-02,1
28633,UE Santa Coloma,UE Santa Coloma,games,False,False,True,False,2012-07-05,2024-08-29,1
28643,SK Beveren,SK Beveren | Waasland-Beveren,clubs | games | transfers,True,True,True,False,2012-07-28,2026-06-30,2
28707,AD Bahia-BA,AD Bahia-BA,transfers,False,True,False,False,2021-06-04,2021-09-01,1
28740,Džiugas,Džiugas,transfers,False,True,False,False,2025-07-01,2025-07-01,1
28760,SK Austria Klagenfurt,A. Klagenfurt | SK Austria Klagenfurt,clubs | games | transfers,True,True,True,False,2018-07-01,2025-05-23,2
28787,NK Kamen,NK Kamen,transfers,False,True,False,False,2012-08-24,2013-08-02,1
28801,UKS SMS U19,UKS SMS U19,transfers,False,True,False,False,2020-08-01,2020-08-01,1
28804,,,games,False,False,True,False,2018-08-18,2018-08-18,0
28844,Al-Taawoun Football Club,Al-Taawoun | Al-Taawoun Football Club,clubs | games | transfers,True,True,True,False,2017-07-01,2026-05-21,2
28848,Al-Faisaly,Al-Faisaly,transfers,False,True,False,False,2017-01-13,2023-06-30,1
28854,Listrup UIF,Listrup UIF,games,False,False,True,False,2017-08-08,2025-08-05,1
28858,VV Dongen,VV Dongen,games,False,False,True,False,2016-08-24,2022-10-20,1
28860,Bilbao U19,Bilbao U19,transfers,False,True,False,False,2008-07-01,2023-07-01,1
28861,Osasuna U19,Osasuna U19,transfers,False,True,False,False,2004-07-01,2023-07-01,1
28862,CD Tenerife You,CD Tenerife You,transfers,False,True,False,False,2013-07-01,2013-07-01,1
28863,Tenerife U19,Tenerife U19,transfers,False,True,False,False,2013-07-01,2014-07-01,1
28866,Getafe U19,Getafe U19,transfers,False,True,False,False,2011-07-01,2026-01-01,1
28867,Sevilla FC U19,Sevilla FC U19,transfers,False,True,False,False,2001-07-01,2024-07-01,1
28868,Villarreal U19,Villarreal U19,transfers,False,True,False,False,2009-07-01,2023-07-01,1
28869,Racing U19,Racing U19,transfers,False,True,False,False,2004-07-01,2019-07-31,1
28870,Real Madrid U19,Real Madrid U19,transfers,False,True,False,False,2004-07-01,2023-07-01,1
28871,Zaragoza Juv. A,Zaragoza Juv. A,transfers,False,True,False,False,2013-07-01,2014-07-01,1
28873,Almería U19,Almería U19,transfers,False,True,False,False,2010-07-01,2023-07-01,1
28874,Udinese Youth,Udinese Youth,transfers,False,True,False,False,2017-07-01,2021-07-01,1
28887,Chojniczanka,Chojniczanka,transfers,False,True,False,False,2017-08-31,2018-06-30,1
28893,Puszcza Niepolomice,Puszcza Niepolomice,clubs | games,True,False,True,False,2024-07-19,2025-05-24,1
28931,Daugavpils,BFC Daugavpils | Daugavpils,games | transfers,False,True,True,False,2019-03-16,2025-07-17,2
28936,FK Spartaks Jurmala,FK Spartaks Jurmala | Spartaks,games | transfers,False,True,True,False,2015-07-02,2018-08-16,2
28937,Tukums,Tukums,transfers,False,True,False,False,2020-03-09,2020-07-03,1
28954,Ballerup Skovlunde Fodbold,Ballerup Skovlunde Fodbold,games,False,False,True,False,2017-08-29,2023-08-08,1
28956,AEL Kalloni,AEL Kalloni,clubs | games | transfers,True,True,True,False,2010-07-01,2016-12-15,1
28958,FC Lusitanos,FC Lusitanos,games,False,False,True,False,2012-07-03,2016-07-07,1
28971,Kolkheti Poti,Kolkheti Poti | Kolkheti-1913,transfers,False,True,False,False,2014-01-19,2025-12-31,2
28990,Bijelo Brdo,Bijelo Brdo,transfers,False,True,False,False,2019-09-13,2023-07-01,1
28998,Sevastopol II,Sevastopol II,transfers,False,True,False,False,2013-07-01,2014-07-01,1
29019,Hungerford,Hungerford,transfers,False,True,False,False,2022-02-16,2022-05-31,1
29053,SC Gjilani,SC Gjilani,games,False,False,True,False,2020-08-21,2023-07-20,1
29095,Extremadura,Extremadura | Extremadura UD,games | transfers,False,True,True,False,2013-09-04,2021-12-01,2
29107,St. Pauli Yth.,St. Pauli Yth.,transfers,False,True,False,False,2011-07-01,2021-07-01,1
29108,Ferencváros Yth,Ferencváros Yth,transfers,False,True,False,False,2015-08-27,2020-07-01,1
29109,Girnyk-Sport,Girnyk-Sport | Girnyk-Sport Gorishni Plavni,games | transfers,False,True,True,False,2012-07-01,2025-09-24,2
29160,Prestatyn Town,Prestatyn Town,games,False,False,True,False,2013-07-04,2013-07-25,1
29170,AS Beauvais B,AS Beauvais B,transfers,False,True,False,False,2011-07-01,2011-07-01,1
29176,FC Augsburg U17,FC Augsburg U17,transfers,False,True,False,False,2007-07-01,2017-07-01,1
29183,Ravensburg Yth.,Ravensburg Yth.,transfers,False,True,False,False,2001-07-01,2017-07-01,1
29198,Trival Valderas Alcorcón,Trival Valderas Alcorcón,games,False,False,True,False,2014-09-03,2014-09-03,1
29201,HZVV Hoogeveen,HZVV Hoogeveen,games,False,False,True,False,2025-09-02,2025-09-23,1
29206,Akhisarspor U21,Akhisarspor U21,transfers,False,True,False,False,2017-10-05,2018-11-09,1
29224,Vestri,Vestri,transfers,False,True,False,False,2024-04-26,2024-12-31,1
29228,Royal Excel Mouscron (-2022),Mouscron | RRC Péruwelz | Royal Excel Mouscron (-2022),clubs | games | transfers,True,True,True,False,2006-07-01,2022-08-12,3
29251,Virtus Verona,Virtus Verona,transfers,False,True,False,False,2014-08-01,2021-06-30,1
29270,Atlético Mancha Real,Atlético Mancha Real,games,False,False,True,False,2016-08-31,2022-01-06,1
29271,CD Tudelano,CD Tudelano,games | transfers,False,True,True,False,2013-09-11,2025-08-30,1
29281,Skala Stryi,Skala Morshyn | Skala Stryi,games | transfers,False,True,True,False,2010-04-01,2018-01-01,2
29287,Montrose U20,Montrose U20,transfers,False,True,False,False,2020-07-01,2022-07-01,1
29325,Wilhelmina '08,Wilhelmina '08,games,False,False,True,False,2013-09-26,2013-10-30,1
29342,Siena Jgd.,Siena Jgd.,transfers,False,True,False,False,2011-07-01,2011-07-01,1
29343,SSC Bari Yth.,SSC Bari Yth.,transfers,False,True,False,False,2014-07-01,2020-09-28,1
29344,Atalanta Youth,Atalanta Youth,transfers,False,True,False,False,2011-07-01,2024-07-01,1
29345,Brescia Youth,Brescia Youth,transfers,False,True,False,False,2011-07-01,2013-07-01,1
29348,Bologna Youth,Bologna Youth,transfers,False,True,False,False,2016-01-01,2022-06-01,1
29349,Genoa CFC Youth,Genoa CFC Youth,transfers,False,True,False,False,2015-07-01,2021-07-01,1
29351,Torino FC Youth,Torino FC Youth,transfers,False,True,False,False,2010-07-01,2021-07-01,1
29354,UC Sampdoria Yo,Sampdoria Yth | UC Sampdoria Yo,transfers,False,True,False,False,2018-08-07,2019-07-01,2
29356,Lecce Giovanili,Lecce Giovanili,transfers,False,True,False,False,2020-09-01,2020-09-01,1
29359,RKSV HVCH,RKSV HVCH,games,False,False,True,False,2023-08-12,2023-09-20,1
29383,,,games,False,False,True,False,2016-08-10,2018-08-08,0
29384,Bolbro G&IF,Bolbro G&IF,games,False,False,True,False,2021-08-05,2021-08-05,1
29386,Döllefjelde-Musse IF,Döllefjelde-Musse IF,games,False,False,True,False,2016-09-07,2021-08-04,1
29387,Egen UI,Egen UI,games,False,False,True,False,2017-08-08,2023-08-15,1
29390,Grindsted GIF,Grindsted GIF,games,False,False,True,False,2020-09-02,2020-10-07,1
29391,IF Lyseng,IF Lyseng,games,False,False,True,False,2015-09-01,2025-10-29,1
29393,Østre Boldklub,Østre Boldklub,games,False,False,True,False,2024-08-06,2024-08-06,1
29394,,,games,False,False,True,False,2018-08-08,2018-08-08,0
29397,AO Giouchtas,AO Giouchtas,games | transfers,False,True,True,False,2021-08-29,2024-06-30,1
29440,AS Livorno Yout,AS Livorno Yout,transfers,False,True,False,False,2016-07-01,2017-07-01,1
29443,Ascoli Yth.,Ascoli Yth.,transfers,False,True,False,False,2020-09-01,2021-06-30,1
29445,Benevento Yth.,Benevento Yth.,transfers,False,True,False,False,2019-08-28,2019-08-28,1
29447,Cittadella Youth,Cittadella Youth,transfers,False,True,False,False,2018-07-01,2018-07-01,1
29448,Cosenza Yth.,Cosenza Yth.,transfers,False,True,False,False,2019-07-01,2019-07-01,1
29450,FC Südtirol - A,FC Südtirol - A,transfers,False,True,False,False,2021-07-01,2021-07-01,1
29453,Frosinone Yth.,Frosinone Yth.,transfers,False,True,False,False,2015-07-01,2020-09-01,1
29457,Modena Youth,Modena Youth,transfers,False,True,False,False,2016-07-01,2016-07-01,1
29462,Salernitana You,Salernitana You,transfers,False,True,False,False,2005-07-01,2021-07-01,1
29463,Sorrento Youth,Sorrento Youth,transfers,False,True,False,False,1994-07-01,2000-01-03,1
29465,Spezia Youth,Spezia Youth,transfers,False,True,False,False,2013-02-01,2021-10-01,1
29468,US Sassuolo You,US Sassuolo You,transfers,False,True,False,False,2018-07-01,2021-07-01,1
29471,Vicenza Yth.,Vicenza Yth.,transfers,False,True,False,False,2015-07-01,2020-09-01,1
29476,RSV Eintracht 1949,RSV Eintracht 1949,games,False,False,True,False,2025-08-17,2025-08-17,1
29484,H. Umm al-Fahm,H. Umm al-Fahm,transfers,False,True,False,False,2023-09-20,2024-01-19,1
29487,TFC Academy,TFC Academy,transfers,False,True,False,False,2018-09-01,2018-09-01,1
29490,Albalonga Calcio,Albalonga Calcio,games,False,False,True,False,2018-07-29,2018-07-29,1
29501,Aimoré,Aimoré,transfers,False,True,False,False,2017-01-01,2021-07-02,1
29512,Chatham Town,Chatham Town,games,False,False,True,False,2025-11-01,2025-11-01,1
29516,RW Erfurt Yth.,RW Erfurt Yth.,transfers,False,True,False,False,2008-07-01,2008-07-01,1
29551,Wisla Sand.,Wisla Sand.,transfers,False,True,False,False,2019-07-01,2020-08-23,1
29566,All Boys II,All Boys II,transfers,False,True,False,False,2014-07-01,2014-07-01,1
29573,Cultural Durango,Cultural Durango | SCD Durango,games | transfers,False,True,True,False,2017-07-01,2020-07-13,2
29638,BSC Hastedt,BSC Hastedt,games,False,False,True,False,2018-08-19,2018-08-19,1
29657,Cupar Hearts AFC,Cupar Hearts AFC,games,False,False,True,False,2023-09-02,2024-09-28,1
29700,AFC Unirea 04 Slobozia,AFC Unirea 04 Slobozia,clubs | games,True,False,True,False,2024-07-12,2026-03-08,1
29709,D. Dresden Yth.,D. Dresden Yth.,transfers,False,True,False,False,2000-07-01,2021-07-01,1
29733,SD Leioa,SD Leioa,games | transfers,False,True,True,False,2014-09-03,2021-12-02,1
29739,CD Getxo,CD Getxo,games,False,False,True,False,2025-09-27,2025-10-30,1
29750,Dep. Miranda,Dep. Miranda,transfers,False,True,False,False,2014-07-01,2014-07-01,1
29757,Vipers SC,Vipers SC,transfers,False,True,False,False,2016-01-21,2016-07-01,1
29791,Pobla de Mafumet CF,Pobla de Mafumet CF,transfers,False,True,False,False,2010-07-01,2024-01-01,1
29793,Cardiff U21,Cardiff U21,transfers,False,True,False,False,2021-07-01,2024-05-31,1
29808,Tilykratis Lefkadas,Tilykratis | Tilykratis Lefkadas,games | transfers,False,True,True,False,2012-10-24,2024-08-31,2
29814,Deggendorf Yth.,Deggendorf Yth.,transfers,False,True,False,False,2014-07-01,2014-07-01,1
29815,S. Kickers Yth.,S. Kickers Yth.,transfers,False,True,False,False,2011-07-01,2016-07-01,1
29817,Ikonomos Tsaritsanis,Ikonomos Tsaritsanis,games,False,False,True,False,2012-10-25,2018-09-05,1
29824,Kansas Academy,Kansas Academy,transfers,False,True,False,False,2016-07-01,2017-08-25,1
29826,Ph. Union Acad.,Ph. Union Acad.,transfers,False,True,False,False,2016-06-30,2018-01-01,1
29831,FCV Farul Constanta,FC Viitorul | FCV Farul | FCV Farul Constanta,clubs | games | transfers,True,True,True,False,2016-07-28,2026-03-06,3
29842,Concord Rangers,Concord Rangers,games | transfers,False,True,True,False,2014-11-18,2020-11-07,1
29914,Energiya Nova Kakhovka,Energiya NK | Energiya Nova Kakhovka,games | transfers,False,True,True,False,2012-08-22,2021-08-18,2
29955,SC Ideal,SC Ideal,transfers,False,True,False,False,2016-07-01,2019-02-01,1
29962,Iraklis Psachnon,Iraklis Psachnon,games,False,False,True,False,2012-10-24,2015-01-08,1
29988,SV Atlas Delmenhorst,SV Atlas Delmenhorst,games,False,False,True,False,2019-08-10,2025-08-17,1
29990,West Brom U21,West Brom U21 | West Brom U23,transfers,False,True,False,False,2012-07-01,2022-07-01,2
30006,1.CfR Pforzheim,1.CfR Pforzheim,games,False,False,True,False,2018-08-18,2018-08-18,1
30023,MOSiR Jastrzebie Zdroj U19,MOSiR Jastrzebie Zdroj U19,transfers,False,True,False,False,2012-07-01,2012-07-01,1
30029,Concordia Yth.,Concordia Yth.,transfers,False,True,False,False,2019-07-01,2019-07-01,1
30031,Génération Foot,Génération Foot,transfers,False,True,False,False,2019-02-28,2023-02-10,1
30037,FK Celik Niksic,FK Celik Niksic,games,False,False,True,False,2012-07-05,2014-07-10,1
30038,Mitre (SdE),Mitre (SdE),transfers,False,True,False,False,2016-01-01,2024-01-30,1
30046,Hearts FC U17,Hearts FC U17,transfers,False,True,False,False,2006-07-01,2018-07-01,1
30048,KF Adriatiku,KF Adriatiku,transfers,False,True,False,False,2016-09-22,2017-08-31,1
30062,Ness Ziona,Ness Ziona,transfers,False,True,False,False,2019-07-01,2023-01-26,1
30066,Legnago,Legnago,transfers,False,True,False,False,2020-10-01,2024-06-30,1
30111,Oaxaca,Oaxaca,transfers,False,True,False,False,2021-01-01,2022-07-01,1
30114,SK Herd,SK Herd,transfers,False,True,False,False,2017-11-13,2019-01-08,1
30117,Metal. Academy,Metal. Academy,transfers,False,True,False,False,2010-01-01,2010-06-30,1
30120,Athlitiki Enosi Kifisias,AE Kifisias | Athlitiki Enosi Kifisias,clubs | games | transfers,True,True,True,False,2018-07-01,2026-03-22,2
30127,Biggleswade Town,Biggleswade Town,games,False,False,True,False,2013-11-09,2013-11-09,1
30137,Smena Minsk,Smena Minsk,transfers,False,True,False,False,2003-01-01,2003-01-01,1
30143,DYuSSh Kolomyag,DYuSSh Kolomyag,transfers,False,True,False,False,2010-01-01,2015-07-01,1
30200,Fréjus-St-Raph.,Fréjus-St-Raph.,transfers,False,True,False,False,2011-07-01,2012-07-12,1
30204,FC Annecy,FC Annecy,transfers,False,True,False,False,2020-09-23,2026-01-30,1
30205,ASD Città di Marino,ASD Città di Marino,games,False,False,True,False,2012-08-05,2012-08-05,1
30207,FC Vaulx-en-Vel,FC Vaulx-en-Vel,transfers,False,True,False,False,2001-09-15,2019-07-01,1
30208,Gafanha,Gafanha,transfers,False,True,False,False,2014-07-01,2016-07-01,1
30240,AS Géménos,AS Géménos,transfers,False,True,False,False,2018-07-07,2018-07-07,1
30252,FC Renens,FC Renens,transfers,False,True,False,False,2017-07-01,2018-01-01,1
30294,Bustelo,Bustelo,transfers,False,True,False,False,2016-01-01,2016-07-01,1
30326,Gelbison,Gelbison,games,False,False,True,False,2020-09-23,2020-09-23,1
30433,FCI Tallinn,FC Infonet | FCI Tallinn,games | transfers,False,True,True,False,2012-01-01,2018-01-01,2
30443,GOAL FC,GOAL FC,transfers,False,True,False,False,2024-07-01,2024-07-01,1
30481,CD Llosetense,CD Llosetense,transfers,False,True,False,False,2015-08-01,2016-06-30,1
30483,United Zürich,United Zürich,transfers,False,True,False,False,2017-01-01,2018-02-12,1
30484,AB Argir,AB Argir,transfers,False,True,False,False,2025-07-17,2025-07-17,1
30512,Mrkonjic,Mrkonjic,transfers,False,True,False,False,2018-02-11,2018-06-20,1
30513,GC Mascara,GC Mascara,transfers,False,True,False,False,2020-09-01,2022-02-27,1
30545,Gryf Wejherowo,Gryf Wejherowo,transfers,False,True,False,False,2018-01-21,2018-06-30,1
30606,Othellos Athien,Othellos Athien,transfers,False,True,False,False,2023-09-01,2024-01-28,1
30613,Kisvárda,Kisvárda | Kisvárda FC,games | transfers,False,True,True,False,2015-07-27,2023-07-01,2
30642,Sangonera,Sangonera,transfers,False,True,False,False,2009-07-01,2010-07-01,1
30685,CS Constantine,CS Constantine,transfers,False,True,False,False,2019-01-10,2026-01-31,1
30686,FC Milsami Orhei,FC Milsami Orhei | Milsami,games | transfers,False,True,True,False,2012-07-19,2025-08-14,2
30696,UD Socuéllamos,Socuéllamos | UD Socuéllamos,games | transfers,False,True,True,False,2010-01-02,2021-01-06,2
30697,Podillya Khmelnytskyi,Podillya | Podillya Khmelnytskyi,games | transfers,False,True,True,False,2016-07-20,2026-02-13,2
30698,Girnyk Kryvyi Rig,Girnyk KR | Girnyk Kryvyi Rig,games | transfers,False,True,True,False,2008-01-01,2020-08-01,2
30742,Minija,Minija,transfers,False,True,False,False,2022-08-03,2023-01-01,1
30775,FC Tulln Youth,FC Tulln Youth,transfers,False,True,False,False,2004-07-25,2006-11-09,1
30806,Aberdeen FC U17,Aberdeen FC U17,transfers,False,True,False,False,2004-07-01,2017-07-01,1
30808,Saalfelden Jgd.,Saalfelden Jgd.,transfers,False,True,False,False,2004-07-19,2004-07-19,1
30810,Fortuna 05 Yth.,Fortuna 05 Yth.,transfers,False,True,False,False,2004-03-04,2004-03-04,1
30816,Wr. Neustadt Jgd,Wr. Neustadt Jgd,transfers,False,True,False,False,2008-07-01,2016-01-01,1
30835,Volga NN II,Volga NN II,transfers,False,True,False,False,2008-01-01,2015-07-01,1
30856,Nevėžis,Nevėžis,transfers,False,True,False,False,2025-07-20,2025-07-20,1
30857,Anderlecht U21,Anderlecht U21 | RSCA Futures,transfers,False,True,False,False,2006-07-01,2025-07-01,2
30859,KAS Eupen U19,KAS Eupen U19,transfers,False,True,False,False,2018-07-01,2018-07-01,1
30863,CA Pulpileño,CA Pulpileño,games,False,False,True,False,2020-12-15,2021-12-02,1
30870,Békéscsaba U19,Békéscsaba U19,transfers,False,True,False,False,2011-01-01,2011-08-26,1
30892,US Feurs,US Feurs,transfers,False,True,False,False,2019-07-01,2020-08-05,1
30919,Union Birkfeld Youth,Union Birkfeld Youth,transfers,False,True,False,False,2006-07-01,2006-07-01,1
30925,Gwangju Football Club,Gwangju Football Club,clubs | games,True,False,True,False,2025-02-15,2026-07-05,1
30929,Paradou AC,Paradou AC,transfers,False,True,False,False,2020-08-01,2022-07-22,1
30954,Polissya,Polissya,transfers,False,True,False,False,2005-01-01,2005-01-01,1
30956,AZSV Aalten,AZSV Aalten,games,False,False,True,False,2016-08-24,2016-08-24,1
30969,FC Vilafranca,FC Vilafranca,transfers,False,True,False,False,2017-01-28,2020-01-18,1
30974,Wieczysta,Wieczysta,transfers,False,True,False,False,2025-07-01,2025-08-20,1
30987,W. Innsbruck J.,W. Innsbruck J.,transfers,False,True,False,False,2011-03-30,2018-07-01,1
30989,Krasnodar U17,Akad. Krasnodar | Krasnodar U17,transfers,False,True,False,False,2012-07-01,2025-01-01,2
30990,Orenburg II,Orenburg II,transfers,False,True,False,False,2024-05-06,2025-01-01,1
31007,Yelimay,Yelimay,transfers,False,True,False,False,2024-01-01,2024-07-22,1
31008,Al-Riyadh Saudi Club,Al-Riyadh | Al-Riyadh Saudi Club,clubs | games | transfers,True,True,True,False,2023-07-21,2026-05-21,2
31010,Akritas Chlor.,Akritas Chlor.,transfers,False,True,False,False,2022-07-12,2025-08-15,1
31025,Celtic U17,Celtic U17,transfers,False,True,False,False,2005-07-01,2020-07-01,1
31026,Dundee Utd U17,Dundee Utd U17,transfers,False,True,False,False,2012-07-01,2014-07-01,1
31027,Falkirk FC U17,Falkirk FC U17,transfers,False,True,False,False,2005-07-01,2014-07-01,1
31029,Rangers FC U17,Rangers FC U17,transfers,False,True,False,False,2006-07-01,2021-07-01,1
31030,Hamilton A. U17,Hamilton A. U17,transfers,False,True,False,False,2005-07-01,2013-07-01,1
31031,Hibernian FC U17,Hibernian FC U17,transfers,False,True,False,False,2005-07-01,2017-01-25,1
31032,Inverness U17,Inverness U17,transfers,False,True,False,False,2018-07-01,2018-07-01,1
31033,Kilmarnock FC U17,Kilmarnock FC U17,transfers,False,True,False,False,2010-07-01,2024-07-01,1
31034,Livingston FC U17,Livingston FC U17,transfers,False,True,False,False,2006-07-01,2006-07-01,1
31035,Motherwell FC U17,Motherwell FC U17,transfers,False,True,False,False,2015-07-01,2015-07-01,1
31036,St. Mirren FC U17,St. Mirren FC U17,transfers,False,True,False,False,2010-07-01,2021-07-01,1
31037,St. Johnstone FC U17,St. Johnstone FC U17,transfers,False,True,False,False,2010-07-01,2017-07-01,1
31082,Zhemchuzhyna Yalta (- 2014),Zhemchuzhyna Yalta (- 2014),games,False,False,True,False,2012-07-25,2012-09-23,1
31098,Olimpik K,Olimpik K,transfers,False,True,False,False,2017-07-01,2019-09-01,1
31130,Newtown AFC,Newtown AFC,games,False,False,True,False,2015-07-02,2022-07-28,1
31134,Ramat haSharon,Ramat haSharon,transfers,False,True,False,False,2015-08-01,2016-01-01,1
31178,Pelikan Lowicz U19,Pelikan Lowicz U19,transfers,False,True,False,False,2006-01-01,2006-01-01,1
31199,UFK Kharkiv,UFK Kharkiv,transfers,False,True,False,False,2002-06-01,2014-08-01,1
31205,Ol. Donetsk U17,Ol. Donetsk U17,transfers,False,True,False,False,2007-07-01,2010-01-01,1
31216,AGMK Olmaliq,AGMK Olmaliq,transfers,False,True,False,False,2016-02-01,2016-07-12,1
31255,SS Akragas Città dei Templi,SS Akragas Città dei Templi,games,False,False,True,False,2014-08-10,2014-08-10,1
31276,Sfintul Gheor.,FK Sfîntul Gheorghe Suruceni (- 2023) | Sfintul Gheor.,games | transfers,False,True,True,False,2018-07-08,2022-07-14,2
31277,FC Costuleni,FC Costuleni,transfers,False,True,False,False,2013-07-01,2014-07-01,1
31283,Chippa United,Chippa United,transfers,False,True,False,False,2024-07-07,2025-06-30,1
31284,Club Atlético Central Córdoba,Central Córdoba | Club Atlético Central Córdoba,clubs | games | transfers,True,True,True,False,2020-08-08,2026-05-02,2
31297,SKF Sered,SKF Sered,transfers,False,True,False,False,2020-09-09,2021-01-25,1
31304,Sageata Navodar,Sageata Navodar,transfers,False,True,False,False,2014-01-15,2015-03-01,1
31367,Chester,Chester | Chester FC,games | transfers,False,True,True,False,2013-10-31,2025-11-01,2
31409,Jonava,Jonava,transfers,False,True,False,False,2017-07-22,2023-01-01,1
31465,América TO-MG,América TO-MG,transfers,False,True,False,False,2017-01-01,2017-06-30,1
31487,USM Alger U21,USM Alger U21,transfers,False,True,False,False,2017-07-01,2024-02-20,1
31489,USM Blida U21,USM Blida U21,transfers,False,True,False,False,2019-07-01,2019-07-01,1
31506,Atl. Madrid U19,Atl. Madrid U19,transfers,False,True,False,False,2007-07-01,2023-07-01,1
31555,Dinamo II,Dinamo II,transfers,False,True,False,False,2011-07-01,2012-01-01,1
31559,Metallurgist II,Metallurgist II,transfers,False,True,False,False,2011-07-01,2011-07-01,1
31560,Sioni II,Sioni II,transfers,False,True,False,False,2011-01-01,2011-06-30,1
31565,Oleksandriya II,Oleksandriya II,transfers,False,True,False,False,2011-07-05,2021-07-01,1
31601,Santutxu,Santutxu,transfers,False,True,False,False,2020-07-01,2021-07-01,1
31606,Shakhtar U17,Shakhtar U17,transfers,False,True,False,False,2002-06-01,2022-08-23,1
31607,UFK Lviv,UFK Lviv,transfers,False,True,False,False,2002-07-01,2022-11-28,1
31612,ES Sahel U21,ES Sahel U21,transfers,False,True,False,False,2015-01-01,2016-07-01,1
31614,Ludogorets Razgrad,Ludogorets | Ludogorets Razgrad,games | transfers,False,True,True,False,2012-07-18,2026-02-26,2
31619,Aias Gastounis,Aias Gastounis,games,False,False,True,False,2021-08-29,2021-08-29,1
31622,Suwon FC,Suwon FC,clubs | games,True,False,True,False,2025-02-15,2025-11-30,1
31623,Academy Mawade Wade,Academy Mawade Wade,transfers,False,True,False,False,2014-01-01,2014-01-01,1
31624,Sacré-Cœur,Sacré Cœur | Sacré-Cœur,transfers,False,True,False,False,2015-10-14,2017-07-01,2
31625,ASPIRE FD,ASPIRE FD,transfers,False,True,False,False,2017-07-01,2020-01-30,1
31626,CNEPS Excel.,CNEPS Excel.,transfers,False,True,False,False,2021-08-05,2021-08-05,1
31637,Alanyaspor U21,Alanyaspor U21,transfers,False,True,False,False,2017-07-01,2019-07-01,1
31650,Göztepe U21,Göztepe U21,transfers,False,True,False,False,2013-03-04,2019-08-21,1
31675,Vitebsk II,Vitebsk II,transfers,False,True,False,False,2013-01-01,2013-01-01,1
31681,Oleksandria U19,Oleksandria U19,transfers,False,True,False,False,2015-07-30,2024-08-09,1
31775,Syngenta,Syngenta | Syngenta FC,games | transfers,False,True,True,False,2007-07-01,2022-09-16,2
31787,Kepez Spor,Kepez Belediye | Kepez Spor,transfers,False,True,False,False,2011-08-26,2025-06-30,2
31788,Sancaktepe Bld,Sancaktepe Bld | Sancaktepe FK,transfers,False,True,False,False,2010-08-02,2021-01-11,2
31829,Prialit Reutov,Prialit Reutov,transfers,False,True,False,False,2022-01-01,2022-01-01,1
31843,Lajeadense,Lajeadense,transfers,False,True,False,False,2015-01-01,2020-10-05,1
31867,USK Anif II,USK Anif II,transfers,False,True,False,False,2013-07-01,2014-08-08,1
31872,Termoli,Termoli | Termoli Calcio 1920,games | transfers,False,True,True,False,2013-08-04,2024-07-17,2
31923,RVUFK Kyiv,OFKIP Kyiv | RVUFK Kyiv,transfers,False,True,False,False,2006-05-01,2022-08-01,2
31924,F. Marcet,F. Marcet,transfers,False,True,False,False,2021-07-01,2021-07-01,1
31946,Zhemchuzhina II,Zhemchuzhina II,transfers,False,True,False,False,2009-08-01,2011-01-01,1
31948,Ivoire Academie,Ivoire Academie,transfers,False,True,False,False,2014-01-01,2014-01-01,1
31958,Itapirense-SP,Itapirense-SP,transfers,False,True,False,False,2021-09-01,2022-01-14,1
31986,América-PE,América-PE,transfers,False,True,False,False,2019-02-08,2019-03-29,1
32017,FC Dila Gori,FC Dila | FC Dila Gori,games | transfers,False,True,True,False,2012-07-01,2025-07-31,2
32036,Avangard K.,Avangard K. | Avangard Kramatorsk | FK Kramatorsk,games | transfers,False,True,True,False,2011-07-01,2022-09-02,3
32041,Fortaleza CEIF,Fortaleza CEIF,clubs | games | transfers,True,True,True,False,2019-07-01,2025-11-14,1
32057,Adriatic Split,Adriatic Split,transfers,False,True,False,False,2012-02-17,2012-02-17,1
32078,Al-Akhdar SC,Al-Akhdar SC,transfers,False,True,False,False,2022-08-14,2023-08-02,1
32099,Zlatibor,Zlatibor,transfers,False,True,False,False,2016-07-01,2021-01-19,1
32111,Dobanovci,Dobanovci,transfers,False,True,False,False,2021-07-01,2022-08-15,1
32113,FK IMT Belgrad,FK IMT Belgrad | IMT Belgrad,clubs | games | transfers,True,True,True,False,2017-08-06,2026-04-08,2
32125,Mosta FC,Mosta FC,games,False,False,True,False,2021-07-06,2021-07-15,1
32129,Balzan FC,Balzan FC,games,False,False,True,False,2015-06-30,2023-08-01,1
32142,FSV Frankf. Jgd,FSV Frankf. Jgd,transfers,False,True,False,False,2014-07-01,2016-07-01,1
32166,Krystal U17,Krystal U17,transfers,False,True,False,False,2017-01-01,2017-01-01,1
32218,FK Piter,FK Piter | FK Piter St. Petersburg (-2013),games | transfers,False,True,True,False,2010-01-01,2012-07-30,2
32223,Nat. Assembly,Nat. Assembly,transfers,False,True,False,False,2013-01-01,2013-01-01,1
32259,Gresley,Gresley,transfers,False,True,False,False,2011-10-01,2013-07-01,1
32265,Ringmahon,Ringmahon,transfers,False,True,False,False,2020-01-01,2020-01-01,1
32282,BSC YB U16,BSC YB U16,transfers,False,True,False,False,2014-07-01,2014-07-01,1
32314,Komarno,Komarno,transfers,False,True,False,False,2022-01-25,2022-07-01,1
32328,Al-Najma Sport Club,Al-Najma | Al-Najma Sport Club,clubs | games | transfers,True,True,True,False,2024-01-16,2026-05-20,2
32338,FC Zürich U16,FC Zürich U16,transfers,False,True,False,False,2013-07-01,2014-07-01,1
32339,GC Zürich U16,GC Zürich U16,transfers,False,True,False,False,2012-07-01,2013-07-01,1
32352,Mokra Gora ZP,Mokra Gora ZP,transfers,False,True,False,False,2016-07-01,2016-07-01,1
32364,Curaçao,Curaçao,games,False,False,True,False,2026-06-14,2026-06-25,1
32469,AO Dimitra,AO Dimitra,transfers,False,True,False,False,2021-07-01,2021-07-01,1
32480,Istra 1961 U19,Istra 1961 U19,transfers,False,True,False,False,2016-07-21,2017-08-04,1
32498,Hillwood BC,Hillwood BC,transfers,False,True,False,False,2010-07-01,2010-07-01,1
32521,Siegendorf Jgd,Siegendorf Jgd,transfers,False,True,False,False,2007-07-20,2007-07-20,1
32532,Conquista-BA,Conquista-BA,transfers,False,True,False,False,2021-02-26,2022-06-20,1
32534,FVC Leeuwarden,FVC Leeuwarden,games,False,False,True,False,2014-08-27,2014-08-27,1
32548,Yakutia Yakutsk (-2017),Yakutia Yakutsk (-2017),games,False,False,True,False,2012-07-11,2015-07-26,1
32580,Fulham Youth,Fulham Youth,transfers,False,True,False,False,2013-07-01,2020-07-01,1
32630,WFC Academy,WFC Academy,transfers,False,True,False,False,2022-02-01,2022-03-04,1
32636,Coventry U21,Coventry U21,transfers,False,True,False,False,2021-07-01,2023-07-01,1
32640,Zulawy,Zulawy,transfers,False,True,False,False,2012-02-01,2012-02-01,1
32669,Ypiranga-BA,Ypiranga-BA,transfers,False,True,False,False,2018-03-10,2018-03-28,1
32679,Nove Zhyttya Andriivka,Nove Zhyttya Andriivka,games,False,False,True,False,2013-07-24,2013-07-24,1
32684,Zbroj. Brno U17,Zbroj. Brno U17,transfers,False,True,False,False,2017-08-20,2018-07-01,1
32685,Ostrava U17,Ostrava U17,transfers,False,True,False,False,2021-07-01,2021-07-01,1
32687,Olomouc U17,Olomouc U17,transfers,False,True,False,False,2018-07-01,2019-07-01,1
32699,Tricordiano-MG,Tricordiano-MG,transfers,False,True,False,False,2017-01-01,2017-07-01,1
32713,SV Deltasport Vlaardingen,SV Deltasport Vlaardingen,games,False,False,True,False,2014-08-27,2014-10-28,1
32721,Academia Hagi,Academia Hagi,transfers,False,True,False,False,2018-07-01,2020-06-30,1
32755,Ethnikos Gazoros,Ethnikos Gazoros | PS Serres,games | transfers,False,True,True,False,2012-10-25,2016-01-01,2
32762,AC Amiens,AC Amiens,transfers,False,True,False,False,2013-07-09,2016-07-01,1
32768,Gzira United FC,Gzira United FC,games,False,False,True,False,2018-06-26,2023-08-17,1
32790,ADO Youth,ADO Youth,transfers,False,True,False,False,2003-07-01,2021-07-01,1
32791,Ajax Youth,Ajax Youth,transfers,False,True,False,False,1998-07-01,2021-07-01,1
32793,AZ Alkmaar Yth.,AZ Alkmaar Yout | AZ Alkmaar Yth.,transfers,False,True,False,False,2004-07-01,2022-07-01,2
32794,Graafschap Yth.,Graafschap Yth.,transfers,False,True,False,False,2014-07-01,2016-07-01,1
32795,Groningen Youth,Groningen Youth,transfers,False,True,False,False,2015-07-01,2022-07-01,1
32796,FC Twente Youth,FC Twente Youth,transfers,False,True,False,False,2008-07-01,2022-07-01,1
32797,Utrecht Youth,Utrecht Youth,transfers,False,True,False,False,2009-01-01,2021-07-01,1
32798,Feyenoord Youth,Feyenoord Youth,transfers,False,True,False,False,2005-07-01,2020-07-01,1
32799,NAC Breda Youth,NAC Breda Youth,transfers,False,True,False,False,2012-07-01,2019-07-01,1
32800,NEC Youth,NEC Youth,transfers,False,True,False,False,2007-07-01,2020-01-01,1
32801,PSV Youth,PSV Youth | PSV Yth.,transfers,False,True,False,False,2001-07-01,2023-07-01,2
32802,Roda JC Kerkrade,Roda JC Kerkrade,transfers,False,True,False,False,2005-07-01,2005-07-01,1
32803,Heerenveen Yth,Heerenveen Yth,transfers,False,True,False,False,2004-07-01,2019-07-01,1
32804,Sparta Youth,Sparta Youth,transfers,False,True,False,False,1996-07-01,2022-07-01,1
32805,Vitesse Youth,Vit./AGOVV Jgd. | Vitesse Youth,transfers,False,True,False,False,2003-07-01,2021-07-01,2
32806,VVV/Helm. Youth,VVV-Venlo Youth | VVV/Helm. Youth,transfers,False,True,False,False,2012-07-01,2018-07-01,2
32807,Willem II Youth,Willem II Youth,transfers,False,True,False,False,2015-07-01,2023-07-01,1
32832,FK Trakai,FK Trakai | Trakai,games | transfers,False,True,True,False,2015-07-02,2020-09-17,2
32840,Inter Allies,Inter Allies,transfers,False,True,False,False,2013-01-20,2013-01-20,1
32942,RB Leipzig U17,RB Leipzig U17,transfers,False,True,False,False,2014-07-01,2023-07-01,1
32982,Smolevichi,Smolevichi,transfers,False,True,False,False,2020-03-28,2020-06-30,1
32989,E. Trier Yth.,E. Trier Yth.,transfers,False,True,False,False,2011-07-01,2011-07-01,1
33000,FC 's-Gravenzande,FC 's-Gravenzande,games,False,False,True,False,2018-08-21,2024-09-04,1
33034,U'haching U17,U'haching U17,transfers,False,True,False,False,2018-07-01,2022-07-01,1
33037,Kolkheti II,Kolkheti II,transfers,False,True,False,False,2023-01-01,2024-01-01,1
33047,VfB Lübeck U17,VfB Lübeck U17,transfers,False,True,False,False,2012-07-01,2013-07-01,1
33050,Jacuipense-BA,Jacuipense-BA,transfers,False,True,False,False,2018-01-01,2021-05-14,1
33057,Chornomorets-2,Chornomorets-2,transfers,False,True,False,False,2011-07-01,2025-07-01,1
33065,Eendr. Termien,Eendr. Termien,transfers,False,True,False,False,2024-07-01,2024-07-01,1
33139,VV Zwaluwen Vlaardingen,VV Zwaluwen Vlaardingen,games,False,False,True,False,2017-09-19,2025-09-02,1
33141,FK Kalush,FC Kalush | FK Kalush,games | transfers,False,True,True,False,2018-04-06,2020-07-31,2
33153,Thiersee Jgd,Thiersee Jgd,transfers,False,True,False,False,2014-07-01,2014-07-01,1
33168,Cova Pied. U19,Cova Pied. U19,transfers,False,True,False,False,2008-07-01,2017-07-01,1
33179,Cherkaskyi Dnipro,Cherk. Dnipro | Cherkashchyna | Cherkaskyi Dnipro | Slavutych,games | transfers,False,True,True,False,2011-07-01,2020-08-26,4
33188,Unterrath Yth.,Unterrath Yth.,transfers,False,True,False,False,2012-07-01,2012-07-01,1
33206,FC Llapi,FC Llapi | KF Llapi,games | transfers,False,True,True,False,2018-06-18,2024-08-01,2
33209,FK Odessa,FK Odessa,games | transfers,False,True,True,False,2012-01-01,2013-07-01,1
33226,Foz do Iguaçu,Foz do Iguaçu,transfers,False,True,False,False,2016-01-01,2017-12-31,1
33243,FShM U17,FShM U17,transfers,False,True,False,False,2013-03-01,2021-02-25,1
33244,FShM Moskau,FShM Moskau,games,False,False,True,False,2022-08-18,2023-08-02,1
33247,Vardar SC,Vardar SC,transfers,False,True,False,False,2011-07-26,2011-07-26,1
33285,LA Galaxy II,LA Galaxy II,transfers,False,True,False,False,2015-08-07,2022-08-22,1
33303,SD Logroñés,SD Logroñés,games | transfers,False,True,True,False,2012-08-29,2025-10-28,1
33304,DL Pro,DL Pro,transfers,False,True,False,False,2020-09-18,2022-01-07,1
33306,Gimnástica Segoviana CF,Gimnástica Segoviana CF,games,False,False,True,False,2017-08-30,2024-10-30,1
33313,Galícia-BA,Galícia-BA,transfers,False,True,False,False,2014-01-01,2014-05-01,1
33324,Vejle-Kolding,Vejle Boldklub Kolding | Vejle-Kolding,games | transfers,False,True,True,False,2011-07-01,2013-07-01,2
33328,FK Radnik Surdulica,FK Radnik Surdulica | Radnik,clubs | games | transfers,True,True,True,False,2016-01-22,2026-04-09,2
33330,Juliana '31,Juliana '31,games,False,False,True,False,2014-08-27,2025-09-03,1
33372,Real SC U19,Real SC U19,transfers,False,True,False,False,2014-07-01,2014-07-01,1
33383,Fleetwood U18,Fleetwood U18,transfers,False,True,False,False,2018-07-01,2021-07-06,1
33386,SC West Yth.,SC West Yth.,transfers,False,True,False,False,2006-07-01,2006-07-01,1
33409,Obersiebenbr. J,Obersiebenbr. J,transfers,False,True,False,False,2006-07-01,2006-10-31,1
33424,ODIN '59 Heemskerk,ODIN '59 Heemskerk,games,False,False,True,False,2016-08-24,2023-08-12,1
33426,,,games,False,False,True,False,2020-08-29,2020-08-29,0
33427,SV Urk,SV Urk,games,False,False,True,False,2014-08-27,2025-09-23,1
33429,VV GOES,VV GOES,games,False,False,True,False,2018-08-18,2025-09-03,1
33430,VV Hoogland,VV Hoogland,games,False,False,True,False,2015-08-26,2021-09-22,1
33431,,,games,False,False,True,False,2012-09-25,2012-09-25,0
33432,VV Staphorst,VV Staphorst,games,False,False,True,False,2012-09-25,2025-09-02,1
33438,AO Episkopi Rethymnou,AO Episkopi | AO Episkopi Rethymnou,games | transfers,False,True,True,False,2012-10-24,2024-09-08,2
33439,AS Rouvas,AS Rouvas,games,False,False,True,False,2012-10-25,2012-10-25,1
33446,Fort. Köln Yth.,Fort. Köln Yth.,transfers,False,True,False,False,2015-07-01,2019-07-01,1
33450,PO Elassonas,PO Elassonas,games,False,False,True,False,2019-08-25,2023-08-26,1
33469,Darmstadt Yth.,Darmstadt Yth.,transfers,False,True,False,False,2004-07-01,2021-07-01,1
33487,Aetos Makrychoriou,Aetos Makrychoriou,games,False,False,True,False,2021-08-29,2021-08-29,1
33490,AE Ermionidas,AE Ermionidas,games,False,False,True,False,2014-08-30,2024-09-15,1
33493,Offenburg Yth.,Offenburg Yth.,transfers,False,True,False,False,2014-07-01,2014-07-01,1
33513,Vataniakos U19,Vataniakos U19,transfers,False,True,False,False,2005-07-01,2005-07-01,1
33524,Csákvár,Csákvár,transfers,False,True,False,False,2016-07-15,2017-06-30,1
33535,Biolog-Novokubansk Progress,Biolog | Biolog-Novokubansk Progress,games | transfers,False,True,True,False,2011-07-01,2024-08-20,2
33536,FK Podolje,FK Podolje,games,False,False,True,False,2012-07-11,2014-08-19,1
33537,PFO Panopoulos,PFO Panopoulos,transfers,False,True,False,False,2012-07-01,2012-07-01,1
33569,Pannaxiakos,Pannaxiakos,transfers,False,True,False,False,2007-08-11,2026-01-30,1
33571,Real Farma Odesa,Real Farma | Real Farma Odesa,games | transfers,False,True,True,False,2012-07-25,2025-08-25,2
33576,Zarkovo,Zarkovo,transfers,False,True,False,False,2016-02-01,2017-07-01,1
33582,Trinity,Trinity,transfers,False,True,False,False,2010-07-01,2011-07-18,1
33593,Lleida Esportiu,Lleida Esportiu,games | transfers,False,True,True,False,2012-07-01,2024-10-30,1
33600,Huracán Valencia CF,Huracán | Huracán Valencia CF,games | transfers,False,True,True,False,2012-09-12,2015-10-14,2
33614,Norwich U21,Norwich City U23 | Norwich U21,transfers,False,True,False,False,2013-07-01,2026-02-13,2
33616,Swansea U23,Swansea U21 | Swansea U23,transfers,False,True,False,False,2014-07-01,2017-07-01,2
33619,AO Dikeou,AO Dikeou,transfers,False,True,False,False,2015-07-06,2015-07-06,1
33627,Mladost Kakanj,Mladost Kakanj,transfers,False,True,False,False,2018-07-17,2020-06-30,1
33631,Astrapi Mesopotamias,Astrapi Mesopotamias,games,False,False,True,False,2024-09-08,2024-09-08,1
33638,GAS Svoronos,GAS Svoronos,transfers,False,True,False,False,2007-07-01,2025-09-09,1
33646,PAS Lamia U19,PAS Lamia U19,transfers,False,True,False,False,2018-07-01,2025-10-06,1
33663,Eolikos U19,Eolikos U19,transfers,False,True,False,False,2012-07-04,2012-07-04,1
33671,Formiga-MG,Formiga-MG,transfers,False,True,False,False,2016-07-01,2016-07-01,1
33717,Morpeth Town,Morpeth Town,transfers,False,True,False,False,2017-11-11,2019-07-01,1
33727,QPR U21,QPR U21 | Queens Park U23,transfers,False,True,False,False,2015-07-01,2023-07-01,2
33729,Böblingen Yth.,Böblingen Yth.,transfers,False,True,False,False,2018-07-01,2018-07-01,1
33734,SS Monopoli 1966,Monopoli | SS Monopoli 1966,games | transfers,False,True,True,False,2018-07-29,2025-02-02,2
33741,FC Drita,FC Drita,games | transfers,False,True,True,False,2018-06-26,2026-02-26,1
33754,Alajuelense U20,Alajuelense U20,transfers,False,True,False,False,2013-07-01,2013-07-01,1
33777,Alvechurch FC,Alvechurch FC,games,False,False,True,False,2022-11-05,2022-11-26,1
33783,FC RFS,FC RFS | RFS,games | transfers,False,True,True,False,2018-02-07,2025-08-28,2
33818,Náxara CD,Náxara CD,games,False,False,True,False,2021-11-30,2025-10-29,1
33863,,,games,False,False,True,False,2017-08-09,2017-08-09,0
33864,,,games,False,False,True,False,2018-08-07,2018-08-07,0
33867,,,games,False,False,True,False,2019-08-13,2019-08-13,0
33872,Vejlby-Risskov Idraetsklub,Vejlby-Risskov Idraetsklub,games,False,False,True,False,2017-08-09,2023-09-06,1
33878,Vaerebro BK,Vaerebro BK,games,False,False,True,False,2016-08-31,2017-09-19,1
33906,Strasbourg U17,Strasbourg U17,transfers,False,True,False,False,2005-07-01,2023-07-01,1
33912,Teesdorf Jgd,Teesdorf Jgd,transfers,False,True,False,False,2003-07-01,2003-07-01,1
33913,Faversham Town,Faversham Town,transfers,False,True,False,False,2011-07-01,2011-07-01,1
33948,Rad Belgrad U19,Rad Belgrad U19,transfers,False,True,False,False,2012-01-01,2024-01-30,1
33966,ACSM Politehnica Iasi,ACSM Poli Iasi | ACSM Politehnica Iasi,clubs | games | transfers,True,True,True,False,2016-07-14,2025-03-06,2
33995,Luch,Luch,transfers,False,True,False,False,2018-03-26,2018-08-07,1
34027,Barwell FC,Barwell FC,games,False,False,True,False,2015-11-07,2015-11-07,1
34037,Sohar SC,Sohar SC,transfers,False,True,False,False,2024-07-10,2024-07-10,1
34046,Chivas USA Aca.,Chivas USA Aca.,transfers,False,True,False,False,2015-07-01,2015-07-01,1
34114,F. Cologne U17,F. Cologne U17,transfers,False,True,False,False,2020-07-01,2022-07-01,1
34119,UD Maracena,UD Maracena,games,False,False,True,False,2025-09-27,2025-10-28,1
34129,CD Tuilla,CD Tuilla,games,False,False,True,False,2013-09-04,2013-09-11,1
34148,UCAM Murcia CF,UCAM Murcia | UCAM Murcia CF,games | transfers,False,True,True,False,2012-08-15,2025-10-28,2
34152,Dynamo 3 Kyiv,Dynamo 3 Kyiv | Dynamo-3 Kyiv,transfers,False,True,False,False,2003-07-01,2009-07-01,2
34153,Independente-SP,Independente-SP,transfers,False,True,False,False,2016-07-01,2016-07-01,1
34156,USV Hercules,Hercules | USV Hercules,games | transfers,False,True,True,False,2015-08-26,2025-09-23,2
34194,Slovkhlib,Slovkhlib,transfers,False,True,False,False,2011-01-01,2011-01-01,1
34205,ASD Santhià Calcio,ASD Santhià Calcio,games,False,False,True,False,2013-08-04,2013-08-04,1
34225,North Leigh,North Leigh,transfers,False,True,False,False,2015-08-07,2015-09-07,1
34230,Syzran-2003,Syzran-2003,games,False,False,True,False,2012-07-29,2018-09-26,1
34250,Jeun. Esch U17,Jeun. Esch U17,transfers,False,True,False,False,2020-07-01,2021-07-01,1
34280,KAS Eupen Youth,KAS Eupen Youth,transfers,False,True,False,False,2020-07-01,2022-07-01,1
34281,KAA Gent Youth,KAA Gent Youth,transfers,False,True,False,False,2011-07-01,2022-07-01,1
34282,KRC Genk Youth,KRC Genk Youth,transfers,False,True,False,False,2005-07-01,2024-01-01,1
34283,Lokeren Youth,Lokeren Youth,transfers,False,True,False,False,2007-07-01,2020-07-01,1
34284,KV Mechelen Yth,KV Mechelen Yth,transfers,False,True,False,False,2005-07-01,2022-07-01,1
34285,Lierse SK Yth.,Lierse SK Yth.,transfers,False,True,False,False,2006-07-01,2015-07-01,1
34301,Wissa Szczuczyn,Wissa Szczuczyn,transfers,False,True,False,False,2022-03-24,2022-06-30,1
34305,Hennef 05 Yth.,Hennef 05 Yth.,transfers,False,True,False,False,2019-07-01,2019-07-01,1
34318,Huracán,Huracán,transfers,False,True,False,False,2017-03-01,2018-01-01,1
34328,Füchse Yth.,Füchse Yth.,transfers,False,True,False,False,2014-07-01,2014-07-01,1
34376,Memmingen Yth.,Memmingen Yth.,transfers,False,True,False,False,2005-07-01,2018-07-01,1
34382,Unia Solec,Unia Solec,transfers,False,True,False,False,2022-04-18,2022-06-30,1
34395,Lierse SK U21,Lierse SK U21,transfers,False,True,False,False,2017-08-25,2017-10-15,1
34396,VV Hoogeveen,VV Hoogeveen,games,False,False,True,False,2020-08-29,2025-12-16,1
34419,B. G'bach Yth.,B. G'bach Yth.,transfers,False,True,False,False,2007-07-01,2015-07-01,1
34422,Cork Academy,Cork Academy,transfers,False,True,False,False,2019-07-01,2022-06-18,1
34429,KF Feronikeli Drenas,KF Feronikeli | KF Feronikeli Drenas,games | transfers,False,True,True,False,2019-06-13,2019-08-01,2
34434,RKSV Wittenhorst,RKSV Wittenhorst,games,False,False,True,False,2018-08-18,2019-08-17,1
34437,VV Hoogezand,VV Hoogezand,games,False,False,True,False,2020-08-29,2020-08-29,1
34452,FC Aalsmeer,FC Aalsmeer,games,False,False,True,False,2025-09-02,2025-09-02,1
34455,VV Sittard,VV Sittard,games,False,False,True,False,2012-08-22,2012-08-22,1
34461,East Thurrock United,East Thurrock United,games,False,False,True,False,2014-11-08,2014-11-08,1
34466,Damm U19,Damm U19,transfers,False,True,False,False,2008-07-01,2025-07-01,1
34468,Metropolitan Police,Metropolitan Police,games,False,False,True,False,2012-11-03,2018-11-10,1
34474,SD Indautxu,SD Indautxu,transfers,False,True,False,False,2015-07-01,2017-07-01,1
34478,East Grinstead,East Grinstead,transfers,False,True,False,False,2018-01-13,2018-01-31,1
34499,Pianese,Pianese,transfers,False,True,False,False,2024-07-18,2025-06-30,1
34504,Loures,Loures,transfers,False,True,False,False,2017-07-01,2021-07-01,1
34549,AE Prat,AE Prat,games | transfers,False,True,True,False,2012-07-01,2016-08-31,1
34559,Lorca FC,La Hoya Lorca | Lorca FC,games | transfers,False,True,True,False,2013-09-04,2018-10-17,2
34604,Karpaty 2,Karpaty 2 | Karpaty-2,transfers,False,True,False,False,2003-07-01,2007-01-01,2
34626,Galychyna Lviv,Galychyna Lviv | Karpaty 3,transfers,False,True,False,False,2001-07-01,2003-07-01,2
34649,GSD RapalloBogliasco,GSD RapalloBogliasco,games,False,False,True,False,2014-08-10,2014-08-10,1
34668,Kirchheim U17,Kirchheim U17,transfers,False,True,False,False,2021-07-01,2022-01-01,1
34694,Al-Shahania SC,Al-Shahania SC,transfers,False,True,False,False,2024-01-31,2025-08-10,1
34711,FC Santos Tartu,FC Santos Tartu,games,False,False,True,False,2014-07-03,2014-07-10,1
34721,Carabanchel,Carabanchel,transfers,False,True,False,False,2012-07-01,2013-07-01,1
34761,Beaconsfield,Beaconsfield,transfers,False,True,False,False,2020-02-01,2020-03-01,1
34766,FC Olt Slatina,FC Olt Slatina,transfers,False,True,False,False,2015-07-15,2017-08-09,1
34773,Wimborne,Wimborne,transfers,False,True,False,False,2019-07-18,2023-03-22,1
34776,Galatasaray U18,Galatasaray U18,transfers,False,True,False,False,2009-09-05,2013-07-01,1
34798,South Shields FC,South Shields FC,games,False,False,True,False,2020-11-07,2025-11-02,1
34828,Istiqlol,Istiqlol,transfers,False,True,False,False,2017-03-05,2026-12-31,1
34860,Yate Town,Yate Town,games,False,False,True,False,2012-11-03,2021-11-06,1
34888,Salford City,Salford | Salford City,games | transfers,False,True,True,False,2015-11-06,2026-02-14,2
34895,AS Pikine,AS Pikine,transfers,False,True,False,False,2015-01-01,2015-01-01,1
34911,Neom Sports Club,Neom Sports Club,clubs | games,True,False,True,False,2025-08-28,2026-05-21,1
34979,VV De Zouaven,VV De Zouaven,games,False,False,True,False,2012-09-27,2013-09-25,1
34996,Manama Club,Manama Club,transfers,False,True,False,False,2025-09-01,2025-09-01,1
35012,FC Chambly Oise,FC Chambly Oise,transfers,False,True,False,False,2017-09-02,2018-07-04,1
35017,Aalesund II,Aalesund II,transfers,False,True,False,False,2017-11-13,2017-11-13,1
35026,Stabæk II,Stabæk II,transfers,False,True,False,False,2016-08-02,2019-01-24,1
35030,Fram,Fram,transfers,False,True,False,False,2017-02-03,2017-07-01,1
35070,Guédiawaye FC,Guédiawaye FC,transfers,False,True,False,False,2018-02-24,2018-02-24,1
35119,Alcanenense,Alcanenense,transfers,False,True,False,False,2022-07-01,2023-07-01,1
35131,SKAD-Yalpug,SKAD-Yalpug,transfers,False,True,False,False,2011-04-26,2011-05-12,1
35141,New Edubiase,New Edubiase,transfers,False,True,False,False,2013-07-24,2013-07-24,1
35162,Veres U19,Veres U19,transfers,False,True,False,False,2017-07-01,2025-08-14,1
35164,CD Marino,CD Marino,games,False,False,True,False,2012-08-29,2020-12-16,1
35197,Merstham FC,Merstham FC,games,False,False,True,False,2016-11-05,2016-11-05,1
35272,CZ Mighty Lions,CZ Mighty Lions,transfers,False,True,False,False,2024-02-28,2024-06-21,1
35273,PAO Vardas,PAO Vardas,games | transfers,False,True,True,False,2016-01-01,2024-09-01,1
35285,Sacavenense U19,Sacavenense U19,transfers,False,True,False,False,2020-07-01,2022-07-01,1
35312,Drumchapel United FC,Drumchapel United FC,games,False,False,True,False,2022-08-27,2023-01-24,1
35387,Ratchaburi FC,Ratchaburi FC,transfers,False,True,False,False,2025-09-15,2026-01-01,1
35405,Victoria High.,Victoria High.,transfers,False,True,False,False,2018-07-01,2020-07-01,1
35411,AO Kassiopi,AO Kassiopi,games,False,False,True,False,2012-10-24,2012-10-24,1
35415,Eginiakos,Eginiakos,games | transfers,False,True,True,False,2012-10-24,2018-09-16,1
35420,Neos Amfilochos,Neos Amfilochos,transfers,False,True,False,False,2017-08-23,2018-06-30,1
35423,Diagoras Vrachneikon,Diagoras Vrachneikon,games,False,False,True,False,2018-09-02,2022-10-02,1
35424,Dig. Lakkomatos,Dig. Lakkomatos,transfers,False,True,False,False,2014-08-02,2014-08-02,1
35429,Ethnikos Sochou,Ethnikos Sochou,games,False,False,True,False,2021-08-29,2021-09-12,1
35430,Ethn. Vaterou,Ethn. Vaterou,transfers,False,True,False,False,2011-07-01,2011-07-01,1
35433,Kampaniakos,Kampaniakos,games,False,False,True,False,2023-09-13,2025-08-20,1
35444,Orfeas Xanthis,Orfeas Xanthis,games,False,False,True,False,2019-08-25,2021-08-29,1
35450,Pyrasos Neas Agchialou,Pyrasos Neas Agchialou,games,False,False,True,False,2022-08-31,2022-08-31,1
35452,Thesprotos Igoumenitsas,Thesprotos Igoumenitsas,games,False,False,True,False,2018-08-26,2022-10-08,1
35460,Asteras Varis,AO Kyanous Asteras Varis | Asteras Varis,games | transfers,False,True,True,False,2015-08-26,2021-08-28,2
35473,Pamisos Messinis,Pamisos Messinis,games,False,False,True,False,2023-08-27,2023-09-03,1
35475,AO Porou,AO Porou,games,False,False,True,False,2021-08-28,2021-08-28,1
35476,AO Trachones Alimou,AO Trachones Alimou,games,False,False,True,False,2014-08-28,2014-09-14,1
35477,Triglia Rafinas,Triglia Rafinas,transfers,False,True,False,False,2012-07-01,2017-08-30,1
35492,AE Mesolongiou,AE Mesolongiou,games | transfers,False,True,True,False,2018-08-26,2020-06-30,1
35498,36 Lion FC,36 Lion FC,transfers,False,True,False,False,2017-08-31,2017-08-31,1
35499,Inter Bebedouro,Inter Bebedouro,transfers,False,True,False,False,2018-06-13,2018-12-31,1
35545,FK Iskra Danilovgrad,FK Iskra Danilovgrad,games,False,False,True,False,2020-08-20,2022-07-14,1
35556,Grecia,Grecia,transfers,False,True,False,False,2021-08-20,2023-01-28,1
35559,Audax-RJ,Audax-RJ,transfers,False,True,False,False,2017-07-01,2017-12-31,1
35626,Sarnese 1926,Sarnese 1926,games,False,False,True,False,2012-08-05,2012-08-05,1
35665,KF Vllaznia U17,KF Vllaznia U17,transfers,False,True,False,False,2013-09-18,2015-07-01,1
35685,Romulus,Romulus,transfers,False,True,False,False,2010-07-01,2010-07-01,1
35717,Bregal. Youth,Bregal. Youth,transfers,False,True,False,False,2019-07-01,2019-07-01,1
35719,Pogradeci U17,Pogradeci U17,transfers,False,True,False,False,2012-07-01,2012-07-01,1
35723,Renova Youth,Renova Youth,transfers,False,True,False,False,2015-01-15,2015-01-15,1
35728,Vardar Yth.,Vardar Yth.,transfers,False,True,False,False,2017-08-01,2017-08-01,1
35740,Paderborn Yth.,Paderborn Yth.,transfers,False,True,False,False,2019-01-01,2019-07-01,1
35759,Bucheon Football Club 1995,Bucheon Football Club 1995,clubs | games,True,False,True,False,2026-03-01,2026-07-04,1
35810,Berkhamsted FC,Berkhamsted FC,transfers,False,True,False,False,2026-01-17,2026-01-17,1
35892,BK Häcken U17,BK Häcken U17,transfers,False,True,False,False,2013-01-01,2022-01-01,1
35935,CD Palencia Cristo Atlético,CD Palencia Cristo Atlético,games,False,False,True,False,2021-12-02,2022-11-12,1
35939,Asokwa Warriors,Asokwa Warriors,transfers,False,True,False,False,2016-01-01,2016-01-01,1
35941,Volgar-Astrakhan Astrakhan,Volgar-Astrakhan Astrakhan,games,False,False,True,False,2012-07-11,2012-07-11,1
35955,Cerea,Cerea,transfers,False,True,False,False,2012-07-01,2014-07-11,1
35981,Slob. Uzice U19,Slob. Uzice U19,transfers,False,True,False,False,2009-07-01,2009-07-01,1
36027,H. B. Sheva U19,H. B. Sheva U19,transfers,False,True,False,False,2017-07-01,2017-07-01,1
36031,Vaihingen Jug.,Vaihingen Jug.,transfers,False,True,False,False,2013-07-01,2015-07-01,1
36060,CD Mensajero,CD Mensajero,games,False,False,True,False,2015-09-02,2023-10-31,1
36097,Syracuse,Syracuse,transfers,False,True,False,False,2022-08-07,2023-01-30,1
36100,Western Sydney Wanderers,Western Sydney | Western Sydney Wanderers,clubs | games | transfers,True,True,True,False,2014-12-13,2026-04-25,2
36110,Magreb '90,Magreb '90,games,False,False,True,False,2016-08-24,2017-08-23,1
36112,ADO U17,ADO U17,transfers,False,True,False,False,2003-07-01,2020-07-01,1
36121,Heidenheim U17,Heidenheim U17,transfers,False,True,False,False,2020-01-01,2022-07-01,1
36123,Reading U21,Reading U21 | Reading U23,transfers,False,True,False,False,2011-07-01,2020-07-01,2
36136,FC Veris,FC Veris | FC Veris Chisinau,games | transfers,False,True,True,False,2014-07-01,2015-02-18,2
36174,SJK U19,SJK U19,transfers,False,True,False,False,2022-05-09,2022-09-16,1
36224,Jerv,Jerv,transfers,False,True,False,False,2015-03-05,2017-12-31,1
36285,CD Laredo,CD Laredo,games,False,False,True,False,2015-09-02,2024-10-30,1
36286,Dugopolje U19,Dugopolje U19,transfers,False,True,False,False,2013-07-01,2015-07-01,1
36298,Fomat Martin,Fomat Martin,transfers,False,True,False,False,2022-03-23,2022-08-18,1
36341,D. Zagreb Yth.,D. Zagreb Yth.,transfers,False,True,False,False,2005-08-19,2016-07-01,1
36342,Din. Zagreb U17,Din. Zagreb U17,transfers,False,True,False,False,2005-08-05,2018-07-01,1
36344,Hajduk U17,Hajduk U17,transfers,False,True,False,False,2007-07-01,2019-07-01,1
36345,HNK Rijeka U17,HNK Rijeka U17,transfers,False,True,False,False,2015-07-24,2017-07-01,1
36346,HNK Sibenik U17,HNK Sibenik U17,transfers,False,True,False,False,2018-07-01,2020-07-01,1
36350,Lokomotiva U17,Lokomotiva U17,transfers,False,True,False,False,2014-07-01,2021-07-01,1
36353,NK Osijek U17,NK Osijek U17,transfers,False,True,False,False,2011-07-01,2013-07-01,1
36354,NK Varazdin U17,NK Varazdin U17,transfers,False,True,False,False,2013-08-12,2015-07-01,1
36356,NK Zagreb Yth.,NK Zagreb Yth.,transfers,False,True,False,False,2002-08-30,2014-07-01,1
36357,NK Zagreb U17,NK Zagreb U17,transfers,False,True,False,False,2004-07-01,2015-08-17,1
36358,RNK Split U17,RNK Split U17,transfers,False,True,False,False,2015-07-10,2017-08-04,1
36359,Sl. Belupo U17,Sl. Belupo U17,transfers,False,True,False,False,2009-07-31,2011-07-08,1
36360,Hajduk Yth.,Hajduk Yth.,transfers,False,True,False,False,2007-07-01,2017-07-01,1
36362,Sl. Belupo Jgd,Sl. Belupo Jgd,transfers,False,True,False,False,2007-08-10,2009-08-11,1
36366,El Tanque U19,El Tanque U19,transfers,False,True,False,False,2013-01-01,2013-01-01,1
36368,Tudu Mighty Jet,Tudu Mighty Jet,transfers,False,True,False,False,2014-07-01,2014-07-01,1
36369,Wassaman United,Wassaman United,transfers,False,True,False,False,2014-07-01,2016-02-21,1
36382,Varteks Jugend,Varteks Jugend,transfers,False,True,False,False,2008-07-28,2009-07-31,1
36409,VfB Lübeck Yth.,VfB Lübeck Yth.,transfers,False,True,False,False,2008-07-01,2012-07-01,1
36419,HNK Sibenik Jgd,HNK Sibenik Jgd,transfers,False,True,False,False,2018-07-01,2018-07-01,1
36425,Lokomotiva Yth.,Lokomotiva Yth.,transfers,False,True,False,False,2013-07-05,2019-07-01,1
36426,NK Osijek Yth.,NK Osijek Yth.,transfers,False,True,False,False,2010-07-28,2011-07-01,1
36429,NK Zadar Jgd,NK Zadar Jgd,transfers,False,True,False,False,2015-07-24,2015-07-24,1
36470,Gostivar,Gostivar,transfers,False,True,False,False,2023-08-24,2024-06-30,1
36481,Ilkeston,Ilkeston,transfers,False,True,False,False,2015-03-05,2015-11-01,1
36493,Kraluv Dvur,Kraluv Dvur,transfers,False,True,False,False,2021-08-26,2023-03-01,1
36546,Southampton U21,Southampt. U23 | Southampton B | Southampton Res. | Southampton U21 | Southampton U23,transfers,False,True,False,False,2011-04-05,2026-06-30,5
36550,Real Ariquemes,Real Ariquemes,transfers,False,True,False,False,2020-03-03,2020-07-01,1
36551,CD Quintanar de la Orden,CD Quintanar de la Orden,games,False,False,True,False,2023-10-12,2023-11-01,1
36594,Sportul Snagov,Sportul Snagov,transfers,False,True,False,False,2017-08-01,2019-01-01,1
36596,BK Maxline,BK Maxline,transfers,False,True,False,False,2024-07-11,2024-07-11,1
36598,Juventud U19,Juventud U19,transfers,False,True,False,False,2012-08-01,2012-08-01,1
36621,CA Lisieux Foot,CA Lisieux Foot,transfers,False,True,False,False,2002-07-01,2003-07-01,1
36625,FK Ternopil,FK Ternopil | Ternopil,games | transfers,False,True,True,False,2012-01-01,2017-08-09,2
36630,HB FC,HB FC,transfers,False,True,False,False,2020-07-19,2021-04-07,1
36653,Würzb. Ki. U17,Würzb. Ki. U17,transfers,False,True,False,False,2015-07-01,2017-08-01,1
36661,Rusj St. Petersburg (-2014),Rusj St. Petersburg (-2014),games,False,False,True,False,2012-07-16,2013-07-31,1
36678,CVV de Jodan Boys,CVV de Jodan Boys,games,False,False,True,False,2016-09-20,2019-09-25,1
36683,CVV Blauw Wit '34 Leeuwarden,CVV Blauw Wit '34 Leeuwarden,games,False,False,True,False,2023-08-12,2024-09-04,1
36686,,,games,False,False,True,False,2018-08-18,2018-08-18,0
36707,RW Frankf. Yth.,RW Frankf. Yth.,transfers,False,True,False,False,2009-07-01,2021-01-01,1
36709,CE Júpiter,CE Júpiter,transfers,False,True,False,False,2016-07-01,2016-07-01,1
36722,Neubrand. U17,Neubrand. U17,transfers,False,True,False,False,2008-07-01,2009-07-01,1
36745,Tuttocuoio,AC Tuttocuoio | Tuttocuoio,games | transfers,False,True,True,False,2013-07-01,2017-07-06,2
36747,U'haching Yth.,U'haching Yth.,transfers,False,True,False,False,2017-01-01,2020-07-01,1
36755,Isloch,Isloch | Isloch Minsk Region,games | transfers,False,True,True,False,2020-07-09,2024-07-18,2
36759,Altair U16,Altair U16,transfers,False,True,False,False,2010-07-01,2018-07-01,1
36790,FC Sequence,FC Sequence,transfers,False,True,False,False,2015-02-01,2015-02-01,1
36809,C. Odessa U17,C. Odessa U17,transfers,False,True,False,False,2003-07-01,2024-01-01,1
36810,Dnipro U17,Dnipro U17,transfers,False,True,False,False,2007-07-01,2024-08-09,1
36815,Metalist U17,Metalist U17,transfers,False,True,False,False,2006-07-20,2017-07-12,1
36819,Agropoli,Agropoli,transfers,False,True,False,False,2015-01-01,2015-08-16,1
36841,U. Berlin Yth.,U. Berlin Yth.,transfers,False,True,False,False,2004-07-01,2021-07-01,1
36846,Arroyo CP,Arroyo CP,games | transfers,False,True,True,False,2012-07-01,2013-01-01,1
36890,Karpaty U17,Karpaty U17,transfers,False,True,False,False,2001-07-01,2020-09-25,1
36891,Metalurg Z. U17,Metalurg Z. U17,transfers,False,True,False,False,2008-08-01,2015-07-31,1
36892,Vitesse U21,VIT/AGOVV U19 | Vitesse U21,transfers,False,True,False,False,2012-07-01,2025-09-01,2
36917,Dolina Padina,Dolina Padina,transfers,False,True,False,False,2011-08-05,2011-08-05,1
36922,FK Tekstilac Odzaci,FK Tekstilac Odzaci | Tekstilac,clubs | games | transfers,True,True,True,False,2024-02-06,2025-04-05,2
36948,Arsenal K. U17,Arsenal K. U17,transfers,False,True,False,False,2018-08-01,2018-08-01,1
36949,Dynamo Kyiv U19,Dynamo Kyiv U19,transfers,False,True,False,False,2012-07-01,2025-09-01,1
36972,Chaika Peschanokopskoe,Chaika Pes. | Chaika Peschanokopskoe,games | transfers,False,True,True,False,2016-07-16,2025-10-15,2
36995,VV Sliedrecht,VV Sliedrecht,games,False,False,True,False,2019-08-17,2021-09-21,1
36999,Sumgayit,Sumgayit | Sumgayit PFC,games | transfers,False,True,True,False,2018-07-02,2026-06-30,2
37003,Dunstable,Dunstable,transfers,False,True,False,False,2022-07-01,2023-01-31,1
37022,Alania-D Vladikavkaz,Alania-D Vladikavkaz,games,False,False,True,False,2012-07-11,2013-07-26,1
37024,FC Liefering,FC Liefering,transfers,False,True,False,False,2012-07-01,2023-01-01,1
37029,FK Dolgoprudnyi,Dolgoprudnyi | FK Dolgoprudnyi,games | transfers,False,True,True,False,2012-07-17,2022-07-14,2
37043,Apollon Kryas Vrysis,Apollon Kryas Vrysis,games,False,False,True,False,2024-09-04,2024-09-25,1
37061,Órdenes,Órdenes,transfers,False,True,False,False,2007-07-01,2016-06-30,1
37064,Somozas,Somozas | UD Somozas,games | transfers,False,True,True,False,2014-09-03,2015-07-01,2
37093,VV Duno Doorwerth,VV Duno Doorwerth,games,False,False,True,False,2019-09-25,2020-08-29,1
37096,SKA Odessa,SKA Odessa | SKA Odessa (2010),games | transfers,False,True,True,False,2012-01-01,2013-01-01,2
37125,Apollon Paralimniou,Apollon Paralimniou,games,False,False,True,False,2018-08-26,2024-08-31,1
37136,Erkenschw. Yth.,Erkenschw. Yth.,transfers,False,True,False,False,2001-07-01,2002-07-01,1
37153,CD Marchamalo,CD Marchamalo | Marchamalo,games | transfers,False,True,True,False,2011-07-01,2021-11-30,2
37160,JS Saoura,JS Saoura,transfers,False,True,False,False,2017-07-01,2022-07-01,1
37169,Puskás Akadémia FC,Puskás AFC | Puskás Akadémia FC,games | transfers,False,True,True,False,2017-07-04,2025-07-31,2
37176,RS Berkane,RS Berkane,transfers,False,True,False,False,2025-08-25,2025-08-25,1
37177,UkrAgroKom Golovkivka,UkrAgroKom | UkrAgroKom Golovkivka,games | transfers,False,True,True,False,2012-07-25,2014-07-23,2
37239,D. Calarasi,D. Calarasi,transfers,False,True,False,False,2018-07-04,2019-07-01,1
37255,FK Csikszereda Miercurea Ciuc,FK Csikszereda Miercurea Ciuc,clubs | games,True,False,True,False,2025-07-14,2026-03-06,1
37276,PGS Kissamikos,AOX Kissamikos | PAE Chania | PGS Kissamikos,games | transfers,False,True,True,False,2013-07-01,2026-06-30,3
37281,Doxa Manoladas,Doxa Manoladas,transfers,False,True,False,False,2014-07-01,2016-01-01,1
37285,Tondela U19,Tondela U19,transfers,False,True,False,False,2018-07-01,2022-07-01,1
37288,Ach.Neokesarias,Ach.Neokesarias,transfers,False,True,False,False,2013-08-28,2014-07-22,1
37311,Arsenal-2 Tula,Arsenal-2 Tula,transfers,False,True,False,False,2014-07-01,2015-02-18,1
37319,,,games,False,False,True,False,2018-08-18,2018-08-18,0
37335,AO Ermis Zonianon,AO Ermis Zonianon,games,False,False,True,False,2022-09-14,2022-09-14,1
37339,OF Ierapetras,OF Ierapetras,games | transfers,False,True,True,False,2018-08-26,2023-09-13,1
37356,Catarroja CF,Catarroja CF,games | transfers,False,True,True,False,2009-07-01,2012-08-29,1
37358,Doxa Vyronos,Doxa Vyronos,transfers,False,True,False,False,2005-07-01,2005-07-01,1
37448,Thyella Rafinas,Thyella Rafinas,games,False,False,True,False,2018-08-26,2018-08-26,1
37460,Santa Maria U19,Santa Maria U19,transfers,False,True,False,False,2017-07-01,2017-07-01,1
37463,AC Delta Rovigo,AC Delta Rovigo,games,False,False,True,False,2012-08-05,2015-08-02,1
37474,Novorizontino,Novorizontino,transfers,False,True,False,False,2018-01-03,2023-07-01,1
37482,Schwabm. U19,Schwabm. U19,transfers,False,True,False,False,2018-07-01,2019-07-01,1
37486,Darlington FC,Darlington | Darlington FC,games | transfers,False,True,True,False,2018-10-30,2020-11-29,2
37487,Dreams FC,Dreams FC,transfers,False,True,False,False,2014-07-01,2015-07-23,1
37490,NK Krsko U19,NK Krsko U19,transfers,False,True,False,False,2014-07-01,2016-01-22,1
37492,Huddersfield B,Huddersf. U23 | Huddersfield B,transfers,False,True,False,False,2018-08-17,2023-07-01,2
37508,Novi Banovci,Novi Banovci,transfers,False,True,False,False,2022-01-22,2022-01-22,1
37517,Habinghorst U19,Habinghorst U19,transfers,False,True,False,False,2004-07-01,2005-07-01,1
37546,AM Football,AM Football,transfers,False,True,False,False,2022-09-01,2023-02-01,1
37554,FC Sönderborg,FC Sönderborg,games,False,False,True,False,2012-08-29,2025-08-06,1
37555,Morud IF,Morud IF,games,False,False,True,False,2023-08-09,2024-09-04,1
37556,Saarbrück. Yth.,Saarbrück. Yth.,transfers,False,True,False,False,2004-07-01,2006-07-01,1
37564,Burghausen Yth.,Burghausen Yth.,transfers,False,True,False,False,2008-07-01,2008-07-01,1
37574,Gibraltar,Gibraltar,national_teams,False,False,False,True,,,1
37588,Milano United,Milano United,transfers,False,True,False,False,2013-07-01,2014-07-01,1
37624,FC Metaloglobus Bucharest,FC Metaloglobus Bucharest | Metaloglobus,clubs | games | transfers,True,True,True,False,2018-07-01,2026-03-07,2
37678,DESO,DESO | RKVV DESO Oss,games | transfers,False,True,True,False,2010-07-01,2013-07-01,2
37687,SSV Buer Yth.,SSV Buer Yth.,transfers,False,True,False,False,2001-07-01,2007-07-01,1
37758,Sheff Wed U21,Sheff Wed U21,transfers,False,True,False,False,2012-07-01,2020-07-01,1
37760,Shukura,Shukura,transfers,False,True,False,False,2014-07-20,2017-06-15,1
37772,AE Karaiskakis,AE Karaiskakis | AE Karaiskakis Artas,games | transfers,False,True,True,False,2017-10-02,2022-08-31,2
37779,,,games,False,False,True,False,2022-08-31,2022-08-31,0
37825,Shakhtar 3,Shakhtar 3 | Shakhtar-3,transfers,False,True,False,False,2007-07-13,2015-01-01,2
37894,Strasbourg Yth.,Strasbourg Yth.,transfers,False,True,False,False,2020-07-01,2020-07-01,1
37897,SV Wehen Yth.,SV Wehen Yth.,transfers,False,True,False,False,2015-07-01,2018-07-01,1
37898,Ravensburg U17,Ravensburg U17,transfers,False,True,False,False,2004-07-01,2005-07-01,1
37914,Alashkert Yerevan FC,Alashkert FC | Alashkert Yerevan FC,games | transfers,False,True,True,False,2015-07-02,2023-08-03,2
37935,,,games,False,False,True,False,2016-08-16,2016-08-16,0
37947,Bergama Belediye,Bergama Belediye,transfers,False,True,False,False,2022-08-31,2023-01-03,1
37951,Corum FK,Corum Belediye | Corum FK | Y. Corumspor,transfers,False,True,False,False,2016-08-22,2026-01-20,3
37956,24 Erzincanspor,24 Erzincanspor,transfers,False,True,False,False,2021-08-18,2025-09-12,1
37961,K.Maras Belediye,K.Maras Belediye,transfers,False,True,False,False,2012-08-18,2012-12-21,1
37962,Karaman FK,Karaman FK,transfers,False,True,False,False,2023-02-18,2024-06-30,1
37965,Evrenseki Spor,Evrenseki Spor | Manavgatspor,transfers,False,True,False,False,2012-08-04,2014-08-22,2
37968,Nigde Anadolu,Nigde Anadolu,transfers,False,True,False,False,2018-08-01,2020-06-30,1
37974,Silivrispor,Silivrispor,transfers,False,True,False,False,2017-08-03,2018-08-31,1
37975,Sivas Belediye,Sivas Belediye,transfers,False,True,False,False,2022-08-16,2023-01-26,1
37978,Usak Spor,Usak Spor,transfers,False,True,False,False,2019-08-29,2023-07-01,1
37983,Amasyaspor FK,Amasyaspor FK | Yeni Amasya,transfers,False,True,False,False,2017-10-05,2026-06-30,2
37989,Arsenal Tivat,Arsenal Tivat,games,False,False,True,False,2023-07-13,2023-07-20,1
37993,Watford U23,Watford U21 | Watford U23,transfers,False,True,False,False,2017-07-01,2025-06-30,2
38005,Cloppenburg U17,Cloppenburg U17,transfers,False,True,False,False,2005-07-01,2005-07-01,1
38006,Girona FC B,Girona FC B,transfers,False,True,False,False,2016-07-01,2026-07-01,1
38023,Capital-DF,Capital-DF,transfers,False,True,False,False,2020-01-02,2020-03-03,1
38040,Ittihad Kalba,Ittihad Kalba | Kalba FC,transfers,False,True,False,False,2022-07-19,2023-08-21,2
38059,Ciudad Lucena,Ciudad Lucena,games,False,False,True,False,2020-12-15,2025-10-29,1
38136,Sanluqueño B,Sanluqueño B,transfers,False,True,False,False,2014-07-01,2015-07-01,1
38138,Raja Cas. U23,Raja Cas. U23,transfers,False,True,False,False,2021-12-01,2021-12-01,1
38146,AWC Wijchen,AWC Wijchen,games,False,False,True,False,2020-08-29,2025-09-03,1
38148,DOSKO Bergen op Zoom,DOSKO Bergen op Zoom,games,False,False,True,False,2014-08-27,2014-09-24,1
38170,VV OWIOS Oldebroek,VV OWIOS Oldebroek,games,False,False,True,False,2013-08-28,2013-08-28,1
38173,Vélez CF,Vélez CF,games,False,False,True,False,2021-12-02,2021-12-02,1
38204,Lincoln Red Imps FC,Lincoln Red Imps FC,games,False,False,True,False,2014-07-02,2025-12-18,1
38208,St Joseph's FC,St Joseph's FC,games,False,False,True,False,2017-06-29,2025-07-31,1
38223,Ingolstadt Yth.,Ingolstadt Yth.,transfers,False,True,False,False,2017-07-01,2017-07-01,1
38228,Wolfsbach,Wolfsbach,transfers,False,True,False,False,2010-01-01,2010-07-01,1
38268,CD Manchego Ciudad Real,CD Manchego Ciudad Real,games,False,False,True,False,2023-11-01,2023-11-01,1
38290,Pro Piacenza,Pro Piacenza | Pro Piacenza 1919,games | transfers,False,True,True,False,2017-07-08,2018-06-30,2
38322,Bra,Bra,transfers,False,True,False,False,2025-08-08,2026-06-30,1
38345,Baunatal Yth.,Baunatal Yth.,transfers,False,True,False,False,2015-07-01,2015-07-01,1
38352,Saipa FC U19,Saipa FC U19,transfers,False,True,False,False,2006-07-01,2007-07-01,1
38389,Stars of Africa,Stars of Africa,transfers,False,True,False,False,2013-07-01,2013-07-01,1
38405,Atlético de Lugones,Atlético de Lugones,games,False,False,True,False,2022-10-19,2023-11-01,1
38426,Gadeland Yth.,Gadeland Yth.,transfers,False,True,False,False,2008-07-01,2008-07-01,1
38429,Vikt. Köln U19,Vikt. Köln U19,transfers,False,True,False,False,2008-07-01,2009-07-01,1
38446,Emmending. Yth.,Emmending. Yth.,transfers,False,True,False,False,2017-07-01,2017-07-01,1
38456,UE Olot,UE Olot,games | transfers,False,True,True,False,2013-09-04,2024-12-05,1
38476,Tehnicar 1974,Tehnicar 1974,transfers,False,True,False,False,2026-01-22,2026-01-22,1
38541,Almopos Arideas,Almopos Arideas,games,False,False,True,False,2021-09-26,2023-09-27,1
38550,Niendorf Yth.,Niendorf Yth.,transfers,False,True,False,False,2018-07-01,2019-07-01,1
38561,Correggese Calcio 1948,Correggese Calcio 1948,games,False,False,True,False,2014-08-10,2014-08-10,1
38588,Nottingham U21,Nottingham U21 | Nottingham U23,transfers,False,True,False,False,2018-08-29,2025-07-09,2
38628,Llaneros FC,Llaneros FC,clubs | games | transfers,True,True,True,False,2022-01-19,2025-11-14,1
38632,Ashington AFC,Ashington AFC,transfers,False,True,False,False,2013-07-23,2014-07-01,1
38635,Savio,Savio,transfers,False,True,False,False,2016-08-12,2019-03-24,1
38643,Alfortville,Alfortville,transfers,False,True,False,False,2009-07-01,2010-07-01,1
38651,CD Santa Amalia,CD Santa Amalia,games,False,False,True,False,2022-10-19,2022-11-12,1
38673,Paris FC B,Paris FC B,transfers,False,True,False,False,2016-07-01,2022-09-26,1
38703,Niedersch. U19,Niedersch. U19,transfers,False,True,False,False,2007-07-01,2009-07-01,1
38752,SW Essen Yth.,SW Essen Yth.,transfers,False,True,False,False,2018-07-01,2018-07-01,1
38753,SW Essen U17,SW Essen U17,transfers,False,True,False,False,2018-07-01,2019-01-01,1
38757,VIS,VIS,transfers,False,True,False,False,2006-07-01,2010-07-01,1
38789,Olinda FC (PE),Olinda FC (PE),transfers,False,True,False,False,2015-07-01,2015-12-31,1
38802,IFK U17,IFK U17,transfers,False,True,False,False,2019-07-01,2021-01-01,1
38828,Radnicki Srem,Radnicki Srem,transfers,False,True,False,False,2021-08-04,2022-07-01,1
38834,CD Cortes,CD Cortes,games,False,False,True,False,2024-10-30,2024-10-30,1
38865,GD Sou. Tigers,GD Sou. Tigers,transfers,False,True,False,False,2019-02-25,2020-01-30,1
38874,AFC Hayes,AFC Hayes,transfers,False,True,False,False,2014-07-01,2014-11-04,1
38898,Football Club Anyang,Football Club Anyang,clubs | games,True,False,True,False,2025-02-16,2026-07-04,1
38899,King's Lynn Town,King's Lynn | King's Lynn Town,games | transfers,False,True,True,False,2020-11-07,2022-11-26,2
38901,Thundering Herd,Thundering Herd,transfers,False,True,False,False,2022-11-19,2024-07-01,1
38912,Eginiakos U19,Eginiakos U19,transfers,False,True,False,False,2015-07-01,2015-07-01,1
38919,Whitecaps U23,Whitecaps U23,transfers,False,True,False,False,2021-01-01,2021-04-01,1
38921,Dinamo-Auto,Dinamo-Auto | Dinamo-Auto Tiraspol (-2024),games | transfers,False,True,True,False,2018-04-03,2021-01-15,2
38927,Bramfeld Yth.,Bramfeld Yth.,transfers,False,True,False,False,2013-07-01,2019-01-01,1
38929,MZ Hakka,MZ Hakka,transfers,False,True,False,False,2026-01-22,2026-01-22,1
38967,Bournemouth U21,Bournemouth U21 | Bournemouth U23,transfers,False,True,False,False,2018-07-01,2026-05-31,2
39005,JA Armentières,JA Armentières,transfers,False,True,False,False,2013-07-09,2013-07-09,1
39007,Ska Brasil-SP,Ska Brasil-SP,transfers,False,True,False,False,2022-05-01,2022-06-01,1
39060,SC Condor Yth.,SC Condor Yth.,transfers,False,True,False,False,2019-01-01,2020-07-01,1
39097,Obolon Kyiv,Obolon | Obolon Kyiv | Obolon-Brovar,clubs | games | transfers,True,True,True,False,2013-07-24,2026-06-30,3
39110,Quick Boys '31,Quick Boys '31,transfers,False,True,False,False,2012-07-01,2013-07-01,1
39151,Ottawa Fury,Ottawa Fury,transfers,False,True,False,False,2016-04-07,2016-12-31,1
39197,Cavalier FC,Cavalier FC | Cavalier SC,transfers,False,True,False,False,2017-07-25,2019-09-03,2
39200,Luki-Energia Velikie Luki,Luki-Energia Velikie Luki,games,False,False,True,False,2017-07-15,2025-09-10,1
39212,PSV U17,PSV U17,transfers,False,True,False,False,2005-07-01,2024-07-01,1
39245,SUNY Binghamton,SUNY Binghamton,transfers,False,True,False,False,2022-08-01,2024-08-11,1
39252,Jaguares FC,Jaguares FC,transfers,False,True,False,False,2022-01-14,2022-12-31,1
39270,Aigle Royal,Aigle Royal,transfers,False,True,False,False,2017-03-30,2017-03-30,1
39309,KS Moskau,KS Moskau,transfers,False,True,False,False,2008-01-01,2021-05-15,1
39336,Brighton U21,Brighton U21 | Brighton U23,transfers,False,True,False,False,2016-07-01,2026-05-31,2
39337,Derby U21,Derby U21 | Derby U23,transfers,False,True,False,False,2014-07-01,2024-07-01,2
39338,Barnsley U21,Barnsley U21 | FC Barnsley U23,transfers,False,True,False,False,2016-01-25,2017-07-01,2
39339,Millwall U21,Millwall U21,transfers,False,True,False,False,2019-07-01,2020-07-01,1
39341,Leicester U21,Leicester U21 | Leicester U23,transfers,False,True,False,False,2016-01-29,2026-05-31,2
39378,Zehlendorf Yth.,Zehlendorf Yth.,transfers,False,True,False,False,2003-07-01,2017-07-01,1
39416,Bjelovar Jgd,Bjelovar Jgd,transfers,False,True,False,False,2006-01-31,2008-07-28,1
39418,Cheongju FC,Cheongju FC,transfers,False,True,False,False,2025-01-17,2025-07-24,1
39432,VV SteDoCo,VV SteDoCo,games,False,False,True,False,2016-08-17,2025-09-02,1
39442,Thannhausen Jgd,Thannhausen Jgd,transfers,False,True,False,False,2006-07-01,2007-07-01,1
39449,CD Marino Youth,CD Marino Youth,transfers,False,True,False,False,2023-07-01,2023-07-01,1
39452,Granada CF U19,Granada CF U19,transfers,False,True,False,False,2017-07-01,2023-07-01,1
39456,RSD Alcalá U19,RSD Alcalá U19,transfers,False,True,False,False,2022-07-01,2022-07-01,1
39470,TSV Steinbach,TSV Steinbach | TSV Steinbach Haiger,games | transfers,False,True,True,False,2016-01-03,2020-09-13,2
39476,SD Quito U20,SD Quito U20,transfers,False,True,False,False,2013-02-26,2016-03-30,1
39480,Bärnbach Youth,Bärnbach Youth,transfers,False,True,False,False,2008-07-21,2008-12-17,1
39481,Baltika-2,Baltika 2 | Baltika-2 | Baltika-BFU,transfers,False,True,False,False,2017-07-01,2025-09-11,3
39536,Al-Orobah FC,Al-Orobah | Al-Orobah FC,clubs | games | transfers,True,True,True,False,2024-08-23,2025-06-30,2
39550,Chalkineos,Chalkineos,transfers,False,True,False,False,2007-07-01,2007-07-01,1
39637,Zakho SC,Zakho SC,transfers,False,True,False,False,2025-07-31,2025-07-31,1
39647,Granada Yth.,Granada Yth.,transfers,False,True,False,False,2017-07-01,2023-07-01,1
39668,Neckarau Yth.,Neckarau Yth.,transfers,False,True,False,False,2003-07-01,2006-07-01,1
39711,ACD Campodarsego,ACD Campodarsego,games,False,False,True,False,2016-07-30,2018-07-29,1
39722,Erzurumspor FK,BB Erzurumspor | Erzurumspor FK,clubs | games | transfers,True,True,True,False,2015-08-18,2026-06-30,2
39724,NKU Norse,NKU Norse,transfers,False,True,False,False,2020-07-01,2020-07-01,1
39761,Erle 08 Yth.,Erle 08 Yth.,transfers,False,True,False,False,2001-07-01,2001-07-01,1
39780,Nordwest U19,Nordwest U19,transfers,False,True,False,False,2016-07-01,2017-07-01,1
39797,Cankaya SK,Ankara Adliye | Cankaya SK,transfers,False,True,False,False,2013-08-26,2026-06-30,2
39803,Sirens FC,Sirens FC,games,False,False,True,False,2020-08-27,2020-08-27,1
39805,Tuzlaspor,Beykoz Anadolu | Tuzlaspor,transfers,False,True,False,False,2013-08-01,2025-09-05,2
39807,Diyarbekir Spor,Diyarbekir Spor,transfers,False,True,False,False,2023-08-16,2024-01-10,1
39813,Barça U18,Barça U18,transfers,False,True,False,False,2007-07-01,2023-07-01,1
39815,NY Red Bulls II,NY Red Bulls II,transfers,False,True,False,False,2019-04-12,2021-11-30,1
39822,Real Madrid U18,Real Madrid U18,transfers,False,True,False,False,2005-07-01,2022-07-01,1
39835,SSU Poli,SSU Poli,transfers,False,True,False,False,2018-07-01,2020-10-01,1
39844,Uerdingen Jgd.,Uerdingen Jgd.,transfers,False,True,False,False,2011-07-01,2011-07-01,1
39869,1461 Trabzon,1461 Trabzon | Hekimoglu,transfers,False,True,False,False,2021-01-05,2026-02-06,2
39870,Kizilcabölük,Kizilcabölük,transfers,False,True,False,False,2013-08-01,2014-07-16,1
39874,Holsatia Youth,Holsatia Youth,transfers,False,True,False,False,2011-07-01,2011-07-01,1
39877,Billstedt Yth.,Billstedt Yth.,transfers,False,True,False,False,2018-01-01,2018-01-01,1
39878,Billstedt U17,Billstedt U17,transfers,False,True,False,False,2020-07-01,2021-07-01,1
39908,IDV U20,IDV U20,transfers,False,True,False,False,2015-01-01,2023-01-01,1
39948,El Nacional B,El Nacional B,transfers,False,True,False,False,2014-01-01,2017-07-30,1
39950,Independiente B,Independiente B,transfers,False,True,False,False,2015-01-01,2016-01-01,1
39962,RB Leipzig Yth.,RB Leipzig Yth.,transfers,False,True,False,False,2013-07-01,2022-07-01,1
39986,Trabzonspor U18,Trabzonspor U18,transfers,False,True,False,False,2011-10-14,2012-07-01,1
39989,Frattese Calcio,Frattese Calcio,games,False,False,True,False,2016-07-31,2016-07-31,1
39992,Trabzonspor U16,Trabzonspor U16,transfers,False,True,False,False,2012-09-07,2024-07-01,1
39993,Trabzonspor U17,Trabzonspor U17,transfers,False,True,False,False,2013-07-01,2025-07-01,1
40039,Abha,Abha,transfers,False,True,False,False,2020-10-20,2024-02-11,1
40051,W. Gemen Yth.,W. Gemen Yth.,transfers,False,True,False,False,2014-07-01,2014-07-01,1
40058,New York City Football Club,New York City | New York City Football Club,clubs | games | transfers,True,True,True,False,2016-01-16,2026-05-24,2
40067,Hammer SpVg U17,Hammer SpVg U17,transfers,False,True,False,False,2021-07-01,2021-07-01,1
40079,Al-Tai,Al-Tai,transfers,False,True,False,False,2021-07-01,2023-08-23,1
40090,FK Kauno Zalgiris,FK Kauno Zalgiris | Kauno Zalgiris,games | transfers,False,True,True,False,2019-07-11,2026-01-01,2
40100,Stal II,Stal II,transfers,False,True,False,False,2005-07-01,2011-07-01,1
40115,Örgryte U17,Örgryte U17,transfers,False,True,False,False,2016-12-06,2016-12-06,1
40120,Sampaio-RJ,Sampaio-RJ,transfers,False,True,False,False,2017-01-01,2020-09-30,1
40139,CD Sariñena,CD Sariñena,games,False,False,True,False,2013-09-04,2013-09-11,1
40162,CD Tropezón,CD Tropezón,games,False,False,True,False,2013-09-04,2025-10-28,1
40168,AD San Juan,AD San Juan,games,False,False,True,False,2013-09-04,2022-11-13,1
40175,UD Mutilvera,UD Mutilvera,games | transfers,False,True,True,False,2018-09-05,2025-10-29,1
40188,Atlético de San Luis,Atlético de San Luis | San Luis,clubs | games | transfers,True,True,True,False,2017-07-01,2026-04-26,2
40196,Hercílio Luz,Hercílio Luz,transfers,False,True,False,False,2021-01-01,2021-01-01,1
40241,CD Clan Juvenil,CD Clan Juvenil,transfers,False,True,False,False,2018-02-27,2018-07-07,1
40253,MASV,MASV | MASV Arnhem,games | transfers,False,True,True,False,2018-08-18,2023-07-01,2
40270,FC Ordino,FC Ordino,transfers,False,True,False,False,2025-09-01,2026-01-01,1
40280,Spartak 2,Spartak 2 | Spartak-D Moscow,transfers,False,True,False,False,2013-07-01,2026-01-24,2
40311,Boeung Ket,Boeung Ket,transfers,False,True,False,False,2025-07-05,2025-07-05,1
40335,RKSV Minor,RKSV Minor,games,False,False,True,False,2019-08-17,2019-08-17,1
40352,SS Matelica Calcio,Matelica | SS Matelica Calcio,games | transfers,False,True,True,False,2014-08-10,2019-08-04,2
40365,Westerrade Yth.,Westerrade Yth.,transfers,False,True,False,False,2009-07-01,2009-07-01,1
40373,Viktoria Berlin,FC Viktoria 1889 Berlin | Viktoria Berlin,games | transfers,False,True,True,False,2018-07-03,2024-08-18,2
40387,FK Karlivka,FK Karlivka,games,False,False,True,False,2013-07-24,2013-08-07,1
40391,Lège Cap-Ferret,Lège Cap-Ferret,transfers,False,True,False,False,2016-07-01,2017-07-01,1
40416,Septemvri Sofia,Septemvri Sofia,transfers,False,True,False,False,2019-02-01,2025-08-15,1
40419,Celta Vigo Yout,Celta Vigo Yout | Celta Vigo Yth.,transfers,False,True,False,False,2007-07-01,2022-02-05,2
40421,Rayo Vallecano,Rayo Vallecano | Rayo Youth,transfers,False,True,False,False,2012-07-01,2019-07-01,2
40422,Betis U19,Betis U19,transfers,False,True,False,False,2012-07-01,2022-10-01,1
40424,Fr'hafen. Yth.,Fr'hafen. Yth.,transfers,False,True,False,False,2005-07-01,2005-07-01,1
40426,FC Tosno (-2018),FC Tosno (-2018) | Tosno,clubs | games | transfers,True,True,True,False,2013-04-01,2018-07-01,2
40427,FС Vologda (-2014),FС Vologda (-2014),games,False,False,True,False,2012-07-17,2013-07-10,1
40441,CFF Paris U18,CFF Paris U18,transfers,False,True,False,False,2016-07-01,2021-07-01,1
40444,Golden Lion,Golden Lion,transfers,False,True,False,False,2018-08-01,2019-07-04,1
40445,Nestos,Nestos | Nestos Chrysoupolis,games | transfers,False,True,True,False,2021-08-29,2025-08-26,2
40456,Vereya,Vereya,transfers,False,True,False,False,2018-01-30,2018-06-30,1
40465,AJ Auxerre Yth.,AJ Auxerre Yth.,transfers,False,True,False,False,2005-07-01,2020-07-01,1
40466,AJ Auxerre U17,AJ Auxerre U17,transfers,False,True,False,False,2008-07-01,2022-07-01,1
40470,US Torcy Yth.,US Torcy Yth.,transfers,False,True,False,False,2005-07-01,2020-07-01,1
40494,Las Palmas Yth.,Las Palmas Yth.,transfers,False,True,False,False,2009-07-01,2023-07-01,1
40495,Las Palmas U19,Las Palmas U19,transfers,False,True,False,False,2008-07-01,2025-07-01,1
40523,FK Nikopol,FC Nikopol | FK Nikopol | Nikopol-NPGU,games | transfers,False,True,True,False,2012-07-25,2021-08-31,3
40538,Urbetevere,Urbetevere,transfers,False,True,False,False,2019-08-08,2024-01-09,1
40570,RKSV Volkel,RKSV Volkel,games,False,False,True,False,2013-08-28,2013-08-28,1
40572,SV DFS Opheusden,SV DFS Opheusden,games,False,False,True,False,2013-08-28,2018-09-25,1
40573,SVL Langbroek,SVL Langbroek,games,False,False,True,False,2013-08-28,2013-08-28,1
40582,Lusitano FCV,Lusitano FCV,transfers,False,True,False,False,2016-07-01,2017-07-01,1
40593,Malmö FF U17,Malmö FF U17,transfers,False,True,False,False,2013-01-01,2022-01-01,1
40604,Arda Kardzhali,Arda Kardzhali,games | transfers,False,True,True,False,2019-09-12,2026-06-30,1
40635,Heilbronn Yth.,Heilbronn Yth.,transfers,False,True,False,False,2013-07-01,2013-07-01,1
40636,St. Laval Yth.,St. Laval Yth.,transfers,False,True,False,False,2017-07-01,2017-07-01,1
40660,Rozwoj U19,Rozwoj U19,transfers,False,True,False,False,2012-01-01,2012-01-01,1
40662,Meervogels '31,Meervogels '31,transfers,False,True,False,False,2010-07-01,2011-07-01,1
40678,Ludogorets II,Ludogorets II,transfers,False,True,False,False,2018-01-30,2019-07-01,1
40679,Ludogorets U19,Ludogorets U19,transfers,False,True,False,False,2015-02-11,2016-07-01,1
40719,Vik. Berlin U19,Vik. Berlin U19,transfers,False,True,False,False,2016-07-01,2022-07-01,1
40731,CF Montañesa,CF Montañesa,games,False,False,True,False,2020-11-11,2020-11-11,1
40735,UE Vic,UE Vic,games,False,False,True,False,2024-10-09,2024-10-31,1
40737,FK Belogorsk,FK Belogorsk,games,False,False,True,False,2013-07-16,2017-07-24,1
40761,JDFS Alberts,JDFS Alberts,transfers,False,True,False,False,2022-01-01,2024-04-22,1
40770,Enerhiya Mykolaiv,Enerhiya Mykolaiv,games,False,False,True,False,2013-07-24,2013-09-25,1
40775,GKS Wikielec,GKS Wikielec,transfers,False,True,False,False,2022-04-19,2022-06-30,1
40777,Lleida Youth,Lleida Youth,transfers,False,True,False,False,2019-07-01,2019-07-01,1
40782,Costa Brava You,Costa Brava You,transfers,False,True,False,False,2022-02-09,2022-02-09,1
40788,Super Nova,Super Nova,transfers,False,True,False,False,2021-09-06,2022-03-19,1
40792,Snina,Snina,transfers,False,True,False,False,2015-03-06,2019-01-18,1
40798,Gazprom Transgaz Stavropol (- 2014),Gazprom Transgaz Stavropol (- 2014),games,False,False,True,False,2013-07-26,2013-08-13,1
40800,Krogsbölle-Roerslev FK,Krogsbölle-Roerslev FK,games,False,False,True,False,2017-08-08,2023-08-09,1
40804,Tarup-Paarup IF,Tarup-Paarup IF,games,False,False,True,False,2015-09-09,2024-08-06,1
40812,Universitatea Craiova,CS U Craiova | Universitatea Craiova,clubs | games | transfers,True,True,True,False,2017-07-01,2026-03-08,2
40835,Sacramento FC,Sacramento FC,transfers,False,True,False,False,2021-01-13,2026-01-16,1
40843,FC Voluntari,FC Voluntari,transfers,False,True,False,False,2020-09-22,2021-07-09,1
40894,DYuSSh Strogino,DYuSSh Strogino,transfers,False,True,False,False,2013-09-01,2022-09-02,1
40896,Strogino Moscow,Strogino Moscow,games | transfers,False,True,True,False,2013-07-10,2025-08-20,1
40902,Right to Dream,Right to Dream,transfers,False,True,False,False,2020-08-01,2022-07-01,1
40977,Atlético Astorga,Astorga | Atlético Astorga,games | transfers,False,True,True,False,2014-09-03,2025-10-29,2
40979,CD Cayón,CD Cayón,games,False,False,True,False,2021-11-30,2023-12-07,1
41026,IF Elfsborg U17,IF Elfsborg U17,transfers,False,True,False,False,2016-01-27,2017-01-01,1
41029,CF Vimenor,CF Vimenor,games,False,False,True,False,2022-11-13,2022-11-13,1
41030,Bengaluru FC,Bengaluru FC,transfers,False,True,False,False,2023-07-18,2024-01-17,1
41035,Mjällby AIF U17,Mjällby AIF U17,transfers,False,True,False,False,2015-01-08,2015-01-08,1
41044,PEC Youth,PEC Youth,transfers,False,True,False,False,2012-07-01,2021-07-01,1
41061,Corvinul Hunedoara,Corvinul Hunedoara | FC Hunedoara,games | transfers,False,True,True,False,2007-01-01,2024-08-14,2
41101,Juve Next Gen,Juve Next Gen | Juventus U23,transfers,False,True,False,False,2018-08-17,2026-06-30,2
41107,Milan U23,Milan Futuro | Milan U23,transfers,False,True,False,False,2024-07-01,2024-07-12,2
41110,Atalanta U23,Atalanta U23,transfers,False,True,False,False,2023-07-01,2026-06-30,1
41119,Inter U23,Inter U23,transfers,False,True,False,False,2025-06-30,2026-06-30,1
41127,Myr Gornostaivka,Myr Gornostaivka,games,False,False,True,False,2013-08-07,2018-09-26,1
41133,Iberia 1999 Tbilisi,Iberia 1999 Tbilisi | Saburtalo,games | transfers,False,True,True,False,2010-01-01,2025-07-29,2
41146,Clodiense,Clodiense,transfers,False,True,False,False,2021-08-02,2022-06-30,1
41166,Iraklis Ampelo.,Iraklis Ampelo. | Iraklis Ampelokipon,games | transfers,False,True,True,False,2019-09-05,2021-08-29,2
41190,Vityaz P. II,Vityaz P. II,transfers,False,True,False,False,2014-07-01,2014-08-29,1
41194,Krasnodar 2,Krasnodar 2,transfers,False,True,False,False,2014-07-01,2025-06-30,1
41197,AE Sparti,AE Sparti,games,False,False,True,False,2016-09-14,2018-09-16,1
41201,PFK Tambov (-2021),PFK Tambov (-2021) | Tambov,clubs | games | transfers,True,True,True,False,2013-07-11,2021-05-16,2
41229,AO Neos Asteras,AO Neos Asteras | AO Neos Asteras Rethymnou,games | transfers,False,True,True,False,2020-07-01,2023-08-26,2
41230,CD Diocesano,CD Diocesano,games,False,False,True,False,2022-11-13,2022-12-20,1
41231,FK Sochi,FK Sochi | Sochi,clubs | games | transfers,True,True,True,False,2018-07-01,2026-05-17,2
41264,Pogradeci U19,Pogradeci U19,transfers,False,True,False,False,2012-07-01,2013-07-02,1
41265,Dragovoljac Jgd,Dragovoljac Jgd,transfers,False,True,False,False,2013-07-01,2013-07-01,1
41266,Dragovoljac U17,Dragovoljac U17,transfers,False,True,False,False,2013-07-01,2015-08-14,1
41269,Shkëndija U19,Shkëndija U19,transfers,False,True,False,False,2018-07-01,2020-08-17,1
41274,Beerschot VA,Beerschot V.A. | Beerschot VA | KFCO Beerschot,clubs | games | transfers,True,True,True,False,2017-07-07,2025-09-08,3
41278,ACSC FC Arges,ACSC FC Arges | FC Arges,clubs | games | transfers,True,True,True,False,2022-07-01,2026-03-08,2
41300,Boldklubben Stjernen 1968,Boldklubben Stjernen 1968,games,False,False,True,False,2013-08-27,2013-08-27,1
41303,FC Udfordringen,FC Udfordringen,games,False,False,True,False,2013-09-11,2013-09-11,1
41304,,,games,False,False,True,False,2013-08-27,2013-08-27,0
41305,Mejrup GU,Mejrup GU,games,False,False,True,False,2013-08-28,2025-09-02,1
41354,C. Sesvete Yth.,C. Sesvete Yth.,transfers,False,True,False,False,2005-08-19,2005-08-19,1
41394,CD Boiro,CD Boiro,games,False,False,True,False,2016-08-31,2023-11-01,1
41396,CD Illescas,CD Illescas,transfers,False,True,False,False,2023-07-10,2024-07-04,1
41403,SD Tarazona,SD Tarazona,games | transfers,False,True,True,False,2017-09-06,2025-10-29,1
41404,,,games,False,False,True,False,2025-09-27,2025-10-04,0
41405,Unión Collado,Unión Collado,transfers,False,True,False,False,2023-08-24,2024-07-01,1
41409,CD Varea,CD Varea,games,False,False,True,False,2014-09-03,2023-10-31,1
41444,UM Escobedo,UM Escobedo,games | transfers,False,True,True,False,2019-12-17,2026-06-30,1
41452,CD Mirandés B,CD Mirandés B,transfers,False,True,False,False,2022-08-10,2023-07-12,1
41494,FC Saxan,FC Saxan | FC Saxan Ceadir-Lunga,games | transfers,False,True,True,False,2015-07-01,2017-08-02,2
41529,Castro Daire,Castro Daire,transfers,False,True,False,False,2021-07-01,2022-08-10,1
41533,BRW-VIK,BRW-VIK | VIK-Volyn,transfers,False,True,False,False,2009-01-01,2021-07-01,2
41539,Sernache,Sernache,transfers,False,True,False,False,2020-07-01,2021-07-01,1
41545,Cizre Spor,Cizre Spor,transfers,False,True,False,False,2021-02-01,2021-06-30,1
41552,Osmaniyespor FK,Osmaniyespor FK,transfers,False,True,False,False,2019-08-21,2026-06-30,1
41553,GMG Kastamonu,GMG Kastamonu | Kastamonu 1966,transfers,False,True,False,False,2016-08-17,2025-07-26,2
41554,Usak Spor Yth,Usak Spor Yth,transfers,False,True,False,False,2019-09-06,2022-07-01,1
41556,Kirsehir FSK,Kirsehir FSK,transfers,False,True,False,False,2024-02-07,2024-02-07,1
41591,Galatasaray U19,Galatasaray U19,transfers,False,True,False,False,2013-07-01,2026-06-30,1
41604,Atlético Tordesillas,Atlético Tordesillas,games,False,False,True,False,2025-10-28,2025-10-28,1
41615,Beersch. Youth,Beersch. Youth,transfers,False,True,False,False,2011-07-01,2023-07-01,1
41621,RAEC Mons Youth,RAEC Mons Youth,transfers,False,True,False,False,2008-07-01,2015-07-01,1
41622,Charleroi Youth,Charleroi Youth,transfers,False,True,False,False,2018-07-01,2025-07-01,1
41635,STVV Youth,STVV Youth,transfers,False,True,False,False,2017-07-01,2022-07-01,1
41637,NK Arbanasi,NK Arbanasi,transfers,False,True,False,False,2011-09-02,2011-09-02,1
41654,Madura United,Madura United,transfers,False,True,False,False,2024-07-13,2024-07-17,1
41688,Real Oviedo You,Real Oviedo You,transfers,False,True,False,False,2010-07-01,2010-07-01,1
41692,Ghiviborgo,Ghiviborgo,transfers,False,True,False,False,2026-02-02,2026-06-30,1
41709,CE Manresa,CE Manresa,games,False,False,True,False,2022-11-13,2023-11-01,1
41740,Heidenheim Yth.,Heidenheim Yth.,transfers,False,True,False,False,2018-07-01,2021-07-01,1
41746,Pedras Salgadas,Pedras Salgadas,transfers,False,True,False,False,2021-07-01,2023-07-21,1
41761,FC Ascó,FC Ascó,games,False,False,True,False,2015-09-02,2015-09-02,1
41764,Dugopolje Jgd,Dugopolje Jgd,transfers,False,True,False,False,2007-07-01,2007-07-01,1
41765,Dugopolje U17,Dugopolje U17,transfers,False,True,False,False,2007-07-01,2013-07-01,1
41773,KF Kurda,KF Kurda,transfers,False,True,False,False,2018-07-01,2020-01-10,1
41791,Besiktas U16,Besiktas U16,transfers,False,True,False,False,2011-07-01,2022-07-01,1
41792,Besiktas U17,Besiktas U17,transfers,False,True,False,False,2012-07-01,2023-07-01,1
41794,Fenerbahce U18,Fenerbahce U18,transfers,False,True,False,False,2010-07-01,2013-07-01,1
41798,Trabzonspor U19,Trabzonspor U19,transfers,False,True,False,False,2014-07-01,2025-09-16,1
41852,Besiktas U19,Besiktas U19,transfers,False,True,False,False,2013-07-01,2026-06-30,1
41854,Fenerbahce U19,Fenerbahce U19,transfers,False,True,False,False,2014-07-01,2025-08-19,1
41903,Los Molinos,Los Molinos,transfers,False,True,False,False,2009-07-01,2009-07-01,1
41916,Inter Club d'Escaldes,Inter Club d'Escaldes,games,False,False,True,False,2020-08-08,2025-07-29,1
41934,,,games,False,False,True,False,2020-08-29,2020-08-29,0
42039,Salamanca CF UDS,Salamanca CF UDS,games,False,False,True,False,2024-10-30,2024-12-03,1
42054,Forth Valley FA,Forth Valley FA,transfers,False,True,False,False,2014-07-01,2016-07-01,1
42055,Genclik Gücü,Genclik Gücü,transfers,False,True,False,False,2025-01-17,2027-05-30,1
42101,Ankaragücü Yth,Ankaragücü Yth,transfers,False,True,False,False,2015-01-14,2023-10-16,1
42109,Karmiotissa,Karmiotissa,transfers,False,True,False,False,2017-01-31,2024-08-31,1
42122,Vigor Perconti,Vigor Perconti,transfers,False,True,False,False,2017-07-01,2017-07-01,1
42123,Mokawloon U23,Mokawloon U23,transfers,False,True,False,False,2020-01-24,2020-01-24,1
42153,FC Heart Acad.,FC Heart Acad.,transfers,False,True,False,False,2023-07-07,2023-07-07,1
42165,Daventry Town,Daventry Town,games,False,False,True,False,2013-11-09,2013-11-09,1
42219,BJ FA,BJ FA,transfers,False,True,False,False,2014-01-02,2014-01-02,1
42221,El-Kadme Acad.,El-Kadme Acad.,transfers,False,True,False,False,2015-07-30,2016-08-26,1
42232,Arsenal Academy,Arsenal Academy,transfers,False,True,False,False,2016-12-08,2016-12-08,1
42245,Steins Thistle,Steins Thistle,games,False,False,True,False,2025-08-09,2025-08-09,1
42246,Europa FC,Europa FC,games,False,False,True,False,2014-07-03,2023-07-20,1
42249,Luzern Yth.,Luzern Yth.,transfers,False,True,False,False,2018-07-01,2018-07-01,1
42269,1461 Trbzn. Yth,1461 Trabzon Yt | 1461 Trbzn. Yth,transfers,False,True,False,False,2009-10-07,2015-02-18,2
42271,Istanbul U21,Istanbul U21,transfers,False,True,False,False,2003-08-08,2019-07-01,1
42277,FTM Gern Yth.,FTM Gern Yth.,transfers,False,True,False,False,2014-07-01,2014-07-01,1
42287,Rosenheim Yth.,Rosenheim Yth.,transfers,False,True,False,False,2003-07-01,2016-07-01,1
42295,Greifs. SC Yth.,Greifs. SC Yth.,transfers,False,True,False,False,2002-07-01,2002-07-01,1
42307,Istanbul Yth,Istanbul Yth,transfers,False,True,False,False,2013-02-01,2023-07-01,1
42308,Calvi Noale,Calvi Noale,transfers,False,True,False,False,2025-10-27,2025-10-27,1
42310,FA Siauliai,FA Siauliai,games,False,False,True,False,2024-07-11,2024-07-18,1
42331,AIK U17,AIK U17,transfers,False,True,False,False,2010-01-01,2021-01-01,1
42333,BSV Fort. Yth.,BSV Fort. Yth.,transfers,False,True,False,False,2002-07-01,2002-07-01,1
42337,FSV Witten Yth.,FSV Witten Yth.,transfers,False,True,False,False,2013-07-01,2014-07-01,1
42351,SV Herbede Yth.,SV Herbede Yth.,transfers,False,True,False,False,2013-07-01,2013-07-01,1
42376,Vikt. Köln Yth.,Vikt. Köln Yth.,transfers,False,True,False,False,2018-07-01,2024-07-01,1
42390,Uchtelf. Yth.,Uchtelf. Yth.,transfers,False,True,False,False,2004-07-01,2004-07-01,1
42394,Galway United,Galway United,transfers,False,True,False,False,2018-08-30,2021-02-01,1
42396,SC Weitmar Yth.,SC Weitmar Yth.,transfers,False,True,False,False,1998-07-01,1998-07-01,1
42457,Club Atlético Antoniano,CA Antoniano | Club Atlético Antoniano,games | transfers,False,True,True,False,2019-11-13,2025-12-03,2
42459,Ravensburg Yth.,Ravensburg Yth.,transfers,False,True,False,False,2001-07-01,2001-07-01,1
42482,WSV Bochum Yth.,WSV Bochum Yth.,transfers,False,True,False,False,2002-07-01,2004-07-01,1
42543,IF Bromma U17,IF Bromma U17,transfers,False,True,False,False,2008-07-01,2023-02-01,1
42546,Mons Calpe SC,Mons Calpe SC,games,False,False,True,False,2021-07-06,2021-07-15,1
42572,DTS '35 Ede,DTS '35 Ede,games,False,False,True,False,2020-08-29,2021-09-21,1
42609,Aubagne Air Bel,Aubagne Air Bel | Aubagne FC,transfers,False,True,False,False,2023-09-10,2026-06-30,2
42622,Metz Youth,Metz Youth,transfers,False,True,False,False,2004-07-01,2016-07-01,1
42661,Pol. Cimiano,Pol. Cimiano,transfers,False,True,False,False,2011-07-01,2011-07-01,1
42662,Thermaikos Kor.,Thermaikos Kor.,transfers,False,True,False,False,2013-08-28,2013-08-28,1
42698,Trabzonspor Yth,Trabzonspor Yth,transfers,False,True,False,False,2009-10-07,2023-07-01,1
42746,Desportivo U20,Desportivo U20,transfers,False,True,False,False,2011-07-01,2011-07-01,1
42753,Bursaspor Yth,Bursaspor Yth,transfers,False,True,False,False,2006-07-01,2022-03-11,1
42756,G.Birligi Yth,G.Birligi Yth,transfers,False,True,False,False,2007-08-30,2019-08-07,1
42761,FC Mariupol U19,FC Mariupol U19 | Ilyichivets U19,transfers,False,True,False,False,2014-08-01,2020-08-01,2
42764,Volyn Lutsk U19,Volyn Lutsk U19,transfers,False,True,False,False,2014-08-01,2020-09-03,1
42779,Laredo U19,Laredo U19,transfers,False,True,False,False,2013-07-01,2013-07-01,1
42781,Tlaxcala,Tlaxcala,transfers,False,True,False,False,2025-08-20,2025-08-20,1
42815,AKA Admira U15,AKA Admira U15,transfers,False,True,False,False,2017-07-01,2018-07-01,1
42816,AKA Admira U16,AKA Admira U16,transfers,False,True,False,False,2018-07-01,2019-07-01,1
42817,AKA Austria U15,AKA Austria U15 | Austria U15,transfers,False,True,False,False,2009-01-01,2017-07-01,2
42818,AKA Austria U16,AKA Austria U16 | AKA Austria U17,transfers,False,True,False,False,2009-07-01,2018-07-01,2
42819,Bgld. U15,Bgld. U15 | Burgenland U15,transfers,False,True,False,False,2007-07-20,2010-07-01,2
42820,Burgenland U16,Burgenland U16,transfers,False,True,False,False,2011-07-01,2011-07-01,1
42823,AKA Rapid U15,AKA Rapid U15 | Rapid U15,transfers,False,True,False,False,2005-07-01,2015-07-01,2
42824,AKA Rapid U16,AKA Rapid U16 | Rapid U17,transfers,False,True,False,False,2006-01-01,2020-07-01,2
42825,AKA Salzb. U15,AKA Salzb. U15 | Salzburg U15,transfers,False,True,False,False,2004-07-19,2018-07-01,2
42826,AKA Salzb. U16,AKA Salzb. U16 | Salzburg U17,transfers,False,True,False,False,2006-07-01,2019-07-01,2
42827,St. Pölten U15,St. Pölten U15,transfers,False,True,False,False,2017-07-01,2019-07-01,1
42828,St. Pölten U16,St. Pölten U16,transfers,False,True,False,False,2019-07-01,2020-01-02,1
42829,Sturm Graz U15,Sturm Graz U15,transfers,False,True,False,False,2008-12-17,2009-04-03,1
42833,AKA Tirol U15,AKA Tirol U15,transfers,False,True,False,False,2014-07-01,2020-07-01,1
42834,AKA Tirol U16,AKA Tirol U16,transfers,False,True,False,False,2015-07-01,2021-07-01,1
42835,Vorarlberg U15,Vorarlberg U15,transfers,False,True,False,False,2013-07-01,2014-07-01,1
42836,Vorarlberg U16,Vorarlberg U16,transfers,False,True,False,False,2014-07-01,2015-07-01,1
42891,RSC Habay,RSC Habay,transfers,False,True,False,False,2026-01-29,2026-01-29,1
42907,CFJ Mollerussa,CFJ Mollerussa,games,False,False,True,False,2021-11-17,2022-11-13,1
42928,UE Rubí,UE Rubí,games,False,False,True,False,2023-10-12,2023-11-01,1
42938,Redhill,Redhill,transfers,False,True,False,False,2012-07-01,2012-07-01,1
42955,AIA-Tranbjerg,AIA-Tranbjerg,games,False,False,True,False,2022-08-02,2022-08-02,1
43000,Grassland FC,Grassland FC,transfers,False,True,False,False,2018-07-01,2018-07-01,1
43013,BB Erzurum U21,BB Erzurum U21,transfers,False,True,False,False,2018-02-02,2018-07-01,1
43032,FC Bruno's Magpies,FC Bruno's Magpies,games,False,False,True,False,2022-07-07,2025-07-17,1
43041,LA Galaxy Acad.,LA Galaxy Acad.,transfers,False,True,False,False,2015-07-01,2023-12-20,1
43119,H. Jerusalem,H. Jerusalem,transfers,False,True,False,False,2021-07-01,2025-01-12,1
43162,FK Liepaja,FK Liepaja | Liepaja,games | transfers,False,True,True,False,2016-07-12,2024-07-18,2
43177,Hwaseong FC,Hwaseong FC,transfers,False,True,False,False,2025-07-18,2025-07-18,1
43203,FC Iserlohn U19,FC Iserlohn U19,transfers,False,True,False,False,2021-07-01,2022-01-01,1
43229,Neckarau U17,Neckarau U17,transfers,False,True,False,False,2006-07-01,2007-07-01,1
43251,Bad Vöslau Jgd,Bad Vöslau Jgd,transfers,False,True,False,False,2011-08-22,2011-08-22,1
43267,SV Anger Jgd,SV Anger Jgd,transfers,False,True,False,False,2006-07-01,2007-07-01,1
43272,SV Sigleß Jgd,SV Sigleß Jgd,transfers,False,True,False,False,2011-07-01,2011-07-01,1
43283,JMG Lier,JMG Lier,transfers,False,True,False,False,2008-07-01,2013-11-20,1
43293,SVZW U21,SVZW U21,transfers,False,True,False,False,2017-07-01,2021-07-01,1
43306,LONGA '30,LONGA '30,games,False,False,True,False,2015-08-26,2015-08-26,1
43418,Osmanlispor Yth,Ankaraspor Yth | Osmanlispor Yth,transfers,False,True,False,False,2011-10-07,2019-09-05,2
43419,Besiktas Yth,Besiktas Yth,transfers,False,True,False,False,2011-07-01,2021-07-01,1
43420,Boluspor Yth,Boluspor Yth,transfers,False,True,False,False,2016-09-01,2016-09-01,1
43421,Bucaspor Yth,Bucaspor Yth,transfers,False,True,False,False,2013-01-07,2018-12-14,1
43422,Eskisehir Yth.,Eskisehir Yth.,transfers,False,True,False,False,2017-07-01,2018-07-01,1
43423,Fenerbahce Yth.,Fenerbahce Yth.,transfers,False,True,False,False,2008-02-05,2022-07-01,1
43426,Fenerbahce U16,Fenerbahce U16,transfers,False,True,False,False,2010-07-01,2023-07-01,1
43427,Fenerbahce U17,Fenerbahce U17,transfers,False,True,False,False,2011-07-01,2023-07-01,1
43428,Galatasaray Yth,Galatasaray Yth,transfers,False,True,False,False,2008-02-13,2022-07-01,1
43431,Galatasaray U16,Galatasaray U16,transfers,False,True,False,False,2010-07-01,2023-07-01,1
43432,Galatasaray U17,Galatasaray U17,transfers,False,True,False,False,2011-07-01,2024-07-01,1
43434,Basaksehir Yth,Basaksehir Yth | Büyüksehir Jgd,transfers,False,True,False,False,2004-09-10,2023-07-01,2
43437,Antalyaspor Yth,Antalyaspor Yth,transfers,False,True,False,False,2009-02-19,2023-07-01,1
43438,Sakaryaspor Yth,Sakaryaspor Yth,transfers,False,True,False,False,2013-09-18,2018-08-17,1
43442,Konyaspor Yth,Konyaspor Yth,transfers,False,True,False,False,2019-09-06,2025-07-01,1
43447,AS Bakaridjan,AS Bakaridjan,transfers,False,True,False,False,2011-07-01,2013-07-01,1
43454,Juventud Torremolinos CF,Juventud Torremolinos CF | Torremolinos,games | transfers,False,True,True,False,2022-11-13,2026-01-15,2
43471,Altay SK Yth,Altay SK Yth,transfers,False,True,False,False,2007-07-01,2014-07-01,1
43472,Altinordu U21,Altinordu U21,transfers,False,True,False,False,2014-08-28,2019-07-01,1
43473,Altinordu Yth,Altinordu Yth,transfers,False,True,False,False,2013-01-07,2021-07-01,1
43474,C. Dardanel Yth,C. Dardanel Yth,transfers,False,True,False,False,2008-10-09,2009-08-24,1
43497,LW Blue Raiders,LW Blue Raiders,transfers,False,True,False,False,2022-05-01,2022-08-07,1
43502,Chertanovo Moscow,Chertanovo | Chertanovo Moscow,games | transfers,False,True,True,False,2015-07-15,2025-08-20,2
43532,FK Tuzla City,FK Tuzla City,games | transfers,False,True,True,False,2021-07-08,2024-07-01,1
43552,Ethnikos Neou Keramidiou,Ethnikos Neou Keramidiou,games,False,False,True,False,2018-08-26,2024-09-14,1
43560,FC Brügge U21,Club NXT | FC Brügge U21,transfers,False,True,False,False,2016-07-01,2025-08-05,2
43561,Kortrijk U21,Kortrijk U21,transfers,False,True,False,False,2022-01-01,2025-09-02,1
43562,KAA Gent U21,Jong KAA Gent | KAA Gent U21,transfers,False,True,False,False,2004-07-01,2024-07-03,2
43563,Jong Cercle,Cercle U21 | Jong Cercle,transfers,False,True,False,False,2017-07-01,2026-07-01,2
43564,KSC Lokeren II,KSC Lokeren II,transfers,False,True,False,False,2017-07-01,2019-07-18,1
43570,Paris SG U23,Paris SG U23,transfers,False,True,False,False,2023-07-01,2025-08-14,1
43618,Charleroi U21,Charleroi U21 | Zébra Élites,transfers,False,True,False,False,2010-07-01,2025-07-01,2
43621,Samsunspor Yth,Samsunspor Yth,transfers,False,True,False,False,2012-11-12,2023-07-01,1
43624,WAVV Wageningen,WAVV Wageningen,games,False,False,True,False,2014-08-27,2014-08-27,1
43644,Porty CFA,Porty CFA,transfers,False,True,False,False,2021-07-02,2021-07-02,1
43656,FK Brodarac,FK Brodarac,transfers,False,True,False,False,2017-07-01,2019-07-01,1
43658,Clairef. Yth.,Clairef. Yth.,transfers,False,True,False,False,2006-07-01,2013-07-01,1
43659,Clairef. U17,Clairef. U17,transfers,False,True,False,False,2006-07-01,2009-07-01,1
43666,NK Solin Jgd,NK Solin Jgd,transfers,False,True,False,False,2011-01-17,2011-01-17,1
43748,Bromley FC Yth.,Bromley FC Yth.,transfers,False,True,False,False,2017-09-13,2017-09-13,1
43786,FC Juniorul,FC Juniorul,transfers,False,True,False,False,2018-07-01,2019-07-01,1
43789,HNK Gorica Jgd,HNK Gorica Jgd,transfers,False,True,False,False,2018-01-26,2018-01-26,1
43806,PAO U17,PAO U17,transfers,False,True,False,False,2017-07-01,2021-05-28,1
43828,Schneverd. Yth.,Schneverd. Yth.,transfers,False,True,False,False,2008-01-01,2008-01-01,1
43836,Hacettepe Yth,Hacettepe Yth,transfers,False,True,False,False,2007-08-30,2018-08-31,1
43843,NEC U17,NEC U17,transfers,False,True,False,False,2011-07-01,2021-07-01,1
43857,OFC Oostzaan,OFC Oostzaan,games,False,False,True,False,2016-08-24,2022-10-20,1
43875,Aliaga FK,Aliaga FK | Gümüsordu Spor,transfers,False,True,False,False,2014-01-16,2014-08-28,2
43898,Manisaspor Yth,Manisaspor Yth,transfers,False,True,False,False,2004-11-24,2015-01-26,1
43900,Sola FK,Sola FK,transfers,False,True,False,False,2024-05-29,2024-05-29,1
43912,CS U Craiova II,CS U Craiova II,transfers,False,True,False,False,2016-07-01,2017-07-01,1
43913,CSU Craiova U19,CSU Craiova U19,transfers,False,True,False,False,2014-07-01,2016-07-01,1
43957,Stumbras,FC Stumbras Kaunas (- 2019) | Stumbras,games | transfers,False,True,True,False,2018-03-01,2019-01-01,2
43983,Adanaspor Yth,Adanaspor Yth,transfers,False,True,False,False,2021-03-10,2021-03-10,1
44006,Bodrum FK,BB Bodrumspor | Bodrum FK,clubs | games | transfers,True,True,True,False,2014-08-07,2026-06-30,2
44007,Cine Madranspor,Cine Madranspor,transfers,False,True,False,False,2013-09-13,2014-08-07,1
44031,Ergene Velimese,Ergene Velimese,transfers,False,True,False,False,2021-01-25,2023-01-19,1
44050,Araklispor Yth,Araklispor Yth,transfers,False,True,False,False,2009-07-01,2009-07-01,1
44084,Pendikspor Yth,Pendikspor Yth,transfers,False,True,False,False,2009-07-01,2023-03-24,1
44098,Hércules Alican,Hércules Alican,transfers,False,True,False,False,2009-07-01,2015-07-01,1
44105,Real Murcia You,Real Murcia You,transfers,False,True,False,False,2015-07-01,2021-07-01,1
44106,Recreativo Yth.,Recreativo Yth.,transfers,False,True,False,False,2012-08-01,2018-10-01,1
44114,Catalcaspor,Catalcaspor,transfers,False,True,False,False,2024-02-08,2024-06-30,1
44129,SD Formentera,SD Formentera,games,False,False,True,False,2015-09-02,2018-01-10,1
44149,Adana Demir Yth,Adana Demir Yth,transfers,False,True,False,False,2021-03-10,2025-09-16,1
44160,Göztepe Yth,Göztepe Yth,transfers,False,True,False,False,2013-03-04,2024-10-01,1
44163,Mogr. Budva U19,Mogr. Budva U19,transfers,False,True,False,False,2011-07-01,2011-07-01,1
44167,RKAVV Leidschendam,RKAVV Leidschendam,games,False,False,True,False,2015-09-02,2024-09-24,1
44194,Villarrubia CF,Villarrubia CF,games,False,False,True,False,2019-12-18,2019-12-18,1
44199,Leganés Youth,Leganés Youth,transfers,False,True,False,False,2012-07-01,2022-07-01,1
44202,Alavés U19,Alavés U19,transfers,False,True,False,False,2006-07-01,2023-07-01,1
44204,Córdoba U19,Córdoba U19,transfers,False,True,False,False,2012-01-01,2019-07-01,1
44205,Elche U19,Elche U19,transfers,False,True,False,False,2007-07-01,2017-07-01,1
44223,Giana Erminio,AS Giana Erminio | Giana Erminio,games | transfers,False,True,True,False,2014-07-01,2026-06-30,2
44230,Bennekom Y.,Bennekom Y.,transfers,False,True,False,False,2013-07-01,2013-07-01,1
44252,Balikesir Yth,Balikesir Yth,transfers,False,True,False,False,2020-08-04,2020-08-04,1
44277,Iskenderunspor,Erzin Spor | Iskenderunspor,transfers,False,True,False,False,2019-09-02,2025-07-15,2
44281,B. Yeni Carsi,B. Yeni Carsi,transfers,False,True,False,False,2025-01-16,2025-06-30,1
44286,Bucaspor 1928,Bucaspor 1928 | Tire 1922 Spor,transfers,False,True,False,False,2015-02-02,2024-01-11,2
44289,Dibba SCC,Dibba Fujairah | Dibba SCC,transfers,False,True,False,False,2022-07-28,2025-06-30,2
44290,Etimesgut Bld,Etimesgut Bld | Etimesgut SK,transfers,False,True,False,False,2017-01-24,2025-06-30,2
44303,Bebides 2000,Bebides 2000,transfers,False,True,False,False,2018-07-01,2018-07-01,1
44345,Kragujevac U19,Kragujevac U19,transfers,False,True,False,False,2013-01-01,2013-01-01,1
44349,AVV Swift,AVV Swift,games,False,False,True,False,2017-08-23,2017-10-25,1
44351,Kayserispor Yth,Kayserispor Yth,transfers,False,True,False,False,2013-07-01,2024-01-01,1
44352,Erciyes 38 FK,Erciyes 38 FK | Talasgücü Bld,transfers,False,True,False,False,2024-02-09,2026-06-30,2
44356,Usakspor Yth,Usakspor Yth,transfers,False,True,False,False,2008-10-10,2008-10-10,1
44360,Araz-Nakhchivan,Araz-Nakhchivan,games | transfers,False,True,True,False,2025-07-01,2025-08-14,1
44367,Pepingen-Halle,Pepingen-Halle,transfers,False,True,False,False,2022-07-21,2023-06-30,1
44368,Schaerbeek,Schaerbeek,transfers,False,True,False,False,2024-07-01,2024-07-01,1
44394,KFC Houtvenne,KFC Houtvenne,transfers,False,True,False,False,2024-07-01,2026-06-30,1
44400,Radolfzell Yth.,Radolfzell Yth.,transfers,False,True,False,False,2015-07-01,2016-07-01,1
44424,Jong KVM,Jong KVM | KV Mechelen U21,transfers,False,True,False,False,2020-01-01,2026-02-02,2
44427,RKSV De Ster,RKSV De Ster,games,False,False,True,False,2014-08-27,2014-08-27,1
44446,Thistle WYA,Thistle WYA,transfers,False,True,False,False,2020-07-01,2020-07-01,1
44447,Goverla U19,Goverla U19,transfers,False,True,False,False,2014-08-01,2015-01-01,1
44448,Zorya U19,Zorya U19,transfers,False,True,False,False,2012-08-01,2025-09-11,1
44452,SC 't Zand Tilburg,SC 't Zand Tilburg,games,False,False,True,False,2025-09-03,2025-09-23,1
44455,VV Eemdijk,VV Eemdijk,games,False,False,True,False,2018-08-18,2025-10-30,1
44482,Broomhill FC,BSC Glasgow | Broomhill | Broomhill FC,games | transfers,False,True,True,False,2016-10-22,2025-05-31,3
44504,Vybor-Kurbatovo,Vybor-Kurbatovo | Vybor-Kurbatovo Voronezh (-2015),games | transfers,False,True,True,False,2014-07-01,2015-04-16,2
44518,,,games,False,False,True,False,2016-08-24,2016-08-24,0
44564,Xerez Deportivo,Xerez Deportivo | Xerez Deportivo FC,games | transfers,False,True,True,False,2021-12-02,2025-09-03,2
44572,VV Buitenpost,VV Buitenpost,games,False,False,True,False,2017-08-26,2020-10-06,1
44584,Deportiva Minera,Deportiva Minera,games,False,False,True,False,2024-10-31,2025-01-06,1
44586,Dundee U17,Dundee U17,transfers,False,True,False,False,2017-07-01,2017-07-01,1
44588,Barsa Sumy,Barsa Sumy,games,False,False,True,False,2015-07-22,2015-07-22,1
44594,RKVV DEM,RKVV DEM,games,False,False,True,False,2019-08-17,2024-09-04,1
44605,VV Chevremont,VV Chevremont,games,False,False,True,False,2016-08-17,2023-08-13,1
44640,CD Azuaga,CD Azuaga,games,False,False,True,False,2023-11-01,2025-10-29,1
44664,Pyramids FC,Pyramids FC,transfers,False,True,False,False,2018-08-18,2020-08-25,1
44667,Weinheim Yth.,Weinheim Yth.,transfers,False,True,False,False,2005-07-01,2005-07-01,1
44675,VV DZOH Emmen,VV DZOH Emmen,games,False,False,True,False,2025-09-02,2025-09-02,1
44682,Olde Veste '54,Olde Veste '54,games,False,False,True,False,2017-08-19,2025-09-02,1
44684,ZVV Pelikaan,ZVV Pelikaan,games,False,False,True,False,2014-08-27,2014-08-27,1
44686,SC Spirit '30 Hoogkarspel,SC Spirit '30 Hoogkarspel,games,False,False,True,False,2014-08-27,2014-08-27,1
44687,VV Oude Maas,VV Oude Maas,games,False,False,True,False,2014-08-27,2014-08-27,1
44688,DOS '37 Vriezenveen,DOS '37 Vriezenveen,games,False,False,True,False,2014-08-27,2014-09-23,1
44694,SJC Noordwijk,SJC Noordwijk,games,False,False,True,False,2018-08-22,2023-11-02,1
44717,,,games,False,False,True,False,2014-08-26,2014-08-26,0
44730,Zeilbergse Sport Vereniging,Zeilbergse Sport Vereniging,games,False,False,True,False,2014-08-27,2014-08-27,1
44753,FK Domodedovo (-2017),FK Domodedovo (-2017),games,False,False,True,False,2014-07-08,2016-07-24,1
44767,Sparta R. U17,Sparta R. U17,transfers,False,True,False,False,2010-07-01,2020-07-01,1
44771,Cornellà Youth,Cornellà Youth,transfers,False,True,False,False,2004-07-01,2022-07-01,1
44783,Nordwest Yth.,Nordwest Yth.,transfers,False,True,False,False,2017-07-01,2017-07-01,1
44795,Telde,Telde,transfers,False,True,False,False,2013-07-01,2015-08-21,1
44796,Din. Zagreb II,Din. Zagreb II,transfers,False,True,False,False,2014-07-15,2022-07-20,1
44811,Bursaspor U19,Bursaspor U19,transfers,False,True,False,False,2013-07-01,2023-07-01,1
44812,Bursaspor U18,Bursaspor U18,transfers,False,True,False,False,2011-07-01,2012-08-15,1
44813,Bursaspor U17,Bursaspor U17,transfers,False,True,False,False,2010-07-01,2022-07-01,1
44814,Bursaspor U16,Bursaspor U16,transfers,False,True,False,False,2009-08-24,2018-07-01,1
44816,Yesil Bursa Yth,Yesil Bursa Yth,transfers,False,True,False,False,2015-09-30,2016-09-01,1
44822,Real Sociedad C,Real Sociedad C,transfers,False,True,False,False,2017-07-01,2023-07-01,1
44828,Kasimpasa Yth,Kasimpasa Yth,transfers,False,True,False,False,2015-01-29,2024-07-01,1
44829,Sivasspor Yth,Sivasspor Yth,transfers,False,True,False,False,2017-09-08,2025-07-01,1
44830,Karabükspor Yth,Karabükspor Yth,transfers,False,True,False,False,2015-02-13,2015-02-13,1
44831,C. Rizespor Yth,C. Rizespor Yth,transfers,False,True,False,False,2018-08-30,2023-07-01,1
44832,Erciyesspor Yth,Erciyesspor Yth,transfers,False,True,False,False,2017-08-03,2017-09-21,1
44834,Akhisarspor Yth,Akhisarspor Yth,transfers,False,True,False,False,2019-07-01,2019-07-01,1
44835,Mersin IY Yth,Mersin IY Yth,transfers,False,True,False,False,2017-07-01,2017-07-01,1
44841,Orduspor Yth,Orduspor Yth,transfers,False,True,False,False,2017-07-01,2017-07-01,1
44842,G.Antep FK Yth,G.Antep FK Yth,transfers,False,True,False,False,2020-08-04,2023-07-01,1
44843,Karsiyaka Yth,Karsiyaka Yth,transfers,False,True,False,False,2023-10-19,2023-10-19,1
44845,Elazigspor Yth,Elazigspor Yth,transfers,False,True,False,False,2018-07-01,2018-07-01,1
44846,Denizlispor Yth,Denizlispor Yth,transfers,False,True,False,False,2008-10-10,2021-02-19,1
44848,Alanyaspor Yth,Alanyaspor Yth,transfers,False,True,False,False,2008-02-13,2025-07-01,1
44850,RKVVV Best Vooruit,RKVVV Best Vooruit,games,False,False,True,False,2020-08-29,2020-08-29,1
44858,Alki Oroklini,Alki Oroklini,transfers,False,True,False,False,2019-07-19,2020-06-30,1
44863,Dordrecht Youth,Dordrecht Youth,transfers,False,True,False,False,2017-07-01,2018-07-01,1
44864,Fortuna Jeugd,Fortuna Jeugd,transfers,False,True,False,False,2017-07-01,2022-07-01,1
44865,Volendam Youth,Volendam Youth,transfers,False,True,False,False,2003-07-01,2022-07-01,1
44868,MVV Youth,MVV Youth,transfers,False,True,False,False,2017-07-01,2017-07-01,1
44869,FC Emmen Youth,FC Emmen Youth,transfers,False,True,False,False,2004-07-01,2015-07-01,1
44870,Almere City FC,Almere City FC,transfers,False,True,False,False,2011-07-01,2018-07-01,1
44872,Brabant Youth,Brabant Youth,transfers,False,True,False,False,2017-07-01,2017-07-01,1
44884,AltoVicentino,AltoVicentino,games,False,False,True,False,2014-08-10,2016-07-30,1
44887,Go Ahead Eagles,Go Ahead Eagles,transfers,False,True,False,False,2020-07-01,2023-07-01,1
44914,Caledonian Braves FC,Cal. Braves | Caledonian Braves FC,games | transfers,False,True,True,False,2018-10-20,2025-10-25,2
44920,TOGB Berkel,TOGB | TOGB Berkel,games | transfers,False,True,True,False,2022-07-01,2025-09-03,2
44926,Kon. HFC U19,Kon. HFC U19,transfers,False,True,False,False,2018-07-01,2020-07-01,1
44930,Kartalspor Yth,Kartalspor Yth,transfers,False,True,False,False,2008-02-05,2021-10-19,1
44946,,,games,False,False,True,False,2022-08-27,2025-09-27,0
44959,Barendrecht U19,Barendrecht U19,transfers,False,True,False,False,2020-07-01,2020-07-01,1
44968,AFC A'dam U19,AFC A'dam U19,transfers,False,True,False,False,2007-07-01,2020-07-01,1
44972,SV De Foresters Heiloo,SV De Foresters Heiloo,games,False,False,True,False,2025-09-02,2025-09-02,1
44973,SV Argon U19,SV Argon U19,transfers,False,True,False,False,2006-07-01,2006-07-01,1
44992,Bosch Spor Yth,Bosch Spor Yth,transfers,False,True,False,False,2008-10-08,2008-10-08,1
45017,De Anza Force,De Anza Force,transfers,False,True,False,False,2020-07-01,2020-07-01,1
45027,Inkilap FSK,Inkilap FSK,transfers,False,True,False,False,2025-09-10,2025-09-10,1
45041,Thyella Filota,Thyella Filota,transfers,False,True,False,False,2015-01-17,2015-07-10,1
45044,Solyaris Moskau (-2017),Solyaris Moskau | Solyaris Moskau (-2017),games | transfers,False,True,True,False,2014-07-08,2016-08-07,2
45045,Afips Afipskiy (-2018),Afips Afipskiy | Afips Afipskiy (-2018),games | transfers,False,True,True,False,2014-08-01,2018-07-01,2
45046,Pasaia KE,Pasaia KE,transfers,False,True,False,False,2021-08-01,2022-06-30,1
45048,Taastrup FC,Taastrup FC,games | transfers,False,True,True,False,2017-08-13,2023-09-05,1
45052,,,games,False,False,True,False,2017-08-30,2017-08-30,0
45053,,,games,False,False,True,False,2014-10-28,2014-10-28,0
45057,Vejgaard B,Vejgaard B,games,False,False,True,False,2015-09-22,2025-09-10,1
45060,Skala Stryi U19,Skala Stryi U19 | Skala U19,transfers,False,True,False,False,2012-07-01,2016-08-01,2
45061,Aias Evosmou,Aias Evosmou,transfers,False,True,False,False,2013-07-01,2013-07-01,1
45076,Theesen Yth.,Theesen Yth.,transfers,False,True,False,False,2017-07-01,2017-07-01,1
45085,Kocaelispor Yth,Kocaelispor Yth,transfers,False,True,False,False,2005-09-09,2017-07-01,1
45092,Bugsas Spor Jgd,Bugsas Spor Jgd,transfers,False,True,False,False,2011-10-07,2011-10-07,1
45093,Türk Tlkm Yth,Türk Tlkm Yth,transfers,False,True,False,False,2008-07-01,2008-07-01,1
45126,Hatayspor Yth,Hatayspor Yth,transfers,False,True,False,False,2018-07-01,2024-07-01,1
45134,SC Kapellen Yth.,SC Kapellen Yth.,transfers,False,True,False,False,2013-07-01,2013-07-01,1
45135,Raith Rovers U17,Raith Rovers U17,transfers,False,True,False,False,2009-07-01,2010-07-01,1
45139,Sariyer Yth,Sariyer Yth,transfers,False,True,False,False,2022-08-20,2023-08-24,1
45155,FK Sevastopol,FK Sevastopol,games | transfers,False,True,True,False,2014-08-12,2015-01-01,1
45156,TSK-Tavriya Simferopol,TSK-Tavriya Simferopol,games,False,False,True,False,2014-08-12,2014-08-12,1
45157,Zhemchuzhina Yalta,Zhemchuzhina Yalta,games,False,False,True,False,2014-08-12,2014-08-12,1
45169,Karacabey B Yth,Karacabey B Yth,transfers,False,True,False,False,2022-03-11,2023-03-23,1
45173,Yalispor Jugend,Yalispor Jugend,transfers,False,True,False,False,2008-09-25,2011-10-14,1
45176,Água Santa-SP,Água Santa-SP,transfers,False,True,False,False,2016-01-01,2023-01-31,1
45193,Puerto Cabello,Puerto Cabello,transfers,False,True,False,False,2020-10-01,2024-03-11,1
45200,Chayka Petropavlivska Borshchagivka,Chayka | Chayka Petropavlivska Borshchagivka,games | transfers,False,True,True,False,2014-08-06,2025-08-25,2
45212,Istanbul GB Yth,Istanbul GB Yth,transfers,False,True,False,False,2015-01-29,2018-01-26,1
45214,Gölcükspor Yth,Gölcükspor Yth,transfers,False,True,False,False,2010-09-15,2018-07-01,1
45218,Dikilitas Yth,Dikilitas Yth,transfers,False,True,False,False,2017-02-08,2017-10-10,1
45238,12 Bingöl Spor,12 Bingöl Spor,transfers,False,True,False,False,2025-08-15,2025-08-15,1
45257,Votuporanguense,Votuporanguense,transfers,False,True,False,False,2022-01-18,2022-04-04,1
45258,CF Damm Youth,CF Damm Youth,transfers,False,True,False,False,2004-07-01,2023-07-01,1
45269,E. Erokspor,E. Erokspor,transfers,False,True,False,False,2020-09-25,2026-06-30,1
45274,Mumbai City,Mumbai City,transfers,False,True,False,False,2020-10-19,2024-07-02,1
45275,Pune City,Pune City,transfers,False,True,False,False,2016-07-20,2018-07-01,1
45279,Bakirköy Yth,Bakirköy Yth,transfers,False,True,False,False,2013-02-01,2013-02-01,1
45286,JSV Nieuwegein,JSV Nieuwegein,games,False,False,True,False,2015-08-26,2015-08-26,1
45287,Ajax Am. 2,Ajax Am. 2,transfers,False,True,False,False,2019-07-01,2021-07-01,1
45299,Chennaiyin FC,Chennaiyin FC,transfers,False,True,False,False,2020-10-11,2021-08-18,1
45320,Mersin 33 FK,Mersin 33 FK,transfers,False,True,False,False,2023-09-22,2024-08-21,1
45321,FC Goa,FC Goa,transfers,False,True,False,False,2015-07-24,2015-12-31,1
45323,Spartak Yoshkar-Ola,Spartak Yoshkar-Ola,games,False,False,True,False,2012-07-15,2014-07-28,1
45346,Arsinspor Yth,Arsinspor Yth,transfers,False,True,False,False,2008-08-15,2008-08-15,1
45352,Moralo CP,Moralo CP,transfers,False,True,False,False,2023-07-01,2024-02-01,1
45353,Sassari Latte Dolce,Sassari Latte Dolce,games,False,False,True,False,2020-09-22,2020-09-22,1
45359,Tarsus IY Yth,Tarsus IY Yth,transfers,False,True,False,False,2023-07-01,2023-07-01,1
45362,Darica GB U21,Darica GB U21,transfers,False,True,False,False,2007-08-02,2007-08-02,1
45365,NK Radomlje U19,NK Radomlje U19,transfers,False,True,False,False,2021-07-01,2022-07-01,1
45369,52 Orduspor FK,52 Orduspor FK | Yeni Orduspor,transfers,False,True,False,False,2019-01-08,2026-06-30,2
45398,Ross County U17,Ross County U17,transfers,False,True,False,False,2007-07-01,2018-07-01,1
45418,Somaspor,Somaspor,transfers,False,True,False,False,2022-01-24,2024-09-06,1
45437,VOCEM,VOCEM,transfers,False,True,False,False,2020-10-09,2021-02-05,1
45445,Bodø/Glimt II,Bodø/Glimt II,transfers,False,True,False,False,2018-08-17,2019-06-04,1
45456,KF Vora,KF Vora,transfers,False,True,False,False,2025-08-07,2026-06-30,1
45457,Pafos FC,Pafos | Pafos FC,games | transfers,False,True,True,False,2018-07-01,2026-06-30,2
45463,1926 Bulancak,1926 Bulancak,transfers,False,True,False,False,2023-03-03,2023-07-21,1
45478,NK Jarun,NK Jarun,transfers,False,True,False,False,2024-02-15,2024-06-30,1
45493,Arnavutköy Bld,Arnavutköy Bld,transfers,False,True,False,False,2023-01-27,2023-06-30,1
45500,HLJ Ice City,HLJ Ice City,transfers,False,True,False,False,2021-03-24,2021-07-31,1
45520,CSF Speranta,CSF Speranta | CSF Speranta Nisporeni (- 2021),games | transfers,False,True,True,False,2019-07-11,2021-01-17,2
45541,Ol. Donetsk II,Ol. Donetsk II,transfers,False,True,False,False,2016-07-01,2021-08-24,1
45542,Vorskla U19,Vorskla U19,transfers,False,True,False,False,2014-08-01,2024-07-13,1
45557,Pro P. Gio.,Pro P. Gio.,transfers,False,True,False,False,2015-08-01,2016-07-01,1
45564,Venezia Gio,Venezia Gio,transfers,False,True,False,False,2003-07-01,2019-07-01,1
45574,Llandudno FC,Llandudno FC,games,False,False,True,False,2016-06-30,2016-07-07,1
45604,Orlando City Soccer Club,Orlando | Orlando City Soccer Club,clubs | games | transfers,True,True,True,False,2019-02-18,2026-05-24,2
45617,Monaco Youth,Monaco Youth,transfers,False,True,False,False,2009-07-01,2021-07-01,1
45618,Benfica U17,Benfica U17,transfers,False,True,False,False,2004-07-01,2023-07-01,1
45627,Zob Ahan Ard.,Zob Ahan Ard.,transfers,False,True,False,False,2006-07-01,2006-07-01,1
45639,ADO U18,ADO U18,transfers,False,True,False,False,2020-07-01,2022-07-01,1
45649,Lochar Thistle FC,Lochar Thistle FC,games,False,False,True,False,2025-08-09,2025-08-09,1
45665,Strogino II,Strogino II,transfers,False,True,False,False,2014-01-01,2022-02-22,1
45667,KF 2 Korriku,KF 2 Korriku,transfers,False,True,False,False,2018-01-05,2018-01-05,1
45691,Vitesse U17,VIT/AGOVV U17 | Vitesse U17,transfers,False,True,False,False,2003-07-01,2020-08-03,2
45702,Omiros Neochoriou,Omiros Neochoriou,games,False,False,True,False,2019-08-25,2019-08-25,1
45714,JMG Bamako,JMG Bamako,transfers,False,True,False,False,2011-07-01,2014-07-01,1
45717,JMG Accra,JMG Accra,transfers,False,True,False,False,2018-02-01,2018-02-01,1
45726,Michalovce Yth,Michalovce Yth,transfers,False,True,False,False,2017-07-01,2017-07-01,1
45727,Michalovce U19,Michalovce U19,transfers,False,True,False,False,2012-07-01,2020-07-18,1
45738,Bulvarspor,Bulvarspor,transfers,False,True,False,False,2025-08-30,2026-06-30,1
45784,Örebro SK U17,Örebro SK U17,transfers,False,True,False,False,2017-01-01,2017-01-01,1
45792,Ciliverghe Calcio,Ciliverghe Calcio,games,False,False,True,False,2017-07-30,2017-07-30,1
45805,Switchbacks FC,Switchbacks FC,transfers,False,True,False,False,2025-08-20,2025-08-20,1
45806,Real Monarchs,Real Monarchs,transfers,False,True,False,False,2018-08-16,2024-03-12,1
45831,Athletic Odessa,Athletic Odessa | DYuSSh Athletic,transfers,False,True,False,False,2015-08-01,2024-08-02,2
45873,Entella Gio,Entella Gio,transfers,False,True,False,False,2020-07-01,2022-07-01,1
45894,Monterosi FC,Monterosi FC,games,False,False,True,False,2017-07-30,2017-07-30,1
45913,Zvezda St. Petersburg,Trevis &amp; VVK | Zvezda S-Pb | Zvezda St. Petersburg,games | transfers,False,True,True,False,2013-01-01,2025-08-20,3
45914,Zvezda S-Pb II,Zvezda S-Pb II,transfers,False,True,False,False,2018-07-01,2020-10-05,1
45922,Spennymoor Town,Spennymoor Town,games | transfers,False,True,True,False,2016-11-05,2025-11-01,1
45923,Norton United,Norton United,games,False,False,True,False,2014-11-09,2014-11-09,1
45935,AP Brera,AP Brera,games,False,False,True,False,2019-07-11,2022-07-14,1
45950,Jubbega,Jubbega,games,False,False,True,False,2023-08-13,2023-08-13,1
45985,Nea Salamis U21,Nea Salamis U21,transfers,False,True,False,False,2014-07-01,2014-07-01,1
46021,Atromitos U17,Atromitos U17,transfers,False,True,False,False,2018-07-01,2021-07-01,1
46025,HB Köge Youth,HB Köge Youth,transfers,False,True,False,False,2017-07-01,2022-07-01,1
46061,Haringey Borough FC,Haringey Borough FC,games,False,False,True,False,2018-11-09,2018-11-09,1
46080,Airdrie FC U17,Airdrie FC U17,transfers,False,True,False,False,2010-07-01,2010-07-01,1
46104,ZVV Zaanlandia,ZVV Zaanlandia,games,False,False,True,False,2015-08-26,2015-08-26,1
46107,Metalurg D. U17,Metalurg D. U17,transfers,False,True,False,False,2010-07-01,2011-01-01,1
46137,Volendam U17,Volendam U17,transfers,False,True,False,False,2014-07-01,2023-07-01,1
46154,FC Gleichen,FC Gleichen,transfers,False,True,False,False,2021-07-01,2022-01-01,1
46173,Doxa Volaka,Doxa Volaka,games | transfers,False,True,True,False,2011-01-01,2024-09-07,1
46225,SV Laar,SV Laar,games,False,False,True,False,2024-09-03,2024-09-03,1
46230,Berchem U19,Berchem U19,transfers,False,True,False,False,2019-07-01,2019-07-01,1
46237,Berghem Sport,Berghem Sport,transfers,False,True,False,False,2009-07-01,2010-07-01,1
46282,Torcatense,Torcatense,transfers,False,True,False,False,2005-07-01,2006-07-01,1
46290,Sportclub Silvolde (- 2023),Sportclub Silvolde (- 2023),games,False,False,True,False,2019-09-25,2019-09-25,1
46292,Seoul E-Land,Seoul E-Land,transfers,False,True,False,False,2020-01-30,2025-07-24,1
46293,Caldiero,Caldiero,transfers,False,True,False,False,2024-07-15,2025-06-30,1
46295,Rad Belgrad U17,Rad Belgrad U17,transfers,False,True,False,False,2022-09-03,2023-06-30,1
46303,Smena K-n-A U19,Smena K-n-A U19,transfers,False,True,False,False,2007-01-01,2007-01-01,1
46316,Louisville City,Louisville City,transfers,False,True,False,False,2020-03-05,2022-01-01,1
46322,Mbour P.C.,Mbour P.C.,transfers,False,True,False,False,2014-01-01,2016-01-20,1
46329,Hendek Spor,Hendek Spor,transfers,False,True,False,False,2022-02-08,2022-06-30,1
46337,Pineto,Pineto | Pineto Calcio,games | transfers,False,True,True,False,2020-09-23,2026-06-30,2
46339,Atarfe Industrial CF,Atarfe Industrial CF,games,False,False,True,False,2021-11-17,2021-11-17,1
46345,Fortuna Wormerveer,Fortuna Wormerveer,games,False,False,True,False,2019-08-17,2019-10-30,1
46363,T. Linyit Yth,T. Linyit Yth,transfers,False,True,False,False,2015-10-06,2022-09-27,1
46368,E. Hohkeppel,E. Hohkeppel,transfers,False,True,False,False,2024-07-04,2024-07-04,1
46484,WAFA SC,Feyenoord Fetteh | WAFA SC,transfers,False,True,False,False,2008-07-01,2022-08-16,2
46487,NT Zhiyun,NT Zhiyun,transfers,False,True,False,False,2021-02-10,2024-01-15,1
46588,HFC EDO O19,HFC EDO O19,transfers,False,True,False,False,2013-07-01,2017-07-01,1
46592,Cwmbran Celtic,Cwmbran Celtic,transfers,False,True,False,False,2009-07-01,2010-07-01,1
46593,Croesyceiliog,Croesyceiliog,transfers,False,True,False,False,2010-07-01,2011-11-01,1
46597,Din. Barnaul II,Din. Barnaul II,transfers,False,True,False,False,2010-01-01,2010-01-01,1
46608,Metz U17,Metz U17,transfers,False,True,False,False,2009-07-01,2021-07-01,1
46614,RFCU Youth,RFCU Youth,transfers,False,True,False,False,2015-01-01,2015-01-01,1
46619,Arzignano,Arzignano,transfers,False,True,False,False,2023-08-29,2024-01-30,1
46621,Ilves U19,Ilves U19,transfers,False,True,False,False,2019-01-01,2019-01-01,1
46635,VfL Kassel Yth.,VfL Kassel Yth.,transfers,False,True,False,False,2007-07-01,2007-07-01,1
46643,FC Petrocub Hincesti,FC Petrocub | FC Petrocub Hincesti,games | transfers,False,True,True,False,2018-07-08,2025-07-31,2
46645,Damlaspor Yth,Damlaspor Yth,transfers,False,True,False,False,2000-12-12,2004-09-10,1
46649,Salitas,Salitas,transfers,False,True,False,False,2022-01-01,2022-01-01,1
46688,Colville Park AFC,Colville Park AFC,games,False,False,True,False,2017-09-02,2019-08-18,1
46703,SShOR Zenit,SShOR Zenit | SShOR Zenit U17,transfers,False,True,False,False,2007-01-01,2020-07-01,2
46710,Zira FC,Zira FC,games | transfers,False,True,True,False,2017-06-29,2025-07-31,1
46717,Charlotte Ind.,Charlotte Ind.,transfers,False,True,False,False,2022-05-26,2023-01-01,1
46735,Vildbjerg SF,Vildbjerg SF,games,False,False,True,False,2018-08-08,2019-08-06,1
46736,KRC Genk U21,Jong Genk | KRC Genk U21,transfers,False,True,False,False,2015-07-01,2025-07-01,2
46741,23 Elazig FK,23 Elazig FK,transfers,False,True,False,False,2022-09-08,2023-07-19,1
46747,Thyella Egiou,Thyella Egiou,transfers,False,True,False,False,2009-07-01,2009-07-01,1
46752,Krasnodar 3,Krasnodar 3,transfers,False,True,False,False,2014-07-01,2021-07-01,1
46783,BSC Acosta Yth.,BSC Acosta Yth.,transfers,False,True,False,False,2017-07-01,2017-07-01,1
46800,Carrigaline,Carrigaline,transfers,False,True,False,False,2019-07-01,2019-07-01,1
46802,Pfullendorf U17,Pfullendorf U17,transfers,False,True,False,False,2009-07-01,2011-07-01,1
46819,Unión Viera,Unión Viera,transfers,False,True,False,False,2015-01-29,2018-01-02,1
46839,Körfez SK Yth,Körfez SK Yth,transfers,False,True,False,False,2014-01-24,2015-09-15,1
46841,FC Westfields,FC Westfields,games,False,False,True,False,2016-11-05,2016-11-14,1
46842,Hereford FC,Hereford | Hereford FC,games | transfers,False,True,True,False,2017-11-04,2023-11-04,2
46854,Mérida AD,Mérida AD,games | transfers,False,True,True,False,2015-07-02,2026-06-30,1
46863,Nike Academy,Nike Academy,transfers,False,True,False,False,2011-07-01,2014-07-01,1
46885,Juventus IF,Juventus IF,transfers,False,True,False,False,2013-08-01,2015-01-01,1
46887,KF Dukagjini,KF Dukagjini,games,False,False,True,False,2023-07-13,2023-08-03,1
46889,Cray Valley Paper Mills,Cray Valley Paper Mills,games,False,False,True,False,2020-11-08,2023-11-15,1
46922,Azogues U20,Azogues U20,transfers,False,True,False,False,2014-06-10,2014-12-31,1
46923,Academia U20,Academia U20,transfers,False,True,False,False,2013-04-20,2013-04-20,1
46949,GSP Polet,GSP Polet,transfers,False,True,False,False,2019-08-01,2019-12-31,1
46951,Niki Proastiou,Niki Proastiou,transfers,False,True,False,False,2017-07-20,2017-07-20,1
47027,Runcorn Linnets,Runcorn Linnets,transfers,False,True,False,False,2021-11-26,2022-01-20,1
47051,CD El Álamo,CD El Álamo,games,False,False,True,False,2019-11-13,2019-12-18,1
47104,F. Limbach Yth.,F. Limbach Yth.,transfers,False,True,False,False,2006-07-01,2006-07-01,1
47113,Sivas Tel. Yth,Sivas Tel. Yth,transfers,False,True,False,False,2015-10-06,2015-10-06,1
47134,FC Infonet U17,FC Infonet U17,transfers,False,True,False,False,2011-01-01,2012-01-01,1
47148,FC Ajax U17,FC Ajax U17,transfers,False,True,False,False,2010-01-01,2011-01-01,1
47177,Limón U20,Limón U20,transfers,False,True,False,False,2019-07-01,2019-07-01,1
47242,San Antonio FC,San Antonio FC,transfers,False,True,False,False,2015-01-26,2018-07-10,1
47286,FK Krupa,FK Krupa,transfers,False,True,False,False,2015-07-01,2023-07-01,1
47307,Zirka Kyiv,Zirka Kyiv,transfers,False,True,False,False,2010-07-01,2018-07-01,1
47317,Montecatini,AD Valdinievole Montecatini | Montecatini,games | transfers,False,True,True,False,2015-07-01,2016-07-31,2
47339,SC Neheim U17,SC Neheim U17,transfers,False,True,False,False,2008-07-01,2009-07-01,1
47340,SC Neheim Yth.,SC Neheim Yth.,transfers,False,True,False,False,2007-07-01,2008-07-01,1
47381,Gneis Yth.,Gneis Yth.,transfers,False,True,False,False,2010-04-09,2010-04-09,1
47389,Siezenheim J.,Siezenheim J.,transfers,False,True,False,False,2018-01-01,2019-02-01,1
47421,CF Talavera de la Reina,CF Talavera | CF Talavera de la Reina,games | transfers,False,True,True,False,2015-09-02,2025-12-17,2
47486,CD Quintanar del Rey,CD Quintanar del Rey,games,False,False,True,False,2020-12-16,2025-12-03,1
47525,,,games,False,False,True,False,2013-07-10,2013-07-10,0
47526,O. Mytishchi,O. Mytishchi,transfers,False,True,False,False,2015-07-10,2015-07-10,1
47543,KubGU Krasnodar,KubGU Krasnodar,transfers,False,True,False,False,2016-01-01,2018-01-01,1
47575,Arabayatagi Yth,Arabayatagi Yth,transfers,False,True,False,False,2020-02-19,2021-11-19,1
47576,I. Güngören Yth,I. Güngören Yth,transfers,False,True,False,False,2007-07-01,2007-07-01,1
47666,Pressbaum Yth.,Pressbaum Yth.,transfers,False,True,False,False,2004-07-25,2004-07-25,1
47667,Königstetten J,Königstetten J,transfers,False,True,False,False,2005-08-17,2006-08-29,1
47668,Muckendorf Yth.,Muckendorf Yth.,transfers,False,True,False,False,2006-08-29,2007-08-17,1
47677,Willendorf J.,Willendorf J.,transfers,False,True,False,False,2016-01-01,2017-07-01,1
47880,CD Ebro,CD Ebro,games | transfers,False,True,True,False,2015-09-02,2025-12-02,1
47962,FC Porto U17,FC Porto U17,transfers,False,True,False,False,2003-07-01,2022-07-01,1
47988,Vitória SC U17,Vitória SC U17,transfers,False,True,False,False,1999-07-01,2024-07-01,1
48036,Padroense U19,Padroense U19,transfers,False,True,False,False,2013-07-01,2015-06-30,1
48087,Conil CF,Conil CF,transfers,False,True,False,False,2016-01-01,2016-06-30,1
48188,Sarajevo U17,Sarajevo U17,transfers,False,True,False,False,2015-07-01,2018-07-17,1
48260,Akadimia Platamona,Akadimia Platamona,games,False,False,True,False,2024-09-01,2024-09-01,1
48262,Aldrans Yth.,Aldrans Yth.,transfers,False,True,False,False,2011-03-30,2011-03-30,1
48292,Governolo,Governolo,transfers,False,True,False,False,2012-07-01,2012-07-01,1
48325,Riga FC,Riga | Riga FC,games | transfers,False,True,True,False,2017-01-01,2026-02-01,2
48332,Kolos Kovalivka,Kolos Kovalivka,clubs | games | transfers,True,True,True,False,2014-08-08,2026-05-21,1
48365,Sporting U17,Sporting U17,transfers,False,True,False,False,2003-07-01,2024-07-01,1
48367,CD Huétor Vega,CD Huétor Vega,transfers,False,True,False,False,2018-07-01,2019-07-01,1
48391,ONS Sneek U19,ONS Sneek U19,transfers,False,True,False,False,2020-07-01,2021-07-01,1
48521,AO Vistonidas,AO Vistonidas,games,False,False,True,False,2023-08-27,2023-08-27,1
48523,Timiryazevets,Timiryazevets,transfers,False,True,False,False,2011-07-01,2011-07-01,1
48526,AO Anatolis,AO Anatolis,transfers,False,True,False,False,2018-07-12,2018-07-12,1
48563,Tabane,Tabane,transfers,False,True,False,False,2013-09-01,2014-12-31,1
48569,Anadolu Üni,Anadolu Üni | E. Anadolu Spor,transfers,False,True,False,False,2023-08-26,2026-01-30,2
48646,Pazarspor Yth,Pazarspor Yth,transfers,False,True,False,False,2019-08-28,2019-08-28,1
48647,Eyüpspor Yth,Eyüpspor Yth,transfers,False,True,False,False,2017-02-09,2024-07-01,1
48667,SCE Aalst U21,SCE Aalst U21,transfers,False,True,False,False,2015-07-01,2016-07-01,1
48685,Praunheim Yth.,Praunheim Yth.,transfers,False,True,False,False,2009-07-01,2009-07-01,1
48688,Hutnik U19,Hutnik U19,transfers,False,True,False,False,2022-07-01,2024-01-12,1
48712,Titus Petange,Titus Petange | Union Titus Petange,games | transfers,False,True,True,False,2015-07-01,2021-06-30,2
48725,,,games,False,False,True,False,2022-08-31,2022-08-31,0
48726,Rukh Lviv,Rukh Lviv | Rukh Vynnyky,clubs | games | transfers,True,True,True,False,2016-07-20,2026-06-30,2
48728,FC Mykolaiv,FC Mykolaiv,games,False,False,True,False,2023-07-29,2024-08-21,1
48731,FK Sambir,FK Sambir,transfers,False,True,False,False,2016-04-05,2016-08-01,1
48733,Girnyk Sosnivka,Girnyk Sosnivka,games,False,False,True,False,2016-07-20,2016-07-20,1
48758,Braga U17,Braga U17,transfers,False,True,False,False,2009-07-01,2023-07-01,1
48776,Hennef 05 U17,Hennef 05 U17,transfers,False,True,False,False,2019-07-01,2020-07-01,1
48777,Sekerspor Yth,Sekerspor Yth,transfers,False,True,False,False,2007-09-14,2008-07-01,1
48807,Viktor Ponedelnik Football Akademia,Viktor Ponedelnik Football Akademia,games,False,False,True,False,2017-07-15,2018-07-21,1
48814,BB Bodrum Yth,BB Bodrum Yth,transfers,False,True,False,False,2019-08-22,2019-08-22,1
48843,Setúbal FC U17,Setúbal FC U17,transfers,False,True,False,False,2012-07-01,2018-07-01,1
48844,Setúbal FC U15,Setúbal FC U15,transfers,False,True,False,False,2015-07-01,2016-07-01,1
48913,Manisa FK,Manisa Belediye | Manisa FK,transfers,False,True,False,False,2012-07-20,2025-08-08,2
48920,Beylerbeyi Yth,Beylerbeyi Yth,transfers,False,True,False,False,2014-08-05,2017-08-10,1
48923,Menemen Bld Yth,Menemen Bld Yth,transfers,False,True,False,False,2012-08-22,2012-08-22,1
48935,Rahimo FC,Rahimo FC,transfers,False,True,False,False,2019-08-28,2019-08-28,1
48951,FC KIA,FC KIA,transfers,False,True,False,False,2022-02-01,2024-07-23,1
48967,Inter U17,Inter U17,transfers,False,True,False,False,2006-07-01,2023-07-01,1
48968,Zorkiy Krasnogorsk,Zorkiy Krasnogorsk,games,False,False,True,False,2017-07-13,2023-08-23,1
48969,Kon. HFC U21,Kon. HFC U21,transfers,False,True,False,False,2020-07-01,2021-07-01,1
48978,Paradou U21,Paradou U21,transfers,False,True,False,False,2020-08-01,2020-08-01,1
48979,Panthiraikos AO,Panthiraikos | Panthiraikos AO,games | transfers,False,True,True,False,2019-07-14,2020-07-22,2
48986,FC Westchester,FC Westchester,transfers,False,True,False,False,2016-07-01,2016-07-01,1
48991,Greifswalder FC,Greifswalder FC,games,False,False,True,False,2021-08-07,2024-08-17,1
49018,Shaw Lane A.F.C.,Shaw Lane A.F.C.,games,False,False,True,False,2017-11-04,2017-11-04,1
49053,Sultanbeyli Bld,Sultanbeyli Bld,transfers,False,True,False,False,2023-08-22,2024-06-30,1
49061,Hercules U19,Hercules U19,transfers,False,True,False,False,2021-07-01,2022-07-01,1
49078,Afyonspor,Afyonspor,transfers,False,True,False,False,2018-08-01,2024-08-17,1
49082,Zulte W. Youth,Zulte W. Youth,transfers,False,True,False,False,2012-07-01,2018-07-01,1
49143,Thes Sport,Thes Sport,transfers,False,True,False,False,2019-08-27,2020-06-30,1
49149,FK Panevezys,FK Panevezys | Panevezys,games | transfers,False,True,True,False,2021-07-22,2025-02-20,2
49181,NK Zagorec U19,NK Zagorec U19,transfers,False,True,False,False,2021-10-08,2022-07-13,1
49182,NK Zagorec Jgd,NK Zagorec Jgd,transfers,False,True,False,False,2011-07-22,2011-07-22,1
49189,Cumbernauld Colts FC,Cumbernauld Colts FC,games,False,False,True,False,2015-10-24,2025-10-25,1
49257,Sivas Bld Yth,Sivas Bld Yth,transfers,False,True,False,False,2015-10-06,2017-09-08,1
49283,FC Juárez,FC Juárez,clubs | games,True,False,True,False,2025-01-11,2026-04-26,1
49284,SC Farense Y17,SC Farense Y17,transfers,False,True,False,False,2012-07-01,2023-07-01,1
49298,Cafetaleros,Cafetaleros,transfers,False,True,False,False,2016-07-01,2017-07-01,1
49306,Balkany Zorya,Balkany Zorya,games | transfers,False,True,True,False,2015-07-22,2021-08-31,1
49311,Farense B,Farense B,transfers,False,True,False,False,2014-07-01,2014-07-01,1
49318,PAS Acheron Kanalakiou,PAS Acheron Kanalakiou,games,False,False,True,False,2021-08-29,2021-10-28,1
49345,Odiáxere Yth.,Odiáxere Yth.,transfers,False,True,False,False,2018-07-01,2018-07-01,1
49352,FC Odishi,FC Odishi | Lazika,transfers,False,True,False,False,2014-08-01,2017-02-26,2
49364,Ingulets Petrove,Ingulets | Ingulets Petrove,clubs | games | transfers,True,True,True,False,2015-07-22,2026-06-30,2
49390,Anderlecht U17,Anderlecht U17,transfers,False,True,False,False,2004-07-01,2018-07-01,1
49391,FC Brügge U17,FC Brügge U17,transfers,False,True,False,False,2016-07-01,2017-07-01,1
49392,Standard U17,Standard U17,transfers,False,True,False,False,2009-07-01,2014-07-01,1
49393,KRC Genk U17,KRC Genk U17,transfers,False,True,False,False,2009-07-01,2018-07-01,1
49394,KAA Gent U17,KAA Gent U17,transfers,False,True,False,False,2003-07-01,2018-07-01,1
49395,Lokeren U17,Lokeren U17,transfers,False,True,False,False,2017-07-01,2018-07-01,1
49396,Zulte War. U17,Zulte War. U17,transfers,False,True,False,False,2017-07-01,2018-07-01,1
49397,Charleroi U17,Charleroi U17,transfers,False,True,False,False,2009-07-01,2010-07-01,1
49400,KV Oostende U17,KV Oostende U17,transfers,False,True,False,False,2013-07-01,2014-07-01,1
49401,Lierse SK U17,Lierse SK U17,transfers,False,True,False,False,2011-07-01,2012-07-01,1
49402,Cercle U17,Cercle U17,transfers,False,True,False,False,2005-07-01,2015-07-01,1
49405,Westerlo U17,Westerlo U17,transfers,False,True,False,False,2010-07-01,2017-07-01,1
49425,Bali United,Bali United,transfers,False,True,False,False,2025-07-14,2025-07-14,1
49430,Picerno,AZ Picerno | Picerno,games | transfers,False,True,True,False,2018-07-28,2025-10-27,2
49477,Kesselst. Yth.,Kesselst. Yth.,transfers,False,True,False,False,2014-07-01,2014-07-01,1
49546,Freamunde U17,Freamunde U17,transfers,False,True,False,False,2007-07-01,2009-07-01,1
49556,Kuban 2,Kuban 2,transfers,False,True,False,False,2016-07-01,2018-01-01,1
49567,Juventus U17,Juventus U17,transfers,False,True,False,False,2016-08-09,2024-07-01,1
49568,Atalanta U17,Atalanta U17,transfers,False,True,False,False,2015-07-01,2023-07-01,1
49576,Roma U17,Roma U17,transfers,False,True,False,False,2010-07-01,2024-07-01,1
49577,Cagliari U17,Cagliari U17,transfers,False,True,False,False,2017-07-01,2020-07-01,1
49587,Zhemchuzhyna O.,Zhemchuzhyna O. | Zhemchuzhyna Odesa,games | transfers,False,True,True,False,2015-03-01,2018-08-03,2
49588,APOEL U19,APOEL U19,transfers,False,True,False,False,2019-07-01,2019-07-01,1
49602,Vi. Berlin Yth.,Vi. Berlin Yth.,transfers,False,True,False,False,2019-07-01,2019-07-01,1
49610,Trastevere Calcio,Trastevere Calcio,games,False,False,True,False,2017-07-30,2020-09-23,1
49611,Vik. Berlin U17,Vik. Berlin U17,transfers,False,True,False,False,2016-07-01,2016-07-01,1
49612,Elversberg Yth.,Elversberg Yth.,transfers,False,True,False,False,2020-07-01,2020-07-01,1
49634,SKK Demnya,SKK Demnya,games,False,False,True,False,2015-07-22,2017-09-20,1
49658,Avellino U17,Avellino U17,transfers,False,True,False,False,2016-07-13,2017-06-30,1
49672,IF Frem Bjaeverskov,IF Frem Bjaeverskov,games,False,False,True,False,2015-08-12,2018-09-11,1
49673,,,games,False,False,True,False,2016-08-09,2016-08-09,0
49674,,,games,False,False,True,False,2015-09-01,2015-09-01,0
49675,Hilleröd Fodbold,Hilleröd | Hilleröd F | Hilleröd Fodbold,games | transfers,False,True,True,False,2015-09-01,2025-09-24,3
49677,Fuglebakken KFUM,Fuglebakken KFUM,games,False,False,True,False,2018-08-07,2021-08-03,1
49679,,,games,False,False,True,False,2017-08-09,2017-08-09,0
49699,UD San Pedro,UD San Pedro,games,False,False,True,False,2024-10-09,2024-10-30,1
49702,FK Nizhny Novgorod,FK Nizhny Novgorod | Nizhny Novgorod | Olimpiets | Pari NN | Volga-Olimpiets,clubs | games | transfers,True,True,True,False,2015-07-24,2026-06-30,5
49734,Jumilla,FC Jumilla (- 2019) | Jumilla,games | transfers,False,True,True,False,2015-09-02,2019-06-30,2
49740,Lazio U17,Lazio U17,transfers,False,True,False,False,2020-09-01,2023-01-01,1
49741,Fiorentina U17,Fiorentina U17,transfers,False,True,False,False,2014-07-01,2023-07-01,1
49743,Napoli U17,Napoli U17,transfers,False,True,False,False,2019-07-01,2023-09-01,1
49744,Genoa U17,Genoa U17,transfers,False,True,False,False,2015-07-01,2022-07-01,1
49745,Sampdoria U17,Sampdoria U17,transfers,False,True,False,False,2019-07-01,2020-09-01,1
49746,Torino U17,Torino U17,transfers,False,True,False,False,2016-07-06,2024-07-01,1
49752,Milan U17,Milan U17,transfers,False,True,False,False,2009-07-01,2023-01-01,1
49753,Palermo U17,Palermo U17,transfers,False,True,False,False,2020-07-01,2021-07-01,1
49754,Sassuolo U17,Sassuolo U17,transfers,False,True,False,False,2019-07-01,2022-07-01,1
49755,Hellas U17,Hellas U17,transfers,False,True,False,False,2020-06-01,2022-07-01,1
49756,Chievo U17,Chievo U17,transfers,False,True,False,False,2016-07-01,2021-08-12,1
49757,Carpi U17,Carpi U17,transfers,False,True,False,False,2017-01-01,2017-01-01,1
49758,Frosinone U17,Frosinone U17,transfers,False,True,False,False,2020-09-01,2022-08-01,1
49759,Bologna U17,Bologna U17,transfers,False,True,False,False,2016-01-01,2023-07-01,1
49760,Cesena U17,Cesena U17,transfers,False,True,False,False,2009-07-01,2020-09-01,1
49761,Pescara U17,Pescara U17,transfers,False,True,False,False,2008-07-01,2019-07-01,1
49762,Spezia U17,Spezia U17,transfers,False,True,False,False,2015-07-01,2022-07-01,1
49763,Livorno U17,Livorno U17,transfers,False,True,False,False,2013-07-01,2018-07-01,1
49764,Bari U17,Bari U17,transfers,False,True,False,False,2017-07-01,2018-07-29,1
49766,Vicenza U17,Vicenza U17,transfers,False,True,False,False,2021-07-01,2022-07-01,1
49773,Perugia U17,Perugia U17,transfers,False,True,False,False,2017-07-01,2017-07-01,1
49776,Salernitana U17,Salernitana U17,transfers,False,True,False,False,2021-07-01,2024-07-01,1
49777,Como U17,Como U17,transfers,False,True,False,False,2022-07-01,2024-07-01,1
49779,FC M'glad. Yth.,FC M'glad. Yth.,transfers,False,True,False,False,2019-07-01,2019-07-01,1
49805,AMS Galatinis,AMS Galatinis,transfers,False,True,False,False,2007-07-01,2007-07-01,1
49806,CF Lorca Deportiva,CF Lorca Deportiva,games,False,False,True,False,2016-08-31,2025-10-29,1
49854,PFC Stal II,PFC Stal II,transfers,False,True,False,False,2015-07-01,2017-07-01,1
49857,Y. Malatya Yth,Y. Malatya Yth,transfers,False,True,False,False,2021-04-01,2022-01-15,1
49862,Karagümrük Yth,Karagümrük Yth,transfers,False,True,False,False,2017-07-01,2023-07-01,1
49863,Fethiyespor Yth,Fethiyespor Yth,transfers,False,True,False,False,2013-10-04,2024-01-30,1
49864,Nazilli Bld Yth,Nazilli Bld Yth,transfers,False,True,False,False,2022-07-01,2022-07-01,1
49866,Varzim B,Varzim B,transfers,False,True,False,False,2015-01-01,2016-07-01,1
49868,Empoli U17,Empoli U17,transfers,False,True,False,False,2017-07-01,2025-07-01,1
49869,Udinese U17,Udinese U17,transfers,False,True,False,False,2014-07-01,2023-07-01,1
49875,Griesheim Yth.,Griesheim Yth.,transfers,False,True,False,False,2002-07-01,2019-07-01,1
49878,VV SCM Maastricht,VV SCM Maastricht,games,False,False,True,False,2015-08-26,2015-08-26,1
49900,Montv. Academy,Montv. Academy,transfers,False,True,False,False,2012-01-01,2012-01-01,1
49912,Condal Club,Condal Club,games,False,False,True,False,2015-09-02,2015-09-02,1
49938,Marseille Yth,Marseille Yth,transfers,False,True,False,False,2012-07-01,2021-07-01,1
49939,Virtus Francavilla Calcio,V. Francavilla | Virtus Francavilla Calcio,games | transfers,False,True,True,False,2017-07-30,2023-07-01,2
49957,Águilas FC,Águilas FC,games,False,False,True,False,2021-11-30,2024-10-30,1
50047,Fossano,Fossano,transfers,False,True,False,False,2016-07-06,2017-07-01,1
50067,Ap. Petalidiou,Ap. Petalidiou,transfers,False,True,False,False,2005-07-01,2005-07-01,1
50108,CD Algar,CD Algar,games,False,False,True,False,2022-10-19,2022-11-13,1
50120,UD Barbadás,UD Barbadás,games,False,False,True,False,2022-10-19,2022-11-12,1
50121,CD Becerril,CD Becerril,games,False,False,True,False,2019-11-13,2019-12-19,1
50153,Erganispor Yth,Erganispor Yth,transfers,False,True,False,False,2012-09-07,2012-09-07,1
50162,NKP Podhale,NKP Podhale,transfers,False,True,False,False,2022-04-06,2022-07-29,1
50186,SD Eibar B,CD Vitoria | SD Eibar B,transfers,False,True,False,False,2017-07-03,2023-08-17,2
50187,Torre Pacheco,Torre Pacheco,transfers,False,True,False,False,2018-07-01,2018-07-01,1
50204,Excelsior Jeugd,Excelsior Jeugd,transfers,False,True,False,False,2003-07-01,2019-07-01,1
50220,Feyenoord U18,Feyenoord U18,transfers,False,True,False,False,2009-07-01,2024-07-01,1
50257,Atlético Saguntino,Atlético Saguntino,games,False,False,True,False,2016-08-31,2022-12-21,1
50258,Varesina,Varesina,transfers,False,True,False,False,2025-07-21,2026-02-09,1
50260,Internacional de Madrid,Internacional de Madrid,games,False,False,True,False,2018-09-05,2021-12-01,1
50275,KV Oostende U21,KV Oostende U21,transfers,False,True,False,False,2016-07-01,2022-01-01,1
50276,Borneo FC,Borneo FC,transfers,False,True,False,False,2023-01-06,2023-07-20,1
50304,Milbertsh. Yth.,Milbertsh. Yth.,transfers,False,True,False,False,2009-07-01,2017-07-01,1
50305,Zr. Mostar U17,Zr. Mostar U17,transfers,False,True,False,False,2020-07-01,2020-07-01,1
50306,Vojvodina U19,Vojvodina U19,transfers,False,True,False,False,2005-01-01,2009-07-01,1
50309,Swit Szczecin,Swit Szczecin,transfers,False,True,False,False,2022-04-05,2023-07-27,1
50349,Kirikkalegücü,Büyük Anadolu | Kirikkale FK | Kirikkalegücü,transfers,False,True,False,False,2020-09-16,2025-09-02,3
50358,ASD Lanusei Calcio,ASD Lanusei Calcio,games,False,False,True,False,2019-08-04,2019-08-04,1
50359,Shakhter Peshelan,Shakhter Peshelan,games,False,False,True,False,2014-07-28,2015-09-11,1
50395,Diambars FA,Diambars FA,transfers,False,True,False,False,2014-07-01,2014-07-01,1
50406,Aetos Orfanou,Aetos Ofryniou | Aetos Orfanou,games | transfers,False,True,True,False,2019-08-25,2026-01-19,2
50441,São Martinho,São Martinho,transfers,False,True,False,False,2021-07-01,2025-01-21,1
50447,LFK Rubin Kazan,LFK Rubin Kazan,transfers,False,True,False,False,2013-03-01,2018-07-01,1
50498,AO Sellanon,AO Sellanon,games,False,False,True,False,2018-08-26,2019-08-24,1
50531,Al-Fayha FC,Al-Fayha | Al-Fayha FC,clubs | games | transfers,True,True,True,False,2019-07-08,2026-05-21,2
50532,Damac Football Club,Damac FC | Damac Football Club,clubs | games | transfers,True,True,True,False,2021-07-17,2026-05-21,2
50565,Bergama Bld Yth,Bergama Bld Yth,transfers,False,True,False,False,2019-08-15,2019-08-15,1
50568,Excelsior M U21,Excelsior M U21,transfers,False,True,False,False,2021-07-01,2022-07-01,1
50586,Energomash Belgorod (-2018),Energomash Belgorod (-2018),games,False,False,True,False,2015-07-16,2017-08-23,1
50587,Metallurg Asha,Metallurg Asha,games,False,False,True,False,2015-07-16,2017-07-23,1
50600,Restavratsiya Krasnoyarsk,Restavratsiya Krasnoyarsk,games,False,False,True,False,2012-07-11,2015-07-26,1
50614,Silifke Bld,Silifke Bld,transfers,False,True,False,False,2025-08-18,2025-12-31,1
50649,SD Almazán,SD Almazán,games,False,False,True,False,2022-11-12,2022-11-12,1
50658,Sukhothai FC,Sukhothai FC,transfers,False,True,False,False,2022-07-01,2022-11-05,1
50670,US Orléans U19,US Orléans U19,transfers,False,True,False,False,2021-07-01,2022-07-01,1
50672,Man Utd Youth,Man Utd Youth,transfers,False,True,False,False,2011-07-01,2023-07-01,1
50677,Chelsea Youth,Chelsea Youth,transfers,False,True,False,False,2012-01-01,2023-07-01,1
50678,Man City Youth,Man City Youth,transfers,False,True,False,False,2003-07-01,2024-07-01,1
50683,Arsenal Youth,Arsenal Youth,transfers,False,True,False,False,2003-07-01,2022-07-01,1
50684,CD Coria,CD Coria,games,False,False,True,False,2020-12-15,2024-10-30,1
50689,Pigasos Serron,Pigasos Serron,transfers,False,True,False,False,2016-07-01,2016-07-01,1
50713,Aris Avatou,Aris Avatou,games,False,False,True,False,2018-08-26,2024-09-15,1
50716,Atromitos Palama,Atromitos Palama,games,False,False,True,False,2021-08-28,2024-09-08,1
50722,,,games,False,False,True,False,2022-08-31,2022-08-31,0
50728,PO Fikis,PO Fikis,games,False,False,True,False,2021-08-29,2023-08-30,1
50740,Modafen,Modafen,transfers,False,True,False,False,2019-08-22,2020-01-24,1
50755,Erbaaspor,Erbaaspor,transfers,False,True,False,False,2020-09-14,2024-06-30,1
50769,Everton Youth,Everton Youth,transfers,False,True,False,False,2014-07-01,2022-07-01,1
50780,Southampton Aca,Southampton Aca,transfers,False,True,False,False,2006-07-01,2023-07-01,1
50814,Güzide Gebze SK,Güzide Gebze SK,transfers,False,True,False,False,2025-08-08,2025-08-08,1
50820,M. Yesilyurt SK,M. Yesilyurt SK,transfers,False,True,False,False,2025-08-07,2026-06-30,1
50821,Karaköprü Bld,Karaköprü Bld,transfers,False,True,False,False,2022-08-29,2023-03-21,1
50826,Cayeli SK,Cayeli SK,transfers,False,True,False,False,2025-07-29,2026-06-30,1
50838,Hacettepe 1945,Altindag Bld | Hacettepe 1945 | Y. Altindag Bld,transfers,False,True,False,False,2018-01-17,2024-07-26,3
50845,Serik Belediye,Serik Belediye | Serik Spor,transfers,False,True,False,False,2020-09-09,2026-06-30,2
50869,PSC U17,PSC U17,transfers,False,True,False,False,2001-07-01,2009-07-01,1
50871,CD Fátima U15,CD Fátima U15,transfers,False,True,False,False,2018-07-01,2019-07-01,1
50905,Reyhanli Spor,Reyhanli Spor,transfers,False,True,False,False,2023-10-19,2024-08-23,1
50906,Liverpool Youth,Liverpool Youth,transfers,False,True,False,False,2015-07-01,2021-07-01,1
50949,Pogon Youth,Pogon Youth,transfers,False,True,False,False,2018-08-21,2018-08-21,1
50973,LN Tieren,LN Tieren,transfers,False,True,False,False,2024-06-27,2024-06-27,1
50976,5Tem Iskenderun,5Tem Iskenderun,transfers,False,True,False,False,2021-04-01,2023-03-03,1
50983,FK Podgorica,FK Podgorica,games | transfers,False,True,True,False,2021-07-06,2022-06-10,1
50985,Sancaktepe Yth,Sancaktepe Yth,transfers,False,True,False,False,2012-10-18,2019-08-29,1
51030,Belenenses U17,Belenenses U17,transfers,False,True,False,False,2005-07-01,2023-07-01,1
51037,Mpl. Liberia II,Mpl. Liberia II,transfers,False,True,False,False,2006-07-01,2006-07-01,1
51040,Lech Academy,Lech Academy,transfers,False,True,False,False,2012-07-01,2012-07-01,1
51041,Nacional S17,Nacional S17,transfers,False,True,False,False,2013-07-01,2015-07-01,1
51062,FC Danaya,FC Danaya,transfers,False,True,False,False,2018-07-01,2018-07-01,1
51070,Ironi Tiberias,Ironi Tiberias,transfers,False,True,False,False,2025-01-19,2025-01-19,1
51120,SZ Peng City,SZ Peng City,transfers,False,True,False,False,2024-07-07,2024-12-31,1
51142,Thiseas Agrias,Thiseas Agrias,games,False,False,True,False,2021-08-29,2023-09-03,1
51148,Keravnos Angelochoriou,Keravnos Angelochoriou,games,False,False,True,False,2023-08-30,2023-08-30,1
51262,Yamanspor Yth,Yamanspor Yth,transfers,False,True,False,False,2006-08-03,2006-08-03,1
51264,KZN Academy,KZN Academy,transfers,False,True,False,False,2016-08-02,2018-08-15,1
51316,Kosice,FC Kosice | Kosice,games | transfers,False,True,True,False,2018-08-21,2025-07-31,2
51327,AC Rezzato,AC Rezzato,games,False,False,True,False,2018-07-29,2018-08-05,1
51375,Liventina Yth.,Liventina Yth.,transfers,False,True,False,False,2018-07-01,2020-07-23,1
51377,Giorgione Jun.,Giorgione Jun.,transfers,False,True,False,False,2018-07-01,2020-08-01,1
51402,Hauts Lyonnais,Hauts Lyonnais,transfers,False,True,False,False,2017-07-01,2018-07-01,1
51429,Tema Youth Yth,Tema Youth Yth,transfers,False,True,False,False,2012-07-01,2012-07-01,1
51433,Tottenham Yth.,Tottenham Yth.,transfers,False,True,False,False,2011-07-01,2022-07-01,1
51445,US Vimy,US Vimy,transfers,False,True,False,False,2019-07-01,2022-01-19,1
51466,Watford Yth.,Watford Yth.,transfers,False,True,False,False,2015-07-01,2023-08-04,1
51481,Wisla Youth,Wisla Youth,transfers,False,True,False,False,2022-03-01,2022-07-01,1
51483,Lechia Youth,Lechia Youth,transfers,False,True,False,False,2012-02-01,2014-07-01,1
51549,FC Lucciana,FC Lucciana,transfers,False,True,False,False,2019-07-16,2021-07-18,1
51566,KAC Betekom,KAC Betekom,transfers,False,True,False,False,2022-08-31,2023-07-01,1
51573,Zelzate,Zelzate,transfers,False,True,False,False,2025-07-01,2025-07-01,1
51604,Swope Park,Kansas City II | Swope Park,transfers,False,True,False,False,2018-04-03,2019-11-30,2
51637,Rio Ave U17,Rio Ave Juvenis | Rio Ave U17,transfers,False,True,False,False,2002-07-01,2022-07-01,2
51638,Boavista U17,Boavista U17,transfers,False,True,False,False,2004-07-01,2024-07-01,1
51645,Ajax U17,Ajax U17,transfers,False,True,False,False,2000-07-01,2022-07-01,1
51646,AZ U17,AZ U17,transfers,False,True,False,False,2006-07-01,2023-01-01,1
51654,Feyenoord U17,Feyenoord U17,transfers,False,True,False,False,2004-07-01,2022-07-01,1
51663,Atlanta United Football Club,Atlanta | Atlanta United Football Club,clubs | games | transfers,True,True,True,False,2019-01-15,2026-05-24,2
51670,Selimiye Yth,Selimiye Yth,transfers,False,True,False,False,2017-10-13,2019-08-16,1
51705,Utrecht U17,Utrecht U17,transfers,False,True,False,False,2005-07-01,2022-07-01,1
51732,B. Tubruk U19,B. Tubruk U19,transfers,False,True,False,False,2017-01-17,2017-06-30,1
51762,Bethlehem Steel,Bethlehem Steel | Union II,transfers,False,True,False,False,2016-06-30,2019-11-30,2
51772,Football Club Cincinnati,Cincinnati | Football Club Cincinnati,clubs | games | transfers,True,True,True,False,2019-01-23,2026-05-24,2
51773,Orlando City B,Orlando City B,transfers,False,True,False,False,2019-01-07,2019-05-13,1
51790,Aspis Pylas,Aspis Pylas,transfers,False,True,False,False,2025-09-11,2025-09-11,1
51826,Ness Ziona U19,Ness Ziona U19,transfers,False,True,False,False,2019-07-01,2019-07-01,1
51828,Los Angeles Football Club,LAFC | Los Angeles Football Club,clubs | games | transfers,True,True,True,False,2018-07-10,2026-05-25,2
51851,Santa Cruz-RN,Santa Cruz-RN,transfers,False,True,False,False,2018-10-08,2019-05-10,1
51870,SC St. Clement,SC St. Clement,transfers,False,True,False,False,2010-07-01,2010-07-01,1
51886,H Kfar Saba U19,H Kfar Saba U19,transfers,False,True,False,False,2009-07-01,2009-07-01,1
51931,Hapoel Hadera,Hapoel Hadera,transfers,False,True,False,False,2018-07-12,2023-06-30,1
51975,AFC Amsterdam Zaterdag,AFC Amsterdam Zaterdag,games,False,False,True,False,2020-08-29,2020-08-29,1
51989,Zeeburgia U19,Zeeburgia U19,transfers,False,True,False,False,2014-07-01,2015-07-01,1
52004,FC Almere,FC Almere,transfers,False,True,False,False,2018-07-01,2019-07-01,1
52015,Hamborn 07 Yth.,Hamborn 07 Yth.,transfers,False,True,False,False,2013-07-01,2013-07-01,1
52068,Ajax U18,Ajax U18,transfers,False,True,False,False,2000-07-01,2023-07-01,1
52081,Atl. Pernamb.,Atl. Pernamb.,transfers,False,True,False,False,2013-01-01,2021-02-26,1
52109,Logroñés Prom.,Logroñés Prom. | UD Logroñés B,transfers,False,True,False,False,2016-08-01,2017-07-18,2
52173,CD Rincón,CD Rincón,games,False,False,True,False,2020-11-11,2022-11-12,1
52196,Imortal Youth,Imortal Youth,transfers,False,True,False,False,2014-07-01,2014-07-01,1
52201,FC Clipstone,FC Clipstone,transfers,False,True,False,False,2007-12-01,2008-05-31,1
52211,Prata Falchi,Prata Falchi,transfers,False,True,False,False,2018-08-14,2019-07-23,1
52233,Dresden Nord U17,Dresden Nord U17,transfers,False,True,False,False,2005-07-01,2006-07-01,1
52234,Dresd. Nord Jgd.,Dresd. Nord Jgd.,transfers,False,True,False,False,2001-07-01,2005-07-01,1
52235,ESG 99/06 Yth.,ESG 99/06 Yth.,transfers,False,True,False,False,2015-07-19,2015-07-19,1
52266,CDJ Tamarite,CDJ Tamarite,transfers,False,True,False,False,2014-07-01,2015-07-01,1
52348,Antiguoko U19,Antiguoko U19,transfers,False,True,False,False,2020-07-17,2020-07-17,1
52358,Al-Diraiyah FC,Al-Diraiyah FC,transfers,False,True,False,False,2025-07-23,2025-09-02,1
52365,Chemelil Sugar,Chemelil Sugar,transfers,False,True,False,False,2014-01-01,2016-08-17,1
52397,Unionistas CF,Unionistas CF,games | transfers,False,True,True,False,2018-09-05,2024-12-04,1
52451,Groningen U17,Groningen U17,transfers,False,True,False,False,2016-07-01,2020-07-01,1
52452,Volendam U18,Volendam U18,transfers,False,True,False,False,2020-07-01,2023-07-01,1
52454,Quick DH U19,Quick DH U19,transfers,False,True,False,False,2020-07-01,2020-07-01,1
52455,New Star Ducos,New Star Ducos,transfers,False,True,False,False,2018-01-01,2018-08-01,1
52458,Urraca CF,Urraca CF,games,False,False,True,False,2019-11-13,2019-11-13,1
52498,AO Karavas,AO Karavas,games,False,False,True,False,2021-09-05,2021-09-05,1
52520,FK Metalurg Zaporizhya,FK Metalurg Zaporizhya,games,False,False,True,False,2016-07-20,2017-07-09,1
52521,Egeas Plomariou,Egeas Plomariou,games,False,False,True,False,2024-09-08,2024-10-02,1
52534,Alpignano U19,Alpignano U19,transfers,False,True,False,False,2015-07-01,2015-07-01,1
52545,Westerlo U21,Jong Westel | Westerlo U21,transfers,False,True,False,False,2017-07-01,2026-06-30,2
52562,Mouscron U21,Mouscron U21,transfers,False,True,False,False,2021-07-01,2021-07-01,1
52563,OH Leuven U21,OH Leuven U21 | OH Leuven U23,transfers,False,True,False,False,2017-07-01,2025-01-10,2
52566,AEEK SYNKA,AEEK SYNKA,games | transfers,False,True,True,False,2015-09-06,2019-09-08,1
52649,Elinkwijk U19,Elinkwijk U19,transfers,False,True,False,False,2015-07-01,2015-07-01,1
52687,Alcione,Alcione,transfers,False,True,False,False,2024-07-11,2025-06-30,1
52700,AO Kardias,AO Kardias,games,False,False,True,False,2018-08-26,2018-09-16,1
52706,AS Korinthos 2006,AS Korinthos 2006,games,False,False,True,False,2018-08-26,2018-09-16,1
52785,Spartak-Auto,Spartak-Auto,transfers,False,True,False,False,2007-01-01,2008-01-01,1
52790,AFC Youth,AFC Youth,transfers,False,True,False,False,2001-07-01,2020-07-01,1
52791,KFC Youth,KFC Youth,transfers,False,True,False,False,2014-07-01,2014-07-01,1
52792,Zeeburgia Yth.,Zeeburgia Yth.,transfers,False,True,False,False,1998-07-01,2021-07-01,1
52794,Alphense B. Jgd,Alphense B. Jgd,transfers,False,True,False,False,2014-07-01,2019-07-01,1
52795,Elinkwijk Yth.,Elinkwijk Yth.,transfers,False,True,False,False,2003-07-01,2010-07-01,1
52797,Hollandia Yth.,Hollandia Yth.,transfers,False,True,False,False,2012-07-01,2019-07-01,1
52798,Haarlem Youth,Haarlem Youth,transfers,False,True,False,False,2007-07-01,2010-07-01,1
52799,Haaglandia Yth.,Haaglandia Yth.,transfers,False,True,False,False,2013-07-01,2013-07-01,1
52851,VV Heino,VV Heino,games,False,False,True,False,2025-09-03,2025-09-03,1
52879,FCM Youth,FCM Youth,transfers,False,True,False,False,2004-07-01,2023-07-01,1
52880,FCK Youth,FCK Youth,transfers,False,True,False,False,2004-07-01,2023-07-01,1
52881,Randers FC Yth.,Randers FC Yth.,transfers,False,True,False,False,2012-07-01,2023-07-01,1
52882,FCN Youth,FCN Youth,transfers,False,True,False,False,2009-07-01,2023-02-02,1
52883,SJF Youth,SJF Youth,transfers,False,True,False,False,2022-07-01,2023-07-01,1
52884,RB Youth,RB Youth,transfers,False,True,False,False,2022-07-01,2022-07-01,1
52901,Chisola Youth,Chisola Youth,transfers,False,True,False,False,2018-07-01,2019-07-01,1
52906,Luton Academy,Luton Academy,transfers,False,True,False,False,2017-07-01,2020-07-01,1
52907,Walsall Yth.,Walsall Yth.,transfers,False,True,False,False,2015-07-01,2015-07-01,1
52910,San Antonio FC,San Antonio FC,transfers,False,True,False,False,2019-04-25,2022-01-28,1
52928,West Brom Yth.,West Brom Yth.,transfers,False,True,False,False,2013-07-01,2020-07-01,1
52975,West Ham Yth.,West Ham Yth.,transfers,False,True,False,False,2009-07-01,2021-07-01,1
52978,Boreale,Boreale,transfers,False,True,False,False,2023-07-08,2023-07-08,1
53004,Birmingham Aca.,Birmingham Aca.,transfers,False,True,False,False,2011-11-01,2021-07-01,1
53013,Dingolfing Yth.,Dingolfing Yth.,transfers,False,True,False,False,2011-07-01,2013-07-01,1
53035,Reading Yth.,Reading Yth.,transfers,False,True,False,False,2015-07-01,2023-07-01,1
53065,,,games,False,False,True,False,2019-08-17,2019-08-17,0
53066,N. Gmünd Yth.,N. Gmünd Yth.,transfers,False,True,False,False,2018-07-01,2018-07-01,1
53077,Großbard. Yth.,Großbard. Yth.,transfers,False,True,False,False,2013-07-01,2013-07-01,1
53099,S. Brijeg U17,S. Brijeg U17,transfers,False,True,False,False,2012-07-01,2012-07-01,1
53100,C. Palace Yth.,C. Palace Yth.,transfers,False,True,False,False,2018-07-01,2022-07-01,1
53101,Norwich Yth.,Norwich Yth.,transfers,False,True,False,False,2013-07-01,2020-07-01,1
53107,Southend Yth.,Southend Yth.,transfers,False,True,False,False,2011-07-01,2011-07-01,1
53108,Nottingham Yth.,Nottingham Yth.,transfers,False,True,False,False,2017-07-01,2017-07-01,1
53127,Swansea Yth.,Swansea Yth.,transfers,False,True,False,False,2022-07-01,2022-07-01,1
53129,Stoke Academy,Stoke Academy,transfers,False,True,False,False,2019-07-01,2019-07-01,1
53147,TSV Lamme Yth.,TSV Lamme Yth.,transfers,False,True,False,False,2002-07-01,2002-07-01,1
53149,SV Olympia Yth.,SV Olympia Yth.,transfers,False,True,False,False,2002-07-01,2005-07-01,1
53152,Cardiff Metropolitan University,Cardiff Metropolitan University,games,False,False,True,False,2019-06-27,2019-07-04,1
53161,SC Riesa Yth.,SC Riesa Yth.,transfers,False,True,False,False,2011-07-01,2011-07-01,1
53181,Mora CF,Mora CF,games,False,False,True,False,2021-11-17,2021-11-17,1
53183,A. Villa Yth.,A. Villa Yth.,transfers,False,True,False,False,2015-07-01,2020-07-01,1
53243,Blackburn Acad.,Blackburn Acad.,transfers,False,True,False,False,2014-07-01,2017-07-01,1
53264,Striesen Yth.,Striesen Yth.,transfers,False,True,False,False,2006-07-01,2008-07-01,1
53274,SSV Hagen Yth.,SSV Hagen Yth.,transfers,False,True,False,False,2010-07-01,2010-07-01,1
53283,CP El Ejido,CP El Ejido | Club Polideportivo El Ejido,games | transfers,False,True,True,False,2020-12-17,2024-06-30,2
53286,CA Cirbonero,CA Cirbonero,games,False,False,True,False,2016-08-31,2022-11-13,1
53289,Electron Velikiy Novgorod,Electron Velikiy Novgorod,games,False,False,True,False,2019-07-28,2023-08-02,1
53297,Almere City U17,Almere City U17,transfers,False,True,False,False,2015-07-01,2021-07-01,1
53302,Obolon U19,Obolon U19,transfers,False,True,False,False,2019-08-07,2025-12-31,1
53321,Rivers United,Rivers United,transfers,False,True,False,False,2024-09-13,2024-09-13,1
53327,VV Scherpenzeel,VV Scherpenzeel,games,False,False,True,False,2020-08-29,2025-09-23,1
53340,AFC '34 Alkmaar,AFC '34 Alkmaar,transfers,False,True,False,False,2014-07-01,2022-07-01,1
53392,Girnyk Novoyavorivsk,Girnyk Novoyavorivsk,games,False,False,True,False,2025-08-09,2025-08-09,1
53395,CD l’Alcora,CD l’Alcora,games,False,False,True,False,2022-10-19,2022-11-12,1
53397,Castellón U19,Castellón U19,transfers,False,True,False,False,2019-07-01,2021-06-30,1
53419,Forum Sport Voorburg,Forum Sport Voorburg,games,False,False,True,False,2024-09-03,2024-09-03,1
53453,FC Ararat-Armenia,Ararat-Armenia | FC Ararat-Armenia,games | transfers,False,True,True,False,2019-07-09,2025-08-14,2
53474,Willem II U17,Willem II U17,transfers,False,True,False,False,2015-07-01,2020-07-01,1
53501,Wenholth. Yth.,Wenholth. Yth.,transfers,False,True,False,False,2007-07-01,2007-07-01,1
53519,Den Bosch Yth.,Den Bosch Yth.,transfers,False,True,False,False,2005-07-01,2019-07-01,1
53544,Flevo Boys Yth.,Flevo Boys Yth.,transfers,False,True,False,False,2010-07-01,2010-07-01,1
53546,Barendrecht Yth,Barendrecht Yth,transfers,False,True,False,False,2006-07-01,2022-07-01,1
53547,Spartaan Yth.,Spartaan Yth.,transfers,False,True,False,False,2008-07-01,2012-07-01,1
53548,RKC Youth,RKC Youth,transfers,False,True,False,False,2005-07-01,2005-07-01,1
53553,Bellinzago U19,Bellinzago U19,transfers,False,True,False,False,2016-07-01,2016-07-01,1
53596,B. Velbert Yth.,B. Velbert Yth.,transfers,False,True,False,False,1997-07-01,2001-07-01,1
53600,Gräfrath Yth.,Gräfrath Yth.,transfers,False,True,False,False,1999-07-01,1999-07-01,1
53629,Agrobiznes,Agrobiznes | Agrobiznes Volochysk,games | transfers,False,True,True,False,2017-01-23,2026-02-03,2
53644,FK Lutsk,FK Lutsk,transfers,False,True,False,False,2016-08-01,2017-01-01,1
53645,Prykarpattya-Blago Ivano-Frankivsk,Prykarpattya | Prykarpattya-Blago Ivano-Frankivsk,games | transfers,False,True,True,False,2017-07-09,2025-08-23,2
53646,FK Polissya Zhytomyr,FK Polissya Zhytomyr | Polissya,clubs | games | transfers,True,True,True,False,2017-07-09,2026-12-31,2
53703,Zeljeznicar U17,Zeljeznicar U17,transfers,False,True,False,False,2021-07-01,2021-07-01,1
53714,FK Timocanin,FK Timocanin,transfers,False,True,False,False,2014-01-01,2016-01-01,1
53786,AO Terpsithea,AO Terpsithea,transfers,False,True,False,False,2005-07-01,2006-07-01,1
53885,Ipswich Town Yo,Ipswich Town Yo,transfers,False,True,False,False,2015-07-01,2015-07-01,1
53921,Rosich,Rosich,transfers,False,True,False,False,2019-07-01,2021-01-09,1
53935,USV Hercules Yo,USV Hercules Yo,transfers,False,True,False,False,2016-07-01,2016-07-01,1
53936,SC Fey. Yth.,SC Fey. Yth.,transfers,False,True,False,False,2016-07-01,2017-07-01,1
53942,Colne,Colne,transfers,False,True,False,False,2018-10-06,2019-05-11,1
53954,Benfica U15,Benfica U15,transfers,False,True,False,False,2002-07-01,2022-07-01,1
53955,Benfica Yth,Benfica Yth,transfers,False,True,False,False,2002-07-01,2020-07-01,1
53956,Sporting Sub-15,Sporting Sub-15,transfers,False,True,False,False,2001-07-01,2022-07-01,1
53957,Sporting Yth.,Sporting Yth.,transfers,False,True,False,False,2000-07-01,2020-07-01,1
53958,Braga U15,Braga U15,transfers,False,True,False,False,2007-07-01,2022-07-01,1
53959,SC Braga Youth,SC Braga Youth,transfers,False,True,False,False,2007-07-01,2020-07-01,1
53960,Arouca Y17,Arouca Y17,transfers,False,True,False,False,2016-07-01,2018-07-01,1
53968,Northampton Jgd,Northampton Jgd,transfers,False,True,False,False,2013-07-01,2014-09-09,1
53982,Kosovo,Kosovo,national_teams,False,False,False,True,,,1
54001,Borgsdorf Yth.,Borgsdorf Yth.,transfers,False,True,False,False,2003-07-01,2003-07-01,1
54013,Dinslaken Yth.,Dinslaken Yth.,transfers,False,True,False,False,2000-07-01,2003-07-01,1
54014,TV Voerde Yth.,TV Voerde Yth.,transfers,False,True,False,False,2000-07-01,2000-07-01,1
54049,OH Leuven Yth.,OH Leuven Yth.,transfers,False,True,False,False,2016-07-01,2020-07-01,1
54082,Mjölby Södra,Mjölby Södra,transfers,False,True,False,False,2012-01-01,2012-01-01,1
54093,Imolese Youth,Imolese Youth,transfers,False,True,False,False,2014-07-01,2014-07-01,1
54097,Wolves Yth.,Wolves Yth.,transfers,False,True,False,False,2014-07-01,2024-07-01,1
54108,UWI FC,UWI FC,transfers,False,True,False,False,2019-08-01,2022-01-01,1
54158,Diamond Academy,Diamond Academy,transfers,False,True,False,False,2016-08-05,2016-09-11,1
54168,Brighton Yth.,Brighton Yth.,transfers,False,True,False,False,2014-07-01,2021-07-01,1
54178,FC Zürich Yth.,FC Zürich Yth.,transfers,False,True,False,False,2009-08-11,2013-07-01,1
54189,RWD Molenbeek,RWD Molenbeek | RWDM | RWDM Brussels,clubs | games | transfers,True,True,True,False,2018-07-01,2025-07-10,3
54195,Chaves U17,Chaves U17,transfers,False,True,False,False,2017-07-01,2023-07-01,1
54196,Chaves Sub-15,Chaves Sub-15,transfers,False,True,False,False,2015-07-01,2019-07-01,1
54197,Chaves CJ,Chaves CJ,transfers,False,True,False,False,2008-07-01,2015-07-01,1
54231,Feirense Sub-17,Feirense Sub-17,transfers,False,True,False,False,2017-07-01,2019-07-01,1
54232,Feirense Sub-15,Feirense Sub-15,transfers,False,True,False,False,2014-07-01,2018-07-01,1
54233,Feirense CJ,Feirense CJ,transfers,False,True,False,False,2009-07-01,2015-07-01,1
54238,SV Huizen U19,SV Huizen U19,transfers,False,True,False,False,2004-07-01,2006-01-01,1
54255,Neubrand. Yth.,Neubrand. Yth.,transfers,False,True,False,False,2008-07-01,2008-07-01,1
54291,RAEC Mons,RAEC Mons,transfers,False,True,False,False,2025-01-21,2025-07-01,1
54294,KS FC,KS FC,transfers,False,True,False,False,2020-07-29,2023-03-29,1
54295,Paris SG U17,Paris SG U17,transfers,False,True,False,False,2005-07-01,2023-07-01,1
54334,Extremadura B,Extremadura B,transfers,False,True,False,False,2021-07-01,2021-07-01,1
54356,CD Ribadumia,CD Ribadumia,games,False,False,True,False,2020-11-11,2020-12-17,1
54368,Makedonikos Foufas,Makedonikos Foufas,games,False,False,True,False,2018-08-26,2019-09-01,1
54375,Asteras Petriti,Asteras Petriti,games,False,False,True,False,2022-08-31,2023-09-03,1
54390,Raspadskaya Mezhdurechensk,Raspadskaya Mezhdurechensk,games,False,False,True,False,2013-07-16,2014-07-26,1
54395,Parma U17,Parma U17,transfers,False,True,False,False,2020-09-01,2023-07-01,1
54425,Amkar-Junior,Amkar-Junior,transfers,False,True,False,False,2020-01-01,2020-01-01,1
54433,,,games,False,False,True,False,2018-08-22,2018-08-22,0
54435,Kon. HFC Yth.,Kon. HFC Yth.,transfers,False,True,False,False,2022-07-01,2022-07-01,1
54443,Dynamo 2,Dynamo 2,transfers,False,True,False,False,2016-07-01,2024-07-16,1
54498,Sicula Leonzio,Sicula Leonzio,games,False,False,True,False,2018-07-29,2018-07-29,1
54514,ABS FC,ABS FC,transfers,False,True,False,False,2021-10-08,2021-10-08,1
54517,Vozdovac U19,Vozdovac U19,transfers,False,True,False,False,2016-07-01,2021-01-01,1
54525,St.Truiden U21,STVV Youth | St.Truiden U21,transfers,False,True,False,False,2018-07-01,2025-07-01,2
54529,Vitória SC U15,Vitória SC U15,transfers,False,True,False,False,1997-07-01,2022-07-01,1
54530,Vitória SC Y,Vitória SC Y | Vitória SC Yth,transfers,False,True,False,False,1997-07-01,2016-07-01,2
54531,Boavista U15,Boavista U15,transfers,False,True,False,False,2000-07-01,2021-07-01,1
54532,Boavista CJ,Boavista CJ,transfers,False,True,False,False,1996-07-01,2019-07-01,1
54570,PFC Stal U19,PFC Stal U19,transfers,False,True,False,False,2018-02-27,2018-07-20,1
54572,FK Zirka II,FK Zirka II,transfers,False,True,False,False,2017-01-01,2017-07-01,1
54575,ASD Fanfulla,ASD Fanfulla,games,False,False,True,False,2019-08-04,2019-08-04,1
54585,Sepsi OSK Sf. Gheorghe,Sepsi OSK | Sepsi OSK Sf. Gheorghe,clubs | games | transfers,True,True,True,False,2019-01-09,2026-02-10,2
54605,Hellas Sport Yth,Hellas Sport Yth,transfers,False,True,False,False,2005-07-01,2009-07-01,1
54613,,,games,False,False,True,False,2018-09-26,2018-09-26,0
54620,Quick '20 Jgd.,Quick '20 Jgd.,transfers,False,True,False,False,2004-07-01,2012-07-01,1
54633,EG El Palmar CF,EG El Palmar CF,games,False,False,True,False,2019-11-13,2019-12-18,1
54636,68 Aksaray Bld,68 Aksaray Bld | 68 Aksarayspor,transfers,False,True,False,False,2021-08-20,2026-06-30,2
54653,,,games,False,False,True,False,2016-08-09,2016-08-09,0
54654,FC Graesrödderne,FC Graesrödderne,games,False,False,True,False,2016-08-10,2020-10-08,1
54658,Haarby/Flemlöse,Haarby/Flemlöse,games,False,False,True,False,2016-08-10,2021-08-05,1
54659,,,games,False,False,True,False,2016-08-10,2016-08-10,0
54660,,,games,False,False,True,False,2016-08-10,2016-08-10,0
54662,Vatanspor,Vatanspor,games,False,False,True,False,2016-08-09,2024-08-07,1
54671,Manisa FK Yth,Manisa BB Yth | Manisa FK Yth,transfers,False,True,False,False,2018-09-06,2021-07-01,2
54674,C. Nowotaniec,C. Nowotaniec,transfers,False,True,False,False,2019-03-01,2019-07-01,1
54704,Brentford B,Brentford B,transfers,False,True,False,False,2018-07-05,2026-05-03,1
54705,Brentford Yth.,Brentford Yth.,transfers,False,True,False,False,2017-07-01,2017-07-01,1
54782,Leyton Orient Y,Leyton Orient Y,transfers,False,True,False,False,2010-07-01,2010-07-01,1
54797,Kvant Obninsk,Kvant Obninsk,games | transfers,False,True,True,False,2017-01-01,2025-08-05,1
54798,Lüleburgaz Yth.,Lüleburgaz Yth.,transfers,False,True,False,False,2015-07-01,2015-07-01,1
54819,Pordenone U17,Pordenone U17,transfers,False,True,False,False,2019-07-18,2021-08-16,1
54831,Tuttocuoio Gio,Tuttocuoio Gio,transfers,False,True,False,False,2016-07-01,2016-07-01,1
54864,Kadiköyspor Yth,Kadiköyspor Yth,transfers,False,True,False,False,2015-10-09,2020-11-13,1
54866,Red Star U17,Red Star U17,transfers,False,True,False,False,2017-07-01,2020-07-01,1
54884,Aves B,Aves B,transfers,False,True,False,False,2016-07-01,2017-07-01,1
54907,São Francisco,São Francisco,transfers,False,True,False,False,2020-07-01,2021-01-01,1
54922,Atom Novovoronezh,Atom | Atom Novovoronezh,games | transfers,False,True,True,False,2016-01-01,2023-08-02,2
54923,FC Cherepovets,FC Cherepovets,games,False,False,True,False,2016-07-15,2025-09-24,1
54924,FC Murom,FC Murom | Murom,games | transfers,False,True,True,False,2016-07-16,2025-09-10,2
54926,Agrobiznes TSK Romny,Agrobiznes TSK Romny,games,False,False,True,False,2016-07-20,2016-08-10,1
54951,Beerschot U21,Beerschot U21 | Beerschot U23,transfers,False,True,False,False,2018-07-01,2025-07-01,2
54976,FK Tambov II,FK Tambov II,transfers,False,True,False,False,2019-08-16,2021-07-09,1
54990,Buryatia Ulan-Ude,Buryatia Ulan-Ude,games,False,False,True,False,2025-08-07,2025-08-07,1
55013,Legion-Dinamo Makhachkala,Legion-Dinamo Makhachkala,games,False,False,True,False,2016-07-24,2025-09-09,1
55015,Delin Izhevsk,Delin Izhevsk,games,False,False,True,False,2016-07-15,2019-07-28,1
55086,Chertanovo II,Chertanovo II,transfers,False,True,False,False,2020-08-01,2023-01-16,1
55088,Dalstroyindustriya Komsomolsk-na-Amure,Dalstroyindustriya Komsomolsk-na-Amure,games,False,False,True,False,2014-07-14,2016-08-01,1
55091,Sudnobudivnyk Mykolaiv,Sudnobudivnyk Mykolaiv,games,False,False,True,False,2017-07-10,2017-07-10,1
55120,DAW Schaijk,DAW Schaijk,games,False,False,True,False,2024-09-04,2024-09-04,1
55154,Tocantins,Tocantins,transfers,False,True,False,False,2021-07-01,2021-07-01,1
55156,Alvarenga,Alvarenga,transfers,False,True,False,False,2019-07-01,2022-08-31,1
55164,Paços de F. U17,Paços de F. U17,transfers,False,True,False,False,2022-02-05,2022-02-21,1
55165,P. Ferreira U15,P. Ferreira U15,transfers,False,True,False,False,2012-07-01,2014-07-01,1
55166,Paços Yth.,Paços CJ | Paços Yth.,transfers,False,True,False,False,2009-07-01,2012-07-01,2
55187,Amvrysseas Distomou,Amvrysseas Distomou,games,False,False,True,False,2021-08-29,2021-09-12,1
55188,Waiblingen Yth.,Waiblingen Yth.,transfers,False,True,False,False,2014-07-01,2015-07-01,1
55216,Pisa U17,Pisa U17,transfers,False,True,False,False,2017-07-01,2017-07-01,1
55257,Ayutthaya Utd.,Ayutthaya Utd.,transfers,False,True,False,False,2025-07-27,2025-07-27,1
55261,AE Didymotichou,AE Didymotichou,transfers,False,True,False,False,2018-08-20,2018-08-20,1
55265,Uthai Thani,Uthai Thani,transfers,False,True,False,False,2024-07-18,2024-07-18,1
55329,Zenit Irkutsk,Zenit Irkutsk,games,False,False,True,False,2016-08-01,2025-09-25,1
55335,XV Piracicaba,XV Piracicaba,transfers,False,True,False,False,2016-01-21,2016-05-08,1
55337,Asteras Vlachioti,Asteras Vlachioti,games,False,False,True,False,2021-09-26,2021-09-26,1
55339,Erkenschw. U17,Erkenschw. U17,transfers,False,True,False,False,2002-07-01,2004-07-01,1
55341,Habingh. Yth.,Habingh. Yth.,transfers,False,True,False,False,1997-07-01,1999-07-01,1
55343,VfR Rauxel Yth.,VfR Rauxel Yth.,transfers,False,True,False,False,1993-07-01,1997-07-01,1
55345,A. Ickern Yth.,A. Ickern Yth.,transfers,False,True,False,False,1993-07-01,1993-07-01,1
55398,Ourense CF,Ourense CF,games | transfers,False,True,True,False,2020-12-15,2026-01-07,1
55415,Leicester Yth.,Leicester Yth.,transfers,False,True,False,False,2017-07-01,2020-07-01,1
55417,R&F,R&F,transfers,False,True,False,False,2019-07-04,2020-01-20,1
55421,FC Winterswijk,FC Winterswijk,games,False,False,True,False,2024-09-04,2024-10-30,1
55423,Olhanense Y17,Olhanense Y17,transfers,False,True,False,False,2001-07-01,2003-07-01,1
55424,Olhanense U15,Olhanense U15,transfers,False,True,False,False,1999-07-01,2001-07-01,1
55425,Olhanense CJ,Olhanense CJ,transfers,False,True,False,False,1999-07-01,1999-07-01,1
55446,,,games,False,False,True,False,2018-08-18,2018-08-18,0
55555,Tsarsko Selo,Tsarsko Selo,transfers,False,True,False,False,2019-10-03,2020-10-02,1
55578,Quick '20 U19,Quick '20 U19,transfers,False,True,False,False,2012-07-01,2014-07-01,1
55579,Cardiff City Yo,Cardiff City Yo,transfers,False,True,False,False,2011-07-01,2019-07-01,1
55591,Dinamo St. Petersburg,DinSPb | Dinamo St. Petersburg,games | transfers,False,True,True,False,2021-07-14,2025-08-20,2
55624,TSV Solingen,TSV Solingen,transfers,False,True,False,False,2025-07-01,2025-07-01,1
55632,,,games,False,False,True,False,2022-08-31,2022-08-31,0
55638,Königsbr. U17,Königsbr. U17,transfers,False,True,False,False,2016-07-01,2018-07-01,1
55644,CP Mijas Las Lagunas,CP Mijas Las Lagunas,games,False,False,True,False,2023-10-11,2023-10-11,1
55667,MTK Yth.,MTK Yth.,transfers,False,True,False,False,2015-08-27,2019-08-01,1
55668,Honvéd Yth.,Honvéd Yth.,transfers,False,True,False,False,2010-08-07,2012-01-01,1
55671,B.Cekmece Yth,B.Cekmece Yth,transfers,False,True,False,False,2017-02-23,2017-02-23,1
55686,TOV FK Metalist 1925 Kharkiv,Metalist 1925 | TOV FK Metalist 1925 Kharkiv,clubs | games | transfers,True,True,True,False,2016-07-01,2026-05-24,2
55705,Isparta 32 Spor,Isparta 32 Spor,transfers,False,True,False,False,2020-09-10,2026-06-30,1
55772,Ambrosiana,Ambrosiana | GSD Ambrosiana,games | transfers,False,True,True,False,2017-07-01,2020-09-23,2
55773,SPAL U17,SPAL U17,transfers,False,True,False,False,2022-07-19,2023-07-01,1
55875,CD Buñol,CD Buñol,games,False,False,True,False,2020-11-11,2023-11-01,1
55881,UD Llanera,UD Llanera,games,False,False,True,False,2020-12-17,2024-10-31,1
55891,AS Neapolis,AS Neapolis,transfers,False,True,False,False,2022-07-01,2023-07-01,1
55899,Newcastle Yth.,Newcastle Yth.,transfers,False,True,False,False,2004-07-01,2021-08-26,1
55903,CD Revilla,CD Revilla,transfers,False,True,False,False,2022-07-01,2023-07-01,1
55927,PO Xylotymbou,PO Xylotymbou,transfers,False,True,False,False,2021-01-01,2022-07-06,1
55932,Belenenses S15,Belenenses S15,transfers,False,True,False,False,2003-07-01,2018-09-01,1
55934,Belenenses,Belenenses | Belenenses Yth,transfers,False,True,False,False,2003-07-01,2020-07-01,2
55944,Atlético Espeleño,Atlético Espeleño,games,False,False,True,False,2021-11-17,2021-11-17,1
55947,Boro Yth.,Boro Yth.,transfers,False,True,False,False,2016-07-01,2017-07-01,1
55974,Diadema,Diadema,transfers,False,True,False,False,2014-01-01,2019-01-01,1
55976,Tolosa CF,Tolosa CF,games,False,False,True,False,2019-11-13,2019-12-18,1
56043,CP El Ejido U19,CP El Ejido U19,transfers,False,True,False,False,2021-07-01,2021-07-01,1
56053,PEC Zwolle U17,PEC Zwolle U17,transfers,False,True,False,False,2012-07-01,2022-07-01,1
56089,Minnesota United FC,Minnesota | Minnesota United FC,clubs | games | transfers,True,True,True,False,2017-02-08,2026-05-23,2
56100,Vazzola,Vazzola,transfers,False,True,False,False,2017-07-01,2017-07-01,1
56130,FASE Szczecin,FASE Szczecin,transfers,False,True,False,False,2023-02-18,2023-02-18,1
56172,Chieti FC,Chieti FC,transfers,False,True,False,False,2023-09-01,2024-01-24,1
56239,Győr Yth.,Győr Yth.,transfers,False,True,False,False,2009-07-01,2009-07-01,1
56254,JVOZ Youth,JVOZ Youth,transfers,False,True,False,False,2014-07-01,2015-07-01,1
56258,AFC U18,AFC U18,transfers,False,True,False,False,2006-07-01,2011-07-01,1
56271,Afragolese,Afragolese,transfers,False,True,False,False,2025-07-01,2025-07-01,1
56368,Krymteplitsa,Krymteplitsa,transfers,False,True,False,False,2016-07-01,2020-10-12,1
56382,Alcobendas CF,Alcobendas CF,transfers,False,True,False,False,2012-07-01,2013-07-01,1
56393,FC Cartagena B,FC Cartagena B,transfers,False,True,False,False,2022-08-19,2023-06-30,1
56438,Villaverde CF,Villaverde CF,transfers,False,True,False,False,2007-07-01,2007-07-01,1
56447,SSD San Nicolò Notaresco,SSD San Nicolò Notaresco,games,False,False,True,False,2020-09-23,2020-09-30,1
56479,Quick DH Yth.,Quick DH Yth.,transfers,False,True,False,False,2015-07-01,2015-07-01,1
56483,ASV Fortius Yth,ASV Fortius Yth,transfers,False,True,False,False,2005-07-01,2010-07-01,1
56484,Buiksloot Yth.,Buiksloot Yth.,transfers,False,True,False,False,2005-07-01,2007-07-01,1
56485,Wasmeer Yth.,Wasmeer Yth.,transfers,False,True,False,False,2011-07-01,2011-07-01,1
56488,ASC Waterw. Yth,ASC Waterw. Yth,transfers,False,True,False,False,2014-07-01,2018-07-01,1
56493,RKHVV Yth.,RKHVV Yth.,transfers,False,True,False,False,2013-07-01,2014-07-01,1
56494,RODA '46 Yth.,RODA '46 Yth. | Roda '46 Yth.,transfers,False,True,False,False,2010-07-01,2014-07-01,2
56499,Berja CF,Berja CF,transfers,False,True,False,False,2021-07-01,2022-07-01,1
56541,GC Zürich U15,GC Zürich U15,transfers,False,True,False,False,2011-07-01,2012-07-01,1
56553,QRM B,QRM B,transfers,False,True,False,False,2020-07-01,2022-07-01,1
56578,Dunkerque B,Dunkerque B,transfers,False,True,False,False,2017-07-01,2018-07-01,1
56595,ARC Oleiros,ARC Oleiros,transfers,False,True,False,False,2016-01-01,2020-07-01,1
56598,CS La Mancha,CS La Mancha,transfers,False,True,False,False,2018-01-01,2019-01-01,1
56704,NYCFC Academy,NYCFC Academy,transfers,False,True,False,False,2016-07-01,2020-08-01,1
56706,Gafanha Yth.,Gafanha Yth.,transfers,False,True,False,False,2016-07-01,2016-07-01,1
56715,,,games,False,False,True,False,2020-08-29,2020-08-29,0
56725,CD Cieza,CD Cieza,games,False,False,True,False,2025-10-29,2025-12-03,1
56733,Bowers & Pitsea FC,Bowers & Pitsea FC,games,False,False,True,False,2021-11-06,2021-11-06,1
56746,,,games,False,False,True,False,2023-08-13,2023-08-13,0
56765,FC Porto U15,FC Porto U15,transfers,False,True,False,False,2001-07-01,2021-07-01,1
56766,FC Porto Youth,FC Porto Youth,transfers,False,True,False,False,1999-07-01,2019-07-01,1
56768,NAC Breda U17,NAC Breda U17,transfers,False,True,False,False,2017-07-01,2020-07-01,1
56770,Valadares Gaia,Valadares Gaia,transfers,False,True,False,False,2022-09-08,2023-07-01,1
56774,V. Gaia CJ,V. Gaia CJ,transfers,False,True,False,False,2016-07-01,2019-07-01,1
56801,Arconatese,Arconatese,transfers,False,True,False,False,2018-08-06,2019-06-30,1
56883,Charity Stars,Charity Stars,transfers,False,True,False,False,2016-07-01,2018-07-01,1
56922,AO Neas Artakis,AO Neas Artakis | Nea Artaki,games | transfers,False,True,True,False,2019-08-25,2025-07-13,2
56925,Ciutat de Palma,Ciutat de Palma,transfers,False,True,False,False,2012-07-01,2013-07-01,1
56959,Čukarički U17,Čukarički U17,transfers,False,True,False,False,2013-08-17,2020-07-01,1
57013,Westlandia U21,Westlandia U21,transfers,False,True,False,False,2020-07-01,2021-07-01,1
57026,Danok Bat U19,Danok Bat U19,transfers,False,True,False,False,2015-07-01,2015-07-01,1
57103,AGB Amsterdam,AGB Amsterdam,games,False,False,True,False,2023-08-12,2023-08-12,1
57173,Asker FH Yth.,Asker FH Yth.,transfers,False,True,False,False,2011-01-01,2011-01-01,1
57200,Megas Alexandros Orfaniou,Megas Alexandros Orfaniou,games,False,False,True,False,2021-08-29,2021-08-29,1
57266,SV Nieuwkoop,SV Nieuwkoop,games,False,False,True,False,2023-08-12,2023-08-12,1
57284,Tre Pini Matese,Tre Pini Matese,transfers,False,True,False,False,2019-08-10,2019-08-10,1
57296,Megas Alexandros Trikalon Imathias,Megas Alexandros Trikalon Imathias,games,False,False,True,False,2018-09-05,2021-09-11,1
57379,UD San Fernando,UD San Fernando,games | transfers,False,True,True,False,2017-01-24,2025-10-28,1
57448,Wooter Aca.,Wooter Aca.,transfers,False,True,False,False,2015-07-01,2021-07-01,1
57460,Trayal,Trayal,transfers,False,True,False,False,2018-02-05,2020-07-04,1
57477,Excel. M. Yth.,Excel. M. Yth.,transfers,False,True,False,False,2016-07-01,2016-07-01,1
57498,Edinb. City U17,Edinb. City U17,transfers,False,True,False,False,2021-07-01,2021-07-01,1
57508,Kumiyama HS,Kumiyama HS,transfers,False,True,False,False,2010-02-01,2010-02-01,1
57526,OSK Pavlovce,OSK Pavlovce,transfers,False,True,False,False,2025-09-11,2025-09-11,1
57527,ODEK Orzhiv,ODEK Orzhiv,games | transfers,False,True,True,False,2013-07-24,2022-02-08,1
57613,Santo Domingo,Santo Domingo,transfers,False,True,False,False,2019-07-17,2020-07-26,1
57652,Iporá EC,Iporá EC,transfers,False,True,False,False,2017-07-01,2017-07-01,1
57748,Padroense U17,Padroense U17,transfers,False,True,False,False,2003-07-01,2021-07-01,1
57766,Invergordon FC,Invergordon | Invergordon FC,games | transfers,False,True,True,False,2022-08-27,2026-05-31,2
57779,Quick 1887 Yth.,Quick 1887 Yth.,transfers,False,True,False,False,2015-07-01,2015-07-01,1
57890,FK Sabail,FK Sabail,games | transfers,False,True,True,False,2018-02-15,2023-07-04,1
57916,Tondela Sub-17,Tondela Sub-17,transfers,False,True,False,False,2019-07-01,2020-07-01,1
57920,Moreirense S15,Moreirense S15,transfers,False,True,False,False,2018-07-01,2018-07-01,1
57922,Rio Ave Sub-15,Rio Ave Sub-15,transfers,False,True,False,False,2000-07-01,2020-07-01,1
57923,Rio Ave Y,Rio Ave Y,transfers,False,True,False,False,2000-07-01,2018-07-01,1
57924,Estoril U15,Estoril U15,transfers,False,True,False,False,2011-07-01,2012-07-01,1
57925,Estoril Y,Estoril Y,transfers,False,True,False,False,2011-07-01,2015-07-01,1
57926,Nacional U15,Nacional U15,transfers,False,True,False,False,2011-07-01,2013-07-01,1
57930,Marignane G. FC,Marignane G. FC,transfers,False,True,False,False,2018-07-23,2019-07-01,1
58049,FC Hermannstadt,FC Hermannstadt,clubs | games | transfers,True,True,True,False,2018-10-15,2026-03-08,1
58065,Veles Moscow,Veles Moscow,games | transfers,False,True,True,False,2017-07-23,2026-06-30,1
58092,Leixões Sub-17,Leixões Sub-17 | Leixões U17,transfers,False,True,False,False,2002-07-01,2018-07-01,2
58093,Leixões Sub-15,Leixões Sub-15 | Leixões U15,transfers,False,True,False,False,2005-07-01,2020-07-01,2
58199,Coltea U19,Coltea U19,transfers,False,True,False,False,2018-07-01,2020-10-05,1
58227,Leiria Sub-17,Leiria Sub-17,transfers,False,True,False,False,2014-07-01,2019-07-01,1
58228,Leiria Sub-15,Leiria Sub-15,transfers,False,True,False,False,2014-07-01,2018-07-01,1
58229,Leiria Y,Leiria Y,transfers,False,True,False,False,2015-07-01,2016-07-01,1
58235,Sunderland Yth.,Sunderland Yth.,transfers,False,True,False,False,2018-07-01,2018-07-01,1
58275,Okyeman FC,Okyeman FC,transfers,False,True,False,False,2021-01-30,2021-01-30,1
58400,Famalicão S17,Famalicão S17,transfers,False,True,False,False,2011-07-01,2022-07-01,1
58401,Famalicão S15,Famalicão S15,transfers,False,True,False,False,2009-07-01,2018-07-01,1
58402,Famalicão Yo,Famalicão Yo,transfers,False,True,False,False,2001-07-01,2009-07-01,1
58405,FC Penafiel You,FC Penafiel You,transfers,False,True,False,False,1996-07-01,2012-07-01,1
58459,Gondomar Sub-17,Gondomar Sub-17,transfers,False,True,False,False,2000-07-01,2002-07-01,1
58460,Gondomar Sub-15,Gondomar Sub-15,transfers,False,True,False,False,1998-07-01,2000-07-01,1
58461,Gondomar Yth,Gondomar SC CJ | Gondomar Yth,transfers,False,True,False,False,1998-07-01,2015-07-01,2
58600,FK Gvardeyets Skvortsovo,FK Gvardeyets Skvortsovo,games,False,False,True,False,2012-08-22,2012-08-22,1
58674,Maardu LM Jug.,Maardu LM Jug.,transfers,False,True,False,False,2010-01-01,2010-01-01,1
58739,APS Patrai,APS Patrai,games,False,False,True,False,2023-08-27,2023-08-27,1
58743,Varzim Sub-17,Varzim Sub-17,transfers,False,True,False,False,2003-07-01,2010-07-01,1
58744,Varzim Sub-15,Varzim Sub-15,transfers,False,True,False,False,2001-07-01,2018-07-01,1
58745,Varzim CJ,Varzim CJ,transfers,False,True,False,False,2001-07-01,2016-07-01,1
58749,YOSA,YOSA,transfers,False,True,False,False,2023-07-01,2023-07-01,1
58777,Sanjoanense S17,Sanjoanense S17,transfers,False,True,False,False,2015-07-01,2017-07-01,1
58778,Sanjoanense S15,Sanjoanense S15,transfers,False,True,False,False,2013-07-01,2015-07-01,1
58858,Jeddah SC,Jeddah SC,transfers,False,True,False,False,2025-09-08,2025-09-08,1
58884,Chrysochori,Chrysochori,transfers,False,True,False,False,2022-10-01,2023-07-01,1
58946,CD Arenteiro,Arenteiro | CD Arenteiro,games | transfers,False,True,True,False,2021-08-25,2026-06-30,2
58950,Nalón CF,Nalón CF,games,False,False,True,False,2021-11-17,2021-11-17,1
58953,,,games,False,False,True,False,2024-10-09,2024-10-09,0
58955,At. Albericia,At. Albericia,transfers,False,True,False,False,2014-07-01,2015-07-01,1
58956,Espanyol U18,Espanyol U18,transfers,False,True,False,False,2013-07-01,2021-07-01,1
58957,St. Andreu U19,St. Andreu U19,transfers,False,True,False,False,2020-07-01,2022-07-01,1
58974,AFC U17,AFC U17,transfers,False,True,False,False,2006-07-01,2006-07-01,1
58975,Zeeburgia U17,Zeeburgia U17,transfers,False,True,False,False,2016-07-01,2017-07-01,1
59006,Brooke House FA,Brooke House FA,transfers,False,True,False,False,2021-07-01,2021-07-01,1
59009,NK Osijek II,NK Osijek II,transfers,False,True,False,False,2017-07-01,2019-04-02,1
59024,Rodina Moscow,Rodina Moscow,games | transfers,False,True,True,False,2019-07-14,2026-06-30,1
59053,Al-Hamra,Al-Hamra,transfers,False,True,False,False,2024-02-11,2024-02-11,1
59069,KV Oostende You,KV Oostende You,transfers,False,True,False,False,2011-07-01,2019-07-01,1
59083,Elp. Skoutareos,Elp. Skoutareos,transfers,False,True,False,False,2017-07-30,2018-08-13,1
59102,Ermis Amynteou,Ermis Amynteou,games,False,False,True,False,2018-08-26,2024-09-08,1
59106,AE Lefkimmis,AE Lefkimmis,games,False,False,True,False,2021-08-28,2024-09-08,1
59135,Glentoran U18,Glentoran U18,transfers,False,True,False,False,2022-07-02,2022-09-16,1
59151,,,games,False,False,True,False,2022-08-31,2022-08-31,0
59154,Atromitos Patron,Atromitos Patron,games,False,False,True,False,2019-09-15,2019-09-15,1
59157,Thyella Katsikas,Thyella Katsikas,games,False,False,True,False,2023-08-27,2024-09-07,1
59159,Smolikas Falanis,Smolikas Falanis,games,False,False,True,False,2024-09-08,2024-09-08,1
59178,Castellammare,Castellammare,transfers,False,True,False,False,1994-07-01,1994-07-01,1
59231,Borac Novi Sad,Borac Novi Sad,transfers,False,True,False,False,2009-07-01,2011-01-01,1
59358,FK Zeleznicar Pancevo,FK Zeleznicar Pancevo | Zelez. Pancevo,clubs | games | transfers,True,True,True,False,2022-01-21,2026-04-08,2
59378,Caracas U20,Caracas U20,transfers,False,True,False,False,2019-01-01,2019-01-01,1
59409,Buildcon FC,Buildcon FC,transfers,False,True,False,False,2019-01-01,2019-07-10,1
59433,SC NEC U19,SC NEC U19,transfers,False,True,False,False,2013-07-01,2014-07-01,1
59439,Djursholm U19,Djursholm U19,transfers,False,True,False,False,2020-01-01,2020-08-19,1
59470,KBSC Yth.,KBSC Yth.,transfers,False,True,False,False,2007-07-01,2010-08-07,1
59506,,,games,False,False,True,False,2017-08-23,2017-08-23,0
59522,PSK Dinskaya,PSK Dinskaya,games,False,False,True,False,2025-08-06,2025-09-23,1
59524,Ararat Moskow (-2020),Ararat Moskow (-2020),games,False,False,True,False,2017-07-23,2019-08-21,1
59535,Académica S17,Académica S17,transfers,False,True,False,False,2016-07-01,2017-07-01,1
59539,Praia Cruz,Praia Cruz,transfers,False,True,False,False,2017-01-01,2018-07-01,1
59552,GC Zürich Jgd.,GC Zürich Jgd.,transfers,False,True,False,False,2006-07-01,2011-07-01,1
59593,Cercle Youth,Cercle Youth,transfers,False,True,False,False,2005-07-01,2023-07-01,1
59595,Waasland-Beveren,Waasland-Beveren,transfers,False,True,False,False,2015-07-01,2015-07-01,1
59604,VVOG U19,VVOG U19,transfers,False,True,False,False,2004-07-01,2005-07-01,1
59619,Stara Rise,Stara Rise,transfers,False,True,False,False,2019-04-01,2020-02-27,1
59639,Young Reds,Antwerp U21 | Young Reds,transfers,False,True,False,False,2019-07-01,2025-07-01,2
59704,NK Domzale U17,NK Domzale U17,transfers,False,True,False,False,2018-07-01,2021-07-01,1
59705,NK Maribor U17,NK Maribor U17,transfers,False,True,False,False,2020-10-05,2020-10-05,1
59757,CD Arnedo,CD Arnedo,games,False,False,True,False,2022-11-13,2022-12-21,1
59793,AFC Ann Arbor,AFC Ann Arbor,transfers,False,True,False,False,2018-03-20,2018-08-16,1
59803,Tre Teste J.,Tre Teste J.,transfers,False,True,False,False,2016-07-01,2023-07-07,1
59855,Mouscron Yth.,Mouscron Yth.,transfers,False,True,False,False,2015-07-01,2022-07-01,1
59856,LOSC Lille Yth.,LOSC Lille Yth.,transfers,False,True,False,False,2008-07-01,2021-07-01,1
60164,Portimonense 15,Portimonense 15,transfers,False,True,False,False,1999-07-01,2001-07-01,1
60179,Woodbridge Str.,Woodbridge Str.,transfers,False,True,False,False,2005-07-01,2005-07-01,1
60184,Vyron Kavalas,Vyron Kavalas,games,False,False,True,False,2022-08-31,2024-09-01,1
60222,Remo Stars,Remo Stars,transfers,False,True,False,False,2018-07-01,2018-07-01,1
60225,UD Ourense,UD Ourense,games,False,False,True,False,2025-10-29,2025-10-29,1
60309,Yeelen,Yeelen,transfers,False,True,False,False,2017-01-31,2017-07-01,1
60335,ACV Assen Yth.,ACV Assen Yth.,transfers,False,True,False,False,2010-07-01,2010-07-01,1
60350,Salerm Puente Genil FC,Salerm Puente Genil FC,games,False,False,True,False,2025-10-29,2025-10-29,1
60356,Unami CP,Unami CP,games,False,False,True,False,2021-11-17,2021-11-30,1
60368,FC Noah Yerevan,FC Noah | FC Noah Yerevan,games | transfers,False,True,True,False,2020-08-27,2026-02-26,2
60398,UA Horta,UA Horta,transfers,False,True,False,False,2009-07-01,2020-08-11,1
60485,Emmen U17,Emmen U17,transfers,False,True,False,False,2004-07-01,2017-07-01,1
60529,Shabab Al-Ahli,Shabab Al-Ahli,transfers,False,True,False,False,2020-01-15,2024-02-02,1
60551,SC Dnipro-1,SC Dnipro-1 | SK Dnipro-1,clubs | games | transfers,True,True,True,False,2017-07-01,2024-08-01,2
60605,UD Sámano,UD Sámano,games,False,False,True,False,2025-10-30,2025-10-30,1
60613,CP Parla Escuela - Fair Play,CP Parla Escuela - Fair Play,games,False,False,True,False,2024-10-09,2024-11-26,1
60614,CF San Agustín,CF San Agustín,games,False,False,True,False,2021-11-17,2021-12-02,1
60644,KK Shevchenko,KK Shevchenko,transfers,False,True,False,False,2018-01-01,2018-07-12,1
60697,RKVV Erp,RKVV Erp,games,False,False,True,False,2020-08-29,2025-09-03,1
60743,Beylikdüzü,Beylikdüzü,transfers,False,True,False,False,2018-09-07,2019-02-01,1
60790,Progresul Sp.,Progresul Sp.,transfers,False,True,False,False,2023-09-01,2024-02-22,1
60799,V. Redonda U20,V. Redonda U20,transfers,False,True,False,False,2018-01-01,2018-01-01,1
60816,Jamshedpur FC,Jamshedpur FC,transfers,False,True,False,False,2021-09-12,2022-07-19,1
60831,Kolding IF U19,Kolding IF U19,transfers,False,True,False,False,2012-07-01,2013-07-01,1
60834,TS Dortmund,TS Dortmund,transfers,False,True,False,False,2023-07-01,2025-02-07,1
60860,St-Étienne U17,St-Étienne U17,transfers,False,True,False,False,2009-07-01,2023-07-01,1
60927,,,games,False,False,True,False,2017-08-09,2017-08-09,0
60928,Allesö GF,Allesö GF,games,False,False,True,False,2017-08-09,2019-08-07,1
60930,,,games,False,False,True,False,2019-08-07,2019-08-07,0
60931,Agerbaek/Starup,Agerbaek/Starup,games,False,False,True,False,2017-08-29,2018-08-07,1
60932,Krarup/Espe Fodbold,Krarup/Espe Fodbold,games,False,False,True,False,2017-08-08,2019-08-07,1
60937,Anzhi-Yunior Zelenodolsk ( - 2018),Anzhi-Yunior Zelenodolsk ( - 2018),games,False,False,True,False,2017-07-14,2017-07-14,1
60949,Volou Neos Podosferikos Syllogos,Volos NPS | Volou Neos Podosferikos Syllogos,clubs | games | transfers,True,True,True,False,2017-07-01,2026-06-30,2
61045,AEP Kozanis,AEP Kozanis,games,False,False,True,False,2022-08-31,2022-09-21,1
61046,Pallixouriakos AO,Pallixouriakos AO,games,False,False,True,False,2018-08-26,2024-09-08,1
61049,Doxa Neou Sidirochoriou,Doxa Neou Sidirochoriou,games,False,False,True,False,2018-08-26,2018-08-26,1
61052,AO Paleochoras,AO Paleochoras,games,False,False,True,False,2018-08-26,2018-08-26,1
61072,YM - Torpedo,YM - Torpedo,games | transfers,False,True,True,False,2010-04-18,2020-12-01,1
61118,FE Grama,FE Grama,transfers,False,True,False,False,2022-07-01,2024-02-02,1
61119,CF Parets,CF Parets,transfers,False,True,False,False,2019-07-01,2020-07-01,1
61131,Yesilköy,Yesilköy,transfers,False,True,False,False,2017-09-22,2018-09-07,1
61162,Leixões B,Leixões B,transfers,False,True,False,False,2017-07-01,2018-11-01,1
61163,Rio Ave B,Rio Ave B,transfers,False,True,False,False,2020-07-01,2021-07-01,1
61165,Real SC U17,Real SC U17,transfers,False,True,False,False,2001-07-01,2003-07-01,1
61166,Real SC U155,Real SC U155,transfers,False,True,False,False,1999-07-01,2005-07-01,1
61204,Clan Juvenil B,Clan Juvenil B,transfers,False,True,False,False,2017-08-01,2017-12-31,1
61209,Chaves B,Chaves B,transfers,False,True,False,False,2019-07-01,2020-07-01,1
61211,SK Sigma Youth,SK Sigma Youth,transfers,False,True,False,False,2018-07-01,2018-07-01,1
61351,Orenburg-2,Orenburg-2,transfers,False,True,False,False,2021-01-27,2026-02-10,1
61352,KS 2 Samara,KS 2 Samara,transfers,False,True,False,False,2020-08-01,2026-02-17,1
61383,Cjarlins Giov.,Cjarlins Giov.,transfers,False,True,False,False,2017-07-05,2017-07-05,1
61388,Rotor 2 Volgograd ( -2022),Rotor 2 Volgograd ( -2022),games,False,False,True,False,2017-07-24,2017-07-24,1
61393,Sutton Utd U18,Sutton Utd U18,transfers,False,True,False,False,2022-07-01,2022-07-01,1
61402,ALM Évreux,ALM Évreux,transfers,False,True,False,False,2000-07-01,2000-07-01,1
61410,Cassino Gio.,Cassino Gio.,transfers,False,True,False,False,2019-08-10,2020-07-01,1
61431,Borgo,Bastia-Borgo | Borgo,transfers,False,True,False,False,2020-07-07,2023-06-30,2
61446,CF Illueca,CF Illueca,games,False,False,True,False,2019-12-17,2019-12-17,1
61456,Ural 2,Ural 2,transfers,False,True,False,False,2017-07-01,2025-01-01,1
61498,CD Cuarte,CD Cuarte,games,False,False,True,False,2024-10-31,2024-10-31,1
61507,Palmeiras U17,Palmeiras U17,transfers,False,True,False,False,2014-01-02,2019-07-01,1
61508,Palmeiras U15,Palmeiras U15,transfers,False,True,False,False,2014-07-01,2021-07-01,1
61560,FK Sarajevo Yth,FK Sarajevo Yth,transfers,False,True,False,False,2016-01-01,2016-01-01,1
61564,Sloboda T U17,Sloboda T U17,transfers,False,True,False,False,2015-07-01,2015-07-01,1
61602,Z. BL U19,Z. BL U19,transfers,False,True,False,False,2016-02-10,2016-02-10,1
61604,Nuova Florida,Nuova Florida,transfers,False,True,False,False,2022-08-01,2023-08-23,1
61647,Florida SC,Florida SC,transfers,False,True,False,False,2019-01-07,2019-01-07,1
61695,VV Union Youth,VV Union Youth,transfers,False,True,False,False,2010-07-01,2011-07-01,1
61719,Blauw Geel Yth.,Blauw Geel Yth.,transfers,False,True,False,False,2010-07-01,2010-07-01,1
61761,MFC Metalurg,MFC Metalurg | MFK Metalurg | SC Metalurg | SC Metalurg Zaporizhya,games | transfers,False,True,True,False,2017-08-01,2026-02-13,4
61817,Condeixa,Condeixa,transfers,False,True,False,False,2021-01-01,2021-07-01,1
61825,FC Minaj,FC Minaj | FK Minaj,clubs | games | transfers,True,True,True,False,2018-07-18,2025-07-13,2
61832,VV Winsum,VV Winsum,games,False,False,True,False,2019-08-17,2019-08-17,1
61849,Schott Youth,Schott Youth,transfers,False,True,False,False,2011-07-01,2011-07-01,1
61877,,,games,False,False,True,False,2020-08-29,2020-08-29,0
61911,Buitenv. Yth.,Buitenv. Yth.,transfers,False,True,False,False,2016-07-01,2018-07-01,1
61914,MFA Munkach,MFA Munkach,games | transfers,False,True,True,False,2020-08-29,2022-08-21,1
61955,CSKA 1948,CSKA 1948,games | transfers,False,True,True,False,2019-07-01,2024-09-10,1
61973,Ramiz Sadiku,Ramiz Sadiku,transfers,False,True,False,False,2018-06-18,2018-06-18,1
61975,FK Bucha,FK Bucha,games,False,False,True,False,2012-07-25,2012-07-25,1
61989,,,games,False,False,True,False,2025-09-27,2025-10-04,0
62026,Penybont FC,Penybont FC,games,False,False,True,False,2023-07-13,2025-07-17,1
62042,Kyzyltash,Kyzyltash,transfers,False,True,False,False,2019-02-28,2019-07-01,1
62074,Ind. Jrs.,Ind. Jrs.,transfers,False,True,False,False,2023-03-01,2023-08-14,1
62138,M.Alex.Karperis,M.Alex.Karperis,transfers,False,True,False,False,2016-07-29,2017-01-01,1
62215,Paços F. B,Paços F. B,transfers,False,True,False,False,2017-07-01,2018-07-01,1
62269,Mykolaiv-2,Mykolaiv-2,transfers,False,True,False,False,2020-08-27,2021-07-01,1
62343,FC Girondins Bo,FC Girondins Bo,transfers,False,True,False,False,2001-07-01,2001-07-01,1
62344,Bordeaux U17,Bordeaux U17,transfers,False,True,False,False,2015-07-01,2018-07-01,1
62382,Paris 13 Atl.,Paris 13 Atl.,transfers,False,True,False,False,2023-01-31,2023-06-30,1
62386,Honvéd U17,Honvéd U17,transfers,False,True,False,False,2012-01-01,2013-07-01,1
62413,Derby Youth,Derby Youth,transfers,False,True,False,False,2018-07-01,2020-07-01,1
62414,CD Yuncos,CD Yuncos,games,False,False,True,False,2025-09-27,2025-10-29,1
62504,Vasas U17,Vasas U17,transfers,False,True,False,False,2019-08-01,2020-02-17,1
62507,Ferencváros U17,Ferencváros U17,transfers,False,True,False,False,2020-07-01,2021-01-01,1
62518,AE Karitsas,AE Karitsas,games,False,False,True,False,2019-08-25,2019-09-01,1
62534,North District,North District,transfers,False,True,False,False,2025-09-19,2026-06-30,1
62552,Veres Rivne II,Veres Rivne II,transfers,False,True,False,False,2017-07-01,2018-07-01,1
62555,Olympiacos U17,Olympiacos U17,transfers,False,True,False,False,2014-07-01,2026-01-20,1
62567,MTK U17,MTK U17,transfers,False,True,False,False,2020-02-17,2020-07-01,1
62573,Penya Encarnada,Penya Encarnada,transfers,False,True,False,False,2025-09-01,2025-09-01,1
62652,Győr U17,Győr U17,transfers,False,True,False,False,2009-07-01,2024-03-19,1
62664,AC Amager U19,AC Amager U19,transfers,False,True,False,False,2022-07-01,2023-07-01,1
62725,Walddörfer Yth.,Walddörfer Yth.,transfers,False,True,False,False,2013-07-01,2013-07-01,1
62757,VfR Mannh. U17,VfR Mannh. U17,transfers,False,True,False,False,2020-07-01,2021-07-01,1
62871,CF Rayo Majadaho,CF Rayo Majadaho,transfers,False,True,False,False,2011-07-01,2011-07-01,1
62873,U. Adarve Yth.,U. Adarve Yth.,transfers,False,True,False,False,2016-07-01,2016-07-01,1
62931,Cambridge Yth.,Cambridge Yth.,transfers,False,True,False,False,2013-07-01,2016-09-13,1
62966,Halifax Town,Halifax Town,transfers,False,True,False,False,2005-12-01,2008-05-01,1
63007,LNZ Cherkasy,LNZ Cherkasy,clubs | games | transfers,True,True,True,False,2018-07-18,2026-06-30,1
63021,Wigan Youth,Wigan Youth,transfers,False,True,False,False,2017-07-01,2020-07-28,1
63096,Wedel Yth.,Wedel Yth.,transfers,False,True,False,False,2018-01-01,2019-04-20,1
63122,Oure Fodbold,Oure Fodbold,transfers,False,True,False,False,2015-07-01,2016-07-01,1
63130,Rukh,Rukh,transfers,False,True,False,False,2022-01-01,2022-03-13,1
63192,Charnock R.,Charnock R.,transfers,False,True,False,False,2018-07-01,2018-07-01,1
63241,,,games,False,False,True,False,2019-08-24,2019-08-24,0
63271,Einigkeit Yth.,Einigkeit Yth.,transfers,False,True,False,False,2012-07-01,2012-07-01,1
63307,Merelinense Y19,Merelinense Y19,transfers,False,True,False,False,2006-07-01,2018-07-01,1
63308,Merelinense S17,Merelinense S17,transfers,False,True,False,False,2005-07-01,2006-07-01,1
63309,Merelinense S15,Merelinense S15,transfers,False,True,False,False,2005-07-01,2005-07-01,1
63313,Leixões Yth,Leixões Yth,transfers,False,True,False,False,2005-07-01,2018-07-01,1
63431,Akadimia Lamias,Akadimia Lamias,transfers,False,True,False,False,2011-01-01,2011-01-01,1
63438,Nacional Yth.,Nacional Yth.,transfers,False,True,False,False,2011-07-01,2011-07-01,1
63441,Trofense CJ,Trofense CJ,transfers,False,True,False,False,2016-07-01,2016-07-01,1
63531,Den Bosch U17,Den Bosch U17,transfers,False,True,False,False,2012-07-01,2013-07-01,1
63587,Chacaritas FC,Chacaritas FC,transfers,False,True,False,False,2021-03-01,2021-07-01,1
63628,Las Palmas U18,Las Palmas U18,transfers,False,True,False,False,2013-07-01,2024-07-01,1
63681,PO Triglias,PO Triglias,games | transfers,False,True,True,False,2018-07-01,2021-08-10,1
63702,AO Ypatou,AO Ypatou,games,False,False,True,False,2019-08-28,2023-09-03,1
63733,PS Sparti,PS Sparti,games,False,False,True,False,2019-08-25,2019-09-18,1
63734,,,games,False,False,True,False,2022-08-31,2022-08-31,0
63833,Békéscsaba U17,Békéscsaba U17,transfers,False,True,False,False,2011-01-01,2011-01-01,1
63880,Excelsior U17,Excelsior U17,transfers,False,True,False,False,2003-07-01,2022-07-01,1
63904,VFC,VFC,transfers,False,True,False,False,2017-07-01,2017-07-01,1
63935,Souli Paramythias,Souli Paramythias,games,False,False,True,False,2019-08-25,2019-08-25,1
63966,Nashville SC,Nashville SC,clubs | games,True,False,True,False,2025-02-23,2026-05-24,1
63969,CD Roda Youth,CD Roda Youth,transfers,False,True,False,False,2012-07-01,2019-07-01,1
63993,Sabah FK,Sabah FK,games | transfers,False,True,True,False,2022-03-21,2026-06-30,1
64010,Seyhan Bld. Yth,Seyhan Bld. Yth,transfers,False,True,False,False,2009-09-05,2009-09-05,1
64053,FC Rousset,FC Rousset,transfers,False,True,False,False,2021-07-01,2023-01-06,1
64057,Amager FF,Amager FF,games,False,False,True,False,2023-08-08,2023-08-08,1
64125,CE Mataró Youth,CE Mataró Youth,transfers,False,True,False,False,2009-07-01,2009-07-01,1
64242,Blink Yth.,Blink Yth.,transfers,False,True,False,False,2007-07-01,2018-08-17,1
64250,Westerlo Yth.,Westerlo Yth.,transfers,False,True,False,False,2007-07-01,2019-07-01,1
64251,Antwerpen U17,Antwerpen U17,transfers,False,True,False,False,2017-07-01,2018-07-01,1
64252,Antwerp Yth.,Antwerp Yth.,transfers,False,True,False,False,2008-07-01,2025-07-01,1
64328,ATL UTD 2,ATL UTD 2,transfers,False,True,False,False,2019-03-08,2019-11-30,1
64333,SC Espinho S17,SC Espinho S17,transfers,False,True,False,False,2015-07-01,2016-07-01,1
64334,SC Espinho S15,SC Espinho S15,transfers,False,True,False,False,2013-07-01,2015-07-01,1
64335,SC Espinho Yth.,SC Espinho Yth.,transfers,False,True,False,False,2009-07-01,2013-07-01,1
64480,Legion FC,Legion FC,transfers,False,True,False,False,2024-01-30,2024-01-30,1
64534,Struga Trim & Lum,Struga Trim & Lum,games,False,False,True,False,2021-07-08,2024-07-30,1
64536,Balón de Cádiz,Balón de Cádiz,transfers,False,True,False,False,2014-07-01,2023-07-01,1
64589,KV Kortrijk Jgd,KV Kortrijk Jgd,transfers,False,True,False,False,2014-07-01,2023-07-01,1
64601,ROHDA R. Yth.,ROHDA R. Yth.,transfers,False,True,False,False,2013-07-01,2013-07-01,1
64606,ESA Youth,ESA Youth,transfers,False,True,False,False,2011-07-01,2011-07-01,1
64615,Gevelsberg Yth.,Gevelsberg Yth.,transfers,False,True,False,False,2015-07-01,2015-07-01,1
64617,Waldperl. Yth.,Waldperl. Yth.,transfers,False,True,False,False,2001-07-01,2001-07-01,1
64618,RW Kirchl. Yth.,RW Kirchl. Yth.,transfers,False,True,False,False,2004-07-01,2004-07-01,1
64634,Hearts Youth,Hearts Youth,transfers,False,True,False,False,2006-07-01,2024-07-01,1
64636,P. Luanda U19,P. Luanda U19,transfers,False,True,False,False,2018-07-01,2022-07-01,1
64761,OH Leuven U17,OH Leuven U17,transfers,False,True,False,False,2014-07-01,2018-01-01,1
64780,Atlètic Club d'Escaldes,Atlètic Club d'Escaldes,games,False,False,True,False,2022-07-05,2025-07-31,1
64800,Lokomotiv,Lokomotiv,transfers,False,True,False,False,2020-02-19,2020-10-06,1
64862,Horne Saliby,Horne Saliby,transfers,False,True,False,False,2017-07-21,2018-04-01,1
64912,Zabrze Youth,Zabrze Youth,transfers,False,True,False,False,2022-07-01,2023-10-16,1
64918,Athletic,Athletic,transfers,False,True,False,False,2023-01-01,2026-02-11,1
64955,CD La Almunia,CD La Almunia,transfers,False,True,False,False,2018-07-01,2019-01-01,1
64983,Zuidvogels Yth.,Zuidvogels Yth.,transfers,False,True,False,False,1999-07-01,2012-07-01,1
64999,Taboeira U17,Taboeira U17,transfers,False,True,False,False,2009-07-01,2012-07-01,1
65007,Hohenlind U17,Hohenlind U17,transfers,False,True,False,False,2019-07-01,2020-08-04,1
65020,Hasper SV Yth.,Hasper SV Yth.,transfers,False,True,False,False,2001-07-01,2009-07-01,1
65024,Thyella Kamariou,Thyella Kamariou,games,False,False,True,False,2018-08-26,2024-09-15,1
65046,Konstanz Yth.,Konstanz Yth.,transfers,False,True,False,False,2016-07-01,2016-07-01,1
65062,Williamsville,Williamsville,transfers,False,True,False,False,2020-07-01,2020-07-01,1
65118,AS Otôho,AS Otôho,transfers,False,True,False,False,2020-07-01,2022-01-30,1
65123,Pangytheatikos,Pangytheatikos,games,False,False,True,False,2023-08-27,2023-09-03,1
65125,AO Xenofon Krestenon,AO Xenofon Krestenon,games,False,False,True,False,2019-08-25,2019-09-15,1
65272,PAOK U17,PAOK U17,transfers,False,True,False,False,2012-07-01,2022-07-01,1
65273,EF Gava,EF Gava,transfers,False,True,False,False,2018-07-01,2018-07-01,1
65274,G.Manresa Yth.,G.Manresa Yth.,transfers,False,True,False,False,2013-07-01,2013-07-01,1
65327,1º Agosto U20,1º Agosto U20,transfers,False,True,False,False,2016-01-01,2016-01-01,1
65398,SC Rondorf Yth.,SC Rondorf Yth.,transfers,False,True,False,False,2002-07-01,2002-07-01,1
65409,Schlebusch Yth.,Schlebusch Yth.,transfers,False,True,False,False,2012-07-01,2012-07-01,1
65421,Aach-Linz Yth.,Aach-Linz Yth.,transfers,False,True,False,False,2001-07-01,2001-07-01,1
65423,FSC Mariupol,FSC Mariupol | FSK Mariupol | Feniks Mariupol,games | transfers,False,True,True,False,2020-08-29,2026-03-18,3
65424,Rubikon,Rubikon | Rubikon Kyiv,games | transfers,False,True,True,False,2020-08-29,2022-01-01,2
65482,Ulubey Belediye,Ulubey Belediye,transfers,False,True,False,False,2019-10-09,2020-08-04,1
65547,Sincan Bld Yth,Sincan Bld Yth,transfers,False,True,False,False,2007-09-14,2007-09-14,1
65591,TZ Yuanda,TZ Yuanda,transfers,False,True,False,False,2020-02-27,2021-04-16,1
65624,Lichtenr. Yth.,Lichtenr. Yth.,transfers,False,True,False,False,2000-07-01,2003-07-01,1
65651,SV HBC Heemstede,SV HBC Heemstede,games,False,False,True,False,2024-09-03,2024-09-03,1
65680,Visakha FC,Visakha FC,transfers,False,True,False,False,2026-01-01,2026-01-01,1
65682,FK Saransk ( -2022),FK Saransk ( -2022),games,False,False,True,False,2021-07-14,2021-09-22,1
65683,Kuban Holding Pavlovskaya,Kuban Holding | Kuban Holding Pavlovskaya,games | transfers,False,True,True,False,2018-07-21,2025-10-29,2
65684,Pari NN II,Nizhniy Novgorod | Pari NN II,transfers,False,True,False,False,2021-07-01,2026-01-15,2
65699,La Salle U19,La Salle U19,transfers,False,True,False,False,2013-07-01,2014-07-01,1
65711,San Ignacio,San Ignacio,transfers,False,True,False,False,2019-07-01,2022-07-01,1
65722,Langendr. Yth.,Langendr. Yth.,transfers,False,True,False,False,2002-07-01,2002-07-01,1
65724,TuS Langel Yth.,TuS Langel Yth.,transfers,False,True,False,False,2004-07-01,2004-07-01,1
65730,Niederb. Yth.,Niederb. Yth.,transfers,False,True,False,False,1997-07-01,1997-07-01,1
65737,Aystetten Yth.,Aystetten Yth.,transfers,False,True,False,False,2004-07-01,2004-07-01,1
65742,SV Ried Yth.,SV Ried Yth.,transfers,False,True,False,False,2004-07-01,2004-07-01,1
65789,Messager FC,Messager FC,transfers,False,True,False,False,2013-07-01,2018-07-01,1
65853,Sport. Martinus,Sport. Martinus,transfers,False,True,False,False,2019-07-01,2019-07-01,1
65874,Pontos Vit.,Pontos Vit.,transfers,False,True,False,False,2015-01-01,2016-02-23,1
65894,Energomash U19,Energomash U19,transfers,False,True,False,False,2016-07-01,2019-01-01,1
65909,FK Blagoveshchensk,FK Blagoveshchensk,games,False,False,True,False,2018-08-11,2019-08-10,1
65918,Metallurg Mosk.,Metallurg Mosk.,transfers,False,True,False,False,2017-01-01,2018-02-15,1
65942,Vizela Y17,Vizela Y17,transfers,False,True,False,False,2016-07-01,2020-07-01,1
66001,Izhevsk II,Izhevsk II,transfers,False,True,False,False,2009-07-01,2009-07-01,1
66036,Agrifop Stakcin,Agrifop Stakcin,transfers,False,True,False,False,2014-08-23,2015-03-06,1
66084,Ankaragücü U19,Ankaragücü U19,transfers,False,True,False,False,2018-07-01,2024-02-10,1
66094,Slovan Bzenec,Slovan Bzenec,transfers,False,True,False,False,2022-04-14,2022-09-16,1
66108,DYuSSh-15 Kyiv,DYuSSh-15 Kyiv,transfers,False,True,False,False,2009-07-01,2021-01-01,1
66132,ADO '20 Yth.,ADO '20 Yth.,transfers,False,True,False,False,2010-07-01,2012-07-01,1
66208,SV Kampong Utrecht,SV Kampong Utrecht,games,False,False,True,False,2023-08-13,2025-09-03,1
66222,Hvidovre IF II,Hvidovre IF II,transfers,False,True,False,False,2021-07-01,2024-07-05,1
66274,Tubize Yth.,Tubize Yth.,transfers,False,True,False,False,2010-07-01,2010-07-01,1
66283,FC Balashikha,FC Balashikha,games,False,False,True,False,2022-08-17,2022-08-17,1
66292,Dender EH U21,Dender EH U21,transfers,False,True,False,False,2017-07-01,2025-01-01,1
66293,Dender EH U17,Dender EH U17,transfers,False,True,False,False,2015-07-01,2016-07-01,1
66294,Dender Yth.,Dender Yth.,transfers,False,True,False,False,2011-07-01,2015-07-01,1
66312,Helmond Yth.,Helmond Yth.,transfers,False,True,False,False,2016-07-01,2016-07-01,1
66325,Pegia 2014,Pegia 2014,transfers,False,True,False,False,2022-08-23,2023-07-10,1
66381,Deinze Yth.,Deinze Yth.,transfers,False,True,False,False,2012-07-01,2012-07-01,1
66477,Brasseries,Brasseries,transfers,False,True,False,False,2011-07-01,2022-07-01,1
66529,Anderlecht U18,Anderlecht U18,transfers,False,True,False,False,2018-07-01,2023-07-01,1
66530,Club Brugge U18,Club Brugge U18,transfers,False,True,False,False,2022-08-23,2023-07-01,1
66531,KRC Genk U18,KRC Genk U18,transfers,False,True,False,False,2018-07-01,2025-07-01,1
66532,KAA Gent U18,KAA Gent U18,transfers,False,True,False,False,2018-07-01,2023-08-30,1
66533,Standard U18,Standard U18,transfers,False,True,False,False,2018-07-01,2023-07-01,1
66534,KV Mechelen U18,KV Mechelen U18,transfers,False,True,False,False,2018-07-01,2023-07-01,1
66535,Zulte U18,Zulte U18,transfers,False,True,False,False,2018-07-01,2019-07-01,1
66536,KV Oostende U18,KV Oostende U18,transfers,False,True,False,False,2018-07-01,2020-07-01,1
66537,Charleroi U18,Charleroi U18,transfers,False,True,False,False,2018-07-01,2025-07-01,1
66538,Antwerp U18,Antwerp U18,transfers,False,True,False,False,2017-07-01,2025-07-01,1
66539,St. Truiden U18,St. Truiden U18,transfers,False,True,False,False,2018-07-01,2023-07-01,1
66540,SK Beveren U18,SK Beveren U18,transfers,False,True,False,False,2023-01-01,2023-01-01,1
66541,Kortrijk U18,Kortrijk U18,transfers,False,True,False,False,2022-01-01,2024-07-01,1
66542,KSC Lokeren U18,KSC Lokeren U18,transfers,False,True,False,False,2019-07-01,2020-07-01,1
66544,KAS Eupen U18,KAS Eupen U18,transfers,False,True,False,False,2019-07-01,2024-01-01,1
66545,Cercle U18,Cercle U18,transfers,False,True,False,False,2020-07-01,2025-07-01,1
66546,OH Leuven U18,OH Leuven U18,transfers,False,True,False,False,2018-07-01,2019-07-01,1
66548,Beerschot U18,Beerschot U18,transfers,False,True,False,False,2023-07-01,2024-07-01,1
66552,Union SG U18,Union SG U18,transfers,False,True,False,False,2022-07-01,2023-07-01,1
66553,Union SG Yth.,Union SG Yth.,transfers,False,True,False,False,2017-07-01,2022-07-01,1
66554,Westerlo U18,Westerlo U18,transfers,False,True,False,False,2018-07-01,2024-07-01,1
66557,Roeselare Yth.,Roeselare Yth.,transfers,False,True,False,False,2009-07-01,2011-07-01,1
66608,Ritsa Gudauta,Ritsa Gudauta,transfers,False,True,False,False,2023-02-22,2023-02-22,1
66634,Tupynambás,Tupynambás,transfers,False,True,False,False,2023-04-25,2023-07-01,1
66645,Lommel SK Yth,Lommel SK Yth,transfers,False,True,False,False,2016-07-01,2018-07-01,1
66652,RE Virton Yth.,RE Virton Yth.,transfers,False,True,False,False,2020-07-01,2020-07-01,1
66685,Berchem Yth.,Berchem Yth.,transfers,False,True,False,False,2006-07-01,2017-07-01,1
66695,RFC Seraing Jgd,RFC Seraing Jgd,transfers,False,True,False,False,2016-07-01,2016-07-01,1
66704,ASV Geel Yth.,ASV Geel Yth.,transfers,False,True,False,False,2001-07-01,2001-07-01,1
66710,RWDM U21,RWDM U21,transfers,False,True,False,False,2020-07-01,2024-07-01,1
66712,RWDM U18,RWDM U18,transfers,False,True,False,False,2021-07-01,2023-01-01,1
66713,RWDM U17,RWDM U17,transfers,False,True,False,False,2020-07-01,2020-07-01,1
66714,RWDM Youth,RWDM Youth,transfers,False,True,False,False,2021-07-01,2021-07-01,1
66822,Partizan U17,Partizan U17,transfers,False,True,False,False,2008-07-01,2020-07-01,1
66852,Polatli 1926 SK,Polatli 1926 SK,transfers,False,True,False,False,2026-01-29,2026-06-30,1
66861,Grassina,Grassina,transfers,False,True,False,False,2021-07-16,2021-07-16,1
67002,York9 FC,York9 FC,transfers,False,True,False,False,2019-08-02,2019-08-02,1
67024,Novorizont. U20,Novorizont. U20,transfers,False,True,False,False,2019-01-01,2023-01-01,1
67074,TS Galaxy FC,TS Galaxy FC,transfers,False,True,False,False,2022-03-01,2023-08-08,1
67107,FC Leningradets,FC Leningradets | Leningradets,games | transfers,False,True,True,False,2018-07-30,2025-08-20,2
67184,ASM Gargeoise,ASM Gargeoise,transfers,False,True,False,False,2014-07-01,2014-07-01,1
67212,CF Intercity,CF Intercity | Intercity,games | transfers,False,True,True,False,2019-11-13,2025-07-01,2
67218,Almyros Gaziou,Almyros Gaziou,games,False,False,True,False,2021-08-29,2022-10-20,1
67241,Kuban Krasnodar,Kuban | Kuban Krasnodar | Urozhay,games | transfers,False,True,True,False,2018-07-21,2026-06-30,3
67265,Partizan U15,Partizan U15,transfers,False,True,False,False,2008-07-01,2019-07-01,1
67276,Hearts FC U18,Hearts FC U18,transfers,False,True,False,False,2018-07-01,2024-07-01,1
67277,Aberdeen U18,Aberdeen U18,transfers,False,True,False,False,2019-07-01,2025-07-01,1
67278,St. Johnst. U18,St. Johnst. U18,transfers,False,True,False,False,2016-07-01,2025-02-13,1
67279,St. Johnst. B,St. Johnst. B,transfers,False,True,False,False,2018-07-01,2026-05-31,1
67280,Celtic U18,Celtic U18,transfers,False,True,False,False,2018-07-01,2023-09-11,1
67281,Rangers FC U18,Rangers FC U18,transfers,False,True,False,False,2019-07-01,2024-07-01,1
67282,Motherwell U18,Motherwell U18,transfers,False,True,False,False,2021-07-02,2026-05-31,1
67283,Kilmarnock U18,Kilmarnock U18,transfers,False,True,False,False,2021-07-01,2026-05-31,1
67284,Kilmarnock B,Kilmarnock B,transfers,False,True,False,False,2018-07-01,2025-07-01,1
67285,Dundee U18,Dundee U18,transfers,False,True,False,False,2022-07-01,2022-07-01,1
67286,Dundee Reserves,Dundee Reserves,transfers,False,True,False,False,2018-07-01,2025-07-01,1
67287,St. Mirren U18,St. Mirren U18,transfers,False,True,False,False,2019-07-01,2025-07-01,1
67288,Dundee Utd. U18,Dundee Utd. U18,transfers,False,True,False,False,2020-07-01,2024-07-01,1
67291,Livingston B,Livingston B,transfers,False,True,False,False,2022-09-26,2024-07-01,1
67292,Hibernian U18,Hibernian U18,transfers,False,True,False,False,2022-07-01,2024-07-01,1
67293,Hamilton A. U18,Hamilton A. U18,transfers,False,True,False,False,2022-07-01,2022-07-01,1
67295,Inverness U18,Inverness U18,transfers,False,True,False,False,2018-07-01,2019-07-01,1
67296,Ross Cou.U18,Ross Cou.U18,transfers,False,True,False,False,2018-07-01,2024-07-05,1
67298,Partick Th. U18,Partick Th. U18,transfers,False,True,False,False,2023-07-01,2023-07-01,1
67321,CD Cardassar,CD Cardassar,games,False,False,True,False,2020-11-11,2022-10-19,1
67351,Queen's P. U18,Queen's P. U18,transfers,False,True,False,False,2019-07-01,2019-07-01,1
67375,El Paso,El Paso,transfers,False,True,False,False,2023-01-01,2024-01-01,1
67403,Galway U19,Galway U19,transfers,False,True,False,False,2018-08-30,2018-08-30,1
67418,Volos NPS U19,Volos NPS U19,transfers,False,True,False,False,2021-07-01,2024-08-17,1
67453,1.FC Düren,1.FC Düren,games,False,False,True,False,2020-10-15,2020-10-15,1
67496,FK Brodarac U19,FK Brodarac U19,transfers,False,True,False,False,2017-07-01,2017-07-01,1
67509,Torrent CF,Torrent CF,games,False,False,True,False,2025-10-29,2025-12-03,1
67520,Hellerup Youth,Hellerup Youth,transfers,False,True,False,False,2014-07-01,2019-07-01,1
67530,Naestved BK Y,Naestved BK Y,transfers,False,True,False,False,2007-07-01,2007-07-01,1
67605,Le Havre U17,Le Havre U17,transfers,False,True,False,False,2000-07-01,2022-07-01,1
67608,Humlebaek BK,Humlebaek BK,games,False,False,True,False,2018-08-08,2018-08-08,1
67609,FC Rudersdal,FC Rudersdal,games,False,False,True,False,2018-08-14,2025-08-05,1
67610,CBS Sport,CBS Sport,games,False,False,True,False,2018-08-08,2018-08-08,1
67611,Taarnby FF Youth,Taarnby FF Youth,games,False,False,True,False,2018-08-07,2018-09-11,1
67612,Hörsholm Usseröd IK,Hörsholm U IK | Hörsholm Usseröd IK,games | transfers,False,True,True,False,2018-01-01,2024-09-03,2
67613,Bramdrupdam GIF,Bramdrupdam GIF,games,False,False,True,False,2018-08-14,2018-09-04,1
67614,FC BiH Odense,FC BiH Odense,games,False,False,True,False,2018-08-14,2025-08-07,1
67644,Chertanovo 2,Chertanovo 2,transfers,False,True,False,False,2019-01-01,2019-07-01,1
67664,Trelleborg U17,Trelleborg U17,transfers,False,True,False,False,2019-01-26,2019-01-26,1
67710,Alphense B. U17,Alphense B. U17,transfers,False,True,False,False,2019-07-01,2020-07-01,1
67731,Portimonense 23,Portimonense 23,transfers,False,True,False,False,2019-07-01,2024-06-30,1
67746,FCSh-73 U19,FCSh-73 U19,transfers,False,True,False,False,2015-01-01,2015-01-01,1
67751,CD Ibiza Islas Pitiusas,CD Ibiza | CD Ibiza Islas Pitiusas,games | transfers,False,True,True,False,2020-12-16,2024-10-30,2
67752,Calvo Sotelo Puertollano CF,Calvo Sotelo Puertollano CF,games,False,False,True,False,2021-12-02,2021-12-02,1
67773,Huddersf. U17,Huddersf. U17,transfers,False,True,False,False,2019-07-01,2020-07-01,1
67774,Huddersf. U19,Huddersf. U19,transfers,False,True,False,False,2018-07-01,2022-07-01,1
67783,Afyonspor Yth,Afyonspor Yth,transfers,False,True,False,False,2018-08-06,2019-01-02,1
67837,Marítimo U23,Marítimo U23,transfers,False,True,False,False,2018-07-01,2020-07-01,1
67853,Wimbledon Yth.,Wimbledon Yth.,transfers,False,True,False,False,2020-03-11,2023-07-01,1
67883,Areosa U19,Areosa U19,transfers,False,True,False,False,2020-07-01,2020-07-01,1
67886,Enisey 2,Enisey 2,transfers,False,True,False,False,2024-07-11,2024-07-11,1
67887,Khimki 2,Khimki 2,transfers,False,True,False,False,2018-08-09,2025-07-25,1
67901,AS Giannitsa,AS Giannitsa,games,False,False,True,False,2018-08-26,2022-08-31,1
67909,Sporting CP U23,Sporting CP U23,transfers,False,True,False,False,2018-07-01,2025-07-01,1
67926,AS St. Rémy,AS St. Rémy,transfers,False,True,False,False,2017-10-27,2018-07-23,1
67939,Viktoriya Sumy,Viktoriya | Viktoriya Sumy,games | transfers,False,True,True,False,2018-07-18,2026-06-30,2
67942,El Olivar U19,El Olivar U19,transfers,False,True,False,False,2018-07-01,2018-07-01,1
67945,Desna II,Desna II,transfers,False,True,False,False,2019-07-28,2020-07-01,1
67969,B. SAD U23,B SAD U23 | B. SAD U23,transfers,False,True,False,False,2018-07-01,2022-01-15,2
67975,FK Avtofavorit Pskov,FK Avtofavorit Pskov,games,False,False,True,False,2018-07-22,2018-07-22,1
67976,Krasniy-SGAFKST Smolensk,Krasniy-SGAFKST Smolensk,games,False,False,True,False,2018-07-31,2020-08-05,1
68006,Hadley FC,Hadley FC,transfers,False,True,False,False,2014-07-01,2014-07-01,1
68028,Al-Jabalain,Al-Jabalain,transfers,False,True,False,False,2020-01-14,2024-07-19,1
68031,Loudoun United,Loudoun United,transfers,False,True,False,False,2019-09-30,2020-09-30,1
68037,Khimik-August Vurnary (-2024),Khimik-August Vurnary (-2024),games,False,False,True,False,2018-07-30,2023-09-13,1
68062,UD Tamaraceite,UD Tamaraceite,games | transfers,False,True,True,False,2019-12-19,2022-06-30,1
68077,Braga U23,Braga U23,transfers,False,True,False,False,2018-07-01,2024-07-01,1
68091,AE Neapolis,AE Neapolis,games,False,False,True,False,2021-08-29,2021-08-29,1
68110,Rio Ave U23,Rio Ave U23,transfers,False,True,False,False,2018-07-01,2026-06-30,1
68128,Eto'o Academy,Eto'o Academy,transfers,False,True,False,False,2008-07-01,2008-07-01,1
68130,Vilaverdense 17,Vilaverdense 17,transfers,False,True,False,False,2016-07-01,2019-07-01,1
68131,Vilaverdense 15,Vilaverdense 15,transfers,False,True,False,False,2015-07-01,2018-07-01,1
68132,Vilaverdense F,Vilaverdense F,transfers,False,True,False,False,2011-07-01,2011-07-01,1
68188,Guimarães U23,Guimarães U23,transfers,False,True,False,False,2018-07-01,2022-07-01,1
68212,Beerschot Yth.,Beerschot Yth | Beerschot Yth.,transfers,False,True,False,False,2003-07-01,2013-07-01,2
68228,Pontypridd,Pontypridd,transfers,False,True,False,False,2023-01-31,2023-05-31,1
68237,E. Solonytsivka,E. Solonytsivka,transfers,False,True,False,False,2016-07-01,2017-02-22,1
68264,Académica U23,Académica U23,transfers,False,True,False,False,2019-07-01,2021-07-01,1
68267,Cova Piedade 17,Cova Piedade 17,transfers,False,True,False,False,2006-07-01,2008-07-01,1
68268,Cova Piedade 15,Cova Piedade 15,transfers,False,True,False,False,2004-07-01,2006-07-01,1
68269,Cova Piedade Fo,Cova Piedade Fo,transfers,False,True,False,False,2004-07-01,2017-07-01,1
68276,Hasselt U17,Hasselt U17,transfers,False,True,False,False,2020-07-01,2022-07-01,1
68283,Metalist Unior,Metalist Unior,transfers,False,True,False,False,2016-10-01,2017-01-01,1
68289,Znamya Noginsk,Znamya Noginsk,games,False,False,True,False,2020-08-05,2025-08-20,1
68301,S.Maria Cilento,S.Maria Cilento,transfers,False,True,False,False,2021-09-16,2022-07-15,1
68302,FK TSC U19,FK TSC U19,transfers,False,True,False,False,2019-08-02,2020-07-01,1
68352,Slavia Kosice,Slavia Kosice,transfers,False,True,False,False,2019-07-24,2020-02-28,1
68369,Cove R. U20,Cove R. U20,transfers,False,True,False,False,2019-07-01,2020-07-01,1
68377,Mardin 1969,Mardin 1969,transfers,False,True,False,False,2025-07-28,2025-07-28,1
68378,FK Sochi U19,FK Sochi U19,transfers,False,True,False,False,2020-09-08,2020-09-08,1
68403,Estoril U23,Estoril U23,transfers,False,True,False,False,2018-07-01,2026-06-30,1
68436,Thraki Feron,Thraki Feron,games,False,False,True,False,2018-08-26,2018-08-26,1
68437,Anagennisi Plagias,Anagennisi Plagias,games,False,False,True,False,2018-08-26,2021-09-12,1
68442,Iraklis Polykarpis,Iraklis Polykarpis,games,False,False,True,False,2018-08-26,2018-08-26,1
68443,AE Xirovouniou,AE Xirovouniou,games,False,False,True,False,2018-08-26,2018-08-26,1
68444,OF Agiou Mattheou,OF Agiou Mattheou,games,False,False,True,False,2021-08-29,2021-08-29,1
68446,Iraklis Elefsinas,Iraklis Elefsinas,games,False,False,True,False,2018-08-26,2018-08-26,1
68447,PO Dafni Dafnona,PO Dafni Dafnona,games,False,False,True,False,2018-08-26,2018-08-26,1
68448,AE Vathyllou-Pansamiakou,AE Vathyllou-Pansamiakou,games,False,False,True,False,2018-09-02,2019-09-17,1
68449,AS Antimachos Kos,AS Antimachos Kos,games,False,False,True,False,2018-08-26,2018-09-15,1
68471,B.93 Youth,B.93 Youth,transfers,False,True,False,False,2008-01-01,2022-07-01,1
68476,Naesby BK Youth,Naesby BK Youth,transfers,False,True,False,False,2014-07-01,2022-07-01,1
68479,Teungueth FC,Teungueth FC,transfers,False,True,False,False,2019-07-01,2020-10-14,1
68517,VVOG Yth.,VVOG Yth.,transfers,False,True,False,False,2004-07-01,2004-07-01,1
68545,Portimonense Yt,Portimonense Yt,transfers,False,True,False,False,1999-07-01,2016-07-01,1
68575,CD Atlético Paso,CD Atlético Paso,games,False,False,True,False,2022-11-13,2024-10-30,1
68608,CF Os Belenenses,Belenenses | CF Os Belenenses,clubs | games | transfers,True,True,True,False,2009-01-01,2026-06-30,2
68634,Fortuna W. Yth.,Fortuna W. Yth.,transfers,False,True,False,False,2010-07-01,2010-07-01,1
68635,Purmersteijn Y.,Purmersteijn Y.,transfers,False,True,False,False,2010-07-01,2012-07-01,1
68653,Mount Pleasant,Mount Pleasant,transfers,False,True,False,False,2022-04-01,2023-08-17,1
68715,PAS Kitheronas Kaparelliou,PAS Kitheronas Kaparelliou,games,False,False,True,False,2018-09-02,2018-09-15,1
68742,SV Walcheren Vlissingen,SV Walcheren Vlissingen,games,False,False,True,False,2025-09-02,2025-09-02,1
68780,Benfica U23,Benfica U23,transfers,False,True,False,False,2018-07-01,2025-07-01,1
68792,Mettenberg Yth.,Mettenberg Yth.,transfers,False,True,False,False,2001-07-01,2001-07-01,1
68797,Vitória FC U23,Vitória FC U23,transfers,False,True,False,False,2019-07-01,2020-07-01,1
68816,GRAP,GRAP,transfers,False,True,False,False,2020-07-01,2021-01-29,1
68824,Cova Piedade 23,Cova Piedade 23,transfers,False,True,False,False,2018-07-01,2018-09-01,1
68826,Aves U23,Aves U23,transfers,False,True,False,False,2019-12-01,2020-07-01,1
68979,Teleoptik U17,Teleoptik U17,transfers,False,True,False,False,2017-08-01,2018-08-16,1
68990,Aigle Noir FC,Aigle Noir FC,transfers,False,True,False,False,2018-07-01,2023-02-07,1
69001,Lecce U17,Lecce U17,transfers,False,True,False,False,2020-09-01,2021-07-01,1
69006,Atzeneta UE,Atzeneta UE,games,False,False,True,False,2023-11-14,2023-12-05,1
69007,Indeks,Indeks,transfers,False,True,False,False,2011-01-01,2011-07-01,1
69015,Salamanca CF B,Salamanca CF B,transfers,False,True,False,False,2020-08-07,2022-08-09,1
69043,Jabac U19,Jabac U19,transfers,False,True,False,False,2017-07-01,2018-07-01,1
69053,Mus 1984,Mus 1984 | Mus SK,transfers,False,True,False,False,2022-08-27,2025-06-30,2
69084,EFAFC,EFAFC,transfers,False,True,False,False,2024-07-02,2024-07-02,1
69088,Bröndby IF II,Bröndby IF II,transfers,False,True,False,False,2008-01-01,2009-07-01,1
69151,Coimbra EC U20,Coimbra EC U20,transfers,False,True,False,False,2021-07-01,2021-07-01,1
69157,FC Nantes U17,FC Nantes U17,transfers,False,True,False,False,2006-07-01,2022-07-01,1
69158,FC Rouen U17,FC Rouen U17,transfers,False,True,False,False,2011-07-01,2013-07-01,1
69159,AS Nancy U17,AS Nancy U17,transfers,False,True,False,False,2009-07-01,2022-07-01,1
69166,Memphis 901,Memphis 901,transfers,False,True,False,False,2024-01-01,2024-01-01,1
69187,Diepenveen Yth.,Diepenveen Yth.,transfers,False,True,False,False,2012-07-01,2012-07-01,1
69191,Hoevelaken Yth.,Hoevelaken Yth.,transfers,False,True,False,False,2013-07-01,2013-07-01,1
69248,Alex. Kilkis,Alex. Kilkis,transfers,False,True,False,False,2012-07-01,2012-07-01,1
69261,Club Internacional de Fútbol Miami,Club Internacional de Fútbol Miami | Miami,clubs | games | transfers,True,True,True,False,2021-03-23,2026-05-25,2
69300,Rylands,Rylands,transfers,False,True,False,False,2023-07-09,2024-02-01,1
69302,Schwerin Yth.,Schwerin Yth.,transfers,False,True,False,False,2006-07-01,2006-07-01,1
69354,Derincespor Yth,Derince Bld Yth | Derincespor Yth,transfers,False,True,False,False,2014-01-24,2014-09-11,2
69359,CF Independiente Alicante,CF Independiente Alicante,games,False,False,True,False,2021-11-17,2021-12-01,1
69385,Wazito FC,Wazito FC,transfers,False,True,False,False,2018-01-01,2022-08-27,1
69386,AEK Athens U17,AEK Athens U17,transfers,False,True,False,False,2018-07-12,2022-07-01,1
69467,Atl. Tera Corá,Atl. Tera Corá,transfers,False,True,False,False,2019-07-01,2019-07-01,1
69471,Al-Salt SC,Al-Salt SC,transfers,False,True,False,False,2026-01-31,2026-01-31,1
69486,Yeni Mersin IY,Yeni Mersin IY,transfers,False,True,False,False,2023-01-26,2024-06-30,1
69518,Sapanca Genclik,Sapanca Genclik,transfers,False,True,False,False,2022-09-07,2024-06-30,1
69523,Celta C-GP,Celta C-GP,transfers,False,True,False,False,2022-07-01,2023-07-01,1
69570,Ol. Lyon Yth.,Ol. Lyon Yth.,transfers,False,True,False,False,2005-07-01,2021-07-01,1
69593,Orduspor 1967,Orduspor 1967,transfers,False,True,False,False,2026-01-14,2026-01-29,1
69737,MGjP Youth,MGjP Youth,transfers,False,True,False,False,2015-07-01,2015-07-01,1
69744,Team Vaud U17,Team Vaud U17,transfers,False,True,False,False,2022-07-01,2022-07-01,1
69752,FC Hegelmann,FC Hegelmann | Hegelmann,games | transfers,False,True,True,False,2023-07-13,2026-01-11,2
69778,Reislingen Yth.,Reislingen Yth.,transfers,False,True,False,False,2003-07-01,2003-07-01,1
69779,BW Berlin Yth.,BW Berlin Yth.,transfers,False,True,False,False,2000-07-01,2000-07-01,1
69785,SC B. Gl. Yth.,SC B. Gl. Yth.,transfers,False,True,False,False,2006-07-01,2006-07-01,1
69787,Dingolfing U17,Dingolfing U17,transfers,False,True,False,False,2013-07-01,2014-07-01,1
69892,Al-Bidda SC,Al-Bidda SC,transfers,False,True,False,False,2025-07-30,2025-07-30,1
69896,Lokomotiv Pamir,Lokomotiv Pamir,transfers,False,True,False,False,2020-01-01,2021-03-01,1
69898,Lok Pamir U19,Lok Pamir U19,transfers,False,True,False,False,2020-01-01,2020-01-01,1
69995,VV DVO Sittard,VV DVO Sittard,games,False,False,True,False,2025-09-03,2025-09-03,1
70018,AO Xanthi U17,AO Xanthi U17,transfers,False,True,False,False,2019-07-01,2022-10-01,1
70085,DOS Kampen Yth.,DOS Kampen Yth.,transfers,False,True,False,False,2011-07-01,2011-07-01,1
70127,CD Brea,CD Brea,games,False,False,True,False,2021-12-01,2021-12-01,1
70135,FK Serednye,FK Serednye,transfers,False,True,False,False,2014-05-23,2018-12-01,1
70137,Sevlyush,Sevlyush,transfers,False,True,False,False,2015-07-01,2024-02-07,1
70142,Alanya 1221 FSK,Alanya 1221 FSK | Alanya Kestel,transfers,False,True,False,False,2024-01-17,2026-06-30,2
70178,M. Bnei Reineh,M. Bnei Reineh,transfers,False,True,False,False,2022-09-06,2026-06-30,1
70218,Girona FC Youth,Girona FC Youth,transfers,False,True,False,False,2014-07-01,2023-07-01,1
70252,Bansander Yth.,Bansander Yth.,transfers,False,True,False,False,2022-07-01,2022-07-01,1
70259,CF Rusadir,CF Rusadir,games,False,False,True,False,2020-11-11,2020-11-11,1
70266,UD Guía,UD Guía,games,False,False,True,False,2020-11-11,2020-11-11,1
70273,Coker Cobras,Coker Cobras,transfers,False,True,False,False,2019-08-01,2022-08-01,1
70288,UD Los Garres,UD Los Garres,games,False,False,True,False,2025-09-27,2025-10-29,1
70295,Barça Youth,Barça Youth,transfers,False,True,False,False,1997-07-01,2021-07-01,1
70296,Cádiz CF Youth,Cádiz CF Youth,transfers,False,True,False,False,2019-07-01,2019-07-01,1
70298,Lugo U19,Lugo U19,transfers,False,True,False,False,2022-04-08,2022-09-26,1
70299,Majad. U19,Majad. U19,transfers,False,True,False,False,2020-08-01,2020-08-01,1
70301,Extremadura U19,Extremadura U19,transfers,False,True,False,False,2019-12-03,2020-08-07,1
70302,Fund.Reus Youth,Fund.Reus Youth,transfers,False,True,False,False,2020-07-01,2020-07-01,1
70320,Atlético Yth.,Atléti Youth | Atlético Yth.,transfers,False,True,False,False,2013-07-01,2020-07-01,2
70321,R.Madrid Yth.,R.Madrid Yth.,transfers,False,True,False,False,2002-07-01,2020-07-01,1
70322,SD Eibar Youth,SD Eibar Youth,transfers,False,True,False,False,2016-07-01,2016-07-01,1
70337,SV Einheit Yth.,SV Einheit Yth.,transfers,False,True,False,False,2001-07-01,2001-07-01,1
70344,Bretigny Yth.,Bretigny Yth.,transfers,False,True,False,False,2010-07-01,2021-07-01,1
70370,Pontevedra U19,Pontevedra U19,transfers,False,True,False,False,2017-07-01,2018-07-23,1
70372,Lleida U19,Lleida U19,transfers,False,True,False,False,2017-07-01,2017-07-01,1
70373,Cornellà U19,Cornellà U19,transfers,False,True,False,False,2022-07-01,2023-07-01,1
70375,P. Arrabal Yth.,P. Arrabal Yth.,transfers,False,True,False,False,2014-07-01,2016-07-01,1
70377,San Franc. U19,San Franc. U19,transfers,False,True,False,False,2017-07-01,2023-07-01,1
70389,Antiguoko Yth,Antiguoko Yth,transfers,False,True,False,False,2013-07-01,2017-06-30,1
70392,Danok Bat Yth.,Danok Bat Yth.,transfers,False,True,False,False,2015-07-01,2015-07-01,1
70393,Santutxu U19,Santutxu U19,transfers,False,True,False,False,2017-07-01,2020-07-01,1
70397,Valencia U18,Valencia U18,transfers,False,True,False,False,2018-07-01,2023-07-01,1
70436,Yunist Giyche,Yunist Giyche,transfers,False,True,False,False,2018-08-03,2021-01-01,1
70473,Roda U19,Roda U19,transfers,False,True,False,False,2012-07-01,2022-07-01,1
70489,Megas Alexandros Kallitheas,Megas Alexandros Kallitheas,games,False,False,True,False,2019-08-25,2019-08-25,1
70494,Thisted FC Yout,Thisted FC Yout,transfers,False,True,False,False,2020-07-01,2020-07-01,1
70517,Motor,Motor,transfers,False,True,False,False,2018-07-01,2021-07-21,1
70577,Durango U19,Durango U19,transfers,False,True,False,False,2017-07-01,2017-07-01,1
70586,Raigering Yth.,Raigering Yth.,transfers,False,True,False,False,2007-07-01,2007-07-01,1
70618,Europa U19,Europa U19,transfers,False,True,False,False,2018-07-01,2019-07-01,1
70657,WH Three Towns,WH Three Towns,transfers,False,True,False,False,2022-03-15,2026-02-04,1
70662,QD West Coast,QD West Coast,transfers,False,True,False,False,2024-01-20,2025-02-10,1
70675,Thalhofen Yth.,Thalhofen Yth.,transfers,False,True,False,False,2005-07-01,2005-07-01,1
70725,SK Dnipro-1 U19,SC Dnipro-1 U19 | SK Dnipro-1 U19,transfers,False,True,False,False,2019-08-01,2024-07-29,2
70771,Oure F. Akademi,Oure F. Akademi,transfers,False,True,False,False,2015-07-01,2015-07-01,1
70777,Volna Kovernino,Volna Kovernino,games | transfers,False,True,True,False,2020-08-05,2026-01-01,1
70825,San Félix U19,San Félix U19,transfers,False,True,False,False,2016-07-01,2017-07-01,1
70826,V. Cultural U19,V. Cultural U19,transfers,False,True,False,False,2021-01-01,2021-01-01,1
70827,Calavera U19,Calavera U19,transfers,False,True,False,False,2019-07-01,2020-07-01,1
70841,SD Huesca B,SD Huesca B,transfers,False,True,False,False,2025-08-11,2025-08-11,1
70902,RODA '23 Yth.,RODA '23 Yth.,transfers,False,True,False,False,2011-07-01,2011-07-01,1
70917,NCF Yth.,NCF Yth.,transfers,False,True,False,False,2016-07-01,2016-07-01,1
71008,Homberg Yth.,Homberg Yth.,transfers,False,True,False,False,2012-07-01,2012-07-01,1
71010,TuRa 88 Yth.,TuRa 88 Yth.,transfers,False,True,False,False,2017-07-01,2017-07-01,1
71020,Lessenich Yth.,Lessenich Yth.,transfers,False,True,False,False,2007-07-01,2007-07-01,1
71021,North Texas SC,North Texas SC,transfers,False,True,False,False,2019-05-28,2021-08-12,1
71083,Rhynern Yth.,Rhynern Yth.,transfers,False,True,False,False,2015-07-01,2015-07-01,1
71084,Western United FC,Western United | Western United FC,clubs | games | transfers,True,True,True,False,2023-07-19,2025-05-03,2
71085,Macarthur FC,Macarthur FC,clubs | games,True,False,True,False,2024-10-20,2026-04-24,1
71341,Neckarau Yth.,Neckarau Yth.,transfers,False,True,False,False,2012-07-01,2012-07-01,1
71419,Olimp Khimki,Olimp Khimki | Olimp Khimki (-2020),games | transfers,False,True,True,False,2017-06-15,2020-07-01,2
71431,FC Auggen Yth.,FC Auggen Yth.,transfers,False,True,False,False,2008-07-01,2008-07-01,1
71536,APC U20,APC U20,transfers,False,True,False,False,2020-10-01,2020-10-01,1
71599,Red Star U15,Red Star U15,transfers,False,True,False,False,2019-07-01,2019-07-01,1
71623,Torpedo Miass,Torpedo Miass,games,False,False,True,False,2021-07-14,2025-08-20,1
71624,Spartak Tambov,Spartak Tambov,games | transfers,False,True,True,False,2022-08-31,2026-01-24,1
71632,Pinhalnov. U19,Pinhalnov. U19,transfers,False,True,False,False,2014-07-01,2014-07-01,1
71638,Tobol Tobolsk,Tobol Tobolsk,games,False,False,True,False,2013-07-12,2013-07-12,1
71641,Motor Kazan,Motor Kazan,transfers,False,True,False,False,2017-01-01,2018-01-01,1
71665,Al-Okhdood Club,Al-Okhdood | Al-Okhdood Club,clubs | games | transfers,True,True,True,False,2023-09-07,2026-05-21,2
71671,Vojvodina U17,Vojvodina U17,transfers,False,True,False,False,2003-07-01,2005-01-01,1
71672,Vojvodina U15,Vojvodina U15,transfers,False,True,False,False,2003-07-01,2003-07-01,1
71676,Radn. Nis U17,Radn. Nis U17,transfers,False,True,False,False,2011-07-01,2012-07-01,1
71677,Radnicki U15,Radnicki U15,transfers,False,True,False,False,2011-07-01,2011-07-01,1
71683,Graficar U19,Graficar U19,transfers,False,True,False,False,2020-07-27,2021-06-30,1
71732,Thyella Sarakinon,Thyella Sarakinon,games,False,False,True,False,2021-08-29,2021-08-29,1
71733,PAONE Eptalofou,PAONE Eptalofou,games,False,False,True,False,2019-08-25,2019-08-25,1
71734,Megas Alexandros Agias Marinas,Megas Alexandros Agias Marinas,games,False,False,True,False,2023-08-27,2023-08-27,1
71735,,,games,False,False,True,False,2024-09-08,2024-09-08,0
71771,EA Stavropol,EA Stavropol,transfers,False,True,False,False,2018-01-01,2019-02-19,1
71779,Calahorra U19,Calahorra U19,transfers,False,True,False,False,2020-07-01,2020-07-01,1
71780,M. Marathona,M. Marathona,transfers,False,True,False,False,2012-07-01,2012-07-01,1
71781,Saronikos Anavyssou,Saronikos Anavyssou,games,False,False,True,False,2024-09-01,2024-09-01,1
71792,APO Atalantis,APO Atalantis,games,False,False,True,False,2019-08-25,2021-09-12,1
71798,Aetos Loutron,Aetos Loutron,games,False,False,True,False,2022-09-14,2023-08-28,1
71800,Apollon Agiou Ioanni,Apollon Agiou Ioanni,games,False,False,True,False,2022-08-31,2022-08-31,1
71809,Argon Yth.,Argon Yth.,transfers,False,True,False,False,2017-07-01,2017-07-01,1
71824,Aris Voulas,Aris Voulas,games,False,False,True,False,2022-08-31,2022-09-25,1
71836,Völsungur U19,Völsungur U19,transfers,False,True,False,False,2016-12-06,2016-12-06,1
71948,CI Kamsar,CI Kamsar,transfers,False,True,False,False,2018-07-01,2020-07-01,1
71985,Akron Togliatti,Akron Togliatti | Akron Tolyatti,clubs | games | transfers,True,True,True,False,2019-07-20,2026-05-17,2
72023,SDYuSShOR Uzhg.,SDYuSShOR Uzhg.,transfers,False,True,False,False,2014-08-01,2021-08-27,1
72068,Sokol Moskau,Sokol Moskau,transfers,False,True,False,False,2014-07-01,2014-07-01,1
72081,Sanluqueño U19,Sanluqueño U19,transfers,False,True,False,False,2014-07-01,2020-07-01,1
72095,Seitenst. Yth.,Seitenst. Yth.,transfers,False,True,False,False,2010-07-01,2011-01-01,1
72118,PNE Academy,PNE Academy,transfers,False,True,False,False,2021-07-01,2021-07-01,1
72186,Amvrakikos Loutrou,Amvrakikos Loutrou,games,False,False,True,False,2021-08-29,2021-08-29,1
72187,AO Potamias,AO Potamias,games,False,False,True,False,2019-08-25,2019-08-25,1
72188,Ermis Kanaliou,Ermis Kanaliou,games,False,False,True,False,2024-09-01,2024-09-01,1
72265,Pioner Leningr.,Pioner Leningr. | Pioner Leningradskaya,games | transfers,False,True,True,False,2023-04-14,2023-08-02,2
72275,SC Farense Y15,SC Farense Y15,transfers,False,True,False,False,2010-07-01,2021-07-01,1
72277,Real Formação,Real Formação,transfers,False,True,False,False,1999-07-01,2003-07-01,1
72309,Austin FC,Austin | Austin FC,clubs | games | transfers,True,True,True,False,2023-03-22,2026-05-23,2
72310,AFE,AFE,transfers,False,True,False,False,2022-08-12,2024-01-03,1
72311,Etoiles Mandé,Etoiles Mandé,transfers,False,True,False,False,2022-01-01,2022-01-01,1
72315,AF Darou Salam,AF Darou Salam,transfers,False,True,False,False,2021-03-09,2024-07-09,1
72342,Warrenpoint U21,Warrenpoint U21,transfers,False,True,False,False,2018-07-01,2021-03-01,1
72363,CD Casabermeja,CD Casabermeja,transfers,False,True,False,False,2020-07-01,2021-08-03,1
72504,OS Abobo,OS Abobo,transfers,False,True,False,False,2017-07-01,2018-01-01,1
72529,Peresvet Domodedovo,Peresvet Domodedovo,games,False,False,True,False,2021-07-14,2023-08-23,1
72541,Langeng. Yth.,Langeng. Yth.,transfers,False,True,False,False,2000-07-01,2000-07-01,1
72576,Esslingen Yth.,Esslingen Yth.,transfers,False,True,False,False,2020-07-01,2020-07-01,1
72577,FK Essentuki (-2023),FK Essentuki | FK Essentuki (-2023),games | transfers,False,True,True,False,2020-08-05,2022-08-17,2
72597,NK Olimpija U17,NK Olimpija U17,transfers,False,True,False,False,2018-07-01,2018-07-01,1
72676,AE Evosmou,AE Evosmou,games,False,False,True,False,2024-08-31,2024-09-08,1
72679,Meteor,Meteor,transfers,False,True,False,False,2019-04-17,2021-01-01,1
72701,SAFC Acad.,SAFC Acad.,transfers,False,True,False,False,2019-04-25,2020-02-27,1
72702,FC Spaeri Tbilisi,FC Spaeri Tbilisi,games,False,False,True,False,2025-07-24,2025-07-31,1
72822,Dzerzhinsk,Dzerzhinsk,transfers,False,True,False,False,2026-02-09,2026-12-31,1
72857,Aventa-2000,Aventa-2000,transfers,False,True,False,False,2014-03-03,2016-01-01,1
72973,Hoogezand Yth.,Hoogezand Yth.,transfers,False,True,False,False,2017-07-01,2017-07-01,1
73012,Al-Nasr U23,Al-Nasr U23,transfers,False,True,False,False,2023-07-01,2025-08-08,1
73024,Augsburg Yth.,Augsburg Yth.,transfers,False,True,False,False,2016-07-01,2016-07-01,1
73030,,,games,False,False,True,False,2023-08-12,2023-08-12,0
73052,GVAV Yth.,GVAV Yth.,transfers,False,True,False,False,2013-07-01,2015-07-01,1
73090,Academia FK,Academia FK,transfers,False,True,False,False,2021-02-23,2023-04-14,1
73101,Dronten Yth.,Dronten Yth.,transfers,False,True,False,False,2004-07-01,2004-07-01,1
73105,LAC Frisia Yth.,LAC Frisia Yth.,transfers,False,True,False,False,2011-07-01,2011-07-01,1
73108,Pancratius Yth.,Pancratius Yth.,transfers,False,True,False,False,2010-07-01,2010-07-01,1
73109,DSO Yth.,DSO Yth.,transfers,False,True,False,False,2013-07-01,2019-07-01,1
73151,Rovers Academy,Rovers Academy,transfers,False,True,False,False,2021-07-25,2023-08-31,1
73156,Mirandela For.,Mirandela For.,transfers,False,True,False,False,2014-07-01,2014-07-01,1
73192,StavropolAgroSoyuz Nevinnomysk,SAS Ivanovskoe | StavropolAgroSoyuz Nevinnomysk,games | transfers,False,True,True,False,2018-01-01,2023-08-02,2
73193,KFU Simferopol,KFU Simferopol,transfers,False,True,False,False,2016-07-01,2016-07-01,1
73214,Taipas U17,Taipas U17,transfers,False,True,False,False,2018-07-01,2019-07-01,1
73215,Taipas U15,Taipas U15,transfers,False,True,False,False,2017-07-01,2018-07-01,1
73220,Huczwa Tyszowce,Huczwa Tyszowce,transfers,False,True,False,False,2021-04-07,2021-07-01,1
73227,CF Talavera B,CF Talavera B,transfers,False,True,False,False,2021-01-01,2021-07-01,1
73244,FK Smolensk (-2021),FK Smolensk (-2021),games,False,False,True,False,2020-08-05,2021-07-28,1
73407,Pouso Alegre,Pouso Alegre,transfers,False,True,False,False,2026-01-21,2026-01-21,1
73412,JPS Sub-19,JPS Sub-19,transfers,False,True,False,False,2020-07-01,2020-07-01,1
73415,JPS Form.,JPS Form.,transfers,False,True,False,False,2017-07-01,2017-07-01,1
73461,Rukh II,Rukh II,transfers,False,True,False,False,2021-01-01,2022-03-18,1
73478,Jonathan Yth.,Jonathan Yth.,transfers,False,True,False,False,2016-07-01,2016-07-01,1
73488,AD Llerenense,AD Llerenense,games,False,False,True,False,2023-11-01,2023-11-01,1
73499,Altinordu U19,Altinordu U19,transfers,False,True,False,False,2017-07-01,2024-08-14,1
73500,Altinordu U17,Altinordu U17,transfers,False,True,False,False,2016-07-01,2023-07-01,1
73501,Altinordu U16,Altinordu U16,transfers,False,True,False,False,2017-04-30,2022-09-26,1
73539,Naparima Col.,Naparima Col.,transfers,False,True,False,False,2019-07-01,2019-07-01,1
73545,Afogados,Afogados,transfers,False,True,False,False,2016-07-01,2016-12-31,1
73550,Flamengo-PE,Flamengo-PE,transfers,False,True,False,False,2019-03-13,2019-06-03,1
73583,CD Calahorra B,CD Calahorra B,transfers,False,True,False,False,2020-07-01,2022-07-01,1
73592,Napredak U15,Napredak U15,transfers,False,True,False,False,2018-08-23,2018-08-23,1
73595,Lucani U17,Lucani U17,transfers,False,True,False,False,2021-08-13,2023-08-05,1
73597,Rad U17,Rad U17,transfers,False,True,False,False,2012-07-01,2014-07-01,1
73624,SK Slavia U17,SK Slavia U17,transfers,False,True,False,False,2020-07-01,2020-07-01,1
73627,Millwall Yth.,Millwall Yth.,transfers,False,True,False,False,2018-07-01,2021-07-01,1
73635,Erokspor Yth,Erokspor Yth,transfers,False,True,False,False,2016-10-14,2016-10-14,1
73636,Pasabahce Yth,Pasabahce Yth,transfers,False,True,False,False,2019-09-13,2019-09-13,1
73638,Nevsehir B. Yth,Nevsehir B. Yth,transfers,False,True,False,False,2019-03-25,2021-09-24,1
73658,Purmerend Yth.,Purmerend Yth.,transfers,False,True,False,False,2003-07-01,2012-07-01,1
73659,DCG Yth.,DCG Yth.,transfers,False,True,False,False,2002-07-01,2017-07-01,1
73691,Eleph. Coléah,Eleph. Coléah,transfers,False,True,False,False,2017-07-01,2019-07-01,1
73701,Iserlohn Yth.,Iserlohn Yth.,transfers,False,True,False,False,2010-07-01,2010-07-01,1
73816,RKSV Groen Wit Breda,RKSV Groen Wit Breda,games,False,False,True,False,2023-08-13,2023-08-13,1
73867,Taverny,Taverny,transfers,False,True,False,False,2013-07-01,2017-01-01,1
73876,CE Andratx,CE Andratx,games,False,False,True,False,2019-11-13,2023-12-06,1
73877,CD Peña Azagresa,CD Peña Azagresa,games,False,False,True,False,2019-11-13,2019-12-19,1
73899,Göztepe U19,Göztepe U19,transfers,False,True,False,False,2023-07-01,2025-07-01,1
73900,Basaksehir U19,Basaksehir U19,transfers,False,True,False,False,2005-07-01,2025-01-01,1
73901,Y. Malatya U19,Y. Malatya U19,transfers,False,True,False,False,2022-01-15,2024-07-01,1
73902,Alanyaspor U19,Alanyaspor U19,transfers,False,True,False,False,2020-08-04,2025-11-28,1
73903,Antalyaspor U19,Antalyaspor U19,transfers,False,True,False,False,2018-07-01,2024-10-20,1
73904,C. Rizespor U19,C. Rizespor U19,transfers,False,True,False,False,2020-08-04,2026-06-30,1
73905,Kasimpasa U19,Kasimpasa U19,transfers,False,True,False,False,2017-07-01,2025-08-08,1
73906,Konyaspor U19,Konyaspor U19,transfers,False,True,False,False,2020-08-04,2025-07-01,1
73907,Kayserispor U19,Kayserispor U19,transfers,False,True,False,False,2013-07-01,2025-11-25,1
73908,Sivasspor U19,Sivasspor U19,transfers,False,True,False,False,2018-08-17,2026-06-30,1
73910,Akhisarspor U19,Akhisarspor U19,transfers,False,True,False,False,2019-07-01,2020-10-27,1
73921,Santa Clara Y17,Santa Clara Y17,transfers,False,True,False,False,2010-07-01,2012-07-01,1
73922,Santa Clara U15,Santa Clara U15,transfers,False,True,False,False,2010-07-01,2010-07-01,1
74132,SD Solares-Medio Cudeyo,SD Solares-Medio Cudeyo,games,False,False,True,False,2021-11-17,2021-12-01,1
74155,Santarém,Santarém | União Santarém,transfers,False,True,False,False,2019-07-01,2026-06-30,2
74175,PAS U17,PAS U17,transfers,False,True,False,False,2020-07-01,2022-07-01,1
74176,Ast.Tripoli U17,Ast.Tripoli U17,transfers,False,True,False,False,2020-08-31,2022-07-01,1
74177,SV Poortugaal,SV Poortugaal,games,False,False,True,False,2024-09-03,2025-09-02,1
74178,Aris U17,Aris U17,transfers,False,True,False,False,2020-10-02,2022-07-15,1
74190,Horoya AC U19,Horoya AC U19,transfers,False,True,False,False,2013-01-01,2013-01-01,1
74193,AFA,AFA,transfers,False,True,False,False,2021-07-01,2023-07-01,1
74197,Real Sambila,Real Sambila,transfers,False,True,False,False,2017-07-01,2017-07-01,1
74199,Best Stars,Best Stars,transfers,False,True,False,False,2012-07-01,2012-07-01,1
74212,Farense Youth,Farense Youth,transfers,False,True,False,False,2010-07-01,2016-07-01,1
74219,Melilla CD,Melilla CD,games,False,False,True,False,2019-11-13,2024-10-09,1
74279,CD Pontellas,CD Pontellas,games,False,False,True,False,2019-11-13,2019-11-13,1
74280,Atlético Porcuna CF,Atlético Porcuna CF,games,False,False,True,False,2019-11-13,2019-11-13,1
74281,Ionikos Ionias,Ionikos Ionias,games,False,False,True,False,2022-08-31,2022-10-20,1
74385,Casa Pia U17,Casa Pia U17,transfers,False,True,False,False,2020-07-01,2023-07-01,1
74474,G.Birligi U19,G.Birligi U19,transfers,False,True,False,False,2017-04-06,2025-09-16,1
74477,CD Barquereño,CD Barquereño,games,False,False,True,False,2019-11-13,2019-11-13,1
74478,Comillas CF,Comillas CF,games,False,False,True,False,2019-11-13,2019-12-18,1
74503,Hobro IK Youth,Hobro IK Youth,transfers,False,True,False,False,2021-07-01,2022-07-01,1
74548,Doxa Artas,Doxa Artas,games,False,False,True,False,2019-08-28,2019-09-01,1
74549,AS Thinaliakos,AS Thinaliakos,games,False,False,True,False,2019-08-25,2019-09-15,1
74551,Apollon Efpaliou,Apollon Efpaliou,games,False,False,True,False,2019-08-25,2024-09-08,1
74559,Galata SK,Galata SK,transfers,False,True,False,False,2025-07-31,2026-06-30,1
74651,Foreholte Yth.,Foreholte Yth.,transfers,False,True,False,False,2003-07-01,2003-07-01,1
74653,G.Antep FK U19,G.Antep FK U19,transfers,False,True,False,False,2020-08-04,2026-06-30,1
74654,Eskisehir U19,Eskisehir U19,transfers,False,True,False,False,2017-10-02,2021-07-01,1
74661,FC Van,FC Van,transfers,False,True,False,False,2020-02-27,2025-07-30,1
74664,Igdir FK,Igdir FK,transfers,False,True,False,False,2023-08-02,2026-06-30,1
74822,AO Diavolitsiou,AO Diavolitsiou,games,False,False,True,False,2021-09-05,2021-09-12,1
74845,FK Sochi II,FC Sochi II | FK Sochi II,transfers,False,True,False,False,2019-07-01,2025-06-30,2
74867,FC Uzhgorod,FC Uzhgorod | FK Uzhgorod,games | transfers,False,True,True,False,2019-08-20,2025-08-24,2
74868,Alyans Lypova Dolyna,Alyans | Alyans Lypova Dolyna,games | transfers,False,True,True,False,2019-04-01,2022-07-09,2
74869,VPK-Agro,VPK-Agro,games | transfers,False,True,True,False,2013-07-01,2022-07-21,1
74870,Peremoga Dnipro,Peremoga Dnipro,games | transfers,False,True,True,False,2020-08-29,2022-03-23,1
74871,Karpaty-En. G-B,Karpaty Galych | Karpaty-En. G-B,games | transfers,False,True,True,False,2019-08-01,2021-08-18,2
74872,Dinaz Vyshgorod,Dinaz Vyshgorod,games | transfers,False,True,True,False,2019-08-20,2025-08-25,1
74926,RKAV Yth.,RKAV Yth.,transfers,False,True,False,False,2014-07-01,2014-07-01,1
74928,SO Soest Jgd.,SO Soest Jgd.,transfers,False,True,False,False,2014-07-01,2014-07-01,1
74948,Luzern U16,Luzern U16,transfers,False,True,False,False,2018-07-01,2019-07-25,1
74951,Sangiuliano,Sangiuliano,transfers,False,True,False,False,2023-01-13,2023-07-13,1
74960,West Armenia,West Armenia,transfers,False,True,False,False,2022-08-29,2024-02-12,1
75028,Görelespor Yth,Görelespor Yth,transfers,False,True,False,False,2015-09-10,2015-09-10,1
75050,União Bissau,União Bissau,transfers,False,True,False,False,2022-07-01,2022-07-01,1
75068,FK Novosibirsk,FK Novosibirsk,games,False,False,True,False,2019-07-28,2025-08-21,1
75083,Racing Murcia,Racing Murcia | Racing Murcia FC (-2024),games | transfers,False,True,True,False,2020-11-11,2021-09-04,2
75123,Leixões U23,Leixões U23,transfers,False,True,False,False,2020-07-01,2021-07-01,1
75129,Pordenone Gio.,Pordenone Gio.,transfers,False,True,False,False,2019-07-01,2022-09-01,1
75190,FK Vovchansk,FC Vovchansk | FK Vovchansk,games | transfers,False,True,True,False,2019-08-20,2022-08-15,2
75231,Dinamo Makhachkala,Dinamo Makhach. | Dinamo Makhachkala,clubs | games | transfers,True,True,True,False,2019-07-20,2026-06-30,2
75233,Inter Cherkessk (-2021),Inter Cherkessk (-2021),games,False,False,True,False,2019-07-20,2020-08-19,1
75258,ONS Sneek Jgd.,ONS Sneek Jgd.,transfers,False,True,False,False,2020-07-01,2020-07-01,1
75264,Kolding IF Y,Kolding IF Y,transfers,False,True,False,False,2011-07-01,2016-07-01,1
75265,Slagelse Youth,Slagelse Youth,transfers,False,True,False,False,2017-01-01,2017-01-01,1
75275,CD Pedroñeras,CD Pedroñeras,games,False,False,True,False,2019-11-13,2019-11-13,1
75337,Famalicão U23,Famalicão U23,transfers,False,True,False,False,2019-07-01,2025-07-01,1
75381,Sebat Gençlik,Sebat Gençlik,transfers,False,True,False,False,2025-07-22,2026-06-30,1
75384,Vilar Perdizes,Vilar Perdizes,transfers,False,True,False,False,2023-07-01,2024-07-16,1
75418,Billund IF,Billund IF,games,False,False,True,False,2025-08-06,2025-08-06,1
75431,Vaynakh Shali,Vaynakh Shali,games,False,False,True,False,2019-07-20,2019-07-20,1
75433,MSK Dnipro,Dnipro Cherkasy | MSK Dnipro,games | transfers,False,True,True,False,2020-09-08,2022-02-12,2
75506,Alania Vladikavkaz,Alania Vl. | Alania Vladikavkaz,games | transfers,False,True,True,False,2019-07-11,2025-08-20,2
75510,Kumruspor,Kumruspor,transfers,False,True,False,False,2021-11-19,2022-10-20,1
75596,Dinamo Vologda,Dinamo Vologda,games | transfers,False,True,True,False,2022-08-31,2025-09-10,1
75616,Karagümrük U19,Karagümrük U19,transfers,False,True,False,False,2016-09-30,2023-07-01,1
75628,BK Odense Chang,BK Odense Chang,games,False,False,True,False,2019-08-06,2025-08-05,1
75629,Dronninglund IF,Dronninglund IF,games,False,False,True,False,2019-08-07,2019-08-07,1
75630,,,games,False,False,True,False,2019-08-06,2019-08-06,0
75631,FC Sunshine,FC Sunshine,games,False,False,True,False,2019-08-06,2019-08-06,1
75632,Faarvang IF,Faarvang IF,games,False,False,True,False,2019-08-13,2019-08-13,1
75633,Nordfalsters Forenede Boldklubber,Nordfalsters Forenede Boldklubber,games,False,False,True,False,2019-08-08,2024-08-07,1
75634,,,games,False,False,True,False,2019-08-06,2019-08-06,0
75635,Svendborg fB - Oure FA,Svendborg fB - Oure FA,games,False,False,True,False,2019-08-06,2025-08-05,1
75657,Hatayspor U19,Hatayspor U19,transfers,False,True,False,False,2020-12-25,2025-08-07,1
75658,Adana Demir U19,Adana Demir U19,transfers,False,True,False,False,2022-07-01,2025-12-08,1
75659,Ümraniye U19,Ümraniye U19,transfers,False,True,False,False,2023-11-01,2024-01-11,1
75661,Altay SK U19,Altay SK U19,transfers,False,True,False,False,2014-07-01,2022-07-01,1
75663,Giresunspor U19,Giresunspor U19,transfers,False,True,False,False,2018-08-31,2019-10-09,1
75664,Balikesir U19,Balikesir U19,transfers,False,True,False,False,2020-08-04,2023-03-10,1
75666,Elazigspor U19,Elazigspor U19,transfers,False,True,False,False,2018-07-01,2019-07-01,1
75761,M.Arguvan SK,M.Arguvan SK,transfers,False,True,False,False,2022-08-31,2023-02-22,1
75803,Móstoles CF,Móstoles CF,games,False,False,True,False,2020-11-11,2020-11-11,1
75807,Ishöj IF,Ishöj IF,games | transfers,False,True,True,False,2020-09-01,2025-09-02,1
75823,Soroksár Jgd.,Soroksár Jgd.,transfers,False,True,False,False,2017-03-13,2017-08-24,1
75857,Happy Heart FA,Happy Heart FA,transfers,False,True,False,False,2019-01-01,2019-01-01,1
75858,Real Pilar,Real Pilar,transfers,False,True,False,False,2020-12-02,2021-02-10,1
75867,Sassuolo U18,Sassuolo U18,transfers,False,True,False,False,2019-07-01,2023-07-01,1
75868,Inter U18,Inter U18,transfers,False,True,False,False,2020-09-01,2024-08-26,1
75900,Torino U18,Torino U18,transfers,False,True,False,False,2021-03-01,2025-10-27,1
75901,Fiorentina U18,Fiorentina U18,transfers,False,True,False,False,2020-09-01,2023-01-01,1
75982,OFK Beograd U17,OFK Beograd U17,transfers,False,True,False,False,2012-07-01,2019-07-01,1
75983,OFK Beograd U15,OFK Beograd U15,transfers,False,True,False,False,2016-07-01,2016-07-01,1
76012,Obolon-2,Obolon-2,transfers,False,True,False,False,2020-10-06,2021-07-19,1
76059,Dumlupinar TSK,Dumlupinar TSK,transfers,False,True,False,False,2025-07-01,2026-05-30,1
76065,S.Gecitkale GSK,S.Gecitkale GSK,transfers,False,True,False,False,2025-09-17,2026-01-05,1
76086,Akademia Rodina,Akademia Rodina,transfers,False,True,False,False,2019-01-01,2021-01-01,1
76091,Atalanta U18,Atalanta U18,transfers,False,True,False,False,2020-09-01,2023-07-01,1
76092,Genoa U18,Genoa U18,transfers,False,True,False,False,2022-07-01,2023-07-01,1
76093,Milan U18,Milan U18,transfers,False,True,False,False,2020-09-01,2022-08-01,1
76094,Roma U18,Roma U18,transfers,False,True,False,False,2019-07-01,2023-07-01,1
76115,Altindag B. Yth,Altindag B. Yth,transfers,False,True,False,False,2018-10-05,2020-01-10,1
76116,Kocaeli U19,Kocaeli U19,transfers,False,True,False,False,2017-07-01,2020-08-04,1
76135,Avangard Bziv,Avangard Bziv,games,False,False,True,False,2019-08-20,2019-08-20,1
76155,Decisão FC,Decisão FC,transfers,False,True,False,False,2017-11-01,2017-12-05,1
76156,Retrô,Retrô,transfers,False,True,False,False,2023-07-01,2025-09-02,1
76215,Caldiero Junior,Caldiero Junior,transfers,False,True,False,False,2019-01-01,2019-01-01,1
76224,SV RAP Yth.,SV RAP Yth.,transfers,False,True,False,False,2020-07-01,2021-07-01,1
76246,Fortune FC,Fortune FC,transfers,False,True,False,False,2019-07-01,2023-07-01,1
76276,Graficar U17,Graficar U17,transfers,False,True,False,False,2019-08-02,2020-06-30,1
76277,,,games,False,False,True,False,2025-09-27,2025-10-04,0
76284,Atromitos Agiou Georgiou,Atromitos Agiou Georgiou,games,False,False,True,False,2019-08-25,2019-08-25,1
76295,Niedersch. U17,Niedersch. U17,transfers,False,True,False,False,2005-07-01,2007-07-01,1
76296,Niedersch. Jgd.,Niedersch. Jgd.,transfers,False,True,False,False,2004-07-01,2005-07-01,1
76297,Freudenb. Jgd.,Freudenb. Jgd.,transfers,False,True,False,False,2003-07-01,2003-07-01,1
76321,Cano Sport,Cano Sport,transfers,False,True,False,False,2019-08-01,2019-08-01,1
76399,AD Lobón,AD Lobón,games,False,False,True,False,2019-11-13,2019-11-13,1
76400,UD Gran Tarajal,UD Gran Tarajal,games,False,False,True,False,2019-11-13,2019-11-13,1
76417,GD São-Carlense,GD São-Carlense,transfers,False,True,False,False,2024-07-19,2024-12-31,1
76495,SD Eibar C,SD Eibar C,transfers,False,True,False,False,2021-07-01,2022-07-01,1
76545,Alexandroupolis FC,Alex/polis FC | Alexandroupolis FC,games | transfers,False,True,True,False,2020-01-01,2023-09-13,2
76562,Fátima Form.,Fátima Form.,transfers,False,True,False,False,2016-07-01,2016-07-01,1
76567,Olimp 2,Olimp 2,transfers,False,True,False,False,2019-08-27,2020-02-20,1
76609,Sheppey United,Sheppey United,games,False,False,True,False,2023-11-03,2023-11-03,1
76667,Londrina-PR U20,Londrina-PR U20,transfers,False,True,False,False,2020-01-01,2023-01-01,1
76746,Yomra Jgd,Yomra Jgd,transfers,False,True,False,False,2019-09-05,2023-08-31,1
76747,Villacarl. U19,Villacarl. U19,transfers,False,True,False,False,2019-07-01,2020-07-01,1
76822,Gil Vicente U17,Gil Vicente U17,transfers,False,True,False,False,2015-07-01,2020-07-01,1
76823,Gil Vicente U15,Gil Vicente U15,transfers,False,True,False,False,2013-07-01,2015-07-01,1
76875,Kolos II,Kolos II,transfers,False,True,False,False,2021-01-01,2021-07-23,1
76928,AO Pyliou,AO Pyliou,games,False,False,True,False,2021-09-05,2021-09-05,1
76942,CF Panadería Pulido,CF Panadería Pulido,games,False,False,True,False,2021-12-01,2021-12-01,1
76954,Roda B,Roda B,transfers,False,True,False,False,2022-07-01,2024-01-01,1
77002,DYuSSh Zvezda,DYuSSh Zvezda,transfers,False,True,False,False,2018-01-01,2020-07-01,1
77079,UD Montijo,UD Montijo,games,False,False,True,False,2021-11-30,2021-11-30,1
77100,Al-Waab SC,Al-Waab SC,transfers,False,True,False,False,2025-09-02,2025-09-02,1
77164,FC Continentals,FC Continentals | FC Vorkuta,transfers,False,True,False,False,2022-03-01,2022-08-10,2
77180,CB Ramón y Cajal,CB Ramón y Cajal,games,False,False,True,False,2019-11-13,2019-11-13,1
77192,,,games,False,False,True,False,2025-09-27,2025-10-04,0
77251,,,games,False,False,True,False,2020-09-01,2020-09-01,0
77298,Broager UI,Broager UI,games,False,False,True,False,2022-08-02,2022-08-02,1
77303,FC Horsens,FC Horsens,games,False,False,True,False,2025-08-07,2025-09-02,1
77304,Skjern GF,Skjern GF,games,False,False,True,False,2024-08-06,2024-08-06,1
77305,Bagsvaerd BK,Bagsvaerd BK,games,False,False,True,False,2023-08-05,2024-08-06,1
77339,Sönderborg Fremad,Sönderborg Fremad,games,False,False,True,False,2024-08-07,2024-08-07,1
77360,CF Trujillo,CF Trujillo,transfers,False,True,False,False,2021-07-01,2022-07-01,1
77394,FC Almere Youth,FC Almere Youth,transfers,False,True,False,False,2010-07-01,2010-07-01,1
77466,MZ S-Pb,MZ S-Pb,transfers,False,True,False,False,2010-08-26,2013-04-01,1
77485,Aarhus 1900,Aarhus 1900,games,False,False,True,False,2023-08-10,2023-08-10,1
77486,Löjt IF,Löjt IF,games,False,False,True,False,2020-09-02,2021-08-03,1
77492,Noah Jurmala,Noah Jurmala,transfers,False,True,False,False,2021-02-19,2021-03-18,1
77512,Torre Lev. Yth.,Torre Lev. Yth.,transfers,False,True,False,False,2012-07-01,2012-07-01,1
77524,Nervión Yth.,Nervión Yth.,transfers,False,True,False,False,2014-07-01,2014-07-01,1
77529,CA Pinto U19,CA Pinto U19,transfers,False,True,False,False,2018-07-01,2021-07-01,1
77530,CA Pinto Youth,CA Pinto Youth,transfers,False,True,False,False,2016-07-01,2018-07-01,1
77560,Dakkada FC,Dakkada FC,transfers,False,True,False,False,2022-03-31,2022-10-26,1
77563,Zuidoost Utd.,Zuidoost Utd.,transfers,False,True,False,False,2019-07-01,2020-02-19,1
77590,FC Avrasya,FC Avrasya,games,False,False,True,False,2023-08-08,2023-08-08,1
77628,Putnok Jgd,Putnok Jgd,transfers,False,True,False,False,2007-07-01,2007-07-01,1
77657,CD Autol,CD Autol,games,False,False,True,False,2022-10-19,2022-11-12,1
77659,,,games,False,False,True,False,2024-10-09,2024-10-09,0
77666,Subiza,Subiza,transfers,False,True,False,False,2023-07-01,2024-07-01,1
77676,CD Cantolagua,CD Cantolagua,games,False,False,True,False,2020-11-11,2020-12-15,1
77691,Aravaca U19,Aravaca U19,transfers,False,True,False,False,2018-07-01,2018-07-01,1
77696,UDDH SA U19,UDDH SA U19,transfers,False,True,False,False,2007-07-01,2007-07-01,1
77711,FC Turan,FC Turan | FK Turan,transfers,False,True,False,False,2022-02-20,2025-06-24,2
77720,San Diego Loyal,San Diego Loyal,transfers,False,True,False,False,2022-01-17,2023-01-01,1
77777,JEKA Jeugd,JEKA Jeugd,transfers,False,True,False,False,2012-07-01,2015-07-01,1
77850,NK Krsko U17,NK Krsko U17,transfers,False,True,False,False,2014-07-01,2021-07-16,1
77898,Rafaela II,Rafaela II,transfers,False,True,False,False,2018-07-01,2018-07-01,1
77918,San Marino Ac.,San Marino Ac.,transfers,False,True,False,False,2019-07-01,2019-07-01,1
77984,Revolution II,Revolution II,transfers,False,True,False,False,2020-12-09,2023-01-01,1
77987,DSI Bent Yth,DSI Bent Yth,transfers,False,True,False,False,2021-10-12,2021-10-12,1
78005,Raklev GI,Raklev GI,games,False,False,True,False,2025-08-05,2025-09-03,1
78006,,,games,False,False,True,False,2020-09-01,2020-09-01,0
78105,Racing Rioja CF (-2024),Racing Rioja CF (-2024),games,False,False,True,False,2020-11-11,2022-11-12,1
78137,Os Operários,Os Operários,transfers,False,True,False,False,2023-07-01,2023-07-01,1
78214,FDC Vista,FDC Vista,transfers,False,True,False,False,2019-07-01,2020-06-30,1
78291,FC Karack,FC Karack,transfers,False,True,False,False,2018-07-01,2018-07-01,1
78312,Al-Bataeh CSC,Al-Bataeh CSC,transfers,False,True,False,False,2022-07-25,2023-08-14,1
78316,Académico Youth,Académico Youth,transfers,False,True,False,False,2014-07-01,2014-07-01,1
78340,VOAB Jeugd,VOAB Jeugd,transfers,False,True,False,False,2016-07-01,2016-07-01,1
78412,Burnley Youth,Burnley Youth,transfers,False,True,False,False,2014-07-01,2020-07-01,1
78435,Charlotte Football Club,Charlotte | Charlotte Football Club,clubs | games | transfers,True,True,True,False,2020-07-20,2026-05-24,2
78485,Böheimkirch. J,Böheimkirch. J,transfers,False,True,False,False,2011-01-01,2011-01-01,1
78500,Zaventem Yth,Zaventem Yth,transfers,False,True,False,False,2018-07-01,2018-07-01,1
78512,Dukla Prag U17,Dukla Prag U17,transfers,False,True,False,False,2022-07-01,2023-07-01,1
78569,OFI Crete U17,OFI Crete U17,transfers,False,True,False,False,2018-07-01,2022-07-19,1
78599,Diemen Youth,Diemen Youth,transfers,False,True,False,False,2000-07-01,2000-07-01,1
78683,Buca 1928 Yth,Buca 1928 Yth,transfers,False,True,False,False,2023-08-18,2023-08-18,1
78724,Go Ahead U18,Go Ahead U18,transfers,False,True,False,False,2021-07-01,2024-07-01,1
78730,Sido's FC,Sido's FC,transfers,False,True,False,False,2021-01-27,2021-07-21,1
78749,Forte Taganrog,Forte Taganrog,games | transfers,False,True,True,False,2020-08-05,2024-12-31,1
78784,Gambinos Stars,Gambinos Stars,transfers,False,True,False,False,2022-08-03,2025-01-30,1
78820,Derby Acad.,Derby Acad.,transfers,False,True,False,False,2019-07-01,2019-07-01,1
78839,Yakutiye Jgd,Yakutiye Jgd,transfers,False,True,False,False,2021-11-11,2021-11-11,1
78882,Maruinense,Maruinense,transfers,False,True,False,False,2019-08-20,2019-11-18,1
78926,Makedon. Litis,Makedon. Litis,transfers,False,True,False,False,2018-10-15,2018-10-15,1
78977,VVA Youth,VVA Youth,transfers,False,True,False,False,2006-07-01,2006-07-01,1
79027,Right2Win SA,Right2Win SA,transfers,False,True,False,False,2021-07-01,2021-07-01,1
79047,Saint-Brice,Saint-Brice,transfers,False,True,False,False,2014-07-29,2014-07-29,1
79085,Söke 1970 SK,Söke 1970 SK,transfers,False,True,False,False,2025-09-01,2025-09-01,1
79095,Six-Fours Brusc,Six-Fours Brusc,transfers,False,True,False,False,2025-07-16,2025-07-16,1
79097,Atl. Ottawa,Atl. Ottawa,transfers,False,True,False,False,2024-04-30,2024-12-31,1
79121,NEC Youth,NEC Youth,transfers,False,True,False,False,2011-07-01,2013-07-01,1
79122,NEC U18,NEC U18,transfers,False,True,False,False,2020-07-01,2023-07-01,1
79273,Always F. Yth.,Always F. Yth.,transfers,False,True,False,False,2012-07-01,2012-07-01,1
79274,WV-HEDW Yth.,WV-HEDW Yth.,transfers,False,True,False,False,2013-07-01,2013-07-01,1
79351,Zeelandia Yth.,Zeelandia Yth.,transfers,False,True,False,False,2014-07-01,2014-07-01,1
79394,Zwaluwen Yth.,Zwaluwen Yth.,transfers,False,True,False,False,2010-07-01,2010-07-01,1
79424,Villeurbanne EL,Villeurbanne EL,transfers,False,True,False,False,2001-09-15,2001-09-15,1
79464,SSh-10 Sochi,SSh-10 Sochi,transfers,False,True,False,False,2015-07-01,2018-04-20,1
79515,Broomhill U20,Broomhill U20,transfers,False,True,False,False,2023-08-09,2023-08-09,1
79559,Caluire,Caluire,transfers,False,True,False,False,2003-09-28,2005-07-01,1
79595,Ch.Gontier,Ch.Gontier,transfers,False,True,False,False,2022-02-22,2023-01-04,1
79611,Rijsoord Yth.,Rijsoord Yth.,transfers,False,True,False,False,1996-07-01,1996-07-01,1
79622,SDO Bussum Yth.,SDO Bussum Yth.,transfers,False,True,False,False,2014-07-01,2014-07-01,1
79636,CJVV Yth.,CJVV Yth.,transfers,False,True,False,False,2012-07-01,2012-07-01,1
79639,Amstelv. Yth.,Amstelv. Yth.,transfers,False,True,False,False,2006-07-01,2006-07-01,1
79641,RKAVV Yth.,RKAVV Yth.,transfers,False,True,False,False,2014-07-01,2014-07-01,1
79644,Uitgeest Yth.,Uitgeest Yth.,transfers,False,True,False,False,2012-07-01,2012-07-01,1
79647,TOGB Yth.,TOGB Yth.,transfers,False,True,False,False,2012-07-01,2012-07-01,1
79749,Quick U23,Quick U23,transfers,False,True,False,False,2022-07-01,2023-07-01,1
79830,BWO Youth,BWO Youth,transfers,False,True,False,False,2006-07-01,2006-07-01,1
79831,Valleivgls Yth.,Valleivgls Yth.,transfers,False,True,False,False,2003-07-01,2003-07-01,1
79832,Legmeerv. Yth.,Legmeerv. Yth.,transfers,False,True,False,False,2014-07-01,2014-07-01,1
79889,Abia Comets FC,Abia Comets FC,transfers,False,True,False,False,2024-08-01,2024-08-01,1
79891,Bujoc FC,Bujoc FC,transfers,False,True,False,False,2012-07-01,2012-07-01,1
79982,Guaraní U23,Guaraní U23,transfers,False,True,False,False,2020-01-01,2022-01-01,1
80052,AF Shebekino,AF Shebekino,transfers,False,True,False,False,2022-02-21,2022-02-21,1
80107,Shakhter P.,Shakhter P.,transfers,False,True,False,False,2022-04-08,2022-06-24,1
80113,TV Kalkum Jgd.,TV Kalkum Jgd.,transfers,False,True,False,False,2015-07-01,2015-07-01,1
80130,Heringen Jgd.,Heringen Jgd.,transfers,False,True,False,False,2000-07-01,2000-07-01,1
80237,FK Utopia,FK Utopia,games,False,False,True,False,2020-09-01,2020-10-07,1
80283,Sparta R. U18,Sparta R. U18,transfers,False,True,False,False,2020-07-01,2023-07-01,1
80309,Bogense G&IF,Bogense G&IF,games,False,False,True,False,2020-09-01,2020-09-01,1
80310,Kerteminde BK,Kerteminde BK,games,False,False,True,False,2022-08-04,2022-08-30,1
80463,Kolos U19,Kolos U19,transfers,False,True,False,False,2019-08-02,2025-07-01,1
80467,Prykarpatya U19,Prykarpatya U19,transfers,False,True,False,False,2021-03-01,2021-07-23,1
80518,Blavozy,Blavozy,transfers,False,True,False,False,2022-07-01,2023-07-01,1
80591,St-Pierre Mi.,St-Pierre Mi.,transfers,False,True,False,False,2024-07-16,2024-07-16,1
80647,São Joseense,São Joseense,transfers,False,True,False,False,2023-01-01,2024-08-11,1
80702,Kloetinge Yth.,Kloetinge Yth.,transfers,False,True,False,False,2020-07-01,2021-07-01,1
80756,Meerburg Youth,Meerburg Youth,transfers,False,True,False,False,2008-07-01,2011-07-01,1
80766,Fortuna S. U17,Fortuna S. U17,transfers,False,True,False,False,2015-07-01,2019-07-01,1
80767,SC Telstar U17,SC Telstar U17,transfers,False,True,False,False,2008-07-01,2008-07-01,1
80802,VV Kolping Boys Oudorp,VV Kolping Boys Oudorp,games,False,False,True,False,2024-09-03,2024-10-29,1
80810,Lyngby BK II,Lyngby BK II,transfers,False,True,False,False,2017-07-01,2019-07-01,1
80916,FK Sumy,FK Sumy,games,False,False,True,False,2021-08-18,2021-08-18,1
80978,Avangard U19,Avangard U19,transfers,False,True,False,False,2019-09-01,2020-08-20,1
80996,FC Malisheva,FC Malisheva,games,False,False,True,False,2024-07-11,2025-07-17,1
81011,Lara Spor,Lara Spor,transfers,False,True,False,False,2018-09-05,2018-09-05,1
81024,Kolding B Youth,Kolding B Youth,transfers,False,True,False,False,2021-07-01,2021-07-01,1
81078,IJsselmeerv U21,IJsselmeerv U21,transfers,False,True,False,False,2020-07-01,2020-11-23,1
81150,Olimpia Savyntsi,Olimpia Savyntsi,games,False,False,True,False,2020-08-30,2025-09-23,1
81169,FK Chernigiv,Chernigiv | Chernigiv-ShVSM | FK Chernigiv | FK YSB Chernigiv,games | transfers,False,True,True,False,2017-05-01,2026-06-30,4
81204,Polissya U19,Polissya U19,transfers,False,True,False,False,2023-07-24,2025-03-10,1
81205,Lokomotyv U19,Lokomotyv U19,transfers,False,True,False,False,2021-07-01,2021-07-01,1
81207,PFK Lviv U19,PFC Lviv U19 | PFK Lviv U19,transfers,False,True,False,False,2018-07-01,2023-08-31,2
81276,Ter. Monticelli,Ter. Monticelli,transfers,False,True,False,False,2009-07-01,2010-07-01,1
81317,Alphense B. U18,Alphense B. U18,transfers,False,True,False,False,2020-07-01,2021-07-01,1
81325,RKVV Sportclub '25 Bocholtz,RKVV Sportclub '25 Bocholtz,games,False,False,True,False,2025-09-03,2025-09-03,1
81332,Vitesse U18,Vitesse U18,transfers,False,True,False,False,2020-07-01,2022-07-01,1
81334,PEC Zwolle U18,PEC Zwolle U18,transfers,False,True,False,False,2022-07-01,2023-07-01,1
81337,PSV U18,PSV U18,transfers,False,True,False,False,2020-07-01,2022-07-01,1
81338,Fortuna S. U18,Fortuna S. U18,transfers,False,True,False,False,2022-07-01,2024-07-01,1
81339,Utrecht U18,Utrecht U18,transfers,False,True,False,False,2019-07-01,2024-07-01,1
81340,Groningen U18,Groningen U18,transfers,False,True,False,False,2020-07-01,2024-07-01,1
81341,Twente U18,Twente U18,transfers,False,True,False,False,2020-07-01,2024-07-01,1
81343,Excelsior U18,Excelsior U18,transfers,False,True,False,False,2020-07-01,2023-07-01,1
81344,Dordrecht U18,Dordrecht U18,transfers,False,True,False,False,2020-07-01,2021-07-01,1
81345,Emmen U18,Emmen U18,transfers,False,True,False,False,2021-07-01,2022-07-01,1
81349,AZ U18,AZ U18,transfers,False,True,False,False,2020-07-01,2024-07-01,1
81401,SC Poltava,SC Poltava,clubs | games | transfers,True,True,True,False,2021-07-21,2026-05-23,1
81458,Metalurg U19,Metalurg U19,transfers,False,True,False,False,2018-08-01,2019-07-01,1
81466,Volewijckers Y.,Volewijckers Y.,transfers,False,True,False,False,2019-07-01,2020-07-01,1
81502,Sevilla FC U18,Sevilla FC U18,transfers,False,True,False,False,2018-01-01,2022-07-01,1
81503,Sevilla U17,Sevilla U17,transfers,False,True,False,False,2017-07-01,2020-07-01,1
81505,Ol. Donetsk U19,Ol. Donetsk U19,transfers,False,True,False,False,2009-07-01,2016-07-01,1
81509,St Cadoc's YC,St Cadoc's YC,games,False,False,True,False,2025-08-29,2025-08-29,1
81520,Almere C. U18,Almere C. U18,transfers,False,True,False,False,2021-07-01,2022-07-01,1
81535,Catanduva FC,Catanduva FC,transfers,False,True,False,False,2021-09-01,2021-12-31,1
81539,Lorca CFB Juv A,Lorca CFB Juv A,transfers,False,True,False,False,2020-07-01,2020-07-01,1
81572,Santos Jgd.,Santos Jgd.,transfers,False,True,False,False,2023-01-01,2023-01-01,1
81587,Monterrey Jgd.,Monterrey Jgd.,transfers,False,True,False,False,2011-07-01,2011-07-01,1
81612,Boldklubben Vestkysten Oksböl,Boldklubben Vestkysten Oksböl,games,False,False,True,False,2025-08-06,2025-09-24,1
81626,Sète B,Sète B,transfers,False,True,False,False,2008-07-01,2008-07-01,1
81788,Ametyst-2001,Ametyst-2001,transfers,False,True,False,False,2020-07-01,2020-07-01,1
81789,Shakhtar Acade.,Shakhtar Acade.,transfers,False,True,False,False,2007-07-01,2017-07-01,1
81815,Telstar U18,Telstar U18,transfers,False,True,False,False,2022-07-01,2023-07-01,1
81915,Quick 1888 Yth.,Quick 1888 Yth.,transfers,False,True,False,False,2007-07-01,2007-07-01,1
81918,Orion Youth,Orion Youth,transfers,False,True,False,False,2007-07-01,2007-07-01,1
81974,Enyimba Jgd.,Enyimba Jgd.,transfers,False,True,False,False,2019-01-01,2019-01-01,1
81990,Heerenveen U18,Heerenveen U18,transfers,False,True,False,False,2020-07-01,2023-07-01,1
82002,Castle Vale,Castle Vale,transfers,False,True,False,False,2010-07-01,2011-07-01,1
82008,FK Sochi (bis 2017),FK Sochi | FK Sochi (bis 2017),games | transfers,False,True,True,False,2014-08-12,2017-07-01,2
82054,Real Titánico,Real Titánico,games,False,False,True,False,2020-11-11,2020-11-11,1
82055,Anaitasuna FT,Anaitasuna FT,games,False,False,True,False,2020-11-11,2020-12-17,1
82058,CF Épila,CF Épila,games,False,False,True,False,2020-11-11,2020-11-11,1
82062,CD Colegios Diocesanos,CD Colegios Diocesanos,games,False,False,True,False,2020-11-11,2020-11-11,1
82063,AUGC Ceuta (- 2020),AUGC Ceuta (- 2020),games,False,False,True,False,2020-11-11,2020-11-11,1
82076,,,games,False,False,True,False,2023-08-12,2023-08-12,0
82296,Rodina 2 Moscow,Rodina 2 Moscow,transfers,False,True,False,False,2023-07-01,2025-07-01,1
82420,Kolos U17,Kolos U17,transfers,False,True,False,False,2020-07-01,2023-07-27,1
82424,Odense BK II,Odense BK II,transfers,False,True,False,False,2007-01-01,2008-01-01,1
82502,,,games,False,False,True,False,2022-08-03,2022-08-03,0
82563,Hohenlind Jgd.,Hohenlind Jgd.,transfers,False,True,False,False,2014-08-01,2014-08-01,1
82583,Real Calepina,Real Calepina,transfers,False,True,False,False,2025-07-31,2025-07-31,1
82600,VV Dieren,VV Dieren,transfers,False,True,False,False,2021-07-01,2022-07-01,1
82626,Farsö Ullits IK,Farsö Ullits IK,games,False,False,True,False,2022-08-02,2025-09-02,1
82652,Helsted Fremad IF,Helsted Fremad IF,games,False,False,True,False,2020-09-02,2021-09-08,1
82685,Lazio U18,Lazio U18,transfers,False,True,False,False,2020-12-28,2023-07-01,1
82686,St. Louis City Soccer Club,St. Louis City Soccer Club,clubs | games,True,False,True,False,2025-02-23,2026-05-23,1
82696,Mazatlán FC,Mazatlán FC,clubs | games | transfers,True,True,True,False,2021-07-01,2026-04-26,1
82718,FC Tver,FC Tver | Volga Tver,games | transfers,False,True,True,False,2020-08-05,2025-08-21,2
82732,FC Togliatti,FC Togliatti,transfers,False,True,False,False,2008-01-01,2010-01-01,1
82824,Hollandia U21,Hollandia U21,transfers,False,True,False,False,2021-07-01,2022-07-01,1
82826,Montecasillas,Montecasillas,transfers,False,True,False,False,2022-03-24,2022-08-02,1
82851,Paracuellos,Paracuellos,transfers,False,True,False,False,2020-07-01,2022-09-02,1
82865,Abidjan City FC,Abidjan City FC,transfers,False,True,False,False,2017-02-17,2017-02-17,1
82880,Ktinotrofikos Asteras Kalirachis,Ktinotrofikos Asteras Kalirachis,games,False,False,True,False,2021-08-29,2021-08-29,1
82881,AE Dimitra Efxinoupolis,AE Dimitra Efxinoupolis,games,False,False,True,False,2021-08-28,2021-08-28,1
82885,Ermis Meligous,Ermis Meligous,games,False,False,True,False,2021-08-29,2022-09-21,1
82886,Aris Skalas,Aris Skalas,games,False,False,True,False,2021-08-29,2021-09-12,1
82887,AS Santorinis 2020,AS Santorinis 2020,games,False,False,True,False,2021-08-29,2021-08-29,1
82888,Ethnikos Skoulikadou,Ethnikos Skoulikadou,games,False,False,True,False,2021-09-05,2021-09-05,1
82891,PSG Youth,PSG Youth,transfers,False,True,False,False,2002-07-01,2021-07-01,1
82911,ID Vieirense,ID Vieirense,transfers,False,True,False,False,2021-01-01,2024-01-06,1
82945,Willem II U18,Willem II U18,transfers,False,True,False,False,2020-07-01,2024-07-01,1
82951,Emplina Youth,Emplina Youth,transfers,False,True,False,False,2018-07-01,2018-07-01,1
82969,FK Rostov 2,FK Rostov 2,transfers,False,True,False,False,2024-01-01,2025-06-30,1
83011,AS Bondy Yth.,AS Bondy Yth.,transfers,False,True,False,False,2016-07-01,2016-07-01,1
83012,ACBB Youth,ACBB Youth,transfers,False,True,False,False,2004-07-01,2022-07-01,1
83013,Évreux Jugend,Évreux Jugend,transfers,False,True,False,False,2012-07-01,2012-07-01,1
83018,Paris FC Yth.,Paris FC Yth.,transfers,False,True,False,False,2002-07-01,2017-07-01,1
83019,Créteil Youth,Créteil Youth,transfers,False,True,False,False,2014-04-01,2019-07-01,1
83074,SShOR Bronnitsy,SShOR Bronnitsy,transfers,False,True,False,False,2013-03-18,2014-04-16,1
83096,Grifone Calcio,Grifone Calcio,transfers,False,True,False,False,2018-07-12,2018-07-12,1
83218,SR Brasov,SR Brasov,transfers,False,True,False,False,2020-08-15,2020-10-04,1
83240,Hercules U21,Hercules U21,transfers,False,True,False,False,2022-07-01,2023-01-01,1
83266,Mohun Bagan SG,Mohun Bagan SG,transfers,False,True,False,False,2024-07-19,2024-07-19,1
83289,Metallurg Vidnoe,Metallurg Vidn. | Metallurg Vidnoe,games | transfers,False,True,True,False,2020-08-05,2021-07-14,2
83403,SE Penya Independent,SE Penya Independent,games,False,False,True,False,2021-11-17,2021-11-17,1
83483,Manises CF,Manises CF,games,False,False,True,False,2024-10-09,2025-10-04,1
83500,CP Chinato,CP Chinato,games,False,False,True,False,2020-11-11,2020-11-11,1
83517,,,games,False,False,True,False,2020-08-29,2020-08-29,0
83542,Erogluspor Yth,Erogluspor Yth,transfers,False,True,False,False,2000-12-12,2022-01-20,1
83565,FC Tuapse ( -2022),FC Tuapse ( -2022),games,False,False,True,False,2020-08-05,2021-07-18,1
83583,QPR Academy,QPR Academy,transfers,False,True,False,False,2003-07-01,2019-07-01,1
83617,San José U19,San José U19,transfers,False,True,False,False,2021-07-01,2022-07-01,1
83678,Metalist Kharkiv,FC Metal | FK Metal | Metalist | Metalist Kharkiv,clubs | games | transfers,True,True,True,False,2020-08-22,2025-09-17,4
83729,Marimoo,Marimoo,transfers,False,True,False,False,2019-07-01,2019-07-01,1
83792,Samsunspor U19,Samsunspor U19,transfers,False,True,False,False,2020-08-04,2025-08-30,1
83816,Nyköbing Youth,Nyköbing Youth,transfers,False,True,False,False,2015-07-01,2020-07-01,1
83839,IMT Belgrad U19,IMT Belgrad U19,transfers,False,True,False,False,2021-01-01,2023-07-01,1
83840,IMT Belgrad U17,IMT Belgrad U17,transfers,False,True,False,False,2021-01-01,2021-01-01,1
83848,Reus FC Reddis,Reus FC Reddis,games,False,False,True,False,2025-10-29,2025-12-03,1
83909,Adana 01 FK,Adana 01 FK | Adana 1954 FK,transfers,False,True,False,False,2024-01-11,2026-06-30,2
83924,FK Pskov,FK Pskov,games,False,False,True,False,2023-08-02,2024-07-31,1
83930,FC Trostyanets,FC Trostyanets | FK Trostyanets,games | transfers,False,True,True,False,2021-08-04,2025-08-23,2
83932,Rukh Lviv U19,Rukh Lviv U19,transfers,False,True,False,False,2020-09-02,2025-07-01,1
83933,FK Minaj U19,FC Minaj U19 | FK Minaj U19,transfers,False,True,False,False,2021-01-01,2024-08-02,2
83934,FC Minaj II,FC Minaj II,transfers,False,True,False,False,2021-01-22,2021-07-01,1
83976,K. Sinop Spor,K. Sinop Spor,transfers,False,True,False,False,2023-08-23,2024-06-30,1
83981,Inkilap SK Yth,Inkilap SK Yth,transfers,False,True,False,False,2021-11-12,2021-11-12,1
83983,Dudullu,Dudullu,transfers,False,True,False,False,2021-04-08,2022-09-30,1
83987,Bornova 1877,Bornova 1877,transfers,False,True,False,False,2025-02-11,2025-06-30,1
84002,Nigde Belediye,Nigde Belediye,transfers,False,True,False,False,2024-08-08,2025-08-09,1
84063,ASSU-RN,ASSU-RN,transfers,False,True,False,False,2021-05-14,2021-06-04,1
84090,Panagriniakos,Panagriniakos,games,False,False,True,False,2021-08-29,2023-08-27,1
84091,AE Mykonou,AE Mykonou,games,False,False,True,False,2021-09-04,2023-09-03,1
84092,Finikas Neas Epidavrou,Finikas Neas Epidavrou,games,False,False,True,False,2021-08-29,2022-08-31,1
84101,Bredballe IF,Bredballe IF,games,False,False,True,False,2021-08-05,2023-08-15,1
84122,Epicentr Kamyanets-Podilskyi,Epicentr Kamyanets-Podilskyi,clubs | games,True,False,True,False,2020-08-30,2026-05-23,1
84125,Leeds Youth,Leeds Youth,transfers,False,True,False,False,2019-07-01,2019-07-01,1
84296,CD Sant Jordi,CD Sant Jordi,games,False,False,True,False,2025-09-27,2025-10-29,1
84311,Höjslev Station IF,Höjslev Station IF,games,False,False,True,False,2020-09-01,2023-08-08,1
84312,,,games,False,False,True,False,2020-09-01,2020-09-01,0
84313,Bispebjerg Boldklub,Bispebjerg Boldklub,games,False,False,True,False,2020-09-02,2023-08-08,1
84314,FC ESPM,FC ESPM,games,False,False,True,False,2020-09-02,2025-08-05,1
84315,Susaa IF,Susaa IF,games,False,False,True,False,2020-09-03,2020-09-03,1
84316,,,games,False,False,True,False,2020-09-03,2020-09-03,0
84340,Ituano FC,Ituano FC,transfers,False,True,False,False,2021-03-01,2021-07-30,1
84351,FIUK Odense,FIUK Odense,games,False,False,True,False,2020-09-02,2021-08-31,1
84400,Monza U19,Monza U19 | Monza U20,transfers,False,True,False,False,2021-07-01,2025-07-20,2
84412,Rajasthan Utd.,Rajasthan Utd.,transfers,False,True,False,False,2026-02-22,2026-02-22,1
84446,Patacona U19,Patacona U19,transfers,False,True,False,False,2019-07-01,2019-07-01,1
84451,Parma U18,Parma U18,transfers,False,True,False,False,2021-08-09,2024-07-01,1
84520,Karp. Perechyn,Karp. Perechyn,transfers,False,True,False,False,2014-05-23,2014-08-23,1
84544,B. Yildirim Yth,B. Yildirim Yth,transfers,False,True,False,False,2021-11-19,2023-02-03,1
84578,Monza U17,Monza U17,transfers,False,True,False,False,2021-07-01,2023-07-01,1
84679,Monza U18,Monza U18,transfers,False,True,False,False,2022-07-01,2023-08-01,1
84689,Konoplev U16,Konoplev U16,transfers,False,True,False,False,2021-07-01,2023-02-22,1
84690,UOR-5 U17,UOR-5 U17,transfers,False,True,False,False,2020-08-01,2022-07-16,1
84691,UOR-5 U16,UOR-5 U16,transfers,False,True,False,False,2018-04-18,2022-01-30,1
84692,FShM U16,FShM U16,transfers,False,True,False,False,2017-07-01,2020-01-01,1
84693,FK Rostov U16,FK Rostov U16,transfers,False,True,False,False,2021-01-09,2023-01-01,1
84694,SShOR Zenit U16,SShOR Zenit U16,transfers,False,True,False,False,2021-07-01,2021-07-01,1
84695,Ak. Zenit U16,Ak. Zenit U16,transfers,False,True,False,False,2021-07-01,2023-01-01,1
84696,Ak.Spartak U16,Ak.Spartak U16,transfers,False,True,False,False,2018-07-01,2023-07-01,1
84697,Ak. Dinamo U16,Ak. Dinamo U16,transfers,False,True,False,False,2018-07-01,2023-07-03,1
84698,Ak.ZSKA U16,Ak.ZSKA U16,transfers,False,True,False,False,2018-07-01,2022-07-01,1
84699,Ak.Loko U16,Ak.Loko U16,transfers,False,True,False,False,2019-04-17,2023-07-01,1
84700,Strogino U16,Strogino U16,transfers,False,True,False,False,2021-04-23,2023-07-03,1
84701,Ak. Rubin U16,Ak. Rubin U16,transfers,False,True,False,False,2021-07-01,2022-07-01,1
84702,Ak.Cherta U16,Ak.Cherta U16,transfers,False,True,False,False,2018-02-01,2022-07-18,1
84703,Krasnodar U16,Krasnodar U16,transfers,False,True,False,False,2020-01-01,2024-01-01,1
84728,Boavista U23,Boavista U23,transfers,False,True,False,False,2020-07-01,2021-07-01,1
85023,MFC Metalurg-2,MFC Metalurg-2,transfers,False,True,False,False,2020-09-01,2021-07-22,1
85059,RC Abidjan,RC Abidjan,transfers,False,True,False,False,2016-07-01,2021-07-01,1
85072,TS Galaxy Res.,TS Galaxy Res.,transfers,False,True,False,False,2022-03-01,2022-03-01,1
85118,Al-Zulfi,Al-Zulfi,transfers,False,True,False,False,2025-08-18,2025-08-18,1
85152,O. Bairro U19,O. Bairro U19,transfers,False,True,False,False,2010-07-01,2011-07-01,1
85168,BK Milan FC,BK Milan FC,transfers,False,True,False,False,2020-07-01,2023-09-01,1
85287,Macclesfield FC,Macclesfield FC,games,False,False,True,False,2025-11-01,2026-02-16,1
85373,,,games,False,False,True,False,2022-10-19,2022-10-19,0
85465,Karpaty Lviv,Karpaty Lviv,clubs | games | transfers,True,True,True,False,2021-01-01,2026-05-23,1
85471,Alverca B,Alverca B,transfers,False,True,False,False,2021-07-01,2024-01-01,1
85489,Bo'ness Athletic FC,Bo'ness Athletic FC,games,False,False,True,False,2024-08-09,2025-10-24,1
85516,Las Rozas U19,Las Rozas U19,transfers,False,True,False,False,2024-07-01,2024-07-01,1
85534,VAP FC,VAP FC,transfers,False,True,False,False,2020-07-01,2021-07-17,1
85571,Miengo FC,Miengo FC,games,False,False,True,False,2020-11-11,2020-11-11,1
85572,Nantes Youth,FC Nantes Yth. | Nantes Youth,transfers,False,True,False,False,2008-07-01,2019-07-01,2
85574,CH Nomads FC,CH Nomads FC,transfers,False,True,False,False,2022-07-01,2023-07-09,1
85609,Torrellano,Torrellano,transfers,False,True,False,False,2009-07-01,2011-07-01,1
85849,Cerdanyola U19,Cerdanyola U19,transfers,False,True,False,False,2021-09-01,2022-07-01,1
85878,San José Youth,San José Youth,transfers,False,True,False,False,2016-07-01,2021-07-01,1
85902,Punjab FC,Punjab FC,transfers,False,True,False,False,2021-09-02,2022-08-29,1
85931,Azuriz,Azuriz,transfers,False,True,False,False,2019-08-21,2019-12-15,1
85937,Ledöje-S Youth,Ledöje-S Youth,transfers,False,True,False,False,2020-08-01,2020-08-01,1
85955,Ellas Syros,Ellas Syros | Ellas Syrou,games | transfers,False,True,True,False,2025-08-19,2025-12-03,2
85956,Shkëndija U17,Shkëndija U17,transfers,False,True,False,False,2017-07-01,2018-07-01,1
85976,Bunyodkor U18,Bunyodkor U18,transfers,False,True,False,False,2022-01-01,2022-01-01,1
86030,La Duchère B,La Duchère B,transfers,False,True,False,False,2021-07-01,2021-07-01,1
86063,Cavigal Yth.,Cavigal Yth.,transfers,False,True,False,False,2017-07-01,2022-07-01,1
86175,Esp. Guédiawaye,Esp. Guédiawaye,transfers,False,True,False,False,2019-07-01,2023-08-23,1
86209,Livyi Bereg Kyiv,Livyi Bereg | Livyi Bereg Kyiv,clubs | games | transfers,True,True,True,False,2021-01-01,2026-02-27,2
86213,Colomiers U19,Colomiers U19,transfers,False,True,False,False,2021-07-01,2022-07-01,1
86389,Viterbese U19,Viterbese U19,transfers,False,True,False,False,2023-07-16,2023-07-16,1
86444,AS Bouenguidi,AS Bouenguidi,transfers,False,True,False,False,2022-02-22,2022-02-22,1
86456,S.Paio D'Arcos,S.Paio D'Arcos,transfers,False,True,False,False,2018-07-01,2020-07-01,1
86545,Nörrebro FF,Nörrebro FF,games,False,False,True,False,2021-08-05,2021-09-08,1
86562,Hiltrup Jgd.,Hiltrup Jgd.,transfers,False,True,False,False,2014-01-01,2014-01-01,1
86630,Benab FC,Benab FC,transfers,False,True,False,False,2023-08-17,2023-08-17,1
86651,Patronato II,Patronato II,transfers,False,True,False,False,2016-07-01,2019-07-01,1
86670,TuS Glane Jgd.,TuS Glane Jgd.,transfers,False,True,False,False,2011-07-01,2011-07-01,1
86769,Volyn 2 Lutsk,Volyn 2 Lutsk | Volyn-2 Lutsk,transfers,False,True,False,False,2020-09-01,2021-07-01,2
86787,Skala 1911 Stryi,Skala 1911 | Skala 1911 Stryi,games | transfers,False,True,True,False,2022-08-19,2026-01-24,2
86832,Farum BK U19,Farum BK U19,transfers,False,True,False,False,2017-01-01,2017-07-01,1
86855,Giant Brillars,Giant Brillars,transfers,False,True,False,False,2023-07-01,2023-07-01,1
86856,SC Irene Yth,SC Irene Yth,transfers,False,True,False,False,2014-07-01,2014-07-01,1
86882,Y. Bosna Jgd,Y. Bosna Jgd,transfers,False,True,False,False,2006-09-09,2006-09-09,1
87068,Libertad FC,Libertad FC,transfers,False,True,False,False,2024-02-09,2024-02-09,1
87140,JA Drancy U19,JA Drancy U19,transfers,False,True,False,False,2022-05-31,2023-01-01,1
87229,LYS Sassandra,LYS Sassandra,transfers,False,True,False,False,2024-01-12,2024-01-12,1
87305,Dunkerque U19,Dunkerque U19,transfers,False,True,False,False,2016-07-01,2017-07-01,1
87484,Don Bosco Youth,Don Bosco Youth,transfers,False,True,False,False,2002-07-01,2002-07-01,1
87552,St. Johnst. Yth,St. Johnst. Yth,transfers,False,True,False,False,2019-07-01,2025-07-01,1
87553,Celtic Youth,Celtic Youth,transfers,False,True,False,False,2015-07-01,2022-07-01,1
87701,41 FK Yth.,41 FK Yth.,transfers,False,True,False,False,2017-09-07,2019-09-06,1
87727,Amazonas,Amazonas,transfers,False,True,False,False,2025-03-10,2025-05-22,1
87879,FK Kudrivka (- 2024),FK Kudrivka (- 2024),games,False,False,True,False,2023-07-29,2023-08-15,1
87883,FC Kudrivka,FC Kudrivka | Kudrivka-Nyva | Nyva Buzova,clubs | games | transfers,True,True,True,False,2021-09-22,2026-05-24,3
87938,Harborough Town,Harborough Town,games,False,False,True,False,2024-11-02,2024-12-01,1
88028,Dnipro 2,Dnipro 2,transfers,False,True,False,False,2010-07-01,2012-07-01,1
88029,Ingulets U19,Ingulets U19,transfers,False,True,False,False,2020-09-08,2025-07-01,1
88165,Foz FC U20,Foz FC U20,transfers,False,True,False,False,2016-01-01,2016-01-01,1
88174,VV Heer. Jeugd,VV Heer. Jeugd,transfers,False,True,False,False,2018-07-01,2018-07-01,1
88216,SSU Poli U19,SSU Poli U19 | St. Poli U19,transfers,False,True,False,False,2017-07-01,2019-01-01,2
88222,RC Lens U17,RC Lens U17,transfers,False,True,False,False,2010-07-01,2023-07-01,1
88241,Pl. Amador II,Pl. Amador II,transfers,False,True,False,False,2024-01-01,2024-01-01,1
88522,Gazovyk-KhGV,Gazovyk-KhGV,transfers,False,True,False,False,2007-08-01,2008-01-01,1
88528,MSM,MSM,transfers,False,True,False,False,2020-01-01,2020-09-18,1
88599,FC Koper U19,FC Koper U19,transfers,False,True,False,False,2012-07-01,2012-07-01,1
88809,RKVV Zwaluw VFC Vught,RKVV Zwaluw VFC Vught,games,False,False,True,False,2023-08-12,2024-09-25,1
88907,Skoruk,FK Skoruk | Skoruk,games | transfers,False,True,True,False,2021-01-01,2023-07-06,2
89042,Dudullu Jgd,Dudullu Jgd,transfers,False,True,False,False,2021-04-08,2021-04-08,1
89122,Übach-B. Jgd.,Übach-B. Jgd.,transfers,False,True,False,False,2010-07-01,2010-07-01,1
89198,FC Serpa,FC Serpa,transfers,False,True,False,False,2023-07-01,2024-07-01,1
89260,Braendekilde-Bellinge Boldklub,Braendekilde-Bellinge Boldklub,games,False,False,True,False,2024-08-08,2024-08-08,1
89277,Wolfsbach Jgd.,Wolfsbach Jgd.,transfers,False,True,False,False,2010-01-01,2010-01-01,1
89281,Kohlheck Jugend,Kohlheck Jugend,transfers,False,True,False,False,2015-07-01,2015-07-01,1
89379,Staßfurt Jgd.,Staßfurt Jgd.,transfers,False,True,False,False,2011-07-01,2011-07-01,1
89395,SC Bernburg,SC Bernburg,transfers,False,True,False,False,2023-01-31,2023-07-24,1
89402,Arras FA U19,Arras FA U19,transfers,False,True,False,False,2012-07-01,2016-07-01,1
89408,Görslev IF,Görslev IF,games,False,False,True,False,2023-08-08,2025-09-02,1
89435,Molynes United,Molynes United,transfers,False,True,False,False,2022-01-01,2022-04-01,1
89509,Frazier's Whip,Frazier's Whip,transfers,False,True,False,False,2019-08-01,2019-08-01,1
89553,SG Orlen Youth,SG Orlen Youth,transfers,False,True,False,False,2017-07-01,2017-07-01,1
89706,Ceres-GO,Ceres-GO,transfers,False,True,False,False,2017-07-01,2018-01-01,1
89841,KIA U21,KIA U21,transfers,False,True,False,False,2021-07-01,2022-02-01,1
89842,KIA U19,KIA U19,transfers,False,True,False,False,2019-07-01,2021-07-01,1
89843,KIA U17,KIA U17,transfers,False,True,False,False,2018-07-01,2019-07-01,1
89918,Manisa FK U19,Manisa FK U19,transfers,False,True,False,False,2021-07-01,2022-07-01,1
89919,Eyüpspor U19,Eyüpspor U19,transfers,False,True,False,False,2022-07-01,2026-02-02,1
90107,Saksan,Saksan,transfers,False,True,False,False,2023-07-01,2024-01-01,1
90174,Galtabäcks BK,Galtabäcks BK,transfers,False,True,False,False,2018-01-01,2019-07-01,1
90186,Taguatinga,Taguatinga,transfers,False,True,False,False,2023-04-25,2023-04-25,1
90199,Alverca U17,Alverca U17,transfers,False,True,False,False,2003-07-01,2020-07-01,1
90394,Holsterh. Jgd.,Holsterh. Jgd.,transfers,False,True,False,False,2008-07-01,2008-07-01,1
90399,L'Escala,L'Escala,transfers,False,True,False,False,2015-07-01,2016-07-01,1
90593,Polissya Stavky,Polissya Stavky,games,False,False,True,False,2025-08-08,2025-09-17,1
90600,Racing CFF Yth.,Racing CFF Yth.,transfers,False,True,False,False,2020-07-01,2021-07-01,1
90643,Langenau Jgd.,Langenau Jgd.,transfers,False,True,False,False,2012-07-01,2015-07-01,1
90654,Kairat Moscow ( -2022),Kairat Moscow | Kairat Moscow ( -2022),games | transfers,False,True,True,False,2021-07-06,2022-03-08,2
90714,Vigerslev Boldklub,Vigerslev Boldklub,games,False,False,True,False,2024-08-06,2024-08-06,1
90727,PAS Lamia U17,PAS Lamia U17,transfers,False,True,False,False,2021-07-01,2024-09-03,1
90825,Victoria CF,Victoria CF,games,False,False,True,False,2021-11-17,2021-11-30,1
90844,CD Ursaria,CD Ursaria,games,False,False,True,False,2023-11-01,2023-11-01,1
90948,Melun FC Jugend,Melun FC Jugend,transfers,False,True,False,False,2018-07-01,2018-07-01,1
90988,XerxesDZB,XerxesDZB,games,False,False,True,False,2012-09-26,2023-08-12,1
91017,UD Rotlet Molinar,UD Rotlet Molinar,games,False,False,True,False,2023-10-12,2023-10-12,1
91036,Lyubomyr Stavyshche,Lyubomyr Stavyshche,games,False,False,True,False,2021-08-04,2021-08-04,1
91037,AFSK Kyiv,AFSK Kyiv,games,False,False,True,False,2021-08-04,2021-08-04,1
91148,VfL Lever. Jgd.,VfL Lever. Jgd.,transfers,False,True,False,False,2014-07-01,2014-07-01,1
91158,Krumovgrad,Krumovgrad,transfers,False,True,False,False,2023-07-14,2024-01-15,1
91225,Neckarelz Jgd.,Neckarelz Jgd.,transfers,False,True,False,False,2016-07-01,2016-07-01,1
91288,Omonia 29 Maiou,Omonia 29 Maiou,transfers,False,True,False,False,2024-07-05,2024-07-05,1
91292,Herfölge BK Y,Herfölge BK Y,transfers,False,True,False,False,2008-07-01,2009-07-01,1
91328,Dinamo Vladivostok,Dinamo Vlad. | Dinamo Vladivostok,games | transfers,False,True,True,False,2021-07-14,2025-08-20,2
91329,CF Jaraiz,CF Jaraiz,games,False,False,True,False,2021-11-17,2021-11-17,1
91335,CD Hernani,CD Hernani,games,False,False,True,False,2021-11-17,2021-11-17,1
91411,Spartak Tuymazy,Spartak Tuymazy,games,False,False,True,False,2021-07-14,2021-07-28,1
91412,FC Pesch Jgd.,FC Pesch Jgd.,transfers,False,True,False,False,2017-07-01,2018-07-01,1
91419,Bröndby Strand IK,Bröndby Strand IK,games,False,False,True,False,2025-08-07,2025-09-02,1
91420,FK Krasava (-2022),FK Krasava (-2022) | Krasava,games | transfers,False,True,True,False,2021-07-14,2022-07-05,2
91427,Al-Kholood Club,Al-Kholood Club,clubs | games,True,False,True,False,2024-08-24,2026-05-21,1
91428,Verona U18,Verona U18,transfers,False,True,False,False,2021-07-01,2023-07-01,1
91472,1.FC Mül. Jgd.,1.FC Mül. Jgd.,transfers,False,True,False,False,2010-07-01,2010-07-01,1
91484,CD Villa de Fortuna,CD Villa de Fortuna,games,False,False,True,False,2021-11-17,2021-12-02,1
91485,CD Utrillas,CD Utrillas,games,False,False,True,False,2021-11-17,2021-12-02,1
91510,Dolomiti,Dolomiti,transfers,False,True,False,False,2026-01-22,2026-06-30,1
91511,M.E.A. London,M.E.A. London,transfers,False,True,False,False,2017-07-01,2017-07-01,1
91531,Yadro St. Petersburg,Yadro St. Petersburg,games,False,False,True,False,2021-07-14,2022-08-31,1
91532,Ilpar Ilyinsky,Ilpar Ilyinsky,games,False,False,True,False,2021-07-28,2025-08-21,1
91562,Jyllinge FC,Jyllinge FC,games,False,False,True,False,2022-08-04,2024-08-07,1
91576,SGV 83 Jgd.,SGV 83 Jgd.,transfers,False,True,False,False,2010-07-01,2010-07-01,1
91634,EF Huesca U19,EF Huesca U19,transfers,False,True,False,False,2021-07-01,2021-07-01,1
91664,Africa Sp. U19,Africa Sp. U19,transfers,False,True,False,False,2010-01-01,2010-01-01,1
91673,Renaissance FC,Renaissance FC,transfers,False,True,False,False,2017-07-01,2021-07-13,1
91693,SC Kisdorf Jgd.,SC Kisdorf Jgd.,transfers,False,True,False,False,2004-07-01,2004-07-01,1
91714,Bologna U18,Bologna U18,transfers,False,True,False,False,2023-07-01,2024-07-01,1
91716,Empoli U18,Empoli U18,transfers,False,True,False,False,2021-07-01,2024-09-01,1
91756,Dianalund IF,Dianalund IF,games,False,False,True,False,2021-08-03,2021-08-03,1
91757,Give Fremad,Give Fremad,games,False,False,True,False,2021-08-03,2024-09-03,1
91758,Söften GF,Söften GF,games,False,False,True,False,2021-08-03,2023-09-07,1
91759,FC Nyhavn,FC Nyhavn,games,False,False,True,False,2021-08-04,2021-08-04,1
91760,FC Kalundborg,FC Kalundborg,games,False,False,True,False,2021-08-05,2025-08-27,1
91761,Skibet IF,Skibet IF,games,False,False,True,False,2021-08-05,2021-08-05,1
91762,,,games,False,False,True,False,2021-08-05,2021-08-05,0
91763,Strandby-Elling-Nielstrup IF,Strandby-Elling-Nielstrup IF,games,False,False,True,False,2021-08-05,2021-08-05,1
91819,Imolese U19,Imolese U19,transfers,False,True,False,False,2021-08-28,2022-01-19,1
91859,Metal. 1925 U19,Metal 1925 U19 | Metal. 1925 U19,transfers,False,True,False,False,2021-07-20,2024-07-01,2
91860,Feniks,Feniks | Feniks Pidmonastyr,games | transfers,False,True,True,False,2021-08-04,2024-07-19,2
91861,Glenmuir Utd,Glenmuir Utd,transfers,False,True,False,False,2018-07-01,2018-07-01,1
91868,Olympiacos B,Olympiacos B,transfers,False,True,False,False,2021-07-01,2026-02-26,1
91869,PAOK Saloniki B,PAOK Saloniki B,transfers,False,True,False,False,2021-07-01,2025-09-13,1
91870,AEK Athens B,AEK Athens B,transfers,False,True,False,False,2021-07-01,2025-08-29,1
91871,Panathinaikos B,Panathinaikos B,transfers,False,True,False,False,2021-07-09,2024-08-31,1
91872,RTsPF NN,RTsPF NN,transfers,False,True,False,False,2021-07-01,2022-02-15,1
91910,Vizela U23,Vizela U23,transfers,False,True,False,False,2021-07-01,2025-10-01,1
91911,SC Farense U23,SC Farense U23,transfers,False,True,False,False,2021-07-01,2025-07-01,1
91994,Krystal,Chortkiv | Krystal,transfers,False,True,False,False,2016-08-01,2019-06-27,2
92045,Cebu,Cebu,transfers,False,True,False,False,2022-03-14,2022-06-30,1
92096,CD Hernán Cortés,CD Hernán Cortés,games,False,False,True,False,2023-10-12,2023-11-01,1
92098,Urawa Reds Jg,Urawa Reds Jg,transfers,False,True,False,False,2006-04-01,2006-04-01,1
92214,Weißenburg Jgd,Weißenburg Jgd,transfers,False,True,False,False,2012-07-01,2012-07-01,1
92239,Avang. Kharkiv,Avang. Kharkiv,transfers,False,True,False,False,2020-02-01,2021-07-23,1
92247,Shakhtar 2,Shakhtar 2,transfers,False,True,False,False,2002-07-01,2006-01-01,1
92250,San Marino,San Marino,transfers,False,True,False,False,2026-02-16,2026-02-16,1
92299,Lusitânia U19,Lusitânia U19,transfers,False,True,False,False,2023-07-01,2023-07-01,1
92319,FSV Motor Jgd.,FSV Motor Jgd.,transfers,False,True,False,False,2012-07-01,2012-07-01,1
92433,Luton U21,Luton U21,transfers,False,True,False,False,2022-07-01,2024-05-31,1
92461,Loxstedt Jgd.,Loxstedt Jgd.,transfers,False,True,False,False,2014-07-01,2014-07-01,1
92554,Ross County Jug,Ross County Jug,transfers,False,True,False,False,2018-07-01,2022-07-01,1
92744,Stade Reims U17,Stade Reims U17,transfers,False,True,False,False,2020-07-01,2022-07-01,1
92763,FK Sevastopol 2,FK Sevastopol 2,transfers,False,True,False,False,2013-07-01,2013-07-01,1
92869,CE Atlètic Lleida,CE Atlètic Lleida,games,False,False,True,False,2025-10-30,2025-10-30,1
92878,Real Madrid C,RSC Inter FC | Real Madrid C,transfers,False,True,False,False,2022-07-01,2024-07-26,2
92993,Toritto,Toritto,transfers,False,True,False,False,2006-07-01,2006-07-01,1
92999,Salgueiros Y,Salgueiros Y,transfers,False,True,False,False,2014-07-01,2015-07-01,1
93057,Kryvbas U19,Kryvbas U19,transfers,False,True,False,False,2021-09-01,2026-06-30,1
93104,BTB Academy,BTB Academy,transfers,False,True,False,False,2018-07-01,2021-07-01,1
93209,Al-Rams SC,Al-Rams SC,transfers,False,True,False,False,2026-01-01,2026-01-01,1
93349,Amur-2010 Blagoveshchensk (-2014),Amur-2010 Blagoveshchensk (-2014),games,False,False,True,False,2012-07-11,2013-07-30,1
93391,Loures U17,Loures U17,transfers,False,True,False,False,2011-07-01,2012-07-01,1
93478,Amora S15,Amora S15,transfers,False,True,False,False,2016-07-01,2017-07-01,1
93479,Amora Youth,Amora Youth,transfers,False,True,False,False,2005-07-01,2016-07-01,1
93481,San Tirso SD,San Tirso SD,games,False,False,True,False,2024-10-09,2024-10-31,1
93500,Alta Lisboa 17,Alta Lisboa 17,transfers,False,True,False,False,2018-09-01,2020-07-01,1
93588,Barcelona-BA,Barcelona-BA,transfers,False,True,False,False,2020-10-01,2020-12-31,1
93720,CD Aldeano,CD Aldeano,games,False,False,True,False,2021-11-17,2021-11-17,1
93726,CD Injerto,CD Injerto,games,False,False,True,False,2021-11-17,2021-11-17,1
93727,Ceuta 6 de Junio,Ceuta 6 de Junio,games,False,False,True,False,2021-11-17,2024-10-09,1
93728,CD Huracán Melilla,CD Huracán Melilla,games,False,False,True,False,2021-11-17,2021-12-02,1
93753,YN Yukun,YN Yukun,transfers,False,True,False,False,2025-01-23,2025-07-09,1
93797,Al-Ittifaq,Al-Ittifaq,transfers,False,True,False,False,2026-07-01,2026-07-01,1
93823,Alverca U15,Alverca U15,transfers,False,True,False,False,2016-07-01,2018-07-01,1
93826,Caldas U17,Caldas U17,transfers,False,True,False,False,2018-07-01,2020-07-01,1
93827,Caldas U15,Caldas U15,transfers,False,True,False,False,2018-07-01,2018-07-01,1
93935,Atlètic Sant Just,Atlètic Sant Just,games,False,False,True,False,2025-09-27,2025-10-29,1
93948,CF Campanario,CF Campanario,games,False,False,True,False,2025-09-27,2025-10-04,1
94073,Partizani U21,Partizani U21,transfers,False,True,False,False,2022-09-21,2023-07-01,1
94138,Kanchanaburi FC,Kanchanaburi FC,transfers,False,True,False,False,2025-08-03,2025-08-03,1
94203,Pasteleira S17,Pasteleira S17,transfers,False,True,False,False,2006-07-01,2007-07-01,1
94204,Pasteleira S15,Pasteleira S15,transfers,False,True,False,False,2004-07-01,2005-07-01,1
94205,Pasteleira F,Pasteleira F,transfers,False,True,False,False,2015-07-01,2018-07-01,1
94487,Oeiras S15,Oeiras S15,transfers,False,True,False,False,2011-07-01,2013-07-01,1
94488,Oeiras For.,Oeiras For.,transfers,False,True,False,False,2005-07-01,2008-07-01,1
94714,Sacavenense S15,Sacavenense S15,transfers,False,True,False,False,2014-07-01,2015-07-01,1
94717,Beira-Mar S17,Beira-Mar S17,transfers,False,True,False,False,2010-07-01,2012-07-01,1
94718,Vikt. Köln U17,Vikt. Köln U17,transfers,False,True,False,False,2007-07-01,2008-07-01,1
94719,Sacavenense F.,Sacavenense F.,transfers,False,True,False,False,2018-07-01,2018-07-01,1
94721,Beira-Mar U15,Beira-Mar U15,transfers,False,True,False,False,2008-07-01,2010-07-01,1
94722,Beira-Mar Yth.,Beira-Mar Yth.,transfers,False,True,False,False,2008-07-01,2008-07-01,1
94729,SC Korosten Agro-Nyva,SC Korosten Agro-Nyva,games,False,False,True,False,2025-08-09,2025-08-23,1
94750,Hähnlein Jgd.,Hähnlein Jgd.,transfers,False,True,False,False,1998-07-01,1998-07-01,1
94752,FC Alsbach Jgd.,FC Alsbach Jgd.,transfers,False,True,False,False,1998-07-01,2002-07-01,1
94753,QRM U19,QRM U19,transfers,False,True,False,False,2005-07-01,2005-07-01,1
94856,Metalist U19,Metalist U19,transfers,False,True,False,False,2022-09-06,2023-07-27,1
94968,Mosul SC,Mosul SC,transfers,False,True,False,False,2026-02-06,2026-02-06,1
94993,EJ Fatick,EJ Fatick,transfers,False,True,False,False,2019-07-01,2019-07-01,1
95006,SDZ Jgd.,SDZ Jgd.,transfers,False,True,False,False,2019-07-01,2020-07-01,1
95260,F. Hagen Jgd.,F. Hagen Jgd.,transfers,False,True,False,False,2001-07-01,2001-07-01,1
95354,Emirates Res.,Emirates Res.,transfers,False,True,False,False,2024-01-29,2024-08-16,1
95597,Prishtina e Re,Prishtina e Re,transfers,False,True,False,False,2026-02-06,2026-02-06,1
95875,FC Marco,FC Marco,transfers,False,True,False,False,2005-07-01,2006-01-16,1
95970,011  U19,011  U19,transfers,False,True,False,False,2018-07-01,2019-08-01,1
96110,Stierstadt Jgd.,Stierstadt Jgd.,transfers,False,True,False,False,2016-07-01,2016-07-01,1
96151,Ryan FC,Ryan FC,transfers,False,True,False,False,2009-07-01,2009-07-01,1
96181,Jacuipense U20,Jacuipense U20,transfers,False,True,False,False,2018-01-01,2018-01-01,1
96207,Fluminense U23,Fluminense U23,transfers,False,True,False,False,2021-05-11,2026-06-30,1
96297,Foz Formação,Foz Formação,transfers,False,True,False,False,2013-01-01,2015-07-01,1
96357,Nattheim Jgd.,Nattheim Jgd.,transfers,False,True,False,False,2016-07-01,2016-07-01,1
96765,AE Kifisias U19,AE Kifisias U19,transfers,False,True,False,False,2018-07-01,2018-07-01,1
96819,Lajeadense U20,Lajeadense U20,transfers,False,True,False,False,2015-01-01,2015-01-01,1
96822,Naftovyk Dolyna,Naftovyk Dolyna,games,False,False,True,False,2025-08-09,2025-08-24,1
96914,Canaã U20,Canaã U20,transfers,False,True,False,False,2022-02-01,2022-02-01,1
96917,Retrô U20,Retrô U20,transfers,False,True,False,False,2022-05-01,2023-07-01,1
96924,Capivariano U20,Capivariano U20,transfers,False,True,False,False,2022-10-28,2022-10-28,1
96935,Guarulhos U20,Guarulhos U20,transfers,False,True,False,False,2019-01-01,2019-01-01,1
96939,Ibrachina U20,Ibrachina U20,transfers,False,True,False,False,2022-05-01,2025-07-01,1
96961,PA Zhydachiv,PA Zhydachiv,transfers,False,True,False,False,2023-03-01,2023-03-01,1
97133,SC Inter Youth,SC Inter Youth,transfers,False,True,False,False,2020-01-01,2020-01-01,1
97141,Ferroviária U20,Ferroviária U20,transfers,False,True,False,False,2021-01-01,2024-07-01,1
97249,M. Iturralde,M. Iturralde,transfers,False,True,False,False,2021-07-01,2022-02-09,1
97456,SFK Dresden,SFK Dresden,transfers,False,True,False,False,2017-07-01,2020-07-01,1
97481,Medeya - Nevytskyi Zamok Onokivska TG,Medeya - Nevytskyi Zamok Onokivska TG,games,False,False,True,False,2025-08-10,2025-08-10,1
97499,Nyva Berezhany,Nyva Berezhany,transfers,False,True,False,False,2016-04-01,2016-08-01,1
97510,VAST Mykolaiv,VAST Mykolaiv,games | transfers,False,True,True,False,2023-02-27,2023-08-02,1
97548,FC Lisne,FC Lisne,games | transfers,False,True,True,False,2025-07-25,2026-01-01,1
97558,Bretzfeld Jgd.,Bretzfeld Jgd.,transfers,False,True,False,False,2012-07-01,2012-07-01,1
97588,Flamengo U17,Flamengo U17,transfers,False,True,False,False,2008-01-01,2023-03-20,1
97800,Halic SK Jgd.,Halic SK Jgd. | Halic Yth.,transfers,False,True,False,False,2017-02-17,2019-02-18,2
97830,Cedratese 1985,Cedratese 1985,transfers,False,True,False,False,2021-07-01,2022-07-01,1
97899,Sarcelles Jgd.,Sarcelles Jgd.,transfers,False,True,False,False,2014-07-01,2020-07-01,1
97920,Novi Sanzhary,Novi Sanzhary,transfers,False,True,False,False,2025-09-24,2026-02-11,1
98080,DL Yingbo,DL Yingbo,transfers,False,True,False,False,2025-07-07,2025-12-31,1
98106,AF Elbasani,AF Elbasani,transfers,False,True,False,False,2024-07-23,2024-07-23,1
98139,Refugees,Refugees,transfers,False,True,False,False,2022-02-23,2022-02-23,1
98594,Partizan Youth,Partizan Youth,transfers,False,True,False,False,2018-07-01,2018-07-01,1
98595,Cukaricki Youth,Cukaricki Youth,transfers,False,True,False,False,2021-08-13,2021-08-13,1
98598,Vojvodina Youth,Vojvodina Youth,transfers,False,True,False,False,2018-01-01,2018-01-01,1
98675,Rad U15,Rad U15,transfers,False,True,False,False,2012-07-01,2012-07-01,1
98680,011 U17,011 U17,transfers,False,True,False,False,2015-08-21,2018-07-01,1
98688,Moralo B,Moralo B,transfers,False,True,False,False,2023-01-01,2023-07-01,1
98702,Betim Futebol,Betim Futebol,transfers,False,True,False,False,2023-04-12,2026-01-01,1
98735,Rolly FC,Rolly FC,transfers,False,True,False,False,2022-08-23,2022-08-23,1
98742,Corinthians U17,Corinthians U17,transfers,False,True,False,False,2017-07-01,2017-07-01,1
98841,FK TransINVEST,FK TransINVEST,games,False,False,True,False,2024-07-25,2024-08-01,1
98856,Barcelona EC,Barcelona EC,transfers,False,True,False,False,2019-07-01,2023-08-05,1
98861,Laranja (PR),Laranja (PR),transfers,False,True,False,False,2022-08-16,2022-08-16,1
98929,Santos FC U17,Santos FC U17,transfers,False,True,False,False,2023-01-01,2023-01-01,1
98973,Marienfelde Jg.,Marienfelde Jg.,transfers,False,True,False,False,1999-07-01,1999-07-01,1
99029,Gloria Buzau,Gloria Buzau,transfers,False,True,False,False,2008-01-01,2008-12-31,1
99065,Kopernikus U17,Kopernikus U17,transfers,False,True,False,False,2017-08-21,2017-08-21,1
99099,Linda Velha 17,Linda Velha 17,transfers,False,True,False,False,2013-07-01,2015-07-01,1
99101,Linda Velha F,Linda Velha F,transfers,False,True,False,False,2017-07-01,2017-07-01,1
99102,Barreirense U15,Barreirense U15,transfers,False,True,False,False,2004-07-01,2012-07-01,1
99103,Barreirense J,Barreirense J,transfers,False,True,False,False,2001-07-01,2004-07-01,1
99120,Barreirense U17,Barreirense U17,transfers,False,True,False,False,2006-07-01,2014-07-01,1
99122,Bahia U17,Bahia U17,transfers,False,True,False,False,2022-01-01,2022-01-01,1
99157,Atlético-MG U17,Atlético-MG U17,transfers,False,True,False,False,2021-01-01,2022-01-01,1
99200,Kosmos Dolgoprudnyi,Kosmos Dolgoprudnyi,games,False,False,True,False,2022-08-18,2025-09-10,1
99276,Manlleu U19,Manlleu U19,transfers,False,True,False,False,2015-07-01,2015-07-01,1
99399,FC Lorient U17,FC Lorient U17,transfers,False,True,False,False,2019-07-01,2023-01-01,1
99408,Torreense S17,Torreense S17,transfers,False,True,False,False,2010-07-01,2020-07-01,1
99547,CP Montehermoso,CP Montehermoso,transfers,False,True,False,False,2023-01-01,2023-01-01,1
99617,Atlet Kyiv,Atlet Kyiv,games,False,False,True,False,2025-08-25,2025-08-25,1
99634,Rennes Jugend,Rennes Jugend,transfers,False,True,False,False,2008-07-01,2009-08-01,1
99648,Maras Istiklal,Maras Istiklal,transfers,False,True,False,False,2024-07-02,2025-07-12,1
99649,Karabük IY,Karabük IY,transfers,False,True,False,False,2025-09-11,2025-09-11,1
99680,Tokat B. Plevne,Tokat B. Plevne | Tokat Belediye,transfers,False,True,False,False,2023-08-25,2026-06-30,2
99693,Yozgat B. Bozok,Yozgat B. Bozok,transfers,False,True,False,False,2025-08-08,2026-06-30,1
99750,FC SoHo.NET,FC SoHo.NET,transfers,False,True,False,False,2014-07-01,2015-08-14,1
99764,Gil Vicente U23,Gil Vicente U23,transfers,False,True,False,False,2022-07-01,2025-07-01,1
99831,Rukh Brest U17,Rukh Brest U17,transfers,False,True,False,False,2021-01-01,2021-07-01,1
99862,Windisch Jgd.,Windisch Jgd.,transfers,False,True,False,False,2006-07-01,2006-07-01,1
99984,Sakhalinets Moscow,Sakhalinets Moscow,games,False,False,True,False,2022-08-17,2023-08-22,1
99994,Rainbow FC,Rainbow FC,transfers,False,True,False,False,2023-02-01,2023-02-01,1
99999,M. Zdralovi Jgd,M. Zdralovi Jgd,transfers,False,True,False,False,2006-01-31,2006-01-31,1
100030,Edirne DSI Jgd,Edirne DSI Jgd,transfers,False,True,False,False,2016-10-13,2017-09-15,1
100133,Pendik U19,Pendik U19,transfers,False,True,False,False,2021-07-01,2024-06-30,1
100134,Bodrum U19,Bodrum U19,transfers,False,True,False,False,2022-09-30,2024-07-01,1
100148,Montpellier For,Montpellier For,transfers,False,True,False,False,2020-07-01,2021-07-01,1
100149,ASSE Yth.,ASSE Yth.,transfers,False,True,False,False,2009-07-01,2022-07-01,1
100150,Stade Brest For,Stade Brest For,transfers,False,True,False,False,2012-07-01,2012-07-01,1
100152,Toulouse For.,Toulouse For.,transfers,False,True,False,False,2019-07-01,2022-07-01,1
100154,Lens Yth.,Lens Yth.,transfers,False,True,False,False,2010-07-01,2021-07-01,1
100157,Lorient Yth.,Lorient Yth.,transfers,False,True,False,False,2019-07-01,2022-07-01,1
100158,Clermont For.,Clermont For.,transfers,False,True,False,False,2018-07-01,2019-07-01,1
100289,Rodina-M Moscow,Rodina-M Moscow,transfers,False,True,False,False,2023-08-11,2024-02-08,1
100335,Mafra U23,Mafra U23,transfers,False,True,False,False,2023-07-26,2024-01-30,1
100349,SK Metalist,SK Metalist,transfers,False,True,False,False,2016-07-01,2016-10-01,1
100383,Fakel II,Fakel II,transfers,False,True,False,False,2022-07-01,2026-12-31,1
100557,Patriot Kukavka,Patriot Kukavka,transfers,False,True,False,False,2013-09-01,2015-04-30,1
100583,Mosede BK,Mosede BK,games,False,False,True,False,2022-08-04,2022-08-04,1
100584,Saaby FB,Saaby FB | Saaby Fodbold,games | transfers,False,True,True,False,2022-08-02,2025-07-01,2
100585,Tune IF,Tune IF,games,False,False,True,False,2022-08-04,2025-09-03,1
100586,,,games,False,False,True,False,2022-08-02,2022-08-02,0
100596,Rangers Youth,Rangers Youth,transfers,False,True,False,False,2019-07-01,2019-07-01,1
100597,Hibernian Yth.,Hibernian Yth.,transfers,False,True,False,False,2023-07-01,2023-07-01,1
100599,Dundee Utd. Yh.,Dundee Utd. Yh.,transfers,False,True,False,False,2023-07-01,2023-07-01,1
100606,Aberdeen Youth,Aberdeen Youth,transfers,False,True,False,False,2019-07-01,2023-07-01,1
100630,,,games,False,False,True,False,2022-10-19,2022-10-19,0
100713,St-Priest B,St-Priest B,transfers,False,True,False,False,2017-07-01,2017-07-01,1
100715,TSV Eching Jgd.,TSV Eching Jgd.,transfers,False,True,False,False,2003-07-01,2003-07-01,1
100716,Freising Jgd.,Freising Jgd.,transfers,False,True,False,False,2012-07-01,2012-07-01,1
100805,AO Chaniotis,AO Chaniotis,games,False,False,True,False,2023-08-27,2023-09-13,1
100931,Chadormalu SC,Chadormalu SC,transfers,False,True,False,False,2025-01-29,2025-07-27,1
100982,Ada U15,Ada U15,transfers,False,True,False,False,2015-08-21,2015-08-21,1
101052,Kamigaku HS,Kamigaku HS,transfers,False,True,False,False,2023-01-15,2023-01-15,1
101253,SShOR 8,SShOR 8,transfers,False,True,False,False,2016-09-01,2020-08-27,1
101273,AE Kydonias,AE Kydonias,games,False,False,True,False,2024-09-08,2024-09-08,1
101278,Dyn. Brest U17,Dyn. Brest U17,transfers,False,True,False,False,2021-01-01,2021-01-01,1
101333,Muras United,Muras United,transfers,False,True,False,False,2025-07-08,2025-07-08,1
101362,PFC Zvyagel,PFC Zvyagel | PFK Zvyagel,games | transfers,False,True,True,False,2022-07-12,2025-06-30,2
101401,Asteras Kesarianis,Asteras Kesarianis | Ethnikos,games | transfers,False,True,True,False,2023-08-27,2025-09-19,2
101419,Estrela U23,CF Estrela U23 | Estrela U23,transfers,False,True,False,False,2022-07-01,2026-06-30,2
101576,2DROTS Moskau,2DROTS | 2DROTS Moskau,games | transfers,False,True,True,False,2022-08-17,2025-08-20,2
101577,Amkal Moskau,Amkal Moskau,games,False,False,True,False,2022-08-16,2025-09-25,1
101578,Zhasmin Mikhaylovsk,Zhasmin Mikhaylovsk,games,False,False,True,False,2022-08-31,2022-08-31,1
101579,Nefis Kazan,Nefis Kazan,games,False,False,True,False,2022-08-17,2022-08-17,1
101580,Peresvet-Trekhgorka Domodedovo,Peresvet-Trekhgorka Domodedovo,games,False,False,True,False,2022-08-18,2022-08-18,1
101581,SSh-7 Karelia,SSh-7 Karelia,games,False,False,True,False,2022-08-17,2022-08-17,1
101582,Temp Barnaul,Temp Barnaul,games,False,False,True,False,2022-08-17,2025-09-10,1
101634,FC Khust,FC Khust | FK Khust,games | transfers,False,True,True,False,2023-08-02,2024-09-04,2
101648,CD Extremadura 1924,CD Extremadura 1924,games,False,False,True,False,2024-10-30,2025-12-04,1
101649,Ismaning U17,Ismaning U17,transfers,False,True,False,False,2016-07-01,2016-07-01,1
101650,Sielmingen Jgd.,Sielmingen Jgd.,transfers,False,True,False,False,2014-07-01,2014-07-01,1
101702,AS Mansa,AS Mansa,transfers,False,True,False,False,2022-08-03,2022-08-03,1
101808,Asteras Stavrou,Asteras Stavrou,games,False,False,True,False,2022-08-31,2024-09-08,1
101813,PAOK Kristonis,PAOK Kristonis,games,False,False,True,False,2022-10-02,2023-08-27,1
101815,Aris Petinou,Aris Petinou,games,False,False,True,False,2022-08-31,2022-08-31,1
101818,PAO Koutseliou,PAO Koutseliou,games,False,False,True,False,2022-08-31,2022-08-31,1
101819,,,games,False,False,True,False,2022-08-31,2022-08-31,0
101851,AFC Blackpool,AFC Blackpool,transfers,False,True,False,False,2021-08-01,2022-07-01,1
101918,Kremin-2,Kremin-2,transfers,False,True,False,False,2021-08-27,2021-08-27,1
101928,Marrazes For.,Marrazes For.,transfers,False,True,False,False,2000-07-01,2017-07-01,1
102042,Karpaty-2 Lviv,Karpaty-2 Lviv,transfers,False,True,False,False,2022-08-25,2024-08-08,1
102180,Quick U18,Quick U18,transfers,False,True,False,False,2022-07-01,2022-07-01,1
102196,Fazenda Chernivtsi,Fazenda Chernivtsi,games,False,False,True,False,2023-07-29,2025-08-23,1
102209,Sevilla FC U16,Sevilla FC U16,transfers,False,True,False,False,2011-07-01,2023-07-01,1
102243,Turégano CF,Turégano CF,games,False,False,True,False,2022-10-19,2023-11-01,1
102249,CD Fuentes,CD Fuentes,games,False,False,True,False,2022-10-19,2022-11-12,1
102250,,,games,False,False,True,False,2022-10-19,2022-10-19,0
102251,CD Cazalegas,CD Cazalegas,games,False,False,True,False,2022-10-19,2022-11-13,1
102261,Universitario FC Las Palmas,Universitario FC Las Palmas,games,False,False,True,False,2022-10-19,2025-10-04,1
102351,HB Abuja,HB Abuja,transfers,False,True,False,False,2023-03-01,2023-03-01,1
102355,Shturm Ivankiv,Shturm Ivankiv | Shturm Ivankiv (- 2024),games | transfers,False,True,True,False,2023-07-29,2024-01-01,2
102357,Druzhba Myrivka,Druzhba Myrivka,games | transfers,False,True,True,False,2022-09-15,2024-07-24,1
102358,FK Vilkhivtsi,FK Vilkhivtsi,transfers,False,True,False,False,2023-04-06,2023-07-18,1
102361,Agron OTG,Agron OTG | Agron Velyki Gai OTG,games | transfers,False,True,True,False,2016-01-01,2025-08-10,2
102511,IF Elfsborg Jgd,IF Elfsborg Jgd,transfers,False,True,False,False,2015-01-01,2015-01-01,1
102513,Malmö FF Jgd.,Malmö FF Jgd.,transfers,False,True,False,False,2021-01-01,2021-01-01,1
102514,AIK Yth.,AIK Yth.,transfers,False,True,False,False,2020-01-01,2020-01-01,1
102517,IFK Yth.,IFK Yth.,transfers,False,True,False,False,2024-03-27,2024-03-27,1
102652,RW Salem Jgd.,RW Salem Jgd.,transfers,False,True,False,False,2015-07-01,2015-07-01,1
102722,Mercantil Yth.,Mercantil Yth.,transfers,False,True,False,False,2020-02-01,2020-07-01,1
102734,Sant Just Yth.,Sant Just Yth.,transfers,False,True,False,False,2017-07-01,2021-07-01,1
102743,Composite Pavlovskiy Posad,Composite Pavlovskiy Posad,games,False,False,True,False,2023-08-02,2024-10-15,1
103271,CD Monte Santander,CD Monte Santander,games,False,False,True,False,2023-10-12,2023-10-12,1
103386,P. Brandão Fo.,P. Brandão Fo.,transfers,False,True,False,False,2002-07-01,2002-07-01,1
103390,Fiães Fo.,Fiães Fo.,transfers,False,True,False,False,2011-07-01,2011-07-01,1
103399,Repesenses Fo.,Repesenses Fo.,transfers,False,True,False,False,2014-07-01,2015-08-01,1
103413,Freamunde U15,Freamunde U15,transfers,False,True,False,False,2005-07-01,2007-07-01,1
103414,Freamunde X,Freamunde X,transfers,False,True,False,False,2005-07-01,2005-07-01,1
103429,CF Benfica Fo.,CF Benfica Fo.,transfers,False,True,False,False,2004-07-01,2014-01-01,1
103697,Maguary,Maguary,transfers,False,True,False,False,2023-07-06,2023-07-25,1
103824,Gulf United FC,Gulf United FC,transfers,False,True,False,False,2025-09-26,2026-02-04,1
103966,North EC-MG,North EC-MG,transfers,False,True,False,False,2026-01-05,2026-01-05,1
103980,Fabril U15,Fabril U15,transfers,False,True,False,False,2020-07-01,2022-07-01,1
103984,Fabril Youth,Fabril Youth,transfers,False,True,False,False,2020-07-01,2020-07-01,1
104055,Valdevez U19,Valdevez U19,transfers,False,True,False,False,2007-07-01,2007-07-01,1
104091,PEJ - AD,PEJ - AD,transfers,False,True,False,False,2014-07-01,2014-07-01,1
104214,Almada U17,Almada U17,transfers,False,True,False,False,2015-07-01,2016-07-01,1
104222,Almada U15,Almada U15,transfers,False,True,False,False,2014-07-01,2015-07-01,1
104232,Alta Lisboa Fo.,Alta Lisboa Fo.,transfers,False,True,False,False,2012-07-01,2012-07-01,1
104274,Galvez-AC U20,Galvez-AC U20,transfers,False,True,False,False,2023-08-16,2023-08-31,1
104275,Hercílio-SC U20,Hercílio-SC U20,transfers,False,True,False,False,2024-01-28,2024-01-28,1
104460,Santos U17,Santos U17 | Santos U18,transfers,False,True,False,False,2023-01-01,2024-07-01,2
104463,Monterrey U17,Monterrey U17,transfers,False,True,False,False,2012-07-01,2014-07-01,1
104467,Toluca U17,Toluca U17,transfers,False,True,False,False,2011-07-01,2012-07-01,1
104498,San Luis FC U17,San Luis FC U17,transfers,False,True,False,False,2011-07-01,2013-07-01,1
104499,San Luis Jugend,San Luis Jugend,transfers,False,True,False,False,2011-07-01,2011-07-01,1
104602,CAC U15,CAC U15,transfers,False,True,False,False,2012-07-01,2014-07-01,1
104668,MFA Munkach U19,MFA Munkach U19,transfers,False,True,False,False,2017-03-01,2017-08-01,1
104746,Chersonisos,Chersonisos,transfers,False,True,False,False,2025-07-02,2025-07-02,1
105167,Joseense-PR U20,Joseense-PR U20,transfers,False,True,False,False,2023-01-01,2023-01-01,1
105579,Beylikdüzü Yth,Beylikdüzü Jgd. | Beylikdüzü Yth,transfers,False,True,False,False,2016-02-19,2019-09-03,2
105584,Granitis Agias Marinas,Granitis Agias Marinas,games,False,False,True,False,2023-08-27,2023-08-27,1
105619,Sen. Hora S17,Sen. Hora S17,transfers,False,True,False,False,2005-07-01,2006-07-01,1
105620,Sen. Hora S15,Sen. Hora S15,transfers,False,True,False,False,2003-07-01,2005-07-01,1
105621,Sen. Hora For.,Sen. Hora For.,transfers,False,True,False,False,2003-07-01,2003-07-01,1
105712,CD Gévora,CD Gévora,games,False,False,True,False,2024-10-09,2024-10-31,1
105819,Avangard Lozova,Avangard Lozova,games | transfers,False,True,True,False,2025-03-04,2025-09-19,1
105844,VfR Mannh. Jgd.,VfR Mannh. Jgd.,transfers,False,True,False,False,2018-07-01,2020-07-01,1
106013,Ivoire FC,Ivoire FC,transfers,False,True,False,False,2023-08-29,2024-07-01,1
106131,Dnipro-75,Dnipro-75,transfers,False,True,False,False,2008-01-01,2009-01-01,1
106158,O. Bairro S17,O. Bairro S17,transfers,False,True,False,False,2008-07-01,2010-07-01,1
106159,O. Bairro S15,O. Bairro S15,transfers,False,True,False,False,2006-07-01,2008-07-01,1
106160,O. Bairro Fo.,O. Bairro Fo.,transfers,False,True,False,False,2006-07-01,2006-07-01,1
106217,1.JFS Köln Jgd.,1.JFS Köln Jgd.,transfers,False,True,False,False,2007-07-01,2007-07-01,1
106295,Olymp. Lyon U17,Olymp. Lyon U17,transfers,False,True,False,False,2013-07-01,2021-07-01,1
106440,Taboeira U15,Taboeira U15,transfers,False,True,False,False,2007-07-01,2010-07-01,1
106441,Taboeira Form.,Taboeira Form.,transfers,False,True,False,False,2006-07-01,2008-07-01,1
106461,U. Tomar S17,U. Tomar S17,transfers,False,True,False,False,2015-07-01,2016-07-01,1
106694,UA Horta Yth.,UA Horta Yth.,transfers,False,True,False,False,2018-07-01,2018-07-01,1
106827,Povoense Fo.,Povoense Fo.,transfers,False,True,False,False,2011-07-01,2016-07-01,1
107198,Bilbao U18,Bilbao U18,transfers,False,True,False,False,2007-07-01,2022-07-01,1
107339,Rukh U17,Rukh U17,transfers,False,True,False,False,2019-09-06,2024-07-22,1
107439,Sandhofen Jgd.,Sandhofen Jgd.,transfers,False,True,False,False,2018-07-01,2018-07-01,1
107473,Atlético Palma del Río CF,Atlético Palma del Río CF,games,False,False,True,False,2025-09-27,2025-10-30,1
107563,Yalova FK 77 SK,Yalova FK 77 SK,transfers,False,True,False,False,2025-08-31,2026-06-30,1
107690,AS Monaco U17,AS Monaco U17,transfers,False,True,False,False,2007-07-01,2023-07-01,1
107691,LOSC Lille U17,LOSC Lille U17,transfers,False,True,False,False,2022-07-01,2023-07-01,1
107692,Marseille U17,Marseille U17,transfers,False,True,False,False,2019-07-01,2023-07-01,1
107721,Rennes U17,Rennes U17,transfers,False,True,False,False,2009-08-01,2020-07-01,1
107728,OGC Nice U17,OGC Nice U17,transfers,False,True,False,False,2020-07-01,2022-07-01,1
107729,Montpellier U17,Montpellier U17,transfers,False,True,False,False,2020-07-01,2022-07-01,1
107748,Toulouse FC U17,Toulouse FC U17,transfers,False,True,False,False,2018-07-01,2023-07-01,1
107750,Brest 29 U17,Brest 29 U17,transfers,False,True,False,False,2012-07-01,2022-07-01,1
107755,Clermont 63 U17,Clermont 63 U17,transfers,False,True,False,False,2019-07-01,2023-01-01,1
107780,FC Sochaux U17,FC Sochaux U17,transfers,False,True,False,False,2009-07-01,2023-07-01,1
107820,SM Caen Jugend,SM Caen Jugend,transfers,False,True,False,False,2003-07-01,2004-07-01,1
107821,Paris FC U17,Paris FC U17,transfers,False,True,False,False,2021-07-01,2022-07-01,1
107822,VAFC U17,VAFC U17,transfers,False,True,False,False,2021-07-01,2022-07-01,1
107844,Dijon FCO U17,Dijon FCO U17,transfers,False,True,False,False,2018-07-01,2018-07-01,1
107845,Grenoble 38 U17,Grenoble 38 U17,transfers,False,True,False,False,2005-01-01,2007-01-01,1
107848,Grenoble Jugend,Grenoble Jugend,transfers,False,True,False,False,2005-01-01,2005-01-01,1
107881,Nîmes Jugend,Nîmes Jugend,transfers,False,True,False,False,2021-07-01,2021-07-01,1
107884,Nîmes U17,Nîmes U17,transfers,False,True,False,False,2021-07-01,2022-07-01,1
107917,US Orléans U17,US Orléans U17,transfers,False,True,False,False,2021-07-01,2021-07-01,1
108020,SC Bastia U17,SC Bastia U17,transfers,False,True,False,False,2006-07-01,2008-07-01,1
108021,Bastia Jugend,Bastia Jugend,transfers,False,True,False,False,2003-07-01,2006-07-01,1
108267,Odivelas Sub-15,Odivelas Sub-15,transfers,False,True,False,False,2010-07-01,2011-07-01,1
108280,Le Havre Youth,Le Havre Youth,transfers,False,True,False,False,2018-07-01,2020-07-01,1
108323,Monterrey II,Monterrey II,transfers,False,True,False,False,2011-07-01,2012-07-01,1
108355,FC Rouen Jugend,FC Rouen Jugend,transfers,False,True,False,False,2011-07-01,2018-07-01,1
108389,Istres FC U17,Istres FC U17,transfers,False,True,False,False,2007-07-01,2021-07-01,1
108390,Istres Jugend,Istres Jugend,transfers,False,True,False,False,2007-07-01,2007-07-01,1
108442,Malveira Form.,Malveira Form.,transfers,False,True,False,False,2012-07-01,2012-07-01,1
108524,Andrézieux Jgd,Andrézieux Jgd,transfers,False,True,False,False,2019-07-01,2021-07-01,1
108529,Paris 13 Jugend,Paris 13 Jugend,transfers,False,True,False,False,2016-07-01,2016-07-01,1
108585,AS Nancy Jugend,AS Nancy Jugend,transfers,False,True,False,False,2012-07-01,2012-07-01,1
108799,Montrouge Jgd,Montrouge Jgd,transfers,False,True,False,False,2008-07-01,2021-07-01,1
108867,,,games,False,False,True,False,2025-09-27,2025-10-04,0
108888,ASJA Jugend,ASJA Jugend,transfers,False,True,False,False,2017-07-01,2019-07-01,1
108912,AS Muret U17,AS Muret U17,transfers,False,True,False,False,2020-07-01,2021-07-01,1
108913,AS Muret Jugend,AS Muret Jugend,transfers,False,True,False,False,2020-07-01,2020-07-01,1
108949,Marinhense For.,Marinhense For.,transfers,False,True,False,False,2015-07-01,2015-07-01,1
109019,Saint-Cyr U19,Saint-Cyr U19,transfers,False,True,False,False,2022-07-01,2022-07-01,1
109027,Saint-Cyr Jgd,Saint-Cyr Jgd,transfers,False,True,False,False,2015-07-01,2020-07-01,1
109237,EFAFC U17,EFAFC U17,transfers,False,True,False,False,2022-07-01,2022-07-01,1
109240,Le Puy Foot Jgd,Le Puy Foot Jgd,transfers,False,True,False,False,2018-07-01,2020-07-01,1
109255,Saulheim Jgd.,Saulheim Jgd.,transfers,False,True,False,False,2011-07-01,2011-07-01,1
109335,Panserraik. U17,Panserraik. U17,transfers,False,True,False,False,2025-07-01,2025-07-01,1
109386,RC Hades Jeugd,RC Hades Jeugd,transfers,False,True,False,False,2015-07-01,2016-07-01,1
109389,Inter Dnipro,Inter Dnipro,transfers,False,True,False,False,2019-08-01,2019-08-01,1
109406,Waldang. Jgd.,Waldang. Jgd.,transfers,False,True,False,False,2009-07-01,2009-07-01,1
109443,AS Aix Jugend,AS Aix Jugend,transfers,False,True,False,False,2007-07-01,2007-07-01,1
109466,Montferrand Jgd,Montferrand Jgd,transfers,False,True,False,False,2018-07-01,2018-07-01,1
109479,Future Falcons,Future Falcons,transfers,False,True,False,False,2021-07-01,2022-02-28,1
109515,Akron-2,Akron-2,transfers,False,True,False,False,2023-07-01,2025-07-11,1
109516,Pobeda Khasavyurt,Pobeda Khasavyurt,games,False,False,True,False,2023-08-23,2025-08-20,1
109709,SSh Leningradets,SSh Leningradets,games,False,False,True,False,2024-07-31,2025-08-06,1
109882,Ak. Torpedo M.,Ak. Torpedo M.,transfers,False,True,False,False,2021-05-15,2023-01-01,1
109967,AE Dimitsanas,AE Dimitsanas,games,False,False,True,False,2023-08-27,2023-08-27,1
109968,AO Dilinaton,AO Dilinaton,games,False,False,True,False,2023-08-27,2023-08-27,1
109973,,,games,False,False,True,False,2023-08-27,2023-08-27,0
110097,Montfermeil Jgd,Montfermeil Jgd,transfers,False,True,False,False,2019-07-01,2019-07-01,1
110302,Avs Futebol,Avs FS | Avs Futebol,clubs | games | transfers,True,True,True,False,2023-07-01,2026-05-16,2
110316,"Nerashté, Ballerup","Nerashté, Ballerup",games,False,False,True,False,2024-08-14,2025-08-07,1
110388,SK Vilkhivtsi,SC Vilkhivtsi (Zakarpattya Oblast) | SK Vilkhivtsi,games | transfers,False,True,True,False,2023-04-25,2025-08-23,2
110413,LNZ U19,LNZ U19,transfers,False,True,False,False,2024-07-22,2026-06-30,1
110422,SC Tours Nord,SC Tours Nord,transfers,False,True,False,False,2015-07-01,2015-07-01,1
110458,Santos U23,Santos U23,transfers,False,True,False,False,2024-07-01,2025-02-04,1
110586,UCSA,UCSA | UCSA Tarasivka,games | transfers,False,True,True,False,2023-07-29,2026-02-07,2
110658,,,games,False,False,True,False,2023-08-12,2023-08-12,0
110983,Santa Clara U23,Santa Clara U23,transfers,False,True,False,False,2024-07-01,2025-02-04,1
111037,Granada CF C,Granada CF C,transfers,False,True,False,False,2023-07-01,2024-01-01,1
111182,Probiy Gorodenka,Probiy | Probiy Gorodenka,games | transfers,False,True,True,False,2024-08-04,2026-01-24,2
111237,Kirovets-Voskhozhdenie St. Petersburg,Kirovets-Voskhozhdenie St. Petersburg,games,False,False,True,False,2023-08-02,2024-08-01,1
111238,Rodina Media Moskau,Rodina Media Moskau,games,False,False,True,False,2023-08-02,2023-08-02,1
111239,Orgenergostroy Dimitrovgrad,Orgenergostroy Dimitrovgrad,games,False,False,True,False,2023-08-02,2024-07-30,1
111240,Universitet Uljanovsk,Universitet Uljanovsk,games,False,False,True,False,2023-08-02,2023-08-23,1
111271,Rukh-2 Lviv,Rukh 2 Lviv | Rukh-2 Lviv,transfers,False,True,False,False,2023-07-01,2025-07-24,2
111469,CF Badalona Futur,CF Badalona Futur,games,False,False,True,False,2023-11-01,2024-10-30,1
111989,Micri Calcio,Micri Calcio,transfers,False,True,False,False,2022-07-08,2022-07-08,1
112110,Kulykiv-Bilka,FC Kulykiv-Bilka | Kulykiv-Bilka,games | transfers,False,True,True,False,2024-08-03,2026-01-01,2
112114,Penuel,Penuel | Penuel Kryvyi Rig,games | transfers,False,True,True,False,2025-08-24,2026-06-30,2
112192,Medialiga,Medialiga,transfers,False,True,False,False,2025-01-15,2025-09-08,1
112212,TNS Youth,TNS Youth,transfers,False,True,False,False,2016-07-01,2016-07-01,1
112410,Bourges Jugend,Bourges Jugend,transfers,False,True,False,False,2022-07-01,2022-07-01,1
112466,Joinville Jgd,Joinville Jgd,transfers,False,True,False,False,2014-04-01,2016-07-01,1
112611,TST Fodbold,TST Fodbold,games,False,False,True,False,2023-08-09,2023-09-26,1
112612,Gug B,Gug B,games,False,False,True,False,2023-08-09,2024-08-06,1
112615,Köge Union,Köge Union,games,False,False,True,False,2023-08-09,2023-08-09,1
112716,Boreale Gio.,Boreale Gio.,transfers,False,True,False,False,2012-07-01,2012-07-01,1
112751,CF Tardienta,CF Tardienta,games,False,False,True,False,2023-10-12,2023-11-01,1
112752,CD Zirauki,CD Zirauki,games,False,False,True,False,2023-10-12,2023-10-12,1
112753,Deportivo Murcia FC,Deportivo Murcia FC,games,False,False,True,False,2023-10-12,2023-11-02,1
112754,CD Sauzal,CD Sauzal,games,False,False,True,False,2023-10-12,2023-10-12,1
112755,CU Zona Norte,CU Zona Norte,games,False,False,True,False,2023-10-12,2023-10-12,1
112772,Be Sport,Be Sport,transfers,False,True,False,False,2021-07-01,2022-07-01,1
112811,Ohod Club U19,Ohod Club U19,transfers,False,True,False,False,2021-07-01,2021-07-01,1
113003,CSKA-Sofia U17,CSKA-Sofia U17,transfers,False,True,False,False,2020-01-30,2020-01-30,1
113013,AS U15,AS U15,transfers,False,True,False,False,2013-08-17,2013-08-17,1
113294,AJEL Rufisque,AJEL Rufisque,transfers,False,True,False,False,2022-07-01,2023-02-12,1
113470,FCO Ruelle Jgd,FCO Ruelle Jgd,transfers,False,True,False,False,2021-07-01,2021-07-01,1
113574,Feriköy Jgd,Feriköy Jgd,transfers,False,True,False,False,2023-08-24,2023-08-24,1
114172,St-Denis US Jgd,St-Denis US Jgd,transfers,False,True,False,False,2008-07-01,2008-07-01,1
114872,Palmira U17,Palmira U17,transfers,False,True,False,False,2022-01-01,2023-07-26,1
114877,Minaj U17,Minaj U17,transfers,False,True,False,False,2021-03-05,2021-07-28,1
114878,M 1925 U17,M 1925 U17,transfers,False,True,False,False,2022-08-01,2022-08-01,1
114879,Veres Rivne U17,Veres Rivne U17,transfers,False,True,False,False,2015-08-28,2025-01-01,1
114880,Polissya U17,Polissya U17,transfers,False,True,False,False,2022-07-12,2022-07-12,1
114881,Obolon Kyiv U17,Obolon Kyiv U17,transfers,False,True,False,False,2017-07-01,2024-07-01,1
114972,DYuSSh-11,DYuSSh-11,transfers,False,True,False,False,2009-04-01,2024-08-08,1
114977,San Diego Football Club,San Diego Football Club,clubs | games,True,False,True,False,2025-02-24,2026-05-24,1
115506,Khadzhybey,Khadzhybey,transfers,False,True,False,False,2025-09-03,2025-09-03,1
115507,DVUFK,DVUFK,transfers,False,True,False,False,2006-07-01,2023-01-01,1
115511,Yunist,Yunist,transfers,False,True,False,False,2021-08-10,2024-03-28,1
115512,Obriy,Obriy,transfers,False,True,False,False,2003-07-01,2004-07-01,1
115579,FC Nikopol,FC Nikopol,transfers,False,True,False,False,2009-07-01,2010-01-01,1
115658,P. Frielas S15,P. Frielas S15,transfers,False,True,False,False,2010-07-01,2010-07-01,1
115770,Coleraine U18,Coleraine U18,transfers,False,True,False,False,2018-07-01,2018-07-01,1
115855,Cliftonv. U18,Cliftonv. U18,transfers,False,True,False,False,2008-07-01,2008-07-01,1
116290,Dolayoba Jgd,Dolayoba Jgd,transfers,False,True,False,False,2023-03-24,2023-08-24,1
116430,Pfingstb. Jgd.,Pfingstb. Jgd.,transfers,False,True,False,False,2003-07-01,2003-07-01,1
116735,Pari NN 2,Pari NN 2,transfers,False,True,False,False,2024-01-01,2025-02-18,1
116768,Emordi Youth FA,Emordi Youth FA,transfers,False,True,False,False,2018-01-01,2018-01-01,1
116786,Sokol Kazan,Sokol Kazan,games,False,False,True,False,2024-08-01,2024-08-21,1
116854,Beauvais U17,Beauvais U17,transfers,False,True,False,False,2004-07-01,2005-07-01,1
117160,Palaiseau Jgd.,Palaiseau Jgd.,transfers,False,True,False,False,2017-07-01,2017-07-01,1
117320,Ojodu City,Ojodu City,transfers,False,True,False,False,2024-08-31,2024-08-31,1
117444,G. Gwangju ES,G. Gwangju ES,transfers,False,True,False,False,2020-02-01,2020-02-01,1
117524,Vorskla-2,Vorskla-2,transfers,False,True,False,False,2024-07-01,2025-08-13,1
117533,Stroitel Kamensk-Shakhtinskiy,Stroitel Kamensk-Shakhtinskiy,games,False,False,True,False,2024-08-20,2024-08-20,1
117795,Real Ávila Yth.,Real Ávila Yth.,transfers,False,True,False,False,2010-07-01,2010-07-01,1
118259,Gernsheim Jgd.,Gernsheim Jgd.,transfers,False,True,False,False,2017-07-01,2017-07-01,1
118344,Dinamo M. Youth,Dinamo M. Youth,transfers,False,True,False,False,2020-01-01,2020-01-01,1
118346,Krasnodar Youth,Krasnodar Youth,transfers,False,True,False,False,2022-01-01,2023-07-01,1
118353,ZSKA M. Youth,ZSKA M. Youth,transfers,False,True,False,False,2011-07-01,2021-07-01,1
118373,Auckland FC,Auckland FC,clubs | games,True,False,True,False,2024-10-19,2026-04-26,1
118439,Galaxy Sport,Galaxy Sport,transfers,False,True,False,False,2020-07-01,2020-07-01,1
118658,Götaholms BK,Götaholms BK,transfers,False,True,False,False,2020-11-13,2022-08-01,1
118796,Revera 1908,Revera 1908 | Revera 1908 Ivano-Frankivsk,games | transfers,False,True,True,False,2024-03-21,2024-08-03,2
118971,Jimmy FA,Jimmy FA,transfers,False,True,False,False,2021-07-21,2022-10-02,1
118989,Arabian Falcons,Arabian Falcons,transfers,False,True,False,False,2025-09-28,2025-09-28,1
119131,Erdemli Jgd.,Erdemli Jgd.,transfers,False,True,False,False,2019-09-06,2019-09-06,1
119229,Thyella Chalkiou,Thyella Chalkiou,games,False,False,True,False,2024-09-09,2024-09-09,1
119323,FC KIA Youth,FC KIA Youth,transfers,False,True,False,False,2018-07-01,2018-07-01,1
119393,Y. Bozok Jugend,Y. Bozok Jugend,transfers,False,True,False,False,2018-10-12,2018-10-12,1
119748,Vitkovice Yth.,Vitkovice Yth.,transfers,False,True,False,False,2000-04-06,2006-07-01,1
119780,Polissya-2,Polissya 2 | Polissya-2,transfers,False,True,False,False,2024-03-08,2025-07-18,2
119901,FC Angré City,FC Angré City,transfers,False,True,False,False,2024-01-01,2024-07-04,1
120198,,,games,False,False,True,False,2024-10-09,2024-10-09,0
120273,Oleksandriya-2,Oleksandriya 2 | Oleksandriya-2,transfers,False,True,False,False,2024-07-01,2025-08-27,2
120348,,,games,False,False,True,False,2024-10-09,2024-10-09,0
120394,Karpaty U19,Karpaty U19,transfers,False,True,False,False,2024-07-01,2025-02-18,1
120412,Livyi Bereg-2,Livyi Bereg-2,transfers,False,True,False,False,2025-07-01,2025-07-25,1
120577,UD Playas de Sotavento,UD Playas de Sotavento,games,False,False,True,False,2024-10-09,2024-10-09,1
120578,,,games,False,False,True,False,2024-10-09,2024-10-09,0
120579,Ontiñena CF,Ontiñena CF,games,False,False,True,False,2024-10-09,2024-10-31,1
120646,Agrotekh Tyshkivka,Agrotekh Tyshkivka,games,False,False,True,False,2025-08-23,2025-10-30,1
120649,Asteras Aktor B,Asteras Aktor B,transfers,False,True,False,False,2024-08-11,2025-09-10,1
120839,Kolos-2,Kolos 2 | Kolos-2,transfers,False,True,False,False,2024-07-01,2026-02-17,2
120872,DragonForce U15,DragonForce U15,transfers,False,True,False,False,2018-07-01,2019-07-01,1
120999,Scharnh. Jgd.,Scharnh. Jgd.,transfers,False,True,False,False,2013-07-01,2013-07-01,1
121097,Broke Boys Moscow,Broke Boys Moscow,games,False,False,True,False,2024-07-31,2025-09-23,1
121098,Anri Vladivostok,Anri Vladivostok,games,False,False,True,False,2024-07-31,2025-08-07,1
121099,ZOV Moscow,ZOV Moscow,games,False,False,True,False,2024-08-01,2024-08-01,1
121100,SShOR-1 Kristall St. Petersburg,SShOR-1 Kristall St. Petersburg,games,False,False,True,False,2024-07-31,2025-08-07,1
121141,OCPAM 08,OCPAM 08,transfers,False,True,False,False,2025-07-23,2025-07-23,1
121262,Ürgüpspor Yth,Ürgüpspor Yth,transfers,False,True,False,False,2019-03-25,2019-03-25,1
121301,Livyi Bereg U19,Livyi Bereg U19,transfers,False,True,False,False,2024-07-01,2025-07-01,1
121302,Livyi Bereg U17,Livyi Bereg U17,transfers,False,True,False,False,2023-07-01,2024-07-01,1
121311,Metalurg U17,Metalurg U17,transfers,False,True,False,False,2019-04-10,2021-08-01,1
121312,Nyva U17,Nyva U17,transfers,False,True,False,False,2020-07-01,2020-07-01,1
121315,Skala 1911 U17,Skala 1911 U17,transfers,False,True,False,False,2024-06-14,2024-06-14,1
121316,Lokomotyv U17,Lokomotyv U17,transfers,False,True,False,False,2020-07-01,2021-08-19,1
121319,Atlet Kyiv U17,Atlet Kyiv U17,transfers,False,True,False,False,2009-08-01,2010-01-01,1
121446,Kabadüz Bld,Kabadüz Bld,transfers,False,True,False,False,2023-03-15,2024-09-13,1
121583,Kaskad Brovary,Kaskad Brovary,transfers,False,True,False,False,2019-07-01,2021-01-01,1
121598,UOR Donetsk,UOR Donetsk,transfers,False,True,False,False,2006-07-01,2008-07-01,1
121621,DYuSSh-26,DYuSSh-26,transfers,False,True,False,False,2018-07-01,2023-07-27,1
121775,F.C. Gladsaxe,F.C. Gladsaxe,games,False,False,True,False,2024-08-07,2024-08-07,1
121776,LKB/Gistrup,LKB/Gistrup,games,False,False,True,False,2024-08-06,2024-08-06,1
121777,AC Football Club,AC Football Club,games,False,False,True,False,2024-08-06,2024-09-10,1
121778,Lemming IF,Lemming IF,games,False,False,True,False,2024-08-07,2024-08-07,1
121857,,,games,False,False,True,False,2024-09-08,2024-09-08,0
121858,PAS Spartis,PAS Spartis,games,False,False,True,False,2024-09-01,2024-09-01,1
121859,,,games,False,False,True,False,2024-09-07,2024-09-07,0
121966,CD Villamuriel,CD Villamuriel,games,False,False,True,False,2024-10-09,2024-10-29,1
121987,DYuSSh-1 Kyiv,DYuSSh-1 Kyiv,transfers,False,True,False,False,2023-07-01,2023-07-01,1
122007,Rebel Kyiv,Rebel Kyiv,games,False,False,True,False,2025-08-25,2025-08-25,1
122048,Zwaluwen Jgd.,Zwaluwen Jgd.,transfers,False,True,False,False,2016-07-01,2016-07-01,1
122057,Usivka,Usivka,transfers,False,True,False,False,2023-01-01,2023-07-13,1
122130,FAPF U17,FAPF U17,transfers,False,True,False,False,2022-01-01,2023-01-01,1
122131,AlexArt FA,AlexArt FA,transfers,False,True,False,False,2023-01-01,2024-08-14,1
122182,FA Arsenal Kyiv,FA Arsenal Kyiv,transfers,False,True,False,False,2020-07-01,2023-01-01,1
122257,FA Ternopil,FA Ternopil,transfers,False,True,False,False,2021-01-01,2021-07-23,1
122322,Westerlo U21,Westerlo U21,transfers,False,True,False,False,2025-07-01,2026-06-30,1
122422,AE Agiou Dimitriou,AE Agiou Dimitriou,games,False,False,True,False,2024-09-01,2024-09-01,1
122524,CF Inter de Valdemoro,CF Inter de Valdemoro,games,False,False,True,False,2025-09-27,2025-10-28,1
122826,Zbro. Brno Yth.,Zbro. Brno Yth.,transfers,False,True,False,False,2016-08-08,2017-03-31,1
122979,Sakaryagücü Jgd,Sakaryagücü Jgd,transfers,False,True,False,False,2014-10-17,2014-10-17,1
122981,Erkilet Jgd,Erkilet Jgd,transfers,False,True,False,False,2019-02-20,2019-02-20,1
123043,Dumlupinar,Dumlupinar,transfers,False,True,False,False,2023-10-04,2024-03-22,1
123044,Sulusaray Bld,Sulusaray Bld,transfers,False,True,False,False,2022-10-20,2023-03-15,1
123045,,,games,False,False,True,False,2024-10-09,2024-10-09,0
123124,JS Ajaccio For.,JS Ajaccio For.,transfers,False,True,False,False,2003-07-01,2003-07-01,1
123253,Bdüzü Demir Yth,Bdüzü Demir Yth,transfers,False,True,False,False,2020-02-21,2020-02-21,1
123357,Girona FC U18,Girona FC U18,transfers,False,True,False,False,2016-07-01,2025-07-01,1
123680,Palmira Odesa,Palmira Odesa,games,False,False,True,False,2025-08-09,2025-08-09,1
124229,JDFS Alberts Y.,JDFS Alberts Y.,transfers,False,True,False,False,2022-01-01,2022-01-01,1
124553,Shumbrat Saransk,Shumbrat Saransk,games,False,False,True,False,2025-08-05,2025-08-05,1
124613,Dukla Yth.,Dukla Yth.,transfers,False,True,False,False,2021-08-07,2022-07-01,1
124831,CMS Oissel Jgd.,CMS Oissel Jgd.,transfers,False,True,False,False,2016-07-01,2016-07-01,1
124895,Aritma Yth.,Aritma Yth.,transfers,False,True,False,False,2021-08-07,2021-08-07,1
124897,Lisen U17,Lisen U17,transfers,False,True,False,False,2017-03-31,2017-08-20,1
126882,Fethiye IY Jgd,Fethiye IY Jgd,transfers,False,True,False,False,2021-10-15,2023-08-23,1
126953,Guédiawaye U20,Guédiawaye U20,transfers,False,True,False,False,2019-07-01,2019-07-01,1
126959,Ada Gücü Jgd.,Ada Gücü Jgd.,transfers,False,True,False,False,2016-10-14,2016-10-14,1
127223,FC Trostyanets,FC Trostyanets,transfers,False,True,False,False,2024-08-23,2025-02-03,1
127419,Granollers Yth.,Granollers Yth.,transfers,False,True,False,False,2010-07-01,2010-07-01,1
128157,Arsenal-KBT U17,Arsenal-KBT U17,transfers,False,True,False,False,2019-07-01,2019-07-01,1
128170,Frydek Yth.,Frydek Yth.,transfers,False,True,False,False,2000-04-06,2000-04-06,1
128253,DYuSSh Gorpynka,DYuSSh Gorpynka,transfers,False,True,False,False,2023-07-28,2023-07-28,1
128785,KDV Tomsk,KDV Tomsk,games,False,False,True,False,2025-08-07,2025-09-11,1
129667,Mriya Gostomel,Mriya Gostomel,transfers,False,True,False,False,2025-03-26,2025-05-01,1
129864,Kolos Polonne,Kolos Polonne,games,False,False,True,False,2025-08-10,2025-09-24,1
130058,Yalova 77 Yth,Yalova 77 Yth,transfers,False,True,False,False,2025-09-16,2025-09-16,1
130249,Bad Aibling Jgd,Bad Aibling Jgd,transfers,False,True,False,False,2013-07-01,2013-07-01,1
130650,Huddersf. U23,Huddersf. U23,transfers,False,True,False,False,2017-07-01,2021-01-01,1
130991,SV Höntrop Jgd.,SV Höntrop Jgd.,transfers,False,True,False,False,2017-07-01,2017-07-01,1
131701,Bukovyna-2,Bukovyna-2,transfers,False,True,False,False,2025-07-23,2025-07-31,1
132095,Fankom Kirov,Fankom | Fankom Kirov,games | transfers,False,True,True,False,2025-08-20,2026-01-01,2
132096,Kristall-MEZT Borisoglebsk,Kristall-MEZT Borisoglebsk,games,False,False,True,False,2025-08-05,2025-09-24,1
132097,Real World Challenge St. Petersburg,Real World Challenge St. Petersburg,games,False,False,True,False,2025-08-05,2025-08-05,1
132258,CD Unión Malacitano,CD Unión Malacitano,games,False,False,True,False,2025-10-29,2025-10-29,1
132383,Karbon Cherkasy,Karbon Cherkasy,games,False,False,True,False,2025-08-09,2025-08-22,1
132384,Legiya Kyiv,Legiya Kyiv,games,False,False,True,False,2025-08-08,2025-08-08,1
132435,Lutsksantekhmontazh №536 Lutsk,Lutsksantekhmontazh №536 Lutsk,games,False,False,True,False,2025-08-09,2025-08-09,1
132438,NIKA SMK Bogodukhiv,NIKA SMK Bogodukhiv,games,False,False,True,False,2025-08-09,2025-08-09,1
132448,Mayak Sarny,Mayak Sarny,games,False,False,True,False,2025-08-22,2025-08-22,1
132719,Kormil Yavoriv,Kormil Yavoriv,games,False,False,True,False,2025-08-24,2025-08-24,1
132737,Nika-05,Nika-05,transfers,False,True,False,False,2017-10-01,2018-02-27,1
132806,Union Brescia,Union Brescia,transfers,False,True,False,False,2025-08-31,2026-01-26,1
132870,FC Novoukrainka,FC Novoukrainka,games,False,False,True,False,2025-08-08,2025-08-08,1
132873,IRON Zaporizhya,IRON Zaporizhya,games,False,False,True,False,2025-08-08,2025-08-23,1
132877,Dengoff Denykhivka,Dengoff | Dengoff Denykhivka,games | transfers,False,True,True,False,2025-08-07,2025-09-23,2
132890,Skibsby-Højene IF,Skibsby-Højene IF,games,False,False,True,False,2025-08-05,2025-08-05,1
132891,Skovsgaard B,Skovsgaard B,games,False,False,True,False,2025-08-05,2025-08-05,1
132892,Sködstrup SF,Sködstrup SF,games,False,False,True,False,2025-08-05,2025-08-05,1
132893,Aalholm IF,Aalholm IF,games,False,False,True,False,2025-08-05,2025-08-05,1
132894,Snejbjerg SG&I,Snejbjerg SG&I,games,False,False,True,False,2025-08-05,2025-08-05,1
132895,Nörager B,Nörager B,games,False,False,True,False,2025-08-05,2025-08-05,1
132899,Öresund Klubfodbold,Öresund Klubfodbold,games,False,False,True,False,2025-08-06,2025-08-06,1
132900,Thorsager-Rönde Idraetsforening,Thorsager-Rönde Idraetsforening,games,False,False,True,False,2025-08-05,2025-08-05,1
133925,AC Boise,AC Boise,transfers,False,True,False,False,2026-01-23,2026-01-23,1
134112,Sydkysten,Sydkysten,transfers,False,True,False,False,2025-07-02,2025-07-02,1
134626,Ujezd u/B. Yth.,Ujezd u/B. Yth.,transfers,False,True,False,False,2016-08-08,2016-08-08,1
134732,Puerto de Vega CF,Puerto de Vega CF,games,False,False,True,False,2025-09-27,2025-10-30,1
134733,,,games,False,False,True,False,2025-09-27,2025-10-04,0
134734,,,games,False,False,True,False,2025-09-27,2025-10-04,0
134820,John Utaka Aca.,John Utaka Aca.,transfers,False,True,False,False,2021-03-11,2021-03-11,1
136166,Bursa Tüt. Yth,Bursa Tüt. Yth,transfers,False,True,False,False,2018-02-16,2018-10-09,1
136989,CT United FC,CT United FC,transfers,False,True,False,False,2026-01-01,2026-01-30,1
137584,St Cugat U19,St Cugat U19,transfers,False,True,False,False,2012-07-01,2012-07-01,1
138124,FC La Ville,FC La Ville,transfers,False,True,False,False,2025-12-08,2025-12-08,1
139409,Ynmh. Bld. Jgd,Ynmh. Bld. Jgd,transfers,False,True,False,False,2015-01-14,2016-02-17,1
139411,Seviye GvS. Jgd,Seviye GvS. Jgd,transfers,False,True,False,False,2016-02-17,2017-01-24,1
