player_key,player_name,canonical_player_id,canonical_player_name,player_link_method,row_count_in_source,linked
alexandernubel,Alexander Nübel,195778.0,Alexander Nübel,fbref_accepted_exact_unique_name,6,True
ronthorbenhoffmann,Ron-Thorben Hoffmann,317444.0,Ron-Thorben Hoffmann,canonical_identity_exact_unique_name,2,True
benjaminpavard,Benjamin Pavard,353366.0,Benjamin Pavard,fbref_accepted_exact_unique_name,12,True
tanguynianzou,Tanguy Nianzou,538996.0,Tanguy Nianzou,fbref_accepted_exact_unique_name,14,True
jeromeboateng,Jérôme Boateng,26485.0,Jérôme Boateng,fbref_accepted_exact_unique_name,3,True
chrisrichards,Chris Richards,578539.0,Chris Richards,fbref_accepted_exact_unique_name,14,True
javimartinez,Javi Martínez,,,unresolved,2,False
brightarreymbi,Bright Arrey-Mbi,580193.0,Bright Arrey-Mbi,canonical_identity_exact_unique_name,3,True
alphonsodavies,Alphonso Davies,424204.0,Alphonso Davies,fbref_accepted_exact_unique_name,14,True
lucashernandez,Lucas Hernández,281963.0,Lucas Hernández,fbref_accepted_exact_unique_name,10,True
remyvita,Rémy Vita,805835.0,Rémy Vita,canonical_identity_exact_unique_name,1,True
alexanderlungwitz,Alexander Lungwitz,422211.0,Alexander Lungwitz,canonical_identity_exact_unique_name,1,True
bounasarr,Bouna Sarr,190685.0,Bouna Sarr,fbref_accepted_exact_unique_name,12,True
josipstanisic,Josip Stanisic,483046.0,Josip Stanisic,fbref_accepted_exact_unique_name,10,True
joshuakimmich,Joshua Kimmich,161056.0,Joshua Kimmich,fbref_accepted_exact_unique_name,10,True
leongoretzka,Leon Goretzka,153084.0,Leon Goretzka,fbref_accepted_exact_unique_name,15,True
michaelcuisance,Michaël Cuisance,344600.0,Michaël Cuisance,canonical_identity_exact_unique_name,10,True
maliktillman,Malik Tillman,467437.0,Malik Tillman,fbref_accepted_exact_unique_name,4,True
leondajaku,Leon Dajaku,483974.0,Leon Dajaku,fbref_accepted_exact_unique_name,4,True
leroysane,Leroy Sané,192565.0,Leroy Sané,fbref_accepted_exact_unique_name,12,True
douglascosta,Douglas Costa,75615.0,Douglas Costa,fbref_accepted_exact_unique_name,2,True
danielsontuzans,Daniels Ontuzans,336324.0,Daniels Ontuzans,canonical_identity_exact_unique_name,2,True
thomasmuller,Thomas Müller,58358.0,Thomas Müller,fbref_accepted_exact_unique_name,10,True
armindosieb,Armindo Sieb,569033.0,Armindo Sieb,canonical_identity_exact_unique_name,2,True
robertlewandowski,Robert Lewandowski,38253.0,Robert Lewandowski,fbref_accepted_exact_unique_name,8,True
joshuazirkzee,Joshua Zirkzee,435648.0,Joshua Zirkzee,fbref_accepted_exact_unique_name,15,True
ericmaximchoupomoting,Eric-Maxim Choupo-Moting,45660.0,Eric-Maxim Choupo-Moting,fbref_accepted_exact_unique_name,13,True
fietearp,Fiete Arp,343337.0,Fiete Arp,canonical_identity_exact_unique_name,1,True
dimitrioberlin,Dimitri Oberlin,212718.0,Dimitri Oberlin,fbref_accepted_exact_unique_name,1,True
petergulacsi,Péter Gulácsi,57071.0,Péter Gulácsi,fbref_accepted_exact_unique_name,9,True
dayotupamecano,Dayot Upamecano,344695.0,Dayot Upamecano,fbref_accepted_exact_unique_name,15,True
ibrahimakonate,Ibrahima Konaté,357119.0,Ibrahima Konaté,fbref_accepted_exact_unique_name,9,True
lukasklostermann,Lukas Klostermann,215599.0,Lukas Klostermann,fbref_accepted_exact_unique_name,11,True
marcelhalstenberg,Marcel Halstenberg,70243.0,Marcel Halstenberg,fbref_accepted_exact_unique_name,7,True
angelino,Angeliño,277179.0,Angeliño,fbref_accepted_exact_unique_name,3,True
konradlaimer,Konrad Laimer,223967.0,Konrad Laimer,fbref_accepted_exact_unique_name,8,True
nordimukiele,Nordi Mukiele,348026.0,Nordi Mukiele,fbref_accepted_exact_unique_name,6,True
benjaminhenrichs,Benjamin Henrichs,202591.0,Benjamin Henrichs,fbref_accepted_exact_unique_name,7,True
tyleradams,Tyler Adams,332705.0,Tyler Adams,fbref_accepted_exact_unique_name,10,True
marcelsabitzer,Marcel Sabitzer,106987.0,Marcel Sabitzer,fbref_accepted_exact_unique_name,16,True
amadouhaidara,Amadou Haidara,402008.0,Amadou Haidara,fbref_accepted_exact_unique_name,5,True
kevinkampl,Kevin Kampl,53418.0,Kevin Kampl,fbref_accepted_exact_unique_name,7,True
dominikszoboszlai,Dominik Szoboszlai,451276.0,Dominik Szoboszlai,fbref_accepted_exact_unique_name,5,True
justinkluivert,Justin Kluivert,330659.0,Justin Kluivert,fbref_accepted_exact_unique_name,7,True
lazarsamardzic,Lazar Samardžić,528833.0,Lazar Samardžić,fbref_accepted_exact_unique_name,2,True
emilforsberg,Emil Forsberg,111078.0,Emil Forsberg,fbref_accepted_exact_unique_name,4,True
ademolalookman,Ademola Lookman,406040.0,Ademola Lookman,fbref_accepted_exact_unique_name,5,True
christophernkunku,Christopher Nkunku,344381.0,Christopher Nkunku,fbref_accepted_exact_unique_name,11,True
heechanhwang,Hee-chan Hwang,292246.0,Hee-chan Hwang,canonical_identity_exact_unique_name,6,True
romanburki,Roman Bürki,59027.0,Roman Bürki,fbref_accepted_exact_unique_name,4,True
marwinhitz,Marwin Hitz,59238.0,Marwin Hitz,fbref_accepted_exact_unique_name,3,True
manuelakanji,Manuel Akanji,284730.0,Manuel Akanji,fbref_accepted_exact_unique_name,8,True
emrecan,Emre Can,119296.0,Emre Can,fbref_accepted_exact_unique_name,12,True
danaxelzagadou,Dan-Axel Zagadou,344598.0,Dan-Axel Zagadou,fbref_accepted_exact_unique_name,12,True
matshummels,Mats Hummels,39728.0,Mats Hummels,fbref_accepted_exact_unique_name,13,True
nicoschulz,Nico Schulz,85867.0,Nico Schulz,fbref_accepted_exact_unique_name,5,True
marcelschmelzer,Marcel Schmelzer,35208.0,Marcel Schmelzer,fbref_accepted_exact_unique_name,1,True
dominikwanner,Dominik Wanner,333451.0,Dominik Wanner,canonical_identity_exact_unique_name,2,True
mateumorey,Mateu Morey,388513.0,Mateu Morey,fbref_accepted_exact_unique_name,10,True
felixpasslack,Felix Passlack,274461.0,Felix Passlack,fbref_accepted_exact_unique_name,4,True
lukaszpiszczek,Lukasz Piszczek,25727.0,Lukasz Piszczek,fbref_accepted_enhanced_exact_unique_name,3,True
axelwitsel,Axel Witsel,35047.0,Axel Witsel,fbref_accepted_exact_unique_name,3,True
mahmouddahoud,Mahmoud Dahoud,191422.0,Mahmoud Dahoud,fbref_accepted_exact_unique_name,7,True
thomasdelaney,Thomas Delaney,91849.0,Thomas Delaney,fbref_accepted_exact_unique_name,7,True
tobiasraschl,Tobias Raschl,384745.0,Tobias Raschl,fbref_accepted_exact_unique_name,3,True
judebellingham,Jude Bellingham,581678.0,Jude Bellingham,fbref_accepted_exact_unique_name,6,True
thorganhazard,Thorgan Hazard,102226.0,Thorgan Hazard,fbref_accepted_exact_unique_name,12,True
reinier,Reinier,627226.0,Reinier,fbref_accepted_exact_unique_name,6,True
jadonsancho,Jadon Sancho,401173.0,Jadon Sancho,fbref_accepted_exact_unique_name,11,True
erlinghaaland,Erling Haaland,418560.0,Erling Haaland,fbref_accepted_exact_unique_name,13,True
youssoufamoukoko,Youssoufa Moukoko,467720.0,Youssoufa Moukoko,fbref_accepted_exact_unique_name,10,True
koencasteels,Koen Casteels,108880.0,Koen Casteels,fbref_accepted_exact_unique_name,7,True
maxencelacroix,Maxence Lacroix,434224.0,Maxence Lacroix,fbref_accepted_exact_unique_name,3,True
marinpongracic,Marin Pongracic,282144.0,Marin Pongracic,fbref_accepted_exact_unique_name,4,True
paulootavio,Paulo Otávio,221611.0,Paulo Otávio,fbref_accepted_exact_unique_name,5,True
jeromeroussillon,Jérôme Roussillon,127076.0,Jérôme Roussillon,fbref_accepted_exact_unique_name,11,True
kevinmbabu,Kevin Mbabu,183321.0,Kevin Mbabu,fbref_accepted_exact_unique_name,7,True
william,William,341710.0,William,fbref_accepted_exact_unique_name,3,True
josuhaguilavogui,Josuha Guilavogui,93704.0,Josuha Guilavogui,fbref_accepted_exact_unique_name,4,True
xaverschlager,Xaver Schlager,223979.0,Xaver Schlager,fbref_accepted_exact_unique_name,8,True
maximilianarnold,Maximilian Arnold,117674.0,Maximilian Arnold,fbref_accepted_exact_unique_name,7,True
yunusmall,Yunus Mallı,85352.0,Yunus Mallı,fbref_accepted_exact_unique_name,2,True
felixklaus,Felix Klaus,89591.0,Felix Klaus,fbref_accepted_exact_unique_name,1,True
lucahorn,Luca Horn,329814.0,Luca Horn,canonical_identity_exact_unique_name,2,True
josipbrekalo,Josip Brekalo,293169.0,Josip Brekalo,fbref_accepted_exact_unique_name,10,True
renatosteffen,Renato Steffen,194638.0,Renato Steffen,fbref_accepted_exact_unique_name,2,True
maximilianphilipp,Maximilian Philipp,143891.0,Maximilian Philipp,fbref_accepted_exact_unique_name,7,True
admirmehmedi,Admir Mehmedi,66058.0,Admir Mehmedi,fbref_accepted_exact_unique_name,4,True
bartoszbialek,Bartosz Bialek,535551.0,Bartosz Bialek,fbref_accepted_enhanced_exact_unique_name,3,True
danielginczek,Daniel Ginczek,79501.0,Daniel Ginczek,fbref_accepted_exact_unique_name,4,True
frederikronnow,Frederik Rönnow,107775.0,Frederik Rönnow,fbref_accepted_enhanced_exact_unique_name,13,True
markusschubert,Markus Schubert,296741.0,Markus Schubert,fbref_accepted_exact_unique_name,2,True
evanndicka,Evan Ndicka,371149.0,Evan Ndicka,canonical_identity_exact_unique_name,6,True
martinhinteregger,Martin Hinteregger,85789.0,Martin Hinteregger,fbref_accepted_exact_unique_name,4,True
tuta,Tuta,546213.0,Tuta,fbref_accepted_exact_unique_name,7,True
dominikkohr,Dominik Kohr,118847.0,Dominik Kohr,fbref_accepted_exact_unique_name,5,True
almamytoure,Almamy Touré,216181.0,Almamy Touré,fbref_accepted_exact_unique_name,7,True
jetrowillems,Jetro Willems,146258.0,Jetro Willems,fbref_accepted_exact_unique_name,1,True
simonfalette,Simon Falette,170927.0,Simon Falette,fbref_accepted_exact_unique_name,1,True
felixirorere,Felix Irorere,472224.0,Felix Irorere,canonical_identity_exact_unique_name,2,True
davidabraham,David Abraham,58178.0,David Abraham,fbref_accepted_exact_unique_name,1,True
erikdurm,Erik Durm,93922.0,Erik Durm,fbref_accepted_exact_unique_name,7,True
jabezmakanda,Jabez Makanda,519226.0,Jabez Makanda,canonical_identity_exact_unique_name,1,True
djibrilsow,Djibril Sow,212723.0,Djibril Sow,fbref_accepted_exact_unique_name,9,True
sebastianrode,Sebastian Rode,44466.0,Sebastian Rode,fbref_accepted_exact_unique_name,14,True
filipkostic,Filip Kostić,161011.0,Filip Kostić,fbref_accepted_exact_unique_name,7,True
daichikamada,Daichi Kamada,356141.0,Daichi Kamada,fbref_accepted_exact_unique_name,5,True
aymenbarkok,Aymen Barkok,315332.0,Aymen Barkok,fbref_accepted_exact_unique_name,7,True
aminyounes,Amin Younes,96167.0,Amin Younes,fbref_accepted_exact_unique_name,3,True
andresilva,André Silva,198008.0,André Silva,fbref_accepted_exact_unique_name,7,True
goncalopaciencia,Gonçalo Paciência,181547.0,Gonçalo Paciência,fbref_accepted_exact_unique_name,6,True
basdost,Bas Dost,56331.0,Bas Dost,fbref_accepted_exact_unique_name,1,True
ragnarache,Ragnar Ache,416380.0,Ragnar Ache,fbref_accepted_exact_unique_name,6,True
lukashradecky,Lukas Hradecky,48015.0,Lukas Hradecky,fbref_accepted_exact_unique_name,3,True
edmondtapsoba,Edmond Tapsoba,564545.0,Edmond Tapsoba,fbref_accepted_exact_unique_name,7,True
daleysinkgraven,Daley Sinkgraven,215099.0,Daley Sinkgraven,fbref_accepted_exact_unique_name,5,True
wendell,Wendell,228433.0,Wendell,fbref_accepted_exact_unique_name,2,True
santiagoarias,Santiago Arias,120443.0,Santiago Arias,fbref_accepted_exact_unique_name,2,True
timothyfosumensah,Timothy Fosu-Mensah,315131.0,Timothy Fosu-Mensah,fbref_accepted_exact_unique_name,5,True
mitchellweiser,Mitchell Weiser,119211.0,Mitchell Weiser,fbref_accepted_exact_unique_name,9,True
svenbender,Sven Bender,29993.0,Sven Bender,fbref_accepted_exact_unique_name,2,True
larsbender,Lars Bender,30059.0,Lars Bender,fbref_accepted_exact_unique_name,4,True
julianbaumgartlinger,Julian Baumgartlinger,34787.0,Julian Baumgartlinger,fbref_accepted_exact_unique_name,4,True
keremdemirbay,Kerem Demirbay,125858.0,Kerem Demirbay,fbref_accepted_exact_unique_name,3,True
nadiemamiri,Nadiem Amiri,232454.0,Nadiem Amiri,fbref_accepted_exact_unique_name,5,True
exequielpalacios,Exequiel Palacios,401578.0,Exequiel Palacios,fbref_accepted_exact_unique_name,13,True
charlesaranguiz,Charles Aránguiz,89701.0,Charles Aránguiz,fbref_accepted_exact_unique_name,6,True
florianwirtz,Florian Wirtz,598577.0,Florian Wirtz,fbref_accepted_exact_unique_name,14,True
paulinho,Paulinho,,,unresolved,3,False
demaraigray,Demarai Gray,292417.0,Demarai Gray,fbref_accepted_exact_unique_name,5,True
moussadiaby,Moussa Diaby,395516.0,Moussa Diaby,fbref_accepted_exact_unique_name,2,True
leonbailey,Leon Bailey,387626.0,Leon Bailey,fbref_accepted_exact_unique_name,12,True
karimbellarabi,Karim Bellarabi,61087.0,Karim Bellarabi,fbref_accepted_exact_unique_name,12,True
patrikschick,Patrik Schick,242086.0,Patrik Schick,fbref_accepted_exact_unique_name,11,True
lucasalario,Lucas Alario,193782.0,Lucas Alario,fbref_accepted_exact_unique_name,8,True
joelpohjanpalo,Joel Pohjanpalo,173491.0,Joel Pohjanpalo,fbref_accepted_exact_unique_name,5,True
loriskarius,Loris Karius,85864.0,Loris Karius,fbref_accepted_exact_unique_name,1,True
andreasluthe,Andreas Luthe,41323.0,Andreas Luthe,fbref_accepted_exact_unique_name,4,True
lennartmoser,Lennart Moser,392717.0,Lennart Moser,canonical_identity_exact_unique_name,1,True
jakobbusk,Jakob Busk,203411.0,Jakob Busk,canonical_identity_exact_unique_name,4,True
nicoschlotterbeck,Nico Schlotterbeck,388198.0,Nico Schlotterbeck,fbref_accepted_exact_unique_name,9,True
florianhubner,Florian Hübner,85822.0,Florian Hübner,fbref_accepted_exact_unique_name,4,True
christopherlenz,Christopher Lenz,159844.0,Christopher Lenz,fbref_accepted_exact_unique_name,15,True
nikogiesselmann,Niko Gießelmann,72792.0,Niko Gießelmann,fbref_accepted_exact_unique_name,3,True
christophertrimmel,Christopher Trimmel,75921.0,Christopher Trimmel,fbref_accepted_exact_unique_name,2,True
robertandrich,Robert Andrich,159088.0,Robert Andrich,fbref_accepted_exact_unique_name,8,True
grischapromel,Grischa Prömel,234029.0,Grischa Prömel,fbref_accepted_exact_unique_name,9,True
christiangentner,Christian Gentner,19112.0,Christian Gentner,fbref_accepted_exact_unique_name,4,True
sheraldobecker,Sheraldo Becker,188888.0,Sheraldo Becker,fbref_accepted_exact_unique_name,10,True
mariusbulter,Marius Bülter,116088.0,Marius Bülter,fbref_accepted_exact_unique_name,6,True
keitaendo,Keita Endo,421726.0,Keita Endo,fbref_accepted_exact_unique_name,2,True
akakigogia,Akaki Gogia,92472.0,Akaki Gogia,fbref_accepted_exact_unique_name,1,True
maxkruse,Max Kruse,36182.0,Max Kruse,fbref_accepted_exact_unique_name,7,True
taiwoawoniyi,Taiwo Awoniyi,295313.0,Taiwo Awoniyi,fbref_accepted_exact_unique_name,6,True
marcusingvartsen,Marcus Ingvartsen,269878.0,Marcus Ingvartsen,fbref_accepted_exact_unique_name,4,True
petarmusa,Petar Musa,387110.0,Petar Musa,fbref_accepted_exact_unique_name,1,True
cedricteuchert,Cedric Teuchert,207597.0,Cedric Teuchert,fbref_accepted_exact_unique_name,2,True
anthonyujah,Anthony Ujah,142281.0,Anthony Ujah,fbref_accepted_exact_unique_name,2,True
yannsommer,Yann Sommer,42205.0,Yann Sommer,fbref_accepted_exact_unique_name,9,True
janolschowsky,Jan Olschowsky,455922.0,Jan Olschowsky,fbref_accepted_exact_unique_name,3,True
nicoelvedi,Nico Elvedi,192635.0,Nico Elvedi,fbref_accepted_exact_unique_name,14,True
jordanbeyer,Jordan Beyer,403898.0,Jordan Beyer,fbref_accepted_exact_unique_name,10,True
mamadoudoucoure,Mamadou Doucouré,340480.0,Mamadou Doucouré,fbref_accepted_exact_unique_name,8,True
andreaspoulsen,Andreas Poulsen,345746.0,Andreas Poulsen,canonical_identity_exact_unique_name,2,True
stefanlainer,Stefan Lainer,85791.0,Stefan Lainer,fbref_accepted_exact_unique_name,10,True
valentinolazaro,Valentino Lazaro,186368.0,Valentino Lazaro,fbref_accepted_exact_unique_name,4,True
tonyjantschke,Tony Jantschke,47587.0,Tony Jantschke,fbref_accepted_exact_unique_name,13,True
deniszakaria,Denis Zakaria,334526.0,Denis Zakaria,fbref_accepted_exact_unique_name,21,True
laszlobenes,László Bénes,243188.0,László Bénes,fbref_accepted_exact_unique_name,5,True
roccoreitz,Rocco Reitz,467434.0,Rocco Reitz,fbref_accepted_exact_unique_name,4,True
jonashofmann,Jonas Hofmann,7161.0,Jonas Hofmann,fbref_accepted_exact_unique_name,10,True
larsstindl,Lars Stindl,48298.0,Lars Stindl,fbref_accepted_exact_unique_name,3,True
torbenmusel,Torben Müsel,368860.0,Torben Müsel,canonical_identity_exact_unique_name,4,True
famanaquizera,Famana Quizera,504089.0,Famana Quizera,canonical_identity_exact_unique_name,1,True
ibrahimatraore,Ibrahima Traoré,47285.0,Ibrahima Traoré,fbref_accepted_exact_unique_name,1,True
hanneswolf,Hannes Wolf,321070.0,Hannes Wolf,fbref_accepted_exact_unique_name,7,True
patrickherrmann,Patrick Herrmann,32711.0,Patrick Herrmann,fbref_accepted_exact_unique_name,3,True
alassaneplea,Alassane Pléa,167329.0,Alassane Pléa,fbref_accepted_exact_unique_name,8,True
breelembolo,Breel Embolo,237662.0,Breel Embolo,fbref_accepted_exact_unique_name,7,True
markflekken,Mark Flekken,125714.0,Mark Flekken,fbref_accepted_exact_unique_name,4,True
kevenschlotterbeck,Keven Schlotterbeck,413843.0,Keven Schlotterbeck,fbref_accepted_exact_unique_name,12,True
manuelgulde,Manuel Gulde,45683.0,Manuel Gulde,fbref_accepted_exact_unique_name,7,True
rolandsallai,Roland Sallai,332798.0,Roland Sallai,fbref_accepted_exact_unique_name,11,True
baptistesantamaria,Baptiste Santamaria,285323.0,Baptiste Santamaria,fbref_accepted_exact_unique_name,3,True
yannikkeitel,Yannik Keitel,342039.0,Yannik Keitel,fbref_accepted_exact_unique_name,7,True
amirabrashi,Amir Abrashi,66005.0,Amir Abrashi,fbref_accepted_exact_unique_name,2,True
janikhaberer,Janik Haberer,177779.0,Janik Haberer,fbref_accepted_exact_unique_name,3,True
linotempelmann,Lino Tempelmann,378883.0,Lino Tempelmann,fbref_accepted_exact_unique_name,2,True
carloboukhalfa,Carlo Boukhalfa,329373.0,Carlo Boukhalfa,canonical_identity_exact_unique_name,3,True
jonathanschmid,Jonathan Schmid,70285.0,Jonathan Schmid,fbref_accepted_exact_unique_name,4,True
guustil,Guus Til,372267.0,Guus Til,canonical_identity_exact_unique_name,1,True
wooyeongjeong,Woo-yeong Jeong,297583.0,Woo-yeong Jeong,canonical_identity_exact_unique_name,6,True
vincenzogrifo,Vincenzo Grifo,185077.0,Vincenzo Grifo,fbref_accepted_exact_unique_name,2,True
kevinschade,Kevin Schade,473050.0,Kevin Schade,fbref_accepted_exact_unique_name,4,True
nishanburkart,Nishan Burkart,346900.0,Nishan Burkart,canonical_identity_exact_unique_name,1,True
changhoonkwon,Chang-hoon Kwon,259350.0,Chang-hoon Kwon,canonical_identity_exact_unique_name,4,True
nilspetersen,Nils Petersen,42936.0,Nils Petersen,fbref_accepted_exact_unique_name,4,True
waldemaranton,Waldemar Anton,193004.0,Waldemar Anton,fbref_accepted_exact_unique_name,7,True
marcoliverkempf,Marc Oliver Kempf,160938.0,Marc Oliver Kempf,fbref_accepted_exact_unique_name,9,True
konstantinosmavropanos,Konstantinos Mavropanos,415912.0,Konstantinos Mavropanos,fbref_accepted_exact_unique_name,12,True
clintonmola,Clinton Mola,470594.0,Clinton Mola,fbref_accepted_exact_unique_name,6,True
marcinkaminski,Marcin Kaminski,129358.0,Marcin Kamiński,fbref_accepted_exact_unique_name,5,True
orelmangala,Orel Mangala,289592.0,Orel Mangala,fbref_accepted_exact_unique_name,6,True
atakankarazor,Atakan Karazor,232320.0,Atakan Karazor,canonical_identity_exact_unique_name,9,True
gonzalocastro,Gonzalo Castro,28947.0,Gonzalo Castro,fbref_accepted_exact_unique_name,5,True
mateoklimowicz,Mateo Klimowicz,540302.0,Mateo Klimowicz,fbref_accepted_exact_unique_name,3,True
philippforster,Philipp Förster,179635.0,Philipp Förster,fbref_accepted_exact_unique_name,12,True
erikthommy,Erik Thommy,156779.0,Erik Thommy,fbref_accepted_exact_unique_name,5,True
danieldidavi,Daniel Didavi,57995.0,Daniel Didavi,fbref_accepted_exact_unique_name,9,True
lilianegloff,Lilian Egloff,472243.0,Lilian Egloff,fbref_accepted_exact_unique_name,7,True
nicogonzalez,Nico González,,,unresolved,16,False
tanguycoulibaly,Tanguy Coulibaly,618425.0,Tanguy Coulibaly,fbref_accepted_exact_unique_name,11,True
darkochurlinov,Darko Churlinov,386786.0,Darko Churlinov,fbref_accepted_exact_unique_name,7,True
momocisse,Momo Cissé,768384.0,Momo Cissé,canonical_identity_exact_unique_name,3,True
silas,Silas,,,unresolved,10,False
mohamedsankoh,Mohamed Sankoh,572919.0,Mohamed Sankoh,canonical_identity_exact_unique_name,2,True
hamadialghaddioui,Hamadi Al-Ghaddioui,193534.0,Hamadi Al Ghaddioui,fbref_accepted_exact_unique_name,5,True
oliverbaumann,Oliver Baumann,55089.0,Oliver Baumann,fbref_accepted_exact_unique_name,7,True
philipppentke,Philipp Pentke,8246.0,Philipp Pentke,fbref_accepted_exact_unique_name,4,True
lucaphilipp,Luca Philipp,432671.0,Luca Philipp,canonical_identity_exact_unique_name,2,True
stefanposch,Stefan Posch,223974.0,Stefan Posch,fbref_accepted_exact_unique_name,10,True
kevinakpoguma,Kevin Akpoguma,160241.0,Kevin Akpoguma,fbref_accepted_exact_unique_name,9,True
kasimadams,Kasim Adams,263801.0,Kasim Adams,canonical_identity_exact_unique_name,3,True
erminbicakcic,Ermin Bicakcic,51676.0,Ermin Bicakcic,fbref_accepted_exact_unique_name,4,True
benjaminhubner,Benjamin Hübner,52348.0,Benjamin Hübner,fbref_accepted_exact_unique_name,6,True
maxgeschwill,Max Geschwill,471890.0,Max Geschwill,canonical_identity_exact_unique_name,3,True
ryansessegnon,Ryan Sessegnon,392775.0,Ryan Sessegnon,fbref_accepted_exact_unique_name,12,True
konstantinosstafylidis,Konstantinos Stafylidis,,,unresolved,20,False
floriangrillitsch,Florian Grillitsch,195736.0,Florian Grillitsch,fbref_accepted_exact_unique_name,16,True
diadiesamassekou,Diadié Samassékou,315604.0,Diadié Samassékou,fbref_accepted_exact_unique_name,7,True
sebastianrudy,Sebastian Rudy,57051.0,Sebastian Rudy,fbref_accepted_exact_unique_name,14,True
melayrobogarde,Melayro Bogarde,476915.0,Melayro Bogarde,fbref_accepted_exact_unique_name,1,True
havardnordtveit,Håvard Nordtveit,42234.0,Havard Nordtveit,fbref_accepted_exact_unique_name,6,True
robertskov,Robert Skov,270393.0,Robert Skov,fbref_accepted_exact_unique_name,12,True
andrejkramaric,Andrej Kramaric,46580.0,Andrej Kramaric,fbref_accepted_exact_unique_name,11,True
christophbaumgartner,Christoph Baumgartner,324278.0,Christoph Baumgartner,fbref_accepted_exact_unique_name,7,True
mijatgacinovic,Mijat Gacinovic,215864.0,Mijat Gacinovic,fbref_accepted_exact_unique_name,1,True
jacobbruunlarsen,Jacob Bruun Larsen,293281.0,Jacob Bruun Larsen,fbref_accepted_exact_unique_name,6,True
ihlasbebou,Ihlas Bebou,237164.0,Ihlas Bebou,fbref_accepted_exact_unique_name,7,True
munasdabbur,Munas Dabbur,145866.0,Munas Dabbur,canonical_identity_exact_unique_name,5,True
joaoklauss,João Klauss,498862.0,João Klauss,canonical_identity_exact_unique_name,1,True
sargisadamyan,Sargis Adamyan,125614.0,Sargis Adamyan,fbref_accepted_exact_unique_name,6,True
georginiorutter,Georginio Rutter,538977.0,Georginio Rutter,fbref_accepted_exact_unique_name,4,True
ishakbelfodil,Ishak Belfodil,111039.0,Ishak Belfodil,fbref_accepted_exact_unique_name,4,True
maximilianbeier,Maximilian Beier,578392.0,Maximilian Beier,fbref_accepted_exact_unique_name,6,True
robinzentner,Robin Zentner,160963.0,Robin Zentner,fbref_accepted_exact_unique_name,5,True
jeremiahstjuste,Jeremiah St. Juste,288253.0,Jeremiah St. Juste,canonical_identity_exact_unique_name,3,True
lucakilian,Luca Kilian,384553.0,Luca Kilian,fbref_accepted_exact_unique_name,3,True
phillippmwene,Phillipp Mwene,127573.0,Phillipp Mwene,fbref_accepted_exact_unique_name,4,True
edimilsonfernandes,Edimilson Fernandes,247555.0,Edimilson Fernandes,fbref_accepted_exact_unique_name,10,True
pierrekunde,Pierre Kunde,339829.0,Pierre Kunde,fbref_accepted_exact_unique_name,1,True
levinoztunali,Levin Öztunali,168543.0,Levin Öztunali,fbref_accepted_enhanced_exact_unique_name,2,True
robinquaison,Robin Quaison,206542.0,Robin Quaison,fbref_accepted_exact_unique_name,1,True
jonathanburkardt,Jonathan Burkardt,333647.0,Jonathan Burkardt,fbref_accepted_exact_unique_name,13,True
karimonisiwo,Karim Onisiwo,119234.0,Karim Onisiwo,fbref_accepted_exact_unique_name,13,True
dongwonji,Dong-won Ji,164265.0,Dong-won Ji,canonical_identity_exact_unique_name,3,True
adamszalai,Ádám Szalai,39106.0,Ádám Szalai,fbref_accepted_exact_unique_name,8,True
runejarstein,Rune Jarstein,24112.0,Rune Jarstein,fbref_accepted_exact_unique_name,2,True
nilskorber,Nils Körber,,,unresolved,2,False
jordantorunarigha,Jordan Torunarigha,227110.0,Jordan Torunarigha,fbref_accepted_exact_unique_name,3,True
dedryckboyata,Dedryck Boyata,88262.0,Dedryck Boyata,fbref_accepted_exact_unique_name,9,True
martondardai,Márton Dárdai,432281.0,Márton Dárdai,fbref_accepted_exact_unique_name,12,True
omaralderete,Omar Alderete,353032.0,Omar Alderete,fbref_accepted_exact_unique_name,6,True
maximilianmittelstadt,Maximilian Mittelstädt,282660.0,Maximilian Mittelstädt,fbref_accepted_exact_unique_name,4,True
lucanetz,Luca Netz,524285.0,Luca Netz,fbref_accepted_exact_unique_name,7,True
marvinplattenhardt,Marvin Plattenhardt,89592.0,Marvin Plattenhardt,fbref_accepted_exact_unique_name,7,True
lukasklunter,Lukas Klünter,282577.0,Lukas Klünter,fbref_accepted_exact_unique_name,4,True
santiagoascacibar,Santiago Ascacíbar,423436.0,Santiago Ascacíbar,fbref_accepted_exact_unique_name,5,True
matteoguendouzi,Mattéo Guendouzi,465830.0,Mattéo Guendouzi,fbref_accepted_exact_unique_name,7,True
lucastousart,Lucas Tousart,353948.0,Lucas Tousart,fbref_accepted_exact_unique_name,4,True
arnemaier,Arne Maier,296397.0,Arne Maier,fbref_accepted_exact_unique_name,15,True
vladimirdarida,Vladimír Darida,179643.0,Vladimír Darida,fbref_accepted_exact_unique_name,2,True
eduardlowen,Eduard Löwen,260655.0,Eduard Löwen,fbref_accepted_exact_unique_name,8,True
samikhedira,Sami Khedira,29401.0,Sami Khedira,fbref_accepted_exact_unique_name,2,True
javairodilrosun,Javairô Dilrosun,315125.0,Javairô Dilrosun,fbref_accepted_exact_unique_name,2,True
nemanjaradonjic,Nemanja Radonjić,245078.0,Nemanja Radonjic,fbref_accepted_exact_unique_name,11,True
mathewleckie,Mathew Leckie,126214.0,Mathew Leckie,fbref_accepted_exact_unique_name,3,True
dodilukebakio,Dodi Lukébakio,303259.0,Dodi Lukébakio,fbref_accepted_exact_unique_name,5,True
matheuscunha,Matheus Cunha,517894.0,Matheus Cunha,fbref_accepted_exact_unique_name,10,True
krzysztofpiatek,Krzysztof Piatek,327757.0,Krzysztof Piatek,fbref_accepted_exact_unique_name,2,True
jhoncordoba,Jhon Córdoba,185245.0,Jhon Córdoba,fbref_accepted_exact_unique_name,6,True
jessicngankam,Jessic Ngankam,448177.0,Jessic Ngankam,fbref_accepted_exact_unique_name,7,True
felixuduokhai,Felix Uduokhai,278343.0,Felix Uduokhai,canonical_identity_exact_unique_name,9,True
mareksuchy,Marek Suchy,34542.0,Marek Suchy,fbref_accepted_exact_unique_name,1,True
iago,Iago,520468.0,Iago,fbref_accepted_exact_unique_name,11,True
madspedersen,Mads Pedersen,288429.0,Mads Pedersen,fbref_accepted_exact_unique_name,7,True
raphaelframberger,Raphael Framberger,146163.0,Raphael Framberger,fbref_accepted_exact_unique_name,6,True
ranikhedira,Rani Khedira,124410.0,Rani Khedira,fbref_accepted_exact_unique_name,3,True
carlosgruezo,Carlos Gruezo,189475.0,Carlos Gruezo,fbref_accepted_exact_unique_name,6,True
janmoravek,Jan Moravek,63022.0,Jan Moravek,fbref_accepted_exact_unique_name,2,True
timciveja,Tim Civeja,588747.0,Tim Civeja,fbref_accepted_exact_unique_name,1,True
marcorichter,Marco Richter,279009.0,Marco Richter,fbref_accepted_exact_unique_name,5,True
fredrikjensen,Fredrik Jensen,249157.0,Fredrik Jensen,fbref_accepted_exact_unique_name,12,True
rubenvargas,Rubén Vargas,345886.0,Rubén Vargas,fbref_accepted_exact_unique_name,15,True
andrehahn,André Hahn,42783.0,André Hahn,fbref_accepted_exact_unique_name,4,True
noahsarenrenbazee,Noah Sarenren Bazee,,,unresolved,5,False
florianniederlechner,Florian Niederlechner,152963.0,Florian Niederlechner,fbref_accepted_exact_unique_name,8,True
michaelgregoritsch,Michael Gregoritsch,120205.0,Michael Gregoritsch,fbref_accepted_exact_unique_name,9,True
alfredfinnbogason,Alfred Finnbogason,90024.0,Alfred Finnbogason,fbref_accepted_enhanced_exact_unique_name,10,True
sebastiaanbornauw,Sebastiaan Bornauw,338629.0,Sebastiaan Bornauw,fbref_accepted_exact_unique_name,7,True
jorgemere,Jorge Meré,286779.0,Jorge Meré,fbref_accepted_exact_unique_name,2,True
ismailjakobs,Ismail Jakobs,375137.0,Ismail Jakobs,fbref_accepted_exact_unique_name,9,True
jonashector,Jonas Hector,108537.0,Jonas Hector,fbref_accepted_exact_unique_name,5,True
bennoschmitz,Benno Schmitz,160968.0,Benno Schmitz,fbref_accepted_exact_unique_name,5,True
elvisrexhbecaj,Elvis Rexhbecaj,280575.0,Elvis Rexhbecaj,fbref_accepted_exact_unique_name,4,True
floriankainz,Florian Kainz,106270.0,Florian Kainz,fbref_accepted_exact_unique_name,3,True
janthielmann,Jan Thielmann,472249.0,Jan Thielmann,fbref_accepted_exact_unique_name,9,True
sebastianandersson,Sebastian Andersson,147573.0,Sebastian Andersson,fbref_accepted_exact_unique_name,4,True
anthonymodeste,Anthony Modeste,50512.0,Anthony Modeste,fbref_accepted_exact_unique_name,10,True
michaelzetterer,Michael Zetterer,196813.0,Michael Zetterer,fbref_accepted_exact_unique_name,1,True
stefanoskapino,Stefanos Kapino,68410.0,Stefanos Kapino,fbref_accepted_exact_unique_name,4,True
lucaplogmann,Luca Plogmann,335997.0,Luca Plogmann,fbref_accepted_exact_unique_name,1,True
marcofriedl,Marco Friedl,156990.0,Marco Friedl,fbref_accepted_exact_unique_name,9,True
omertoprak,Ömer Toprak,43512.0,Ömer Toprak,fbref_accepted_exact_unique_name,3,True
patrickerras,Patrick Erras,193859.0,Patrick Erras,fbref_accepted_exact_unique_name,2,True
ludwigaugustinsson,Ludwig Augustinsson,170646.0,Ludwig Augustinsson,fbref_accepted_exact_unique_name,7,True
felixagu,Felix Agu,393512.0,Felix Agu,fbref_accepted_exact_unique_name,6,True
oscarschonfelder,Oscar Schönfelder,455933.0,Oscar Schönfelder,canonical_identity_exact_unique_name,2,True
jeanmanuelmbom,Jean Manuel Mbom,335003.0,Jean Manuel Mbom,fbref_accepted_exact_unique_name,3,True
christiangross,Christian Groß,58396.0,Christian Groß,fbref_accepted_exact_unique_name,9,True
iliagruev,Ilia Gruev,381753.0,Ilia Gruev,fbref_accepted_exact_unique_name,2,True
davyklaassen,Davy Klaassen,182932.0,Davy Klaassen,fbref_accepted_exact_unique_name,1,True
leonardobittencourt,Leonardo Bittencourt,93844.0,Leonardo Bittencourt,fbref_accepted_exact_unique_name,9,True
kevinmohwald,Kevin Möhwald,94137.0,Kevin Möhwald,fbref_accepted_exact_unique_name,5,True
milotrashica,Milot Rashica,291739.0,Milot Rashica,fbref_accepted_exact_unique_name,3,True
joshsargent,Josh Sargent,393325.0,Josh Sargent,fbref_accepted_exact_unique_name,2,True
niclasfullkrug,Niclas Füllkrug,75489.0,Niclas Füllkrug,fbref_accepted_exact_unique_name,12,True
nickwoltemade,Nick Woltemade,455661.0,Nick Woltemade,fbref_accepted_exact_unique_name,4,True
yuyaosako,Yuya Osako,108650.0,Yuya Osako,fbref_accepted_exact_unique_name,1,True
ralffahrmann,Ralf Fährmann,39015.0,Ralf Fährmann,fbref_accepted_exact_unique_name,5,True
ozankabak,Ozan Kabak,361260.0,Ozan Kabak,fbref_accepted_exact_unique_name,7,True
seadkolasinac,Sead Kolasinac,94005.0,Sead Kolasinac,fbref_accepted_exact_unique_name,17,True
matijanastasic,Matija Nastasić,143559.0,Matija Nastasić,fbref_accepted_exact_unique_name,6,True
malickthiaw,Malick Thiaw,521964.0,Malick Thiaw,fbref_accepted_exact_unique_name,3,True
salifsane,Salif Sané,126534.0,Salif Sané,fbref_accepted_exact_unique_name,2,True
shkodranmustafi,Shkodran Mustafi,88590.0,Shkodran Mustafi,fbref_accepted_exact_unique_name,6,True
timobecker,Timo Becker,282349.0,Timo Becker,fbref_accepted_exact_unique_name,1,True
hamzamendyl,Hamza Mendyl,447221.0,Hamza Mendyl,fbref_accepted_exact_unique_name,1,True
bastianoczipka,Bastian Oczipka,53437.0,Bastian Oczipka,fbref_accepted_exact_unique_name,1,True
leventmercan,Levent Mercan,388820.0,Levent Mercan,fbref_accepted_exact_unique_name,2,True
kilianludewig,Kilian Ludewig,361516.0,Kilian Ludewig,fbref_accepted_exact_unique_name,1,True
omarmascarell,Omar Mascarell,142031.0,Omar Mascarell,fbref_accepted_exact_unique_name,2,True
nabilbentaleb,Nabil Bentaleb,245537.0,Nabil Bentaleb,fbref_accepted_exact_unique_name,4,True
benjaminstambouli,Benjamin Stambouli,127160.0,Benjamin Stambouli,fbref_accepted_exact_unique_name,3,True
suatserdar,Suat Serdar,261905.0,Suat Serdar,fbref_accepted_exact_unique_name,11,True
canbozdogan,Can Bozdogan,406609.0,Can Bozdogan,fbref_accepted_exact_unique_name,2,True
alessandroschopf,Alessandro Schöpf,118397.0,Alessandro Schöpf,fbref_accepted_exact_unique_name,2,True
nassimboujellab,Nassim Boujellab,346332.0,Nassim Boujellab,fbref_accepted_exact_unique_name,2,True
amineharit,Amine Harit,372711.0,Amine Harit,fbref_accepted_exact_unique_name,7,True
blendiidrizi,Blendi Idrizi,283141.0,Blendi Idrizi,fbref_accepted_exact_unique_name,4,True
ahmedkutucu,Ahmed Kutucu,452084.0,Ahmed Kutucu,fbref_accepted_exact_unique_name,2,True
rabbimatondo,Rabbi Matondo,404384.0,Rabbi Matondo,fbref_accepted_exact_unique_name,2,True
benitoraman,Benito Raman,112930.0,Benito Raman,fbref_accepted_exact_unique_name,3,True
stevenskrzybski,Steven Skrzybski,93827.0,Steven Skrzybski,fbref_accepted_exact_unique_name,1,True
klaasjanhuntelaar,Klaas-Jan Huntelaar,4357.0,Klaas-Jan Huntelaar,fbref_accepted_exact_unique_name,6,True
lucaschuler,Luca Schuler,388029.0,Luca Schuler,canonical_identity_exact_unique_name,1,True
oscarlinner,Oscar Linnér,366974.0,Oscar Linnér,canonical_identity_exact_unique_name,1,True
amospieper,Amos Pieper,334221.0,Amos Pieper,fbref_accepted_exact_unique_name,11,True
joakimnilsson,Joakim Nilsson,216804.0,Joakim Nilsson,fbref_accepted_exact_unique_name,2,True
nathandemedina,Nathan de Medina,285951.0,Nathan de Medina,fbref_accepted_exact_unique_name,2,True
brianbehrendt,Brian Behrendt,85660.0,Brian Behrendt,fbref_accepted_exact_unique_name,1,True
jacobbarrettlaursen,Jacob Barrett Laursen,185164.0,Jacob Barrett Laursen,fbref_accepted_exact_unique_name,4,True
cedricbrunner,Cédric Brunner,147038.0,Cédric Brunner,fbref_accepted_exact_unique_name,6,True
manuelprietl,Manuel Prietl,152317.0,Manuel Prietl,fbref_accepted_exact_unique_name,5,True
reinholdyabo,Reinhold Yabo,74856.0,Reinhold Yabo,fbref_accepted_exact_unique_name,4,True
michelvlap,Michel Vlap,342702.0,Michel Vlap,fbref_accepted_exact_unique_name,1,True
noelniemann,Noel Niemann,519414.0,Noel Niemann,canonical_identity_exact_unique_name,1,True
cebiosoukou,Cebio Soukou,85000.0,Cebio Soukou,fbref_accepted_exact_unique_name,2,True
sebastianmuller,Sebastian Müller,392139.0,Sebastian Müller,canonical_identity_exact_unique_name,1,True
andreasvoglsammer,Andreas Voglsammer,94771.0,Andreas Voglsammer,fbref_accepted_exact_unique_name,3,True
sergiocordova,Sergio Córdova,377387.0,Sergio Córdova,fbref_accepted_exact_unique_name,5,True
joansimunedmundsson,Jóan Símun Edmundsson,123683.0,Jóan Símun Edmundsson,fbref_accepted_exact_unique_name,1,True
manuelneuer,Manuel Neuer,17259.0,Manuel Neuer,fbref_accepted_exact_unique_name,12,True
svenulreich,Sven Ulreich,40680.0,Sven Ulreich,fbref_accepted_exact_unique_name,6,True
niklassule,Niklas Süle,166601.0,Niklas Süle,fbref_accepted_exact_unique_name,12,True
omarrichards,Omar Richards,424881.0,Omar Richards,fbref_accepted_exact_unique_name,2,True
marcroca,Marc Roca,336869.0,Marc Roca,fbref_accepted_exact_unique_name,3,True
corentintolisso,Corentin Tolisso,190393.0,Corentin Tolisso,fbref_accepted_exact_unique_name,13,True
timokern,Timo Kern,57574.0,Timo Kern,canonical_identity_exact_unique_name,2,True
jamalmusiala,Jamal Musiala,580195.0,Jamal Musiala,fbref_accepted_exact_unique_name,13,True
sergegnabry,Serge Gnabry,159471.0,Serge Gnabry,fbref_accepted_exact_unique_name,14,True
kingsleycoman,Kingsley Coman,243714.0,Kingsley Coman,fbref_accepted_exact_unique_name,15,True
lucascopado,Lucas Copado,636898.0,Lucas Copado,canonical_identity_exact_unique_name,1,True
taylorbooth,Taylor Booth,513963.0,Taylor Booth,canonical_identity_exact_unique_name,3,True
gregorkobel,Gregor Kobel,257814.0,Gregor Kobel,fbref_accepted_exact_unique_name,14,True
lucaunbehaun,Luca Unbehaun,388815.0,Luca Unbehaun,canonical_identity_exact_unique_name,3,True
soumailacoulibaly,Soumaïla Coulibaly,659513.0,Soumaïla Coulibaly,canonical_identity_exact_unique_name,8,True
raphaelguerreiro,Raphaël Guerreiro,170986.0,Raphaël Guerreiro,fbref_accepted_exact_unique_name,13,True
thomasmeunier,Thomas Meunier,100986.0,Thomas Meunier,fbref_accepted_exact_unique_name,13,True
mariuswolf,Marius Wolf,193900.0,Marius Wolf,fbref_accepted_exact_unique_name,10,True
lionsemic,Lion Semic,521919.0,Lion Semic,canonical_identity_exact_unique_name,1,True
abdoulayekamara,Abdoulaye Kamara,718232.0,Abdoulaye Kamara,canonical_identity_exact_unique_name,8,True
giovannireyna,Giovanni Reyna,504215.0,Giovanni Reyna,canonical_identity_exact_unique_name,14,True
julianbrandt,Julian Brandt,187492.0,Julian Brandt,fbref_accepted_exact_unique_name,9,True
marcoreus,Marco Reus,35207.0,Marco Reus,fbref_accepted_exact_unique_name,9,True
immanuelpherai,Immanuel Pherai,412935.0,Immanuel Pherai,canonical_identity_exact_unique_name,2,True
jamiegittens,Jamie Gittens,670882.0,Jamie Gittens,fbref_accepted_exact_unique_name,6,True
donyellmalen,Donyell Malen,326029.0,Donyell Malen,fbref_accepted_exact_unique_name,11,True
marcopasalic,Marco Pašalić,395928.0,Marco Pašalić,canonical_identity_exact_unique_name,3,True
steffentigges,Steffen Tigges,296879.0,Steffen Tigges,fbref_accepted_exact_unique_name,4,True
andreylunev,Andrey Lunev,112541.0,Andrey Lunev,canonical_identity_exact_unique_name,3,True
niklaslomb,Niklas Lomb,85543.0,Niklas Lomb,fbref_accepted_exact_unique_name,2,True
jonathantah,Jonathan Tah,196357.0,Jonathan Tah,fbref_accepted_exact_unique_name,3,True
pierohincapie,Piero Hincapié,659813.0,Piero Hincapié,fbref_accepted_exact_unique_name,2,True
panagiotisretsos,Panagiotis Retsos,324351.0,Panagiotis Retsos,fbref_accepted_exact_unique_name,5,True
jeremiefrimpong,Jeremie Frimpong,484547.0,Jeremie Frimpong,fbref_accepted_exact_unique_name,1,True
zidansertdemir,Zidan Sertdemir,788445.0,Zidan Sertdemir,fbref_accepted_exact_unique_name,1,True
mitchelbakker,Mitchel Bakker,361065.0,Mitchel Bakker,fbref_accepted_exact_unique_name,8,True
amineadli,Amine Adli,532776.0,Amine Adli,fbref_accepted_exact_unique_name,4,True
sardarazmoun,Sardar Azmoun,180337.0,Sardar Azmoun,fbref_accepted_exact_unique_name,9,True
joskogvardiol,Josko Gvardiol,475959.0,Josko Gvardiol,fbref_accepted_exact_unique_name,4,True
mohamedsimakan,Mohamed Simakan,666234.0,Mohamed Simakan,fbref_accepted_exact_unique_name,9,True
williorban,Willi Orbán,93740.0,Willi Orbán,fbref_accepted_exact_unique_name,7,True
hugonovoa,Hugo Novoa,668276.0,Hugo Novoa,fbref_accepted_exact_unique_name,3,True
ilaixmoriba,Ilaix Moriba,617074.0,Ilaix Moriba,fbref_accepted_exact_unique_name,7,True
daniolmo,Dani Olmo,293385.0,Dani Olmo,fbref_accepted_exact_unique_name,12,True
joschawosz,Joscha Wosz,597004.0,Joscha Wosz,fbref_accepted_exact_unique_name,1,True
yussufpoulsen,Yussuf Poulsen,157635.0,Yussuf Poulsen,fbref_accepted_exact_unique_name,13,True
brianbrobbey,Brian Brobbey,473169.0,Brian Brobbey,fbref_accepted_exact_unique_name,2,True
marvinfriedrich,Marvin Friedrich,196231.0,Marvin Friedrich,fbref_accepted_exact_unique_name,11,True
pauljaeckel,Paul Jaeckel,284248.0,Paul Jaeckel,fbref_accepted_exact_unique_name,1,True
timobaumgartl,Timo Baumgartl,187491.0,Timo Baumgartl,fbref_accepted_exact_unique_name,2,True
dominiqueheintz,Dominique Heintz,110036.0,Dominique Heintz,fbref_accepted_exact_unique_name,10,True
rickvandrongelen,Rick van Drongelen,354340.0,Rick van Drongelen,fbref_accepted_exact_unique_name,3,True
sebastiangriesbeck,Sebastian Griesbeck,153555.0,Sebastian Griesbeck,fbref_accepted_exact_unique_name,4,True
mathisbruns,Mathis Bruns,699702.0,Mathis Bruns,canonical_identity_exact_unique_name,1,True
julianryerson,Julian Ryerson,370789.0,Julian Ryerson,fbref_accepted_exact_unique_name,13,True
pawelwszolek,Pawel Wszolek,,,unresolved,1,False
andrasschafer,András Schäfer,454863.0,András Schäfer,fbref_accepted_exact_unique_name,4,True
fabioschneider,Fabio Schneider,548803.0,Fabio Schneider,canonical_identity_exact_unique_name,2,True
genkiharaguchi,Genki Haraguchi,79377.0,Genki Haraguchi,fbref_accepted_exact_unique_name,3,True
laurenzdehl,Laurenz Dehl,451403.0,Laurenz Dehl,canonical_identity_exact_unique_name,1,True
kevinbehrens,Kevin Behrens,117432.0,Kevin Behrens,fbref_accepted_exact_unique_name,2,True
noahatubolu,Noah Atubolu,526845.0,Noah Atubolu,fbref_accepted_exact_unique_name,5,True
philipplienhart,Philipp Lienhart,225657.0,Philipp Lienhart,fbref_accepted_exact_unique_name,9,True
kennethschmidt,Kenneth Schmidt,527276.0,Kenneth Schmidt,fbref_accepted_exact_unique_name,4,True
kimberlyezekwem,Kimberly Ezekwem,453865.0,Kimberly Ezekwem,fbref_accepted_exact_unique_name,2,True
hugosiquet,Hugo Siquet,578680.0,Hugo Siquet,fbref_accepted_exact_unique_name,1,True
lukaskubler,Lukas Kübler,93604.0,Lukas Kübler,fbref_accepted_exact_unique_name,5,True
kiliannsildillia,Kiliann Sildillia,548348.0,Kiliann Sildillia,fbref_accepted_exact_unique_name,4,True
nicolashofler,Nicolas Höfler,55099.0,Nicolas Höfler,fbref_accepted_exact_unique_name,1,True
yannikengelhardt,Yannik Engelhardt,405670.0,Yannik Engelhardt,canonical_identity_exact_unique_name,1,True
maximilianeggestein,Maximilian Eggestein,190284.0,Maximilian Eggestein,fbref_accepted_exact_unique_name,2,True
robertwagner,Robert Wagner,690429.0,Robert Wagner,fbref_accepted_exact_unique_name,4,True
noahweisshaupt,Noah Weißhaupt,392163.0,Noah Weißhaupt,fbref_accepted_exact_unique_name,3,True
vincentvermeij,Vincent Vermeij,273054.0,Vincent Vermeij,canonical_identity_exact_unique_name,2,True
marvinschwabe,Marvin Schwäbe,160929.0,Marvin Schwäbe,fbref_accepted_exact_unique_name,1,True
timohorn,Timo Horn,84938.0,Timo Horn,fbref_accepted_exact_unique_name,3,True
timohubers,Timo Hübers,236981.0,Timo Hübers,fbref_accepted_exact_unique_name,5,True
jeffchabot,Jeff Chabot,303219.0,Jeff Chabot,canonical_identity_exact_unique_name,7,True
rafaelczichos,Rafael Czichos,84150.0,Rafael Czichos,fbref_accepted_exact_unique_name,2,True
janneshorn,Jannes Horn,231586.0,Jannes Horn,fbref_accepted_exact_unique_name,5,True
ellyesskhiri,Ellyes Skhiri,290587.0,Ellyes Skhiri,fbref_accepted_exact_unique_name,10,True
dejanljubicic,Dejan Ljubicic,287188.0,Dejan Ljubicic,fbref_accepted_exact_unique_name,7,True
moussaniakhate,Moussa Niakhaté,291200.0,Moussa Niakhaté,fbref_accepted_exact_unique_name,3,True
alexanderhack,Alexander Hack,126281.0,Alexander Hack,fbref_accepted_exact_unique_name,1,True
davidnemeth,David Nemeth,451906.0,David Nemeth,fbref_accepted_exact_unique_name,2,True
andersonlucoqui,Anderson Lucoqui,240274.0,Anderson Lucoqui,fbref_accepted_exact_unique_name,2,True
silvanwidmer,Silvan Widmer,168989.0,Silvan Widmer,fbref_accepted_exact_unique_name,5,True
niklastauer,Niklas Tauer,470815.0,Niklas Tauer,fbref_accepted_exact_unique_name,5,True
jaesunglee,Jae-sung Lee,,,unresolved,3,False
delanoburgzorg,Delano Burgzorg,436585.0,Delano Burgzorg,fbref_accepted_exact_unique_name,3,True
fabianruth,Fabian Rüth,452065.0,Fabian Rüth,canonical_identity_exact_unique_name,1,True
gabrielhaider,Gabriel Haider,523913.0,Gabriel Haider,canonical_identity_exact_unique_name,3,True
noahkonig,Noah König,685487.0,Noah König,canonical_identity_exact_unique_name,1,True
davidraum,David Raum,318204.0,David Raum,fbref_accepted_exact_unique_name,3,True
marcojohn,Marco John,450234.0,Marco John,fbref_accepted_exact_unique_name,7,True
pavelkaderabek,Pavel Kaderabek,143798.0,Pavel Kaderabek,fbref_accepted_exact_unique_name,13,True
justinche,Justin Che,796429.0,Justin Che,fbref_accepted_exact_unique_name,2,True
angelostiller,Angelo Stiller,443710.0,Angelo Stiller,fbref_accepted_exact_unique_name,9,True
dennisgeiger,Dennis Geiger,251309.0,Dennis Geiger,fbref_accepted_exact_unique_name,14,True
bambaseconte,Bambasé Conté,574193.0,Bambasé Conté,fbref_accepted_exact_unique_name,4,True
fisnikasllani,Fisnik Asllani,524290.0,Fisnik Asllani,fbref_accepted_exact_unique_name,4,True
matthiasginter,Matthias Ginter,124502.0,Matthias Ginter,fbref_accepted_exact_unique_name,7,True
ramybensebaini,Ramy Bensebaini,284732.0,Ramy Bensebaini,fbref_accepted_exact_unique_name,12,True
joescally,Joe Scally,504153.0,Joe Scally,fbref_accepted_exact_unique_name,1,True
christophkramer,Christoph Kramer,82097.0,Christoph Kramer,fbref_accepted_exact_unique_name,11,True
manukone,Manu Koné,624690.0,Manu Koné,fbref_accepted_exact_unique_name,9,True
keananbennetts,Keanan Bennetts,321096.0,Keanan Bennetts,fbref_accepted_exact_unique_name,1,True
marcusthuram,Marcus Thuram,318528.0,Marcus Thuram,fbref_accepted_exact_unique_name,11,True
kevintrapp,Kevin Trapp,45672.0,Kevin Trapp,fbref_accepted_exact_unique_name,9,True
diantramaj,Diant Ramaj,448705.0,Diant Ramaj,fbref_accepted_exact_unique_name,1,True
dannydacosta,Danny da Costa,85906.0,Danny da Costa,fbref_accepted_exact_unique_name,8,True
janschroder,Jan Schröder,610798.0,Jan Schröder,canonical_identity_exact_unique_name,1,True
kristijanjakic,Kristijan Jakic,374954.0,Kristijan Jakic,fbref_accepted_exact_unique_name,15,True
stefanilsanker,Stefan Ilsanker,40074.0,Stefan Ilsanker,fbref_accepted_exact_unique_name,1,True
makotohasebe,Makoto Hasebe,39259.0,Makoto Hasebe,fbref_accepted_exact_unique_name,6,True
ajdinhrustic,Ajdin Hrustic,265625.0,Ajdin Hrustic,fbref_accepted_exact_unique_name,4,True
stevenzuber,Steven Zuber,68033.0,Steven Zuber,fbref_accepted_exact_unique_name,1,True
antoniofoti,Antonio Foti,615036.0,Antonio Foti,canonical_identity_exact_unique_name,1,True
jenspetterhauge,Jens Petter Hauge,422355.0,Jens Petter Hauge,fbref_accepted_exact_unique_name,4,True
fabioblanco,Fabio Blanco,648909.0,Fabio Blanco,canonical_identity_exact_unique_name,1,True
jesperlindstrm,Jesper Lindstrøm,513245.0,Jesper Lindstrøm,fbref_accepted_exact_unique_name,11,True
niklasklinger,Niklas Klinger,192268.0,Niklas Klinger,canonical_identity_exact_unique_name,2,True
mickyvandeven,Micky van de Ven,557459.0,Micky van de Ven,fbref_accepted_exact_unique_name,9,True
astervranckx,Aster Vranckx,503881.0,Aster Vranckx,fbref_accepted_exact_unique_name,7,True
felixnmecha,Felix Nmecha,406640.0,Felix Nmecha,fbref_accepted_exact_unique_name,7,True
kevinparedes,Kevin Paredes,711517.0,Kevin Paredes,fbref_accepted_exact_unique_name,9,True
lukasnmecha,Lukas Nmecha,314288.0,Lukas Nmecha,fbref_accepted_exact_unique_name,11,True
woutweghorst,Wout Weghorst,228645.0,Wout Weghorst,fbref_accepted_exact_unique_name,4,True
lucawaldschmidt,Luca Waldschmidt,196095.0,Luca Waldschmidt,fbref_accepted_exact_unique_name,7,True
omarmarmoush,Omar Marmoush,445939.0,Omar Marmoush,fbref_accepted_exact_unique_name,8,True
manuelriemann,Manuel Riemann,40792.0,Manuel Riemann,fbref_accepted_exact_unique_name,3,True
michaelesser,Michael Esser,61989.0,Michael Esser,fbref_accepted_exact_unique_name,8,True
paulgrave,Paul Grave,452192.0,Paul Grave,canonical_identity_exact_unique_name,4,True
armelbellakotchap,Armel Bella-Kotchap,467563.0,Armel Bella-Kotchap,fbref_accepted_exact_unique_name,5,True
maximleitsch,Maxim Leitsch,334207.0,Maxim Leitsch,fbref_accepted_exact_unique_name,9,True
erhanmasovic,Erhan Masovic,343959.0,Erhan Masovic,fbref_accepted_exact_unique_name,8,True
vasilioslampropoulos,Vasilios Lampropoulos,63489.0,Vasilios Lampropoulos,canonical_identity_exact_unique_name,1,True
saulodecarli,Saulo Decarli,154578.0,Saulo Decarli,fbref_accepted_exact_unique_name,4,True
danilosoares,Danilo Soares,154396.0,Danilo Soares,fbref_accepted_exact_unique_name,8,True
herbertbockhorn,Herbert Bockhorn,186477.0,Herbert Bockhorn,fbref_accepted_exact_unique_name,1,True
cristiangamboa,Cristian Gamboa,121686.0,Cristian Gamboa,fbref_accepted_exact_unique_name,4,True
patrickosterhage,Patrick Osterhage,443331.0,Patrick Osterhage,fbref_accepted_exact_unique_name,9,True
anthonylosilla,Anthony Losilla,111266.0,Anthony Losilla,fbref_accepted_exact_unique_name,3,True
roberttesche,Robert Tesche,41458.0,Robert Tesche,fbref_accepted_exact_unique_name,2,True
milospantovic,Milos Pantovic,232144.0,Milos Pantovic,fbref_accepted_exact_unique_name,4,True
gerritholtmann,Gerrit Holtmann,190289.0,Gerrit Holtmann,fbref_accepted_exact_unique_name,11,True
christopherantwiadjei,Christopher Antwi-Adjei,289182.0,Christopher Antwi-Adjei,fbref_accepted_exact_unique_name,6,True
dannyblum,Danny Blum,41541.0,Danny Blum,fbref_accepted_exact_unique_name,3,True
takumaasano,Takuma Asano,245744.0,Takuma Asano,fbref_accepted_exact_unique_name,7,True
jurgenlocadia,Jürgen Locadia,166240.0,Jürgen Locadia,fbref_accepted_exact_unique_name,8,True
simonzoller,Simon Zoller,79967.0,Simon Zoller,fbref_accepted_exact_unique_name,10,True
luishartwig,Luis Hartwig,571140.0,Luis Hartwig,canonical_identity_exact_unique_name,2,True
tomaskoubek,Tomas Koubek,146714.0,Tomas Koubek,fbref_accepted_exact_unique_name,1,True
reeceoxford,Reece Oxford,314295.0,Reece Oxford,fbref_accepted_exact_unique_name,7,True
jeffreygouweleeuw,Jeffrey Gouweleeuw,106405.0,Jeffrey Gouweleeuw,fbref_accepted_exact_unique_name,4,True
frederikwinther,Frederik Winther,569349.0,Frederik Winther,fbref_accepted_exact_unique_name,3,True
lassegunther,Lasse Günther,522245.0,Lasse Günther,fbref_accepted_exact_unique_name,1,True
robertgumny,Robert Gumny,353826.0,Robert Gumny,fbref_accepted_exact_unique_name,11,True
niklasdorsch,Niklas Dorsch,251302.0,Niklas Dorsch,fbref_accepted_exact_unique_name,10,True
tobiasstrobl,Tobias Strobl,57845.0,Tobias Strobl,fbref_accepted_exact_unique_name,2,True
danielcaligiuri,Daniel Caligiuri,38410.0,Daniel Caligiuri,fbref_accepted_exact_unique_name,2,True
ricardopepi,Ricardo Pepi,627207.0,Ricardo Pepi,fbref_accepted_exact_unique_name,1,True
andizeqiri,Andi Zeqiri,345468.0,Andi Zeqiri,fbref_accepted_exact_unique_name,4,True
florianmuller,Florian Müller,284769.0,Florian Müller,fbref_accepted_exact_unique_name,5,True
fabianbredlow,Fabian Bredlow,187624.0,Fabian Bredlow,fbref_accepted_exact_unique_name,7,True
hirokiito,Hiroki Ito,353892.0,Hiroki Ito,fbref_accepted_exact_unique_name,8,True
bornasosa,Borna Sosa,293194.0,Borna Sosa,fbref_accepted_exact_unique_name,15,True
pascalstenzel,Pascal Stenzel,195246.0,Pascal Stenzel,fbref_accepted_exact_unique_name,6,True
wataruendo,Wataru Endo,146310.0,Wataru Endo,fbref_accepted_exact_unique_name,6,True
richardweil,Richard Weil,49032.0,Richard Weil,canonical_identity_exact_unique_name,1,True
nikolasnartey,Nikolas Nartey,400546.0,Nikolas Nartey,fbref_accepted_exact_unique_name,14,True
naouirouahamada,Naouirou Ahamada,538971.0,Naouirou Ahamada,fbref_accepted_exact_unique_name,7,True
enzomillot,Enzo Millot,569366.0,Enzo Millot,fbref_accepted_exact_unique_name,8,True
philippklement,Philipp Klement,60394.0,Philipp Klement,fbref_accepted_exact_unique_name,2,True
chrisfuhrich,Chris Führich,272278.0,Chris Führich,fbref_accepted_exact_unique_name,8,True
robertomassimo,Roberto Massimo,431561.0,Roberto Massimo,fbref_accepted_exact_unique_name,8,True
sasakalajdzic,Sasa Kalajdzic,369567.0,Sasa Kalajdzic,fbref_accepted_exact_unique_name,11,True
tiagotomas,Tiago Tomás,616344.0,Tiago Tomás,fbref_accepted_exact_unique_name,8,True
wahidfaghir,Wahid Faghir,610431.0,Wahid Faghir,fbref_accepted_exact_unique_name,5,True
alexanderschwolow,Alexander Schwolow,93763.0,Alexander Schwolow,fbref_accepted_exact_unique_name,3,True
oliverchristensen,Oliver Christensen,471936.0,Oliver Christensen,fbref_accepted_exact_unique_name,3,True
marcellotka,Marcel Lotka,453737.0,Marcel Lotka,fbref_accepted_exact_unique_name,3,True
niklasstark,Niklas Stark,162434.0,Niklas Stark,fbref_accepted_exact_unique_name,14,True
linusgechter,Linus Gechter,692734.0,Linus Gechter,fbref_accepted_exact_unique_name,7,True
christalinoatemona,Christalino Atemona,605225.0,Christalino Atemona,canonical_identity_exact_unique_name,4,True
marlonmorgenstern,Marlon Morgenstern,533007.0,Marlon Morgenstern,canonical_identity_exact_unique_name,2,True
cimorocker,Cimo Röcker,117482.0,Cimo Röcker,fbref_accepted_exact_unique_name,2,True
fredrikbjrkan,Fredrik Bjørkan,364938.0,Fredrik Bjørkan,canonical_identity_exact_unique_name,1,True
peterpekarik,Peter Pekarík,51100.0,Peter Pekarík,fbref_accepted_exact_unique_name,1,True
jurgenekkelenkamp,Jurgen Ekkelenkamp,361068.0,Jurgen Ekkelenkamp,fbref_accepted_exact_unique_name,2,True
jonasmichelbrink,Jonas Michelbrink,471901.0,Jonas Michelbrink,canonical_identity_exact_unique_name,1,True
julianalbrecht,Julian Albrecht,392149.0,Julian Albrecht,canonical_identity_exact_unique_name,2,True
jonasdirkner,Jonas Dirkner,605222.0,Jonas Dirkner,canonical_identity_exact_unique_name,1,True
antonkade,Anton Kade,654234.0,Anton Kade,fbref_accepted_exact_unique_name,1,True
kevinprinceboateng,Kevin-Prince Boateng,16922.0,Kevin-Prince Boateng,fbref_accepted_exact_unique_name,8,True
myzianemaolida,Myziane Maolida,371142.0,Myziane Maolida,fbref_accepted_exact_unique_name,13,True
keliannsona,Kelian Nsona,569368.0,Kelian Nsona,canonical_identity_exact_unique_name,3,True
dongjunlee,Dong-jun Lee,269601.0,Dong-jun Lee,canonical_identity_exact_unique_name,3,True
martenwinkler,Marten Winkler,574569.0,Marten Winkler,fbref_accepted_exact_unique_name,3,True
stevanjovetic,Stevan Jovetić,46104.0,Stevan Jovetić,fbref_accepted_exact_unique_name,10,True
davieselke,Davie Selke,178459.0,Davie Selke,fbref_accepted_exact_unique_name,11,True
stefanortega,Stefan Ortega,85941.0,Stefan Ortega,fbref_accepted_exact_unique_name,1,True
andresandrade,Andrés Andrade,,,unresolved,1,False
mikevanderhoorn,Mike van der Hoorn,187105.0,Mike van der Hoorn,fbref_accepted_exact_unique_name,1,True
fabiankunze,Fabian Kunze,334186.0,Fabian Kunze,fbref_accepted_exact_unique_name,2,True
sebastianvasiliadis,Sebastian Vasiliadis,333516.0,Sebastian Vasiliadis,fbref_accepted_exact_unique_name,3,True
lennartczyborra,Lennart Czyborra,309393.0,Lennart Czyborra,canonical_identity_exact_unique_name,8,True
robinhack,Robin Hack,284010.0,Robin Hack,fbref_accepted_exact_unique_name,5,True
patrickwimmer,Patrick Wimmer,533295.0,Patrick Wimmer,fbref_accepted_exact_unique_name,12,True
christiangebauer,Christian Gebauer,275423.0,Christian Gebauer,fbref_accepted_exact_unique_name,1,True
floriankruger,Florian Krüger,317740.0,Florian Krüger,fbref_accepted_exact_unique_name,1,True
janniserra,Janni Serra,294534.0,Janni Serra,fbref_accepted_exact_unique_name,1,True
bryanlasme,Bryan Lasme,477109.0,Bryan Lasme,fbref_accepted_exact_unique_name,1,True
fabianklos,Fabian Klos,78147.0,Fabian Klos,fbref_accepted_exact_unique_name,1,True
saschaburchert,Sascha Burchert,36898.0,Sascha Burchert,fbref_accepted_exact_unique_name,3,True
mariusfunk,Marius Funk,170517.0,Marius Funk,fbref_accepted_exact_unique_name,1,True
maximilianbauer,Maximilian Bauer,388363.0,Maximilian Bauer,fbref_accepted_exact_unique_name,3,True
justinhoogma,Justin Hoogma,411287.0,Justin Hoogma,fbref_accepted_exact_unique_name,3,True
nickviergever,Nick Viergever,93081.0,Nick Viergever,fbref_accepted_exact_unique_name,1,True
gideonjung,Gideon Jung,247661.0,Gideon Jung,fbref_accepted_exact_unique_name,4,True
abdourahmanebarry,Abdourahmane Barry,536472.0,Abdourahmane Barry,fbref_accepted_exact_unique_name,1,True
simonasta,Simon Asta,392131.0,Simon Asta,fbref_accepted_exact_unique_name,1,True
maxchristiansen,Max Christiansen,192300.0,Max Christiansen,fbref_accepted_exact_unique_name,6,True
nunoosarpei,Nunoo Sarpei,451340.0,Nunoo Sarpei,canonical_identity_exact_unique_name,1,True
paulseguin,Paul Seguin,183780.0,Paul Seguin,fbref_accepted_exact_unique_name,2,True
jeremydudziak,Jeremy Dudziak,147359.0,Jeremy Dudziak,fbref_accepted_exact_unique_name,4,True
juliangreen,Julian Green,161204.0,Julian Green,fbref_accepted_exact_unique_name,1,True
adrianfein,Adrian Fein,379979.0,Adrian Fein,fbref_accepted_exact_unique_name,3,True
nilsseufert,Nils Seufert,279064.0,Nils Seufert,fbref_accepted_exact_unique_name,2,True
mertyusuftorlak,Mert Yusuf Torlak,658293.0,Mert Yusuf Torlak,canonical_identity_exact_unique_name,3,True
jamieleweling,Jamie Leweling,518505.0,Jamie Leweling,fbref_accepted_exact_unique_name,4,True
cedricitten,Cedric Itten,243856.0,Cedric Itten,fbref_accepted_exact_unique_name,1,True
afimicopululu,Afimico Pululu,410649.0,Afimico Pululu,fbref_accepted_exact_unique_name,1,True
havardnielsen,Havard Nielsen,136181.0,Havard Nielsen,fbref_accepted_exact_unique_name,3,True
dicksonabiama,Dickson Abiama,596813.0,Dickson Abiama,fbref_accepted_exact_unique_name,1,True
robinkehr,Robin Kehr,334998.0,Robin Kehr,canonical_identity_exact_unique_name,3,True
matthijsdeligt,Matthijs de Ligt,326031.0,Matthijs de Ligt,fbref_accepted_exact_unique_name,15,True
justinjanitzek,Justin Janitzek,639580.0,Justin Janitzek,canonical_identity_exact_unique_name,1,True
liammorrison,Liam Morrison,567114.0,Liam Morrison,canonical_identity_exact_unique_name,1,True
gabrielmarusic,Gabriel Marusic,604322.0,Gabriel Marusic,canonical_identity_exact_unique_name,1,True
noussairmazraoui,Noussair Mazraoui,340456.0,Noussair Mazraoui,fbref_accepted_exact_unique_name,9,True
ryangravenberch,Ryan Gravenberch,478573.0,Ryan Gravenberch,fbref_accepted_exact_unique_name,3,True
paulwanner,Paul Wanner,900909.0,Paul Wanner,canonical_identity_exact_unique_name,4,True
arijonibrahimovic,Arijon Ibrahimovic,744728.0,Arijon Ibrahimovic,fbref_accepted_exact_unique_name,8,True
sadiomane,Sadio Mané,200512.0,Sadio Mané,fbref_accepted_exact_unique_name,3,True
gabrielvidovic,Gabriel Vidovic,604327.0,Gabriel Vidovic,fbref_accepted_exact_unique_name,3,True
mathystel,Mathys Tel,801734.0,Mathys Tel,fbref_accepted_exact_unique_name,8,True
tomrothe,Tom Rothe,798043.0,Tom Rothe,fbref_accepted_exact_unique_name,3,True
salihozcan,Salih Özcan,244940.0,Salih Özcan,fbref_accepted_exact_unique_name,7,True
julienduranville,Julien Duranville,819215.0,Julien Duranville,fbref_accepted_exact_unique_name,9,True
karimadeyemi,Karim Adeyemi,496094.0,Karim Adeyemi,fbref_accepted_exact_unique_name,10,True
justinnjinmah,Justin Njinmah,596153.0,Justin Njinmah,fbref_accepted_exact_unique_name,7,True
sebastienhaller,Sébastien Haller,181375.0,Sébastien Haller,fbref_accepted_exact_unique_name,11,True
janisblaswich,Janis Blaswich,81173.0,Janis Blaswich,fbref_accepted_exact_unique_name,1,True
timoschlieck,Timo Schlieck,897425.0,Timo Schlieck,canonical_identity_exact_unique_name,1,True
abdoudiallo,Abdou Diallo,229005.0,Abdou Diallo,fbref_accepted_exact_unique_name,8,True
timowerner,Timo Werner,170527.0,Timo Werner,fbref_accepted_exact_unique_name,14,True
alexandersrloth,Alexander Sørloth,238407.0,Alexander Sørloth,fbref_accepted_exact_unique_name,11,True
ivanordets,Ivan Ordets,118850.0,Ivan Ordets,fbref_accepted_exact_unique_name,9,True
mohammedtolba,Mohammed Tolba,813730.0,Mohammed Tolba,canonical_identity_exact_unique_name,5,True
jordioseitutu,Jordi Osei-Tutu,397099.0,Jordi Osei-Tutu,fbref_accepted_exact_unique_name,3,True
jacekgoralski,Jacek Goralski,199297.0,Jacek Goralski,fbref_accepted_exact_unique_name,6,True
kevinstoger,Kevin Stöger,106872.0,Kevin Stöger,fbref_accepted_exact_unique_name,5,True
lysmousset,Lys Mousset,291422.0,Lys Mousset,fbref_accepted_exact_unique_name,15,True
moritzbroschinski,Moritz Broschinski,406973.0,Moritz Broschinski,fbref_accepted_exact_unique_name,2,True
danielkofikyereh,Daniel-Kofi Kyereh,272587.0,Daniel-Kofi Kyereh,canonical_identity_exact_unique_name,5,True
merlinrohl,Merlin Röhl,608832.0,Merlin Röhl,fbref_accepted_exact_unique_name,6,True
ritsudoan,Ritsu Doan,358504.0,Ritsu Doan,fbref_accepted_exact_unique_name,2,True
lucasholer,Lucas Höler,248999.0,Lucas Höler,fbref_accepted_exact_unique_name,2,True
patrickpentz,Patrick Pentz,223972.0,Patrick Pentz,fbref_accepted_exact_unique_name,2,True
odilonkossounou,Odilon Kossounou,644771.0,Odilon Kossounou,fbref_accepted_exact_unique_name,6,True
callumhudsonodoi,Callum Hudson-Odoi,392768.0,Callum Hudson-Odoi,fbref_accepted_exact_unique_name,10,True
hrvojesmolcic,Hrvoje Smolcic,571299.0,Hrvoje Smolcic,fbref_accepted_exact_unique_name,1,True
jeromeonguene,Jérôme Onguéné,272638.0,Jérôme Onguéné,fbref_accepted_exact_unique_name,5,True
lucapellegrini,Luca Pellegrini,346567.0,Luca Pellegrini,fbref_accepted_exact_unique_name,13,True
philippmax,Philipp Max,111275.0,Philipp Max,fbref_accepted_exact_unique_name,2,True
timothychandler,Timothy Chandler,49723.0,Timothy Chandler,fbref_accepted_exact_unique_name,4,True
marcelwenig,Marcel Wenig,654872.0,Marcel Wenig,fbref_accepted_exact_unique_name,2,True
mehdiloune,Mehdi Loune,519869.0,Mehdi Loune,canonical_identity_exact_unique_name,3,True
juniordinaebimbe,Junior Dina Ebimbe,536482.0,Junior Dina Ebimbe,fbref_accepted_exact_unique_name,7,True
mariogotze,Mario Götze,74842.0,Mario Götze,fbref_accepted_exact_unique_name,6,True
ansgarknauff,Ansgar Knauff,429874.0,Ansgar Knauff,fbref_accepted_exact_unique_name,5,True
randalkolomuani,Randal Kolo Muani,487969.0,Randal Kolo Muani,fbref_accepted_exact_unique_name,8,True
bartolfranjic,Bartol Franjic,370998.0,Bartol Franjic,fbref_accepted_exact_unique_name,5,True
kilianfischer,Kilian Fischer,435796.0,Kilian Fischer,fbref_accepted_exact_unique_name,3,True
mattiassvanberg,Mattias Svanberg,342405.0,Mattias Svanberg,fbref_accepted_exact_unique_name,7,True
yannickgerhardt,Yannick Gerhardt,119277.0,Yannick Gerhardt,fbref_accepted_exact_unique_name,3,True
jakubkaminski,Jakub Kaminski,407098.0,Jakub Kamiński,fbref_accepted_exact_unique_name,3,True
jonaswind,Jonas Wind,391004.0,Jonas Wind,fbref_accepted_exact_unique_name,3,True
andreashancheolsen,Andreas Hanche-Olsen,370683.0,Andreas Hanche-Olsen,fbref_accepted_exact_unique_name,6,True
stefanbell,Stefan Bell,82350.0,Stefan Bell,fbref_accepted_exact_unique_name,4,True
antonstach,Anton Stach,344069.0,Anton Stach,fbref_accepted_exact_unique_name,5,True
merveillepapela,Merveille Papela,405689.0,Merveille Papela,fbref_accepted_exact_unique_name,1,True
marlonmustapha,Marlon Mustapha,532495.0,Marlon Mustapha,canonical_identity_exact_unique_name,3,True
jonasomlin,Jonas Omlin,247915.0,Jonas Omlin,fbref_accepted_exact_unique_name,14,True
tobiassippel,Tobias Sippel,31653.0,Tobias Sippel,fbref_accepted_exact_unique_name,4,True
maximilianbrull,Maximilian Brüll,596103.0,Maximilian Brüll,canonical_identity_exact_unique_name,2,True
koitakura,Ko Itakura,355816.0,Ko Itakura,fbref_accepted_exact_unique_name,4,True
simonwalde,Simon Walde,912455.0,Simon Walde,canonical_identity_exact_unique_name,3,True
julianweigl,Julian Weigl,196792.0,Julian Weigl,fbref_accepted_exact_unique_name,2,True
florianneuhaus,Florian Neuhaus,278332.0,Florian Neuhaus,fbref_accepted_exact_unique_name,5,True
oscarfraulo,Oscar Fraulo,610428.0,Oscar Fraulo,fbref_accepted_exact_unique_name,1,True
yvandroborgessanches,Yvandro Borges Sanches,586659.0,Yvandro Borges Sanches,fbref_accepted_exact_unique_name,11,True
conornoss,Conor Noß,520857.0,Conor Noß,canonical_identity_exact_unique_name,1,True
semirtelalovic,Semir Telalovic,583767.0,Semir Telalovic,canonical_identity_exact_unique_name,1,True
jonasurbig,Jonas Urbig,607720.0,Jonas Urbig,canonical_identity_exact_unique_name,1,True
rijadsmajic,Rijad Smajic,815822.0,Rijad Smajic,canonical_identity_exact_unique_name,1,True
kristianpedersen,Kristian Pedersen,331779.0,Kristian Pedersen,fbref_accepted_exact_unique_name,2,True
kingsleyehizibue,Kingsley Ehizibue,272812.0,Kingsley Ehizibue,fbref_accepted_exact_unique_name,5,True
mathiasolesen,Mathias Olesen,490581.0,Mathias Olesen,fbref_accepted_exact_unique_name,3,True
denishuseinbasic,Denis Huseinbasic,678479.0,Denis Huseinbasic,fbref_accepted_exact_unique_name,1,True
ondrejduda,Ondrej Duda,232418.0,Ondrej Duda,fbref_accepted_exact_unique_name,4,True
markuth,Mark Uth,112935.0,Mark Uth,fbref_accepted_exact_unique_name,8,True
timlemperle,Tim Lemperle,553285.0,Tim Lemperle,fbref_accepted_exact_unique_name,1,True
floriandietz,Florian Dietz,283871.0,Florian Dietz,fbref_accepted_exact_unique_name,6,True
damiondowns,Damion Downs,820241.0,Damion Downs,fbref_accepted_exact_unique_name,2,True
maximilianschmid,Maximilian Schmid,573978.0,Maximilian Schmid,canonical_identity_exact_unique_name,1,True
stanleynsoki,Stanley Nsoki,371141.0,Stanley Nsoki,fbref_accepted_exact_unique_name,10,True
kevinvogt,Kevin Vogt,84435.0,Kevin Vogt,fbref_accepted_exact_unique_name,9,True
tombischof,Tom Bischof,822959.0,Tom Bischof,fbref_accepted_exact_unique_name,3,True
kasperdolberg,Kasper Dolberg,283196.0,Kasper Dolberg,fbref_accepted_exact_unique_name,8,True
jiripavlenka,Jiri Pavlenka,260053.0,Jiri Pavlenka,fbref_accepted_exact_unique_name,5,True
dudu,Dudu,,,unresolved,3,False
milosveljkovic,Milos Veljkovic,202228.0,Milos Veljkovic,fbref_accepted_exact_unique_name,14,True
leebuchanan,Lee Buchanan,532539.0,Lee Buchanan,fbref_accepted_exact_unique_name,4,True
nicolairapp,Nicolai Rapp,185427.0,Nicolai Rapp,fbref_accepted_exact_unique_name,7,True
tomberger,Tom Berger,471888.0,Tom Berger,canonical_identity_exact_unique_name,1,True
niklasschmidt,Niklas Schmidt,275249.0,Niklas Schmidt,fbref_accepted_exact_unique_name,3,True
dikenisalifou,Dikeni Salifou,664973.0,Dikeni Salifou,canonical_identity_exact_unique_name,3,True
romanoschmid,Romano Schmid,346853.0,Romano Schmid,fbref_accepted_exact_unique_name,5,True
erendinkci,Eren Dinkçi,645774.0,Eren Dinkçi,fbref_accepted_exact_unique_name,9,True
benjamingoller,Benjamin Goller,388058.0,Benjamin Goller,fbref_accepted_exact_unique_name,2,True
rafalgikiewicz,Rafal Gikiewicz,78339.0,Rafał Gikiewicz,fbref_accepted_enhanced_exact_unique_name,2,True
felixgotze,Felix Götze,330635.0,Felix Götze,fbref_accepted_exact_unique_name,3,True
davidcolina,David Colina,371000.0,David Colina,fbref_accepted_exact_unique_name,2,True
nathanaelmbuku,Nathanaël Mbuku,557614.0,Nathanaël Mbuku,fbref_accepted_exact_unique_name,2,True
lukaspetkov,Lukas Petkov,401639.0,Lukas Petkov,fbref_accepted_exact_unique_name,1,True
ermedindemirovic,Ermedin Demirovic,335457.0,Ermedin Demirovic,fbref_accepted_exact_unique_name,1,True
mergimberisha,Mergim Berisha,307924.0,Mergim Berisha,fbref_accepted_exact_unique_name,9,True
kelvinyeboah,Kelvin Yeboah,589737.0,Kelvin Yeboah,fbref_accepted_exact_unique_name,2,True
irvincardona,Irvin Cardona,342226.0,Irvin Cardona,fbref_accepted_exact_unique_name,3,True
dennisseimen,Dennis Seimen,800946.0,Dennis Seimen,canonical_identity_exact_unique_name,2,True
florianschock,Florian Schock,470816.0,Florian Schock,canonical_identity_exact_unique_name,1,True
nicolasglaus,Nicolas Glaus,499319.0,Nicolas Glaus,canonical_identity_exact_unique_name,1,True
antonisaidonis,Antonis Aidonis,405674.0,Antonis Aidonis,fbref_accepted_exact_unique_name,1,True
leonreichardt,Leon Reichardt,730408.0,Leon Reichardt,canonical_identity_exact_unique_name,1,True
joshavagnoman,Josha Vagnoman,448258.0,Josha Vagnoman,fbref_accepted_exact_unique_name,11,True
laurinulrich,Laurin Ulrich,717465.0,Laurin Ulrich,canonical_identity_exact_unique_name,4,True
serhouguirassy,Serhou Guirassy,270541.0,Serhou Guirassy,fbref_accepted_exact_unique_name,10,True
lucapfeiffer,Luca Pfeiffer,232463.0,Luca Pfeiffer,fbref_accepted_exact_unique_name,1,True
thomaskastanaras,Thomas Kastanaras,675565.0,Thomas Kastanaras,fbref_accepted_exact_unique_name,3,True
tjarkernst,Tjark Ernst,553282.0,Tjark Ernst,fbref_accepted_exact_unique_name,1,True
robertkwasigroch,Robert Kwasigroch,815180.0,Robert Kwasigroch,canonical_identity_exact_unique_name,1,True
filipuremovic,Filip Uremovic,325887.0,Filip Uremovic,fbref_accepted_exact_unique_name,1,True
agustinrogel,Agustín Rogel,456535.0,Agustín Rogel,fbref_accepted_exact_unique_name,1,True
lukasullrich,Lukas Ullrich,787151.0,Lukas Ullrich,fbref_accepted_exact_unique_name,3,True
jeanpaulboetius,Jean-Paul Boëtius,182574.0,Jean-Paul Boëtius,fbref_accepted_exact_unique_name,2,True
tonyrolke,Tony Rölke,688641.0,Tony Rölke,canonical_identity_exact_unique_name,2,True
chideraejuke,Chidera Ejuke,500067.0,Chidera Ejuke,fbref_accepted_exact_unique_name,2,True
derryscherhant,Derry Scherhant,820957.0,Derry Scherhant,canonical_identity_exact_unique_name,1,True
wilfriedkanga,Wilfried Kanga,395523.0,Wilfried Kanga,fbref_accepted_exact_unique_name,6,True
justinheekeren,Justin Heekeren,453770.0,Justin Heekeren,canonical_identity_exact_unique_name,1,True
moritzjenz,Moritz Jenz,460245.0,Moritz Jenz,fbref_accepted_exact_unique_name,13,True
seppvandenberg,Sepp van den Berg,541231.0,Sepp van den Berg,fbref_accepted_exact_unique_name,6,True
leogreiml,Leo Greiml,434110.0,Leo Greiml,fbref_accepted_exact_unique_name,1,True
timotheekolodziejczak,Timothée Kolodziejczak,84085.0,Timothée Kolodziejczak,fbref_accepted_exact_unique_name,1,True
ibrahimacisse,Ibrahima Cissé,160380.0,Ibrahima Cissé,fbref_accepted_exact_unique_name,1,True
thomasouwejan,Thomas Ouwejan,241477.0,Thomas Ouwejan,fbref_accepted_exact_unique_name,5,True
jereuronen,Jere Uronen,131827.0,Jere Uronen,fbref_accepted_exact_unique_name,3,True
ederbalanta,Éder Balanta,265127.0,Éder Balanta,canonical_identity_exact_unique_name,1,True
florianflick,Florian Flick,596881.0,Florian Flick,fbref_accepted_exact_unique_name,1,True
dannylatza,Danny Latza,39025.0,Danny Latza,fbref_accepted_exact_unique_name,1,True
tomkrauss,Tom Krauß,405687.0,Tom Krauß,fbref_accepted_exact_unique_name,2,True
alexkral,Alex Král,337333.0,Alex Král,fbref_accepted_exact_unique_name,2,True
rodrigozalazar,Rodrigo Zalazar,606752.0,Rodrigo Zalazar,fbref_accepted_exact_unique_name,2,True
tobiasmohr,Tobias Mohr,153661.0,Tobias Mohr,fbref_accepted_exact_unique_name,2,True
florentmollet,Florent Mollet,222859.0,Florent Mollet,fbref_accepted_exact_unique_name,4,True
dominickdrexler,Dominick Drexler,53400.0,Dominick Drexler,fbref_accepted_exact_unique_name,3,True
soichirokozuki,Soichiro Kozuki,405393.0,Soichiro Kozuki,fbref_accepted_exact_unique_name,2,True
andreasivan,Andreas Ivan,200041.0,Andreas Ivan,canonical_identity_exact_unique_name,1,True
jordanlarsson,Jordan Larsson,308552.0,Jordan Larsson,fbref_accepted_exact_unique_name,1,True
michaelfrey,Michael Frey,147043.0,Michael Frey,fbref_accepted_exact_unique_name,2,True
timskarke,Tim Skarke,287920.0,Tim Skarke,fbref_accepted_exact_unique_name,2,True
simonterodde,Simon Terodde,36284.0,Simon Terodde,fbref_accepted_exact_unique_name,1,True
sebastianpolter,Sebastian Polter,60957.0,Sebastian Polter,fbref_accepted_exact_unique_name,5,True
matejkovar,Matej Kovar,550829.0,Matej Kovar,fbref_accepted_exact_unique_name,1,True
alejandrogrimaldo,Alejandro Grimaldo,193082.0,Alejandro Grimaldo,canonical_identity_exact_unique_name,1,True
arthur,Arthur,977464.0,Arthur,fbref_accepted_exact_unique_name,1,True
adamhlozek,Adam Hlozek,552057.0,Adam Hlozek,fbref_accepted_exact_unique_name,3,True
victorboniface,Victor Boniface,656681.0,Victor Boniface,fbref_accepted_exact_unique_name,6,True
borjaiglesias,Borja Iglesias,278359.0,Borja Iglesias,fbref_accepted_exact_unique_name,3,True
danielperetz,Daniel Peretz,468539.0,Daniel Peretz,fbref_accepted_exact_unique_name,3,True
tomritzyhulsmann,Tom Ritzy Hülsmann,639582.0,Tom Ritzy Hülsmann,canonical_identity_exact_unique_name,1,True
minjaekim,Min-jae Kim,503482.0,Min-jae Kim,canonical_identity_exact_unique_name,6,True
ericdier,Eric Dier,175722.0,Eric Dier,fbref_accepted_exact_unique_name,11,True
tarekbuchmann,Tarek Buchmann,744729.0,Tarek Buchmann,canonical_identity_exact_unique_name,6,True
sachaboey,Sacha Boey,475413.0,Sacha Boey,fbref_accepted_exact_unique_name,7,True
aleksandarpavlovic,Aleksandar Pavlovic,792380.0,Aleksandar Pavlovic,fbref_accepted_exact_unique_name,7,True
noelaseko,Noel Aseko,904974.0,Noel Aseko,canonical_identity_exact_unique_name,4,True
lucadenk,Luca Denk,522242.0,Luca Denk,canonical_identity_exact_unique_name,1,True
harrykane,Harry Kane,132098.0,Harry Kane,fbref_accepted_exact_unique_name,5,True
anthonyrouault,Anthony Rouault,690799.0,Anthony Rouault,fbref_accepted_exact_unique_name,8,True
moussacisse,Moussa Cissé,,,unresolved,1,False
leonidasstergiou,Leonidas Stergiou,507345.0,Leonidas Stergiou,fbref_accepted_exact_unique_name,5,True
samueledibenedetto,Samuele Di Benedetto,826064.0,Samuele Di Benedetto,canonical_identity_exact_unique_name,1,True
lucaraimund,Luca Raimund,907489.0,Luca Raimund,canonical_identity_exact_unique_name,6,True
denizundav,Deniz Undav,339314.0,Deniz Undav,fbref_accepted_exact_unique_name,6,True
jovanmilosevic,Jovan Milosevic,943795.0,Jovan Milosevic,fbref_accepted_exact_unique_name,1,True
elchadaillebitshiabu,El Chadaille Bitshiabu,787912.0,El Chadaille Bitshiabu,fbref_accepted_exact_unique_name,3,True
timkohler,Tim Köhler,913429.0,Tim Köhler,canonical_identity_exact_unique_name,2,True
eljifelmas,Eljif Elmas,400489.0,Eljif Elmas,canonical_identity_exact_unique_name,11,True
nuhajatta,Nuha Jatta,,,unresolved,1,False
hendryblank,Hendry Blank,804831.0,Hendry Blank,fbref_accepted_exact_unique_name,2,True
antoniospapadopoulos,Antonios Papadopoulos,482573.0,Antonios Papadopoulos,fbref_accepted_exact_unique_name,1,True
ianmaatsen,Ian Maatsen,485585.0,Ian Maatsen,fbref_accepted_exact_unique_name,3,True
guillebueno,Guille Bueno,854079.0,Guille Bueno,canonical_identity_exact_unique_name,1,True
olepohlmann,Ole Pohlmann,405690.0,Ole Pohlmann,fbref_accepted_exact_unique_name,1,True
samuelbamba,Samuel Bamba,684318.0,Samuel Bamba,fbref_accepted_exact_unique_name,2,True
simonsimoni,Simon Simoni,726120.0,Simon Simoni,canonical_identity_exact_unique_name,2,True
robinkoch,Robin Koch,328784.0,Robin Koch,fbref_accepted_exact_unique_name,10,True
dariogebuhr,Dario Gebuhr,666168.0,Dario Gebuhr,fbref_accepted_exact_unique_name,1,True
aureliobuta,Aurélio Buta,258039.0,Aurélio Buta,fbref_accepted_exact_unique_name,1,True
eliasbaum,Elias Baum,744857.0,Elias Baum,canonical_identity_exact_unique_name,1,True
hugolarsson,Hugo Larsson,931838.0,Hugo Larsson,fbref_accepted_exact_unique_name,6,True
donnyvandebeek,Donny van de Beek,288255.0,Donny van de Beek,fbref_accepted_exact_unique_name,9,True
fareschaibi,Farès Chaïbi,855015.0,Farès Chaïbi,fbref_accepted_exact_unique_name,3,True
paxtenaaronson,Paxten Aaronson,795738.0,Paxten Aaronson,fbref_accepted_exact_unique_name,1,True
jeanmatteobahoya,Jean-Mattéo Bahoya,939964.0,Jean-Mattéo Bahoya,fbref_accepted_exact_unique_name,4,True
hugoekitike,Hugo Ekitiké,709726.0,Hugo Ekitiké,fbref_accepted_exact_unique_name,5,True
nachoferri,Nacho Ferri,867357.0,Nacho Ferri,fbref_accepted_exact_unique_name,2,True
noelfutkeu,Noel Futkeu,675535.0,Noel Futkeu,canonical_identity_exact_unique_name,2,True
joshuaquarshie,Joshua Quarshie,790918.0,Joshua Quarshie,canonical_identity_exact_unique_name,1,True
davidjurasek,David Jurásek,500054.0,David Jurásek,fbref_accepted_exact_unique_name,3,True
umuttohumcu,Umut Tohumcu,569031.0,Umut Tohumcu,fbref_accepted_exact_unique_name,5,True
finnbecker,Finn Becker,334999.0,Finn Becker,canonical_identity_exact_unique_name,3,True
julianjustvan,Julian Justvan,324861.0,Julian Justvan,fbref_accepted_exact_unique_name,4,True
jaasojantunen,Jaaso Jantunen,741578.0,Jaaso Jantunen,canonical_identity_exact_unique_name,1,True
niklassauter,Niklas Sauter,632147.0,Niklas Sauter,canonical_identity_exact_unique_name,3,True
maxrosenfelder,Max Rosenfelder,599419.0,Max Rosenfelder,canonical_identity_exact_unique_name,8,True
christiangunter,Christian Günter,93707.0,Christian Günter,fbref_accepted_exact_unique_name,1,True
jordymakengo,Jordy Makengo,815078.0,Jordy Makengo,fbref_accepted_exact_unique_name,3,True
mikabaur,Mika Baur,720948.0,Mika Baur,canonical_identity_exact_unique_name,1,True
florentmuslija,Florent Muslija,337036.0,Florent Muslija,fbref_accepted_exact_unique_name,3,True
ryanjohansson,Ryan Johansson,351071.0,Ryan Johansson,canonical_identity_exact_unique_name,1,True
junioradamu,Junior Adamu,452477.0,Junior Adamu,fbref_accepted_exact_unique_name,1,True
maximilianbreunig,Maximilian Breunig,584254.0,Maximilian Breunig,canonical_identity_exact_unique_name,3,True
spyrosangelidis,Spyros Angelidis,914853.0,Spyros Angelidis,canonical_identity_exact_unique_name,1,True
julianmalatini,Julián Malatini,830108.0,Julián Malatini,fbref_accepted_exact_unique_name,2,True
olivierdeman,Olivier Deman,621802.0,Olivier Deman,fbref_accepted_exact_unique_name,1,True
skellyalvero,Skelly Alvero,855134.0,Skelly Alvero,fbref_accepted_exact_unique_name,8,True
nabykeita,Naby Keïta,302215.0,Naby Keïta,fbref_accepted_exact_unique_name,14,True
isakhansenaaren,Isak Hansen-Aarøen,670116.0,Isak Hansen-Aarøen,fbref_accepted_exact_unique_name,3,True
leonopitz,Leon Opitz,825073.0,Leon Opitz,fbref_accepted_exact_unique_name,3,True
marvinducksch,Marvin Ducksch,125103.0,Marvin Ducksch,fbref_accepted_exact_unique_name,2,True
dawidkownacki,Dawid Kownacki,208167.0,Dawid Kownacki,fbref_accepted_exact_unique_name,2,True
oliverburke,Oliver Burke,341317.0,Oliver Burke,fbref_accepted_exact_unique_name,6,True
finndahmen,Finn Dahmen,251299.0,Finn Dahmen,fbref_accepted_exact_unique_name,2,True
patricpfeiffer,Patric Pfeiffer,391742.0,Patric Pfeiffer,fbref_accepted_exact_unique_name,1,True
japhettanganga,Japhet Tanganga,346478.0,Japhet Tanganga,fbref_accepted_exact_unique_name,7,True
timbreithaupt,Tim Breithaupt,569457.0,Tim Breithaupt,fbref_accepted_exact_unique_name,3,True
masayaokugawa,Masaya Okugawa,307052.0,Masaya Okugawa,fbref_accepted_exact_unique_name,3,True
svenmichel,Sven Michel,186988.0,Sven Michel,fbref_accepted_exact_unique_name,1,True
pavaopervan,Pavao Pervan,51977.0,Pavao Pervan,fbref_accepted_exact_unique_name,1,True
felixlange,Felix Lange,798773.0,Felix Lange,canonical_identity_exact_unique_name,1,True
joakimmaehle,Joakim Maehle,369674.0,Joakim Maehle,fbref_accepted_enhanced_exact_unique_name,7,True
rogerio,Rogério,401527.0,Rogério,fbref_accepted_exact_unique_name,9,True
kofiamoako,Kofi Amoako,814950.0,Kofi Amoako,canonical_identity_exact_unique_name,1,True
aminsarr,Amin Sarr,748382.0,Amin Sarr,fbref_accepted_exact_unique_name,3,True
dzenanpejcinovic,Dzenan Pejcinovic,819636.0,Dzenan Pejcinovic,canonical_identity_exact_unique_name,1,True
maximilianwober,Maximilian Wöber,263361.0,Maximilian Wöber,fbref_accepted_exact_unique_name,7,True
franckhonorat,Franck Honorat,229006.0,Franck Honorat,fbref_accepted_exact_unique_name,5,True
tomascvancara,Tomas Cvancara,544148.0,Tomas Cvancara,fbref_accepted_exact_unique_name,5,True
jordan,Jordan,,,unresolved,8,False
grantleonranos,Grant-Leon Ranos,574201.0,Grant-Leon Ranos,canonical_identity_exact_unique_name,3,True
shiofukuda,Shio Fukuda,1073997.0,Shio Fukuda,canonical_identity_exact_unique_name,1,True
maximdal,Maxim Dal,934317.0,Maxim Dal,canonical_identity_exact_unique_name,2,True
anthonycaci,Anthony Caci,453016.0,Anthony Caci,fbref_accepted_exact_unique_name,1,True
leandrobarreiro,Leandro Barreiro,357233.0,Leandro Barreiro,canonical_identity_exact_unique_name,1,True
brajangruda,Brajan Gruda,700106.0,Brajan Gruda,fbref_accepted_exact_unique_name,6,True
anwarelghazi,Anwar El Ghazi,183720.0,Anwar El Ghazi,fbref_accepted_exact_unique_name,1,True
nelsonweiper,Nelson Weiper,796213.0,Nelson Weiper,canonical_identity_exact_unique_name,2,True
ludovicajorque,Ludovic Ajorque,283994.0,Ludovic Ajorque,fbref_accepted_exact_unique_name,1,True
yannicstein,Yannic Stein,698840.0,Yannic Stein,canonical_identity_exact_unique_name,1,True
danilhodoekhi,Danilho Doekhi,387047.0,Danilho Doekhi,fbref_accepted_exact_unique_name,1,True
robinknoche,Robin Knoche,94201.0,Robin Knoche,fbref_accepted_exact_unique_name,1,True
leonardobonucci,Leonardo Bonucci,39983.0,Leonardo Bonucci,fbref_accepted_exact_unique_name,15,True
robingosens,Robin Gosens,273132.0,Robin Gosens,fbref_accepted_exact_unique_name,16,True
josipjuranovic,Josip Juranovic,362977.0,Josip Juranovic,fbref_accepted_exact_unique_name,6,True
brendenaaronson,Brenden Aaronson,393323.0,Brenden Aaronson,fbref_accepted_exact_unique_name,1,True
kevinvolland,Kevin Volland,82009.0,Kevin Volland,fbref_accepted_exact_unique_name,12,True
niclasthiede,Niclas Thiede,348778.0,Niclas Thiede,fbref_accepted_exact_unique_name,3,True
moritzromling,Moritz Römling,452222.0,Moritz Römling,canonical_identity_exact_unique_name,1,True
timoermann,Tim Oermann,696164.0,Tim Oermann,fbref_accepted_exact_unique_name,5,True
matusbero,Matus Bero,204047.0,Matus Bero,fbref_accepted_exact_unique_name,3,True
moritzbronikwarteng,Moritz-Broni Kwarteng,316575.0,Moritz-Broni Kwarteng,fbref_accepted_exact_unique_name,3,True
matspannewig,Mats Pannewig,796221.0,Mats Pannewig,canonical_identity_exact_unique_name,2,True
thomaskeller,Thomas Keller,485747.0,Thomas Keller,canonical_identity_exact_unique_name,2,True
marnonbusch,Marnon Busch,117478.0,Marnon Busch,fbref_accepted_exact_unique_name,3,True
lennardmaloney,Lennard Maloney,392710.0,Lennard Maloney,fbref_accepted_exact_unique_name,7,True
kevinsessa,Kevin Sessa,448028.0,Kevin Sessa,fbref_accepted_exact_unique_name,1,True
adrianbeck,Adrian Beck,273669.0,Adrian Beck,fbref_accepted_exact_unique_name,2,True
denisthomalla,Denis Thomalla,94030.0,Denis Thomalla,fbref_accepted_exact_unique_name,4,True
niklasbeste,Niklas Beste,342967.0,Niklas Beste,canonical_identity_exact_unique_name,5,True
marvinpieringer,Marvin Pieringer,471055.0,Marvin Pieringer,fbref_accepted_exact_unique_name,3,True
elidonqenaj,Elidon Qenaj,741149.0,Elidon Qenaj,canonical_identity_exact_unique_name,2,True
eliasbakatukanda,Elias Bakatukanda,795762.0,Elias Bakatukanda,canonical_identity_exact_unique_name,1,True
maxfinkgrafe,Max Finkgräfe,810649.0,Max Finkgräfe,fbref_accepted_exact_unique_name,1,True
leartpacarada,Leart Paçarada,107219.0,Leart Paçarada,canonical_identity_exact_unique_name,3,True
noahkatterbach,Noah Katterbach,469949.0,Noah Katterbach,fbref_accepted_exact_unique_name,2,True
ericmartel,Eric Martel,597000.0,Eric Martel,fbref_accepted_exact_unique_name,1,True
jacobchristensen,Jacob Christensen,515017.0,Jacob Christensen,fbref_accepted_exact_unique_name,2,True
rasmuscarstensen,Rasmus Carstensen,542697.0,Rasmus Carstensen,fbref_accepted_exact_unique_name,1,True
lintonmaina,Linton Maina,335103.0,Linton Maina,fbref_accepted_exact_unique_name,3,True
faridealidou,Faride Alidou,456492.0,Faride Alidou,fbref_accepted_exact_unique_name,1,True
justindiehl,Justin Diehl,720162.0,Justin Diehl,fbref_accepted_exact_unique_name,9,True
matejmaglica,Matej Maglica,433388.0,Matej Maglica,fbref_accepted_exact_unique_name,2,True
clemensriedel,Clemens Riedel,692070.0,Clemens Riedel,fbref_accepted_exact_unique_name,2,True
christophzimmermann,Christoph Zimmermann,77812.0,Christoph Zimmermann,fbref_accepted_exact_unique_name,2,True
fabianholland,Fabian Holland,54846.0,Fabian Holland,fbref_accepted_exact_unique_name,1,True
matthiasbader,Matthias Bader,237162.0,Matthias Bader,fbref_accepted_exact_unique_name,2,True
frankronstadt,Frank Ronstadt,270027.0,Frank Ronstadt,fbref_accepted_exact_unique_name,2,True
klausgjasula,Klaus Gjasula,57598.0,Klaus Gjasula,fbref_accepted_exact_unique_name,1,True
tobiaskempe,Tobias Kempe,42072.0,Tobias Kempe,fbref_accepted_exact_unique_name,1,True
fabiannurnberger,Fabian Nürnberger,349433.0,Fabian Nürnberger,fbref_accepted_exact_unique_name,4,True
marvinmehlem,Marvin Mehlem,237226.0,Marvin Mehlem,fbref_accepted_exact_unique_name,2,True
mathiashonsak,Mathias Honsak,283497.0,Mathias Honsak,fbref_accepted_exact_unique_name,5,True
braydonmanu,Braydon Manu,231590.0,Braydon Manu,fbref_accepted_exact_unique_name,3,True
oscarvilhelmsson,Oscar Vilhelmsson,673071.0,Oscar Vilhelmsson,fbref_accepted_exact_unique_name,1,True
fraserhornby,Fraser Hornby,388160.0,Fraser Hornby,fbref_accepted_exact_unique_name,7,True
aaronseydel,Aaron Seydel,187499.0,Aaron Seydel,fbref_accepted_exact_unique_name,2,True
fabiotorsiello,Fabio Torsiello,917015.0,Fabio Torsiello,fbref_accepted_exact_unique_name,1,True
joaopalhinha,João Palhinha,257455.0,João Palhinha,fbref_accepted_exact_unique_name,3,True
davidsantosdaiber,David Santos Daiber,1118495.0,David Santos Daiber,canonical_identity_exact_unique_name,1,True
jonathanaspjensen,Jonathan Asp Jensen,856274.0,Jonathan Asp Jensen,canonical_identity_exact_unique_name,1,True
lennartkarl,Lennart Karl,1075147.0,Lennart Karl,canonical_identity_exact_unique_name,1,True
wisdommike,Wisdom Mike,1084539.0,Wisdom Mike,canonical_identity_exact_unique_name,1,True
jonahkusiasare,Jonah Kusi-Asare,1069512.0,Jonah Kusi-Asare,canonical_identity_exact_unique_name,1,True
alexandermeyer,Alexander Meyer,76158.0,Alexander Meyer,fbref_accepted_exact_unique_name,1,True
filippomane,Filippo Mane,883007.0,Filippo Mane,canonical_identity_exact_unique_name,5,True
eliasbenkara,Elias Benkara,931668.0,Elias Benkara,canonical_identity_exact_unique_name,2,True
tylermeiser,Tyler Meiser,1009446.0,Tyler Meiser,canonical_identity_exact_unique_name,1,True
almugerakabar,Almugera Kabar,884820.0,Almugera Kabar,canonical_identity_exact_unique_name,1,True
niklasjessen,Niklas Jessen,574197.0,Niklas Jessen,canonical_identity_exact_unique_name,3,True
aymanazhil,Ayman Azhil,452068.0,Ayman Azhil,canonical_identity_exact_unique_name,1,True
jobebellingham,Jobe Bellingham,796297.0,Jobe Bellingham,canonical_identity_exact_unique_name,1,True
carneychukwuemeka,Carney Chukwuemeka,659459.0,Carney Chukwuemeka,fbref_accepted_exact_unique_name,21,True
pascalgross,Pascal Groß,82873.0,Pascal Groß,fbref_accepted_exact_unique_name,2,True
kjellwatjen,Kjell Wätjen,884810.0,Kjell Wätjen,canonical_identity_exact_unique_name,2,True
yancouto,Yan Couto,627228.0,Yan Couto,fbref_accepted_exact_unique_name,4,True
danielsvensson,Daniel Svensson,579287.0,Daniel Svensson,canonical_identity_exact_unique_name,1,True
colecampbell,Cole Campbell,866579.0,Cole Campbell,canonical_identity_exact_unique_name,1,True
jordipaulina,Jordi Paulina,1045762.0,Jordi Paulina,canonical_identity_exact_unique_name,1,True
castellolukeba,Castello Lukeba,618472.0,Castello Lukeba,fbref_accepted_exact_unique_name,5,True
lutsharelgeertruida,Lutsharel Geertruida,420210.0,Lutsharel Geertruida,canonical_identity_exact_unique_name,1,True
nicolasseiwald,Nicolas Seiwald,404950.0,Nicolas Seiwald,fbref_accepted_exact_unique_name,1,True
assanouedraogo,Assan Ouédraogo,897424.0,Assan Ouédraogo,canonical_identity_exact_unique_name,3,True
xavisimons,Xavi Simons,566931.0,Xavi Simons,fbref_accepted_exact_unique_name,1,True
faiksakar,Faik Sakar,1132292.0,Faik Sakar,canonical_identity_exact_unique_name,1,True
antonionusa,Antonio Nusa,894914.0,Antonio Nusa,canonical_identity_exact_unique_name,1,True
loisopenda,Loïs Openda,368887.0,Loïs Openda,fbref_accepted_exact_unique_name,1,True
jeanuelbelocian,Jeanuël Belocian,919515.0,Jeanuël Belocian,fbref_accepted_exact_unique_name,3,True
mariohermoso,Mario Hermoso,281769.0,Mario Hermoso,fbref_accepted_exact_unique_name,12,True
martinterrier,Martin Terrier,442891.0,Martin Terrier,fbref_accepted_exact_unique_name,7,True
nathantella,Nathan Tella,340322.0,Nathan Tella,fbref_accepted_exact_unique_name,6,True
kauasantos,Kauã Santos,997861.0,Kauã Santos,canonical_identity_exact_unique_name,1,True
amilsiljevic,Amil Siljevic,1079622.0,Amil Siljevic,canonical_identity_exact_unique_name,1,True
arthurtheate,Arthur Theate,368891.0,Arthur Theate,fbref_accepted_exact_unique_name,3,True
aureleamenda,Aurèle Amenda,635645.0,Aurèle Amenda,canonical_identity_exact_unique_name,2,True
nathanielbrown,Nathaniel Brown,691892.0,Nathaniel Brown,canonical_identity_exact_unique_name,1,True
nielsnkounkou,Niels Nkounkou,591193.0,Niels Nkounkou,fbref_accepted_exact_unique_name,2,True
rasmuskristensen,Rasmus Kristensen,369684.0,Rasmus Nissen Kristensen,fbref_accepted_exact_unique_name,4,True
ebabekiris,Eba Bekir Is,1154106.0,Eba Bekir Is,canonical_identity_exact_unique_name,1,True
oscarhjlund,Oscar Højlund,846310.0,Oscar Højlund,canonical_identity_exact_unique_name,3,True
canuzun,Can Uzun,816585.0,Can Uzun,canonical_identity_exact_unique_name,1,True
krisztianlisztes,Krisztián Lisztes,,,unresolved,2,False
elyewahi,Elye Wahi,659542.0,Elye Wahi,fbref_accepted_exact_unique_name,8,True
igormatanovic,Igor Matanovic,605268.0,Igor Matanovic,canonical_identity_exact_unique_name,3,True
diogoleite,Diogo Leite,357156.0,Diogo Leite,fbref_accepted_exact_unique_name,2,True
oluwaseunogbemudia,Oluwaseun Ogbemudia,995520.0,Oluwaseun Ogbemudia,canonical_identity_exact_unique_name,1,True
aljoschakemlein,Aljoscha Kemlein,692737.0,Aljoscha Kemlein,fbref_accepted_exact_unique_name,2,True
andrejilic,Andrej Ilic,,,unresolved,5,False
ivanprtajin,Ivan Prtajin,340700.0,Ivan Prtajin,canonical_identity_exact_unique_name,3,True
brunoogbus,Bruno Ogbus,863759.0,Bruno Ogbus,canonical_identity_exact_unique_name,1,True
finnjeltsch,Finn Jeltsch,924117.0,Finn Jeltsch,canonical_identity_exact_unique_name,2,True
ameenaldakhil,Ameen Al-Dakhil,620598.0,Ameen Al-Dakhil,fbref_accepted_exact_unique_name,7,True
lucajaquez,Luca Jaquez,539798.0,Luca Jaquez,canonical_identity_exact_unique_name,1,True
ramonhendriks,Ramon Hendriks,436064.0,Ramon Hendriks,canonical_identity_exact_unique_name,1,True
franskratzig,Frans Krätzig,604320.0,Frans Krätzig,fbref_accepted_exact_unique_name,6,True
christopherolivier,Christopher Olivier,842217.0,Christopher Olivier,canonical_identity_exact_unique_name,2,True
benjaminboakye,Benjamin Boakye,800988.0,Benjamin Boakye,canonical_identity_exact_unique_name,2,True
elbilaltoure,El Bilal Touré,649016.0,El Bilal Touré,fbref_accepted_exact_unique_name,7,True
eliotbujupi,Eliot Bujupi,907483.0,Eliot Bujupi,canonical_identity_exact_unique_name,2,True
miobackhaus,Mio Backhaus,620295.0,Mio Backhaus,canonical_identity_exact_unique_name,1,True
anthonyjung,Anthony Jung,58995.0,Anthony Jung,fbref_accepted_exact_unique_name,2,True
derrickkohn,Derrick Köhn,391780.0,Derrick Köhn,canonical_identity_exact_unique_name,2,True
issakabore,Issa Kaboré,649452.0,Issa Kaboré,fbref_accepted_exact_unique_name,3,True
sennelynen,Senne Lynen,338668.0,Senne Lynen,fbref_accepted_exact_unique_name,1,True
jensstage,Jens Stage,289835.0,Jens Stage,fbref_accepted_exact_unique_name,3,True
patricecovic,Patrice Covic,1114155.0,Patrice Covic,canonical_identity_exact_unique_name,1,True
marcogrull,Marco Grüll,391766.0,Marco Grüll,canonical_identity_exact_unique_name,2,True
abdenegonankishi,Abdenego Nankishi,455662.0,Abdenego Nankishi,canonical_identity_exact_unique_name,2,True
keketopp,Keke Topp,701757.0,Keke Topp,canonical_identity_exact_unique_name,3,True
maiklukowicz,Maik Lukowicz,202867.0,Maik Lukowicz,canonical_identity_exact_unique_name,1,True
moritznicolas,Moritz Nicolas,284270.0,Moritz Nicolas,fbref_accepted_exact_unique_name,1,True
niklasswider,Niklas Swider,1009463.0,Niklas Swider,canonical_identity_exact_unique_name,3,True
philippsander,Philipp Sander,388409.0,Philipp Sander,canonical_identity_exact_unique_name,3,True
nathanngoumou,Nathan Ngoumou,629588.0,Nathan Ngoumou,fbref_accepted_exact_unique_name,4,True
timkleindienst,Tim Kleindienst,193033.0,Tim Kleindienst,fbref_accepted_exact_unique_name,2,True
kamilgrabara,Kamil Grabara,346551.0,Kamil Grabara,canonical_identity_exact_unique_name,1,True
mariusmuller,Marius Müller,,,unresolved,2,False
konstantinoskoulierakis,Konstantinos Koulierakis,669380.0,Konstantinos Koulierakis,canonical_identity_exact_unique_name,2,True
cedriczesiger,Cédric Zesiger,382478.0,Cédric Zesiger,fbref_accepted_exact_unique_name,2,True
denisvavro,Denis Vavro,239962.0,Denis Vavro,fbref_accepted_exact_unique_name,4,True
davidodogu,David Odogu,897423.0,David Odogu,canonical_identity_exact_unique_name,1,True
mathysangely,Mathys Angély,1075579.0,Mathys Angély,canonical_identity_exact_unique_name,2,True
madsroerslev,Mads Roerslev,391005.0,Mads Roerslev,fbref_accepted_exact_unique_name,4,True
lovromajer,Lovro Majer,387106.0,Lovro Majer,fbref_accepted_exact_unique_name,7,True
andreasskovolsen,Andreas Skov Olsen,432982.0,Andreas Skov Olsen,fbref_accepted_exact_unique_name,3,True
bennitbroger,Bennit Bröger,897479.0,Bennit Bröger,canonical_identity_exact_unique_name,1,True
mohamedamoura,Mohamed Amoura,746910.0,Mohamed Amoura,canonical_identity_exact_unique_name,2,True
jonathanakaegbobi,Jonathan Akaegbobi,905404.0,Jonathan Akaegbobi,canonical_identity_exact_unique_name,1,True
danielklein,Daniel Klein,392124.0,Daniel Klein,canonical_identity_exact_unique_name,1,True
noahkaibanks,Noahkai Banks,923945.0,Noahkai Banks,canonical_identity_exact_unique_name,2,True
dimitriosgiannoulis,Dimitrios Giannoulis,295630.0,Dimitrios Giannoulis,canonical_identity_exact_unique_name,1,True
henrikoudossou,Henri Koudossou,515624.0,Henri Koudossou,canonical_identity_exact_unique_name,2,True
mahmutkucuksahin,Mahmut Kücüksahin,730486.0,Mahmut Kücüksahin,canonical_identity_exact_unique_name,1,True
yusufkabadayi,Yusuf Kabadayi,604359.0,Yusuf Kabadayi,canonical_identity_exact_unique_name,2,True
stevemounie,Steve Mounié,238639.0,Steve Mounié,fbref_accepted_exact_unique_name,2,True
leostigard,Leo Østigård,367284.0,Leo Østigård,canonical_identity_exact_unique_name,5,True
arthurchaves,Arthur Chaves,875332.0,Arthur Chaves,canonical_identity_exact_unique_name,1,True
timdrexler,Tim Drexler,822958.0,Tim Drexler,fbref_accepted_exact_unique_name,2,True
alexanderprass,Alexander Prass,434116.0,Alexander Prass,canonical_identity_exact_unique_name,2,True
hennesbehrens,Hennes Behrens,829838.0,Hennes Behrens,canonical_identity_exact_unique_name,1,True
valentingendrey,Valentin Gendrey,569387.0,Valentin Gendrey,fbref_accepted_exact_unique_name,6,True
larsstrobl,Lars Strobl,923608.0,Lars Strobl,canonical_identity_exact_unique_name,2,True
paulhennrich,Paul Hennrich,810108.0,Paul Hennrich,canonical_identity_exact_unique_name,2,True
giftorban,Gift Orban,1018259.0,Gift Orban,fbref_accepted_exact_unique_name,3,True
maxmoerstedt,Max Moerstedt,923595.0,Max Moerstedt,canonical_identity_exact_unique_name,2,True
haristabakovic,Haris Tabakovic,203123.0,Haris Tabakovic,canonical_identity_exact_unique_name,2,True
erencanyardmc,Erencan Yardımcı,618898.0,Erencan Yardımcı,canonical_identity_exact_unique_name,3,True
kevinmuller,Kevin Müller,43824.0,Kevin Müller,fbref_accepted_exact_unique_name,1,True
jonasfohrenbach,Jonas Föhrenbach,192169.0,Jonas Föhrenbach,fbref_accepted_exact_unique_name,2,True
omartraore,Omar Traoré,388294.0,Omar Traoré,fbref_accepted_exact_unique_name,1,True
julianniehues,Julian Niehues,530173.0,Julian Niehues,canonical_identity_exact_unique_name,1,True
leoscienza,Leo Scienza,804219.0,Léo Scienza,canonical_identity_exact_unique_name,1,True
christophernegele,Christopher Negele,924339.0,Christopher Negele,canonical_identity_exact_unique_name,1,True
sirlordconteh,Sirlord Conteh,307183.0,Sirlord Conteh,canonical_identity_exact_unique_name,3,True
buduzivzivadze,Budu Zivzivadze,187097.0,Budu Zivzivadze,canonical_identity_exact_unique_name,1,True
mikkelkaufmann,Mikkel Kaufmann,545332.0,Mikkel Kaufmann,fbref_accepted_exact_unique_name,2,True
benvoll,Ben Voll,453742.0,Ben Voll,canonical_identity_exact_unique_name,1,True
ronnyseibt,Ronny Seibt,915071.0,Ronny Seibt,canonical_identity_exact_unique_name,1,True
sorenahlers,Sören Ahlers,333074.0,Sören Ahlers,canonical_identity_exact_unique_name,2,True
ericsmith,Eric Smith,292534.0,Eric Smith,canonical_identity_exact_unique_name,1,True
siebevanderheyden,Siebe Van der Heyden,400131.0,Siebe Van der Heyden,fbref_accepted_exact_unique_name,2,True
karolmets,Karol Mets,139304.0,Karol Mets,canonical_identity_exact_unique_name,1,True
adamdzwigala,Adam Dzwigala,236966.0,Adam Dzwigala,canonical_identity_exact_unique_name,1,True
larsritzka,Lars Ritzka,333903.0,Lars Ritzka,canonical_identity_exact_unique_name,3,True
philipptreu,Philipp Treu,335993.0,Philipp Treu,canonical_identity_exact_unique_name,1,True
manolissaliakas,Manolis Saliakas,242661.0,Manolis Saliakas,canonical_identity_exact_unique_name,2,True
jamessands,James Sands,393321.0,James Sands,canonical_identity_exact_unique_name,3,True
connormetcalfe,Connor Metcalfe,522223.0,Connor Metcalfe,canonical_identity_exact_unique_name,5,True
jacksonirvine,Jackson Irvine,192557.0,Jackson Irvine,canonical_identity_exact_unique_name,2,True
eliassaad,Elias Saad,526466.0,Elias Saad,canonical_identity_exact_unique_name,3,True
romeoaigbekaen,Romeo Aigbekaen,795387.0,Romeo Aigbekaen,canonical_identity_exact_unique_name,1,True
morganguilavogui,Morgan Guilavogui,691786.0,Morgan Guilavogui,fbref_accepted_exact_unique_name,2,True
scottbanks,Scott Banks,596821.0,Scott Banks,canonical_identity_exact_unique_name,2,True
johanneseggestein,Johannes Eggestein,251303.0,Johannes Eggestein,fbref_accepted_exact_unique_name,1,True
piotrjohansson,Piotr Johansson,223861.0,Piotr Johansson,canonical_identity_exact_unique_name,1,True
ninozugelj,Nino Zugelj,496989.0,Nino Zugelj,canonical_identity_exact_unique_name,1,True
patrickdrewes,Patrick Drewes,94192.0,Patrick Drewes,canonical_identity_exact_unique_name,1,True
bernardo,Bernardo,364258.0,Bernardo,fbref_accepted_exact_unique_name,3,True
jakovmedic,Jakov Medic,488755.0,Jakov Medic,canonical_identity_exact_unique_name,1,True
kojimiyoshi,Koji Miyoshi,295060.0,Koji Miyoshi,canonical_identity_exact_unique_name,2,True
georgiosmasouras,Georgios Masouras,329517.0,Georgios Masouras,canonical_identity_exact_unique_name,1,True
myronboadu,Myron Boadu,412932.0,Myron Boadu,fbref_accepted_exact_unique_name,9,True
philipphofmann,Philipp Hofmann,119037.0,Philipp Hofmann,fbref_accepted_exact_unique_name,1,True
ederson,Ederson,,,unresolved,7,False
zacksteffen,Zack Steffen,221624.0,Zack Steffen,fbref_accepted_exact_unique_name,4,True
scottcarson,Scott Carson,14555.0,Scott Carson,fbref_accepted_exact_unique_name,1,True
aymericlaporte,Aymeric Laporte,176553.0,Aymeric Laporte,fbref_accepted_exact_unique_name,5,True
nathanake,Nathan Aké,177476.0,Nathan Aké,fbref_accepted_exact_unique_name,11,True
johnstones,John Stones,186590.0,John Stones,fbref_accepted_exact_unique_name,9,True
ericgarcia,Eric García,466794.0,Eric García,fbref_accepted_exact_unique_name,13,True
nicolasotamendi,Nicolás Otamendi,54781.0,Nicolás Otamendi,fbref_accepted_exact_unique_name,1,True
oleksandrzinchenko,Oleksandr Zinchenko,203853.0,Oleksandr Zinchenko,fbref_accepted_exact_unique_name,11,True
benjaminmendy,Benjamin Mendy,157495.0,Benjamin Mendy,fbref_accepted_exact_unique_name,4,True
joaocancelo,João Cancelo,182712.0,João Cancelo,fbref_accepted_exact_unique_name,4,True
kylewalker,Kyle Walker,95424.0,Kyle Walker,fbref_accepted_exact_unique_name,11,True
fernandinho,Fernandinho,26267.0,Fernandinho,fbref_accepted_exact_unique_name,2,True
ilkaygundogan,İlkay Gündoğan,53622.0,İlkay Gündoğan,fbref_accepted_exact_unique_name,4,True
adrianbernabe,Adrián Bernabé,466802.0,Adrián Bernabé,canonical_identity_exact_unique_name,5,True
kevindebruyne,Kevin De Bruyne,88755.0,Kevin De Bruyne,fbref_accepted_exact_unique_name,13,True
bernardosilva,Bernardo Silva,241641.0,Bernardo Silva,fbref_accepted_exact_unique_name,3,True
colepalmer,Cole Palmer,568177.0,Cole Palmer,fbref_accepted_exact_unique_name,6,True
raheemsterling,Raheem Sterling,134425.0,Raheem Sterling,fbref_accepted_exact_unique_name,7,True
riyadmahrez,Riyad Mahrez,171424.0,Riyad Mahrez,fbref_accepted_exact_unique_name,1,True
gabrieljesus,Gabriel Jesus,363205.0,Gabriel Jesus,fbref_accepted_exact_unique_name,10,True
ferrantorres,Ferran Torres,398184.0,Ferran Torres,fbref_accepted_exact_unique_name,8,True
sergioaguero,Sergio Agüero,26399.0,Sergio Agüero,fbref_accepted_exact_unique_name,5,True
deanhenderson,Dean Henderson,258919.0,Dean Henderson,fbref_accepted_exact_unique_name,7,True
harrymaguire,Harry Maguire,177907.0,Harry Maguire,fbref_accepted_exact_unique_name,9,True
victorlindelof,Victor Lindelöf,184573.0,Victor Lindelöf,fbref_accepted_exact_unique_name,8,True
ericbailly,Eric Bailly,286384.0,Eric Bailly,fbref_accepted_exact_unique_name,14,True
axeltuanzebe,Axel Tuanzebe,342046.0,Axel Tuanzebe,fbref_accepted_exact_unique_name,7,True
tedenmengi,Teden Mengi,548470.0,Teden Mengi,fbref_accepted_exact_unique_name,4,True
lukeshaw,Luke Shaw,183288.0,Luke Shaw,fbref_accepted_exact_unique_name,12,True
alextelles,Alex Telles,255755.0,Alex Telles,fbref_accepted_exact_unique_name,5,True
brandonwilliams,Brandon Williams,507700.0,Brandon Williams,fbref_accepted_exact_unique_name,1,True
paulpogba,Paul Pogba,122153.0,Paul Pogba,fbref_accepted_exact_unique_name,12,True
scottmctominay,Scott McTominay,315969.0,Scott McTominay,fbref_accepted_exact_unique_name,10,True
jesselingard,Jesse Lingard,141660.0,Jesse Lingard,fbref_accepted_exact_unique_name,3,True
juanmata,Juan Mata,44068.0,Juan Mata,fbref_accepted_exact_unique_name,1,True
marcusrashford,Marcus Rashford,258923.0,Marcus Rashford,fbref_accepted_exact_unique_name,12,True
masongreenwood,Mason Greenwood,532826.0,Mason Greenwood,fbref_accepted_exact_unique_name,3,True
danieljames,Daniel James,319301.0,Daniel James,fbref_accepted_exact_unique_name,3,True
facundopellistri,Facundo Pellistri,676318.0,Facundo Pellistri,fbref_accepted_exact_unique_name,13,True
anthonymartial,Anthony Martial,182877.0,Anthony Martial,fbref_accepted_exact_unique_name,14,True
alisson,Alisson,105470.0,Alisson,fbref_accepted_exact_unique_name,12,True
virgilvandijk,Virgil van Dijk,139208.0,Virgil van Dijk,fbref_accepted_exact_unique_name,7,True
joegomez,Joe Gomez,256178.0,Joe Gomez,fbref_accepted_exact_unique_name,6,True
rhyswilliams,Rhys Williams,503679.0,Rhys Williams,fbref_accepted_exact_unique_name,4,True
bendavies,Ben Davies,192765.0,Ben Davies,fbref_accepted_exact_unique_name,11,True
andrewrobertson,Andrew Robertson,234803.0,Andrew Robertson,fbref_accepted_exact_unique_name,6,True
konstantinostsimikas,Konstantinos Tsimikas,338070.0,Konstantinos Tsimikas,canonical_identity_exact_unique_name,7,True
necowilliams,Neco Williams,503680.0,Neco Williams,fbref_accepted_exact_unique_name,7,True
trentalexanderarnold,Trent Alexander-Arnold,314353.0,Trent Alexander-Arnold,fbref_accepted_exact_unique_name,15,True
fabinho,Fabinho,225693.0,Fabinho,fbref_accepted_exact_unique_name,4,True
jordanhenderson,Jordan Henderson,61651.0,Jordan Henderson,fbref_accepted_exact_unique_name,4,True
thiagoalcantara,Thiago Alcántara,60444.0,Thiago Alcántara,fbref_accepted_exact_unique_name,10,True
alexoxladechamberlain,Alex Oxlade-Chamberlain,143424.0,Alex Oxlade-Chamberlain,fbref_accepted_exact_unique_name,2,True
jamesmilner,James Milner,3333.0,James Milner,fbref_accepted_exact_unique_name,11,True
xherdanshaqiri,Xherdan Shaqiri,86792.0,Xherdan Shaqiri,fbref_accepted_exact_unique_name,3,True
diogojota,Diogo Jota,340950.0,Diogo Jota,fbref_accepted_exact_unique_name,12,True
mohamedsalah,Mohamed Salah,148455.0,Mohamed Salah,fbref_accepted_exact_unique_name,3,True
harrywilson,Harry Wilson,279455.0,Harry Wilson,fbref_accepted_exact_unique_name,4,True
robertofirmino,Roberto Firmino,131789.0,Roberto Firmino,fbref_accepted_exact_unique_name,7,True
rhianbrewster,Rhian Brewster,406560.0,Rhian Brewster,fbref_accepted_exact_unique_name,4,True
edouardmendy,Edouard Mendy,442531.0,Edouard Mendy,fbref_accepted_exact_unique_name,6,True
kepaarrizabalaga,Kepa Arrizabalaga,192279.0,Kepa Arrizabalaga,fbref_accepted_exact_unique_name,3,True
kurtzouma,Kurt Zouma,157509.0,Kurt Zouma,fbref_accepted_exact_unique_name,10,True
andreaschristensen,Andreas Christensen,196948.0,Andreas Christensen,fbref_accepted_exact_unique_name,12,True
thiagosilva,Thiago Silva,29241.0,Thiago Silva,fbref_accepted_exact_unique_name,6,True
benchilwell,Ben Chilwell,316125.0,Ben Chilwell,fbref_accepted_exact_unique_name,13,True
ngolokante,N'Golo Kanté,225083.0,N'Golo Kanté,fbref_accepted_exact_unique_name,12,True
ethanampadu,Ethan Ampadu,392771.0,Ethan Ampadu,fbref_accepted_exact_unique_name,4,True
billygilmour,Billy Gilmour,423744.0,Billy Gilmour,fbref_accepted_exact_unique_name,5,True
mateokovacic,Mateo Kovacic,51471.0,Mateo Kovacic,fbref_accepted_exact_unique_name,11,True
rossbarkley,Ross Barkley,131978.0,Ross Barkley,fbref_accepted_exact_unique_name,6,True
rubenloftuscheek,Ruben Loftus-Cheek,202886.0,Ruben Loftus-Cheek,fbref_accepted_exact_unique_name,11,True
masonmount,Mason Mount,346483.0,Mason Mount,fbref_accepted_exact_unique_name,9,True
christianpulisic,Christian Pulisic,315779.0,Christian Pulisic,fbref_accepted_exact_unique_name,10,True
hakimziyech,Hakim Ziyech,217111.0,Hakim Ziyech,fbref_accepted_exact_unique_name,5,True
kaihavertz,Kai Havertz,309400.0,Kai Havertz,fbref_accepted_exact_unique_name,9,True
tammyabraham,Tammy Abraham,331726.0,Tammy Abraham,fbref_accepted_exact_unique_name,15,True
caglarsoyuncu,Çağlar Söyüncü,320141.0,Çağlar Söyüncü,fbref_accepted_exact_unique_name,8,True
wesleyfofana,Wesley Fofana,475411.0,Wesley Fofana,fbref_accepted_exact_unique_name,14,True
jonnyevans,Jonny Evans,42412.0,Jonny Evans,fbref_accepted_exact_unique_name,10,True
danielamartey,Daniel Amartey,214056.0,Daniel Amartey,fbref_accepted_exact_unique_name,1,True
wesmorgan,Wes Morgan,10003.0,Wes Morgan,fbref_accepted_exact_unique_name,2,True
samhughes,Sam Hughes,395797.0,Sam Hughes,canonical_identity_exact_unique_name,1,True
christianfuchs,Christian Fuchs,6636.0,Christian Fuchs,fbref_accepted_exact_unique_name,1,True
timothycastagne,Timothy Castagne,262226.0,Timothy Castagne,fbref_accepted_exact_unique_name,6,True
jamesjustin,James Justin,413220.0,James Justin,fbref_accepted_exact_unique_name,3,True
wilfredndidi,Wilfred Ndidi,274839.0,Wilfred Ndidi,fbref_accepted_exact_unique_name,4,True
nampalysmendy,Nampalys Mendy,111051.0,Nampalys Mendy,fbref_accepted_exact_unique_name,6,True
dennispraet,Dennis Praet,129588.0,Dennis Praet,fbref_accepted_exact_unique_name,12,True
jamesmaddison,James Maddison,294057.0,James Maddison,fbref_accepted_exact_unique_name,11,True
harveybarnes,Harvey Barnes,398065.0,Harvey Barnes,fbref_accepted_exact_unique_name,6,True
ayozeperez,Ayoze Pérez,246968.0,Ayoze Pérez,fbref_accepted_exact_unique_name,9,True
jamievardy,Jamie Vardy,197838.0,Jamie Vardy,fbref_accepted_exact_unique_name,6,True
lukaszfabianski,Lukasz Fabianski,29692.0,Lukasz Fabianski,fbref_accepted_enhanced_exact_unique_name,3,True
darrenrandolph,Darren Randolph,51321.0,Darren Randolph,fbref_accepted_exact_unique_name,1,True
issadiop,Issa Diop,272622.0,Issa Diop,fbref_accepted_exact_unique_name,7,True
fabianbalbuena,Fabián Balbuena,285548.0,Fabián Balbuena,fbref_accepted_exact_unique_name,3,True
angeloogbonna,Angelo Ogbonna,48002.0,Angelo Ogbonna,fbref_accepted_exact_unique_name,4,True
arthurmasuaku,Arthur Masuaku,181380.0,Arthur Masuaku,fbref_accepted_exact_unique_name,1,True
aaroncresswell,Aaron Cresswell,92571.0,Aaron Cresswell,fbref_accepted_exact_unique_name,3,True
vladimircoufal,Vladimír Coufal,157672.0,Vladimír Coufal,fbref_accepted_exact_unique_name,6,True
ryanfredericks,Ryan Fredericks,140191.0,Ryan Fredericks,fbref_accepted_exact_unique_name,4,True
tomassoucek,Tomáš Souček,283628.0,Tomáš Souček,fbref_accepted_exact_unique_name,1,True
jackwilshere,Jack Wilshere,74223.0,Jack Wilshere,fbref_accepted_exact_unique_name,1,True
marknoble,Mark Noble,31835.0,Mark Noble,fbref_accepted_exact_unique_name,2,True
manuellanzini,Manuel Lanzini,135853.0,Manuel Lanzini,fbref_accepted_exact_unique_name,3,True
saidbenrahma,Saïd Benrahma,290532.0,Saïd Benrahma,fbref_accepted_exact_unique_name,1,True
andriyyarmolenko,Andriy Yarmolenko,69015.0,Andriy Yarmolenko,fbref_accepted_exact_unique_name,3,True
michailantonio,Michail Antonio,104124.0,Michail Antonio,fbref_accepted_exact_unique_name,6,True
hugolloris,Hugo Lloris,17965.0,Hugo Lloris,fbref_accepted_exact_unique_name,4,True
tobyalderweireld,Toby Alderweireld,42710.0,Toby Alderweireld,fbref_accepted_exact_unique_name,1,True
cameroncartervickers,Cameron Carter-Vickers,341049.0,Cameron Carter-Vickers,canonical_identity_exact_unique_name,3,True
sergioreguilon,Sergio Reguilón,282429.0,Sergio Reguilón,fbref_accepted_exact_unique_name,6,True
sergeaurier,Serge Aurier,127032.0,Serge Aurier,fbref_accepted_exact_unique_name,9,True
mattdoherty,Matt Doherty,171679.0,Matt Doherty,fbref_accepted_exact_unique_name,3,True
tanguyndombele,Tanguy Ndombélé,450936.0,Tanguy Ndombélé,fbref_accepted_exact_unique_name,11,True
harrywinks,Harry Winks,249126.0,Harry Winks,fbref_accepted_exact_unique_name,2,True
gedsonfernandes,Gedson Fernandes,337800.0,Gedson Fernandes,fbref_accepted_exact_unique_name,1,True
delealli,Dele Alli,207929.0,Dele Alli,fbref_accepted_exact_unique_name,5,True
giovanilocelso,Giovani Lo Celso,348795.0,Giovani Lo Celso,fbref_accepted_exact_unique_name,16,True
heungminson,Heung-min Son,91845.0,Heung-min Son,canonical_identity_exact_unique_name,10,True
stevenbergwijn,Steven Bergwijn,284165.0,Steven Bergwijn,fbref_accepted_exact_unique_name,4,True
garethbale,Gareth Bale,39381.0,Gareth Bale,fbref_accepted_exact_unique_name,11,True
eriklamela,Erik Lamela,111630.0,Erik Lamela,fbref_accepted_exact_unique_name,7,True
carlosvinicius,Carlos Vinícius,525287.0,Carlos Vinícius,fbref_accepted_exact_unique_name,3,True
mathewryan,Mathew Ryan,128969.0,Mathew Ryan,fbref_accepted_exact_unique_name,5,True
gabrielmagalhaes,Gabriel Magalhães,435338.0,Gabriel,fbref_accepted_exact_unique_name,6,True
robholding,Rob Holding,253341.0,Rob Holding,fbref_accepted_exact_unique_name,5,True
pablomari,Pablo Marí,210178.0,Pablo Marí,fbref_accepted_exact_unique_name,8,True
davidluiz,David Luiz,46741.0,David Luiz,fbref_accepted_exact_unique_name,5,True
kierantierney,Kieran Tierney,300716.0,Kieran Tierney,fbref_accepted_exact_unique_name,13,True
cedricsoares,Cédric Soares,112988.0,Cédric Soares,fbref_accepted_exact_unique_name,1,True
thomaspartey,Thomas Partey,230784.0,Thomas Partey,fbref_accepted_exact_unique_name,13,True
granitxhaka,Granit Xhaka,111455.0,Granit Xhaka,fbref_accepted_exact_unique_name,3,True
mohamedelneny,Mohamed Elneny,160438.0,Mohamed Elneny,fbref_accepted_exact_unique_name,3,True
daniceballos,Dani Ceballos,319745.0,Dani Ceballos,fbref_accepted_exact_unique_name,9,True
jamesolayinka,James Olayinka,506965.0,James Olayinka,canonical_identity_exact_unique_name,1,True
martindegaard,Martin Ødegaard,316264.0,Martin Ødegaard,fbref_accepted_exact_unique_name,13,True
emilesmithrowe,Emile Smith Rowe,392765.0,Emile Smith Rowe,fbref_accepted_exact_unique_name,10,True
gabrielmartinelli,Gabriel Martinelli,655488.0,Gabriel Martinelli,fbref_accepted_exact_unique_name,5,True
willian,Willian,52769.0,Willian,fbref_accepted_exact_unique_name,10,True
reissnelson,Reiss Nelson,340325.0,Reiss Nelson,fbref_accepted_exact_unique_name,10,True
bukayosaka,Bukayo Saka,433177.0,Bukayo Saka,fbref_accepted_exact_unique_name,7,True
nicolaspepe,Nicolas Pépé,343052.0,Nicolas Pépé,fbref_accepted_exact_unique_name,8,True
alexandrelacazette,Alexandre Lacazette,93720.0,Alexandre Lacazette,fbref_accepted_exact_unique_name,8,True
pierreemerickaubameyang,Pierre-Emerick Aubameyang,58864.0,Pierre-Emerick Aubameyang,fbref_accepted_exact_unique_name,11,True
tyreecejohnjules,Tyreece John-Jules,503768.0,Tyreece John-Jules,canonical_identity_exact_unique_name,2,True
illanmeslier,Illan Meslier,542586.0,Illan Meslier,fbref_accepted_exact_unique_name,1,True
kikocasilla,Kiko Casilla,27486.0,Kiko Casilla,fbref_accepted_exact_unique_name,1,True
diegollorente,Diego Llorente,246291.0,Diego Llorente,fbref_accepted_exact_unique_name,14,True
liamcooper,Liam Cooper,75067.0,Liam Cooper,fbref_accepted_exact_unique_name,4,True
barrydouglas,Barry Douglas,91854.0,Barry Douglas,canonical_identity_exact_unique_name,1,True
jamieshackleton,Jamie Shackleton,534700.0,Jamie Shackleton,fbref_accepted_exact_unique_name,1,True
kalvinphillips,Kalvin Phillips,351749.0,Kalvin Phillips,fbref_accepted_exact_unique_name,8,True
mateuszklich,Mateusz Klich,92738.0,Mateusz Klich,fbref_accepted_exact_unique_name,2,True
raphinha,Raphinha,411295.0,Raphinha,fbref_accepted_exact_unique_name,6,True
ianpoveda,Ian Poveda,392763.0,Ian Poveda,fbref_accepted_exact_unique_name,2,True
pablohernandez,Pablo Hernández,,,unresolved,2,False
rodrigo,Rodrigo,131505.0,Rodrigo,fbref_accepted_exact_unique_name,4,True
tylerroberts,Tyler Roberts,296986.0,Tyler Roberts,fbref_accepted_exact_unique_name,2,True
jordanpickford,Jordan Pickford,130164.0,Jordan Pickford,fbref_accepted_exact_unique_name,3,True
bengodfrey,Ben Godfrey,343475.0,Ben Godfrey,fbref_accepted_exact_unique_name,5,True
masonholgate,Mason Holgate,348623.0,Mason Holgate,fbref_accepted_exact_unique_name,2,True
yerrymina,Yerry Mina,289446.0,Yerry Mina,fbref_accepted_exact_unique_name,14,True
jarradbranthwaite,Jarrad Branthwaite,661053.0,Jarrad Branthwaite,fbref_accepted_exact_unique_name,5,True
lucasdigne,Lucas Digne,126664.0,Lucas Digne,fbref_accepted_exact_unique_name,8,True
jonjoekenny,Jonjoe Kenny,258883.0,Jonjoe Kenny,fbref_accepted_exact_unique_name,2,True
seamuscoleman,Séamus Coleman,68390.0,Séamus Coleman,fbref_accepted_exact_unique_name,6,True
allan,Allan,,,unresolved,2,False
jeanphilippegbamin,Jean-Philippe Gbamin,182894.0,Jean-Philippe Gbamin,fbref_accepted_exact_unique_name,5,True
andregomes,André Gomes,221025.0,André Gomes,fbref_accepted_exact_unique_name,5,True
tomdavies,Tom Davies,314210.0,Tom Davies,fbref_accepted_exact_unique_name,3,True
fabiandelph,Fabian Delph,50362.0,Fabian Delph,fbref_accepted_exact_unique_name,4,True
tyleronyango,Tyler Onyango,663225.0,Tyler Onyango,canonical_identity_exact_unique_name,1,True
jamesrodriguez,James Rodríguez,88103.0,James Rodríguez,fbref_accepted_exact_unique_name,5,True
abdoulayedoucoure,Abdoulaye Doucouré,127187.0,Abdoulaye Doucouré,fbref_accepted_exact_unique_name,4,True
alexiwobi,Alex Iwobi,242631.0,Alex Iwobi,fbref_accepted_exact_unique_name,4,True
theowalcott,Theo Walcott,33713.0,Theo Walcott,fbref_accepted_exact_unique_name,3,True
richarlison,Richarlison,378710.0,Richarlison,fbref_accepted_exact_unique_name,13,True
dominiccalvertlewin,Dominic Calvert-Lewin,306024.0,Dominic Calvert-Lewin,fbref_accepted_exact_unique_name,13,True
joshuaking,Joshua King,91059.0,Joshua King,fbref_accepted_exact_unique_name,2,True
cenktosun,Cenk Tosun,45671.0,Cenk Tosun,fbref_accepted_exact_unique_name,5,True
yannickbolasie,Yannick Bolasie,75471.0,Yannick Bolasie,fbref_accepted_exact_unique_name,1,True
rjannyland,Ørjan Nyland,73517.0,Ørjan Nyland,fbref_accepted_exact_unique_name,3,True
tomheaton,Tom Heaton,34130.0,Tom Heaton,fbref_accepted_exact_unique_name,3,True
ezrikonsa,Ezri Konsa,413403.0,Ezri Konsa,fbref_accepted_exact_unique_name,5,True
kortneyhause,Kortney Hause,233124.0,Kortney Hause,fbref_accepted_exact_unique_name,5,True
bjornengels,Björn Engels,193469.0,Björn Engels,fbref_accepted_exact_unique_name,3,True
mattycash,Matty Cash,425334.0,Matty Cash,fbref_accepted_exact_unique_name,10,True
fredericguilbert,Frédéric Guilbert,354352.0,Frédéric Guilbert,fbref_accepted_exact_unique_name,2,True
ahmedelmohamady,Ahmed El Mohamady,66333.0,Ahmed Elmohamady,fbref_accepted_exact_unique_name,1,True
johnmcginn,John McGinn,193116.0,John McGinn,fbref_accepted_exact_unique_name,4,True
morgansanson,Morgan Sanson,174094.0,Morgan Sanson,fbref_accepted_exact_unique_name,15,True
conorhourihane,Conor Hourihane,61653.0,Conor Hourihane,fbref_accepted_exact_unique_name,1,True
jackgrealish,Jack Grealish,203460.0,Jack Grealish,fbref_accepted_exact_unique_name,5,True
mahmoudtrezeguet,Mahmoud Trezeguet,,,unresolved,3,False
bertrandtraore,Bertrand Traoré,131996.0,Bertrand Traoré,fbref_accepted_exact_unique_name,7,True
wesleymoraes,Wesley Moraes,381362.0,Wesley Moraes,fbref_accepted_exact_unique_name,1,True
allysamatta,Ally Samatta,182201.0,Ally Samatta,canonical_identity_exact_unique_name,2,True
keinandavis,Keinan Davis,412660.0,Keinan Davis,fbref_accepted_exact_unique_name,10,True
martindubravka,Martin Dúbravka,74960.0,Martin Dúbravka,fbref_accepted_exact_unique_name,7,True
karldarlow,Karl Darlow,99397.0,Karl Darlow,fbref_accepted_exact_unique_name,3,True
jamaallascelles,Jamaal Lascelles,183318.0,Jamaal Lascelles,fbref_accepted_exact_unique_name,10,True
fabianschar,Fabian Schär,135343.0,Fabian Schär,fbref_accepted_exact_unique_name,7,True
ciaranclark,Ciaran Clark,98240.0,Ciaran Clark,fbref_accepted_exact_unique_name,4,True
federicofernandez,Federico Fernández,85475.0,Federico Fernández,fbref_accepted_exact_unique_name,4,True
jamallewis,Jamal Lewis,346018.0,Jamal Lewis,fbref_accepted_exact_unique_name,5,True
pauldummett,Paul Dummett,170321.0,Paul Dummett,fbref_accepted_exact_unique_name,4,True
deandreyedlin,DeAndre Yedlin,255916.0,DeAndre Yedlin,fbref_accepted_exact_unique_name,2,True
emilkrafth,Emil Krafth,184528.0,Emil Krafth,fbref_accepted_exact_unique_name,3,True
javiermanquillo,Javier Manquillo,162029.0,Javier Manquillo,fbref_accepted_exact_unique_name,5,True
isaachayden,Isaac Hayden,206225.0,Isaac Hayden,fbref_accepted_exact_unique_name,6,True
seanlongstaff,Sean Longstaff,346707.0,Sean Longstaff,fbref_accepted_exact_unique_name,3,True
jonjoshelvey,Jonjo Shelvey,71292.0,Jonjo Shelvey,fbref_accepted_exact_unique_name,8,True
jeffhendrick,Jeff Hendrick,148262.0,Jeff Hendrick,fbref_accepted_exact_unique_name,1,True
mattylongstaff,Matty Longstaff,484387.0,Matty Longstaff,canonical_identity_exact_unique_name,3,True
elliotanderson,Elliot Anderson,567576.0,Elliot Anderson,fbref_accepted_exact_unique_name,2,True
mattritchie,Matt Ritchie,92469.0,Matt Ritchie,fbref_accepted_exact_unique_name,3,True
ryanfraser,Ryan Fraser,146795.0,Ryan Fraser,fbref_accepted_exact_unique_name,8,True
miguelalmiron,Miguel Almirón,272999.0,Miguel Almirón,fbref_accepted_exact_unique_name,5,True
callumwilson,Callum Wilson,123682.0,Callum Wilson,fbref_accepted_exact_unique_name,15,True
dwightgayle,Dwight Gayle,196522.0,Dwight Gayle,canonical_identity_exact_unique_name,1,True
andycarroll,Andy Carroll,48066.0,Andy Carroll,fbref_accepted_exact_unique_name,1,True
ruipatricio,Rui Patrício,45026.0,Rui Patrício,fbref_accepted_exact_unique_name,3,True
matijasarkic,Matija Sarkic,293257.0,Matija Sarkic,canonical_identity_exact_unique_name,2,True
conorcoady,Conor Coady,128901.0,Conor Coady,fbref_accepted_exact_unique_name,1,True
willyboly,Willy Boly,142310.0,Willy Boly,fbref_accepted_exact_unique_name,7,True
romainsaiss,Romain Saïss,204198.0,Romain Saïss,fbref_accepted_exact_unique_name,2,True
rayanaitnouri,Rayan Aït-Nouri,578391.0,Rayan Aït-Nouri,fbref_accepted_exact_unique_name,9,True
rubenvinagre,Rúben Vinagre,357158.0,Rúben Vinagre,fbref_accepted_exact_unique_name,1,True
marcal,Marçal,137745.0,Marçal,canonical_identity_exact_unique_name,6,True
jonnyotto,Jonny Otto,175446.0,Jonny Otto,canonical_identity_exact_unique_name,2,True
rubenneves,Rúben Neves,225161.0,Rúben Neves,fbref_accepted_exact_unique_name,2,True
leanderdendoncker,Leander Dendoncker,168157.0,Leander Dendoncker,fbref_accepted_exact_unique_name,7,True
morgangibbswhite,Morgan Gibbs-White,429014.0,Morgan Gibbs-White,fbref_accepted_exact_unique_name,2,True
meritanshabani,Meritan Shabani,379980.0,Meritan Shabani,fbref_accepted_exact_unique_name,1,True
danielpodence,Daniel Podence,256977.0,Daniel Podence,fbref_accepted_exact_unique_name,6,True
pedroneto,Pedro Neto,487465.0,Pedro Neto,fbref_accepted_exact_unique_name,4,True
adamatraore,Adama Traoré,,,unresolved,6,False
rauljimenez,Raúl Jiménez,206040.0,Raúl Jiménez,fbref_accepted_exact_unique_name,5,True
willianjose,Willian José,122155.0,Willian José,fbref_accepted_exact_unique_name,3,True
patrickcutrone,Patrick Cutrone,265078.0,Patrick Cutrone,fbref_accepted_exact_unique_name,3,True
renatdadashov,Renat Dadashov,335461.0,Renat Dadashov,canonical_identity_exact_unique_name,1,True
jackbutland,Jack Butland,128899.0,Jack Butland,fbref_accepted_exact_unique_name,3,True
waynehennessey,Wayne Hennessey,45494.0,Wayne Hennessey,fbref_accepted_exact_unique_name,1,True
mamadousakho,Mamadou Sakho,47713.0,Mamadou Sakho,fbref_accepted_exact_unique_name,3,True
nathanferguson,Nathan Ferguson,,,unresolved,2,False
jamestomkins,James Tomkins,61592.0,James Tomkins,fbref_accepted_exact_unique_name,2,True
scottdann,Scott Dann,62688.0,Scott Dann,fbref_accepted_exact_unique_name,1,True
garycahill,Gary Cahill,27511.0,Gary Cahill,fbref_accepted_exact_unique_name,3,True
patrickvanaanholt,Patrick van Aanholt,52119.0,Patrick van Aanholt,fbref_accepted_exact_unique_name,1,True
tyrickmitchell,Tyrick Mitchell,730893.0,Tyrick Mitchell,fbref_accepted_exact_unique_name,2,True
joelward,Joel Ward,92572.0,Joel Ward,fbref_accepted_exact_unique_name,5,True
martinkelly,Martin Kelly,78959.0,Martin Kelly,fbref_accepted_exact_unique_name,1,True
lukamilivojevic,Luka Milivojevic,74300.0,Luka Milivojevic,fbref_accepted_exact_unique_name,1,True
jairoriedewald,Jaïro Riedewald,241481.0,Jaïro Riedewald,fbref_accepted_exact_unique_name,1,True
jamesmccarthy,James McCarthy,45333.0,James McCarthy,fbref_accepted_exact_unique_name,1,True
jamesmcarthur,James McArthur,41416.0,James McArthur,fbref_accepted_exact_unique_name,1,True
jeffreyschlupp,Jeffrey Schlupp,157506.0,Jeffrey Schlupp,fbref_accepted_exact_unique_name,2,True
eberechieze,Eberechi Eze,479999.0,Eberechi Eze,fbref_accepted_exact_unique_name,6,True
wilfriedzaha,Wilfried Zaha,145988.0,Wilfried Zaha,fbref_accepted_exact_unique_name,5,True
christianbenteke,Christian Benteke,50201.0,Christian Benteke,fbref_accepted_exact_unique_name,1,True
jordanayew,Jordan Ayew,108354.0,Jordan Ayew,fbref_accepted_exact_unique_name,1,True
connorwickham,Connor Wickham,95435.0,Connor Wickham,fbref_accepted_exact_unique_name,1,True
alexmccarthy,Alex McCarthy,95976.0,Alex McCarthy,fbref_accepted_exact_unique_name,2,True
angusgunn,Angus Gunn,201574.0,Angus Gunn,fbref_accepted_exact_unique_name,1,True
jannikvestergaard,Jannik Vestergaard,99331.0,Jannik Vestergaard,fbref_accepted_exact_unique_name,5,True
mohammedsalisu,Mohammed Salisu,563963.0,Mohammed Salisu,fbref_accepted_exact_unique_name,9,True
ryanbertrand,Ryan Bertrand,40611.0,Ryan Bertrand,fbref_accepted_exact_unique_name,3,True
kylewalkerpeters,Kyle Walker-Peters,341051.0,Kyle Walker-Peters,fbref_accepted_exact_unique_name,4,True
yanvalery,Yan Valery,406008.0,Yan Valery,fbref_accepted_exact_unique_name,1,True
ibrahimadiallo,Ibrahima Diallo,413032.0,Ibrahima Diallo,fbref_accepted_exact_unique_name,2,True
mariolemina,Mario Lemina,170934.0,Mario Lemina,fbref_accepted_exact_unique_name,11,True
oriolromeu,Oriol Romeu,66100.0,Oriol Romeu,fbref_accepted_exact_unique_name,5,True
jameswardprowse,James Ward-Prowse,181579.0,James Ward-Prowse,fbref_accepted_exact_unique_name,1,True
stuartarmstrong,Stuart Armstrong,130765.0,Stuart Armstrong,fbref_accepted_exact_unique_name,5,True
willsmallbone,Will Smallbone,444211.0,Will Smallbone,canonical_identity_exact_unique_name,5,True
moussadjenepo,Moussa Djenepo,485424.0,Moussa Djenepo,fbref_accepted_exact_unique_name,2,True
nathanredmond,Nathan Redmond,129078.0,Nathan Redmond,fbref_accepted_exact_unique_name,4,True
mohamedelyounoussi,Mohamed Elyounoussi,186644.0,Mohamed Elyounoussi,fbref_accepted_exact_unique_name,1,True
dannyings,Danny Ings,134294.0,Danny Ings,fbref_accepted_exact_unique_name,5,True
cheadams,Ché Adams,346779.0,Ché Adams,fbref_accepted_exact_unique_name,3,True
michaelobafemi,Michael Obafemi,444208.0,Michael Obafemi,fbref_accepted_exact_unique_name,1,True
jasonsteele,Jason Steele,73564.0,Jason Steele,fbref_accepted_exact_unique_name,3,True
christianwalton,Christian Walton,208379.0,Christian Walton,canonical_identity_exact_unique_name,2,True
adamwebster,Adam Webster,212847.0,Adam Webster,fbref_accepted_exact_unique_name,8,True
shaneduffy,Shane Duffy,119269.0,Shane Duffy,fbref_accepted_exact_unique_name,5,True
michalkarbownik,Michal Karbownik,401604.0,Michal Karbownik,canonical_identity_exact_unique_name,3,True
alexcochrane,Alex Cochrane,392773.0,Alex Cochrane,canonical_identity_exact_unique_name,1,True
tariqlamptey,Tariq Lamptey,504148.0,Tariq Lamptey,fbref_accepted_exact_unique_name,12,True
joelveltman,Joël Veltman,111195.0,Joël Veltman,fbref_accepted_exact_unique_name,7,True
moisescaicedo,Moisés Caicedo,687626.0,Moisés Caicedo,fbref_accepted_exact_unique_name,4,True
alexismacallister,Alexis Mac Allister,534033.0,Alexis Mac Allister,fbref_accepted_exact_unique_name,4,True
davypropper,Davy Pröpper,79027.0,Davy Pröpper,fbref_accepted_exact_unique_name,4,True
stevenalzate,Steven Alzate,476237.0,Steven Alzate,fbref_accepted_exact_unique_name,4,True
dalestephens,Dale Stephens,49755.0,Dale Stephens,fbref_accepted_exact_unique_name,6,True
adamlallana,Adam Lallana,43530.0,Adam Lallana,fbref_accepted_exact_unique_name,9,True
leandrotrossard,Leandro Trossard,144028.0,Leandro Trossard,fbref_accepted_exact_unique_name,4,True
joseizquierdo,José Izquierdo,147094.0,José Izquierdo,fbref_accepted_exact_unique_name,1,True
sollymarch,Solly March,209212.0,Solly March,fbref_accepted_exact_unique_name,9,True
alirezajahanbakhsh,Alireza Jahanbakhsh,213268.0,Alireza Jahanbakhsh,fbref_accepted_exact_unique_name,2,True
percytau,Percy Tau,312239.0,Percy Tau,fbref_accepted_exact_unique_name,1,True
aaronconnolly,Aaron Connolly,434207.0,Aaron Connolly,fbref_accepted_exact_unique_name,4,True
dannywelbeck,Danny Welbeck,67063.0,Danny Welbeck,fbref_accepted_exact_unique_name,5,True
nickpope,Nick Pope,192080.0,Nick Pope,fbref_accepted_exact_unique_name,6,True
jamestarkowski,James Tarkowski,173504.0,James Tarkowski,fbref_accepted_exact_unique_name,2,True
benmee,Ben Mee,74810.0,Ben Mee,fbref_accepted_exact_unique_name,6,True
kevinlong,Kevin Long,111114.0,Kevin Long,fbref_accepted_exact_unique_name,1,True
charlietaylor,Charlie Taylor,195633.0,Charlie Taylor,fbref_accepted_exact_unique_name,8,True
erikpieters,Erik Pieters,43763.0,Erik Pieters,fbref_accepted_exact_unique_name,2,True
matthewlowton,Matthew Lowton,102258.0,Matthew Lowton,fbref_accepted_exact_unique_name,1,True
jimmydunne,Jimmy Dunne,396174.0,Jimmy Dunne,fbref_accepted_exact_unique_name,1,True
philbardsley,Phil Bardsley,15773.0,Phil Bardsley,fbref_accepted_exact_unique_name,2,True
ashleywestwood,Ashley Westwood,91317.0,Ashley Westwood,fbref_accepted_exact_unique_name,2,True
joshbrownhill,Josh Brownhill,293569.0,Josh Brownhill,fbref_accepted_exact_unique_name,3,True
robbiebrady,Robbie Brady,128229.0,Robbie Brady,fbref_accepted_exact_unique_name,6,True
dwightmcneil,Dwight McNeil,584769.0,Dwight McNeil,fbref_accepted_exact_unique_name,3,True
johannberggudmundsson,Jóhann Berg Gudmundsson,89231.0,Jóhann Berg Gudmundsson,fbref_accepted_enhanced_exact_unique_name,10,True
chriswood,Chris Wood,108725.0,Chris Wood,fbref_accepted_exact_unique_name,7,True
jayrodriguez,Jay Rodríguez,53360.0,Jay Rodríguez,fbref_accepted_exact_unique_name,2,True
ashleybarnes,Ashley Barnes,63200.0,Ashley Barnes,fbref_accepted_exact_unique_name,2,True
matejvydra,Matej Vydra,101500.0,Matej Vydra,fbref_accepted_exact_unique_name,4,True
marekrodak,Marek Rodák,186901.0,Marek Rodák,fbref_accepted_exact_unique_name,1,True
joachimandersen,Joachim Andersen,260827.0,Joachim Andersen,fbref_accepted_exact_unique_name,5,True
alfiemawson,Alfie Mawson,287431.0,Alfie Mawson,fbref_accepted_exact_unique_name,2,True
terencekongolo,Terence Kongolo,152651.0,Terence Kongolo,fbref_accepted_exact_unique_name,4,True
antoneerobinson,Antonee Robinson,349701.0,Antonee Robinson,fbref_accepted_exact_unique_name,6,True
joebryan,Joe Bryan,194460.0,Joe Bryan,fbref_accepted_exact_unique_name,3,True
olaaina,Ola Aina,236490.0,Ola Aina,fbref_accepted_exact_unique_name,4,True
kennytete,Kenny Tete,206746.0,Kenny Tete,fbref_accepted_exact_unique_name,10,True
stevensessegnon,Steven Sessegnon,406558.0,Steven Sessegnon,canonical_identity_exact_unique_name,1,True
kevinmcdonald,Kevin McDonald,36529.0,Kevin McDonald,fbref_accepted_exact_unique_name,1,True
harrisonreed,Harrison Reed,226973.0,Harrison Reed,fbref_accepted_exact_unique_name,6,True
tomcairney,Tom Cairney,123275.0,Tom Cairney,fbref_accepted_exact_unique_name,2,True
joshonomah,Josh Onomah,243589.0,Josh Onomah,fbref_accepted_exact_unique_name,2,True
stefanjohansen,Stefan Johansen,62008.0,Stefan Johansen,fbref_accepted_exact_unique_name,1,True
ivancavaleiro,Ivan Cavaleiro,149716.0,Ivan Cavaleiro,fbref_accepted_exact_unique_name,4,True
neeskenskebano,Neeskens Kebano,111422.0,Neeskens Kebano,fbref_accepted_exact_unique_name,3,True
anthonyknockaert,Anthony Knockaert,149237.0,Anthony Knockaert,fbref_accepted_exact_unique_name,2,True
aleksandarmitrovic,Aleksandar Mitrović,51152.0,Aleksandar Mitrović,fbref_accepted_exact_unique_name,8,True
aboubakarkamara,Aboubakar Kamara,290951.0,Aboubakar Kamara,fbref_accepted_exact_unique_name,2,True
samjohnstone,Sam Johnstone,110864.0,Sam Johnstone,fbref_accepted_exact_unique_name,3,True
daraoshea,Dara O'Shea,401320.0,Dara O'Shea,fbref_accepted_exact_unique_name,1,True
kylebartley,Kyle Bartley,67421.0,Kyle Bartley,fbref_accepted_exact_unique_name,1,True
kierangibbs,Kieran Gibbs,44792.0,Kieran Gibbs,fbref_accepted_exact_unique_name,1,True
conortownsend,Conor Townsend,146509.0,Conor Townsend,fbref_accepted_exact_unique_name,3,True
branislavivanovic,Branislav Ivanovic,36827.0,Branislav Ivanovic,fbref_accepted_exact_unique_name,1,True
jakelivermore,Jake Livermore,61832.0,Jake Livermore,fbref_accepted_exact_unique_name,1,True
samfield,Sam Field,387331.0,Sam Field,fbref_accepted_exact_unique_name,1,True
kamilgrosicki,Kamil Grosicki,37920.0,Kamil Grosicki,fbref_accepted_exact_unique_name,1,True
gradydiangana,Grady Diangana,342048.0,Grady Diangana,fbref_accepted_exact_unique_name,1,True
mattphillips,Matt Phillips,77274.0,Matt Phillips,fbref_accepted_exact_unique_name,1,True
karlangrant,Karlan Grant,314183.0,Karlan Grant,fbref_accepted_exact_unique_name,1,True
callumrobinson,Callum Robinson,183299.0,Callum Robinson,fbref_accepted_exact_unique_name,2,True
mbayediagne,Mbaye Diagne,271966.0,Mbaye Diagne,fbref_accepted_exact_unique_name,2,True
kennethzohore,Kenneth Zohore,135213.0,Kenneth Zohore,fbref_accepted_exact_unique_name,1,True
halrobsonkanu,Hal Robson-Kanu,65976.0,Hal Robson-Kanu,fbref_accepted_exact_unique_name,3,True
simonmoore,Simon Moore,123536.0,Simon Moore,fbref_accepted_exact_unique_name,1,True
jakeeastwood,Jake Eastwood,526873.0,Jake Eastwood,canonical_identity_exact_unique_name,1,True
johnegan,John Egan,121324.0,John Egan,fbref_accepted_exact_unique_name,3,True
jackoconnell,Jack O'Connell,212829.0,Jack O'Connell,fbref_accepted_exact_unique_name,1,True
jackrobinson,Jack Robinson,128909.0,Jack Robinson,fbref_accepted_exact_unique_name,1,True
keanbryan,Kean Bryan,214928.0,Kean Bryan,fbref_accepted_exact_unique_name,1,True
endastevens,Enda Stevens,85706.0,Enda Stevens,fbref_accepted_exact_unique_name,3,True
maxlowe,Max Lowe,258885.0,Max Lowe,fbref_accepted_exact_unique_name,1,True
rhysnorringtondavies,Rhys Norrington-Davies,543164.0,Rhys Norrington-Davies,fbref_accepted_exact_unique_name,2,True
georgebaldock,George Baldock,146690.0,George Baldock,fbref_accepted_exact_unique_name,4,True
sanderberge,Sander Berge,333014.0,Sander Berge,fbref_accepted_exact_unique_name,3,True
johnfleck,John Fleck,54383.0,John Fleck,fbref_accepted_exact_unique_name,2,True
benosborn,Ben Osborn,218087.0,Ben Osborn,fbref_accepted_exact_unique_name,1,True
olimcburnie,Oli McBurnie,298477.0,Oli McBurnie,canonical_identity_exact_unique_name,3,True
davidmcgoldrick,David McGoldrick,35416.0,David McGoldrick,fbref_accepted_exact_unique_name,1,True
rubendias,Rúben Dias,258004.0,Rúben Dias,fbref_accepted_exact_unique_name,5,True
philippesandler,Philippe Sandler,340460.0,Philippe Sandler,fbref_accepted_exact_unique_name,4,True
samueledozie,Samuel Edozie,680806.0,Samuel Edozie,fbref_accepted_exact_unique_name,5,True
philfoden,Phil Foden,406635.0,Phil Foden,fbref_accepted_exact_unique_name,5,True
kayky,Kayky,668265.0,Kayky,canonical_identity_exact_unique_name,1,True
benknight,Ben Knight,568007.0,Ben Knight,canonical_identity_exact_unique_name,1,True
caoimhinkelleher,Caoimhín Kelleher,340918.0,Caoimhín Kelleher,fbref_accepted_exact_unique_name,3,True
adrian,Adrián,71271.0,Adrián San Miguel,fbref_accepted_exact_unique_name,1,True
natphillips,Nat Phillips,,,unresolved,1,False
curtisjones,Curtis Jones,433188.0,Curtis Jones,fbref_accepted_exact_unique_name,7,True
harveyelliott,Harvey Elliott,565822.0,Harvey Elliott,fbref_accepted_exact_unique_name,2,True
benwoodburn,Ben Woodburn,344015.0,Ben Woodburn,fbref_accepted_exact_unique_name,1,True
takumiminamino,Takumi Minamino,165793.0,Takumi Minamino,fbref_accepted_exact_unique_name,4,True
divockorigi,Divock Origi,148368.0,Divock Origi,fbref_accepted_exact_unique_name,6,True
antoniorudiger,Antonio Rüdiger,86202.0,Antonio Rüdiger,fbref_accepted_exact_unique_name,4,True
trevohchalobah,Trevoh Chalobah,346314.0,Trevoh Chalobah,fbref_accepted_exact_unique_name,12,True
marcosalonso,Marcos Alonso,112515.0,Marcos Alonso,fbref_accepted_exact_unique_name,4,True
cesarazpilicueta,César Azpilicueta,57500.0,César Azpilicueta,fbref_accepted_exact_unique_name,6,True
emerson,Emerson,687347.0,Emerson,fbref_accepted_exact_unique_name,3,True
abdulrahmanbaba,Abdul Rahman Baba,224884.0,Abdul Rahman Baba,canonical_identity_exact_unique_name,3,True
reecejames,Reece James,472423.0,Reece James,fbref_accepted_exact_unique_name,14,True
dannydrinkwater,Danny Drinkwater,73491.0,Danny Drinkwater,fbref_accepted_exact_unique_name,1,True
romelulukaku,Romelu Lukaku,96341.0,Romelu Lukaku,fbref_accepted_exact_unique_name,10,True
cristianromero,Cristian Romero,355915.0,Cristian Romero,fbref_accepted_exact_unique_name,13,True
davinsonsanchez,Davinson Sánchez,341429.0,Davinson Sánchez,fbref_accepted_exact_unique_name,5,True
pierreemilehjbjerg,Pierre-Emile Højbjerg,167799.0,Pierre-Emile Højbjerg,canonical_identity_exact_unique_name,5,True
oliverskipp,Oliver Skipp,406638.0,Oliver Skipp,fbref_accepted_exact_unique_name,5,True
rodrigobentancur,Rodrigo Bentancur,354362.0,Rodrigo Bentancur,fbref_accepted_exact_unique_name,11,True
dejankulusevski,Dejan Kulusevski,431755.0,Dejan Kulusevski,fbref_accepted_exact_unique_name,6,True
bryangil,Bryan Gil,537382.0,Bryan Gil,fbref_accepted_exact_unique_name,13,True
lucasmoura,Lucas Moura,77100.0,Lucas Moura,fbref_accepted_exact_unique_name,3,True
karlhein,Karl Hein,493513.0,Karl Hein,canonical_identity_exact_unique_name,2,True
takehirotomiyasu,Takehiro Tomiyasu,331560.0,Takehiro Tomiyasu,fbref_accepted_exact_unique_name,12,True
benwhite,Ben White,335721.0,Ben White,fbref_accepted_exact_unique_name,5,True
ryanalebiosu,Ryan Alebiosu,610649.0,Ryan Alebiosu,canonical_identity_exact_unique_name,1,True
albertsambilokonga,Albert Sambi Lokonga,381967.0,Albert Sambi Lokonga,fbref_accepted_exact_unique_name,9,True
charliepatino,Charlie Patiño,581674.0,Charlie Patino,canonical_identity_exact_unique_name,1,True
raphaelvarane,Raphaël Varane,164770.0,Raphaël Varane,fbref_accepted_exact_unique_name,13,True
aaronwanbissaka,Aaron Wan-Bissaka,477758.0,Aaron Wan-Bissaka,fbref_accepted_exact_unique_name,4,True
nemanjamatic,Nemanja Matić,74683.0,Nemanja Matić,fbref_accepted_exact_unique_name,11,True
fred,Fred,191614.0,Fred,fbref_accepted_exact_unique_name,2,True
brunofernandes,Bruno Fernandes,240306.0,Bruno Fernandes,fbref_accepted_exact_unique_name,2,True
tahithchong,Tahith Chong,344830.0,Tahith Chong,fbref_accepted_exact_unique_name,1,True
amaddiallo,Amad Diallo,536835.0,Amad Diallo,fbref_accepted_exact_unique_name,4,True
cristianoronaldo,Cristiano Ronaldo,8198.0,Cristiano Ronaldo,fbref_accepted_exact_unique_name,11,True
edinsoncavani,Edinson Cavani,48280.0,Edinson Cavani,fbref_accepted_exact_unique_name,4,True
nikolavlasic,Nikola Vlašić,293200.0,Nikola Vlašić,fbref_accepted_exact_unique_name,9,True
dannyward,Danny Ward,203026.0,Danny Ward,fbref_accepted_exact_unique_name,1,True
ricardopereira,Ricardo Pereira,215876.0,Ricardo Pereira,fbref_accepted_exact_unique_name,4,True
youritielemans,Youri Tielemans,249565.0,Youri Tielemans,fbref_accepted_exact_unique_name,6,True
kiernandewsburyhall,Kiernan Dewsbury-Hall,475188.0,Kiernan Dewsbury-Hall,fbref_accepted_exact_unique_name,2,True
kjellscherpen,Kjell Scherpen,463527.0,Kjell Scherpen,canonical_identity_exact_unique_name,1,True
lewisdunk,Lewis Dunk,148153.0,Lewis Dunk,fbref_accepted_exact_unique_name,3,True
danburn,Dan Burn,134270.0,Dan Burn,fbref_accepted_exact_unique_name,8,True
yvesbissouma,Yves Bissouma,410425.0,Yves Bissouma,fbref_accepted_exact_unique_name,5,True
tudorbaluta,Tudor Băluță,433976.0,Tudor Băluță,canonical_identity_exact_unique_name,1,True
enockmwepu,Enock Mwepu,490307.0,Enock Mwepu,fbref_accepted_exact_unique_name,4,True
jakubmoder,Jakub Moder,384461.0,Jakub Moder,fbref_accepted_exact_unique_name,2,True
abdallahsima,Abdallah Sima,776798.0,Abdallah Sima,fbref_accepted_exact_unique_name,9,True
jeremysarmiento,Jeremy Sarmiento,568005.0,Jeremy Sarmiento,fbref_accepted_exact_unique_name,5,True
nealmaupay,Neal Maupay,217115.0,Neal Maupay,fbref_accepted_exact_unique_name,2,True
maximiliankilman,Maximilian Kilman,525247.0,Maximilian Kilman,canonical_identity_exact_unique_name,1,True
yersonmosquera,Yerson Mosquera,716276.0,Yerson Mosquera,fbref_accepted_exact_unique_name,5,True
franciscotrincao,Francisco Trincão,412669.0,Francisco Trincão,fbref_accepted_exact_unique_name,1,True
fabiosilva,Fábio Silva,505653.0,Fábio Silva,fbref_accepted_exact_unique_name,2,True
freddiewoodman,Freddie Woodman,226049.0,Freddie Woodman,fbref_accepted_exact_unique_name,1,True
kierantrippier,Kieran Trippier,95810.0,Kieran Trippier,fbref_accepted_exact_unique_name,7,True
joewillock,Joe Willock,340329.0,Joe Willock,fbref_accepted_exact_unique_name,10,True
joelinton,Joelinton,333241.0,Joelinton,fbref_accepted_exact_unique_name,9,True
allansaintmaximin,Allan Saint-Maximin,272642.0,Allan Saint-Maximin,fbref_accepted_exact_unique_name,6,True
davidraya,David Raya,262749.0,David Raya,fbref_accepted_exact_unique_name,2,True
kristofferajer,Kristoffer Ajer,328658.0,Kristoffer Ajer,fbref_accepted_exact_unique_name,6,True
zanka,Zanka,52059.0,Zanka,canonical_identity_exact_unique_name,3,True
mathiasjensen,Mathias Jensen,319859.0,Mathias Jensen,fbref_accepted_exact_unique_name,5,True
frankonyeka,Frank Onyeka,421637.0,Frank Onyeka,fbref_accepted_exact_unique_name,3,True
shandonbaptiste,Shandon Baptiste,533916.0,Shandon Baptiste,fbref_accepted_exact_unique_name,2,True
christianeriksen,Christian Eriksen,69633.0,Christian Eriksen,fbref_accepted_exact_unique_name,5,True
samanghoddos,Saman Ghoddos,204294.0,Saman Ghoddos,fbref_accepted_exact_unique_name,1,True
yoanewissa,Yoane Wissa,388165.0,Yoane Wissa,fbref_accepted_exact_unique_name,2,True
emilianomartinez,Emiliano Martínez,111873.0,Emiliano Martínez,fbref_accepted_exact_unique_name,1,True
jedsteer,Jed Steer,110867.0,Jed Steer,fbref_accepted_exact_unique_name,1,True
marvelousnakamba,Marvelous Nakamba,324882.0,Marvelous Nakamba,fbref_accepted_exact_unique_name,3,True
douglasluiz,Douglas Luiz,447661.0,Douglas Luiz,fbref_accepted_exact_unique_name,6,True
philippecoutinho,Philippe Coutinho,80444.0,Philippe Coutinho,fbref_accepted_exact_unique_name,8,True
jadenphilogene,Jaden Philogene,665390.0,Jaden Philogene,canonical_identity_exact_unique_name,12,True
jackstephens,Jack Stephens,163744.0,Jack Stephens,fbref_accepted_exact_unique_name,3,True
lyanco,Lyanco,379807.0,Lyanco,fbref_accepted_exact_unique_name,3,True
tinolivramento,Tino Livramento,503981.0,Tino Livramento,canonical_identity_exact_unique_name,6,True
armandobroja,Armando Broja,571743.0,Armando Broja,fbref_accepted_exact_unique_name,12,True
dannlundulu,Dan Nlundulu,346482.0,Dan Nlundulu,fbref_accepted_exact_unique_name,1,True
shanelong,Shane Long,37304.0,Shane Long,fbref_accepted_exact_unique_name,1,True
vitaliymykolenko,Vitaliy Mykolenko,404842.0,Vitaliy Mykolenko,fbref_accepted_exact_unique_name,10,True
nathanpatterson,Nathan Patterson,424015.0,Nathan Patterson,fbref_accepted_exact_unique_name,6,True
nathanbroadhead,Nathan Broadhead,344009.0,Nathan Broadhead,canonical_identity_exact_unique_name,2,True
androstownsend,Andros Townsend,61842.0,Andros Townsend,fbref_accepted_exact_unique_name,2,True
pascalstruijk,Pascal Struijk,410708.0,Pascal Struijk,fbref_accepted_exact_unique_name,1,True
charliecresswell,Charlie Cresswell,597659.0,Charlie Cresswell,fbref_accepted_exact_unique_name,2,True
juniorfirpo,Junior Firpo,374139.0,Junior Firpo,fbref_accepted_exact_unique_name,4,True
lukeayling,Luke Ayling,67420.0,Luke Ayling,fbref_accepted_exact_unique_name,1,True
adamforshaw,Adam Forshaw,121257.0,Adam Forshaw,fbref_accepted_exact_unique_name,1,True
stuartdallas,Stuart Dallas,158764.0,Stuart Dallas,fbref_accepted_exact_unique_name,1,True
crysenciosummerville,Crysencio Summerville,474701.0,Crysencio Summerville,fbref_accepted_exact_unique_name,2,True
heldercosta,Hélder Costa,173900.0,Hélder Costa,fbref_accepted_exact_unique_name,2,True
patrickbamford,Patrick Bamford,183334.0,Patrick Bamford,fbref_accepted_exact_unique_name,4,True
lukasjensen,Lukas Jensen,581890.0,Lukas Jensen,canonical_identity_exact_unique_name,1,True
connorroberts,Connor Roberts,214666.0,Connor Roberts,fbref_accepted_exact_unique_name,1,True
maxwelcornet,Maxwel Cornet,234781.0,Maxwel Cornet,fbref_accepted_exact_unique_name,13,True
williamtroostekong,William Troost-Ekong,192875.0,William Troost-Ekong,fbref_accepted_exact_unique_name,2,True
nicolasnkoulou,Nicolas N'Koulou,60577.0,Nicolas N'Koulou,fbref_accepted_exact_unique_name,3,True
peteretebo,Peter Etebo,409106.0,Peter Etebo,canonical_identity_exact_unique_name,1,True
imranlouza,Imrân Louza,635336.0,Imrân Louza,fbref_accepted_exact_unique_name,2,True
ozantufan,Ozan Tufan,236471.0,Ozan Tufan,fbref_accepted_exact_unique_name,1,True
jurajkucka,Juraj Kucka,74943.0,Juraj Kucka,fbref_accepted_exact_unique_name,6,True
kensema,Ken Sema,252345.0,Ken Sema,fbref_accepted_exact_unique_name,1,True
kwadwobaah,Kwadwo Baah,711247.0,Kwadwo Baah,canonical_identity_exact_unique_name,1,True
ismailasarr,Ismaïla Sarr,410225.0,Ismaïla Sarr,fbref_accepted_exact_unique_name,6,True
samuelkalu,Samuel Kalu,424051.0,Samuel Kalu,fbref_accepted_exact_unique_name,1,True
danielbarden,Daniel Barden,504042.0,Daniel Barden,canonical_identity_exact_unique_name,1,True
granthanley,Grant Hanley,121385.0,Grant Hanley,fbref_accepted_exact_unique_name,1,True
mathiasnormann,Mathias Normann,257805.0,Mathias Normann,fbref_accepted_exact_unique_name,1,True
pierreleesmelou,Pierre Lees-Melou,377393.0,Pierre Lees-Melou,fbref_accepted_exact_unique_name,4,True
jacoblungisrensen,Jacob Lungi Sørensen,390664.0,Jacob Lungi Sørensen,canonical_identity_exact_unique_name,1,True
danieladshead,Daniel Adshead,532464.0,Daniel Adshead,canonical_identity_exact_unique_name,1,True
christostzolis,Christos Tzolis,451677.0,Christos Tzolis,fbref_accepted_exact_unique_name,1,True
przemyslawplacheta,Przemyslaw Placheta,383109.0,Przemyslaw Placheta,fbref_accepted_enhanced_exact_unique_name,1,True
adamidah,Adam Idah,434223.0,Adam Idah,fbref_accepted_exact_unique_name,1,True
sergiogomez,Sergio Gómez,366930.0,Sergio Gómez,fbref_accepted_exact_unique_name,2,True
maximoperrone,Máximo Perrone,668547.0,Máximo Perrone,fbref_accepted_exact_unique_name,1,True
claudiogomes,Claudio Gomes,395239.0,Claudio Gomes,canonical_identity_exact_unique_name,1,True
julianalvarez,Julián Alvarez,576024.0,Julián Alvarez,fbref_accepted_exact_unique_name,1,True
williamsaliba,William Saliba,495666.0,William Saliba,fbref_accepted_exact_unique_name,3,True
eddienketiah,Eddie Nketiah,340324.0,Eddie Nketiah,fbref_accepted_exact_unique_name,3,True
lisandromartinez,Lisandro Martínez,480762.0,Lisandro Martínez,fbref_accepted_exact_unique_name,6,True
alvarocarreras,Álvaro Carreras,811778.0,Álvaro Carreras,fbref_accepted_exact_unique_name,1,True
diogodalot,Diogo Dalot,357147.0,Diogo Dalot,fbref_accepted_exact_unique_name,2,True
jamesgarner,James Garner,505219.0,James Garner,fbref_accepted_exact_unique_name,3,True
alejandrogarnacho,Alejandro Garnacho,811779.0,Alejandro Garnacho,fbref_accepted_exact_unique_name,1,True
antony,Antony,602105.0,Antony,fbref_accepted_exact_unique_name,1,True
kellwatts,Kell Watts,484389.0,Kell Watts,canonical_identity_exact_unique_name,2,True
matttargett,Matt Targett,250478.0,Matt Targett,fbref_accepted_exact_unique_name,6,True
harrisonashby,Harrison Ashby,559130.0,Harrison Ashby,fbref_accepted_exact_unique_name,4,True
brunoguimaraes,Bruno Guimarães,520624.0,Bruno Guimarães,fbref_accepted_exact_unique_name,3,True
anthonygordon,Anthony Gordon,503733.0,Anthony Gordon,fbref_accepted_exact_unique_name,8,True
alexanderisak,Alexander Isak,349066.0,Alexander Isak,fbref_accepted_exact_unique_name,9,True
calvinramsay,Calvin Ramsay,633652.0,Calvin Ramsay,canonical_identity_exact_unique_name,2,True
arthurmelo,Arthur Melo,362842.0,Arthur Melo,fbref_accepted_exact_unique_name,9,True
stefanbajcetic,Stefan Bajcetic,864799.0,Stefan Bajcetic,fbref_accepted_exact_unique_name,3,True
fabiocarvalho,Fábio Carvalho,559263.0,Fábio Carvalho,fbref_accepted_exact_unique_name,3,True
luisdiaz,Luis Díaz,480692.0,Luis Díaz,fbref_accepted_exact_unique_name,1,True
codygakpo,Cody Gakpo,434675.0,Cody Gakpo,fbref_accepted_exact_unique_name,3,True
bengannondoak,Ben Gannon-Doak,719673.0,Ben Gannon-Doak,canonical_identity_exact_unique_name,2,True
darwinnunez,Darwin Núñez,546543.0,Darwin Núñez,fbref_accepted_exact_unique_name,10,True
robertsanchez,Robert Sánchez,403151.0,Robert Sánchez,fbref_accepted_exact_unique_name,3,True
levicolwill,Levi Colwill,614258.0,Levi Colwill,fbref_accepted_exact_unique_name,5,True
pervisestupinan,Pervis Estupiñán,349599.0,Pervis Estupiñán,fbref_accepted_exact_unique_name,8,True
facundobuonanotte,Facundo Buonanotte,983989.0,Facundo Buonanotte,fbref_accepted_exact_unique_name,2,True
evanferguson,Evan Ferguson,648046.0,Evan Ferguson,fbref_accepted_exact_unique_name,5,True
diegocarlos,Diego Carlos,329145.0,Diego Carlos,fbref_accepted_exact_unique_name,6,True
alexmoreno,Álex Moreno,193098.0,Álex Moreno,fbref_accepted_exact_unique_name,7,True
boubacarkamara,Boubacar Kamara,394327.0,Boubacar Kamara,fbref_accepted_exact_unique_name,8,True
jacobramsey,Jacob Ramsey,503749.0,Jacob Ramsey,fbref_accepted_exact_unique_name,7,True
clementlenglet,Clément Lenglet,182904.0,Clément Lenglet,fbref_accepted_exact_unique_name,4,True
djedspence,Djed Spence,483348.0,Djed Spence,fbref_accepted_exact_unique_name,5,True
pedroporro,Pedro Porro,553875.0,Pedro Porro,fbref_accepted_exact_unique_name,2,True
emersonroyal,Emerson Royal,476344.0,Emerson Royal,canonical_identity_exact_unique_name,4,True
alfiedevine,Alfie Devine,728734.0,Alfie Devine,canonical_identity_exact_unique_name,2,True
thomasstrakosha,Thomas Strakosha,222209.0,Thomas Strakosha,fbref_accepted_exact_unique_name,5,True
madsbechsrensen,Mads Bech Sørensen,372240.0,Mads Bech Sørensen,fbref_accepted_exact_unique_name,2,True
pontusjansson,Pontus Jansson,125314.0,Pontus Jansson,fbref_accepted_exact_unique_name,1,True
aaronhickey,Aaron Hickey,591949.0,Aaron Hickey,fbref_accepted_exact_unique_name,7,True
vitalyjanelt,Vitaly Janelt,270171.0,Vitaly Janelt,fbref_accepted_exact_unique_name,2,True
keanelewispotter,Keane Lewis-Potter,644401.0,Keane Lewis-Potter,fbref_accepted_exact_unique_name,3,True
sergicanos,Sergi Canós,251845.0,Sergi Canós,fbref_accepted_exact_unique_name,5,True
timream,Tim Ream,145466.0,Tim Ream,fbref_accepted_exact_unique_name,2,True
layvinkurzawa,Layvin Kurzawa,126710.0,Layvin Kurzawa,fbref_accepted_exact_unique_name,8,True
marlonfossey,Marlon Fossey,408562.0,Marlon Fossey,canonical_identity_exact_unique_name,1,True
nathanielchalobah,Nathaniel Chalobah,128900.0,Nathaniel Chalobah,fbref_accepted_exact_unique_name,1,True
sasalukic,Saša Lukić,245056.0,Saša Lukić,fbref_accepted_exact_unique_name,10,True
andreaspereira,Andreas Pereira,203394.0,Andreas Pereira,fbref_accepted_exact_unique_name,3,True
manorsolomon,Manor Solomon,396638.0,Manor Solomon,fbref_accepted_exact_unique_name,2,True
rodrigomuniz,Rodrigo Muniz,735571.0,Rodrigo Muniz,fbref_accepted_exact_unique_name,4,True
remimatthews,Remi Matthews,196722.0,Remi Matthews,canonical_identity_exact_unique_name,1,True
michaelolise,Michael Olise,566723.0,Michael Olise,fbref_accepted_exact_unique_name,2,True
benoitbadiashile,Benoît Badiashile,463603.0,Benoît Badiashile,fbref_accepted_exact_unique_name,14,True
kalidoukoulibaly,Kalidou Koulibaly,93128.0,Kalidou Koulibaly,fbref_accepted_exact_unique_name,6,True
marccucurella,Marc Cucurella,284857.0,Marc Cucurella,fbref_accepted_exact_unique_name,2,True
nonimadueke,Noni Madueke,503987.0,Noni Madueke,fbref_accepted_exact_unique_name,4,True
craigdawson,Craig Dawson,121477.0,Craig Dawson,fbref_accepted_exact_unique_name,5,True
matheusnunes,Matheus Nunes,601883.0,Matheus Nunes,fbref_accepted_exact_unique_name,1,True
nelsonsemedo,Nélson Semedo,231572.0,Nélson Semedo,fbref_accepted_exact_unique_name,2,True
boubacartraore,Boubacar Traoré,649020.0,Boubacar Traoré,fbref_accepted_exact_unique_name,6,True
joaomoutinho,João Moutinho,,,unresolved,2,False
goncaloguedes,Gonçalo Guedes,225122.0,Gonçalo Guedes,fbref_accepted_exact_unique_name,2,True
chiquinho,Chiquinho,695454.0,Chiquinho,fbref_accepted_exact_unique_name,1,True
pablosarabia,Pablo Sarabia,74230.0,Pablo Sarabia,fbref_accepted_exact_unique_name,6,True
josephanang,Joseph Anang,576099.0,Joseph Anang,canonical_identity_exact_unique_name,1,True
nayefaguerd,Nayef Aguerd,361914.0,Nayef Aguerd,fbref_accepted_exact_unique_name,13,True
thilokehrer,Thilo Kehrer,228948.0,Thilo Kehrer,fbref_accepted_exact_unique_name,6,True
lucaspaqueta,Lucas Paquetá,444523.0,Lucas Paquetá,fbref_accepted_exact_unique_name,9,True
gianlucascamacca,Gianluca Scamacca,315867.0,Gianluca Scamacca,fbref_accepted_exact_unique_name,10,True
neto,Neto,111819.0,Neto,fbref_accepted_exact_unique_name,5,True
ilyazabarnyi,Ilya Zabarnyi,659089.0,Ilya Zabarnyi,canonical_identity_exact_unique_name,1,True
lloydkelly,Lloyd Kelly,480116.0,Lloyd Kelly,fbref_accepted_exact_unique_name,8,True
chrismepham,Chris Mepham,480987.0,Chris Mepham,fbref_accepted_exact_unique_name,3,True
jameshill,James Hill,611793.0,James Hill,fbref_accepted_exact_unique_name,3,True
lewiscook,Lewis Cook,249089.0,Lewis Cook,fbref_accepted_exact_unique_name,2,True
marcustavernier,Marcus Tavernier,399434.0,Marcus Tavernier,fbref_accepted_exact_unique_name,6,True
emilianomarcondes,Emiliano Marcondes,232964.0,Emiliano Marcondes,canonical_identity_exact_unique_name,1,True
hamedtraore,Hamed Traoré,391065.0,Hamed Traoré,canonical_identity_exact_unique_name,16,True
davidbrooks,David Brooks,277033.0,David Brooks,fbref_accepted_exact_unique_name,4,True
dominicsolanke,Dominic Solanke,258889.0,Dominic Solanke,fbref_accepted_exact_unique_name,5,True
keylornavas,Keylor Navas,79422.0,Keylor Navas,fbref_accepted_exact_unique_name,19,True
loicbade,Loïc Badé,730581.0,Loïc Badé,fbref_accepted_exact_unique_name,10,True
scottmckenna,Scott McKenna,255906.0,Scott McKenna,fbref_accepted_exact_unique_name,3,True
giulianbiancone,Giulian Biancone,536507.0,Giulian Biancone,fbref_accepted_exact_unique_name,1,True
jonathanpanzo,Jonathan Panzo,392777.0,Jonathan Panzo,fbref_accepted_exact_unique_name,2,True
stevecook,Steve Cook,90836.0,Steve Cook,fbref_accepted_exact_unique_name,2,True
cheikhoukouyate,Cheikhou Kouyaté,66934.0,Cheikhou Kouyaté,fbref_accepted_exact_unique_name,1,True
ryanyates,Ryan Yates,425902.0,Ryan Yates,fbref_accepted_exact_unique_name,2,True
gustavoscarpa,Gustavo Scarpa,330085.0,Gustavo Scarpa,fbref_accepted_exact_unique_name,1,True
eldinjakupovic,Eldin Jakupović,2857.0,Eldin Jakupovic,canonical_identity_exact_unique_name,1,True
andylonergan,Andy Lonergan,14044.0,Andy Lonergan,canonical_identity_exact_unique_name,1,True
amadouonana,Amadou Onana,485706.0,Amadou Onana,fbref_accepted_exact_unique_name,6,True
ellissimms,Ellis Simms,511550.0,Ellis Simms,fbref_accepted_exact_unique_name,1,True
victorkristiansen,Victor Kristiansen,564529.0,Victor Kristiansen,canonical_identity_exact_unique_name,5,True
hamzachoudhury,Hamza Choudhury,341501.0,Hamza Choudhury,fbref_accepted_exact_unique_name,2,True
willalves,Will Alves,867711.0,Will Alves,canonical_identity_exact_unique_name,1,True
kelechiiheanacho,Kelechi Iheanacho,295330.0,Kelechi Iheanacho,fbref_accepted_exact_unique_name,1,True
westonmckennie,Weston McKennie,332697.0,Weston McKennie,fbref_accepted_exact_unique_name,9,True
luissinisterra,Luis Sinisterra,512385.0,Luis Sinisterra,fbref_accepted_exact_unique_name,6,True
juanlarios,Juan Larios,646738.0,Juan Larios,fbref_accepted_exact_unique_name,2,True
romeolavia,Roméo Lavia,628451.0,Roméo Lavia,fbref_accepted_exact_unique_name,9,True
kamaldeensulemana,Kamaldeen Sulemana,746695.0,Kamaldeen Sulemana,fbref_accepted_exact_unique_name,7,True
paulonuachu,Paul Onuachu,272855.0,Paul Onuachu,fbref_accepted_exact_unique_name,1,True
joshwilsonesbrand,Josh Wilson-Esbrand,576121.0,Josh Wilson-Esbrand,fbref_accepted_exact_unique_name,5,True
jeremydoku,Jérémy Doku,486049.0,Jérémy Doku,fbref_accepted_exact_unique_name,13,True
jurrientimber,Jurriën Timber,420243.0,Jurriën Timber,fbref_accepted_exact_unique_name,5,True
maurobandeira,Mauro Bandeira,745846.0,Mauro Bandeira,canonical_identity_exact_unique_name,1,True
fabiovieira,Fábio Vieira,537598.0,Fábio Vieira,fbref_accepted_exact_unique_name,1,True
vitezslavjaros,Vitezslav Jaros,486604.0,Vitezslav Jaros,canonical_identity_exact_unique_name,1,True
owenbeck,Owen Beck,551001.0,Owen Beck,canonical_identity_exact_unique_name,1,True
conorbradley,Conor Bradley,624258.0,Conor Bradley,fbref_accepted_exact_unique_name,4,True
pautorres,Pau Torres,399776.0,Pau Torres,fbref_accepted_exact_unique_name,3,True
tyronemings,Tyrone Mings,253677.0,Tyrone Mings,fbref_accepted_exact_unique_name,4,True
emilianobuendia,Emiliano Buendía,321247.0,Emiliano Buendía,canonical_identity_exact_unique_name,1,True
nicolozaniolo,Nicolò Zaniolo,392085.0,Nicolò Zaniolo,fbref_accepted_exact_unique_name,15,True
morganrogers,Morgan Rogers,503743.0,Morgan Rogers,fbref_accepted_exact_unique_name,1,True
jhonduran,Jhon Durán,649317.0,Jhon Durán,canonical_identity_exact_unique_name,3,True
guglielmovicario,Guglielmo Vicario,286047.0,Guglielmo Vicario,fbref_accepted_exact_unique_name,3,True
fraserforster,Fraser Forster,52570.0,Fraser Forster,fbref_accepted_exact_unique_name,3,True
alfiewhiteman,Alfie Whiteman,282823.0,Alfie Whiteman,canonical_identity_exact_unique_name,2,True
ashleyphillips,Ashley Phillips,859951.0,Ashley Phillips,canonical_identity_exact_unique_name,1,True
destinyudogie,Destiny Udogie,556385.0,Destiny Udogie,fbref_accepted_exact_unique_name,11,True
papematarsarr,Pape Matar Sarr,568693.0,Pape Matar Sarr,fbref_accepted_exact_unique_name,3,True
ivanperisic,Ivan Perišić,42460.0,Ivan Perišić,fbref_accepted_exact_unique_name,5,True
brennanjohnson,Brennan Johnson,470607.0,Brennan Johnson,fbref_accepted_exact_unique_name,5,True
alejoveliz,Alejo Veliz,888493.0,Alejo Veliz,fbref_accepted_exact_unique_name,2,True
eddiebeach,Eddie Beach,732120.0,Eddie Beach,canonical_identity_exact_unique_name,1,True
axeldisasi,Axel Disasi,386047.0,Axel Disasi,fbref_accepted_exact_unique_name,2,True
malogusto,Malo Gusto,620322.0,Malo Gusto,fbref_accepted_exact_unique_name,12,True
lesleyugochukwu,Lesley Ugochukwu,711999.0,Lesley Ugochukwu,fbref_accepted_exact_unique_name,3,True
enzofernandez,Enzo Fernández,648195.0,Enzo Fernández,fbref_accepted_exact_unique_name,3,True
mykhaylomudryk,Mykhaylo Mudryk,537860.0,Mykhaylo Mudryk,canonical_identity_exact_unique_name,3,True
nicolasjackson,Nicolas Jackson,776890.0,Nicolas Jackson,fbref_accepted_exact_unique_name,2,True
svenbotman,Sven Botman,361093.0,Sven Botman,fbref_accepted_exact_unique_name,7,True
lewismiley,Lewis Miley,922769.0,Lewis Miley,fbref_accepted_exact_unique_name,3,True
jacobmurphy,Jacob Murphy,199527.0,Jacob Murphy,fbref_accepted_exact_unique_name,2,True
altaybayndr,Altay Bayındır,336077.0,Altay Bayındır,canonical_identity_exact_unique_name,1,True
tyrellmalacia,Tyrell Malacia,339340.0,Tyrell Malacia,fbref_accepted_exact_unique_name,1,True
casemiro,Casemiro,16306.0,Casemiro,fbref_accepted_exact_unique_name,5,True
kobbiemainoo,Kobbie Mainoo,820374.0,Kobbie Mainoo,fbref_accepted_exact_unique_name,3,True
danielgore,Daniel Gore,,,unresolved,1,False
rasmushjlund,Rasmus Højlund,610442.0,Rasmus Højlund,fbref_accepted_exact_unique_name,6,True
alphonseareola,Alphonse Areola,120629.0,Alphonse Areola,fbref_accepted_exact_unique_name,1,True
georgeearthy,George Earthy,697280.0,George Earthy,canonical_identity_exact_unique_name,1,True
jarrodbowen,Jarrod Bowen,314875.0,Jarrod Bowen,fbref_accepted_exact_unique_name,2,True
marcguehi,Marc Guéhi,392757.0,Marc Guéhi,fbref_accepted_exact_unique_name,1,True
tayoadaramola,Tayo Adaramola,724529.0,Tayo Adaramola,canonical_identity_exact_unique_name,1,True
danielmunoz,Daniel Muñoz,493003.0,Daniel Muñoz,fbref_accepted_exact_unique_name,1,True
cheickdoucoure,Cheick Doucouré,543387.0,Cheick Doucouré,fbref_accepted_exact_unique_name,5,True
jeffersonlerma,Jefferson Lerma,262980.0,Jefferson Lerma,fbref_accepted_exact_unique_name,2,True
matheusfranca,Matheus França,743597.0,Matheus França,fbref_accepted_exact_unique_name,2,True
jesurunraksakyi,Jesurun Rak-Sakyi,586834.0,Jesurun Rak-Sakyi,fbref_accepted_exact_unique_name,1,True
janpaulvanhecke,Jan Paul van Hecke,576314.0,Jan Paul van Hecke,fbref_accepted_exact_unique_name,3,True
odelugaoffiah,Odeluga Offiah,567597.0,Odeluga Offiah,fbref_accepted_exact_unique_name,2,True
jackhinshelwood,Jack Hinshelwood,867688.0,Jack Hinshelwood,fbref_accepted_exact_unique_name,2,True
valentinbarco,Valentín Barco,849410.0,Valentín Barco,fbref_accepted_exact_unique_name,1,True
yasinayari,Yasin Ayari,667287.0,Yasin Ayari,fbref_accepted_exact_unique_name,3,True
julioenciso,Julio Enciso,660867.0,Julio Enciso,fbref_accepted_exact_unique_name,3,True
kaorumitoma,Kaoru Mitoma,504849.0,Kaoru Mitoma,fbref_accepted_exact_unique_name,4,True
simonadingra,Simon Adingra,658536.0,Simon Adingra,fbref_accepted_exact_unique_name,1,True
ansufati,Ansu Fati,466810.0,Ansu Fati,fbref_accepted_exact_unique_name,11,True
joaopedro,João Pedro,,,unresolved,3,False
marcossenesi,Marcos Senesi,469781.0,Marcos Senesi,fbref_accepted_exact_unique_name,3,True
maxaarons,Max Aarons,471690.0,Max Aarons,fbref_accepted_exact_unique_name,2,True
alexscott,Alex Scott,855256.0,Alex Scott,fbref_accepted_exact_unique_name,2,True
romainfaivre,Romain Faivre,555076.0,Romain Faivre,fbref_accepted_exact_unique_name,19,True
dangoouattara,Dango Ouattara,823231.0,Dango Ouattara,fbref_accepted_exact_unique_name,5,True
enesunal,Enes Ünal,251106.0,Enes Ünal,fbref_accepted_exact_unique_name,9,True
berndleno,Bernd Leno,72476.0,Bernd Leno,fbref_accepted_exact_unique_name,1,True
tosinadarabioyo,Tosin Adarabioyo,258878.0,Tosin Adarabioyo,fbref_accepted_exact_unique_name,2,True
calvinbassey,Calvin Bassey,461883.0,Calvin Bassey,fbref_accepted_exact_unique_name,1,True
tyresefrancois,Tyrese Francois,528888.0,Tyrese Francois,fbref_accepted_exact_unique_name,1,True
santiagobueno,Santiago Bueno,438001.0,Santiago Bueno,fbref_accepted_exact_unique_name,4,True
joehodge,Joe Hodge,503975.0,Joe Hodge,canonical_identity_exact_unique_name,2,True
jeanricnerbellegarde,Jean-Ricner Bellegarde,450050.0,Jean-Ricner Bellegarde,fbref_accepted_exact_unique_name,6,True
tommydoyle,Tommy Doyle,433183.0,Tommy Doyle,fbref_accepted_exact_unique_name,1,True
ashleyyoung,Ashley Young,14086.0,Ashley Young,fbref_accepted_exact_unique_name,2,True
jackharrison,Jack Harrison,417346.0,Jack Harrison,fbref_accepted_exact_unique_name,1,True
beto,Beto,595809.0,Beto,fbref_accepted_exact_unique_name,5,True
tomcannon,Tom Cannon,669366.0,Tom Cannon,canonical_identity_exact_unique_name,1,True
nathancollins,Nathan Collins,469050.0,Nathan Collins,fbref_accepted_exact_unique_name,1,True
ethanpinnock,Ethan Pinnock,442248.0,Ethan Pinnock,fbref_accepted_exact_unique_name,3,True
ricohenry,Rico Henry,339556.0,Rico Henry,fbref_accepted_exact_unique_name,5,True
christiannrgaard,Christian Nørgaard,148367.0,Christian Nørgaard,fbref_accepted_exact_unique_name,3,True
yunuskonak,Yunus Konak,1141628.0,Yunus Konak,canonical_identity_exact_unique_name,1,True
joshdasilva,Josh Dasilva,340321.0,Josh Dasilva,fbref_accepted_exact_unique_name,3,True
ryantrevitt,Ryan Trevitt,874538.0,Ryan Trevitt,canonical_identity_exact_unique_name,3,True
mikkeldamsgaard,Mikkel Damsgaard,540941.0,Mikkel Damsgaard,fbref_accepted_exact_unique_name,4,True
bryanmbeumo,Bryan Mbeumo,413039.0,Bryan Mbeumo,fbref_accepted_exact_unique_name,1,True
ibrahimsangare,Ibrahim Sangaré,375885.0,Ibrahim Sangaré,fbref_accepted_exact_unique_name,2,True
brandonaguilera,Brandon Aguilera,631996.0,Brandon Aguilera,canonical_identity_exact_unique_name,1,True
alexmighten,Alex Mighten,503988.0,Alex Mighten,canonical_identity_exact_unique_name,1,True
uijohwang,Ui-jo Hwang,260166.0,Ui-jo Hwang,canonical_identity_exact_unique_name,3,True
gabrielosho,Gabriel Osho,364409.0,Gabriel Osho,fbref_accepted_exact_unique_name,4,True
tomlockyer,Tom Lockyer,207742.0,Tom Lockyer,fbref_accepted_exact_unique_name,1,True
amariibell,Amari'i Bell,278166.0,Amari'i Bell,fbref_accepted_exact_unique_name,2,True
reeceburke,Reece Burke,264220.0,Reece Burke,fbref_accepted_exact_unique_name,1,True
danpotts,Dan Potts,207037.0,Dan Potts,canonical_identity_exact_unique_name,2,True
daikihashioka,Daiki Hashioka,387191.0,Daiki Hashioka,fbref_accepted_exact_unique_name,1,True
allancampbell,Allan Campbell,347619.0,Allan Campbell,canonical_identity_exact_unique_name,3,True
alfiedoughty,Alfie Doughty,608175.0,Alfie Doughty,fbref_accepted_exact_unique_name,1,True
jacobbrown,Jacob Brown,469958.0,Jacob Brown,fbref_accepted_exact_unique_name,1,True
admiralmuskwe,Admiral Muskwe,314378.0,Admiral Muskwe,canonical_identity_exact_unique_name,2,True
hjalmarekdal,Hjalmar Ekdal,392179.0,Hjalmar Ekdal,fbref_accepted_exact_unique_name,2,True
hannesdelcroix,Hannes Delcroix,338635.0,Hannes Delcroix,fbref_accepted_exact_unique_name,1,True
vitinho,Vitinho,468249.0,Vitinho,fbref_accepted_exact_unique_name,2,True
aaronramsey,Aaron Ramsey,,,unresolved,10,False
miketresor,Mike Tresor,381963.0,Mike Tresor,fbref_accepted_exact_unique_name,1,True
scotttwine,Scott Twine,433818.0,Scott Twine,canonical_identity_exact_unique_name,1,True
lucakoleosho,Luca Koleosho,745461.0,Luca Koleosho,fbref_accepted_exact_unique_name,1,True
bensonmanuel,Benson Manuel,322702.0,Benson Manuel,fbref_accepted_exact_unique_name,2,True
lylefoster,Lyle Foster,467623.0,Lyle Foster,fbref_accepted_exact_unique_name,2,True
chrisbasham,Chris Basham,52495.0,Chris Basham,fbref_accepted_exact_unique_name,1,True
anisslimane,Anis Slimane,,,unresolved,1,False
aaronramsdale,Aaron Ramsdale,427568.0,Aaron Ramsdale,fbref_accepted_exact_unique_name,4,True
aydenheaven,Ayden Heaven,1078163.0,Ayden Heaven,canonical_identity_exact_unique_name,2,True
zanemonlouis,Zane Monlouis,586981.0,Zane Monlouis,canonical_identity_exact_unique_name,1,True
myleslewisskelly,Myles Lewis-Skelly,890721.0,Myles Lewis-Skelly,canonical_identity_exact_unique_name,1,True
riccardocalafiori,Riccardo Calafiori,502821.0,Riccardo Calafiori,fbref_accepted_exact_unique_name,9,True
jorginho,Jorginho,102017.0,Jorginho,fbref_accepted_exact_unique_name,1,True
declanrice,Declan Rice,357662.0,Declan Rice,fbref_accepted_exact_unique_name,1,True
mikelmerino,Mikel Merino,338424.0,Mikel Merino,fbref_accepted_exact_unique_name,7,True
ethannwaneri,Ethan Nwaneri,890719.0,Ethan Nwaneri,canonical_identity_exact_unique_name,1,True
olliewatkins,Ollie Watkins,324358.0,Ollie Watkins,fbref_accepted_exact_unique_name,3,True
juliosoler,Julio Soler,1009658.0,Julio Soler,canonical_identity_exact_unique_name,1,True
julianaraujo,Julián Araujo,513970.0,Julián Araujo,fbref_accepted_exact_unique_name,4,True
adamsmith,Adam Smith,61841.0,Adam Smith,fbref_accepted_exact_unique_name,2,True
philipbilling,Philip Billing,320411.0,Philip Billing,fbref_accepted_exact_unique_name,4,True
ryanchristie,Ryan Christie,188077.0,Ryan Christie,fbref_accepted_exact_unique_name,2,True
evanilson,Evanilson,711337.0,Evanilson,canonical_identity_exact_unique_name,1,True
jisookim,Ji-soo Kim,709767.0,Ji-soo Kim,canonical_identity_exact_unique_name,1,True
michaelkayode,Michael Kayode,823486.0,Michael Kayode,fbref_accepted_exact_unique_name,3,True
parismaghoma,Paris Maghoma,470596.0,Paris Maghoma,canonical_identity_exact_unique_name,1,True
mylespeartharris,Myles Peart-Harris,587002.0,Myles Peart-Harris,fbref_accepted_exact_unique_name,1,True
gustavonunes,Gustavo Nunes,1086375.0,Gustavo Nunes,canonical_identity_exact_unique_name,2,True
igorthiago,Igor Thiago,739443.0,Igor Thiago,canonical_identity_exact_unique_name,2,True
carlrushworth,Carl Rushworth,646353.0,Carl Rushworth,canonical_identity_exact_unique_name,1,True
igorjulio,Igor Julio,380350.0,Igor Julio,canonical_identity_exact_unique_name,1,True
eirancashin,Eiran Cashin,581330.0,Eiran Cashin,canonical_identity_exact_unique_name,3,True
carlosbaleba,Carlos Baleba,973085.0,Carlos Baleba,fbref_accepted_exact_unique_name,1,True
matswieffer,Mats Wieffer,415381.0,Mats Wieffer,canonical_identity_exact_unique_name,2,True
mattoriley,Matt O'Riley,406634.0,Matt O'Riley,canonical_identity_exact_unique_name,2,True
yankubaminteh,Yankuba Minteh,1012534.0,Yankuba Minteh,canonical_identity_exact_unique_name,1,True
amariocozierduberry,Amario Cozier-Duberry,878150.0,Amario Cozier-Duberry,canonical_identity_exact_unique_name,1,True
markomahony,Mark O'Mahony,943549.0,Mark O'Mahony,canonical_identity_exact_unique_name,1,True
mikependers,Mike Penders,834397.0,Mike Penders,canonical_identity_exact_unique_name,1,True
gabrielslonina,Gabriel Slonina,656316.0,Gabriel Slonina,canonical_identity_exact_unique_name,1,True
renatoveiga,Renato Veiga,805714.0,Renato Veiga,fbref_accepted_exact_unique_name,2,True
mamadousarr,Mamadou Sarr,910905.0,Mamadou Sarr,fbref_accepted_exact_unique_name,6,True
aaronanselmino,Aarón Anselmino,1145504.0,Aarón Anselmino,canonical_identity_exact_unique_name,2,True
darioessugo,Dário Essugo,670717.0,Dário Essugo,canonical_identity_exact_unique_name,2,True
harveyvale,Harvey Vale,581675.0,Harvey Vale,canonical_identity_exact_unique_name,1,True
omarikellyman,Omari Kellyman,926135.0,Omari Kellyman,canonical_identity_exact_unique_name,3,True
marcguiu,Marc Guiu,938158.0,Marc Guiu,canonical_identity_exact_unique_name,2,True
daviddatrofofana,David Datro Fofana,787232.0,David Datro Fofana,fbref_accepted_exact_unique_name,1,True
mattturner,Matt Turner,425306.0,Matt Turner,fbref_accepted_exact_unique_name,2,True
chadiriad,Chadi Riad,689637.0,Chadi Riad,fbref_accepted_exact_unique_name,2,True
adamwharton,Adam Wharton,744149.0,Adam Wharton,fbref_accepted_exact_unique_name,2,True
davidozoh,David Ozoh,865993.0,David Ozoh,canonical_identity_exact_unique_name,3,True
willhughes,Will Hughes,207014.0,Will Hughes,fbref_accepted_exact_unique_name,1,True
romainesse,Romain Esse,967319.0,Romain Esse,canonical_identity_exact_unique_name,1,True
jeanphilippemateta,Jean-Philippe Mateta,420002.0,Jean-Philippe Mateta,fbref_accepted_exact_unique_name,1,True
timiroegbunam,Tim Iroegbunam,696589.0,Tim Iroegbunam,canonical_identity_exact_unique_name,1,True
ilimanndiaye,Iliman Ndiaye,623570.0,Iliman Ndiaye,fbref_accepted_exact_unique_name,1,True
youssefchermiti,Youssef Chermiti,670688.0,Youssef Chermiti,fbref_accepted_exact_unique_name,2,True
jorgecuenca,Jorge Cuenca,494880.0,Jorge Cuenca,fbref_accepted_exact_unique_name,2,True
arijanetmuric,Arijanet Murić,371021.0,Arijanet Murić,fbref_accepted_exact_unique_name,1,True
jacobgreaves,Jacob Greaves,693095.0,Jacob Greaves,canonical_identity_exact_unique_name,1,True
leifdavis,Leif Davis,596446.0,Leif Davis,canonical_identity_exact_unique_name,2,True
harryclarke,Harry Clarke,528892.0,Harry Clarke,canonical_identity_exact_unique_name,1,True
jenscajuste,Jens Cajuste,468066.0,Jens Cajuste,fbref_accepted_exact_unique_name,7,True
jacktaylor,Jack Taylor,,,unresolved,1,False
sammorsy,Sam Morsy,123551.0,Sam Morsy,canonical_identity_exact_unique_name,2,True
massimoluongo,Massimo Luongo,181687.0,Massimo Luongo,canonical_identity_exact_unique_name,2,True
wesburns,Wes Burns,255731.0,Wes Burns,canonical_identity_exact_unique_name,1,True
omarihutchinson,Omari Hutchinson,741238.0,Omari Hutchinson,fbref_accepted_exact_unique_name,4,True
sammieszmodics,Sammie Szmodics,292139.0,Sammie Szmodics,canonical_identity_exact_unique_name,2,True
chiedozieogbene,Chiedozie Ogbene,392591.0,Chiedozie Ogbene,fbref_accepted_exact_unique_name,1,True
conorchaplin,Conor Chaplin,349503.0,Conor Chaplin,canonical_identity_exact_unique_name,2,True
georgehirst,George Hirst,420808.0,George Hirst,canonical_identity_exact_unique_name,2,True
alialhamadi,Ali Al-Hamadi,610581.0,Ali Al-Hamadi,canonical_identity_exact_unique_name,1,True
madshermansen,Mads Hermansen,400536.0,Mads Hermansen,canonical_identity_exact_unique_name,2,True
jakubstolarczyk,Jakub Stolarczyk,486144.0,Jakub Stolarczyk,canonical_identity_exact_unique_name,1,True
harrysouttar,Harry Souttar,298091.0,Harry Souttar,fbref_accepted_exact_unique_name,1,True
woyocoulibaly,Woyo Coulibaly,592975.0,Woyo Coulibaly,canonical_identity_exact_unique_name,2,True
issahakufatawu,Issahaku Fatawu,,,unresolved,1,False
bobbydecordovareid,Bobby De Cordova-Reid,186186.0,Bobby De Cordova-Reid,canonical_identity_exact_unique_name,2,True
patsondaka,Patson Daka,365172.0,Patson Daka,fbref_accepted_exact_unique_name,1,True
tylermorton,Tyler Morton,618494.0,Tyler Morton,fbref_accepted_exact_unique_name,1,True
federicochiesa,Federico Chiesa,341092.0,Federico Chiesa,fbref_accepted_exact_unique_name,12,True
vitorreis,Vitor Reis,1005575.0,Vitor Reis,canonical_identity_exact_unique_name,1,True
rodri,Rodri,357565.0,Rodri,fbref_accepted_exact_unique_name,2,True
claudioecheverri,Claudio Echeverri,994536.0,Claudio Echeverri,canonical_identity_exact_unique_name,2,True
savinho,Savinho,743591.0,Savinho,canonical_identity_exact_unique_name,1,True
oscarbobb,Oscar Bobb,661207.0,Oscar Bobb,fbref_accepted_exact_unique_name,2,True
lenyyoro,Leny Yoro,923831.0,Leny Yoro,fbref_accepted_exact_unique_name,4,True
manuelugarte,Manuel Ugarte,476701.0,Manuel Ugarte,canonical_identity_exact_unique_name,2,True
tobycollyer,Toby Collyer,654253.0,Toby Collyer,canonical_identity_exact_unique_name,2,True
lewishall,Lewis Hall,670858.0,Lewis Hall,fbref_accepted_exact_unique_name,1,True
trevansanusi,Trevan Sanusi,1011152.0,Trevan Sanusi,canonical_identity_exact_unique_name,1,True
matzsels,Matz Sels,127202.0,Matz Sels,fbref_accepted_exact_unique_name,2,True
carlosmiguel,Carlos Miguel,641458.0,Carlos Miguel,canonical_identity_exact_unique_name,1,True
murillo,Murillo,1005649.0,Murillo,fbref_accepted_exact_unique_name,1,True
andrewomobamidele,Andrew Omobamidele,621993.0,Andrew Omobamidele,fbref_accepted_exact_unique_name,2,True
tylerbindon,Tyler Bindon,1007720.0,Tyler Bindon,canonical_identity_exact_unique_name,2,True
danilo,Danilo,,,unresolved,13,False
gavinbazunu,Gavin Bazunu,585550.0,Gavin Bazunu,fbref_accepted_exact_unique_name,1,True
taylorharwoodbellis,Taylor Harwood-Bellis,503977.0,Taylor Harwood-Bellis,canonical_identity_exact_unique_name,1,True
janbednarek,Jan Bednarek,243028.0,Jan Bednarek,fbref_accepted_exact_unique_name,2,True
ryanmanning,Ryan Manning,262300.0,Ryan Manning,canonical_identity_exact_unique_name,2,True
welington,Welington,729264.0,Welington,canonical_identity_exact_unique_name,1,True
jamesbree,James Bree,324223.0,James Bree,fbref_accepted_exact_unique_name,1,True
flynndownes,Flynn Downes,506189.0,Flynn Downes,fbref_accepted_exact_unique_name,2,True
albertgrnbk,Albert Grønbæk,,,unresolved,2,False
tylerdibling,Tyler Dibling,866655.0,Tyler Dibling,canonical_identity_exact_unique_name,1,True
cameronarcher,Cameron Archer,533662.0,Cameron Archer,fbref_accepted_exact_unique_name,2,True
rossstewart,Ross Stewart,,,unresolved,2,False
kevindanso,Kevin Danso,263236.0,Kevin Danso,fbref_accepted_exact_unique_name,12,True
radudragusin,Radu Drăgușin,568559.0,Radu Drăgușin,fbref_accepted_exact_unique_name,3,True
lucasbergvall,Lucas Bergvall,866246.0,Lucas Bergvall,canonical_identity_exact_unique_name,1,True
wilsonodobert,Wilson Odobert,743498.0,Wilson Odobert,fbref_accepted_exact_unique_name,2,True
mikeymoore,Mikey Moore,1011147.0,Mikey Moore,canonical_identity_exact_unique_name,1,True
danescarlett,Dane Scarlett,670883.0,Dane Scarlett,canonical_identity_exact_unique_name,1,True
wesfoderingham,Wes Foderingham,61697.0,Wes Foderingham,fbref_accepted_exact_unique_name,2,True
edsonalvarez,Edson Álvarez,401356.0,Edson Álvarez,fbref_accepted_exact_unique_name,2,True
josesa,José Sá,249994.0,José Sá,fbref_accepted_exact_unique_name,2,True
toti,Toti,,,unresolved,2,False
emmanuelagbadou,Emmanuel Agbadou,683895.0,Emmanuel Agbadou,fbref_accepted_exact_unique_name,3,True
pedrolima,Pedro Lima,,,unresolved,1,False
rodrigogomes,Rodrigo Gomes,,,unresolved,1,False
tawandachirewa,Tawanda Chirewa,724783.0,Tawanda Chirewa,fbref_accepted_exact_unique_name,2,True
carlosforbs,Carlos Forbs,742451.0,Carlos Forbs,canonical_identity_exact_unique_name,1,True
ensogonzalez,Enso González,1060740.0,Enso González,canonical_identity_exact_unique_name,1,True
jrgenstrandlarsen,Jørgen Strand Larsen,429983.0,Jørgen Strand Larsen,fbref_accepted_exact_unique_name,3,True
josemariagimenez,José María Giménez,250845.0,José María Giménez,fbref_accepted_exact_unique_name,14,True
renanlodi,Renan Lodi,476352.0,Renan Lodi,fbref_accepted_exact_unique_name,5,True
manusanchez,Manu Sánchez,618809.0,Manu Sánchez,fbref_accepted_exact_unique_name,2,True
juanmanuelsanabria,Juan Manuel Sanabria,446106.0,Juan Manuel Sanabria,canonical_identity_exact_unique_name,2,True
lucastorreira,Lucas Torreira,318077.0,Lucas Torreira,fbref_accepted_exact_unique_name,3,True
geoffreykondogbia,Geoffrey Kondogbia,127189.0,Geoffrey Kondogbia,fbref_accepted_exact_unique_name,13,True
saulniguez,Saúl Ñíguez,148928.0,Saúl Ñíguez,fbref_accepted_exact_unique_name,2,True
hectorherrera,Héctor Herrera,122043.0,Héctor Herrera,fbref_accepted_exact_unique_name,6,True
thomaslemar,Thomas Lemar,205562.0,Thomas Lemar,fbref_accepted_exact_unique_name,12,True
yannickcarrasco,Yannick Carrasco,140776.0,Yannick Carrasco,fbref_accepted_exact_unique_name,7,True
vitolo,Vitolo,67082.0,Vitolo,fbref_accepted_exact_unique_name,2,True
angelcorrea,Ángel Correa,266807.0,Ángel Correa,fbref_accepted_exact_unique_name,4,True
joaofelix,João Félix,462250.0,João Félix,fbref_accepted_exact_unique_name,11,True
moussadembele,Moussa Dembélé,229004.0,Moussa Dembélé,fbref_accepted_exact_unique_name,9,True
luissuarez,Luis Suárez,44352.0,Luis Suárez,fbref_accepted_exact_unique_name,7,True
diegocosta,Diego Costa,44779.0,Diego Costa,fbref_accepted_exact_unique_name,2,True
thibautcourtois,Thibaut Courtois,108390.0,Thibaut Courtois,fbref_accepted_exact_unique_name,12,True
andriylunin,Andriy Lunin,404839.0,Andriy Lunin,fbref_accepted_exact_unique_name,8,True
lucascanizares,Lucas Cañizares,568154.0,Lucas Cañizares,canonical_identity_exact_unique_name,1,True
edermilitao,Éder Militão,401530.0,Éder Militão,fbref_accepted_exact_unique_name,11,True
sergioramos,Sergio Ramos,25557.0,Sergio Ramos,fbref_accepted_exact_unique_name,12,True
nachofernandez,Nacho Fernández,,,unresolved,4,False
ferlandmendy,Ferland Mendy,291417.0,Ferland Mendy,fbref_accepted_exact_unique_name,13,True
marcelo,Marcelo,,,unresolved,8,False
danielcarvajal,Daniel Carvajal,138927.0,Daniel Carvajal,canonical_identity_exact_unique_name,13,True
lucasvazquez,Lucas Vázquez,221316.0,Lucas Vázquez,fbref_accepted_exact_unique_name,9,True
alvaroodriozola,Álvaro Odriozola,280730.0,Álvaro Odriozola,fbref_accepted_exact_unique_name,20,True
federicovalverde,Federico Valverde,369081.0,Federico Valverde,fbref_accepted_exact_unique_name,10,True
tonikroos,Toni Kroos,31909.0,Toni Kroos,fbref_accepted_exact_unique_name,9,True
lukamodric,Luka Modrić,27992.0,Luka Modrić,fbref_accepted_exact_unique_name,10,True
marcoasensio,Marco Asensio,296622.0,Marco Asensio,fbref_accepted_exact_unique_name,6,True
isco,Isco,85288.0,Isco,fbref_accepted_exact_unique_name,10,True
edenhazard,Eden Hazard,50202.0,Eden Hazard,fbref_accepted_exact_unique_name,13,True
viniciusjunior,Vinicius Junior,371998.0,Vinicius Junior,fbref_accepted_exact_unique_name,8,True
rodrygo,Rodrygo,412363.0,Rodrygo,fbref_accepted_exact_unique_name,10,True
marianodiaz,Mariano Díaz,225020.0,Mariano Díaz,canonical_identity_exact_unique_name,14,True
marcandreterstegen,Marc-André ter Stegen,74857.0,Marc-André ter Stegen,fbref_accepted_exact_unique_name,7,True
ronaldaraujo,Ronald Araujo,480267.0,Ronald Araujo,fbref_accepted_exact_unique_name,15,True
gerardpique,Gerard Piqué,18944.0,Gerard Piqué,fbref_accepted_exact_unique_name,6,True
samuelumtiti,Samuel Umtiti,126540.0,Samuel Umtiti,fbref_accepted_exact_unique_name,11,True
santiagoramosmingo,Santiago Ramos Mingo,688593.0,Santiago Ramos Mingo,canonical_identity_exact_unique_name,1,True
jordialba,Jordi Alba,69751.0,Jordi Alba,fbref_accepted_exact_unique_name,4,True
serginodest,Sergiño Dest,361104.0,Sergiño Dest,fbref_accepted_exact_unique_name,11,True
oscarmingueza,Óscar Mingueza,331505.0,Óscar Mingueza,fbref_accepted_exact_unique_name,6,True
sergiobusquets,Sergio Busquets,65230.0,Sergio Busquets,fbref_accepted_exact_unique_name,3,True
matheusfernandes,Matheus Fernandes,351892.0,Matheus Fernandes,fbref_accepted_exact_unique_name,1,True
frenkiedejong,Frenkie de Jong,326330.0,Frenkie de Jong,fbref_accepted_exact_unique_name,12,True
miralempjanic,Miralem Pjanić,44162.0,Miralem Pjanić,fbref_accepted_exact_unique_name,7,True
sergiroberto,Sergi Roberto,85370.0,Sergi Roberto,fbref_accepted_exact_unique_name,14,True
rafinha,Rafinha,,,unresolved,10,False
alexcollado,Álex Collado,282722.0,Álex Collado,fbref_accepted_exact_unique_name,3,True
ousmanedembele,Ousmane Dembélé,288230.0,Ousmane Dembélé,fbref_accepted_exact_unique_name,11,True
martinbraithwaite,Martin Braithwaite,95732.0,Martin Braithwaite,fbref_accepted_exact_unique_name,7,True
yassinebounou,Yassine Bounou,207834.0,Yassine Bounou,fbref_accepted_exact_unique_name,1,True
tomasvaclik,Tomáš Vaclík,64000.0,Tomáš Vaclík,fbref_accepted_exact_unique_name,1,True
alfonsopastor,Alfonso Pastor,537367.0,Alfonso Pastor,canonical_identity_exact_unique_name,1,True
sergioescudero,Sergio Escudero,93935.0,Sergio Escudero,fbref_accepted_exact_unique_name,2,True
pabloperez,Pablo Pérez,,,unresolved,1,False
juleskounde,Jules Koundé,411975.0,Jules Koundé,fbref_accepted_exact_unique_name,5,True
alexpozo,Álex Pozo,341272.0,Álex Pozo,canonical_identity_exact_unique_name,2,True
oscarrodriguez,Óscar Rodríguez,,,unresolved,1,False
lucasocampos,Lucas Ocampos,189441.0,Lucas Ocampos,fbref_accepted_exact_unique_name,2,True
oussamaidrissi,Oussama Idrissi,241391.0,Oussama Idrissi,fbref_accepted_exact_unique_name,2,True
suso,Suso,111961.0,Suso,fbref_accepted_exact_unique_name,7,True
carlosfernandez,Carlos Fernández,216464.0,Carlos Fernández,fbref_accepted_exact_unique_name,10,True
igorzubeldia,Igor Zubeldia,355628.0,Igor Zubeldia,fbref_accepted_exact_unique_name,7,True
modibosagnan,Modibo Sagnan,524925.0,Modibo Sagnan,fbref_accepted_exact_unique_name,3,True
nachomonreal,Nacho Monreal,43003.0,Nacho Monreal,fbref_accepted_exact_unique_name,3,True
andonigorosabel,Andoni Gorosabel,289255.0,Andoni Gorosabel,fbref_accepted_exact_unique_name,3,True
josebazaldua,Joseba Zaldua,197135.0,Joseba Zaldua,fbref_accepted_exact_unique_name,2,True
martinzubimendi,Martín Zubimendi,423440.0,Martín Zubimendi,fbref_accepted_exact_unique_name,4,True
jonguridi,Jon Guridi,289257.0,Jon Guridi,fbref_accepted_exact_unique_name,6,True
davidsilva,David Silva,35518.0,David Silva,fbref_accepted_exact_unique_name,8,True
mikeloyarzabal,Mikel Oyarzabal,351478.0,Mikel Oyarzabal,fbref_accepted_exact_unique_name,7,True
juanfoyth,Juan Foyth,480763.0,Juan Foyth,fbref_accepted_exact_unique_name,5,True
mariogaspar,Mario Gaspar,73250.0,Mario Gaspar,fbref_accepted_exact_unique_name,1,True
soufianechakla,Soufiane Chakla,236956.0,Soufiane Chakla,canonical_identity_exact_unique_name,4,True
alfonsopedraza,Alfonso Pedraza,356197.0,Alfonso Pedraza,fbref_accepted_exact_unique_name,4,True
albertomoreno,Alberto Moreno,207917.0,Alberto Moreno,fbref_accepted_exact_unique_name,5,True
jaumecosta,Jaume Costa,65318.0,Jaume Costa,fbref_accepted_exact_unique_name,1,True
rubenpena,Rubén Peña,238868.0,Rubén Peña,fbref_accepted_exact_unique_name,8,True
franciscoquelin,Francis Coquelin,74869.0,Francis Coquelin,fbref_accepted_exact_unique_name,6,True
vicenteiborra,Vicente Iborra,65467.0,Vicente Iborra,fbref_accepted_exact_unique_name,1,True
etiennecapoue,Étienne Capoue,63494.0,Étienne Capoue,fbref_accepted_exact_unique_name,1,True
daniparejo,Dani Parejo,59561.0,Dani Parejo,canonical_identity_exact_unique_name,2,True
moigomez,Moi Gómez,175449.0,Moi Gómez,fbref_accepted_exact_unique_name,4,True
javiontiveros,Javi Ontiveros,298983.0,Javi Ontiveros,canonical_identity_exact_unique_name,1,True
samuelchukwueze,Samuel Chukwueze,401922.0,Samuel Chukwueze,fbref_accepted_exact_unique_name,6,True
yeremypino,Yéremy Pino,568157.0,Yéremy Pino,canonical_identity_exact_unique_name,4,True
gerardmoreno,Gerard Moreno,177467.0,Gerard Moreno,fbref_accepted_exact_unique_name,7,True
pacoalcacer,Paco Alcácer,126716.0,Paco Alcácer,fbref_accepted_exact_unique_name,3,True
carlosbacca,Carlos Bacca,119235.0,Carlos Bacca,fbref_accepted_exact_unique_name,1,True
rubenblanco,Rubén Blanco,199321.0,Rubén Blanco,fbref_accepted_exact_unique_name,2,True
josephaidoo,Joseph Aidoo,358250.0,Joseph Aidoo,fbref_accepted_exact_unique_name,4,True
josefontan,José Fontán,609361.0,José Fontán,fbref_accepted_exact_unique_name,2,True
lucasolaza,Lucas Olaza,216240.0,Lucas Olaza,fbref_accepted_exact_unique_name,3,True
davidjunca,David Juncà,164055.0,David Juncà,fbref_accepted_exact_unique_name,2,True
hugomallo,Hugo Mallo,119905.0,Hugo Mallo,fbref_accepted_exact_unique_name,3,True
kevinvazquez,Kevin Vázquez,221315.0,Kevin Vázquez,fbref_accepted_exact_unique_name,1,True
augustosolari,Augusto Solari,282694.0,Augusto Solari,fbref_accepted_exact_unique_name,5,True
denissuarez,Denis Suárez,165007.0,Denis Suárez,fbref_accepted_exact_unique_name,5,True
emremor,Emre Mor,283223.0,Emre Mor,fbref_accepted_exact_unique_name,1,True
iagoaspas,Iago Aspas,72047.0,Iago Aspas,fbref_accepted_exact_unique_name,3,True
ruisilva,Rui Silva,234811.0,Rui Silva,fbref_accepted_exact_unique_name,1,True
aaronescandell,Aarón Escandell,284430.0,Aarón Escandell,fbref_accepted_exact_unique_name,1,True
domingosduarte,Domingos Duarte,257376.0,Domingos Duarte,fbref_accepted_exact_unique_name,1,True
jesusvallejo,Jesús Vallejo,251896.0,Jesús Vallejo,fbref_accepted_exact_unique_name,9,True
germansanchez,Germán Sánchez,95963.0,Germán Sánchez,fbref_accepted_exact_unique_name,2,True
neyderlozano,Neyder Lozano,468700.0,Neyder Lozano,canonical_identity_exact_unique_name,1,True
carlosneva,Carlos Neva,448844.0,Carlos Neva,fbref_accepted_exact_unique_name,3,True
dimitrifoulquier,Dimitri Foulquier,170472.0,Dimitri Foulquier,fbref_accepted_exact_unique_name,5,True
victordiaz,Víctor Díaz,58330.0,Víctor Díaz,fbref_accepted_exact_unique_name,1,True
quini,Quini,223053.0,Quini,fbref_accepted_exact_unique_name,1,True
maximegonalons,Maxime Gonalons,60542.0,Maxime Gonalons,fbref_accepted_exact_unique_name,1,True
yangelherrera,Yangel Herrera,378293.0,Yangel Herrera,fbref_accepted_exact_unique_name,5,True
luismilla,Luis Milla,281989.0,Luis Milla,fbref_accepted_exact_unique_name,3,True
domingosquina,Domingos Quina,391719.0,Domingos Quina,fbref_accepted_exact_unique_name,2,True
angelmontoro,Ángel Montoro,59551.0,Ángel Montoro,fbref_accepted_exact_unique_name,1,True
ramonazeez,Ramon Azeez,131667.0,Ramon Azeez,fbref_accepted_exact_unique_name,1,True
fedevico,Fede Vico,162079.0,Fede Vico,fbref_accepted_exact_unique_name,2,True
kenedy,Kenedy,281404.0,Kenedy,fbref_accepted_exact_unique_name,4,True
antoniopuertas,Antonio Puertas,262365.0,Antonio Puertas,fbref_accepted_exact_unique_name,1,True
albertosoro,Alberto Soro,487688.0,Alberto Soro,fbref_accepted_exact_unique_name,3,True
antonin,Antoñín,610336.0,Antoñín,canonical_identity_exact_unique_name,1,True
robertosoldado,Roberto Soldado,34870.0,Roberto Soldado,fbref_accepted_exact_unique_name,2,True
jokinezkieta,Jokin Ezkieta,379548.0,Jokin Ezkieta,fbref_accepted_exact_unique_name,2,True
inigomartinez,Iñigo Martínez,158863.0,Iñigo Martínez,fbref_accepted_exact_unique_name,15,True
yerayalvarez,Yeray Álvarez,255488.0,Yeray Álvarez,fbref_accepted_exact_unique_name,15,True
yuriberchiche,Yuri Berchiche,61812.0,Yuri Berchiche,fbref_accepted_exact_unique_name,14,True
mikelbalenziaga,Mikel Balenziaga,85258.0,Mikel Balenziaga,fbref_accepted_exact_unique_name,4,True
andercapa,Ander Capa,197545.0,Ander Capa,fbref_accepted_exact_unique_name,10,True
oscardemarcos,Óscar de Marcos,96718.0,Óscar de Marcos,fbref_accepted_exact_unique_name,10,True
perunolaskoain,Peru Nolaskoain,447052.0,Peru Nolaskoain,fbref_accepted_exact_unique_name,6,True
inigocordoba,Iñigo Córdoba,251848.0,Iñigo Córdoba,fbref_accepted_exact_unique_name,2,True
ibaigomez,Ibai Gómez,127837.0,Ibai Gómez,fbref_accepted_exact_unique_name,1,True
inigovicente,Iñigo Vicente,335216.0,Iñigo Vicente,fbref_accepted_exact_unique_name,1,True
kenankodro,Kenan Kodro,197126.0,Kenan Kodro,fbref_accepted_exact_unique_name,4,True
rubenmartinez,Rubén Martínez,,,unresolved,1,False
aridanehernandez,Aridane Hernández,82503.0,Aridane Hernández,fbref_accepted_exact_unique_name,6,True
unaigarcia,Unai García,197122.0,Unai García,fbref_accepted_exact_unique_name,6,True
facundoroncaglia,Facundo Roncaglia,61546.0,Facundo Roncaglia,fbref_accepted_exact_unique_name,1,True
lucastorro,Lucas Torró,213670.0,Lucas Torró,fbref_accepted_exact_unique_name,3,True
oiersanjurjo,Oier Sanjurjo,63040.0,Oier Sanjurjo,fbref_accepted_exact_unique_name,1,True
darkobrasanac,Darko Brasanac,95641.0,Darko Brasanac,fbref_accepted_exact_unique_name,5,True
inigoperez,Iñigo Pérez,71579.0,Iñigo Pérez,fbref_accepted_exact_unique_name,1,True
robertotorres,Roberto Torres,63056.0,Roberto Torres,fbref_accepted_exact_unique_name,1,True
jony,Jony,228761.0,Jony,fbref_accepted_exact_unique_name,3,True
chimyavila,Chimy Ávila,167721.0,Chimy Ávila,canonical_identity_exact_unique_name,9,True
antebudimir,Ante Budimir,46413.0,Ante Budimir,fbref_accepted_exact_unique_name,6,True
jonathancalleri,Jonathan Calleri,284727.0,Jonathan Calleri,fbref_accepted_exact_unique_name,1,True
adrianlopez,Adrián López,45383.0,Adrián López,fbref_accepted_exact_unique_name,1,True
alfonsoespino,Alfonso Espino,311044.0,Alfonso Espino,fbref_accepted_exact_unique_name,4,True
carlosakapo,Carlos Akapo,225015.0,Carlos Akapo,fbref_accepted_exact_unique_name,1,True
josemari,José Mari,225462.0,José Mari,fbref_accepted_exact_unique_name,2,True
augustofernandez,Augusto Fernández,39151.0,Augusto Fernández,fbref_accepted_exact_unique_name,1,True
salvisanchez,Salvi Sánchez,246204.0,Salvi Sánchez,canonical_identity_exact_unique_name,2,True
chocolozano,Choco Lozano,131275.0,Choco Lozano,canonical_identity_exact_unique_name,1,True
alvaronegredo,Álvaro Negredo,18644.0,Álvaro Negredo,fbref_accepted_exact_unique_name,1,True
jaspercillessen,Jasper Cillessen,146227.0,Jasper Cillessen,fbref_accepted_exact_unique_name,7,True
gabrielpaulista,Gabriel Paulista,149498.0,Gabriel Paulista,fbref_accepted_exact_unique_name,2,True
mouctardiakhaby,Mouctar Diakhaby,346289.0,Mouctar Diakhaby,fbref_accepted_exact_unique_name,6,True
eliaquimmangala,Eliaquim Mangala,90681.0,Eliaquim Mangala,fbref_accepted_exact_unique_name,2,True
cristianopiccini,Cristiano Piccini,163086.0,Cristiano Piccini,fbref_accepted_exact_unique_name,2,True
josegaya,José Gayà,221322.0,José Gayà,canonical_identity_exact_unique_name,8,True
tonilato,Toni Lato,320271.0,Toni Lato,fbref_accepted_exact_unique_name,4,True
carlossoler,Carlos Soler,372246.0,Carlos Soler,fbref_accepted_exact_unique_name,3,True
denischeryshev,Denis Cheryshev,98322.0,Denis Cheryshev,fbref_accepted_exact_unique_name,4,True
kanginlee,Kang-in Lee,557149.0,Kang-in Lee,canonical_identity_exact_unique_name,4,True
maxigomez,Maxi Gómez,396894.0,Maxi Gómez,fbref_accepted_exact_unique_name,10,True
kevingameiro,Kévin Gameiro,27389.0,Kévin Gameiro,fbref_accepted_exact_unique_name,6,True
daniellasure,Daniel Lasure,336736.0,Daniel Lasure,canonical_identity_exact_unique_name,1,True
erickcabaco,Erick Cabaco,302991.0,Erick Cabaco,fbref_accepted_exact_unique_name,3,True
mathiasolivera,Mathías Olivera,376514.0,Mathías Olivera,fbref_accepted_exact_unique_name,10,True
damiansuarez,Damián Suárez,76746.0,Damián Suárez,fbref_accepted_exact_unique_name,6,True
antepalaversa,Ante Palaversa,371003.0,Ante Palaversa,fbref_accepted_exact_unique_name,1,True
mauroarambarri,Mauro Arambarri,290249.0,Mauro Arambarri,fbref_accepted_exact_unique_name,8,True
abdoulaydiaby,Abdoulay Diaby,148396.0,Abdoulay Diaby,fbref_accepted_exact_unique_name,1,True
cuchohernandez,Cucho Hernández,459463.0,Cucho Hernández,canonical_identity_exact_unique_name,2,True
dariopoveda,Darío Poveda,399780.0,Darío Poveda,fbref_accepted_exact_unique_name,1,True
rodrigoely,Rodrigo Ely,176140.0,Rodrigo Ely,fbref_accepted_exact_unique_name,1,True
abdelabqar,Abdel Abqar,559979.0,Abdel Abqar,fbref_accepted_exact_unique_name,3,True
javilopez,Javi López,,,unresolved,3,False
perepons,Pere Pons,242497.0,Pere Pons,fbref_accepted_exact_unique_name,3,True
burgui,Burgui,246277.0,Burgui,fbref_accepted_exact_unique_name,1,True
miguelcifuentes,Miguel Cifuentes,175836.0,Miguel Cifuentes,canonical_identity_exact_unique_name,1,True
fidel,Fidel,149231.0,Fidel,fbref_accepted_exact_unique_name,1,True
lucasboye,Lucas Boyé,334222.0,Lucas Boyé,fbref_accepted_exact_unique_name,2,True
nino,Nino,29178.0,Nino,fbref_accepted_exact_unique_name,1,True
samucosta,Samú Costa,657430.0,Samú Costa,fbref_accepted_exact_unique_name,2,True
brianrodriguez,Brian Rodríguez,465818.0,Brian Rodríguez,canonical_identity_exact_unique_name,2,True
largieramazani,Largie Ramazani,518644.0,Largie Ramazani,fbref_accepted_exact_unique_name,1,True
cristianolivera,Cristian Olivera,657746.0,Cristian Olivera,canonical_identity_exact_unique_name,1,True
jordimasip,Jordi Masip,65263.0,Jordi Masip,fbref_accepted_exact_unique_name,2,True
roberto,Roberto,37403.0,Roberto,fbref_accepted_exact_unique_name,1,True
javisanchez,Javi Sánchez,340853.0,Javi Sánchez,fbref_accepted_exact_unique_name,4,True
jawadelyamiq,Jawad El Yamiq,235412.0,Jawad El Yamiq,fbref_accepted_exact_unique_name,4,True
kikoolivas,Kiko Olivas,51667.0,Kiko Olivas,fbref_accepted_exact_unique_name,1,True
brunogonzalez,Bruno González,188838.0,Bruno González,fbref_accepted_exact_unique_name,2,True
miguelrubio,Miguel Rubio,583510.0,Miguel Rubio,canonical_identity_exact_unique_name,1,True
raulcarnero,Raúl Carnero,139434.0,Raúl Carnero,canonical_identity_exact_unique_name,1,True
saidyjanko,Saidy Janko,196435.0,Saidy Janko,fbref_accepted_exact_unique_name,1,True
luisperez,Luis Pérez,358115.0,Luis Pérez,fbref_accepted_exact_unique_name,3,True
javimoyano,Javi Moyano,71204.0,Javi Moyano,fbref_accepted_exact_unique_name,1,True
fedesanemeterio,Fede San Emeterio,307519.0,Fede San Emeterio,fbref_accepted_exact_unique_name,4,True
michelherrero,Míchel Herrero,65331.0,Míchel Herrero,canonical_identity_exact_unique_name,1,True
kikeperez,Kike Pérez,527698.0,Kike Pérez,fbref_accepted_exact_unique_name,3,True
jota,Jota,329812.0,Jota,fbref_accepted_exact_unique_name,3,True
pablohervias,Pablo Hervías,142027.0,Pablo Hervías,fbref_accepted_exact_unique_name,1,True
fabianorellana,Fabián Orellana,60890.0,Fabián Orellana,fbref_accepted_exact_unique_name,1,True
shonweissman,Shon Weissman,247652.0,Shon Weissman,fbref_accepted_exact_unique_name,3,True
marcosandre,Marcos André,481084.0,Marcos André,fbref_accepted_exact_unique_name,1,True
anaitzarbilla,Anaitz Arbilla,71548.0,Anaitz Arbilla,fbref_accepted_exact_unique_name,1,True
kevinrodrigues,Kévin Rodrigues,206947.0,Kévin Rodrigues,fbref_accepted_exact_unique_name,2,True
damiankadzior,Damian Kadzior,199299.0,Damian Kądzior,fbref_accepted_exact_unique_name,2,True
yoshinorimuto,Yoshinori Muto,230541.0,Yoshinori Muto,fbref_accepted_exact_unique_name,1,True
danimartin,Dani Martín,,,unresolved,2,False
claudiobravo,Claudio Bravo,40423.0,Claudio Bravo,fbref_accepted_exact_unique_name,6,True
marcbartra,Marc Bartra,99922.0,Marc Bartra,fbref_accepted_exact_unique_name,4,True
aissamandi,Aïssa Mandi,80293.0,Aïssa Mandi,fbref_accepted_exact_unique_name,2,True
sidnei,Sidnei,27374.0,Sidnei,fbref_accepted_exact_unique_name,1,True
victorruiz,Víctor Ruiz,62920.0,Víctor Ruiz,fbref_accepted_exact_unique_name,2,True
martinmontoya,Martín Montoya,68645.0,Martín Montoya,fbref_accepted_exact_unique_name,5,True
guidorodriguez,Guido Rodríguez,342385.0,Guido Rodríguez,fbref_accepted_exact_unique_name,2,True
williamcarvalho,William Carvalho,100131.0,William Carvalho,fbref_accepted_exact_unique_name,4,True
paulakouokou,Paul Akouokou,429901.0,Paul Akouokou,fbref_accepted_exact_unique_name,2,True
victorcamarasa,Víctor Camarasa,263856.0,Víctor Camarasa,fbref_accepted_exact_unique_name,1,True
andresguardado,Andrés Guardado,20506.0,Andrés Guardado,fbref_accepted_exact_unique_name,1,True
nabilfekir,Nabil Fekir,203496.0,Nabil Fekir,fbref_accepted_exact_unique_name,7,True
sergiocanales,Sergio Canales,66106.0,Sergio Canales,fbref_accepted_exact_unique_name,2,True
cristiantello,Cristian Tello,141834.0,Cristian Tello,fbref_accepted_exact_unique_name,2,True
diegolainez,Diego Lainez,371174.0,Diego Lainez,fbref_accepted_exact_unique_name,2,True
aitorruibal,Aitor Ruibal,378139.0,Aitor Ruibal,fbref_accepted_exact_unique_name,4,True
joaquin,Joaquín,7663.0,Joaquín,fbref_accepted_exact_unique_name,1,True
antoniosanabria,Antonio Sanabria,234523.0,Antonio Sanabria,fbref_accepted_exact_unique_name,9,True
luislopez,Luis López,,,unresolved,1,False
davidalaba,David Alaba,59016.0,David Alaba,fbref_accepted_exact_unique_name,13,True
miguelgutierrez,Miguel Gutiérrez,525299.0,Miguel Gutiérrez,fbref_accepted_exact_unique_name,3,True
eduardocamavinga,Eduardo Camavinga,640428.0,Eduardo Camavinga,fbref_accepted_exact_unique_name,8,True
karimbenzema,Karim Benzema,18922.0,Karim Benzema,fbref_accepted_exact_unique_name,10,True
lukajovic,Luka Jović,257462.0,Luka Jović,fbref_accepted_exact_unique_name,11,True
inakipena,Iñaki Peña,283170.0,Iñaki Peña,fbref_accepted_exact_unique_name,1,True
arnautenas,Arnau Tenas,466783.0,Arnau Tenas,fbref_accepted_exact_unique_name,2,True
lazarcarevic,Lazar Carević,344457.0,Lazar Carević,canonical_identity_exact_unique_name,1,True
arnaucomas,Arnau Comas,388542.0,Arnau Comas,canonical_identity_exact_unique_name,2,True
alejandrobalde,Alejandro Balde,636688.0,Alejandro Balde,fbref_accepted_exact_unique_name,6,True
danialves,Dani Alves,15951.0,Dani Alves,fbref_accepted_exact_unique_name,1,True
guillemjaime,Guillem Jaime,331508.0,Guillem Jaime,canonical_identity_exact_unique_name,1,True
jandroorellana,Jandro Orellana,388548.0,Jandro Orellana,canonical_identity_exact_unique_name,2,True
alvarosanz,Álvaro Sanz,466806.0,Álvaro Sanz,fbref_accepted_exact_unique_name,4,True
pedri,Pedri,683840.0,Pedri,fbref_accepted_exact_unique_name,11,True
gavi,Gavi,646740.0,Gavi,fbref_accepted_exact_unique_name,4,True
abdeezzalzouli,Abde Ezzalzouli,724520.0,Abde Ezzalzouli,fbref_accepted_exact_unique_name,4,True
yusufdemir,Yusuf Demir,548031.0,Yusuf Demir,fbref_accepted_exact_unique_name,1,True
iliasakhomach,Ilias Akhomach,709969.0,Ilias Akhomach,fbref_accepted_exact_unique_name,3,True
antoinegriezmann,Antoine Griezmann,125781.0,Antoine Griezmann,fbref_accepted_exact_unique_name,7,True
memphisdepay,Memphis Depay,167850.0,Memphis Depay,canonical_identity_exact_unique_name,11,True
luukdejong,Luuk de Jong,72522.0,Luuk de Jong,fbref_accepted_exact_unique_name,4,True
reymanaj,Rey Manaj,308278.0,Rey Manaj,fbref_accepted_exact_unique_name,2,True
benjaminlecomte,Benjamin Lecomte,127181.0,Benjamin Lecomte,fbref_accepted_exact_unique_name,4,True
stefansavic,Stefan Savic,107010.0,Stefan Savic,fbref_accepted_exact_unique_name,5,True
nehuenperez,Nehuén Pérez,491693.0,Nehuén Pérez,fbref_accepted_exact_unique_name,3,True
felipe,Felipe,156501.0,Felipe,fbref_accepted_exact_unique_name,1,True
reinildomandava,Reinildo Mandava,240692.0,Reinildo Mandava,fbref_accepted_exact_unique_name,3,True
marcosllorente,Marcos Llorente,282411.0,Marcos Llorente,fbref_accepted_exact_unique_name,7,True
koke,Koke,74229.0,Koke,fbref_accepted_exact_unique_name,6,True
danielwass,Daniel Wass,63463.0,Daniel Wass,fbref_accepted_exact_unique_name,4,True
ivansaponjic,Ivan Saponjic,274347.0,Ivan Saponjic,fbref_accepted_exact_unique_name,1,True
karimrekik,Karim Rekik,182579.0,Karim Rekik,fbref_accepted_exact_unique_name,5,True
marcosacuna,Marcos Acuña,60410.0,Marcos Acuña,fbref_accepted_exact_unique_name,10,True
gonzalomontiel,Gonzalo Montiel,402733.0,Gonzalo Montiel,fbref_accepted_exact_unique_name,7,True
jesusnavas,Jesús Navas,15956.0,Jesús Navas,fbref_accepted_exact_unique_name,4,True
fernando,Fernando,51174.0,Fernando,fbref_accepted_exact_unique_name,7,True
olivertorres,Óliver Torres,214775.0,Óliver Torres,fbref_accepted_exact_unique_name,2,True
pedroortiz,Pedro Ortiz,610238.0,Pedro Ortiz,fbref_accepted_exact_unique_name,2,True
papugomez,Papu Gómez,20005.0,Papu Gómez,fbref_accepted_exact_unique_name,3,True
youssefennesyri,Youssef En-Nesyri,433049.0,Youssef En-Nesyri,fbref_accepted_exact_unique_name,4,True
rafamir,Rafa Mir,361254.0,Rafa Mir,fbref_accepted_exact_unique_name,3,True
germanpezzella,Germán Pezzella,113133.0,Germán Pezzella,fbref_accepted_exact_unique_name,3,True
juanmiranda,Juan Miranda,341227.0,Juan Miranda,fbref_accepted_exact_unique_name,3,True
youssoufsabaly,Youssouf Sabaly,135492.0,Youssouf Sabaly,fbref_accepted_exact_unique_name,6,True
jonpacheco,Jon Pacheco,580560.0,Jon Pacheco,fbref_accepted_exact_unique_name,4,True
diegorico,Diego Rico,249513.0,Diego Rico,fbref_accepted_exact_unique_name,3,True
asierillarramendi,Asier Illarramendi,59344.0,Asier Illarramendi,fbref_accepted_exact_unique_name,1,True
urkogonzalezdezarate,Urko González de Zárate,625651.0,Urko González de Zárate,canonical_identity_exact_unique_name,3,True
anderbarrenetxea,Ander Barrenetxea,616369.0,Ander Barrenetxea,fbref_accepted_exact_unique_name,10,True
naisdjouahra,Naïs Djouahra,594926.0,Naïs Djouahra,fbref_accepted_exact_unique_name,1,True
adnanjanuzaj,Adnan Januzaj,177847.0,Adnan Januzaj,fbref_accepted_exact_unique_name,4,True
alexsola,Álex Sola,434990.0,Álex Sola,fbref_accepted_exact_unique_name,5,True
manumorlanes,Manu Morlanes,335225.0,Manu Morlanes,fbref_accepted_exact_unique_name,6,True
arnautdanjuma,Arnaut Danjuma,355861.0,Arnaut Danjuma,fbref_accepted_exact_unique_name,3,True
boulayedia,Boulaye Dia,626913.0,Boulaye Dia,fbref_accepted_exact_unique_name,5,True
unaisimon,Unai Simón,262396.0,Unai Simón,fbref_accepted_exact_unique_name,3,True
julenagirrezabala,Julen Agirrezabala,625014.0,Julen Agirrezabala,fbref_accepted_exact_unique_name,4,True
danivivian,Dani Vivian,524000.0,Dani Vivian,canonical_identity_exact_unique_name,6,True
unainunez,Unai Núñez,338285.0,Unai Núñez,fbref_accepted_exact_unique_name,4,True
aitorparedes,Aitor Paredes,591916.0,Aitor Paredes,fbref_accepted_exact_unique_name,4,True
inigolekue,Iñigo Lekue,255501.0,Iñigo Lekue,fbref_accepted_exact_unique_name,5,True
alexpetxarroman,Álex Petxarroman,,,unresolved,2,False
danigarcia,Dani García,178425.0,Dani García,fbref_accepted_exact_unique_name,5,True
unaivencedor,Unai Vencedor,610083.0,Unai Vencedor,canonical_identity_exact_unique_name,3,True
oierzarraga,Oier Zarraga,524010.0,Oier Zarraga,fbref_accepted_exact_unique_name,3,True
oihansancet,Oihan Sancet,571020.0,Oihan Sancet,fbref_accepted_exact_unique_name,9,True
raulgarcia,Raúl García,34601.0,Raúl García,fbref_accepted_exact_unique_name,2,True
ikermuniain,Iker Muniain,54235.0,Iker Muniain,fbref_accepted_exact_unique_name,6,True
alexberenguer,Álex Berenguer,338425.0,Álex Berenguer,fbref_accepted_exact_unique_name,2,True
jonmorcillo,Jon Morcillo,455349.0,Jon Morcillo,fbref_accepted_exact_unique_name,3,True
luisbilbao,Luis Bilbao,834755.0,Luis Bilbao,canonical_identity_exact_unique_name,1,True
asiervillalibre,Asier Villalibre,251897.0,Asier Villalibre,fbref_accepted_exact_unique_name,5,True
eraycomert,Eray Cömert,298583.0,Eray Cömert,fbref_accepted_exact_unique_name,2,True
thierrycorreia,Thierry Correia,367466.0,Thierry Correia,fbref_accepted_exact_unique_name,7,True
yunusmusah,Yunus Musah,503991.0,Yunus Musah,fbref_accepted_exact_unique_name,4,True
sergioherrera,Sergio Herrera,248738.0,Sergio Herrera,fbref_accepted_exact_unique_name,3,True
juanperez,Juan Pérez,298613.0,Juan Pérez,fbref_accepted_exact_unique_name,2,True
davidgarcia,David García,,,unresolved,5,False
unaidufur,Unai Dufur,783429.0,Unai Dufur,fbref_accepted_exact_unique_name,1,True
cote,Cote,,,unresolved,1,False
jesusareso,Jesús Areso,488626.0,Jesús Areso,fbref_accepted_exact_unique_name,1,True
jonmoncayola,Jon Moncayola,552425.0,Jon Moncayola,fbref_accepted_exact_unique_name,2,True
jaumegrau,Jaume Grau,340864.0,Jaume Grau,canonical_identity_exact_unique_name,1,True
kikebarja,Kike Barja,298575.0,Kike Barja,fbref_accepted_exact_unique_name,4,True
roberibanez,Rober Ibáñez,242532.0,Rober Ibáñez,canonical_identity_exact_unique_name,2,True
kikegarcia,Kike García,93936.0,Kike García,canonical_identity_exact_unique_name,3,True
renatotapia,Renato Tapia,277137.0,Renato Tapia,fbref_accepted_exact_unique_name,7,True
santimina,Santi Mina,255653.0,Santi Mina,fbref_accepted_exact_unique_name,1,True
ivanarboleda,Iván Arboleda,260740.0,Iván Arboleda,canonical_identity_exact_unique_name,1,True
unailopez,Unai López,192009.0,Unai López,fbref_accepted_exact_unique_name,1,True
patheciss,Pathé Ciss,525578.0,Pathé Ciss,fbref_accepted_exact_unique_name,1,True
randynteka,Randy Nteka,560483.0,Randy Nteka,fbref_accepted_exact_unique_name,4,True
martinmerquelanz,Martín Merquelanz,289272.0,Martín Merquelanz,fbref_accepted_exact_unique_name,1,True
alejandroperez,Alejandro Pérez,,,unresolved,1,False
adriapedrosa,Adrià Pedrosa,501418.0,Adrià Pedrosa,fbref_accepted_exact_unique_name,4,True
keidibare,Keidi Bare,295622.0,Keidi Bare,fbref_accepted_exact_unique_name,4,True
gorigracia,Gori Gracia,,,unresolved,1,False
alvarovadillo,Álvaro Vadillo,162074.0,Álvaro Vadillo,fbref_accepted_exact_unique_name,1,True
leiwu,Lei Wu,140436.0,Lei Wu,canonical_identity_exact_unique_name,1,True
pedrobigas,Pedro Bigas,203043.0,Pedro Bigas,fbref_accepted_exact_unique_name,1,True
josema,Josema,255892.0,Josema,fbref_accepted_exact_unique_name,1,True
jonyalamo,Jony Álamo,786438.0,Jony Álamo,fbref_accepted_exact_unique_name,1,True
ezequielponce,Ezequiel Ponce,296783.0,Ezequiel Ponce,fbref_accepted_exact_unique_name,1,True
dariobenedetto,Darío Benedetto,92693.0,Darío Benedetto,fbref_accepted_exact_unique_name,2,True
gonzalovillar,Gonzalo Villar,398163.0,Gonzalo Villar,fbref_accepted_exact_unique_name,5,True
jakubjankto,Jakub Jankto,319160.0,Jakub Jankto,fbref_accepted_exact_unique_name,12,True
borjamayoral,Borja Mayoral,298976.0,Borja Mayoral,fbref_accepted_exact_unique_name,3,True
josejuanmacias,José Juan Macías,546047.0,José Juan Macías,fbref_accepted_exact_unique_name,1,True
sandroramirez,Sandro Ramírez,199369.0,Sandro Ramírez,fbref_accepted_exact_unique_name,2,True
jaimemata,Jaime Mata,227961.0,Jaime Mata,fbref_accepted_exact_unique_name,1,True
sergiorico,Sergio Rico,207302.0,Sergio Rico,fbref_accepted_exact_unique_name,9,True
dominikgreif,Dominik Greif,316884.0,Dominik Greif,fbref_accepted_exact_unique_name,1,True
antonioraillo,Antonio Raíllo,278296.0,Antonio Raíllo,fbref_accepted_exact_unique_name,2,True
francorusso,Franco Russo,378463.0,Franco Russo,fbref_accepted_exact_unique_name,1,True
pablomaffeo,Pablo Maffeo,251876.0,Pablo Maffeo,fbref_accepted_exact_unique_name,3,True
inigoruizdegalarreta,Iñigo Ruiz de Galarreta,126751.0,Iñigo Ruiz de Galarreta,fbref_accepted_exact_unique_name,8,True
lagojunior,Lago Júnior,100722.0,Lago Júnior,fbref_accepted_exact_unique_name,1,True
takefusakubo,Takefusa Kubo,405398.0,Takefusa Kubo,fbref_accepted_exact_unique_name,2,True
angelrodriguez,Ángel Rodríguez,51510.0,Ángel Rodríguez,fbref_accepted_exact_unique_name,3,True
matthewhoppe,Matthew Hoppe,678194.0,Matthew Hoppe,fbref_accepted_exact_unique_name,1,True
varazdatharoyan,Varazdat Haroyan,155423.0,Varazdat Haroyan,fbref_accepted_exact_unique_name,1,True
luishernandez,Luis Hernández,62945.0,Luis Hernández,fbref_accepted_exact_unique_name,2,True
rubenalcaraz,Rubén Alcaraz,247250.0,Rubén Alcaraz,fbref_accepted_exact_unique_name,2,True
raultorrente,Raúl Torrente,631222.0,Raúl Torrente,fbref_accepted_exact_unique_name,1,True
yaneteki,Yan Eteki,297784.0,Yan Eteki,canonical_identity_exact_unique_name,1,True
monchu,Monchu,282727.0,Monchu,fbref_accepted_exact_unique_name,1,True
myrtouzuni,Myrto Uzuni,315289.0,Myrto Uzuni,fbref_accepted_exact_unique_name,2,True
rubenrochina,Rubén Rochina,67548.0,Rubén Rochina,fbref_accepted_exact_unique_name,1,True
danijimenez,Dani Jiménez,126509.0,Dani Jiménez,canonical_identity_exact_unique_name,1,True
sergipalencia,Sergi Palencia,268176.0,Sergi Palencia,fbref_accepted_exact_unique_name,1,True
luisperea,Luis Perea,396328.0,Luis Perea,fbref_accepted_exact_unique_name,1,True
rubenpardo,Rubén Pardo,99352.0,Rubén Pardo,fbref_accepted_exact_unique_name,1,True
recio,Recio,150948.0,Recio,fbref_accepted_exact_unique_name,1,True
josemanuelarnaiz,José Manuel Arnáiz,364603.0,José Manuel Arnáiz,canonical_identity_exact_unique_name,3,True
yoelbarcenas,Yoel Bárcenas,283473.0,Yoel Bárcenas,canonical_identity_exact_unique_name,1,True
sabinmerino,Sabin Merino,192736.0,Sabin Merino,fbref_accepted_exact_unique_name,1,True
fernandopacheco,Fernando Pacheco,172015.0,Fernando Pacheco,fbref_accepted_exact_unique_name,4,True
antoniosivera,Antonio Sivera,298197.0,Antonio Sivera,fbref_accepted_exact_unique_name,1,True
mattmiazga,Matt Miazga,245893.0,Matt Miazga,fbref_accepted_exact_unique_name,1,True
victorlaguardia,Víctor Laguardia,67080.0,Víctor Laguardia,fbref_accepted_exact_unique_name,1,True
florianlejeune,Florian Lejeune,127108.0,Florian Lejeune,fbref_accepted_exact_unique_name,1,True
tachi,Tachi,354697.0,Tachi,fbref_accepted_exact_unique_name,1,True
ximonavarro,Ximo Navarro,184767.0,Ximo Navarro,fbref_accepted_exact_unique_name,2,True
antonioperera,Antonio Perera,483742.0,Antonio Perera,canonical_identity_exact_unique_name,1,True
gonzaloescalante,Gonzalo Escalante,266795.0,Gonzalo Escalante,fbref_accepted_exact_unique_name,7,True
tomaspina,Tomás Pina,139895.0,Tomás Pina,canonical_identity_exact_unique_name,1,True
ivanmartin,Iván Martín,341278.0,Iván Martín,fbref_accepted_exact_unique_name,2,True
edgarmendez,Edgar Méndez,133794.0,Edgar Méndez,fbref_accepted_exact_unique_name,1,True
hectorbellerin,Héctor Bellerín,191217.0,Héctor Bellerín,fbref_accepted_exact_unique_name,2,True
franckkessie,Franck Kessié,294808.0,Franck Kessié,fbref_accepted_exact_unique_name,4,True
aleixgarrido,Aleix Garrido,709966.0,Aleix Garrido,canonical_identity_exact_unique_name,4,True
estanispedrola,Estanis Pedrola,913539.0,Estanis Pedrola,canonical_identity_exact_unique_name,3,True
angelalarcon,Ángel Alarcón,646739.0,Ángel Alarcón,canonical_identity_exact_unique_name,3,True
aurelientchouameni,Aurélien Tchouaméni,413112.0,Aurélien Tchouaméni,fbref_accepted_exact_unique_name,9,True
carlosdotor,Carlos Dotor,623524.0,Carlos Dotor,fbref_accepted_exact_unique_name,2,True
janoblak,Jan Oblak,121483.0,Jan Oblak,fbref_accepted_exact_unique_name,1,True
robinlenormand,Robin Le Normand,351809.0,Robin Le Normand,fbref_accepted_exact_unique_name,3,True
aritzelustondo,Aritz Elustondo,229804.0,Aritz Elustondo,fbref_accepted_exact_unique_name,6,True
aihenmunoz,Aihen Muñoz,517842.0,Aihen Muñoz,fbref_accepted_exact_unique_name,2,True
anderguevara,Ander Guevara,465967.0,Ander Guevara,fbref_accepted_exact_unique_name,3,True
benatturrientes,Beñat Turrientes,634431.0,Beñat Turrientes,fbref_accepted_exact_unique_name,2,True
braismendez,Brais Méndez,309110.0,Brais Méndez,fbref_accepted_exact_unique_name,4,True
mohamedalicho,Mohamed-Ali Cho,670847.0,Mohamed-Ali Cho,fbref_accepted_exact_unique_name,11,True
andermartin,Ander Martín,625658.0,Ander Martín,fbref_accepted_exact_unique_name,1,True
umarsadiq,Umar Sadiq,337715.0,Umar Sadiq,fbref_accepted_exact_unique_name,4,True
joemorrell,Joe Morrell,293507.0,Joe Morrell,canonical_identity_exact_unique_name,1,True
juanmi,Juanmi,126737.0,Juanmi,fbref_accepted_exact_unique_name,1,True
juancruz,Juan Cruz,,,unresolved,3,False
nachovidal,Nacho Vidal,216870.0,Nacho Vidal,fbref_accepted_exact_unique_name,2,True
aimaroroz,Aimar Oroz,634131.0,Aimar Oroz,fbref_accepted_exact_unique_name,4,True
rubengarcia,Rubén García,213260.0,Rubén García,fbref_accepted_exact_unique_name,4,True
mikelvesga,Mikel Vesga,300168.0,Mikel Vesga,fbref_accepted_exact_unique_name,5,True
anderherrera,Ander Herrera,99343.0,Ander Herrera,fbref_accepted_exact_unique_name,14,True
inakiwilliams,Iñaki Williams,255508.0,Iñaki Williams,fbref_accepted_exact_unique_name,4,True
aduares,Adu Ares,895480.0,Adu Ares,fbref_accepted_exact_unique_name,2,True
martinvaljent,Martin Valjent,277384.0,Martin Valjent,fbref_accepted_exact_unique_name,4,True
giovannigonzalez,Giovanni González,339699.0,Giovanni González,fbref_accepted_exact_unique_name,1,True
amathndiaye,Amath Ndiaye,339820.0,Amath Ndiaye,canonical_identity_exact_unique_name,3,True
tinokadewere,Tino Kadewere,384060.0,Tino Kadewere,fbref_accepted_exact_unique_name,13,True
ericmonjonell,Eric Monjonell,787154.0,Eric Monjonell,canonical_identity_exact_unique_name,1,True
tonivilla,Toni Villa,337066.0,Toni Villa,fbref_accepted_exact_unique_name,2,True
viktortsygankov,Viktor Tsygankov,264372.0,Viktor Tsygankov,canonical_identity_exact_unique_name,7,True
valeryfernandez,Valery Fernández,331496.0,Valery Fernández,fbref_accepted_exact_unique_name,1,True
tatycastellanos,Taty Castellanos,522784.0,Taty Castellanos,canonical_identity_exact_unique_name,5,True
cristhianstuani,Cristhian Stuani,59323.0,Cristhian Stuani,fbref_accepted_exact_unique_name,2,True
ivanballiu,Iván Balliu,85295.0,Iván Balliu,fbref_accepted_exact_unique_name,1,True
radamelfalcao,Radamel Falcao,39152.0,Radamel Falcao,fbref_accepted_exact_unique_name,3,True
marcao,Marcão,439022.0,Marcão,fbref_accepted_exact_unique_name,6,True
kikesalas,Kike Salas,766583.0,Kike Salas,fbref_accepted_exact_unique_name,3,True
joanjordan,Joan Jordán,263727.0,Joan Jordán,fbref_accepted_exact_unique_name,4,True
ivanrakitic,Ivan Rakitic,32467.0,Ivan Rakitic,fbref_accepted_exact_unique_name,1,True
nachoquintana,Nacho Quintana,536826.0,Nacho Quintana,canonical_identity_exact_unique_name,1,True
jesuscorona,Jesús Corona,125165.0,Jesús Corona,fbref_accepted_exact_unique_name,5,True
agustinmarchesin,Agustín Marchesín,54534.0,Agustín Marchesín,fbref_accepted_exact_unique_name,2,True
diegoalves,Diego Alves,42373.0,Diego Alves,canonical_identity_exact_unique_name,1,True
sergiobarcia,Sergio Barcia,562058.0,Sergio Barcia,canonical_identity_exact_unique_name,1,True
franbeltran,Fran Beltrán,423444.0,Fran Beltrán,fbref_accepted_exact_unique_name,1,True
carlesperez,Carles Pérez,282810.0,Carles Pérez,fbref_accepted_exact_unique_name,12,True
fali,Fali,252667.0,Fali,fbref_accepted_exact_unique_name,1,True
juancala,Juan Cala,67089.0,Juan Cala,canonical_identity_exact_unique_name,1,True
raulparra,Raúl Parra,784719.0,Raúl Parra,fbref_accepted_exact_unique_name,1,True
youbadiarra,Youba Diarra,564451.0,Youba Diarra,fbref_accepted_exact_unique_name,1,True
brianocampo,Brian Ocampo,598765.0,Brian Ocampo,fbref_accepted_exact_unique_name,1,True
jaumedomenech,Jaume Doménech,227805.0,Jaume Doménech,fbref_accepted_exact_unique_name,2,True
martinsvidersky,Martin Svidersky,630523.0,Martin Svidersky,canonical_identity_exact_unique_name,1,True
leobaptistao,Léo Baptistão,221899.0,Léo Baptistão,fbref_accepted_exact_unique_name,1,True
markomilovanovic,Marko Milovanović,845568.0,Marko Milovanović,fbref_accepted_exact_unique_name,2,True
sergioasenjo,Sergio Asenjo,51710.0,Sergio Asenjo,fbref_accepted_exact_unique_name,2,True
ivanfresneda,Iván Fresneda,946883.0,Iván Fresneda,fbref_accepted_exact_unique_name,1,True
mickaelmalsa,Mickaël Malsa,205569.0,Mickaël Malsa,fbref_accepted_exact_unique_name,1,True
selimamallah,Selim Amallah,377219.0,Selim Amallah,fbref_accepted_exact_unique_name,1,True
darwinmachis,Darwin Machís,211251.0,Darwin Machís,fbref_accepted_exact_unique_name,1,True
gonzaloplata,Gonzalo Plata,592735.0,Gonzalo Plata,fbref_accepted_exact_unique_name,3,True
anuar,Anuar,327126.0,Anuar,fbref_accepted_exact_unique_name,2,True
sekougassama,Sekou Gassama,,,unresolved,2,False
cesarmontes,César Montes,387687.0,César Montes,fbref_accepted_exact_unique_name,1,True
joselu,Joselu,81999.0,Joselu,fbref_accepted_exact_unique_name,3,True
johndonald,John Donald,627290.0,John Donald,fbref_accepted_exact_unique_name,1,True
peremilla,Pere Milla,225593.0,Pere Milla,fbref_accepted_exact_unique_name,1,True
ardaguler,Arda Güler,861410.0,Arda Güler,fbref_accepted_exact_unique_name,3,True
unaihernandez,Unai Hernández,,,unresolved,1,False
lamineyamal,Lamine Yamal,937958.0,Lamine Yamal,fbref_accepted_exact_unique_name,5,True
vitorroque,Vitor Roque,943837.0,Vitor Roque,fbref_accepted_exact_unique_name,3,True
davidlopez,David López,129444.0,David López,fbref_accepted_exact_unique_name,2,True
pablotorre,Pablo Torre,720038.0,Pablo Torre,fbref_accepted_exact_unique_name,2,True
borjagarcia,Borja García,67808.0,Borja García,fbref_accepted_exact_unique_name,2,True
jastingarcia,Jastin Garcia,1061665.0,Jastin Garcia,canonical_identity_exact_unique_name,1,True
artemdovbyk,Artem Dovbyk,343537.0,Artem Dovbyk,fbref_accepted_exact_unique_name,8,True
iliaskostis,Ilias Kostis,614988.0,Ilias Kostis,canonical_identity_exact_unique_name,1,True
javigalan,Javi Galán,448628.0,Javi Galán,fbref_accepted_exact_unique_name,4,True
nahuelmolina,Nahuel Molina,424042.0,Nahuel Molina,fbref_accepted_exact_unique_name,3,True
rodrigodepaul,Rodrigo De Paul,255901.0,Rodrigo De Paul,fbref_accepted_exact_unique_name,1,True
pablobarrios,Pablo Barrios,775605.0,Pablo Barrios,fbref_accepted_exact_unique_name,6,True
samuellino,Samuel Lino,694928.0,Samuel Lino,fbref_accepted_exact_unique_name,1,True
marcospaulo,Marcos Paulo,,,unresolved,1,False
alvaromorata,Álvaro Morata,128223.0,Álvaro Morata,fbref_accepted_exact_unique_name,13,True
unaiegiluz,Unai Egiluz,834485.0,Unai Egiluz,canonical_identity_exact_unique_name,1,True
imanolgarciadealbeniz,Imanol García de Albéniz,626954.0,Imanol García de Albéniz,canonical_identity_exact_unique_name,2,True
unaigomez,Unai Gómez,834752.0,Unai Gómez,fbref_accepted_exact_unique_name,1,True
nicowilliams,Nico Williams,709187.0,Nico Williams,fbref_accepted_exact_unique_name,11,True
gorkaguruzeta,Gorka Guruzeta,340205.0,Gorka Guruzeta,fbref_accepted_exact_unique_name,3,True
javimarton,Javi Martón,711394.0,Javi Martón,canonical_identity_exact_unique_name,1,True
hamaritraore,Hamari Traoré,297070.0,Hamari Traoré,fbref_accepted_exact_unique_name,4,True
arsenzakharyan,Arsen Zakharyan,555143.0,Arsen Zakharyan,fbref_accepted_exact_unique_name,6,True
luizfelipe,Luiz Felipe,457931.0,Luiz Felipe,fbref_accepted_exact_unique_name,11,True
abner,Abner,646402.0,Abner,fbref_accepted_exact_unique_name,1,True
xavipleguezuelo,Xavi Pleguezuelo,971774.0,Xavi Pleguezuelo,canonical_identity_exact_unique_name,1,True
johnnycardoso,Johnny Cardoso,689505.0,Johnny Cardoso,fbref_accepted_exact_unique_name,5,True
sergialtimira,Sergi Altimira,466801.0,Sergi Altimira,fbref_accepted_exact_unique_name,1,True
daniperez,Dani Pérez,,,unresolved,1,False
luizhenrique,Luiz Henrique,800175.0,Luiz Henrique,fbref_accepted_exact_unique_name,1,True
raulalbiol,Raúl Albiol,15452.0,Raúl Albiol,fbref_accepted_exact_unique_name,1,True
ramonterrats,Ramón Terrats,783396.0,Ramón Terrats,fbref_accepted_exact_unique_name,1,True
cenkozkacar,Cenk Özkacar,615350.0,Cenk Özkacar,fbref_accepted_exact_unique_name,5,True
jesusvazquez,Jesús Vázquez,623024.0,Jesús Vázquez,fbref_accepted_exact_unique_name,2,True
andrealmeida,André Almeida,,,unresolved,1,False
marcocamus,Marco Camus,636119.0,Marco Camus,canonical_identity_exact_unique_name,1,True
diegolopez,Diego López,,,unresolved,1,False
hugoduro,Hugo Duro,573775.0,Hugo Duro,fbref_accepted_exact_unique_name,3,True
romanyaremchuk,Roman Yaremchuk,221958.0,Roman Yaremchuk,fbref_accepted_exact_unique_name,3,True
albertomari,Alberto Marí,634105.0,Alberto Marí,fbref_accepted_exact_unique_name,1,True
johanmojica,Johan Mojica,262939.0,Johan Mojica,fbref_accepted_exact_unique_name,2,True
xabihuarte,Xabi Huarte,634125.0,Xabi Huarte,canonical_identity_exact_unique_name,1,True
gastonalvarez,Gastón Álvarez,577486.0,Gastón Álvarez,fbref_accepted_exact_unique_name,1,True
dakonamdjene,Dakonam Djené,221150.0,Dakonam Djené,canonical_identity_exact_unique_name,1,True
gorkarivera,Gorka Rivera,1000136.0,Gorka Rivera,canonical_identity_exact_unique_name,1,True
joseangelcarmona,José Ángel Carmona,711625.0,José Ángel Carmona,canonical_identity_exact_unique_name,1,True
carlesalena,Carles Aleñá,284854.0,Carles Aleñá,fbref_accepted_exact_unique_name,1,True
adrianrodriguez,Adrián Rodríguez,,,unresolved,1,False
rafamarin,Rafa Marín,662261.0,Rafa Marín,fbref_accepted_exact_unique_name,2,True
rubenduarte,Rubén Duarte,177046.0,Rubén Duarte,fbref_accepted_exact_unique_name,3,True
nikolamaras,Nikola Maras,258475.0,Nikola Maras,fbref_accepted_exact_unique_name,1,True
aleksandarsedlar,Aleksandar Sedlar,237499.0,Aleksandar Sedlar,fbref_accepted_exact_unique_name,1,True
nahueltenaglia,Nahuel Tenaglia,533568.0,Nahuel Tenaglia,fbref_accepted_exact_unique_name,2,True
antonioblanco,Antonio Blanco,495621.0,Antonio Blanco,fbref_accepted_exact_unique_name,1,True
carlosprotesoni,Carlos Protesoni,431190.0,Carlos Protesoni,canonical_identity_exact_unique_name,4,True
abderebbach,Abde Rebbach,718034.0,Abde Rebbach,canonical_identity_exact_unique_name,1,True
carlosvicente,Carlos Vicente,540536.0,Carlos Vicente,fbref_accepted_exact_unique_name,2,True
giulianosimeone,Giuliano Simeone,742201.0,Giuliano Simeone,fbref_accepted_exact_unique_name,1,True
mamadousylla,Mamadou Sylla,166683.0,Mamadou Sylla,fbref_accepted_exact_unique_name,1,True
joaquinpanichelli,Joaquín Panichelli,1064871.0,Joaquín Panichelli,fbref_accepted_exact_unique_name,2,True
markodmitrovic,Marko Dmitrovic,94308.0,Marko Dmitrovic,fbref_accepted_exact_unique_name,1,True
diegohormigo,Diego Hormigo,767229.0,Diego Hormigo,canonical_identity_exact_unique_name,1,True
juanlusanchez,Juanlu Sánchez,676042.0,Juanlu Sánchez,fbref_accepted_exact_unique_name,1,True
boubakarysoumare,Boubakary Soumaré,344605.0,Boubakary Soumaré,fbref_accepted_exact_unique_name,1,True
lucienagoume,Lucien Agoumé,569384.0,Lucien Agoumé,fbref_accepted_exact_unique_name,3,True
nemanjagudelj,Nemanja Gudelj,74294.0,Nemanja Gudelj,fbref_accepted_exact_unique_name,3,True
lulodasilva,Lulo Dasilva,718581.0,Lulo Dasilva,canonical_identity_exact_unique_name,1,True
stanisidumbo,Stanis Idumbo,743387.0,Stanis Idumbo,canonical_identity_exact_unique_name,3,True
isaacromero,Isaac Romero,687609.0,Isaac Romero,fbref_accepted_exact_unique_name,2,True
ibrasow,Ibra Sow,,,unresolved,1,False
ericcurbelo,Eric Curbelo,390823.0,Eric Curbelo,fbref_accepted_exact_unique_name,1,True
alvarolemos,Álvaro Lemos,230222.0,Álvaro Lemos,fbref_accepted_exact_unique_name,1,True
nukemfulu,Nuke Mfulu,203516.0,Nuke Mfulu,canonical_identity_exact_unique_name,1,True
fabiogonzalez,Fabio González,531062.0,Fabio González,fbref_accepted_exact_unique_name,1,True
albertomoleiro,Alberto Moleiro,733576.0,Alberto Moleiro,fbref_accepted_exact_unique_name,1,True
benitoramirez,Benito Ramírez,282672.0,Benito Ramírez,fbref_accepted_exact_unique_name,1,True
carlstarfelt,Carl Starfelt,258987.0,Carl Starfelt,fbref_accepted_exact_unique_name,2,True
mihailoristic,Mihailo Ristic,271455.0,Mihailo Ristic,fbref_accepted_exact_unique_name,5,True
joellopez,Joel López,,,unresolved,1,False
lucadelatorre,Luca de la Torre,315762.0,Luca de la Torre,fbref_accepted_exact_unique_name,3,True
gabriveiga,Gabri Veiga,699704.0,Gabri Veiga,canonical_identity_exact_unique_name,2,True
williotswedberg,Williot Swedberg,764859.0,Williot Swedberg,fbref_accepted_exact_unique_name,4,True
francocervi,Franco Cervi,341110.0,Franco Cervi,fbref_accepted_exact_unique_name,3,True
tadeoallende,Tadeo Allende,872184.0,Tadeo Allende,fbref_accepted_exact_unique_name,2,True
miguelrodriguez,Miguel Rodríguez,634427.0,Miguel Rodríguez,fbref_accepted_exact_unique_name,1,True
miguelcrespo,Miguel Crespo,498529.0,Miguel Crespo,canonical_identity_exact_unique_name,1,True
vedatmuriqi,Vedat Muriqi,256267.0,Vedat Muriqi,fbref_accepted_exact_unique_name,6,True
milutinosmajic,Milutin Osmajic,542819.0,Milutin Osmajic,fbref_accepted_exact_unique_name,1,True
kamilpiatkowski,Kamil Piatkowski,345449.0,Kamil Piątkowski,fbref_accepted_exact_unique_name,2,True
albertoperea,Alberto Perea,99559.0,Alberto Perea,fbref_accepted_exact_unique_name,1,True
theocorbeanu,Theo Corbeanu,568535.0,Theo Corbeanu,fbref_accepted_exact_unique_name,1,True
matiasarezo,Matías Arezo,611426.0,Matías Arezo,fbref_accepted_exact_unique_name,1,True
srdjanbabic,Srdjan Babic,222805.0,Srdjan Babic,canonical_identity_exact_unique_name,2,True
aleksandarradovanovic,Aleksandar Radovanovic,339501.0,Aleksandar Radovanovic,fbref_accepted_exact_unique_name,2,True
sergioakieme,Sergio Akieme,355627.0,Sergio Akieme,fbref_accepted_exact_unique_name,3,True
marcpubill,Marc Pubill,844637.0,Marc Pubill,fbref_accepted_exact_unique_name,2,True
iddrisubaba,Iddrisu Baba,442805.0,Iddrisu Baba,fbref_accepted_exact_unique_name,1,True
lazaro,Lázaro,574772.0,Lázaro,fbref_accepted_exact_unique_name,1,True
ibrahimakone,Ibrahima Koné,490223.0,Ibrahima Koné,fbref_accepted_exact_unique_name,2,True
aimardunabeitia,Aimar Duñabeitia,834488.0,Aimar Duñabeitia,canonical_identity_exact_unique_name,1,True
benatprados,Beñat Prados,625047.0,Beñat Prados,fbref_accepted_exact_unique_name,1,True
alvarodjalo,Álvaro Djaló,671649.0,Álvaro Djaló,canonical_identity_exact_unique_name,2,True
nicoserrano,Nico Serrano,668183.0,Nico Serrano,canonical_identity_exact_unique_name,1,True
aingeruolabarrieta,Aingeru Olabarrieta,1056971.0,Aingeru Olabarrieta,canonical_identity_exact_unique_name,1,True
endikabujan,Endika Buján,1120228.0,Endika Buján,canonical_identity_exact_unique_name,1,True
santiagomourino,Santiago Mouriño,953901.0,Santiago Mouriño,canonical_identity_exact_unique_name,2,True
victormollejo,Víctor Mollejo,505673.0,Víctor Mollejo,fbref_accepted_exact_unique_name,1,True
borjagarces,Borja Garcés,566036.0,Borja Garcés,canonical_identity_exact_unique_name,1,True
anderastralaga,Ander Astralaga,709955.0,Ander Astralaga,canonical_identity_exact_unique_name,1,True
diegokochen,Diego Kochen,938144.0,Diego Kochen,canonical_identity_exact_unique_name,2,True
aronyaakobishvili,Áron Yaakobishvili,938145.0,Áron Yaakobishvili,canonical_identity_exact_unique_name,1,True
paucubarsi,Pau Cubarsí,962110.0,Pau Cubarsí,fbref_accepted_exact_unique_name,1,True
sergidominguez,Sergi Domínguez,741258.0,Sergi Domínguez,canonical_identity_exact_unique_name,2,True
alexisolmedo,Alexis Olmedo,938150.0,Alexis Olmedo,canonical_identity_exact_unique_name,1,True
alvarocortes,Álvaro Cortés,,,unresolved,1,False
hectorfort,Héctor Fort,937955.0,Héctor Fort,fbref_accepted_exact_unique_name,2,True
landryfarre,Landry Farré,938148.0,Landry Farré,canonical_identity_exact_unique_name,1,True
marccasado,Marc Casadó,636695.0,Marc Casadó,fbref_accepted_exact_unique_name,1,True
marcbernal,Marc Bernal,1018920.0,Marc Bernal,canonical_identity_exact_unique_name,1,True
guillefernandez,Guille Fernández,1050120.0,Guille Fernández,canonical_identity_exact_unique_name,1,True
ferminlopez,Fermín López,636703.0,Fermín López,fbref_accepted_exact_unique_name,2,True
noahdarvich,Noah Darvich,897480.0,Noah Darvich,canonical_identity_exact_unique_name,2,True
tonifernandez,Toni Fernández,1066206.0,Toni Fernández,canonical_identity_exact_unique_name,2,True
danirodriguez,Dani Rodríguez,139435.0,Dani Rodríguez,fbref_accepted_exact_unique_name,3,True
natan,Natan,735568.0,Natan,fbref_accepted_exact_unique_name,3,True
angelortiz,Ángel Ortiz,933908.0,Ángel Ortiz,canonical_identity_exact_unique_name,1,True
pablofornals,Pablo Fornals,357885.0,Pablo Fornals,fbref_accepted_exact_unique_name,2,True
assanediao,Assane Diao,1061282.0,Assane Diao,fbref_accepted_exact_unique_name,2,True
carlosdominguez,Carlos Domínguez,636093.0,Carlos Domínguez,fbref_accepted_exact_unique_name,1,True
jailson,Jailson,,,unresolved,1,False
alfongonzalez,Alfon González,357628.0,Alfon González,canonical_identity_exact_unique_name,1,True
jonathanbamba,Jonathan Bamba,292818.0,Jonathan Bamba,fbref_accepted_exact_unique_name,2,True
jesusowono,Jesús Owono,631693.0,Jesús Owono,fbref_accepted_exact_unique_name,1,True
tomasconechny,Tomás Conechny,401571.0,Tomás Conechny,canonical_identity_exact_unique_name,1,True
leandrocabrera,Leandro Cabrera,102423.0,Leandro Cabrera,fbref_accepted_exact_unique_name,1,True
joseluiscatala,José Luis Català,1060821.0,José Luis Català,canonical_identity_exact_unique_name,1,True
josegragera,José Gragera,557147.0,José Gragera,fbref_accepted_exact_unique_name,1,True
javipuado,Javi Puado,408471.0,Javi Puado,fbref_accepted_exact_unique_name,1,True
allannyom,Allan Nyom,111508.0,Allan Nyom,fbref_accepted_exact_unique_name,1,True
alvarorodriguez,Álvaro Rodríguez,,,unresolved,1,False
paulopez,Pau López,286415.0,Pau López,fbref_accepted_exact_unique_name,6,True
ladislavkrejci,Ladislav Krejci,140206.0,Ladislav Krejci,fbref_accepted_exact_unique_name,2,True
alejandrofrances,Alejandro Francés,632896.0,Alejandro Francés,canonical_identity_exact_unique_name,1,True
jhonsolis,Jhon Solís,742521.0,Jhon Solís,fbref_accepted_exact_unique_name,1,True
yaserasprilla,Yáser Asprilla,857818.0,Yáser Asprilla,canonical_identity_exact_unique_name,1,True
portu,Portu,99353.0,Portu,fbref_accepted_exact_unique_name,1,True
abelruiz,Abel Ruiz,340376.0,Abel Ruiz,canonical_identity_exact_unique_name,1,True
vitirozada,Viti Rozada,438971.0,Viti Rozada,canonical_identity_exact_unique_name,1,True
kirianrodriguez,Kirian Rodríguez,566574.0,Kirian Rodríguez,fbref_accepted_exact_unique_name,1,True
enricfranquesa,Enric Franquesa,282700.0,Enric Franquesa,fbref_accepted_exact_unique_name,1,True
bornabarisic,Borna Barisic,39125.0,Borna Barisic,canonical_identity_exact_unique_name,2,True
yvanneyou,Yvan Neyou,469669.0,Yvan Neyou,fbref_accepted_exact_unique_name,3,True
josecopete,José Copete,520840.0,José Copete,canonical_identity_exact_unique_name,1,True
robertnavarro,Robert Navarro,563137.0,Robert Navarro,canonical_identity_exact_unique_name,1,True
ikermunoz,Iker Muñoz,710677.0,Iker Muñoz,fbref_accepted_exact_unique_name,1,True
bryanzaragoza,Bryan Zaragoza,713644.0,Bryan Zaragoza,fbref_accepted_exact_unique_name,2,True
abdulmumin,Abdul Mumin,451801.0,Abdul Mumin,fbref_accepted_exact_unique_name,1,True
andreiratiu,Andrei Rațiu,527966.0,Andrei Rațiu,fbref_accepted_exact_unique_name,1,True
jacoboramon,Jacobo Ramón,948278.0,Jacobo Ramón,canonical_identity_exact_unique_name,1,True
chemaandres,Chema Andrés,948279.0,Chema Andrés,canonical_identity_exact_unique_name,1,True
brahimdiaz,Brahim Díaz,314678.0,Brahim Díaz,fbref_accepted_exact_unique_name,6,True
kylianmbappe,Kylian Mbappé,342229.0,Kylian Mbappé,fbref_accepted_exact_unique_name,12,True
endrick,Endrick,,,unresolved,1,False
lukasucic,Luka Sucic,502722.0,Luka Sucic,canonical_identity_exact_unique_name,1,True
mikelrodriguez,Mikel Rodriguez,,,unresolved,1,False
albertocollado,Alberto Collado,935342.0,Alberto Collado,canonical_identity_exact_unique_name,1,True
akoradams,Akor Adams,607034.0,Akor Adams,fbref_accepted_exact_unique_name,7,True
giorgimamardashvili,Giorgi Mamardashvili,502676.0,Giorgi Mamardashvili,fbref_accepted_exact_unique_name,1,True
maximilianocaufriez,Maximiliano Caufriez,369267.0,Maximiliano Caufriez,fbref_accepted_exact_unique_name,3,True
enzobarrenechea,Enzo Barrenechea,671915.0,Enzo Barrenechea,fbref_accepted_exact_unique_name,1,True
franperez,Fran Pérez,,,unresolved,1,False
warrenmadrigal,Warren Madrigal,799682.0,Warren Madrigal,canonical_identity_exact_unique_name,6,True
jumabah,Juma Bah,1121298.0,Juma Bah,canonical_identity_exact_unique_name,4,True
raulmoro,Raúl Moro,624942.0,Raúl Moro,fbref_accepted_exact_unique_name,1,True
diegoconde,Diego Conde,341713.0,Diego Conde,canonical_identity_exact_unique_name,1,True
alexbaena,Álex Baena,548111.0,Álex Baena,fbref_accepted_exact_unique_name,2,True
tajonbuchanan,Tajon Buchanan,638793.0,Tajon Buchanan,fbref_accepted_exact_unique_name,6,True
josefonte,José Fonte,33829.0,José Fonte,fbref_accepted_exact_unique_name,1,True
zekicelik,Zeki Çelik,251075.0,Zeki Çelik,fbref_accepted_exact_unique_name,8,True
yusufyazc,Yusuf Yazıcı,386726.0,Yusuf Yazıcı,fbref_accepted_exact_unique_name,5,True
timothyweah,Timothy Weah,370846.0,Timothy Weah,fbref_accepted_exact_unique_name,7,True
luizaraujo,Luiz Araújo,435485.0,Luiz Araújo,fbref_accepted_exact_unique_name,2,True
jonathandavid,Jonathan David,533738.0,Jonathan David,fbref_accepted_exact_unique_name,1,True
burakylmaz,Burak Yılmaz,34987.0,Burak Yilmaz,fbref_accepted_exact_unique_name,3,True
marcinbulka,Marcin Bulka,465955.0,Marcin Bulka,fbref_accepted_enhanced_exact_unique_name,2,True
alexandreletellier,Alexandre Letellier,93730.0,Alexandre Letellier,fbref_accepted_exact_unique_name,8,True
garissoneinnocent,Garissone Innocent,460626.0,Garissone Innocent,canonical_identity_exact_unique_name,1,True
marquinhos,Marquinhos,,,unresolved,14,False
presnelkimpembe,Presnel Kimpembe,282041.0,Presnel Kimpembe,fbref_accepted_exact_unique_name,9,True
danilopereira,Danilo Pereira,141050.0,Danilo Pereira,fbref_accepted_exact_unique_name,5,True
juanbernat,Juan Bernat,126719.0,Juan Bernat,fbref_accepted_exact_unique_name,4,True
alessandroflorenzi,Alessandro Florenzi,130365.0,Alessandro Florenzi,fbref_accepted_exact_unique_name,13,True
colindagba,Colin Dagba,460629.0,Colin Dagba,fbref_accepted_exact_unique_name,4,True
timotheepembele,Timothée Pembélé,538998.0,Timothée Pembélé,fbref_accepted_exact_unique_name,1,True
leandroparedes,Leandro Paredes,166237.0,Leandro Paredes,fbref_accepted_exact_unique_name,10,True
idrissagueye,Idrissa Gueye,,,unresolved,4,False
marcoverratti,Marco Verratti,102558.0,Marco Verratti,fbref_accepted_exact_unique_name,12,True
neymar,Neymar,68290.0,Neymar,fbref_accepted_exact_unique_name,7,True
juliandraxler,Julian Draxler,85148.0,Julian Draxler,fbref_accepted_exact_unique_name,6,True
mauroicardi,Mauro Icardi,68863.0,Mauro Icardi,fbref_accepted_exact_unique_name,10,True
arnaudkalimuendo,Arnaud Kalimuendo,585959.0,Arnaud Kalimuendo,fbref_accepted_exact_unique_name,9,True
guillermomaripan,Guillermo Maripán,249730.0,Guillermo Maripán,fbref_accepted_exact_unique_name,9,True
chrislainmatsima,Chrislain Matsima,569383.0,Chrislain Matsima,fbref_accepted_exact_unique_name,2,True
caiohenrique,Caio Henrique,420064.0,Caio Henrique,canonical_identity_exact_unique_name,4,True
fodeballotoure,Fodé Ballo-Touré,296422.0,Fodé Ballo-Touré,fbref_accepted_exact_unique_name,7,True
rubenaguilar,Ruben Aguilar,203746.0,Ruben Aguilar,fbref_accepted_exact_unique_name,13,True
djibrilsidibe,Djibril Sidibé,161869.0,Djibril Sidibé,fbref_accepted_exact_unique_name,9,True
florentino,Florentino,357162.0,Florentino,canonical_identity_exact_unique_name,1,True
eliotmatazo,Eliot Matazo,535834.0,Eliot Matazo,fbref_accepted_exact_unique_name,4,True
cescfabregas,Cesc Fàbregas,8806.0,Cesc Fàbregas,fbref_accepted_exact_unique_name,7,True
sofianediop,Sofiane Diop,569389.0,Sofiane Diop,fbref_accepted_exact_unique_name,11,True
henryonyekuru,Henry Onyekuru,380415.0,Henry Onyekuru,fbref_accepted_exact_unique_name,2,True
gelsonmartins,Gelson Martins,257448.0,Gelson Martins,fbref_accepted_exact_unique_name,9,True
krepindiatta,Krépin Diatta,490426.0,Krépin Diatta,fbref_accepted_exact_unique_name,7,True
wissambenyedder,Wissam Ben Yedder,146854.0,Wissam Ben Yedder,fbref_accepted_exact_unique_name,2,True
willemgeubbels,Willem Geubbels,463620.0,Willem Geubbels,fbref_accepted_exact_unique_name,1,True
anthonylopes,Anthony Lopes,60561.0,Anthony Lopes,fbref_accepted_exact_unique_name,4,True
jasondenayer,Jason Denayer,277114.0,Jason Denayer,fbref_accepted_exact_unique_name,2,True
djameleddinebenlamri,Djamel Eddine Benlamri,209990.0,Djamel Eddine Benlamri,canonical_identity_exact_unique_name,1,True
melvinbard,Melvin Bard,532775.0,Melvin Bard,fbref_accepted_exact_unique_name,7,True
mattiadesciglio,Mattia De Sciglio,88682.0,Mattia De Sciglio,fbref_accepted_exact_unique_name,13,True
houssemaouar,Houssem Aouar,395693.0,Houssem Aouar,fbref_accepted_exact_unique_name,8,True
jeffreineadelaide,Jeff Reine-Adélaïde,326300.0,Jeff Reine-Adélaïde,fbref_accepted_exact_unique_name,12,True
karltokoekambi,Karl Toko Ekambi,315110.0,Karl Toko Ekambi,fbref_accepted_exact_unique_name,3,True
stevemandanda,Steve Mandanda,23951.0,Steve Mandanda,fbref_accepted_exact_unique_name,6,True
yohannpele,Yohann Pelé,6270.0,Yohann Pelé,fbref_accepted_exact_unique_name,1,True
simonngapandouetnbu,Simon Ngapandouetnbu,696600.0,Simon Ngapandouetnbu,canonical_identity_exact_unique_name,2,True
dujecaletacar,Duje Caleta-Car,238266.0,Duje Caleta-Car,fbref_accepted_exact_unique_name,3,True
alvarogonzalez,Álvaro González,183647.0,Álvaro González,fbref_accepted_exact_unique_name,3,True
jordanamavi,Jordan Amavi,241229.0,Jordan Amavi,fbref_accepted_exact_unique_name,11,True
christopherrocchia,Christopher Rocchia,352393.0,Christopher Rocchia,fbref_accepted_exact_unique_name,3,True
yutonagatomo,Yuto Nagatomo,79522.0,Yuto Nagatomo,fbref_accepted_exact_unique_name,2,True
hirokisakai,Hiroki Sakai,83002.0,Hiroki Sakai,fbref_accepted_exact_unique_name,4,True
valentinrongier,Valentin Rongier,332889.0,Valentin Rongier,fbref_accepted_exact_unique_name,7,True
olivierntcham,Olivier Ntcham,224088.0,Olivier Ntcham,fbref_accepted_exact_unique_name,2,True
luishenrique,Luis Henrique,691316.0,Luis Henrique,fbref_accepted_exact_unique_name,2,True
dimitripayet,Dimitri Payet,37647.0,Dimitri Payet,fbref_accepted_exact_unique_name,8,True
florianthauvin,Florian Thauvin,184892.0,Florian Thauvin,fbref_accepted_exact_unique_name,5,True
arkadiuszmilik,Arkadiusz Milik,191891.0,Arkadiusz Milik,fbref_accepted_exact_unique_name,13,True
facundomedina,Facundo Medina,474800.0,Facundo Medina,fbref_accepted_exact_unique_name,4,True
jonathangradit,Jonathan Gradit,126557.0,Jonathan Gradit,fbref_accepted_exact_unique_name,8,True
issiagasylla,Issiaga Sylla,220878.0,Issiaga Sylla,fbref_accepted_exact_unique_name,11,True
jonathanclauss,Jonathan Clauss,175639.0,Jonathan Clauss,fbref_accepted_exact_unique_name,5,True
clementmichelin,Clément Michelin,318520.0,Clément Michelin,fbref_accepted_exact_unique_name,3,True
cheicktraore,Cheick Traoré,378965.0,Cheick Traoré,fbref_accepted_exact_unique_name,2,True
adrienlouveau,Adrien Louveau,804817.0,Adrien Louveau,canonical_identity_exact_unique_name,2,True
sekofofana,Seko Fofana,182893.0,Seko Fofana,fbref_accepted_exact_unique_name,4,True
gaelkakuta,Gaël Kakuta,74297.0,Gaël Kakuta,fbref_accepted_exact_unique_name,10,True
tonymauricio,Tony Mauricio,272549.0,Tony Mauricio,fbref_accepted_exact_unique_name,2,True
charlesboli,Charles Boli,695646.0,Charles Boli,fbref_accepted_exact_unique_name,3,True
ignatiusganago,Ignatius Ganago,531949.0,Ignatius Ganago,fbref_accepted_exact_unique_name,12,True
floriansotoca,Florian Sotoca,354726.0,Florian Sotoca,fbref_accepted_exact_unique_name,3,True
corentinjean,Corentin Jean,20463.0,Corentin Jean,fbref_accepted_exact_unique_name,4,True
alfredgomis,Alfred Gomis,163568.0,Alfred Gomis,fbref_accepted_exact_unique_name,5,True
danielerugani,Daniele Rugani,162959.0,Daniele Rugani,fbref_accepted_exact_unique_name,9,True
gerzinonyamsi,Gerzino Nyamsi,378953.0,Gerzino Nyamsi,fbref_accepted_exact_unique_name,6,True
damiendasilva,Damien Da Silva,57370.0,Damien Da Silva,fbref_accepted_exact_unique_name,2,True
faitoutmaouassa,Faitout Maouassa,357072.0,Faitout Maouassa,fbref_accepted_exact_unique_name,2,True
adrientruffert,Adrien Truffert,654539.0,Adrien Truffert,fbref_accepted_exact_unique_name,2,True
jeremygelin,Jérémy Gélin,288237.0,Jérémy Gélin,fbref_accepted_exact_unique_name,2,True
jonasmartin,Jonas Martin,127142.0,Jonas Martin,fbref_accepted_exact_unique_name,8,True
flavientait,Flavien Tait,202278.0,Flavien Tait,fbref_accepted_exact_unique_name,5,True
jamesleasiliki,James Léa Siliki,346291.0,James Léa Siliki,fbref_accepted_exact_unique_name,1,True
yanngboho,Yann Gboho,463613.0,Yann Gboho,fbref_accepted_exact_unique_name,2,True
romaindelcastillo,Romain Del Castillo,353399.0,Romain Del Castillo,fbref_accepted_exact_unique_name,9,True
mbayeniang,M'Baye Niang,157501.0,M'Baye Niang,fbref_accepted_exact_unique_name,1,True
pedromendes,Pedro Mendes,72857.0,Pedro Mendes,fbref_accepted_exact_unique_name,4,True
nicolascozza,Nicolas Cozza,485965.0,Nicolas Cozza,fbref_accepted_exact_unique_name,1,True
ambroiseoyongo,Ambroise Oyongo,184922.0,Ambroise Oyongo,fbref_accepted_exact_unique_name,1,True
mathiassuarez,Mathías Suárez,294895.0,Mathías Suárez,fbref_accepted_exact_unique_name,1,True
jorischotard,Joris Chotard,624037.0,Joris Chotard,fbref_accepted_exact_unique_name,5,True
jordanferri,Jordan Ferri,118284.0,Jordan Ferri,fbref_accepted_exact_unique_name,6,True
tejisavanier,Téji Savanier,127156.0,Téji Savanier,fbref_accepted_exact_unique_name,5,True
illokyun,Il-lok Yun,131480.0,Il-lok Yun,canonical_identity_exact_unique_name,2,True
andydelort,Andy Delort,122797.0,Andy Delort,fbref_accepted_exact_unique_name,3,True
jeanclairtodibo,Jean-Clair Todibo,605184.0,Jean-Clair Todibo,fbref_accepted_exact_unique_name,5,True
dante,Dante,16136.0,Dante,fbref_accepted_exact_unique_name,6,True
racinecoly,Racine Coly,323379.0,Racine Coly,fbref_accepted_exact_unique_name,1,True
youcefatal,Youcef Atal,416108.0,Youcef Atal,fbref_accepted_exact_unique_name,12,True
jordanlotomba,Jordan Lotomba,313094.0,Jordan Lotomba,fbref_accepted_exact_unique_name,5,True
morganschneiderlin,Morgan Schneiderlin,56818.0,Morgan Schneiderlin,fbref_accepted_exact_unique_name,2,True
danilobarbosa,Danilo Barbosa,273438.0,Danilo Barbosa,fbref_accepted_exact_unique_name,1,True
khephrenthuram,Khéphren Thuram,463618.0,Khéphren Thuram,fbref_accepted_exact_unique_name,5,True
hichamboudaoui,Hicham Boudaoui,560593.0,Hicham Boudaoui,fbref_accepted_exact_unique_name,11,True
alexisclaudemaurice,Alexis Claude-Maurice,384593.0,Alexis Claude-Maurice,fbref_accepted_exact_unique_name,4,True
ronylopes,Rony Lopes,174694.0,Rony Lopes,fbref_accepted_exact_unique_name,1,True
danndoye,Dan Ndoye,365108.0,Dan Ndoye,fbref_accepted_exact_unique_name,7,True
aminegouiri,Amine Gouiri,418659.0,Amine Gouiri,fbref_accepted_exact_unique_name,6,True
habibmaiga,Habib Maïga,293944.0,Habib Maïga,fbref_accepted_exact_unique_name,5,True
kevinndoram,Kévin N'Doram,342209.0,Kévin N'Doram,fbref_accepted_exact_unique_name,7,True
warrentchimbembe,Warren Tchimbembé,591914.0,Warren Tchimbembé,fbref_accepted_exact_unique_name,1,True
vincentpajot,Vincent Pajot,126699.0,Vincent Pajot,fbref_accepted_exact_unique_name,4,True
opanguette,Opa Nguette,205587.0,Opa Nguette,fbref_accepted_exact_unique_name,1,True
vagnerdias,Vágner Dias,353211.0,Vágner Dias,canonical_identity_exact_unique_name,1,True
ibrahimaniane,Ibrahima Niane,490417.0,Ibrahima Niane,fbref_accepted_exact_unique_name,1,True
romainthomas,Romain Thomas,57467.0,Romain Thomas,fbref_accepted_exact_unique_name,2,True
enzoebosse,Enzo Ebosse,342877.0,Enzo Ebosse,fbref_accepted_exact_unique_name,4,True
ibrahimamadou,Ibrahim Amadou,205503.0,Ibrahim Amadou,fbref_accepted_exact_unique_name,2,True
pierrickcapelle,Pierrick Capelle,214532.0,Pierrick Capelle,fbref_accepted_exact_unique_name,5,True
wanisstaibi,Waniss Taïbi,680447.0,Waniss Taïbi,fbref_accepted_exact_unique_name,1,True
jimmycabot,Jimmy Cabot,206912.0,Jimmy Cabot,fbref_accepted_exact_unique_name,3,True
angelofulgini,Angelo Fulgini,250013.0,Angelo Fulgini,fbref_accepted_exact_unique_name,4,True
sofianeboufal,Sofiane Boufal,232271.0,Sofiane Boufal,fbref_accepted_exact_unique_name,3,True
mathiaspereiralage,Mathias Pereira Lage,424072.0,Mathias Pereira Lage,fbref_accepted_exact_unique_name,6,True
faridelmelali,Farid El Melali,425400.0,Farid El Melali,fbref_accepted_exact_unique_name,5,True
sadathioub,Sada Thioub,290593.0,Sada Thioub,fbref_accepted_exact_unique_name,1,True
stephanebahoken,Stéphane Bahoken,170953.0,Stéphane Bahoken,fbref_accepted_exact_unique_name,1,True
rachidalioui,Rachid Alioui,193130.0,Rachid Alioui,fbref_accepted_exact_unique_name,1,True
christopheherelle,Christophe Hérelle,170544.0,Christophe Hérelle,fbref_accepted_exact_unique_name,1,True
denysbain,Denys Bain,184575.0,Denys Bain,fbref_accepted_exact_unique_name,1,True
heritavares,Heri Tavares,445517.0,Heri Tavares,canonical_identity_exact_unique_name,1,True
paullasne,Paul Lasne,93726.0,Paul Lasne,fbref_accepted_exact_unique_name,1,True
jeremyledouaron,Jérémy Le Douaron,737781.0,Jérémy Le Douaron,fbref_accepted_exact_unique_name,4,True
yunisabdelhamid,Yunis Abdelhamid,199704.0,Yunis Abdelhamid,fbref_accepted_exact_unique_name,2,True
ghislainkonan,Ghislain Konan,422850.0,Ghislain Konan,fbref_accepted_exact_unique_name,1,True
xavierchavalerin,Xavier Chavalerin,118278.0,Xavier Chavalerin,fbref_accepted_exact_unique_name,1,True
valonberisha,Valon Berisha,145115.0,Valon Berisha,fbref_accepted_exact_unique_name,2,True
arberzeneli,Arbër Zeneli,222876.0,Arbër Zeneli,fbref_accepted_exact_unique_name,3,True
anastasiosdonis,Anastasios Donis,243606.0,Anastasios Donis,fbref_accepted_exact_unique_name,3,True
mathieucafaro,Mathieu Cafaro,399383.0,Mathieu Cafaro,fbref_accepted_exact_unique_name,4,True
kajsierhuis,Kaj Sierhuis,315283.0,Kaj Sierhuis,fbref_accepted_exact_unique_name,3,True
markusscholz,Markus Scholz,51060.0,Markus Scholz,canonical_identity_exact_unique_name,1,True
jesperverlaat,Jesper Verlaat,233420.0,Jesper Verlaat,canonical_identity_exact_unique_name,4,True
gerritgohlke,Gerrit Gohlke,480710.0,Gerrit Gohlke,canonical_identity_exact_unique_name,3,True
marcelseegert,Marcel Seegert,119572.0,Marcel Seegert,canonical_identity_exact_unique_name,3,True
antondonkor,Anton Donkor,280553.0,Anton Donkor,canonical_identity_exact_unique_name,3,True
marcelhofrath,Marcel Hofrath,126310.0,Marcel Hofrath,canonical_identity_exact_unique_name,1,True
janhendrikmarx,Jan-Hendrik Marx,169295.0,Jan-Hendrik Marx,canonical_identity_exact_unique_name,1,True
marcoschuster,Marco Schuster,168186.0,Marco Schuster,canonical_identity_exact_unique_name,3,True
hamzasaghiri,Hamza Saghiri,268757.0,Hamza Saghiri,canonical_identity_exact_unique_name,4,True
manfredoseikwadwo,Manfred Osei Kwadwo,167552.0,Manfred Osei Kwadwo,canonical_identity_exact_unique_name,1,True
arianitferati,Arianit Ferati,247380.0,Arianit Ferati,canonical_identity_exact_unique_name,3,True
onurunlucifci,Onur Ünlücifci,285161.0,Onur Ünlücifci,canonical_identity_exact_unique_name,5,True
josephboyamba,Joseph Boyamba,228386.0,Joseph Boyamba,canonical_identity_exact_unique_name,1,True
marcelgottschling,Marcel Gottschling,183755.0,Marcel Gottschling,canonical_identity_exact_unique_name,2,True
dominikmartinovic,Dominik Martinovic,227093.0,Dominik Martinovic,canonical_identity_exact_unique_name,3,True
anthonyroczen,Anthony Roczen,383032.0,Anthony Roczen,canonical_identity_exact_unique_name,4,True
andisshala,Andis Shala,74041.0,Andis Shala,canonical_identity_exact_unique_name,1,True
bingouroukamara,Bingourou Kamara,333175.0,Bingourou Kamara,fbref_accepted_exact_unique_name,2,True
alexanderdjiku,Alexander Djiku,250844.0,Alexander Djiku,fbref_accepted_exact_unique_name,3,True
kennylala,Kenny Lala,174196.0,Kenny Lala,fbref_accepted_exact_unique_name,1,True
mehdichahiri,Mehdi Chahiri,358509.0,Mehdi Chahiri,fbref_accepted_exact_unique_name,2,True
lebomothiba,Lebo Mothiba,427161.0,Lebo Mothiba,fbref_accepted_exact_unique_name,4,True
paulnardi,Paul Nardi,189744.0,Paul Nardi,fbref_accepted_exact_unique_name,1,True
tiagoilori,Tiago Ilori,177859.0,Tiago Ilori,canonical_identity_exact_unique_name,1,True
vincentlegoff,Vincent Le Goff,120651.0,Vincent Le Goff,fbref_accepted_exact_unique_name,1,True
jeremymorel,Jérémy Morel,23960.0,Jérémy Morel,fbref_accepted_exact_unique_name,2,True
thomasmonconduit,Thomas Monconduit,127182.0,Thomas Monconduit,fbref_accepted_exact_unique_name,1,True
quentinboisgard,Quentin Boisgard,412671.0,Quentin Boisgard,fbref_accepted_exact_unique_name,2,True
stephanediarra,Stéphane Diarra,428954.0,Stéphane Diarra,fbref_accepted_exact_unique_name,8,True
pierreyveshamel,Pierre-Yves Hamel,203504.0,Pierre-Yves Hamel,fbref_accepted_exact_unique_name,7,True
haroldmoukoudi,Harold Moukoudi,272636.0,Harold Moukoudi,fbref_accepted_exact_unique_name,8,True
yvannmacon,Yvann Maçon,580747.0,Yvann Maçon,fbref_accepted_exact_unique_name,5,True
mathieudebuchy,Mathieu Debuchy,27306.0,Mathieu Debuchy,fbref_accepted_exact_unique_name,1,True
assanediousse,Assane Dioussé,287635.0,Assane Dioussé,fbref_accepted_exact_unique_name,1,True
adilaouchiche,Adil Aouchiche,569385.0,Adil Aouchiche,fbref_accepted_exact_unique_name,4,True
wahbikhazri,Wahbi Khazri,103565.0,Wahbi Khazri,fbref_accepted_exact_unique_name,8,True
romainhamouma,Romain Hamouma,98349.0,Romain Hamouma,fbref_accepted_exact_unique_name,8,True
charlesabi,Charles Abi,418658.0,Charles Abi,fbref_accepted_exact_unique_name,1,True
denispetric,Denis Petric,28356.0,Denis Petric,fbref_accepted_exact_unique_name,4,True
jeancharlescastelletto,Jean-Charles Castelletto,182875.0,Jean-Charles Castelletto,fbref_accepted_exact_unique_name,7,True
nicolaspallois,Nicolas Pallois,139279.0,Nicolas Pallois,fbref_accepted_exact_unique_name,7,True
charlestraore,Charles Traoré,394906.0,Charles Traoré,fbref_accepted_exact_unique_name,6,True
sebastiencorchia,Sébastien Corchia,102744.0,Sébastien Corchia,fbref_accepted_exact_unique_name,6,True
dennisappiah,Dennis Appiah,111038.0,Dennis Appiah,fbref_accepted_exact_unique_name,6,True
abdoulayetoure,Abdoulaye Touré,181382.0,Abdoulaye Touré,fbref_accepted_exact_unique_name,2,True
mosessimon,Moses Simon,274862.0,Moses Simon,fbref_accepted_exact_unique_name,9,True
anthonylimbombe,Anthony Limbombe,140803.0,Anthony Limbombe,fbref_accepted_exact_unique_name,1,True
elieyouan,Élie Youan,465715.0,Élie Youan,fbref_accepted_exact_unique_name,1,True
kalifacoulibaly,Kalifa Coulibaly,184935.0,Kalifa Coulibaly,fbref_accepted_exact_unique_name,6,True
anthonybriancon,Anthony Briançon,190338.0,Anthony Briançon,fbref_accepted_exact_unique_name,6,True
loicklandre,Loïck Landre,164912.0,Loïck Landre,fbref_accepted_exact_unique_name,1,True
pablomartinez,Pablo Martínez,,,unresolved,2,False
gaetanpaquiez,Gaëtan Paquiez,412092.0,Gaëtan Paquiez,fbref_accepted_exact_unique_name,1,True
birgermeling,Birger Meling,282250.0,Birger Meling,fbref_accepted_exact_unique_name,5,True
sofianealakouch,Sofiane Alakouch,434358.0,Sofiane Alakouch,fbref_accepted_exact_unique_name,5,True
lucasbuades,Lucas Buadés,531960.0,Lucas Buades,fbref_accepted_exact_unique_name,2,True
yassinebenrahou,Yassine Benrahou,344599.0,Yassine Benrahou,fbref_accepted_exact_unique_name,4,True
zinedineferhat,Zinedine Ferhat,232895.0,Zinedine Ferhat,fbref_accepted_exact_unique_name,4,True
karimaribi,Karim Aribi,456080.0,Karim Aribi,fbref_accepted_exact_unique_name,1,True
clementdepres,Clément Depres,347595.0,Clément Depres,fbref_accepted_exact_unique_name,1,True
anibalchala,Aníbal Chalá,278796.0,Aníbal Chalá,fbref_accepted_exact_unique_name,1,True
romainamalfitano,Romain Amalfitano,137841.0,Romain Amalfitano,fbref_accepted_exact_unique_name,1,True
jordanmarie,Jordan Marié,231025.0,Jordan Marié,fbref_accepted_exact_unique_name,1,True
bersantcelina,Bersant Celina,229695.0,Bersant Celina,fbref_accepted_exact_unique_name,1,True
yassinebenzia,Yassine Benzia,187847.0,Yassine Benzia,fbref_accepted_exact_unique_name,1,True
mamabalde,Mama Baldé,325223.0,Mama Baldé,canonical_identity_exact_unique_name,8,True
rogerassale,Roger Assalé,263183.0,Roger Assalé,fbref_accepted_exact_unique_name,1,True
gianluigidonnarumma,Gianluigi Donnarumma,315858.0,Gianluigi Donnarumma,fbref_accepted_exact_unique_name,3,True
nunomendes,Nuno Mendes,616341.0,Nuno Mendes,fbref_accepted_exact_unique_name,5,True
teddyalloh,Teddy Alloh,618405.0,Teddy Alloh,canonical_identity_exact_unique_name,1,True
achrafhakimi,Achraf Hakimi,398073.0,Achraf Hakimi,fbref_accepted_exact_unique_name,4,True
georginiowijnaldum,Georginio Wijnaldum,49499.0,Georginio Wijnaldum,fbref_accepted_exact_unique_name,3,True
edouardmichut,Edouard Michut,659521.0,Edouard Michut,fbref_accepted_exact_unique_name,1,True
nathanbitumazala,Nathan Bitumazala,618415.0,Nathan Bitumazala,canonical_identity_exact_unique_name,1,True
ismaelgharbi,Ismaël Gharbi,810096.0,Ismaël Gharbi,fbref_accepted_exact_unique_name,1,True
kennynagera,Kenny Nagera,618416.0,Kenny Nagera,fbref_accepted_exact_unique_name,1,True
lionelmessi,Lionel Messi,28003.0,Lionel Messi,fbref_accepted_exact_unique_name,7,True
angeldimaria,Ángel Di María,45320.0,Ángel Di María,fbref_accepted_exact_unique_name,8,True
leonardobalerdi,Leonardo Balerdi,575998.0,Leonardo Balerdi,fbref_accepted_exact_unique_name,4,True
luanperes,Luan Peres,347913.0,Luan Peres,canonical_identity_exact_unique_name,1,True
gerson,Gerson,341705.0,Gerson,fbref_accepted_exact_unique_name,3,True
konraddelafuente,Konrad de la Fuente,466809.0,Konrad de la Fuente,fbref_accepted_exact_unique_name,2,True
cengizunder,Cengiz Ünder,341647.0,Cengiz Ünder,fbref_accepted_exact_unique_name,9,True
jonathanpitou,Jonathan Pitou,800611.0,Jonathan Pitou,canonical_identity_exact_unique_name,1,True
bambadieng,Bamba Dieng,822458.0,Bamba Dieng,fbref_accepted_exact_unique_name,10,True
cedricbakambu,Cédric Bakambu,127048.0,Cédric Bakambu,fbref_accepted_exact_unique_name,1,True
radoslawmajecki,Radoslaw Majecki,346546.0,Radoslaw Majecki,fbref_accepted_enhanced_exact_unique_name,3,True
strahinjapavlovic,Strahinja Pavlović,574671.0,Strahinja Pavlović,fbref_accepted_exact_unique_name,2,True
jeanmarcelin,Jean Marcelin,475412.0,Jean Marcelin,canonical_identity_exact_unique_name,2,True
vanderson,Vanderson,789082.0,Vanderson,fbref_accepted_exact_unique_name,4,True
youssouffofana,Youssouf Fofana,569598.0,Youssouf Fofana,fbref_accepted_exact_unique_name,4,True
jeanlucas,Jean Lucas,578872.0,Jean Lucas,fbref_accepted_exact_unique_name,1,True
aleksandrgolovin,Aleksandr Golovin,263918.0,Aleksandr Golovin,fbref_accepted_exact_unique_name,14,True
anthonymusaba,Anthony Musaba,511401.0,Anthony Musaba,canonical_identity_exact_unique_name,1,True
wilsonisidor,Wilson Isidor,494237.0,Wilson Isidor,canonical_identity_exact_unique_name,1,True
pietropellegri,Pietro Pellegri,364133.0,Pietro Pellegri,fbref_accepted_exact_unique_name,15,True
doganalemdar,Doğan Alemdar,576033.0,Doğan Alemdar,fbref_accepted_exact_unique_name,1,True
romainsalin,Romain Salin,23974.0,Romain Salin,fbref_accepted_exact_unique_name,1,True
lorenzassignon,Lorenz Assignon,711969.0,Lorenz Assignon,fbref_accepted_exact_unique_name,4,True
flaviusdaniliuc,Flavius Daniliuc,322655.0,Flavius Daniliuc,fbref_accepted_exact_unique_name,2,True
robsonbambu,Robson Bambu,458715.0,Robson Bambu,fbref_accepted_exact_unique_name,1,True
pablorosario,Pablo Rosario,370791.0,Pablo Rosario,fbref_accepted_exact_unique_name,3,True
calvinstengs,Calvin Stengs,409344.0,Calvin Stengs,fbref_accepted_exact_unique_name,3,True
ismaeldoukoure,Ismaël Doukouré,786436.0,Ismaël Doukouré,fbref_accepted_exact_unique_name,5,True
maximelemarchand,Maxime Le Marchand,60558.0,Maxime Le Marchand,fbref_accepted_exact_unique_name,2,True
karolfila,Karol Fila,385817.0,Karol Fila,fbref_accepted_exact_unique_name,3,True
jeaneudesaholou,Jean-Eudes Aholou,178313.0,Jean-Eudes Aholou,fbref_accepted_exact_unique_name,1,True
sanjinprcic,Sanjin Prcic,125783.0,Sanjin Prcic,fbref_accepted_exact_unique_name,1,True
habibdiarra,Habib Diarra,876631.0,Habib Diarra,fbref_accepted_exact_unique_name,5,True
adrienthomasson,Adrien Thomasson,215977.0,Adrien Thomasson,fbref_accepted_exact_unique_name,3,True
moisesahidion,Moïse Sahi Dion,880330.0,Moïse Sahi Dion,canonical_identity_exact_unique_name,8,True
wuilkerfarinez,Wuilker Fariñez,373714.0,Wuilker Fariñez,fbref_accepted_exact_unique_name,2,True
jeanlouisleca,Jean-Louis Leca,27490.0,Jean-Louis Leca,fbref_accepted_exact_unique_name,2,True
christopherwooh,Christopher Wooh,572326.0,Christopher Wooh,fbref_accepted_exact_unique_name,7,True
stevenfortes,Steven Fortes,276895.0,Steven Fortes,fbref_accepted_exact_unique_name,2,True
massadiohaidara,Massadio Haïdara,170929.0,Massadio Haïdara,fbref_accepted_exact_unique_name,14,True
deivermachado,Deiver Machado,332560.0,Deiver Machado,fbref_accepted_exact_unique_name,9,True
ismaelboura,Ismaël Boura,770895.0,Ismaël Boura,fbref_accepted_exact_unique_name,2,True
patrickberg,Patrick Berg,308439.0,Patrick Berg,fbref_accepted_exact_unique_name,1,True
jonathanvarane,Jonathan Varane,812902.0,Jonathan Varane,canonical_identity_exact_unique_name,1,True
simonbanza,Simon Banza,344869.0,Simon Banza,fbref_accepted_exact_unique_name,1,True
wesleysaid,Wesley Saïd,182916.0,Wesley Saïd,fbref_accepted_exact_unique_name,12,True
edonzhegrova,Edon Zhegrova,496857.0,Edon Zhegrova,fbref_accepted_exact_unique_name,6,True
marcuscoco,Marcus Coco,353365.0,Marcus Coco,fbref_accepted_exact_unique_name,1,True
fabio,Fábio,61891.0,Fábio,fbref_accepted_exact_unique_name,3,True
gormanvelyan,Gor Manvelyan,773795.0,Gor Manvelyan,canonical_identity_exact_unique_name,1,True
renaudemond,Renaud Emond,168471.0,Renaud Emond,fbref_accepted_exact_unique_name,1,True
andreawgravillon,Andreaw Gravillon,395083.0,Andreaw Gravillon,canonical_identity_exact_unique_name,4,True
thomasfoket,Thomas Foket,215114.0,Thomas Foket,fbref_accepted_exact_unique_name,2,True
azormatusiwa,Azor Matusiwa,315145.0,Azor Matusiwa,fbref_accepted_exact_unique_name,5,True
marshallmunetsi,Marshall Munetsi,414908.0,Marshall Munetsi,fbref_accepted_exact_unique_name,4,True
moretocassama,Moreto Cassamá,290746.0,Moreto Cassamá,fbref_accepted_exact_unique_name,2,True
ndrikoffi,N'Dri Koffi,798927.0,N'Dri Koffi,canonical_identity_exact_unique_name,1,True
maximeesteve,Maxime Estève,842341.0,Maxime Estève,fbref_accepted_exact_unique_name,1,True
thibaulttamas,Thibault Tamas,569374.0,Thibault Tamas,canonical_identity_exact_unique_name,1,True
stephymavididi,Stephy Mavididi,340328.0,Stephy Mavididi,fbref_accepted_exact_unique_name,3,True
paulbernardoni,Paul Bernardoni,318507.0,Paul Bernardoni,fbref_accepted_exact_unique_name,2,True
jasonmbock,Jason Mbock,460660.0,Jason Mbock,fbref_accepted_exact_unique_name,1,True
sebastiencibois,Sébastien Cibois,395251.0,Sébastien Cibois,fbref_accepted_exact_unique_name,1,True
harisbelkebla,Haris Belkebla,138055.0,Haris Belkebla,fbref_accepted_exact_unique_name,3,True
youcefbelaili,Youcef Belaïli,175014.0,Youcef Belaïli,fbref_accepted_exact_unique_name,6,True
martinsatriano,Martín Satriano,640109.0,Martín Satriano,fbref_accepted_exact_unique_name,7,True
lorismouyokolo,Loris Mouyokolo,799936.0,Loris Mouyokolo,fbref_accepted_exact_unique_name,2,True
laurentabergel,Laurent Abergel,238626.0,Laurent Abergel,fbref_accepted_exact_unique_name,4,True
armandlauriente,Armand Laurienté,579930.0,Armand Laurienté,fbref_accepted_exact_unique_name,5,True
sinalydiomande,Sinaly Diomandé,702441.0,Sinaly Diomandé,fbref_accepted_exact_unique_name,4,True
henriquesilva,Henrique Silva,,,unresolved,3,False
leodubois,Léo Dubois,236400.0,Léo Dubois,fbref_accepted_exact_unique_name,2,True
maxencecaqueret,Maxence Caqueret,395237.0,Maxence Caqueret,fbref_accepted_exact_unique_name,2,True
rayancherki,Rayan Cherki,607223.0,Rayan Cherki,fbref_accepted_exact_unique_name,2,True
islamslimani,Islam Slimani,174915.0,Islam Slimani,fbref_accepted_exact_unique_name,1,True
yoannsalmier,Yoann Salmier,351843.0,Yoann Salmier,fbref_accepted_exact_unique_name,3,True
adilrami,Adil Rami,51118.0,Adil Rami,fbref_accepted_exact_unique_name,1,True
yasserlarouci,Yasser Larouci,554251.0,Yasser Larouci,fbref_accepted_exact_unique_name,2,True
youssoufkone,Youssouf Koné,274484.0,Youssouf Koné,fbref_accepted_exact_unique_name,2,True
oualidelhajjam,Oualid El Hajjam,283127.0,Oualid El Hajjam,fbref_accepted_exact_unique_name,2,True
floriantardieu,Florian Tardieu,212804.0,Florian Tardieu,fbref_accepted_exact_unique_name,1,True
metinho,Metinho,859396.0,Metinho,canonical_identity_exact_unique_name,1,True
karimazamoum,Karim Azamoum,275361.0,Karim Azamoum,fbref_accepted_exact_unique_name,1,True
filipkrastev,Filip Krastev,486814.0,Filip Krastev,canonical_identity_exact_unique_name,1,True
renaudripart,Renaud Ripart,234802.0,Renaud Ripart,fbref_accepted_exact_unique_name,1,True
hyunjunsuk,Hyun-jun Suk,129990.0,Hyun-jun Suk,canonical_identity_exact_unique_name,1,True
yoanntouzghar,Yoann Touzghar,68718.0,Yoann Touzghar,fbref_accepted_exact_unique_name,4,True
arthurdesmas,Arthur Desmas,379869.0,Arthur Desmas,fbref_accepted_exact_unique_name,4,True
cedrichountondji,Cédric Hountondji,198709.0,Cédric Hountondji,fbref_accepted_exact_unique_name,4,True
johangastien,Johan Gastien,72121.0,Johan Gastien,fbref_accepted_exact_unique_name,2,True
jimallevinah,Jim Allevinah,646733.0,Jim Allevinah,fbref_accepted_exact_unique_name,7,True
etiennegreen,Etienne Green,696849.0,Etienne Green,fbref_accepted_exact_unique_name,1,True
saidousow,Saïdou Sow,807128.0,Saïdou Sow,fbref_accepted_exact_unique_name,2,True
migueltrauco,Miguel Trauco,177690.0,Miguel Trauco,fbref_accepted_exact_unique_name,1,True
falayesacko,Falaye Sacko,364857.0,Falaye Sacko,fbref_accepted_exact_unique_name,1,True
alphasissoko,Alpha Sissoko,594992.0,Alpha Sissoko,canonical_identity_exact_unique_name,1,True
aimenmoueffek,Aïmen Moueffek,484992.0,Aïmen Moueffek,fbref_accepted_exact_unique_name,6,True
ryadboudebouz,Ryad Boudebouz,77826.0,Ryad Boudebouz,fbref_accepted_exact_unique_name,2,True
bakarysako,Bakary Sako,46791.0,Bakary Sako,fbref_accepted_exact_unique_name,1,True
arnaudnordin,Arnaud Nordin,324811.0,Arnaud Nordin,fbref_accepted_exact_unique_name,4,True
enzocrivelli,Enzo Crivelli,291110.0,Enzo Crivelli,fbref_accepted_exact_unique_name,4,True
ignacioramirez,Ignacio Ramírez,402079.0,Ignacio Ramírez,canonical_identity_exact_unique_name,3,True
kikikouyate,Kiki Kouyaté,211637.0,Kiki Kouyaté,canonical_identity_exact_unique_name,7,True
dylanbronn,Dylan Bronn,450417.0,Dylan Bronn,fbref_accepted_exact_unique_name,2,True
sikouniakate,Sikou Niakaté,413118.0,Sikou Niakaté,fbref_accepted_exact_unique_name,1,True
matthieuudol,Matthieu Udol,344886.0,Matthieu Udol,fbref_accepted_exact_unique_name,1,True
thomasdelaine,Thomas Delaine,170961.0,Thomas Delaine,fbref_accepted_exact_unique_name,13,True
fabiencentonze,Fabien Centonze,384859.0,Fabien Centonze,fbref_accepted_exact_unique_name,11,True
faridboulaya,Farid Boulaya,202318.0,Farid Boulaya,fbref_accepted_exact_unique_name,1,True
didierlamkelze,Didier Lamkel Zé,442320.0,Didier Lamkel Zé,fbref_accepted_exact_unique_name,1,True
laminegueye,Lamine Gueye,568701.0,Lamine Gueye,fbref_accepted_exact_unique_name,1,True
nicolasdepreville,Nicolas de Préville,122116.0,Nicolas de Préville,fbref_accepted_exact_unique_name,2,True
georgesmikautadze,Georges Mikautadze,729814.0,Georges Mikautadze,fbref_accepted_exact_unique_name,2,True
janjust,Jan Just,238144.0,Jan Just,canonical_identity_exact_unique_name,2,True
alexanderrossipal,Alexander Rossipal,296188.0,Alexander Rossipal,canonical_identity_exact_unique_name,3,True
niklaswilsonsommer,Niklas-Wilson Sommer,288073.0,Niklas-Wilson Sommer,canonical_identity_exact_unique_name,1,True
fridolinwagner,Fridolin Wagner,238175.0,Fridolin Wagner,canonical_identity_exact_unique_name,1,True
stefanorusso,Stefano Russo,,,unresolved,1,False
mohamedgouaida,Mohamed Gouaida,192294.0,Mohamed Gouaida,fbref_accepted_exact_unique_name,1,True
adrienlebeau,Adrien Lebeau,395674.0,Adrien Lebeau,fbref_accepted_exact_unique_name,3,True
rafaelgarcia,Rafael García,,,unresolved,2,False
barsekincier,Barış Ekincier,383223.0,Barış Ekincier,canonical_identity_exact_unique_name,1,True
justinbutler,Justin Butler,453861.0,Justin Butler,canonical_identity_exact_unique_name,2,True
gillianjurcher,Gillian Jurcher,231587.0,Gillian Jurcher,canonical_identity_exact_unique_name,2,True
fabianruiz,Fabián Ruiz,350219.0,Fabián Ruiz,canonical_identity_exact_unique_name,5,True
renatosanches,Renato Sanches,258027.0,Renato Sanches,fbref_accepted_exact_unique_name,9,True
samuelgigot,Samuel Gigot,276896.0,Samuel Gigot,fbref_accepted_exact_unique_name,7,True
nunotavares,Nuno Tavares,535955.0,Nuno Tavares,fbref_accepted_exact_unique_name,7,True
azzedineounahi,Azzedine Ounahi,593482.0,Azzedine Ounahi,fbref_accepted_exact_unique_name,2,True
malangsarr,Malang Sarr,344596.0,Malang Sarr,fbref_accepted_exact_unique_name,2,True
mohamedcamara,Mohamed Camara,,,unresolved,3,False
eliessebenseghir,Eliesse Ben Seghir,810895.0,Eliesse Ben Seghir,fbref_accepted_exact_unique_name,4,True
maghnesakliouche,Maghnes Akliouche,745200.0,Maghnes Akliouche,fbref_accepted_exact_unique_name,4,True
warmedomari,Warmed Omari,711996.0,Warmed Omari,fbref_accepted_exact_unique_name,2,True
joerodon,Joe Rodon,297212.0,Joe Rodon,fbref_accepted_exact_unique_name,1,True
xeka,Xeka,290256.0,Xeka,fbref_accepted_exact_unique_name,1,True
desiredoue,Désiré Doué,914562.0,Désiré Doué,fbref_accepted_exact_unique_name,7,True
youssoufndayishimiye,Youssouf Ndayishimiye,674612.0,Youssouf Ndayishimiye,fbref_accepted_exact_unique_name,7,True
mattiaviti,Mattia Viti,493702.0,Mattia Viti,fbref_accepted_exact_unique_name,7,True
antoinemendy,Antoine Mendy,891998.0,Antoine Mendy,fbref_accepted_exact_unique_name,5,True
alexisbekabeka,Alexis Beka Beka,539065.0,Alexis Beka Beka,fbref_accepted_exact_unique_name,2,True
teremmoffi,Terem Moffi,538874.0,Terem Moffi,fbref_accepted_exact_unique_name,3,True
dejanlovren,Dejan Lovren,37838.0,Dejan Lovren,fbref_accepted_exact_unique_name,2,True
nicolastagliafico,Nicolás Tagliafico,131225.0,Nicolás Tagliafico,fbref_accepted_exact_unique_name,7,True
mohamedelarouch,Mohamed El Arouch,743533.0,Mohamed El Arouch,canonical_identity_exact_unique_name,1,True
bradleybarcola,Bradley Barcola,708265.0,Bradley Barcola,fbref_accepted_exact_unique_name,4,True
yannickpandor,Yannick Pandor,804829.0,Yannick Pandor,canonical_identity_exact_unique_name,1,True
julienlecardinal,Julien Le Cardinal,794349.0,Julien Le Cardinal,fbref_accepted_exact_unique_name,3,True
salisabdulsamed,Salis Abdul Samed,688707.0,Salis Abdul Samed,fbref_accepted_exact_unique_name,3,True
mamadoucamara,Mamadou Camara,857148.0,Mamadou Camara,fbref_accepted_exact_unique_name,1,True
yayafofana,Yaya Fofana,1044893.0,Yaya Fofana,canonical_identity_exact_unique_name,3,True
daviddacosta,David Da Costa,,,unresolved,4,False
adambuksa,Adam Buksa,267160.0,Adam Buksa,fbref_accepted_exact_unique_name,2,True
ibrahimabalde,Ibrahima Baldé,,,unresolved,2,False
alexandreolliero,Alexandre Olliero,395602.0,Alexandre Olliero,canonical_identity_exact_unique_name,1,True
nicolaspenneteau,Nicolas Penneteau,5578.0,Nicolas Penneteau,canonical_identity_exact_unique_name,1,True
florentduparchy,Florent Duparchy,854861.0,Florent Duparchy,canonical_identity_exact_unique_name,2,True
thibaultdesmet,Thibault De Smet,340177.0,Thibault De Smet,fbref_accepted_exact_unique_name,3,True
maximebusi,Maxime Busi,570817.0,Maxime Busi,fbref_accepted_exact_unique_name,7,True
kamorydoumbia,Kamory Doumbia,671594.0,Kamory Doumbia,fbref_accepted_exact_unique_name,1,True
junyaito,Junya Ito,348791.0,Junya Ito,fbref_accepted_exact_unique_name,2,True
mitchellvanbergen,Mitchell van Bergen,393239.0,Mitchell van Bergen,fbref_accepted_exact_unique_name,2,True
folarinbalogun,Folarin Balogun,503770.0,Folarin Balogun,fbref_accepted_exact_unique_name,5,True
noahholm,Noah Holm,494177.0,Noah Holm,fbref_accepted_exact_unique_name,1,True
dimitrybertaud,Dimitry Bertaud,371816.0,Dimitry Bertaud,fbref_accepted_exact_unique_name,1,True
christopherjullien,Christopher Jullien,201737.0,Christopher Jullien,fbref_accepted_exact_unique_name,4,True
theosainteluce,Théo Sainte-Luce,537127.0,Théo Sainte-Luce,fbref_accepted_exact_unique_name,7,True
enzotchato,Enzo Tchato,842338.0,Enzo Tchato,fbref_accepted_exact_unique_name,2,True
khalilfayad,Khalil Fayad,782630.0,Khalil Fayad,fbref_accepted_exact_unique_name,5,True
leoleroy,Léo Leroy,650350.0,Léo Leroy,fbref_accepted_exact_unique_name,2,True
oliverzanden,Oliver Zandén,611195.0,Oliver Zandén,fbref_accepted_exact_unique_name,1,True
mikkeldesler,Mikkel Desler,221873.0,Mikkel Desler,fbref_accepted_exact_unique_name,4,True
vincentsierro,Vincent Sierro,280387.0,Vincent Sierro,fbref_accepted_exact_unique_name,2,True
denisgenreau,Denis Genreau,470618.0,Denis Genreau,fbref_accepted_exact_unique_name,3,True
naatanskytta,Naatan Skyttä,567309.0,Naatan Skyttä,fbref_accepted_exact_unique_name,1,True
rafaelratao,Rafael Ratão,289802.0,Rafael Ratão,fbref_accepted_exact_unique_name,2,True
zakariaaboukhlal,Zakaria Aboukhlal,393238.0,Zakaria Aboukhlal,fbref_accepted_exact_unique_name,4,True
rhyshealey,Rhys Healey,238185.0,Rhys Healey,fbref_accepted_exact_unique_name,1,True
remydescamps,Rémy Descamps,282028.0,Rémy Descamps,fbref_accepted_exact_unique_name,2,True
joaovictor,João Victor,671145.0,João Victor,fbref_accepted_exact_unique_name,1,True
quentinmerlin,Quentin Merlin,557613.0,Quentin Merlin,fbref_accepted_exact_unique_name,6,True
pedrochirivella,Pedro Chirivella,242273.0,Pedro Chirivella,fbref_accepted_exact_unique_name,3,True
moussasissoko,Moussa Sissoko,46001.0,Moussa Sissoko,fbref_accepted_exact_unique_name,1,True
abdoulkaderbamba,Abdoul Kader Bamba,560725.0,Abdoul Kader Bamba,fbref_accepted_exact_unique_name,2,True
eduardsobol,Eduard Sobol,206717.0,Eduard Sobol,fbref_accepted_exact_unique_name,1,True
ibrahimasissoko,Ibrahima Sissoko,372712.0,Ibrahima Sissoko,fbref_accepted_exact_unique_name,3,True
dimitrilienard,Dimitri Liénard,314940.0,Dimitri Liénard,fbref_accepted_exact_unique_name,1,True
yuitosuzuki,Yuito Suzuki,668606.0,Yuito Suzuki,fbref_accepted_exact_unique_name,1,True
yvonmvogo,Yvon Mvogo,147051.0,Yvon Mvogo,fbref_accepted_exact_unique_name,1,True
julianpollersbeck,Julian Pollersbeck,228975.0,Julian Pollersbeck,fbref_accepted_exact_unique_name,1,True
vitomannone,Vito Mannone,33781.0,Vito Mannone,fbref_accepted_exact_unique_name,1,True
julienlaporte,Julien Laporte,386057.0,Julien Laporte,fbref_accepted_exact_unique_name,2,True
bamomeite,Bamo Meïté,807165.0,Bamo Meïté,fbref_accepted_exact_unique_name,5,True
samuelloric,Samuel Loric,648886.0,Samuel Loric,fbref_accepted_exact_unique_name,1,True
gedeonkalulu,Gédéon Kalulu,395685.0,Gédéon Kalulu,fbref_accepted_exact_unique_name,2,True
jeanvictormakengo,Jean-Victor Makengo,322305.0,Jean-Victor Makengo,fbref_accepted_exact_unique_name,3,True
theolebris,Théo Le Bris,766412.0,Théo Le Bris,fbref_accepted_exact_unique_name,3,True
lukabogdan,Luka Bogdan,226058.0,Luka Bogdan,fbref_accepted_exact_unique_name,2,True
marcocapuano,Marco Capuano,164091.0,Marco Capuano,fbref_accepted_exact_unique_name,1,True
marinodefendi,Marino Defendi,38589.0,Marino Defendi,canonical_identity_exact_unique_name,1,True
mamadoucoulibaly,Mamadou Coulibaly,,,unresolved,4,False
davideagazzi,Davide Agazzi,197468.0,Davide Agazzi,canonical_identity_exact_unique_name,1,True
andreafavilli,Andrea Favilli,340151.0,Andrea Favilli,fbref_accepted_exact_unique_name,6,True
alfredodonnarumma,Alfredo Donnarumma,130485.0,Alfredo Donnarumma,fbref_accepted_exact_unique_name,3,True
samuelespalluto,Samuele Spalluto,499830.0,Samuele Spalluto,canonical_identity_exact_unique_name,1,True
benjaminleroy,Benjamin Leroy,124901.0,Benjamin Leroy,fbref_accepted_exact_unique_name,2,True
fernandmayembo,Fernand Mayembo,413245.0,Fernand Mayembo,fbref_accepted_exact_unique_name,1,True
ismaeldiallo,Ismaël Diallo,375881.0,Ismaël Diallo,fbref_accepted_exact_unique_name,2,True
victorlebas,Victor Lebas,726698.0,Victor Lebas,canonical_identity_exact_unique_name,1,True
mickaelalphonse,Mickaël Alphonse,172153.0,Mickaël Alphonse,fbref_accepted_exact_unique_name,1,True
vincentmarchetti,Vincent Marchetti,374040.0,Vincent Marchetti,fbref_accepted_exact_unique_name,3,True
thomasmangani,Thomas Mangani,18934.0,Thomas Mangani,fbref_accepted_exact_unique_name,1,True
mathieucoutadeur,Mathieu Coutadeur,39914.0,Mathieu Coutadeur,fbref_accepted_exact_unique_name,2,True
michaelbarreto,Michaël Barreto,149518.0,Michaël Barreto,canonical_identity_exact_unique_name,2,True
florianchabrolle,Florian Chabrolle,418662.0,Florian Chabrolle,fbref_accepted_exact_unique_name,1,True
kevinspadanuda,Kevin Spadanuda,371554.0,Kevin Spadanuda,fbref_accepted_exact_unique_name,1,True
yahiafofana,Yahia Fofana,418651.0,Yahia Fofana,fbref_accepted_exact_unique_name,2,True
faouzighoulam,Faouzi Ghoulam,126656.0,Faouzi Ghoulam,fbref_accepted_exact_unique_name,8,True
ilyeschetti,Ilyes Chetti,477834.0,Ilyes Chetti,canonical_identity_exact_unique_name,1,True
halidsabanovic,Halid Sabanovic,422986.0,Halid Sabanovic,fbref_accepted_exact_unique_name,2,True
antoninbobichon,Antonin Bobichon,344575.0,Antonin Bobichon,fbref_accepted_exact_unique_name,1,True
himadabdelli,Himad Abdelli,592979.0,Himad Abdelli,fbref_accepted_exact_unique_name,3,True
aminesalama,Amine Salama,980576.0,Amine Salama,fbref_accepted_exact_unique_name,3,True
loisdiony,Loïs Diony,126552.0,Loïs Diony,fbref_accepted_exact_unique_name,1,True
ionutradu,Ionuț Radu,303657.0,Ionuț Radu,fbref_accepted_exact_unique_name,3,True
theopellenard,Théo Pellenard,238716.0,Théo Pellenard,fbref_accepted_exact_unique_name,1,True
julianjeanvier,Julian Jeanvier,134277.0,Julian Jeanvier,fbref_accepted_exact_unique_name,2,True
gideonmensah,Gideon Mensah,397171.0,Gideon Mensah,fbref_accepted_exact_unique_name,4,True
kenjivanboto,Kenji-Van Boto,229012.0,Kenji-Van Boto,fbref_accepted_exact_unique_name,2,True
elishaowusu,Elisha Owusu,395695.0,Elisha Owusu,canonical_identity_exact_unique_name,4,True
hannoahmassengo,Han-Noah Massengo,536508.0,Han-Noah Massengo,fbref_accepted_exact_unique_name,1,True
mathiasautret,Mathias Autret,138171.0,Mathias Autret,fbref_accepted_exact_unique_name,2,True
gauthierhein,Gauthier Hein,344892.0,Gauthier Hein,fbref_accepted_exact_unique_name,1,True
nunodacosta,Nuno Da Costa,306166.0,Nuno da Costa,fbref_accepted_exact_unique_name,2,True
gaetancharbonnier,Gaëtan Charbonnier,93678.0,Gaëtan Charbonnier,fbref_accepted_exact_unique_name,3,True
milanskriniar,Milan Škriniar,204069.0,Milan Škriniar,fbref_accepted_exact_unique_name,6,True
warrenzaireemery,Warren Zaïre-Emery,810092.0,Warren Zaïre-Emery,fbref_accepted_exact_unique_name,2,True
soungoutoumagassa,Soungoutou Magassa,745181.0,Soungoutou Magassa,fbref_accepted_exact_unique_name,2,True
edandiop,Edan Diop,745178.0,Edan Diop,fbref_accepted_exact_unique_name,2,True
felixlemarechal,Félix Lemaréchal,659518.0,Félix Lemaréchal,fbref_accepted_exact_unique_name,2,True
malamineefekele,Malamine Efekele,774771.0,Malamine Efekele,canonical_identity_exact_unique_name,1,True
lilianbrassier,Lilian Brassier,485960.0,Lilian Brassier,fbref_accepted_exact_unique_name,3,True
achrafdari,Achraf Dari,566823.0,Achraf Dari,fbref_accepted_exact_unique_name,6,True
lucaschevalier,Lucas Chevalier,463600.0,Lucas Chevalier,fbref_accepted_exact_unique_name,1,True
bafodediakite,Bafodé Diakité,463605.0,Bafodé Diakité,fbref_accepted_exact_unique_name,2,True
tiagodjalo,Tiago Djaló,420465.0,Tiago Djaló,fbref_accepted_exact_unique_name,2,True
rafaelfernandes,Rafael Fernandes,744074.0,Rafael Fernandes,canonical_identity_exact_unique_name,1,True
ismaily,Ismaily,124028.0,Ismaily,fbref_accepted_exact_unique_name,3,True
angelgomes,Angel Gomes,392770.0,Angel Gomes,fbref_accepted_exact_unique_name,4,True
tiagomorais,Tiago Morais,815652.0,Tiago Morais,canonical_identity_exact_unique_name,1,True
valentinrosier,Valentin Rosier,441170.0,Valentin Rosier,fbref_accepted_exact_unique_name,2,True
redabelahyane,Reda Belahyane,982855.0,Reda Belahyane,fbref_accepted_exact_unique_name,2,True
jeremieboga,Jérémie Boga,216569.0,Jérémie Boga,fbref_accepted_exact_unique_name,12,True
badredinebouanani,Badredine Bouanani,707242.0,Badredine Bouanani,fbref_accepted_exact_unique_name,2,True
jhoannerchavez,Jhoanner Chávez,713787.0,Jhoanner Chávez,fbref_accepted_exact_unique_name,3,True
przemyslawfrankowski,Przemyslaw Frankowski,239743.0,Przemyslaw Frankowski,fbref_accepted_enhanced_exact_unique_name,1,True
fodesylla,Fodé Sylla,955359.0,Fodé Sylla,canonical_identity_exact_unique_name,1,True
neilelaynaoui,Neil El Aynaoui,901019.0,Neil El Aynaoui,fbref_accepted_exact_unique_name,4,True
adamabeddou,Adam Abeddou,963835.0,Adam Abeddou,canonical_identity_exact_unique_name,1,True
oscarcortes,Óscar Cortés,975689.0,Óscar Cortés,fbref_accepted_exact_unique_name,2,True
chancelmbemba,Chancel Mbemba,203348.0,Chancel Mbemba,fbref_accepted_exact_unique_name,1,True
emransoglo,Emran Soglo,913495.0,Emran Soglo,fbref_accepted_exact_unique_name,1,True
amirmurillo,Amir Murillo,354482.0,Amir Murillo,canonical_identity_exact_unique_name,5,True
jeanonana,Jean Onana,656441.0,Jean Onana,fbref_accepted_exact_unique_name,2,True
jordanveretout,Jordan Veretout,164771.0,Jordan Veretout,fbref_accepted_exact_unique_name,6,True
bilalnadir,Bilal Nadir,659520.0,Bilal Nadir,fbref_accepted_exact_unique_name,1,True
francoismughe,François Mughe,1027216.0,François Mughe,fbref_accepted_exact_unique_name,1,True
joaquincorrea,Joaquín Correa,227081.0,Joaquín Correa,fbref_accepted_exact_unique_name,13,True
vitinha,Vitinha,,,unresolved,5,False
remyriou,Rémy Riou,18940.0,Rémy Riou,fbref_accepted_exact_unique_name,1,True
clintonmata,Clinton Mata,187718.0,Clinton Mata,fbref_accepted_exact_unique_name,1,True
johannlepenant,Johann Lepenant,585973.0,Johann Lepenant,fbref_accepted_exact_unique_name,2,True
jeffinho,Jeffinho,884072.0,Jeffinho,fbref_accepted_exact_unique_name,2,True
josephokumu,Joseph Okumu,453376.0,Joseph Okumu,fbref_accepted_exact_unique_name,6,True
falloufall,Fallou Fall,1038821.0,Fallou Fall,fbref_accepted_exact_unique_name,1,True
teddyteuma,Teddy Teuma,409153.0,Teddy Teuma,fbref_accepted_exact_unique_name,4,True
valentinatangana,Valentin Atangana,923759.0,Valentin Atangana,canonical_identity_exact_unique_name,2,True
mohameddaramy,Mohamed Daramy,574385.0,Mohamed Daramy,canonical_identity_exact_unique_name,2,True
keitonakamura,Keito Nakamura,405397.0,Keito Nakamura,fbref_accepted_exact_unique_name,2,True
ibrahimcissoko,Ibrahim Cissoko,575693.0,Ibrahim Cissoko,fbref_accepted_exact_unique_name,2,True
shavybabicka,Shavy Babicka,916920.0,Shavy Babicka,fbref_accepted_exact_unique_name,2,True
abakarsylla,Abakar Sylla,962555.0,Abakar Sylla,fbref_accepted_exact_unique_name,3,True
maximebastian,Maxime Bastian,847487.0,Maxime Bastian,canonical_identity_exact_unique_name,1,True
jessydeminguet,Jessy Deminguet,539232.0,Jessy Deminguet,fbref_accepted_exact_unique_name,1,True
jeremysebas,Jérémy Sebas,999229.0,Jérémy Sebas,fbref_accepted_exact_unique_name,2,True
angelo,Ângelo,743598.0,Ângelo,fbref_accepted_exact_unique_name,1,True
emmanuelemegha,Emmanuel Emegha,559328.0,Emmanuel Emegha,canonical_identity_exact_unique_name,2,True
albanlafont,Alban Lafont,357117.0,Alban Lafont,fbref_accepted_exact_unique_name,2,True
nathanzeze,Nathan Zézé,923832.0,Nathan Zézé,fbref_accepted_exact_unique_name,3,True
jeankevinduverne,Jean-Kévin Duverne,344864.0,Jean-Kévin Duverne,fbref_accepted_exact_unique_name,2,True
bastienmeupiyou,Bastien Meupiyou,955253.0,Bastien Meupiyou,canonical_identity_exact_unique_name,1,True
enzomongo,Enzo Mongo,1119455.0,Enzo Mongo,canonical_identity_exact_unique_name,1,True
ronaelpierregabriel,Ronaël Pierre-Gabriel,410185.0,Ronaël Pierre-Gabriel,fbref_accepted_exact_unique_name,1,True
kelvinamian,Kelvin Amian,344072.0,Kelvin Amian,fbref_accepted_exact_unique_name,2,True
douglasaugusto,Douglas Augusto,393621.0,Douglas Augusto,canonical_identity_exact_unique_name,3,True
mathieugorgelin,Mathieu Gorgelin,60543.0,Mathieu Gorgelin,fbref_accepted_exact_unique_name,2,True
arounasangante,Arouna Sangante,768380.0,Arouna Sangante,fbref_accepted_exact_unique_name,5,True
etienneyoutekinkoue,Étienne Youté Kinkoué,639712.0,Étienne Youté Kinkoué,fbref_accepted_exact_unique_name,2,True
gautierlloris,Gautier Lloris,249636.0,Gautier Lloris,fbref_accepted_exact_unique_name,2,True
yonigomis,Yoni Gomis,988272.0,Yoni Gomis,canonical_identity_exact_unique_name,2,True
christopheroperi,Christopher Operi,469976.0,Christopher Operi,fbref_accepted_exact_unique_name,4,True
oussamatarghalline,Oussama Targhalline,667965.0,Oussama Targhalline,fbref_accepted_exact_unique_name,6,True
aloisconfais,Aloïs Confais,292820.0,Aloïs Confais,fbref_accepted_exact_unique_name,1,True
nabilalioui,Nabil Alioui,344607.0,Nabil Alioui,fbref_accepted_exact_unique_name,3,True
antoinejoujou,Antoine Joujou,1028162.0,Antoine Joujou,fbref_accepted_exact_unique_name,1,True
josuecasimir,Josué Casimir,763182.0,Josué Casimir,fbref_accepted_exact_unique_name,5,True
elyseelogbo,Elysée Logbo,770407.0,Elysée Logbo,fbref_accepted_exact_unique_name,2,True
beciromeragic,Becir Omeragic,507344.0,Becir Omeragic,fbref_accepted_exact_unique_name,5,True
lucasmincarelli,Lucas Mincarelli,982393.0,Lucas Mincarelli,fbref_accepted_exact_unique_name,3,True
yannkaramoh,Yann Karamoh,324804.0,Yann Karamoh,fbref_accepted_exact_unique_name,8,True
mousatamari,Mousa Tamari,551505.0,Mousa Tamari,canonical_identity_exact_unique_name,5,True
axelgueguin,Axel Guéguin,981977.0,Axel Guéguin,fbref_accepted_exact_unique_name,2,True
koffikouao,Koffi Kouao,481513.0,Koffi Kouao,fbref_accepted_exact_unique_name,1,True
maximecolin,Maxime Colin,156618.0,Maxime Colin,fbref_accepted_exact_unique_name,1,True
abliejallow,Ablie Jallow,366045.0,Ablie Jallow,fbref_accepted_exact_unique_name,2,True
malickmbaye,Malick Mbaye,707063.0,Malick Mbaye,fbref_accepted_exact_unique_name,1,True
oscarestupinan,Óscar Estupiñán,388266.0,Óscar Estupiñán,fbref_accepted_exact_unique_name,1,True
montassartalbi,Montassar Talbi,496706.0,Montassar Talbi,fbref_accepted_exact_unique_name,1,True
formosemendy,Formose Mendy,649023.0,Formose Mendy,fbref_accepted_exact_unique_name,3,True
tiemouebakayoko,Tiemoué Bakayoko,182618.0,Tiemoué Bakayoko,fbref_accepted_exact_unique_name,3,True
aymankari,Ayman Kari,810093.0,Ayman Kari,fbref_accepted_exact_unique_name,2,True
joelmvuka,Joel Mvuka,700078.0,Joel Mvuka,fbref_accepted_exact_unique_name,2,True
aiyeguntosin,Aiyegun Tosin,239647.0,Aiyegun Tosin,canonical_identity_exact_unique_name,1,True
bassiroundiaye,Bassirou N'Diaye,938009.0,Bassirou N'Diaye,fbref_accepted_exact_unique_name,1,True
netoborges,Neto Borges,557939.0,Neto Borges,fbref_accepted_exact_unique_name,1,True
yoelarmougom,Yoël Armougom,548716.0,Yoël Armougom,fbref_accepted_exact_unique_name,1,True
stanberkani,Stan Berkani,1051756.0,Stan Berkani,canonical_identity_exact_unique_name,1,True
adammabrouk,Adam Mabrouk,828890.0,Adam Mabrouk,canonical_identity_exact_unique_name,1,True
mohamedjaouab,Mohamed Jaouab,844299.0,Mohamed Jaouab,canonical_identity_exact_unique_name,2,True
mahamadounagida,Mahamadou Nagida,1176345.0,Mahamadou Nagida,fbref_accepted_exact_unique_name,1,True
benjaminbourigeaud,Benjamin Bourigeaud,266359.0,Benjamin Bourigeaud,fbref_accepted_exact_unique_name,1,True
enzolefee,Enzo Le Fée,633992.0,Enzo Le Fée,fbref_accepted_exact_unique_name,4,True
fabianrieder,Fabian Rieder,507341.0,Fabian Rieder,fbref_accepted_exact_unique_name,1,True
matveysafonov,Matvey Safonov,318470.0,Matvey Safonov,canonical_identity_exact_unique_name,1,True
yoramzague,Yoram Zague,1047097.0,Yoram Zague,fbref_accepted_exact_unique_name,1,True
gabrielmoscardo,Gabriel Moscardo,1086636.0,Gabriel Moscardo,canonical_identity_exact_unique_name,4,True
sennymayulu,Senny Mayulu,903693.0,Senny Mayulu,fbref_accepted_exact_unique_name,1,True
khvichakvaratskhelia,Khvicha Kvaratskhelia,502670.0,Khvicha Kvaratskhelia,fbref_accepted_exact_unique_name,9,True
goncaloramos,Gonçalo Ramos,550550.0,Gonçalo Ramos,fbref_accepted_exact_unique_name,1,True
derekcornelius,Derek Cornelius,328609.0,Derek Cornelius,canonical_identity_exact_unique_name,1,True
amardedic,Amar Dedić,519184.0,Amar Dedić,canonical_identity_exact_unique_name,2,True
pollirola,Pol Lirola,298975.0,Pol Lirola,fbref_accepted_exact_unique_name,1,True
ismaelbennacer,Ismaël Bennacer,351816.0,Ismaël Bennacer,fbref_accepted_exact_unique_name,13,True
ismaelkone,Ismaël Koné,921655.0,Ismaël Koné,canonical_identity_exact_unique_name,4,True
valentincarboni,Valentín Carboni,787618.0,Valentín Carboni,fbref_accepted_exact_unique_name,2,True
salimbenseghir,Salim Ben Seghir,708681.0,Salim Ben Seghir,fbref_accepted_exact_unique_name,1,True
farismoumbagna,Faris Moumbagna,599663.0,Faris Moumbagna,canonical_identity_exact_unique_name,1,True
christianmawissa,Christian Mawissa,1005240.0,Christian Mawissa,fbref_accepted_exact_unique_name,1,True
kassoumouattara,Kassoum Ouattara,947360.0,Kassoum Ouattara,fbref_accepted_exact_unique_name,1,True
wilfriedsingo,Wilfried Singo,648779.0,Wilfried Singo,fbref_accepted_exact_unique_name,6,True
jordanteze,Jordan Teze,364245.0,Jordan Teze,canonical_identity_exact_unique_name,1,True
moatasemalmusrati,Moatasem Al-Musrati,377641.0,Moatasem Al-Musrati,canonical_identity_exact_unique_name,3,True
laminecamara,Lamine Camara,918969.0,Lamine Camara,fbref_accepted_exact_unique_name,3,True
georgeilenikhena,George Ilenikhena,1004834.0,George Ilenikhena,canonical_identity_exact_unique_name,1,True
tiagosantos,Tiago Santos,816580.0,Tiago Santos,fbref_accepted_exact_unique_name,1,True
ngalayelmukau,Ngal'ayel Mukau,1016015.0,Ngal'ayel Mukau,canonical_identity_exact_unique_name,1,True
ugoraghouber,Ugo Raghouber,707230.0,Ugo Raghouber,canonical_identity_exact_unique_name,1,True
ethanmbappe,Ethan Mbappé,903666.0,Ethan Mbappé,fbref_accepted_exact_unique_name,6,True
hakonarnarharaldsson,Hákon Arnar Haraldsson,652275.0,Hákon Arnar Haraldsson,fbref_accepted_exact_unique_name,1,True
remycabella,Rémy Cabella,113707.0,Rémy Cabella,fbref_accepted_exact_unique_name,1,True
matiasfernandezpardo,Matías Fernández-Pardo,724129.0,Matias Fernandez-Pardo,canonical_identity_exact_unique_name,1,True
osamesahraoui,Osame Sahraoui,580657.0,Osame Sahraoui,canonical_identity_exact_unique_name,2,True
adryelson,Adryelson,373433.0,Adryelson,canonical_identity_exact_unique_name,2,True
mahamadoudiawara,Mahamadou Diawara,1053147.0,Mahamadou Diawara,fbref_accepted_exact_unique_name,2,True
malickfofana,Malick Fofana,743386.0,Malick Fofana,fbref_accepted_exact_unique_name,3,True
ernestnuamah,Ernest Nuamah,955070.0,Ernest Nuamah,fbref_accepted_exact_unique_name,2,True
moisebombito,Moïse Bombito,1089202.0,Moïse Bombito,canonical_identity_exact_unique_name,2,True
mohamedabdelmonem,Mohamed Abdelmonem,566025.0,Mohamed Abdelmonem,canonical_identity_exact_unique_name,1,True
aliabdi,Ali Abdi,211474.0,Ali Abdi,canonical_identity_exact_unique_name,1,True
billalbrahimi,Billal Brahimi,543051.0,Billal Brahimi,canonical_identity_exact_unique_name,1,True
gaetanlaborde,Gaëtan Laborde,181378.0,Gaëtan Laborde,fbref_accepted_exact_unique_name,1,True
bricesamba,Brice Samba,191056.0,Brice Samba,fbref_accepted_exact_unique_name,2,True
hervekoffi,Hervé Koffi,415383.0,Hervé Koffi,fbref_accepted_exact_unique_name,2,True
hamzatojediran,Hamzat Ojediran,718312.0,Hamzat Ojediran,canonical_identity_exact_unique_name,1,True
jeremyagbonifo,Jeremy Agbonifo,1057820.0,Jeremy Agbonifo,canonical_identity_exact_unique_name,1,True
mbalanzola,M'Bala Nzola,354814.0,M'Bala Nzola,fbref_accepted_exact_unique_name,7,True
remylabeaulascary,Rémy Labeau Lascary,917778.0,Rémy Labeau Lascary,fbref_accepted_exact_unique_name,1,True
jeremyjacquet,Jérémy Jacquet,1004301.0,Jérémy Jacquet,fbref_accepted_exact_unique_name,3,True
aliduseidu,Alidu Seidu,798404.0,Alidu Seidu,fbref_accepted_exact_unique_name,1,True
abdelhamidaitboudlal,Abdelhamid Ait Boudlal,1134251.0,Abdelhamid Ait Boudlal,canonical_identity_exact_unique_name,1,True
ludovicblas,Ludovic Blas,288225.0,Ludovic Blas,fbref_accepted_exact_unique_name,1,True
andresgomez,Andrés Gómez,,,unresolved,2,False
abdoulkone,Abdoul Koné,1130445.0,Abdoul Koné,fbref_accepted_exact_unique_name,2,True
kobihenry,Kobi Henry,746830.0,Kobi Henry,canonical_identity_exact_unique_name,1,True
nhoasangui,Nhoa Sangui,955281.0,Nhoa Sangui,canonical_identity_exact_unique_name,2,True
amadoukone,Amadou Koné,1178474.0,Amadou Koné,fbref_accepted_exact_unique_name,1,True
martinadeline,Martin Adeline,814976.0,Martin Adeline,fbref_accepted_exact_unique_name,1,True
redakhadra,Reda Khadra,405686.0,Reda Khadra,fbref_accepted_exact_unique_name,1,True
mamadoudiakhon,Mamadou Diakhon,1054839.0,Mamadou Diakhon,fbref_accepted_exact_unique_name,2,True
alaabellaarouch,Alaa Bellaarouch,667991.0,Alaa Bellaarouch,fbref_accepted_exact_unique_name,1,True
calebwiley,Caleb Wiley,746833.0,Caleb Wiley,canonical_identity_exact_unique_name,2,True
gueladoue,Guéla Doué,711980.0,Guéla Doué,fbref_accepted_exact_unique_name,1,True
diegomoreira,Diego Moreira,655006.0,Diego Moreira,fbref_accepted_exact_unique_name,1,True
dilanebakwa,Dilane Bakwa,540664.0,Dilane Bakwa,fbref_accepted_exact_unique_name,1,True
abdoulouattara,Abdoul Ouattara,991487.0,Abdoul Ouattara,canonical_identity_exact_unique_name,2,True
miloslukovic,Milos Lukovic,845872.0,Milos Lukovic,canonical_identity_exact_unique_name,1,True
sekoumara,Sékou Mara,557612.0,Sékou Mara,fbref_accepted_exact_unique_name,1,True
marcobizot,Marco Bizot,124884.0,Marco Bizot,fbref_accepted_exact_unique_name,1,True
brendanchardonnet,Brendan Chardonnet,250779.0,Brendan Chardonnet,fbref_accepted_exact_unique_name,1,True
bradleylocko,Bradley Locko,805908.0,Bradley Locko,fbref_accepted_exact_unique_name,1,True
justinbourgault,Justin Bourgault,1030153.0,Justin Bourgault,canonical_identity_exact_unique_name,3,True
ibrahimsalah,Ibrahim Salah,928323.0,Ibrahim Salah,fbref_accepted_exact_unique_name,1,True
herbaguirassy,Herba Guirassy,1119453.0,Herba Guirassy,canonical_identity_exact_unique_name,1,True
adelmahamoud,Adel Mahamoud,952436.0,Adel Mahamoud,canonical_identity_exact_unique_name,1,True
sorbathomas,Sorba Thomas,475416.0,Sorba Thomas,canonical_identity_exact_unique_name,1,True
mostafamohamed,Mostafa Mohamed,462348.0,Mostafa Mohamed,fbref_accepted_exact_unique_name,2,True
guillaumerestes,Guillaume Restes,912902.0,Guillaume Restes,fbref_accepted_exact_unique_name,2,True
markmckenzie,Mark McKenzie,,,unresolved,1,False
rasmusnicolaisen,Rasmus Nicolaisen,283227.0,Rasmus Nicolaisen,fbref_accepted_exact_unique_name,1,True
gabrielsuazo,Gabriel Suazo,385105.0,Gabriel Suazo,fbref_accepted_exact_unique_name,2,True
nikolamaksimovic,Nikola Maksimović,124715.0,Nikola Maksimović,fbref_accepted_exact_unique_name,5,True
stefandzodic,Stefan Dzodic,854097.0,Stefan Dzodic,canonical_identity_exact_unique_name,1,True
nicolaspays,Nicolas Pays,1093482.0,Nicolas Pays,canonical_identity_exact_unique_name,1,True
othmanemaamma,Othmane Maamma,1081219.0,Othmane Maamma,fbref_accepted_exact_unique_name,3,True
yanisissoufou,Yanis Issoufou,1047104.0,Yanis Issoufou,canonical_identity_exact_unique_name,2,True
donovanleon,Donovan Léon,170911.0,Donovan Léon,fbref_accepted_exact_unique_name,1,True
theodepercin,Théo De Percin,695422.0,Théo De Percin,canonical_identity_exact_unique_name,1,True
clementakpa,Clément Akpa,806793.0,Clément Akpa,canonical_identity_exact_unique_name,1,True
jubal,Jubal,149928.0,Jubal,fbref_accepted_exact_unique_name,3,True
saadagouzoul,Saad Agouzoul,556865.0,Saad Agouzoul,canonical_identity_exact_unique_name,1,True
fredrikoppegard,Fredrik Oppegård,539665.0,Fredrik Oppegård,canonical_identity_exact_unique_name,3,True
pauljoly,Paul Joly,806168.0,Paul Joly,fbref_accepted_exact_unique_name,1,True
angeloicngatta,Ange Loïc N'Gatta,855215.0,Ange Loïc N'Gatta,canonical_identity_exact_unique_name,2,True
nathanbuayikiala,Nathan Buayi-Kiala,743523.0,Nathan Buayi-Kiala,canonical_identity_exact_unique_name,1,True
kevindanois,Kévin Danois,743496.0,Kévin Danois,canonical_identity_exact_unique_name,3,True
lassocoulibaly,Lasso Coulibaly,658534.0,Lasso Coulibaly,canonical_identity_exact_unique_name,1,True
florianaye,Florian Ayé,372713.0,Florian Ayé,fbref_accepted_exact_unique_name,1,True
emmanuelbiumla,Emmanuel Biumla,1071956.0,Emmanuel Biumla,canonical_identity_exact_unique_name,3,True
jacquesekomie,Jacques Ekomié,970279.0,Jacques Ekomié,canonical_identity_exact_unique_name,1,True
carlensarcus,Carlens Arcus,371686.0,Carlens Arcus,canonical_identity_exact_unique_name,1,True
josephlopy,Joseph Lopy,204585.0,Joseph Lopy,canonical_identity_exact_unique_name,2,True
justinkalumba,Justin Kalumba,1101641.0,Justin Kalumba,canonical_identity_exact_unique_name,1,True
estebanlepaul,Estéban Lepaul,461607.0,Estéban Lepaul,canonical_identity_exact_unique_name,1,True
sidikicherif,Sidiki Chérif,986288.0,Sidiki Chérif,canonical_identity_exact_unique_name,2,True
yaniszouaoui,Yanis Zouaoui,691841.0,Yanis Zouaoui,canonical_identity_exact_unique_name,2,True
yassinekechta,Yassine Kechta,667967.0,Yassine Kechta,fbref_accepted_exact_unique_name,1,True
dalerkuzyaev,Daler Kuzyaev,279570.0,Daler Kuzyaev,fbref_accepted_exact_unique_name,2,True
issasoumare,Issa Soumaré,568698.0,Issa Soumaré,fbref_accepted_exact_unique_name,2,True
kandetdiawara,Kandet Diawara,575319.0,Kandet Diawara,canonical_identity_exact_unique_name,1,True
emmanuelsabbi,Emmanuel Sabbi,381187.0,Emmanuel Sabbi,fbref_accepted_exact_unique_name,2,True
samuelgrandsir,Samuel Grandsir,432772.0,Samuel Grandsir,fbref_accepted_exact_unique_name,1,True
stevengoura,Steve Ngoura,923838.0,Steve Ngoura,fbref_accepted_exact_unique_name,2,True
ahmedhassan,Ahmed Hassan,,,unresolved,1,False
yannkitala,Yann Kitala,395677.0,Yann Kitala,canonical_identity_exact_unique_name,1,True
mickaelnade,Mickaël Nadé,494586.0,Mickaël Nadé,fbref_accepted_exact_unique_name,1,True
dylanbatubinsika,Dylan Batubinsika,289432.0,Dylan Batubinsika,canonical_identity_exact_unique_name,1,True
leopetrot,Léo Pétrot,412829.0,Léo Pétrot,fbref_accepted_exact_unique_name,1,True
pierrecornud,Pierre Cornud,536156.0,Pierre Cornud,canonical_identity_exact_unique_name,3,True
pierreekwah,Pierre Ekwah,538994.0,Pierre Ekwah,canonical_identity_exact_unique_name,1,True
benjaminbouchouari,Benjamin Bouchouari,783094.0,Benjamin Bouchouari,canonical_identity_exact_unique_name,2,True
igormiladinovic,Igor Miladinovic,729872.0,Igor Miladinovic,canonical_identity_exact_unique_name,1,True
zurikodavitashvili,Zuriko Davitashvili,427572.0,Zuriko Davitashvili,canonical_identity_exact_unique_name,1,True
benold,Ben Old,617021.0,Ben Old,canonical_identity_exact_unique_name,2,True
augustineboakye,Augustine Boakye,579263.0,Augustine Boakye,canonical_identity_exact_unique_name,3,True
lucasstassin,Lucas Stassin,655012.0,Lucas Stassin,canonical_identity_exact_unique_name,1,True
ibrahimawadji,Ibrahima Wadji,364232.0,Ibrahima Wadji,canonical_identity_exact_unique_name,3,True
danielepadelli,Daniele Padelli,27807.0,Daniele Padelli,fbref_accepted_exact_unique_name,2,True
alessandrobastoni,Alessandro Bastoni,315853.0,Alessandro Bastoni,fbref_accepted_exact_unique_name,11,True
stefandevrij,Stefan de Vrij,111196.0,Stefan de Vrij,fbref_accepted_exact_unique_name,9,True
danilodambrosio,Danilo D'Ambrosio,55769.0,Danilo D'Ambrosio,fbref_accepted_exact_unique_name,12,True
andrearanocchia,Andrea Ranocchia,44327.0,Andrea Ranocchia,fbref_accepted_exact_unique_name,3,True
aleksandarkolarov,Aleksandar Kolarov,46156.0,Aleksandar Kolarov,fbref_accepted_exact_unique_name,6,True
marcelobrozovic,Marcelo Brozović,156617.0,Marcelo Brozović,fbref_accepted_exact_unique_name,4,True
nicolobarella,Nicolò Barella,255942.0,Nicolò Barella,fbref_accepted_exact_unique_name,7,True
robertogagliardini,Roberto Gagliardini,197471.0,Roberto Gagliardini,fbref_accepted_exact_unique_name,6,True
stefanosensi,Stefano Sensi,216179.0,Stefano Sensi,fbref_accepted_exact_unique_name,16,True
radjanainggolan,Radja Nainggolan,41982.0,Radja Nainggolan,fbref_accepted_exact_unique_name,6,True
arturovidal,Arturo Vidal,37666.0,Arturo Vidal,fbref_accepted_exact_unique_name,8,True
gaetanooristanio,Gaetano Oristanio,613393.0,Gaetano Oristanio,fbref_accepted_exact_unique_name,5,True
andreapinamonti,Andrea Pinamonti,315865.0,Andrea Pinamonti,fbref_accepted_exact_unique_name,6,True
alexissanchez,Alexis Sánchez,40433.0,Alexis Sánchez,fbref_accepted_exact_unique_name,11,True
alessioromagnoli,Alessio Romagnoli,197747.0,Alessio Romagnoli,fbref_accepted_exact_unique_name,13,True
simonkjaer,Simon Kjaer,48859.0,Simon Kjær,fbref_accepted_enhanced_exact_unique_name,8,True
matteogabbia,Matteo Gabbia,323167.0,Matteo Gabbia,fbref_accepted_exact_unique_name,7,True
pierrekalulu,Pierre Kalulu,585949.0,Pierre Kalulu,fbref_accepted_exact_unique_name,3,True
leoduarte,Léo Duarte,312678.0,Léo Duarte,fbref_accepted_exact_unique_name,1,True
theohernandez,Theo Hernández,339808.0,Theo Hernández,fbref_accepted_exact_unique_name,11,True
andreaconti,Andrea Conti,111227.0,Andrea Conti,fbref_accepted_exact_unique_name,8,True
hakancalhanoglu,Hakan Çalhanoğlu,126414.0,Hakan Çalhanoğlu,fbref_accepted_exact_unique_name,15,True
sandrotonali,Sandro Tonali,397033.0,Sandro Tonali,fbref_accepted_exact_unique_name,8,True
radekrunic,Rade Krunic,259953.0,Rade Krunic,fbref_accepted_exact_unique_name,5,True
alexissaelemaekers,Alexis Saelemaekers,381950.0,Alexis Saelemaekers,fbref_accepted_exact_unique_name,9,True
anterebic,Ante Rebić,187587.0,Ante Rebić,fbref_accepted_exact_unique_name,12,True
rafaelleao,Rafael Leão,357164.0,Rafael Leão,fbref_accepted_exact_unique_name,6,True
emilroback,Emil Roback,673495.0,Emil Roback,canonical_identity_exact_unique_name,1,True
samucastillejo,Samu Castillejo,195171.0,Samu Castillejo,fbref_accepted_exact_unique_name,8,True
zlatanibrahimovic,Zlatan Ibrahimović,3455.0,Zlatan Ibrahimović,fbref_accepted_exact_unique_name,13,True
mariomandzukic,Mario Mandžukić,34572.0,Mario Mandzukic,fbref_accepted_exact_unique_name,3,True
pierluigigollini,Pierluigi Gollini,244192.0,Pierluigi Gollini,fbref_accepted_exact_unique_name,11,True
marcocarnesecchi,Marco Carnesecchi,459763.0,Marco Carnesecchi,fbref_accepted_exact_unique_name,2,True
marcosportiello,Marco Sportiello,199976.0,Marco Sportiello,fbref_accepted_exact_unique_name,5,True
beratdjimsiti,Berat Djimsiti,165513.0,Berat Djimsiti,fbref_accepted_exact_unique_name,12,True
mattiacaldara,Mattia Caldara,197470.0,Mattia Caldara,fbref_accepted_exact_unique_name,4,True
boskosutalo,Bosko Sutalo,431698.0,Bosko Sutalo,fbref_accepted_exact_unique_name,7,True
hanshateboer,Hans Hateboer,275303.0,Hans Hateboer,fbref_accepted_exact_unique_name,6,True
fabiodepaoli,Fabio Depaoli,324282.0,Fabio Depaoli,fbref_accepted_exact_unique_name,8,True
mariopasalic,Mario Pasalić,205938.0,Mario Pašalić,fbref_accepted_exact_unique_name,4,True
matteopessina,Matteo Pessina,332179.0,Matteo Pessina,fbref_accepted_exact_unique_name,5,True
jacopodariva,Jacopo Da Riva,430503.0,Jacopo Da Riva,canonical_identity_exact_unique_name,2,True
raoulbellanova,Raoul Bellanova,357992.0,Raoul Bellanova,fbref_accepted_exact_unique_name,2,True
ruslanmalinovskyi,Ruslan Malinovskyi,207877.0,Ruslan Malinovskyi,fbref_accepted_exact_unique_name,11,True
alekseymiranchuk,Aleksey Miranchuk,255450.0,Aleksey Miranchuk,canonical_identity_exact_unique_name,7,True
josipilicic,Josip Ilicic,80351.0,Josip Ilicic,fbref_accepted_exact_unique_name,3,True
viktorkovalenko,Viktor Kovalenko,203842.0,Viktor Kovalenko,fbref_accepted_exact_unique_name,10,True
duvanzapata,Duván Zapata,73794.0,Duván Zapata,fbref_accepted_exact_unique_name,13,True
luismuriel,Luis Muriel,119228.0,Luis Muriel,fbref_accepted_exact_unique_name,2,True
samlammers,Sam Lammers,386914.0,Sam Lammers,fbref_accepted_exact_unique_name,4,True
gianluigibuffon,Gianluigi Buffon,5023.0,Gianluigi Buffon,fbref_accepted_exact_unique_name,2,True
francoisrael,Franco Israel,492319.0,Franco Israel,canonical_identity_exact_unique_name,1,True
merihdemiral,Merih Demiral,340879.0,Merih Demiral,fbref_accepted_exact_unique_name,11,True
giorgiochiellini,Giorgio Chiellini,29260.0,Giorgio Chiellini,fbref_accepted_exact_unique_name,11,True
konidewinter,Koni De Winter,490384.0,Koni De Winter,fbref_accepted_exact_unique_name,9,True
alessandropioriccio,Alessandro Pio Riccio,487835.0,Alessandro Pio Riccio,canonical_identity_exact_unique_name,3,True
riccardocapellini,Riccardo Capellini,406842.0,Riccardo Capellini,canonical_identity_exact_unique_name,3,True
davidedemarino,Davide De Marino,459535.0,Davide De Marino,canonical_identity_exact_unique_name,1,True
gianlucafrabotta,Gianluca Frabotta,386755.0,Gianluca Frabotta,fbref_accepted_exact_unique_name,5,True
wesleygasolina,Wesley Gasolina,371967.0,Wesley Gasolina,canonical_identity_exact_unique_name,2,True
alessandrodipardo,Alessandro Di Pardo,457674.0,Alessandro Di Pardo,fbref_accepted_exact_unique_name,3,True
daoudapeeters,Daouda Peeters,365451.0,Daouda Peeters,canonical_identity_exact_unique_name,2,True
hansnicolussicaviglia,Hans Nicolussi Caviglia,430280.0,Hans Nicolussi Caviglia,fbref_accepted_exact_unique_name,6,True
nicolofagioli,Nicolò Fagioli,432090.0,Nicolò Fagioli,fbref_accepted_exact_unique_name,7,True
filipporanocchia,Filippo Ranocchia,489611.0,Filippo Ranocchia,fbref_accepted_exact_unique_name,4,True
hamzarafia,Hamza Rafia,418571.0,Hamza Rafia,fbref_accepted_exact_unique_name,3,True
juancuadrado,Juan Cuadrado,91970.0,Juan Cuadrado,fbref_accepted_exact_unique_name,14,True
federicobernardeschi,Federico Bernardeschi,197300.0,Federico Bernardeschi,fbref_accepted_exact_unique_name,6,True
cosimodagraca,Cosimo da Graça,,,unresolved,6,False
alejandromarques,Alejandro Marqués,525602.0,Alejandro Marqués,canonical_identity_exact_unique_name,1,True
giacomovrioni,Giacomo Vrioni,363178.0,Giacomo Vrioni,canonical_identity_exact_unique_name,1,True
davidospina,David Ospina,73396.0,David Ospina,fbref_accepted_exact_unique_name,7,True
konstantinosmanolas,Konstantinos Manolas,,,unresolved,9,False
amirrrahmani,Amir Rrahmani,257732.0,Amir Rrahmani,fbref_accepted_exact_unique_name,11,True
sebastianoluperto,Sebastiano Luperto,278531.0,Sebastiano Luperto,fbref_accepted_exact_unique_name,4,True
elseidhysaj,Elseid Hysaj,200056.0,Elseid Hysaj,fbref_accepted_exact_unique_name,10,True
kevinmalcuit,Kévin Malcuit,126711.0,Kévin Malcuit,fbref_accepted_exact_unique_name,8,True
diegodemme,Diego Demme,82070.0,Diego Demme,fbref_accepted_exact_unique_name,10,True
stanislavlobotka,Stanislav Lobotka,192735.0,Stanislav Lobotka,fbref_accepted_exact_unique_name,11,True
valeriolabriola,Valerio Labriola,421781.0,Valerio Labriola,canonical_identity_exact_unique_name,1,True
antoniocioffi,Antonio Cioffi,566936.0,Antonio Cioffi,canonical_identity_exact_unique_name,4,True
driesmertens,Dries Mertens,56416.0,Dries Mertens,fbref_accepted_exact_unique_name,4,True
andreapetagna,Andrea Petagna,199258.0,Andrea Petagna,fbref_accepted_exact_unique_name,9,True
fernandollorente,Fernando Llorente,35564.0,Fernando Llorente,fbref_accepted_exact_unique_name,2,True
francescoacerbi,Francesco Acerbi,131075.0,Francesco Acerbi,fbref_accepted_exact_unique_name,10,True
bastos,Bastos,195810.0,Bastos,fbref_accepted_exact_unique_name,1,True
nicoloarmini,Nicolò Armini,421775.0,Nicolò Armini,fbref_accepted_exact_unique_name,1,True
mohamedfares,Mohamed Fares,287700.0,Mohamed Fares,fbref_accepted_exact_unique_name,6,True
jordanlukaku,Jordan Lukaku,140804.0,Jordan Lukaku,fbref_accepted_exact_unique_name,1,True
stefanradu,Ștefan Radu,44420.0,Stefan Radu,fbref_accepted_exact_unique_name,6,True
manuellazzari,Manuel Lazzari,331401.0,Manuel Lazzari,fbref_accepted_exact_unique_name,13,True
adammarusic,Adam Marusic,239802.0,Adam Marusic,fbref_accepted_exact_unique_name,7,True
lucasleiva,Lucas Leiva,41414.0,Lucas Leiva,fbref_accepted_exact_unique_name,3,True
danilocataldi,Danilo Cataldi,199733.0,Danilo Cataldi,fbref_accepted_exact_unique_name,13,True
sergejmilinkovicsavic,Sergej Milinković-Savić,266302.0,Sergej Milinković-Savić,fbref_accepted_exact_unique_name,5,True
jeandanielakpaakpro,Jean-Daniel Akpa Akpro,170481.0,Jean-Daniel Akpa Akpro,fbref_accepted_exact_unique_name,2,True
marcoparolo,Marco Parolo,84545.0,Marco Parolo,fbref_accepted_exact_unique_name,1,True
djavananderson,Djavan Anderson,215089.0,Djavan Anderson,fbref_accepted_exact_unique_name,1,True
luisalberto,Luis Alberto,128220.0,Luis Alberto,fbref_accepted_exact_unique_name,9,True
felipecaicedo,Felipe Caicedo,37834.0,Felipe Caicedo,fbref_accepted_exact_unique_name,16,True
antoniomirante,Antonio Mirante,22141.0,Antonio Mirante,fbref_accepted_exact_unique_name,2,True
gianlucamancini,Gianluca Mancini,256448.0,Gianluca Mancini,fbref_accepted_exact_unique_name,8,True
rogeribanez,Roger Ibañez,524481.0,Roger Ibañez,fbref_accepted_exact_unique_name,4,True
marashkumbulla,Marash Kumbulla,371371.0,Marash Kumbulla,fbref_accepted_exact_unique_name,11,True
chrissmalling,Chris Smalling,103427.0,Chris Smalling,fbref_accepted_exact_unique_name,12,True
juanjesus,Juan Jesus,121985.0,Juan Jesus,fbref_accepted_exact_unique_name,5,True
federicofazio,Federico Fazio,45314.0,Federico Fazio,fbref_accepted_exact_unique_name,7,True
leonardospinazzola,Leonardo Spinazzola,118689.0,Leonardo Spinazzola,fbref_accepted_exact_unique_name,13,True
davidesanton,Davide Santon,84344.0,Davide Santon,fbref_accepted_exact_unique_name,4,True
rickkarsdorp,Rick Karsdorp,205006.0,Rick Karsdorp,fbref_accepted_exact_unique_name,8,True
bryanreynolds,Bryan Reynolds,475208.0,Bryan Reynolds,fbref_accepted_exact_unique_name,1,True
brunoperes,Bruno Peres,148751.0,Bruno Peres,fbref_accepted_exact_unique_name,1,True
bryancristante,Bryan Cristante,199248.0,Bryan Cristante,fbref_accepted_exact_unique_name,9,True
amadoudiawara,Amadou Diawara,355501.0,Amadou Diawara,fbref_accepted_exact_unique_name,3,True
henrikhmkhitaryan,Henrikh Mkhitaryan,55735.0,Henrikh Mkhitaryan,fbref_accepted_exact_unique_name,8,True
javierpastore,Javier Pastore,55215.0,Javier Pastore,fbref_accepted_exact_unique_name,1,True
stephanelshaarawy,Stephan El Shaarawy,94529.0,Stephan El Shaarawy,fbref_accepted_exact_unique_name,8,True
rubenprovidence,Ruben Providence,536520.0,Ruben Providence,canonical_identity_exact_unique_name,1,True
pedro,Pedro,,,unresolved,12,False
edindzeko,Edin Džeko,28396.0,Edin Dzeko,fbref_accepted_exact_unique_name,4,True
andreaconsigli,Andrea Consigli,35865.0,Andrea Consigli,fbref_accepted_exact_unique_name,2,True
samuelevitale,Samuele Vitale,502475.0,Samuele Vitale,canonical_identity_exact_unique_name,1,True
gianlucapegolo,Gianluca Pegolo,21872.0,Gianluca Pegolo,fbref_accepted_exact_unique_name,1,True
gianmarcoferrari,Gian Marco Ferrari,277167.0,Gian Marco Ferrari,fbref_accepted_exact_unique_name,1,True
marlon,Marlon,273236.0,Marlon,fbref_accepted_exact_unique_name,3,True
mertmuldur,Mert Müldür,353922.0,Mert Müldür,fbref_accepted_exact_unique_name,4,True
jeremytoljan,Jeremy Toljan,129674.0,Jeremy Toljan,fbref_accepted_exact_unique_name,5,True
manuellocatelli,Manuel Locatelli,265088.0,Manuel Locatelli,fbref_accepted_exact_unique_name,8,True
kaanayhan,Kaan Ayhan,119031.0,Kaan Ayhan,fbref_accepted_exact_unique_name,4,True
vladchiriches,Vlad Chiricheș,123261.0,Vlad Chiricheș,fbref_accepted_exact_unique_name,8,True
francescomagnanelli,Francesco Magnanelli,7093.0,Francesco Magnanelli,fbref_accepted_exact_unique_name,2,True
mehdibourabia,Mehdi Bourabia,131731.0,Mehdi Bourabia,fbref_accepted_exact_unique_name,4,True
filipdjuricic,Filip Djuricic,94307.0,Filip Djuricic,canonical_identity_exact_unique_name,4,True
lukasharaslin,Lukas Haraslin,239941.0,Lukas Haraslin,fbref_accepted_exact_unique_name,2,True
nicolasschiappacasse,Nicolás Schiappacasse,345473.0,Nicolás Schiappacasse,fbref_accepted_exact_unique_name,2,True
federicoricci,Federico Ricci,198086.0,Federico Ricci,fbref_accepted_exact_unique_name,2,True
giacomoraspadori,Giacomo Raspadori,405885.0,Giacomo Raspadori,fbref_accepted_exact_unique_name,4,True
francescocaputo,Francesco Caputo,84765.0,Francesco Caputo,fbref_accepted_exact_unique_name,8,True
gregoiredefrel,Grégoire Defrel,163222.0,Grégoire Defrel,fbref_accepted_exact_unique_name,5,True
karloletica,Karlo Letica,318707.0,Karlo Letica,fbref_accepted_exact_unique_name,1,True
omarcolley,Omar Colley,174733.0,Omar Colley,fbref_accepted_exact_unique_name,4,True
lorenzotonelli,Lorenzo Tonelli,111347.0,Lorenzo Tonelli,fbref_accepted_exact_unique_name,5,True
bartoszbereszynski,Bartosz Bereszyński,144143.0,Bartosz Bereszyński,fbref_accepted_exact_unique_name,7,True
albinekdal,Albin Ekdal,49275.0,Albin Ekdal,fbref_accepted_exact_unique_name,5,True
mortenthorsby,Morten Thorsby,226524.0,Morten Thorsby,fbref_accepted_exact_unique_name,4,True
ronaldovieira,Ronaldo Vieira,434676.0,Ronaldo Vieira,fbref_accepted_exact_unique_name,8,True
gastonramirez,Gastón Ramírez,123742.0,Gastón Ramírez,fbref_accepted_exact_unique_name,2,True
adriensilva,Adrien Silva,56810.0,Adrien Silva,fbref_accepted_exact_unique_name,1,True
kristofferaskildsen,Kristoffer Askildsen,574495.0,Kristoffer Askildsen,fbref_accepted_exact_unique_name,4,True
keitabalde,Keita Baldé,238752.0,Keita Baldé,fbref_accepted_exact_unique_name,3,True
antoniocandreva,Antonio Candreva,25488.0,Antonio Candreva,fbref_accepted_exact_unique_name,3,True
ernestotorregrossa,Ernesto Torregrossa,159883.0,Ernesto Torregrossa,fbref_accepted_exact_unique_name,4,True
manologabbiadini,Manolo Gabbiadini,112343.0,Manolo Gabbiadini,fbref_accepted_exact_unique_name,6,True
federicobonazzoli,Federico Bonazzoli,241527.0,Federico Bonazzoli,fbref_accepted_exact_unique_name,4,True
fabioquagliarella,Fabio Quagliarella,22328.0,Fabio Quagliarella,fbref_accepted_exact_unique_name,6,True
nikprelec,Nik Prelec,469690.0,Nik Prelec,canonical_identity_exact_unique_name,1,True
matteolovato,Matteo Lovato,459655.0,Matteo Lovato,fbref_accepted_exact_unique_name,15,True
koraygunter,Koray Günter,115763.0,Koray Günter,fbref_accepted_exact_unique_name,9,True
giangiacomomagnani,Giangiacomo Magnani,310458.0,Giangiacomo Magnani,fbref_accepted_exact_unique_name,6,True
paweldawidowicz,Pawel Dawidowicz,248732.0,Paweł Dawidowicz,fbref_accepted_enhanced_exact_unique_name,8,True
federicoceccherini,Federico Ceccherini,163639.0,Federico Ceccherini,fbref_accepted_exact_unique_name,10,True
mertcetin,Mert Çetin,391498.0,Mert Çetin,canonical_identity_exact_unique_name,9,True
alanempereur,Alan Empereur,169179.0,Alan Empereur,fbref_accepted_exact_unique_name,2,True
salvatorebocchetti,Salvatore Bocchetti,42678.0,Salvatore Bocchetti,fbref_accepted_exact_unique_name,1,True
davidefaraoni,Davide Faraoni,73926.0,Davide Faraoni,fbref_accepted_exact_unique_name,12,True
kevinruegg,Kevin Rüegg,290032.0,Kevin Rüegg,fbref_accepted_exact_unique_name,2,True
adrientameze,Adrien Tamèze,157507.0,Adrien Tamèze,fbref_accepted_exact_unique_name,4,True
miguelveloso,Miguel Veloso,43848.0,Miguel Veloso,fbref_accepted_exact_unique_name,7,True
andreadanzi,Andrea Danzi,319171.0,Andrea Danzi,fbref_accepted_exact_unique_name,1,True
marcobenassi,Marco Benassi,201040.0,Marco Benassi,fbref_accepted_exact_unique_name,3,True
lucasfelippe,Lucas Felippe,538063.0,Lucas Felippe,fbref_accepted_exact_unique_name,2,True
darkolazovic,Darko Lazović,70411.0,Darko Lazović,fbref_accepted_exact_unique_name,7,True
antoninbarak,Antonín Barák,272261.0,Antonín Barák,fbref_accepted_exact_unique_name,11,True
ebrimacolley,Ebrima Colley,567217.0,Ebrima Colley,fbref_accepted_exact_unique_name,3,True
kevinlasagna,Kevin Lasagna,131951.0,Kevin Lasagna,fbref_accepted_exact_unique_name,6,True
nikolakalinic,Nikola Kalinić,36371.0,Nikola Kalinic,fbref_accepted_exact_unique_name,4,True
samueldicarmine,Samuel Di Carmine,45389.0,Samuel Di Carmine,fbref_accepted_exact_unique_name,4,True
lukaszskorupski,Lukasz Skorupski,80894.0,Lukasz Skorupski,fbref_accepted_enhanced_exact_unique_name,6,True
federicoravaglia,Federico Ravaglia,390304.0,Federico Ravaglia,fbref_accepted_exact_unique_name,1,True
stefanodenswil,Stefano Denswil,182923.0,Stefano Denswil,fbref_accepted_exact_unique_name,1,True
garymedel,Gary Medel,60889.0,Gary Medel,fbref_accepted_exact_unique_name,4,True
mitchelldijks,Mitchell Dijks,187245.0,Mitchell Dijks,fbref_accepted_exact_unique_name,6,True
lorenzodesilvestri,Lorenzo De Silvestri,33571.0,Lorenzo De Silvestri,fbref_accepted_exact_unique_name,7,True
ibrahimambaye,Ibrahima Mbaye,207715.0,Ibrahima Mbaye,fbref_accepted_exact_unique_name,4,True
paolofarago,Paolo Faragò,167796.0,Paolo Faragò,fbref_accepted_exact_unique_name,6,True
andreapoli,Andrea Poli,44834.0,Andrea Poli,fbref_accepted_exact_unique_name,2,True
dionruffoluci,Dion Ruffo Luci,537488.0,Dion Ruffo Luci,canonical_identity_exact_unique_name,1,True
nicolasansone,Nicola Sansone,82048.0,Nicola Sansone,fbref_accepted_exact_unique_name,6,True
riccardoorsolini,Riccardo Orsolini,368482.0,Riccardo Orsolini,fbref_accepted_exact_unique_name,8,True
federicosantander,Federico Santander,99180.0,Federico Santander,fbref_accepted_exact_unique_name,4,True
juanmusso,Juan Musso,242359.0,Juan Musso,fbref_accepted_exact_unique_name,3,True
matteocarnelos,Matteo Carnelos,617178.0,Matteo Carnelos,canonical_identity_exact_unique_name,1,True
samircaetano,Samir Caetano,255744.0,Samir Caetano,canonical_identity_exact_unique_name,1,True
bramnuytinck,Bram Nuytinck,104597.0,Bram Nuytinck,fbref_accepted_exact_unique_name,5,True
sebastiendemaio,Sebastien De Maio,56830.0,Sebastien De Maio,fbref_accepted_exact_unique_name,1,True
walace,Walace,323954.0,Walace,fbref_accepted_exact_unique_name,2,True
matojajalo,Mato Jajalo,47513.0,Mato Jajalo,fbref_accepted_exact_unique_name,2,True
robertopereyra,Roberto Pereyra,112302.0,Roberto Pereyra,fbref_accepted_exact_unique_name,7,True
fernandoforestieri,Fernando Forestieri,44948.0,Fernando Forestieri,fbref_accepted_exact_unique_name,2,True
gerarddeulofeu,Gerard Deulofeu,129476.0,Gerard Deulofeu,fbref_accepted_exact_unique_name,7,True
ignaciopussetto,Ignacio Pussetto,283528.0,Ignacio Pussetto,fbref_accepted_exact_unique_name,3,True
ilijanestorovski,Ilija Nestorovski,54581.0,Ilija Nestorovski,fbref_accepted_exact_unique_name,5,True
bartlomiejdragowski,Bartlomiej Dragowski,208166.0,Bartłomiej Drągowski,fbref_accepted_enhanced_exact_unique_name,4,True
nikolamilenkovic,Nikola Milenković,413507.0,Nikola Milenković,fbref_accepted_exact_unique_name,6,True
martincaceres,Martín Cáceres,54935.0,Martín Cáceres,fbref_accepted_exact_unique_name,3,True
eduarddutu,Eduard Duțu,459707.0,Eduard Dutu,canonical_identity_exact_unique_name,1,True
lorenzochiti,Lorenzo Chiti,625630.0,Lorenzo Chiti,canonical_identity_exact_unique_name,1,True
cristianobiraghi,Cristiano Biraghi,124555.0,Cristiano Biraghi,fbref_accepted_exact_unique_name,8,True
antoniobarreca,Antonio Barreca,241889.0,Antonio Barreca,fbref_accepted_exact_unique_name,1,True
sofyanamrabat,Sofyan Amrabat,287579.0,Sofyan Amrabat,fbref_accepted_exact_unique_name,8,True
erickpulgar,Erick Pulgar,215616.0,Erick Pulgar,fbref_accepted_exact_unique_name,6,True
gaetanocastrovilli,Gaetano Castrovilli,303116.0,Gaetano Castrovilli,fbref_accepted_exact_unique_name,12,True
alfredduncan,Alfred Duncan,184894.0,Alfred Duncan,fbref_accepted_exact_unique_name,8,True
riccardosaponara,Riccardo Saponara,88909.0,Riccardo Saponara,fbref_accepted_exact_unique_name,9,True
franckribery,Franck Ribéry,22068.0,Franck Ribéry,fbref_accepted_exact_unique_name,9,True
josecallejon,José Callejón,61253.0,José Callejón,fbref_accepted_exact_unique_name,2,True
aleksandrkokorin,Aleksandr Kokorin,89086.0,Aleksandr Kokorin,fbref_accepted_exact_unique_name,7,True
christiankouame,Christian Kouamé,337725.0,Christian Kouamé,fbref_accepted_exact_unique_name,4,True
louismunteanu,Louis Munteanu,547786.0,Louis Munteanu,canonical_identity_exact_unique_name,2,True
mattiaperin,Mattia Perin,110923.0,Mattia Perin,fbref_accepted_exact_unique_name,7,True
albertopaleari,Alberto Paleari,163048.0,Alberto Paleari,fbref_accepted_exact_unique_name,1,True
federicomarchetti,Federico Marchetti,22318.0,Federico Marchetti,fbref_accepted_exact_unique_name,1,True
davidebiraschi,Davide Biraschi,199927.0,Davide Biraschi,fbref_accepted_exact_unique_name,4,True
andreamasiello,Andrea Masiello,34198.0,Andrea Masiello,fbref_accepted_exact_unique_name,1,True
cristianzapata,Cristian Zapata,34344.0,Cristian Zapata,fbref_accepted_exact_unique_name,2,True
domenicocriscito,Domenico Criscito,44136.0,Domenico Criscito,fbref_accepted_exact_unique_name,7,True
peterankersen,Peter Ankersen,146889.0,Peter Ankersen,fbref_accepted_exact_unique_name,2,True
nicolorovella,Nicolò Rovella,525704.0,Nicolò Rovella,fbref_accepted_exact_unique_name,9,True
milanbadelj,Milan Badelj,40633.0,Milan Badelj,fbref_accepted_exact_unique_name,6,True
lasseschone,Lasse Schöne,34784.0,Lasse Schöne,fbref_accepted_exact_unique_name,1,True
petarbrlek,Petar Brlek,160471.0,Petar Brlek,fbref_accepted_exact_unique_name,1,True
lukaslerager,Lukas Lerager,167105.0,Lukas Lerager,fbref_accepted_exact_unique_name,1,True
mihazajc,Miha Zajc,149829.0,Miha Zajc,fbref_accepted_exact_unique_name,1,True
francescocassata,Francesco Cassata,301236.0,Francesco Cassata,fbref_accepted_exact_unique_name,4,True
filippomelegoni,Filippo Melegoni,315862.0,Filippo Melegoni,fbref_accepted_exact_unique_name,3,True
davidezappacosta,Davide Zappacosta,173859.0,Davide Zappacosta,fbref_accepted_exact_unique_name,12,True
darianmales,Darian Males,507479.0,Darian Males,canonical_identity_exact_unique_name,1,True
markopjaca,Marko Pjaca,205940.0,Marko Pjaca,fbref_accepted_exact_unique_name,5,True
vittorioparigini,Vittorio Parigini,238981.0,Vittorio Parigini,fbref_accepted_exact_unique_name,1,True
goranpandev,Goran Pandev,12563.0,Goran Pandev,fbref_accepted_exact_unique_name,3,True
eldorshomurodov,Eldor Shomurodov,358166.0,Eldor Shomurodov,fbref_accepted_exact_unique_name,5,True
mattiadestro,Mattia Destro,88683.0,Mattia Destro,fbref_accepted_exact_unique_name,6,True
raulasencio,Raúl Asencio,,,unresolved,1,False
ivanprovedel,Ivan Provedel,197929.0,Ivan Provedel,fbref_accepted_exact_unique_name,5,True
jeroenzoet,Jeroen Zoet,79045.0,Jeroen Zoet,fbref_accepted_exact_unique_name,2,True
titaskrapikas,Titas Krapikas,353609.0,Titas Krapikas,canonical_identity_exact_unique_name,1,True
rafael,Rafael,,,unresolved,1,False
martinerlic,Martin Erlić,357003.0,Martin Erlić,fbref_accepted_exact_unique_name,8,True
cristiandellorco,Cristian Dell'Orco,240244.0,Cristian Dell'Orco,fbref_accepted_exact_unique_name,2,True
claudioterzi,Claudio Terzi,16873.0,Claudio Terzi,fbref_accepted_exact_unique_name,2,True
riccardomarchizza,Riccardo Marchizza,297645.0,Riccardo Marchizza,fbref_accepted_exact_unique_name,6,True
juanramos,Juan Ramos,,,unresolved,1,False
salvaferrer,Salva Ferrer,624548.0,Salva Ferrer,canonical_identity_exact_unique_name,3,True
federicomattiello,Federico Mattiello,200194.0,Federico Mattiello,fbref_accepted_exact_unique_name,3,True
matteoricci,Matteo Ricci,198087.0,Matteo Ricci,fbref_accepted_exact_unique_name,1,True
nahuelestevez,Nahuel Estévez,552472.0,Nahuel Estévez,fbref_accepted_exact_unique_name,5,True
leosena,Léo Sena,435213.0,Léo Sena,fbref_accepted_exact_unique_name,2,True
paolobartolomei,Paolo Bartolomei,281900.0,Paolo Bartolomei,fbref_accepted_exact_unique_name,1,True
giuliomaggiore,Giulio Maggiore,353796.0,Giulio Maggiore,fbref_accepted_exact_unique_name,7,True
tommasopobega,Tommaso Pobega,392538.0,Tommaso Pobega,fbref_accepted_exact_unique_name,10,True
simonebastoni,Simone Bastoni,257751.0,Simone Bastoni,fbref_accepted_exact_unique_name,5,True
alessandrodeiola,Alessandro Deiola,235931.0,Alessandro Deiola,fbref_accepted_exact_unique_name,5,True
jacoposala,Jacopo Sala,96806.0,Jacopo Sala,fbref_accepted_exact_unique_name,5,True
gennaroacampora,Gennaro Acampora,230826.0,Gennaro Acampora,fbref_accepted_exact_unique_name,3,True
giuseppemastinu,Giuseppe Mastinu,397950.0,Giuseppe Mastinu,fbref_accepted_exact_unique_name,1,True
diegofarias,Diego Farias,83877.0,Diego Farias,fbref_accepted_exact_unique_name,2,True
danieleverde,Daniele Verde,256361.0,Daniele Verde,fbref_accepted_exact_unique_name,3,True
robertopiccoli,Roberto Piccoli,432092.0,Roberto Piccoli,fbref_accepted_exact_unique_name,7,True
andreygalabinov,Andrey Galabinov,67639.0,Andrey Galabinov,fbref_accepted_exact_unique_name,1,True
salvatoresirigu,Salvatore Sirigu,25508.0,Salvatore Sirigu,fbref_accepted_exact_unique_name,7,True
vanjamilinkovicsavic,Vanja Milinković-Savić,257474.0,Vanja Milinković-Savić,fbref_accepted_exact_unique_name,5,True
samirujkani,Samir Ujkani,42744.0,Samir Ujkani,fbref_accepted_exact_unique_name,1,True
bremer,Bremer,516716.0,Bremer,canonical_identity_exact_unique_name,9,True
armandoizzo,Armando Izzo,32113.0,Armando Izzo,fbref_accepted_exact_unique_name,8,True
alessandrobuongiorno,Alessandro Buongiorno,386446.0,Alessandro Buongiorno,fbref_accepted_exact_unique_name,9,True
nicolamurru,Nicola Murru,171399.0,Nicola Murru,fbref_accepted_exact_unique_name,3,True
ricardorodriguez,Ricardo Rodríguez,86784.0,Ricardo Rodríguez,fbref_accepted_exact_unique_name,6,True
cristianansaldi,Cristian Ansaldi,55854.0,Cristian Ansaldi,fbref_accepted_exact_unique_name,5,True
mergimvojvoda,Mërgim Vojvoda,336125.0,Mërgim Vojvoda,fbref_accepted_exact_unique_name,12,True
tomasrincon,Tomás Rincón,75942.0,Tomás Rincón,fbref_accepted_exact_unique_name,1,True
karollinetty,Karol Linetty,225873.0,Karol Linetty,fbref_accepted_exact_unique_name,6,True
danielebaselli,Daniele Baselli,134883.0,Daniele Baselli,fbref_accepted_exact_unique_name,7,True
simoneverdi,Simone Verdi,130360.0,Simone Verdi,fbref_accepted_exact_unique_name,12,True
amergojak,Amer Gojak,293210.0,Amer Gojak,fbref_accepted_exact_unique_name,2,True
vincenzomillico,Vincenzo Millico,390159.0,Vincenzo Millico,fbref_accepted_exact_unique_name,1,True
iagofalque,Iago Falque,59340.0,Iago Falque,fbref_accepted_exact_unique_name,2,True
andreabelotti,Andrea Belotti,167727.0,Andrea Belotti,fbref_accepted_exact_unique_name,13,True
simonezaza,Simone Zaza,96828.0,Simone Zaza,fbref_accepted_exact_unique_name,6,True
alessiocragno,Alessio Cragno,12907.0,Alessio Cragno,fbref_accepted_exact_unique_name,4,True
giuseppeciocci,Giuseppe Ciocci,535740.0,Giuseppe Ciocci,canonical_identity_exact_unique_name,2,True
simonearesti,Simone Aresti,41912.0,Simone Aresti,canonical_identity_exact_unique_name,3,True
sebastianwalukiewicz,Sebastian Walukiewicz,345458.0,Sebastian Walukiewicz,fbref_accepted_exact_unique_name,9,True
andreacarboni,Andrea Carboni,481834.0,Andrea Carboni,fbref_accepted_exact_unique_name,9,True
diegogodin,Diego Godín,54928.0,Diego Godín,fbref_accepted_exact_unique_name,6,True
lucaceppitelli,Luca Ceppitelli,102745.0,Luca Ceppitelli,fbref_accepted_exact_unique_name,9,True
ragnarklavan,Ragnar Klavan,26669.0,Ragnar Klavan,fbref_accepted_exact_unique_name,3,True
fabiopisacane,Fabio Pisacane,101922.0,Fabio Pisacane,fbref_accepted_exact_unique_name,1,True
charalamposlykogiannis,Charalampos Lykogiannis,136514.0,Charalampos Lykogiannis,canonical_identity_exact_unique_name,6,True
alessandrotripaldelli,Alessandro Tripaldelli,357176.0,Alessandro Tripaldelli,fbref_accepted_exact_unique_name,2,True
simonepinna,Simone Pinna,303187.0,Simone Pinna,fbref_accepted_exact_unique_name,1,True
nahitannandez,Nahitan Nández,315063.0,Nahitan Nández,fbref_accepted_exact_unique_name,9,True
markorog,Marko Rog,317482.0,Marko Rog,fbref_accepted_exact_unique_name,3,True
gastonpereiro,Gastón Pereiro,264116.0,Gastón Pereiro,fbref_accepted_exact_unique_name,3,True
matteotramoni,Matteo Tramoni,475410.0,Matteo Tramoni,fbref_accepted_exact_unique_name,1,True
riccardosottil,Riccardo Sottil,386455.0,Riccardo Sottil,fbref_accepted_exact_unique_name,7,True
giovannisimeone,Giovanni Simeone,282388.0,Giovanni Simeone,fbref_accepted_exact_unique_name,3,True
albertocerri,Alberto Cerri,197751.0,Alberto Cerri,fbref_accepted_exact_unique_name,2,True
zitoluvumbo,Zito Luvumbo,666547.0,Zito Luvumbo,fbref_accepted_exact_unique_name,6,True
mariojokic,Mario Jokic,46575.0,Mario Jokic,canonical_identity_exact_unique_name,1,True
dariusheld,Darius Held,301702.0,Darius Held,canonical_identity_exact_unique_name,4,True
cankaratas,Can Karatas,424736.0,Can Karatas,canonical_identity_exact_unique_name,3,True
simonecolombi,Simone Colombi,57285.0,Simone Colombi,fbref_accepted_exact_unique_name,1,True
lautarovalenti,Lautaro Valenti,625202.0,Lautaro Valenti,fbref_accepted_exact_unique_name,5,True
yordanosorio,Yordan Osorio,358165.0,Yordan Osorio,fbref_accepted_exact_unique_name,5,True
riccardogagliolo,Riccardo Gagliolo,240786.0,Riccardo Gagliolo,fbref_accepted_exact_unique_name,5,True
kastriotdermaku,Kastriot Dermaku,163647.0,Kastriot Dermaku,fbref_accepted_exact_unique_name,5,True
simoneiacoponi,Simone Iacoponi,59699.0,Simone Iacoponi,fbref_accepted_exact_unique_name,3,True
brunoalves,Bruno Alves,13121.0,Bruno Alves,fbref_accepted_exact_unique_name,2,True
giuseppepezzella,Giuseppe Pezzella,336960.0,Giuseppe Pezzella,fbref_accepted_exact_unique_name,8,True
vincentlaurini,Vincent Laurini,94936.0,Vincent Laurini,fbref_accepted_exact_unique_name,1,True
gastonbrugman,Gastón Brugman,131109.0,Gastón Brugman,fbref_accepted_exact_unique_name,1,True
hernani,Hernani,181768.0,Hernani,fbref_accepted_exact_unique_name,6,True
wylancyprien,Wylan Cyprien,182889.0,Wylan Cyprien,fbref_accepted_exact_unique_name,3,True
simonsohm,Simon Sohm,507486.0,Simon Sohm,fbref_accepted_exact_unique_name,4,True
jacopodezi,Jacopo Dezi,165531.0,Jacopo Dezi,fbref_accepted_exact_unique_name,1,True
valentinmihaila,Valentin Mihăilă,535469.0,Valentin Mihăilă,fbref_accepted_exact_unique_name,7,True
gervinho,Gervinho,33481.0,Gervinho,fbref_accepted_exact_unique_name,5,True
dennisman,Dennis Man,397486.0,Dennis Man,fbref_accepted_exact_unique_name,4,True
mattiasprocati,Mattia Sprocati,199274.0,Mattia Sprocati,fbref_accepted_exact_unique_name,1,True
lucasiligardi,Luca Siligardi,86079.0,Luca Siligardi,fbref_accepted_exact_unique_name,2,True
andreascornelius,Andreas Cornelius,203412.0,Andreas Cornelius,fbref_accepted_exact_unique_name,3,True
robertoinglese,Roberto Inglese,159337.0,Roberto Inglese,fbref_accepted_exact_unique_name,3,True
grazianopelle,Graziano Pellè,29594.0,Graziano Pellè,fbref_accepted_exact_unique_name,1,True
redikasa,Redi Kasa,534202.0,Redi Kasa,canonical_identity_exact_unique_name,2,True
gastonmagnetti,Gastón Magnetti,70972.0,Gastón Magnetti,canonical_identity_exact_unique_name,1,True
mikemaignan,Mike Maignan,182906.0,Mike Maignan,fbref_accepted_exact_unique_name,4,True
alessandroplizzari,Alessandro Plizzari,357991.0,Alessandro Plizzari,canonical_identity_exact_unique_name,2,True
cipriantatarusanu,Ciprian Tătărușanu,55282.0,Ciprian Tatarusanu,fbref_accepted_exact_unique_name,1,True
fikayotomori,Fikayo Tomori,303254.0,Fikayo Tomori,fbref_accepted_exact_unique_name,4,True
davidecalabria,Davide Calabria,262523.0,Davide Calabria,fbref_accepted_exact_unique_name,14,True
danielmaldini,Daniel Maldini,539134.0,Daniel Maldini,fbref_accepted_exact_unique_name,13,True
oliviergiroud,Olivier Giroud,82442.0,Olivier Giroud,fbref_accepted_exact_unique_name,7,True
markolazetic,Marko Lazetić,698548.0,Marko Lazetić,canonical_identity_exact_unique_name,2,True
samirhandanovic,Samir Handanovič,28021.0,Samir Handanovic,fbref_accepted_exact_unique_name,2,True
alexcordaz,Alex Cordaz,16633.0,Alex Cordaz,fbref_accepted_exact_unique_name,3,True
matteodarmian,Matteo Darmian,54906.0,Matteo Darmian,fbref_accepted_exact_unique_name,4,True
matiasvecino,Matías Vecino,143812.0,Matías Vecino,fbref_accepted_exact_unique_name,10,True
lautaromartinez,Lautaro Martínez,406625.0,Lautaro Martínez,fbref_accepted_exact_unique_name,10,True
alexmeret,Alex Meret,240414.0,Alex Meret,fbref_accepted_exact_unique_name,9,True
mariorui,Mário Rui,87884.0,Mário Rui,fbref_accepted_exact_unique_name,8,True
giovannidilorenzo,Giovanni Di Lorenzo,169880.0,Giovanni Di Lorenzo,fbref_accepted_exact_unique_name,2,True
alessandrozanoli,Alessandro Zanoli,397225.0,Alessandro Zanoli,fbref_accepted_exact_unique_name,4,True
moussamane,Moussa Mané,877620.0,Moussa Mané,canonical_identity_exact_unique_name,1,True
piotrzielinski,Piotr Zieliński,181136.0,Piotr Zielinski,fbref_accepted_exact_unique_name,13,True
frankanguissa,Frank Anguissa,354361.0,Frank Anguissa,canonical_identity_exact_unique_name,8,True
antoniovergara,Antonio Vergara,703245.0,Antonio Vergara,canonical_identity_exact_unique_name,1,True
hirvinglozano,Hirving Lozano,316889.0,Hirving Lozano,fbref_accepted_exact_unique_name,9,True
lorenzoinsigne,Lorenzo Insigne,133964.0,Lorenzo Insigne,fbref_accepted_exact_unique_name,7,True
matteopolitano,Matteo Politano,165895.0,Matteo Politano,fbref_accepted_exact_unique_name,8,True
adamounas,Adam Ounas,400485.0,Adam Ounas,fbref_accepted_exact_unique_name,12,True
wojciechszczesny,Wojciech Szczesny,44058.0,Wojciech Szczesny,fbref_accepted_exact_unique_name,4,True
carlopinsoglio,Carlo Pinsoglio,75411.0,Carlo Pinsoglio,fbref_accepted_exact_unique_name,1,True
zsomborsenko,Zsombor Senkó,663519.0,Zsombor Senkó,canonical_identity_exact_unique_name,1,True
marcoraina,Marco Raina,494301.0,Marco Raina,canonical_identity_exact_unique_name,1,True
samuelilingjunior,Samuel Iling-Junior,581672.0,Samuel Iling-Junior,fbref_accepted_exact_unique_name,3,True
adrienrabiot,Adrien Rabiot,182913.0,Adrien Rabiot,fbref_accepted_exact_unique_name,12,True
marleyake,Marley Aké,682032.0,Marley Aké,fbref_accepted_exact_unique_name,2,True
matiassoule,Matías Soulé,668951.0,Matías Soulé,fbref_accepted_exact_unique_name,1,True
dusanvlahovic,Dušan Vlahović,357498.0,Dušan Vlahović,fbref_accepted_exact_unique_name,15,True
kaiojorge,Kaio Jorge,620477.0,Kaio Jorge,fbref_accepted_exact_unique_name,4,True
alessiofurlanetto,Alessio Furlanetto,538079.0,Alessio Furlanetto,canonical_identity_exact_unique_name,1,True
tomabasic,Toma Bašić,334835.0,Toma Bašić,fbref_accepted_exact_unique_name,2,True
andreanderson,André Anderson,601577.0,André Anderson,canonical_identity_exact_unique_name,1,True
mattiazaccagni,Mattia Zaccagni,283735.0,Mattia Zaccagni,fbref_accepted_exact_unique_name,14,True
jovanecabral,Jovane Cabral,448466.0,Jovane Cabral,fbref_accepted_exact_unique_name,1,True
lukaromero,Luka Romero,769063.0,Luka Romero,fbref_accepted_exact_unique_name,1,True
ciroimmobile,Ciro Immobile,105521.0,Ciro Immobile,fbref_accepted_exact_unique_name,9,True
danielfuzato,Daniel Fuzato,438682.0,Daniel Fuzato,fbref_accepted_exact_unique_name,1,True
pietroboer,Pietro Boer,581604.0,Pietro Boer,canonical_identity_exact_unique_name,1,True
matiasvina,Matías Viña,439072.0,Matías Viña,fbref_accepted_exact_unique_name,3,True
ebrimadarboe,Ebrima Darboe,647484.0,Ebrima Darboe,fbref_accepted_exact_unique_name,2,True
sergiooliveira,Sérgio Oliveira,112465.0,Sérgio Oliveira,fbref_accepted_exact_unique_name,1,True
lorenzopellegrini,Lorenzo Pellegrini,286297.0,Lorenzo Pellegrini,fbref_accepted_exact_unique_name,13,True
felixafenagyan,Felix Afena-Gyan,872380.0,Felix Afena-Gyan,fbref_accepted_exact_unique_name,3,True
pietroterracciano,Pietro Terracciano,96254.0,Pietro Terracciano,fbref_accepted_exact_unique_name,3,True
michelecerofolini,Michele Cerofolini,370701.0,Michele Cerofolini,fbref_accepted_exact_unique_name,1,True
lucaranieri,Luca Ranieri,346561.0,Luca Ranieri,fbref_accepted_exact_unique_name,4,True
lorenzovenuti,Lorenzo Venuti,240219.0,Lorenzo Venuti,fbref_accepted_exact_unique_name,3,True
youssefmaleh,Youssef Maleh,324377.0,Youssef Maleh,fbref_accepted_exact_unique_name,9,True
giacomobonaventura,Giacomo Bonaventura,57280.0,Giacomo Bonaventura,fbref_accepted_exact_unique_name,10,True
rafaeltoloi,Rafael Tolói,72441.0,Rafael Tolói,fbref_accepted_exact_unique_name,9,True
joseluispalomino,José Luis Palomino,125020.0,José Luis Palomino,fbref_accepted_exact_unique_name,7,True
martenderoon,Marten de Roon,133179.0,Marten de Roon,fbref_accepted_exact_unique_name,4,True
remofreuler,Remo Freuler,148252.0,Remo Freuler,fbref_accepted_exact_unique_name,2,True
teunkoopmeiners,Teun Koopmeiners,360518.0,Teun Koopmeiners,fbref_accepted_exact_unique_name,7,True
bryancabezas,Bryan Cabezas,312735.0,Bryan Cabezas,canonical_identity_exact_unique_name,1,True
lorenzomontipo,Lorenzo Montipò,241923.0,Lorenzo Montipò,fbref_accepted_exact_unique_name,4,True
ivorpandur,Ivor Pandur,371013.0,Ivor Pandur,fbref_accepted_exact_unique_name,1,True
alessandroberardi,Alessandro Berardi,127217.0,Alessandro Berardi,canonical_identity_exact_unique_name,4,True
nicolaborghetto,Nicola Borghetto,415801.0,Nicola Borghetto,canonical_identity_exact_unique_name,1,True
diegocoppola,Diego Coppola,660860.0,Diego Coppola,fbref_accepted_exact_unique_name,4,True
martinhongla,Martin Hongla,398808.0,Martin Hongla,fbref_accepted_exact_unique_name,1,True
ivanilic,Ivan Ilić,470794.0,Ivan Ilić,fbref_accepted_exact_unique_name,13,True
danielbessa,Daniel Bessa,140757.0,Daniel Bessa,fbref_accepted_exact_unique_name,1,True
mateuszpraszelik,Mateusz Praszelik,374418.0,Mateusz Praszelik,canonical_identity_exact_unique_name,1,True
antoninoragusa,Antonino Ragusa,102470.0,Antonino Ragusa,fbref_accepted_exact_unique_name,1,True
matteocancellieri,Matteo Cancellieri,550106.0,Matteo Cancellieri,fbref_accepted_exact_unique_name,7,True
gianlucacaprari,Gianluca Caprari,146752.0,Gianluca Caprari,fbref_accepted_exact_unique_name,6,True
davidzima,David Zima,544149.0,David Zima,fbref_accepted_exact_unique_name,7,True
koffidjidji,Koffi Djidji,183031.0,Koffi Djidji,fbref_accepted_exact_unique_name,6,True
samuelericci,Samuele Ricci,467992.0,Samuele Ricci,fbref_accepted_exact_unique_name,10,True
rolandomandragora,Rolando Mandragora,308279.0,Rolando Mandragora,fbref_accepted_exact_unique_name,6,True
benlhassinekone,Ben Lhassine Kone,522681.0,Ben Lhassine Kone,fbref_accepted_exact_unique_name,1,True
dembaseck,Demba Seck,551752.0,Demba Seck,fbref_accepted_exact_unique_name,3,True
magnuswarming,Magnus Warming,482107.0,Magnus Warming,canonical_identity_exact_unique_name,1,True
simoneedera,Simone Edera,340070.0,Simone Edera,fbref_accepted_exact_unique_name,4,True
nicolarauti,Nicola Rauti,417896.0,Nicola Rauti,canonical_identity_exact_unique_name,2,True
filipporomagna,Filippo Romagna,256678.0,Filippo Romagna,fbref_accepted_exact_unique_name,2,True
edoardogoldaniga,Edoardo Goldaniga,242940.0,Edoardo Goldaniga,fbref_accepted_exact_unique_name,6,True
federicopeluso,Federico Peluso,21763.0,Federico Peluso,fbref_accepted_exact_unique_name,1,True
maximelopez,Maxime Lopez,290862.0,Maxime Lopez,fbref_accepted_exact_unique_name,2,True
matheushenrique,Matheus Henrique,552549.0,Matheus Henrique,fbref_accepted_exact_unique_name,4,True
abdouharroui,Abdou Harroui,416386.0,Abdou Harroui,fbref_accepted_exact_unique_name,5,True
domenicoberardi,Domenico Berardi,177843.0,Domenico Berardi,fbref_accepted_exact_unique_name,11,True
marcosilvestri,Marco Silvestri,85528.0,Marco Silvestri,fbref_accepted_exact_unique_name,5,True
simonescuffet,Simone Scuffet,238993.0,Simone Scuffet,fbref_accepted_exact_unique_name,1,True
antoniosanturro,Antonio Santurro,130388.0,Antonio Santurro,fbref_accepted_exact_unique_name,1,True
rodrigobecao,Rodrigo Becão,410158.0,Rodrigo Becão,fbref_accepted_exact_unique_name,2,True
marvinzeegelaar,Marvin Zeegelaar,92899.0,Marvin Zeegelaar,fbref_accepted_exact_unique_name,1,True
riccardocastagnaviz,Riccardo Castagnaviz,704708.0,Riccardo Castagnaviz,canonical_identity_exact_unique_name,1,True
mattiadamiani,Mattia Damiani,704709.0,Mattia Damiani,canonical_identity_exact_unique_name,1,True
brandonsoppy,Brandon Soppy,546880.0,Brandon Soppy,fbref_accepted_exact_unique_name,9,True
simonepafundi,Simone Pafundi,876400.0,Simone Pafundi,fbref_accepted_exact_unique_name,5,True
cristo,Cristo,339707.0,Cristo,canonical_identity_exact_unique_name,1,True
isaacsuccess,Isaac Success,295331.0,Isaac Success,fbref_accepted_exact_unique_name,6,True
marcomolla,Marco Molla,574164.0,Marco Molla,canonical_identity_exact_unique_name,1,True
kevinbonifazi,Kevin Bonifazi,247377.0,Kevin Bonifazi,fbref_accepted_exact_unique_name,8,True
omarkhailoti,Omar Khailoti,556173.0,Omar Khailoti,fbref_accepted_exact_unique_name,1,True
densokasius,Denso Kasius,577394.0,Denso Kasius,fbref_accepted_exact_unique_name,2,True
jerdyschouten,Jerdy Schouten,347900.0,Jerdy Schouten,fbref_accepted_exact_unique_name,6,True
nicolasdominguez,Nicolás Domínguez,497291.0,Nicolás Domínguez,fbref_accepted_exact_unique_name,2,True
michelaebischer,Michel Aebischer,237658.0,Michel Aebischer,fbref_accepted_exact_unique_name,2,True
kingsleymichael,Kingsley Michael,401920.0,Kingsley Michael,fbref_accepted_exact_unique_name,3,True
niklaspyyhtia,Niklas Pyyhtiä,679754.0,Niklas Pyyhtiä,fbref_accepted_exact_unique_name,2,True
nicolasviola,Nicolas Viola,85393.0,Nicolas Viola,fbref_accepted_exact_unique_name,3,True
emanuelvignato,Emanuel Vignato,394346.0,Emanuel Vignato,fbref_accepted_exact_unique_name,3,True
markoarnautovic,Marko Arnautovic,41384.0,Marko Arnautovic,fbref_accepted_exact_unique_name,15,True
jacopofurlan,Jacopo Furlan,163652.0,Jacopo Furlan,canonical_identity_exact_unique_name,2,True
simoneromagnoli,Simone Romagnoli,88706.0,Simone Romagnoli,fbref_accepted_exact_unique_name,4,True
fabianoparisi,Fabiano Parisi,547985.0,Fabiano Parisi,fbref_accepted_exact_unique_name,2,True
petarstojanovic,Petar Stojanović,183841.0,Petar Stojanović,fbref_accepted_exact_unique_name,1,True
riccardofiamozzi,Riccardo Fiamozzi,197745.0,Riccardo Fiamozzi,fbref_accepted_exact_unique_name,1,True
nicolashaas,Nicolas Haas,192638.0,Nicolas Haas,fbref_accepted_exact_unique_name,3,True
valerioverre,Valerio Verre,162961.0,Valerio Verre,fbref_accepted_exact_unique_name,2,True
nedimbajrami,Nedim Bajrami,390177.0,Nedim Bajrami,fbref_accepted_exact_unique_name,3,True
tommasobaldanzi,Tommaso Baldanzi,641537.0,Tommaso Baldanzi,fbref_accepted_exact_unique_name,7,True
federicodifrancesco,Federico Di Francesco,38607.0,Federico Di Francesco,fbref_accepted_exact_unique_name,2,True
emmanuelekong,Emmanuel Ekong,603891.0,Emmanuel Ekong,canonical_identity_exact_unique_name,2,True
petkohristov,Petko Hristov,372809.0,Petko Hristov,fbref_accepted_exact_unique_name,5,True
arkadiuszreca,Arkadiusz Reca,268178.0,Arkadiusz Reca,fbref_accepted_exact_unique_name,5,True
aureliennguiamba,Aurélien Nguiamba,344595.0,Aurélien Nguiamba,fbref_accepted_exact_unique_name,2,True
aimarsher,Aimar Sher,579294.0,Aimar Sher,canonical_identity_exact_unique_name,1,True
kevinagudelo,Kevin Agudelo,587458.0,Kevin Agudelo,fbref_accepted_exact_unique_name,6,True
samuelmraz,Samuel Mráz,243225.0,Samuel Mráz,fbref_accepted_exact_unique_name,1,True
emilaudero,Emil Audero,256339.0,Emil Audero,fbref_accepted_exact_unique_name,2,True
wladimirofalcone,Wladimiro Falcone,238537.0,Wladimiro Falcone,fbref_accepted_exact_unique_name,1,True
mayayoshida,Maya Yoshida,81789.0,Maya Yoshida,fbref_accepted_exact_unique_name,2,True
tommasoaugello,Tommaso Augello,284595.0,Tommaso Augello,fbref_accepted_exact_unique_name,1,True
mohamedihattaren,Mohamed Ihattaren,503638.0,Mohamed Ihattaren,canonical_identity_exact_unique_name,2,True
sebastiangiovinco,Sebastian Giovinco,52312.0,Sebastian Giovinco,fbref_accepted_exact_unique_name,2,True
vladyslavsupryaga,Vladyslav Supryaga,419061.0,Vladyslav Supryaga,canonical_identity_exact_unique_name,4,True
lorenzodistefano,Lorenzo Di Stefano,,,unresolved,1,False
norbertgyomber,Norbert Gyömbér,205054.0,Norbert Gyömbér,fbref_accepted_exact_unique_name,3,True
stefanstrandberg,Stefan Strandberg,50617.0,Stefan Strandberg,fbref_accepted_exact_unique_name,2,True
fredericveseli,Frédéric Veseli,111433.0,Frédéric Veseli,canonical_identity_exact_unique_name,6,True
ramziaya,Ramzi Aya,57633.0,Ramzi Aya,fbref_accepted_exact_unique_name,1,True
matteoruggeri,Matteo Ruggeri,616631.0,Matteo Ruggeri,fbref_accepted_exact_unique_name,7,True
pawejaroszynski,Paweł Jaroszyński,287600.0,Paweł Jaroszyński,fbref_accepted_exact_unique_name,3,True
pasqualemazzocchi,Pasquale Mazzocchi,250153.0,Pasquale Mazzocchi,fbref_accepted_exact_unique_name,7,True
nadirzortea,Nadir Zortea,392966.0,Nadir Zortea,fbref_accepted_exact_unique_name,5,True
wajdikechrida,Wajdi Kechrida,407885.0,Wajdi Kechrida,fbref_accepted_exact_unique_name,1,True
andreaschiavone,Andrea Schiavone,136133.0,Andrea Schiavone,fbref_accepted_exact_unique_name,2,True
lassanacoulibaly,Lassana Coulibaly,386552.0,Lassana Coulibaly,fbref_accepted_exact_unique_name,2,True
leonardocapezzi,Leonardo Capezzi,84442.0,Leonardo Capezzi,fbref_accepted_exact_unique_name,1,True
joelobi,Joel Obi,45581.0,Joel Obi,fbref_accepted_exact_unique_name,1,True
alessandrorusso,Alessandro Russo,,,unresolved,1,False
grigoriskastanos,Grigoris Kastanos,298635.0,Grigoris Kastanos,fbref_accepted_exact_unique_name,3,True
diegoperotti,Diego Perotti,54984.0,Diego Perotti,fbref_accepted_exact_unique_name,1,True
simy,Simy,194549.0,Simy,canonical_identity_exact_unique_name,3,True
milandjuric,Milan Djuric,,,unresolved,11,False
cedricgondo,Cedric Gondo,213854.0,Cedric Gondo,fbref_accepted_exact_unique_name,1,True
giorgioaltare,Giorgio Altare,354909.0,Giorgio Altare,fbref_accepted_exact_unique_name,3,True
adamobert,Adam Obert,568333.0,Adam Obert,fbref_accepted_exact_unique_name,3,True
dalbert,Dalbert,312862.0,Dalbert,canonical_identity_exact_unique_name,4,True
gabrielezappa,Gabriele Zappa,392569.0,Gabriele Zappa,fbref_accepted_exact_unique_name,2,True
albertograssi,Alberto Grassi,197473.0,Alberto Grassi,fbref_accepted_exact_unique_name,4,True
christianoliva,Christian Oliva,563812.0,Christian Oliva,fbref_accepted_exact_unique_name,2,True
riccardoladinetti,Riccardo Ladinetti,459452.0,Riccardo Ladinetti,fbref_accepted_exact_unique_name,1,True
razvanmarin,Răzvan Marin,295183.0,Răzvan Marin,fbref_accepted_exact_unique_name,4,True
kevinstrootman,Kevin Strootman,68864.0,Kevin Strootman,fbref_accepted_exact_unique_name,5,True
leonardopavoletti,Leonardo Pavoletti,64793.0,Leonardo Pavoletti,fbref_accepted_exact_unique_name,6,True
damirceter,Damir Céter,460898.0,Damir Ceter,fbref_accepted_exact_unique_name,2,True
zinhovanheusden,Zinho Vanheusden,338672.0,Zinho Vanheusden,fbref_accepted_exact_unique_name,2,True
mattiabani,Mattia Bani,176139.0,Mattia Bani,fbref_accepted_exact_unique_name,8,True
laurensserpe,Laurens Serpe,500164.0,Laurens Serpe,fbref_accepted_exact_unique_name,1,True
stefanosturaro,Stefano Sturaro,167859.0,Stefano Sturaro,fbref_accepted_exact_unique_name,3,True
valonbehrami,Valon Behrami,21905.0,Valon Behrami,fbref_accepted_exact_unique_name,1,True
steevemikeeyango,Steeve-Mike Eyango,702372.0,Steeve-Mike Eyango,canonical_identity_exact_unique_name,1,True
andreacambiaso,Andrea Cambiaso,459658.0,Andrea Cambiaso,fbref_accepted_exact_unique_name,8,True
yayahkallon,Yayah Kallon,623040.0,Yayah Kallon,fbref_accepted_exact_unique_name,2,True
calebekuban,Caleb Ekuban,199953.0,Caleb Ekuban,fbref_accepted_exact_unique_name,7,True
aleksanderbuksa,Aleksander Buksa,553757.0,Aleksander Buksa,canonical_identity_exact_unique_name,1,True
sergioromero,Sergio Romero,30690.0,Sergio Romero,fbref_accepted_exact_unique_name,2,True
lucalezzerini,Luca Lezzerini,135747.0,Luca Lezzerini,fbref_accepted_exact_unique_name,3,True
nikimaenpaa,Niki Mäenpää,12359.0,Niki Mäenpää,fbref_accepted_exact_unique_name,1,True
alesmateju,Ales Mateju,242078.0,Ales Mateju,fbref_accepted_exact_unique_name,1,True
michaelsvoboda,Michael Svoboda,438961.0,Michael Svoboda,fbref_accepted_exact_unique_name,2,True
marcomodolo,Marco Modolo,198873.0,Marco Modolo,fbref_accepted_exact_unique_name,3,True
maximilianullmann,Maximilian Ullmann,239934.0,Maximilian Ullmann,fbref_accepted_exact_unique_name,1,True
ridgecianohaps,Ridgeciano Haps,228444.0,Ridgeciano Haps,fbref_accepted_exact_unique_name,5,True
tyronneebuehi,Tyronne Ebuehi,309944.0,Tyronne Ebuehi,fbref_accepted_exact_unique_name,4,True
jakobpalsson,Jakob Pálsson,654543.0,Jakob Pálsson,canonical_identity_exact_unique_name,1,True
lucafiordilino,Luca Fiordilino,287875.0,Luca Fiordilino,fbref_accepted_exact_unique_name,2,True
antoniojuniorvacca,Antonio Junior Vacca,102984.0,Antonio Junior Vacca,canonical_identity_exact_unique_name,5,True
gianlucabusio,Gianluca Busio,504209.0,Gianluca Busio,fbref_accepted_exact_unique_name,5,True
sofiankiyine,Sofian Kiyine,393804.0,Sofian Kiyine,fbref_accepted_exact_unique_name,1,True
domencrnigoj,Domen Crnigoj,216599.0,Domen Crnigoj,fbref_accepted_exact_unique_name,2,True
dorperetz,Dor Peretz,204987.0,Dor Peretz,fbref_accepted_exact_unique_name,1,True
mattiaaramu,Mattia Aramu,200188.0,Mattia Aramu,fbref_accepted_exact_unique_name,2,True
laurialamyllymaki,Lauri Ala-Myllymäki,270515.0,Lauri Ala-Myllymäki,canonical_identity_exact_unique_name,1,True
nicolasgalazzi,Nicolas Galazzi,524428.0,Nicolas Galazzi,fbref_accepted_exact_unique_name,1,True
arnorsigurdsson,Arnór Sigurdsson,377665.0,Arnór Sigurdsson,fbref_accepted_enhanced_exact_unique_name,3,True
francescodimariano,Francesco Di Mariano,238950.0,Francesco Di Mariano,fbref_accepted_exact_unique_name,3,True
dennisjohnsen,Dennis Johnsen,406042.0,Dennis Johnsen,fbref_accepted_exact_unique_name,2,True
thomashenry,Thomas Henry,412513.0,Thomas Henry,fbref_accepted_exact_unique_name,2,True
davidokereke,David Okereke,413605.0,David Okereke,fbref_accepted_exact_unique_name,3,True
ottarmagnuskarlsson,Óttar Magnús Karlsson,271622.0,Óttar Magnús Karlsson,canonical_identity_exact_unique_name,1,True
davidemarfella,Davide Marfella,417414.0,Davide Marfella,canonical_identity_exact_unique_name,1,True
gianlucagaetano,Gianluca Gaetano,358008.0,Gianluca Gaetano,fbref_accepted_exact_unique_name,12,True
victorosimhen,Victor Osimhen,401923.0,Victor Osimhen,fbref_accepted_exact_unique_name,6,True
nicolocasale,Nicolò Casale,389837.0,Nicolò Casale,fbref_accepted_exact_unique_name,9,True
patric,Patric,126729.0,Patric,fbref_accepted_exact_unique_name,12,True
mariogila,Mario Gila,618341.0,Mario Gila,fbref_accepted_exact_unique_name,4,True
dimitrijekamenovic,Dimitrije Kamenovic,465565.0,Dimitrije Kamenovic,fbref_accepted_exact_unique_name,1,True
marcobertini,Marco Bertini,613539.0,Marco Bertini,canonical_identity_exact_unique_name,1,True
marcosantonio,Marcos Antônio,468301.0,Marcos Antônio,fbref_accepted_exact_unique_name,2,True
federicodimarco,Federico Dimarco,198116.0,Federico Dimarco,fbref_accepted_exact_unique_name,6,True
andreasjungdal,Andreas Jungdal,592924.0,Andreas Jungdal,canonical_identity_exact_unique_name,1,True
charlesdeketelaere,Charles De Ketelaere,435772.0,Charles De Ketelaere,fbref_accepted_exact_unique_name,6,True
juniormessias,Junior Messias,449151.0,Junior Messias,fbref_accepted_exact_unique_name,12,True
giorgioscalvini,Giorgio Scalvini,571604.0,Giorgio Scalvini,fbref_accepted_exact_unique_name,13,True
calebokoli,Caleb Okoli,461833.0,Caleb Okoli,fbref_accepted_exact_unique_name,2,True
madycamara,Mady Camara,481173.0,Mady Camara,canonical_identity_exact_unique_name,1,True
nicolazalewski,Nicola Zalewski,550108.0,Nicola Zalewski,fbref_accepted_exact_unique_name,7,True
olasolbakken,Ola Solbakken,431811.0,Ola Solbakken,fbref_accepted_exact_unique_name,6,True
paulodybala,Paulo Dybala,206050.0,Paulo Dybala,fbref_accepted_exact_unique_name,12,True
gianmarcocrespi,Gian Marco Crespi,504825.0,Gian Marco Crespi,canonical_identity_exact_unique_name,4,True
giovannigarofani,Giovanni Garofani,564792.0,Giovanni Garofani,canonical_identity_exact_unique_name,5,True
simonescaglia,Simone Scaglia,650989.0,Simone Scaglia,canonical_identity_exact_unique_name,1,True
alexsandro,Alex Sandro,79960.0,Alex Sandro,fbref_accepted_exact_unique_name,6,True
fabiomiretti,Fabio Miretti,571607.0,Fabio Miretti,fbref_accepted_exact_unique_name,6,True
alessandrosersanti,Alessandro Sersanti,657550.0,Alessandro Sersanti,canonical_identity_exact_unique_name,1,True
mattiacompagnon,Mattia Compagnon,537509.0,Mattia Compagnon,canonical_identity_exact_unique_name,1,True
moisekean,Moise Kean,364135.0,Moise Kean,fbref_accepted_exact_unique_name,11,True
lucasmartinezquarta,Lucas Martínez Quarta,373373.0,Lucas Martínez Quarta,fbref_accepted_exact_unique_name,5,True
aleksaterzic,Aleksa Terzic,404260.0,Aleksa Terzic,fbref_accepted_exact_unique_name,1,True
dodo,Dodô,401529.0,Dodô,fbref_accepted_exact_unique_name,4,True
szymonzurkowski,Szymon Żurkowski,387234.0,Szymon Żurkowski,fbref_accepted_exact_unique_name,7,True
alessandrobianco,Alessandro Bianco,602124.0,Alessandro Bianco,fbref_accepted_exact_unique_name,1,True
arthurcabral,Arthur Cabral,390638.0,Arthur Cabral,fbref_accepted_exact_unique_name,2,True
etritberisha,Etrit Berisha,77825.0,Etrit Berisha,fbref_accepted_exact_unique_name,4,True
perrschuurs,Perr Schuurs,418543.0,Perr Schuurs,fbref_accepted_exact_unique_name,3,True
emirhanilkhan,Emirhan İlkhan,743091.0,Emirhan İlkhan,fbref_accepted_exact_unique_name,5,True
luigicaccavo,Luigi Caccavo,815787.0,Luigi Caccavo,canonical_identity_exact_unique_name,1,True
nicolabagnolini,Nicola Bagnolini,818892.0,Nicola Bagnolini,canonical_identity_exact_unique_name,1,True
adamasoumaoro,Adama Soumaoro,126673.0,Adama Soumaoro,fbref_accepted_exact_unique_name,3,True
georgioskyriakopoulos,Georgios Kyriakopoulos,,,unresolved,3,False
lewisferguson,Lewis Ferguson,428563.0,Lewis Ferguson,fbref_accepted_exact_unique_name,4,True
robertosoriano,Roberto Soriano,63186.0,Roberto Soriano,fbref_accepted_exact_unique_name,2,True
musabarrow,Musa Barrow,486624.0,Musa Barrow,fbref_accepted_exact_unique_name,2,True
jakabijol,Jaka Bijol,371851.0,Jaka Bijol,fbref_accepted_exact_unique_name,3,True
adammasina,Adam Masina,286949.0,Adam Masina,fbref_accepted_exact_unique_name,5,True
filipbenkovic,Filip Benkovic,293168.0,Filip Benkovic,canonical_identity_exact_unique_name,3,True
leonardobuta,Leonardo Buta,653415.0,Leonardo Buta,fbref_accepted_exact_unique_name,1,True
festyebosele,Festy Ebosele,586756.0,Festy Ebosele,fbref_accepted_exact_unique_name,2,True
martinpalumbo,Martin Palumbo,617170.0,Martin Palumbo,canonical_identity_exact_unique_name,1,True
tolgayarslan,Tolgay Arslan,53536.0,Tolgay Arslan,fbref_accepted_exact_unique_name,2,True
ardianismajli,Ardian Ismajli,435228.0,Ardian Ismajli,fbref_accepted_exact_unique_name,7,True
leostulac,Leo Stulac,171159.0,Leo Stulac,fbref_accepted_exact_unique_name,1,True
nicolocambiaghi,Nicolò Cambiaghi,459151.0,Nicolò Cambiaghi,fbref_accepted_exact_unique_name,3,True
davidefrattesi,Davide Frattesi,394300.0,Davide Frattesi,fbref_accepted_exact_unique_name,5,True
agustinalvarez,Agustín Álvarez,,,unresolved,1,False
janisantiste,Janis Antiste,538974.0,Janis Antiste,fbref_accepted_exact_unique_name,2,True
alessandrotuia,Alessandro Tuia,73943.0,Alessandro Tuia,fbref_accepted_exact_unique_name,1,True
mortenhjulmand,Morten Hjulmand,461496.0,Morten Hjulmand,fbref_accepted_exact_unique_name,1,True
kristijanbistrovic,Kristijan Bistrovic,375857.0,Kristijan Bistrovic,fbref_accepted_exact_unique_name,1,True
gabrielstrefezza,Gabriel Strefezza,457673.0,Gabriel Strefezza,fbref_accepted_exact_unique_name,2,True
lorenzocolombo,Lorenzo Colombo,487843.0,Lorenzo Colombo,fbref_accepted_exact_unique_name,2,True
assanceesay,Assan Ceesay,388382.0,Assan Ceesay,fbref_accepted_exact_unique_name,2,True
joelvoelkerlingpersson,Joel Voelkerling Persson,647534.0,Joel Voelkerling Persson,fbref_accepted_exact_unique_name,4,True
luigisepe,Luigi Sepe,99254.0,Luigi Sepe,fbref_accepted_exact_unique_name,3,True
vincenzofiorillo,Vincenzo Fiorillo,55000.0,Vincenzo Fiorillo,fbref_accepted_exact_unique_name,1,True
lorenzopirola,Lorenzo Pirola,487834.0,Lorenzo Pirola,fbref_accepted_exact_unique_name,1,True
domagojbradaric,Domagoj Bradarić,357796.0,Domagoj Bradarić,fbref_accepted_exact_unique_name,1,True
emilbohinen,Emil Bohinen,406806.0,Emil Bohinen,fbref_accepted_exact_unique_name,3,True
ivanradovanovic,Ivan Radovanovic,46105.0,Ivan Radovanovic,fbref_accepted_exact_unique_name,2,True
michelecavion,Michele Cavion,199971.0,Michele Cavion,canonical_identity_exact_unique_name,4,True
diegovalencia,Diego Valencia,491648.0,Diego Valencia,fbref_accepted_exact_unique_name,1,True
edoardovergani,Edoardo Vergani,421780.0,Edoardo Vergani,fbref_accepted_exact_unique_name,1,True
eliocapradossi,Elio Capradossi,238947.0,Elio Capradossi,fbref_accepted_exact_unique_name,2,True
nicolobertola,Nicolò Bertola,632831.0,Nicolò Bertola,fbref_accepted_exact_unique_name,1,True
emilholm,Emil Holm,496745.0,Emil Holm,fbref_accepted_exact_unique_name,7,True
juliusbeck,Julius Beck,802512.0,Julius Beck,canonical_identity_exact_unique_name,1,True
emmanuelgyasi,Emmanuel Gyasi,241076.0,Emmanuel Gyasi,fbref_accepted_exact_unique_name,1,True
sufpodgoreanu,Suf Podgoreanu,540827.0,Suf Podgoreanu,fbref_accepted_exact_unique_name,1,True
ognjenstijepovic,Ognjen Stijepovic,399907.0,Ognjen Stijepovic,canonical_identity_exact_unique_name,2,True
davidstrelec,David Strelec,482836.0,David Strelec,fbref_accepted_exact_unique_name,1,True
isakhien,Isak Hien,503075.0,Isak Hien,fbref_accepted_exact_unique_name,10,True
joshdoig,Josh Doig,567129.0,Josh Doig,fbref_accepted_exact_unique_name,5,True
filippoterracciano,Filippo Terracciano,631007.0,Filippo Terracciano,fbref_accepted_exact_unique_name,1,True
ibrahimsulemana,Ibrahim Sulemana,982267.0,Ibrahim Sulemana,fbref_accepted_exact_unique_name,3,True
cyrilngonge,Cyril Ngonge,358032.0,Cyril Ngonge,fbref_accepted_exact_unique_name,3,True
adolfogaich,Adolfo Gaich,608469.0,Adolfo Gaich,fbref_accepted_exact_unique_name,2,True
jackhendry,Jack Hendry,363223.0,Jack Hendry,fbref_accepted_exact_unique_name,2,True
emanuelaiwu,Emanuel Aiwu,394152.0,Emanuel Aiwu,canonical_identity_exact_unique_name,2,True
lukalochoshvili,Luka Lochoshvili,345189.0,Luka Lochoshvili,fbref_accepted_exact_unique_name,1,True
lucaravanelli,Luca Ravanelli,312341.0,Luca Ravanelli,canonical_identity_exact_unique_name,1,True
matteobianchetti,Matteo Bianchetti,160986.0,Matteo Bianchetti,fbref_accepted_exact_unique_name,1,True
maissandiaye,Maissa Ndiaye,716411.0,Maissa Ndiaye,canonical_identity_exact_unique_name,1,True
emanuelevaleri,Emanuele Valeri,445126.0,Emanuele Valeri,fbref_accepted_exact_unique_name,3,True
giacomoquagliata,Giacomo Quagliata,458777.0,Giacomo Quagliata,fbref_accepted_exact_unique_name,1,True
paologhiglione,Paolo Ghiglione,313477.0,Paolo Ghiglione,fbref_accepted_exact_unique_name,1,True
soualihomeite,Soualiho Meïté,164913.0,Soualiho Meïté,fbref_accepted_exact_unique_name,1,True
michelecastagnetti,Michele Castagnetti,195335.0,Michele Castagnetti,fbref_accepted_exact_unique_name,2,True
pablogaldames,Pablo Galdames,313830.0,Pablo Galdames,canonical_identity_exact_unique_name,2,True
joshuatenkorang,Joshua Tenkorang,527180.0,Joshua Tenkorang,canonical_identity_exact_unique_name,1,True
cristianbuonaiuto,Cristian Buonaiuto,187384.0,Cristian Buonaiuto,fbref_accepted_exact_unique_name,1,True
cyrieldessers,Cyriel Dessers,317806.0,Cyriel Dessers,fbref_accepted_exact_unique_name,2,True
danielciofani,Daniel Ciofani,29605.0,Daniel Ciofani,fbref_accepted_exact_unique_name,1,True
martinturk,Martin Turk,700643.0,Martin Turk,fbref_accepted_exact_unique_name,1,True
maximeleverbe,Maxime Leverbe,451310.0,Maxime Leverbe,canonical_identity_exact_unique_name,1,True
jeisonmurillo,Jeison Murillo,131102.0,Jeison Murillo,fbref_accepted_exact_unique_name,1,True
simonetrimboli,Simone Trimboli,487839.0,Simone Trimboli,fbref_accepted_exact_unique_name,1,True
abdelhamidsabiri,Abdelhamid Sabiri,340394.0,Abdelhamid Sabiri,fbref_accepted_exact_unique_name,2,True
mehdileris,Mehdi Léris,348601.0,Mehdi Léris,fbref_accepted_exact_unique_name,2,True
manueldeluca,Manuel De Luca,,,unresolved,2,False
lucamarrone,Luca Marrone,124769.0,Luca Marrone,fbref_accepted_exact_unique_name,1,True
gabrielpaletta,Gabriel Paletta,30767.0,Gabriel Paletta,canonical_identity_exact_unique_name,1,True
carlosaugusto,Carlos Augusto,585982.0,Carlos Augusto,fbref_accepted_exact_unique_name,5,True
gabrieleferrarini,Gabriele Ferrarini,392033.0,Gabriele Ferrarini,canonical_identity_exact_unique_name,1,True
andreacolpani,Andrea Colpani,392959.0,Andrea Colpani,fbref_accepted_exact_unique_name,3,True
marcodalessandro,Marco D'Alessandro,99232.0,Marco D'Alessandro,fbref_accepted_exact_unique_name,1,True
danymota,Dany Mota,347253.0,Dany Mota,fbref_accepted_exact_unique_name,7,True
denzeldumfries,Denzel Dumfries,321528.0,Denzel Dumfries,fbref_accepted_exact_unique_name,4,True
kristjanasllani,Kristjan Asllani,543771.0,Kristjan Asllani,fbref_accepted_exact_unique_name,3,True
federicogatti,Federico Gatti,509022.0,Federico Gatti,fbref_accepted_exact_unique_name,2,True
carlosalcaraz,Carlos Alcaraz,748319.0,Carlos Alcaraz,fbref_accepted_exact_unique_name,1,True
luishasa,Luis Hasa,724178.0,Luis Hasa,canonical_identity_exact_unique_name,2,True
kenanyldz,Kenan Yıldız,845654.0,Kenan Yıldız,fbref_accepted_exact_unique_name,2,True
leonardocerri,Leonardo Cerri,672830.0,Leonardo Cerri,canonical_identity_exact_unique_name,1,True
tommasomancini,Tommaso Mancini,659416.0,Tommaso Mancini,canonical_identity_exact_unique_name,2,True
nikitacontini,Nikita Contini,250683.0,Nikita Contini,canonical_identity_exact_unique_name,4,True
edoardobove,Edoardo Bove,562049.0,Edoardo Bove,fbref_accepted_exact_unique_name,1,True
luigicherubini,Luigi Cherubini,721227.0,Luigi Cherubini,canonical_identity_exact_unique_name,1,True
christosmandas,Christos Mandas,481675.0,Christos Mandas,fbref_accepted_exact_unique_name,1,True
gustavisaksen,Gustav Isaksen,462823.0,Gustav Isaksen,fbref_accepted_exact_unique_name,1,True
felipeanderson,Felipe Anderson,159372.0,Felipe Anderson,fbref_accepted_exact_unique_name,1,True
diegogonzalez,Diego González,349836.0,Diego González,fbref_accepted_exact_unique_name,1,True
pietrocomuzzo,Pietro Comuzzo,746712.0,Pietro Comuzzo,fbref_accepted_exact_unique_name,2,True
niccolopierozzi,Niccolò Pierozzi,534084.0,Niccolò Pierozzi,fbref_accepted_exact_unique_name,3,True
lucasbeltran,Lucas Beltrán,628366.0,Lucas Beltrán,fbref_accepted_exact_unique_name,2,True
jonathanikone,Jonathan Ikoné,324690.0,Jonathan Ikoné,fbref_accepted_exact_unique_name,5,True
sambeukema,Sam Beukema,433984.0,Sam Beukema,fbref_accepted_exact_unique_name,1,True
jhonlucumi,Jhon Lucumí,413565.0,Jhon Lucumí,fbref_accepted_exact_unique_name,3,True
joaquinsosa,Joaquín Sosa,657742.0,Joaquín Sosa,fbref_accepted_exact_unique_name,1,True
tommasocorazza,Tommaso Corazza,818880.0,Tommaso Corazza,fbref_accepted_exact_unique_name,1,True
oussamaelazzouzi,Oussama El Azzouzi,531065.0,Oussama El Azzouzi,fbref_accepted_exact_unique_name,3,True
jensodgaard,Jens Odgaard,345590.0,Jens Odgaard,fbref_accepted_exact_unique_name,4,True
jesperkarlsson,Jesper Karlsson,367992.0,Jesper Karlsson,fbref_accepted_exact_unique_name,3,True
sydneyvanhooijdonk,Sydney van Hooijdonk,439292.0,Sydney van Hooijdonk,canonical_identity_exact_unique_name,1,True
mihaipopa,Mihai Popa,623412.0,Mihai Popa,canonical_identity_exact_unique_name,2,True
pietropassador,Pietro Passador,617164.0,Pietro Passador,canonical_identity_exact_unique_name,1,True
sabasazonov,Saba Sazonov,655456.0,Saba Sazonov,fbref_accepted_exact_unique_name,4,True
angenguessan,Ange N'Guessan,804799.0,Ange N'Guessan,canonical_identity_exact_unique_name,1,True
gvidasgineitis,Gvidas Gineitis,798929.0,Gvidas Gineitis,fbref_accepted_exact_unique_name,4,True
brianbayeye,Brian Bayeye,715470.0,Brian Bayeye,fbref_accepted_exact_unique_name,2,True
micheledigregorio,Michele Di Gregorio,301238.0,Michele Di Gregorio,fbref_accepted_exact_unique_name,3,True
eugeniolamanna,Eugenio Lamanna,85240.0,Eugenio Lamanna,fbref_accepted_exact_unique_name,2,True
giorgiocittadini,Giorgio Cittadini,616628.0,Giorgio Cittadini,fbref_accepted_exact_unique_name,2,True
davidebettella,Davide Bettella,357995.0,Davide Bettella,canonical_identity_exact_unique_name,2,True
samuelebirindelli,Samuele Birindelli,461019.0,Samuele Birindelli,fbref_accepted_exact_unique_name,3,True
patrickciurria,Patrick Ciurria,255838.0,Patrick Ciurria,fbref_accepted_exact_unique_name,4,True
samuelevignato,Samuele Vignato,650966.0,Samuele Vignato,fbref_accepted_exact_unique_name,4,True
nicolaleali,Nicola Leali,136111.0,Nicola Leali,fbref_accepted_exact_unique_name,1,True
johanvasquez,Johan Vásquez,532937.0,Johan Vásquez,fbref_accepted_exact_unique_name,3,True
alanmatturro,Alan Matturro,861981.0,Alan Matturro,fbref_accepted_exact_unique_name,6,True
alessandrovogliacco,Alessandro Vogliacco,330208.0,Alessandro Vogliacco,fbref_accepted_exact_unique_name,5,True
aaronmartin,Aarón Martín,251878.0,Aarón Martín,fbref_accepted_exact_unique_name,1,True
albertgudmundsson,Albert Gudmundsson,305947.0,Albert Gudmundsson,fbref_accepted_enhanced_exact_unique_name,6,True
mateoretegui,Mateo Retegui,554903.0,Mateo Retegui,fbref_accepted_exact_unique_name,6,True
georgepuscas,George Pușcaș,208690.0,George Pușcaș,fbref_accepted_exact_unique_name,1,True
ilariomonterisi,Ilario Monterisi,550116.0,Ilario Monterisi,fbref_accepted_exact_unique_name,1,True
przemyslawszyminski,Przemyslaw Szyminski,255461.0,Przemyslaw Szyminski,canonical_identity_exact_unique_name,2,True
sergiokalaj,Sergio Kalaj,457237.0,Sergio Kalaj,canonical_identity_exact_unique_name,1,True
anthonyoyono,Anthony Oyono,804812.0,Anthony Oyono,fbref_accepted_exact_unique_name,1,True
lucamazzitelli,Luca Mazzitelli,226025.0,Luca Mazzitelli,fbref_accepted_exact_unique_name,3,True
marcobrescianini,Marco Brescianini,459128.0,Marco Brescianini,fbref_accepted_exact_unique_name,2,True
giuseppecaso,Giuseppe Caso,398030.0,Giuseppe Caso,fbref_accepted_exact_unique_name,1,True
francescogelli,Francesco Gelli,337811.0,Francesco Gelli,fbref_accepted_exact_unique_name,1,True
marvincuni,Marvin Cuni,453864.0,Marvin Cuni,fbref_accepted_exact_unique_name,3,True
eliacaprile,Elia Caprile,421873.0,Elia Caprile,fbref_accepted_exact_unique_name,3,True
gabrieleguarino,Gabriele Guarino,745427.0,Gabriele Guarino,canonical_identity_exact_unique_name,1,True
jacopofazzini,Jacopo Fazzini,691482.0,Jacopo Fazzini,fbref_accepted_exact_unique_name,7,True
edoardopiana,Edoardo Piana,612059.0,Edoardo Piana,canonical_identity_exact_unique_name,1,True
joelmalusa,Joel Malusà,1060935.0,Joel Malusà,canonical_identity_exact_unique_name,1,True
lautarogiannetti,Lautaro Giannetti,225963.0,Lautaro Giannetti,canonical_identity_exact_unique_name,5,True
jordanzemura,Jordan Zemura,633530.0,Jordan Zemura,fbref_accepted_exact_unique_name,2,True
hassanekamara,Hassane Kamara,290017.0,Hassane Kamara,fbref_accepted_exact_unique_name,2,True
sandilovric,Sandi Lovrić,268429.0,Sandi Lovrić,fbref_accepted_exact_unique_name,3,True
davidpejiaia,David PejiÄiÄ‡,,,unresolved,1,False
lorenzolucca,Lorenzo Lucca,572265.0,Lorenzo Lucca,fbref_accepted_exact_unique_name,2,True
brenner,Brenner,412366.0,Brenner,fbref_accepted_exact_unique_name,1,True
vivaldosemedo,Vivaldo Semedo,1014243.0,Vivaldo Semedo,canonical_identity_exact_unique_name,2,True
federicobrancolini,Federico Brancolini,451154.0,Federico Brancolini,canonical_identity_exact_unique_name,1,True
ylberramadani,Ylber Ramadani,442703.0,Ylber Ramadani,fbref_accepted_exact_unique_name,1,True
alexisblin,Alexis Blin,236041.0,Alexis Blin,fbref_accepted_exact_unique_name,1,True
mohamedkaba,Mohamed Kaba,911328.0,Mohamed Kaba,fbref_accepted_exact_unique_name,1,True
thorirjohannhelgason,Thórir Jóhann Helgason,488996.0,Thórir Jóhann Helgason,fbref_accepted_enhanced_exact_unique_name,1,True
lameckbanda,Lameck Banda,545538.0,Lameck Banda,fbref_accepted_exact_unique_name,4,True
pontusalmqvist,Pontus Almqvist,300532.0,Pontus Almqvist,fbref_accepted_exact_unique_name,4,True
santiagopierotti,Santiago Pierotti,674806.0,Santiago Pierotti,fbref_accepted_exact_unique_name,1,True
jeppecorfitzen,Jeppe Corfitzen,709985.0,Jeppe Corfitzen,canonical_identity_exact_unique_name,2,True
yefersonpaz,Yeferson Paz,655525.0,Yeferson Paz,canonical_identity_exact_unique_name,1,True
danielboloca,Daniel Boloca,441515.0,Daniel Boloca,fbref_accepted_exact_unique_name,1,True
pedroobiang,Pedro Obiang,101213.0,Pedro Obiang,fbref_accepted_exact_unique_name,1,True
kristianthorstvedt,Kristian Thorstvedt,564785.0,Kristian Thorstvedt,fbref_accepted_exact_unique_name,1,True
samuelemulattieri,Samuele Mulattieri,457422.0,Samuele Mulattieri,fbref_accepted_exact_unique_name,1,True
albertodossena,Alberto Dossena,385394.0,Alberto Dossena,fbref_accepted_exact_unique_name,2,True
pantelishatzidiakos,Pantelis Hatzidiakos,144244.0,Pantelis Hatzidiakos,fbref_accepted_exact_unique_name,3,True
antoinemakoumbou,Antoine Makoumbou,460651.0,Antoine Makoumbou,fbref_accepted_exact_unique_name,2,True
marcomancosu,Marco Mancosu,51736.0,Marco Mancosu,fbref_accepted_exact_unique_name,4,True
gianlucalapadula,Gianluca Lapadula,130394.0,Gianluca Lapadula,fbref_accepted_exact_unique_name,4,True
juancabal,Juan Cabal,686965.0,Juan Cabal,canonical_identity_exact_unique_name,2,True
jacksontchatchoua,Jackson Tchatchoua,848509.0,Jackson Tchatchoua,fbref_accepted_exact_unique_name,1,True
michaelfolorunsho,Michael Folorunsho,377042.0,Michael Folorunsho,fbref_accepted_exact_unique_name,14,True
jordimboula,Jordi Mboula,331498.0,Jordi Mboula,fbref_accepted_exact_unique_name,1,True
elayistavsan,Elayis Tavsan,462086.0,Elayis Tavsan,fbref_accepted_exact_unique_name,1,True
karolswiderski,Karol Swiderski,330126.0,Karol Świderski,fbref_accepted_exact_unique_name,1,True
juanmanuelcruz,Juan Manuel Cruz,748316.0,Juan Manuel Cruz,canonical_identity_exact_unique_name,1,True
enricodelprato,Enrico Delprato,392956.0,Enrico Delprato,canonical_identity_exact_unique_name,2,True
antoinehainaut,Antoine Hainaut,917375.0,Antoine Hainaut,canonical_identity_exact_unique_name,1,True
anthonypartipilo,Anthony Partipilo,182517.0,Anthony Partipilo,canonical_identity_exact_unique_name,2,True
dariosits,Dario Sits,806955.0,Dario Sits,canonical_identity_exact_unique_name,1,True
raffaeledigennaro,Raffaele Di Gennaro,70580.0,Raffaele Di Gennaro,fbref_accepted_exact_unique_name,1,True
yannbisseck,Yann Bisseck,441986.0,Yann Bisseck,canonical_identity_exact_unique_name,2,True
matteococchi,Matteo Cocchi,988987.0,Matteo Cocchi,canonical_identity_exact_unique_name,1,True
petarsuaia,Petar SuÄiÄ‡,,,unresolved,1,False
sebastianoesposito,Sebastiano Esposito,538918.0,Sebastiano Esposito,fbref_accepted_exact_unique_name,4,True
pioesposito,Pio Esposito,930781.0,Pio Esposito,canonical_identity_exact_unique_name,2,True
mehditaremi,Mehdi Taremi,307058.0,Mehdi Taremi,canonical_identity_exact_unique_name,1,True
noahraveyre,Noah Raveyre,986180.0,Noah Raveyre,canonical_identity_exact_unique_name,1,True
warrenbondo,Warren Bondo,659516.0,Warren Bondo,fbref_accepted_exact_unique_name,2,True
kevinzeroli,Kevin Zeroli,883349.0,Kevin Zeroli,fbref_accepted_exact_unique_name,4,True
hugocuenca,Hugo Cuenca,906315.0,Hugo Cuenca,canonical_identity_exact_unique_name,2,True
noahokafor,Noah Okafor,346890.0,Noah Okafor,fbref_accepted_exact_unique_name,10,True
chakatraore,Chaka Traorè,700998.0,Chaka Traorè,fbref_accepted_exact_unique_name,2,True
santiagogimenez,Santiago Gimenez,552955.0,Santiago Gimenez,canonical_identity_exact_unique_name,2,True
francescocamarda,Francesco Camarda,1058368.0,Francesco Camarda,canonical_identity_exact_unique_name,1,True
jonasrouhi,Jonas Rouhi,741090.0,Jonas Rouhi,canonical_identity_exact_unique_name,1,True
nicolosavona,Nicolò Savona,708072.0,Nicolò Savona,canonical_identity_exact_unique_name,3,True
vasilijeadzic,Vasilije Adžić,944570.0,Vasilije Adžić,canonical_identity_exact_unique_name,2,True
samuelmbangula,Samuel Mbangula,654991.0,Samuel Mbangula,canonical_identity_exact_unique_name,1,True
franciscoconceicao,Francisco Conceição,487474.0,Francisco Conceição,canonical_identity_exact_unique_name,3,True
lorenzoanghele,Lorenzo Anghelè,925848.0,Lorenzo Anghelè,canonical_identity_exact_unique_name,1,True
marcopalestra,Marco Palestra,895937.0,Marco Palestra,canonical_identity_exact_unique_name,1,True
dominicvavassori,Dominic Vavassori,936739.0,Dominic Vavassori,canonical_identity_exact_unique_name,1,True
victornelsson,Victor Nelsson,422951.0,Victor Nelsson,canonical_identity_exact_unique_name,1,True
anasssalaheddine,Anass Salah-Eddine,485584.0,Anass Salah-Eddine,canonical_identity_exact_unique_name,1,True
samueldahl,Samuel Dahl,605396.0,Samuel Dahl,canonical_identity_exact_unique_name,1,True
devynerensch,Devyne Rensch,557407.0,Devyne Rensch,canonical_identity_exact_unique_name,3,True
saudabdulhamid,Saud Abdulhamid,631927.0,Saud Abdulhamid,canonical_identity_exact_unique_name,1,True
lucasgournadouath,Lucas Gourna-Douath,620313.0,Lucas Gourna-Douath,fbref_accepted_exact_unique_name,3,True
joaocosta,João Costa,936536.0,João Costa,fbref_accepted_exact_unique_name,1,True
francescomezzoni,Francesco Mezzoni,395190.0,Francesco Mezzoni,canonical_identity_exact_unique_name,1,True
davidneres,David Neres,469822.0,David Neres,canonical_identity_exact_unique_name,3,True
matiasmoreno,Matías Moreno,1144700.0,Matías Moreno,canonical_identity_exact_unique_name,1,True
niccolofortini,Niccolò Fortini,984964.0,Niccolò Fortini,canonical_identity_exact_unique_name,2,True
yacineadli,Yacine Adli,395236.0,Yacine Adli,fbref_accepted_exact_unique_name,2,True
amirrichardson,Amir Richardson,893675.0,Amir Richardson,fbref_accepted_exact_unique_name,1,True
cherndour,Cher Ndour,651005.0,Cher Ndour,fbref_accepted_exact_unique_name,1,True
kacperurbanski,Kacper Urbanski,699442.0,Kacper Urbański,fbref_accepted_exact_unique_name,2,True
santiagocastro,Santiago Castro,849520.0,Santiago Castro,fbref_accepted_exact_unique_name,1,True
thijsdallinga,Thijs Dallinga,538964.0,Thijs Dallinga,fbref_accepted_exact_unique_name,1,True
saulcoco,Saúl Coco,588426.0,Saúl Coco,fbref_accepted_exact_unique_name,2,True
marcuspedersen,Marcus Pedersen,583404.0,Marcus Pedersen,fbref_accepted_exact_unique_name,2,True
comebianaybalcot,Côme Bianay Balcot,1059298.0,Côme Bianay Balcot,canonical_identity_exact_unique_name,1,True
aaronciammaglichella,Aaron Ciammaglichella,724108.0,Aaron Ciammaglichella,canonical_identity_exact_unique_name,3,True
sergiuperciun,Sergiu Perciun,980632.0,Sergiu Perciun,canonical_identity_exact_unique_name,1,True
alieunjie,Alieu Njie,934527.0,Alieu Njie,canonical_identity_exact_unique_name,3,True
madukaokoye,Maduka Okoye,340353.0,Maduka Okoye,fbref_accepted_exact_unique_name,1,True
razvansava,Răzvan Sava,568617.0,Răzvan Sava,canonical_identity_exact_unique_name,1,True
oumarsolet,Oumar Solet,463665.0,Oumar Solet,fbref_accepted_exact_unique_name,1,True
isaaktoure,Isaak Touré,708678.0,Isaak Touré,canonical_identity_exact_unique_name,1,True
thomaskristensen,Thomas Kristensen,698259.0,Thomas Kristensen,fbref_accepted_exact_unique_name,2,True
ruimodesto,Rui Modesto,671799.0,Rui Modesto,canonical_identity_exact_unique_name,1,True
arthuratta,Arthur Atta,855308.0,Arthur Atta,fbref_accepted_exact_unique_name,1,True
martinpayero,Martín Payero,555820.0,Martín Payero,fbref_accepted_exact_unique_name,3,True
damianpizarro,Damián Pizarro,950593.0,Damián Pizarro,canonical_identity_exact_unique_name,1,True
ikerbravo,Iker Bravo,741292.0,Iker Bravo,canonical_identity_exact_unique_name,1,True
devisvasquez,Devis Vásquez,495722.0,Devis Vásquez,canonical_identity_exact_unique_name,1,True
samueleperisan,Samuele Perisan,301240.0,Samuele Perisan,fbref_accepted_exact_unique_name,2,True
lucamarianucci,Luca Marianucci,814446.0,Luca Marianucci,canonical_identity_exact_unique_name,1,True
juniorsambia,Junior Sambia,335147.0,Junior Sambia,fbref_accepted_exact_unique_name,1,True
francescodonati,Francesco Donati,525660.0,Francesco Donati,canonical_identity_exact_unique_name,1,True
lucabelardinelli,Luca Belardinelli,467994.0,Luca Belardinelli,canonical_identity_exact_unique_name,1,True
tinoanjorin,Tino Anjorin,433181.0,Tino Anjorin,canonical_identity_exact_unique_name,4,True
benjaminsiegrist,Benjamin Siegrist,111426.0,Benjamin Siegrist,canonical_identity_exact_unique_name,2,True
alessandromarcandalli,Alessandro Marcandalli,818448.0,Alessandro Marcandalli,canonical_identity_exact_unique_name,2,True
sebastianotoa,Sebastian Otoa,890385.0,Sebastian Otoa,canonical_identity_exact_unique_name,1,True
honestahanor,Honest Ahanor,1077175.0,Honest Ahanor,canonical_identity_exact_unique_name,1,True
brookenortoncuffy,Brooke Norton-Cuffy,728733.0,Brooke Norton-Cuffy,canonical_identity_exact_unique_name,3,True
mortenfrendrup,Morten Frendrup,503871.0,Morten Frendrup,fbref_accepted_exact_unique_name,1,True
jeffekhator,Jeff Ekhator,934878.0,Jeff Ekhator,canonical_identity_exact_unique_name,1,True
davidankeye,David Ankeye,881610.0,David Ankeye,canonical_identity_exact_unique_name,2,True
mariobalotelli,Mario Balotelli,45146.0,Mario Balotelli,fbref_accepted_exact_unique_name,2,True
giovannileoni,Giovanni Leoni,,,unresolved,1,False
alessandrocircati,Alessandro Circati,867137.0,Alessandro Circati,canonical_identity_exact_unique_name,1,True
botondbalogh,Botond Balogh,543727.0,Botond Balogh,fbref_accepted_exact_unique_name,1,True
gianlucadichiara,Gianluca Di Chiara,189340.0,Gianluca Di Chiara,fbref_accepted_exact_unique_name,1,True
drissacamara,Drissa Camara,614742.0,Drissa Camara,canonical_identity_exact_unique_name,1,True
adrianbenedyczak,Adrian Benedyczak,454386.0,Adrian Benedyczak,canonical_identity_exact_unique_name,3,True
anashajmohamed,Anas Haj Mohamed,883122.0,Anas Haj Mohamed,canonical_identity_exact_unique_name,1,True
angeyoanbonny,Ange-Yoan Bonny,827734.0,Ange-Yoan Bonny,canonical_identity_exact_unique_name,1,True
gabrielcharpentier,Gabriel Charpentier,660342.0,Gabriel Charpentier,canonical_identity_exact_unique_name,2,True
mateuszkowalski,Mateusz Kowalski,902573.0,Mateusz Kowalski,canonical_identity_exact_unique_name,1,True
federicobarba,Federico Barba,165873.0,Federico Barba,fbref_accepted_exact_unique_name,2,True
marcosala,Marco Sala,392570.0,Marco Sala,canonical_identity_exact_unique_name,4,True
ignacevanderbrempt,Ignace Van der Brempt,490423.0,Ignace Van der Brempt,canonical_identity_exact_unique_name,3,True
ivanazon,Iván Azón,633306.0,Iván Azón,canonical_identity_exact_unique_name,3,True
alessandrogabrielloni,Alessandro Gabrielloni,311333.0,Alessandro Gabrielloni,canonical_identity_exact_unique_name,1,True
danieleghilardi,Daniele Ghilardi,701819.0,Daniele Ghilardi,canonical_identity_exact_unique_name,1,True
yllanokou,Yllan Okou,745202.0,Yllan Okou,canonical_identity_exact_unique_name,1,True
martinfrese,Martin Frese,488785.0,Martin Frese,canonical_identity_exact_unique_name,3,True
cheikhniasse,Cheikh Niasse,644032.0,Cheikh Niasse,canonical_identity_exact_unique_name,1,True
antoinebernede,Antoine Bernede,395512.0,Antoine Bernede,fbref_accepted_exact_unique_name,1,True
tomassuslov,Tomas Suslov,540333.0,Tomas Suslov,fbref_accepted_exact_unique_name,2,True
caspertengstedt,Casper Tengstedt,464598.0,Casper Tengstedt,canonical_identity_exact_unique_name,3,True
danielmosquera,Daniel Mosquera,651569.0,Daniel Mosquera,canonical_identity_exact_unique_name,1,True
mathislambourde,Mathis Lambourde,979766.0,Mathis Lambourde,canonical_identity_exact_unique_name,1,True
dailonlivramento,Dailon Livramento,676411.0,Dailon Livramento,canonical_identity_exact_unique_name,1,True
mateuszwieteska,Mateusz Wieteska,208172.0,Mateusz Wieteska,fbref_accepted_exact_unique_name,1,True
matteoprati,Matteo Prati,876298.0,Matteo Prati,fbref_accepted_exact_unique_name,1,True
florinelcoman,Florinel Coman,340982.0,Florinel Coman,canonical_identity_exact_unique_name,2,True
mattiafelici,Mattia Felici,,,unresolved,1,False
kingstonemutandwa,Kingstone Mutandwa,1111663.0,Kingstone Mutandwa,canonical_identity_exact_unique_name,2,True
kialondagaspar,Kialonda Gaspar,,,unresolved,1,False
gabyjean,Gaby Jean,805886.0,Gaby Jean,canonical_identity_exact_unique_name,1,True
antoninogallo,Antonino Gallo,392516.0,Antonino Gallo,fbref_accepted_exact_unique_name,2,True
balthazarpierret,Balthazar Pierret,642002.0,Balthazar Pierret,canonical_identity_exact_unique_name,3,True
medonberisha,Medon Berisha,583046.0,Medon Berisha,fbref_accepted_exact_unique_name,2,True
joangonzalez,Joan González,692209.0,Joan González,fbref_accepted_exact_unique_name,1,True
filipmarchwinski,Filip Marchwinski,555106.0,Filip Marchwinski,canonical_identity_exact_unique_name,4,True
raresburnete,Rareș Burnete,731525.0,Rareș Burnete,canonical_identity_exact_unique_name,1,True
stefanoturati,Stefano Turati,543666.0,Stefano Turati,fbref_accepted_exact_unique_name,3,True
stefanlekovic,Stefan Leković,797572.0,Stefan Lekovic,fbref_accepted_exact_unique_name,1,True
lucacaldirola,Luca Caldirola,88680.0,Luca Caldirola,fbref_accepted_exact_unique_name,3,True
pepinmachin,Pepín Machín,355104.0,Pepín Machín,canonical_identity_exact_unique_name,1,True
omariforson,Omari Forson,670845.0,Omari Forson,canonical_identity_exact_unique_name,1,True
filipstankovic,Filip Stanković,552223.0,Filip Stanković,canonical_identity_exact_unique_name,1,True
jessejoronen,Jesse Joronen,131758.0,Jesse Joronen,fbref_accepted_exact_unique_name,1,True
joelschingtienne,Joël Schingtienne,707809.0,Joël Schingtienne,canonical_identity_exact_unique_name,1,True
lorenzolucchesi,Lorenzo Lucchesi,567454.0,Lorenzo Lucchesi,canonical_identity_exact_unique_name,2,True
marinsverko,Marin Šverko,282169.0,Marin Šverko,canonical_identity_exact_unique_name,2,True
richiesagrado,Richie Sagrado,655009.0,Richie Sagrado,canonical_identity_exact_unique_name,2,True
cheickconde,Cheick Condé,698560.0,Cheick Condé,canonical_identity_exact_unique_name,1,True
issadoumbia,Issa Doumbia,924349.0,Issa Doumbia,canonical_identity_exact_unique_name,1,True
francescozampano,Francesco Zampano,216872.0,Francesco Zampano,fbref_accepted_exact_unique_name,2,True
bjarkibjarkason,Bjarki Bjarkason,566613.0,Bjarki Bjarkason,canonical_identity_exact_unique_name,1,True
johnyeboah,John Yeboah,439914.0,John Yeboah,fbref_accepted_exact_unique_name,1,True
saadelhaddad,Saad El Haddad,936684.0,Saad El Haddad,canonical_identity_exact_unique_name,1,True
antonioraimondo,Antonio Raimondo,818888.0,Antonio Raimondo,canonical_identity_exact_unique_name,1,True
fisayodelebashiru,Fisayo Dele-Bashiru,530742.0,Fisayo Dele-Bashiru,canonical_identity_exact_unique_name,2,True
tijjaninoslin,Tijjani Noslin,457736.0,Tijjani Noslin,fbref_accepted_exact_unique_name,1,True
