table,column_order,column,usage,timing_policy,definition
transfer_compatibility_targets,1,transfer_event_id,identifier_or_split_control,not_a_predictor,"Join, grouping, audit, or chronological split field; do not encode raw identifiers as numeric predictors."
transfer_compatibility_targets,2,canonical_transfer_event_id,identifier_or_split_control,not_a_predictor,"Join, grouping, audit, or chronological split field; do not encode raw identifiers as numeric predictors."
transfer_compatibility_targets,3,canonical_performance_id,identifier_or_split_control,not_a_predictor,"Join, grouping, audit, or chronological split field; do not encode raw identifiers as numeric predictors."
transfer_compatibility_targets,4,canonical_player_id,identifier_or_split_control,not_a_predictor,"Join, grouping, audit, or chronological split field; do not encode raw identifiers as numeric predictors."
transfer_compatibility_targets,5,canonical_player_name,identifier_or_split_control,not_a_predictor,"Join, grouping, audit, or chronological split field; do not encode raw identifiers as numeric predictors."
transfer_compatibility_targets,6,canonical_club_id,identifier_or_split_control,not_a_predictor,"Join, grouping, audit, or chronological split field; do not encode raw identifiers as numeric predictors."
transfer_compatibility_targets,7,canonical_club_name,identifier_or_split_control,not_a_predictor,"Join, grouping, audit, or chronological split field; do not encode raw identifiers as numeric predictors."
transfer_compatibility_targets,8,canonical_competition_id,identifier_or_split_control,not_a_predictor,"Join, grouping, audit, or chronological split field; do not encode raw identifiers as numeric predictors."
transfer_compatibility_targets,9,canonical_season_key,identifier_or_split_control,not_a_predictor,"Join, grouping, audit, or chronological split field; do not encode raw identifiers as numeric predictors."
transfer_compatibility_targets,10,season_start_year,identifier_or_split_control,not_a_predictor,"Join, grouping, audit, or chronological split field; do not encode raw identifiers as numeric predictors."
transfer_compatibility_targets,11,role_group,identifier_or_split_control,not_a_predictor,"Join, grouping, audit, or chronological split field; do not encode raw identifiers as numeric predictors."
transfer_compatibility_targets,12,recommended_time_split,feature_or_control,review_dictionary,Field emitted in transfer_compatibility_targets; review timing and usage before modeling.
transfer_compatibility_targets,13,transfer_date,transfer_time_feature_or_control,available_at_transfer,Transfer-event attribute available at or before the move; validate missingness and policy before modeling.
transfer_compatibility_targets,14,transfer_window,transfer_time_feature_or_control,available_at_transfer,Transfer-event attribute available at or before the move; validate missingness and policy before modeling.
transfer_compatibility_targets,15,transfer_days_from_target_season_start,transfer_time_feature_or_control,available_at_transfer,Transfer-event attribute available at or before the move; validate missingness and policy before modeling.
transfer_compatibility_targets,16,player_id,feature_or_control,review_dictionary,Field emitted in transfer_compatibility_targets; review timing and usage before modeling.
transfer_compatibility_targets,17,player_name,identifier_or_split_control,not_a_predictor,"Join, grouping, audit, or chronological split field; do not encode raw identifiers as numeric predictors."
transfer_compatibility_targets,18,from_club_id,transfer_time_feature_or_control,available_at_transfer,Transfer-event attribute available at or before the move; validate missingness and policy before modeling.
transfer_compatibility_targets,19,from_club_name,identifier_or_split_control,not_a_predictor,"Join, grouping, audit, or chronological split field; do not encode raw identifiers as numeric predictors."
transfer_compatibility_targets,20,to_club_id,transfer_time_feature_or_control,available_at_transfer,Transfer-event attribute available at or before the move; validate missingness and policy before modeling.
transfer_compatibility_targets,21,to_club_name,identifier_or_split_control,not_a_predictor,"Join, grouping, audit, or chronological split field; do not encode raw identifiers as numeric predictors."
transfer_compatibility_targets,22,canonical_transfer_type,transfer_time_feature_or_control,available_at_transfer,Transfer-event attribute available at or before the move; validate missingness and policy before modeling.
transfer_compatibility_targets,23,canonical_transfer_fee_status,transfer_time_feature_or_control,available_at_transfer,Transfer-event attribute available at or before the move; validate missingness and policy before modeling.
transfer_compatibility_targets,24,canonical_transfer_fee_eur,transfer_time_feature_or_control,available_at_transfer,Transfer-event attribute available at or before the move; validate missingness and policy before modeling.
transfer_compatibility_targets,25,transfer_fee_eur,transfer_time_feature_or_control,available_at_transfer,Transfer-event attribute available at or before the move; validate missingness and policy before modeling.
transfer_compatibility_targets,26,fee_status,feature_or_control,review_dictionary,Field emitted in transfer_compatibility_targets; review timing and usage before modeling.
transfer_compatibility_targets,27,listed_market_value_at_transfer_eur,transfer_time_feature_or_control,available_at_transfer,Transfer-event attribute available at or before the move; validate missingness and policy before modeling.
transfer_compatibility_targets,28,age_at_transfer,transfer_time_feature_or_control,available_at_transfer,Transfer-event attribute available at or before the move; validate missingness and policy before modeling.
transfer_compatibility_targets,29,position,transfer_time_feature_or_control,available_at_transfer,Transfer-event attribute available at or before the move; validate missingness and policy before modeling.
transfer_compatibility_targets,30,sub_position,transfer_time_feature_or_control,available_at_transfer,Transfer-event attribute available at or before the move; validate missingness and policy before modeling.
transfer_compatibility_targets,31,foot,transfer_time_feature_or_control,available_at_transfer,Transfer-event attribute available at or before the move; validate missingness and policy before modeling.
transfer_compatibility_targets,32,height_in_cm,transfer_time_feature_or_control,available_at_transfer,Transfer-event attribute available at or before the move; validate missingness and policy before modeling.
transfer_compatibility_targets,33,country_of_citizenship,feature_or_control,review_dictionary,Field emitted in transfer_compatibility_targets; review timing and usage before modeling.
transfer_compatibility_targets,34,cohort_tier,feature_or_control,review_dictionary,Field emitted in transfer_compatibility_targets; review timing and usage before modeling.
transfer_compatibility_targets,35,event_resolution_status,feature_or_control,review_dictionary,Field emitted in transfer_compatibility_targets; review timing and usage before modeling.
transfer_compatibility_targets,36,event_conflict,feature_or_control,review_dictionary,Field emitted in transfer_compatibility_targets; review timing and usage before modeling.
transfer_compatibility_targets,37,selected_destination_event_policy,feature_or_control,review_dictionary,Field emitted in transfer_compatibility_targets; review timing and usage before modeling.
transfer_compatibility_targets,38,same_destination_event_count,feature_or_control,review_dictionary,Field emitted in transfer_compatibility_targets; review timing and usage before modeling.
transfer_compatibility_targets,39,later_same_destination_events_collapsed,feature_or_control,review_dictionary,Field emitted in transfer_compatibility_targets; review timing and usage before modeling.
transfer_compatibility_targets,40,target_club_match_opportunities,target_or_target_diagnostic,outcome_only,Current destination-season outcome or its calculation component; never use as a predictor.
transfer_compatibility_targets,41,target_available_player_minutes,target_or_target_diagnostic,outcome_only,Current destination-season outcome or its calculation component; never use as a predictor.
transfer_compatibility_targets,42,target_destination_minutes,target_or_target_diagnostic,outcome_only,Current destination-season outcome or its calculation component; never use as a predictor.
transfer_compatibility_targets,43,target_destination_minutes_share,target_or_target_diagnostic,outcome_only,Current destination-season outcome or its calculation component; never use as a predictor.
transfer_compatibility_targets,44,target_destination_minutes_share_available,target_or_target_diagnostic,outcome_only,Current destination-season outcome or its calculation component; never use as a predictor.
transfer_compatibility_targets,45,target_destination_minutes_share_denominator_policy,target_or_target_diagnostic,outcome_only,Current destination-season outcome or its calculation component; never use as a predictor.
transfer_compatibility_targets,46,target_role_performance_index,target_or_target_diagnostic,outcome_only,Current destination-season outcome or its calculation component; never use as a predictor.
transfer_compatibility_targets,47,target_role_performance_index_available,target_or_target_diagnostic,outcome_only,Current destination-season outcome or its calculation component; never use as a predictor.
transfer_compatibility_targets,48,prior3_role_performance_baseline,target_baseline_diagnostic,outcome_calculation_only,Prior-history component used to define or audit performance change; omit when predicting absolute performance.
transfer_compatibility_targets,49,prior3_role_performance_baseline_minutes,target_baseline_diagnostic,outcome_calculation_only,Prior-history component used to define or audit performance change; omit when predicting absolute performance.
transfer_compatibility_targets,50,prior3_role_performance_baseline_seasons,target_baseline_diagnostic,outcome_calculation_only,Prior-history component used to define or audit performance change; omit when predicting absolute performance.
transfer_compatibility_targets,51,prior3_role_performance_baseline_available,target_baseline_diagnostic,outcome_calculation_only,Prior-history component used to define or audit performance change; omit when predicting absolute performance.
transfer_compatibility_targets,52,target_performance_change_rolling3,target_or_target_diagnostic,outcome_only,Current destination-season outcome or its calculation component; never use as a predictor.
transfer_compatibility_targets,53,target_performance_change_rolling3_available,target_or_target_diagnostic,outcome_only,Current destination-season outcome or its calculation component; never use as a predictor.
transfer_compatibility_targets,54,target_performance_change_definition,target_or_target_diagnostic,outcome_only,Current destination-season outcome or its calculation component; never use as a predictor.
transfer_compatibility_targets,55,lag1_role_matches_target_role,target_baseline_diagnostic,outcome_calculation_only,Prior-history component used to define or audit performance change; omit when predicting absolute performance.
transfer_compatibility_targets,56,advanced_max_source_season_used,strict_compatibility_predictor,strict_preseason_safe,Lagged player or prior-club compatibility feature constructed without target-season outcomes.
transfer_compatibility_targets,57,preference_max_source_season,strict_compatibility_predictor,strict_preseason_safe,Lagged player or prior-club compatibility feature constructed without target-season outcomes.
transfer_compatibility_targets,58,strict_context_source_season,strict_compatibility_predictor,strict_preseason_safe,Lagged player or prior-club compatibility feature constructed without target-season outcomes.
transfer_compatibility_targets,59,strict_model_feature_eligible,strict_compatibility_predictor,strict_preseason_safe,Lagged player or prior-club compatibility feature constructed without target-season outcomes.
transfer_compatibility_targets,60,preference_model_feature_eligible,strict_compatibility_predictor,strict_preseason_safe,Lagged player or prior-club compatibility feature constructed without target-season outcomes.
transfer_compatibility_targets,61,transfer_type_primary_eligible,transfer_time_feature_or_control,available_at_transfer,Transfer-event attribute available at or before the move; validate missingness and policy before modeling.
transfer_compatibility_targets,62,outfield_role_eligible,feature_or_control,review_dictionary,Field emitted in transfer_compatibility_targets; review timing and usage before modeling.
transfer_compatibility_targets,63,primary_summer_window_eligible,feature_or_control,review_dictionary,Field emitted in transfer_compatibility_targets; review timing and usage before modeling.
transfer_compatibility_targets,64,eligible_opportunity_model_primary,sample_control,not_a_predictor,Eligibility or exclusion control used to define the modeling cohort.
transfer_compatibility_targets,65,eligible_performance_model_primary,sample_control,not_a_predictor,Eligibility or exclusion control used to define the modeling cohort.
transfer_compatibility_targets,66,eligible_adaptation_model_primary,sample_control,not_a_predictor,Eligibility or exclusion control used to define the modeling cohort.
transfer_compatibility_targets,67,opportunity_model_exclusion_reasons,sample_control,not_a_predictor,Eligibility or exclusion control used to define the modeling cohort.
transfer_compatibility_targets,68,performance_model_exclusion_reasons,sample_control,not_a_predictor,Eligibility or exclusion control used to define the modeling cohort.
transfer_compatibility_targets,69,adaptation_model_exclusion_reasons,sample_control,not_a_predictor,Eligibility or exclusion control used to define the modeling cohort.
transfer_compatibility_strict_features,1,canonical_performance_id,identifier_or_split_control,not_a_predictor,"Join, grouping, audit, or chronological split field; do not encode raw identifiers as numeric predictors."
transfer_compatibility_strict_features,2,transfer_event_id,identifier_or_split_control,not_a_predictor,"Join, grouping, audit, or chronological split field; do not encode raw identifiers as numeric predictors."
transfer_compatibility_strict_features,3,canonical_transfer_event_id,identifier_or_split_control,not_a_predictor,"Join, grouping, audit, or chronological split field; do not encode raw identifiers as numeric predictors."
transfer_compatibility_strict_features,4,transfer_date,transfer_time_feature_or_control,available_at_transfer,Transfer-event attribute available at or before the move; validate missingness and policy before modeling.
transfer_compatibility_strict_features,5,transfer_window,transfer_time_feature_or_control,available_at_transfer,Transfer-event attribute available at or before the move; validate missingness and policy before modeling.
transfer_compatibility_strict_features,6,transfer_days_from_target_season_start,transfer_time_feature_or_control,available_at_transfer,Transfer-event attribute available at or before the move; validate missingness and policy before modeling.
transfer_compatibility_strict_features,7,canonical_transfer_type,transfer_time_feature_or_control,available_at_transfer,Transfer-event attribute available at or before the move; validate missingness and policy before modeling.
transfer_compatibility_strict_features,8,canonical_transfer_fee_status,transfer_time_feature_or_control,available_at_transfer,Transfer-event attribute available at or before the move; validate missingness and policy before modeling.
transfer_compatibility_strict_features,9,canonical_transfer_fee_eur,transfer_time_feature_or_control,available_at_transfer,Transfer-event attribute available at or before the move; validate missingness and policy before modeling.
transfer_compatibility_strict_features,10,transfer_fee_eur,transfer_time_feature_or_control,available_at_transfer,Transfer-event attribute available at or before the move; validate missingness and policy before modeling.
transfer_compatibility_strict_features,11,fee_status,feature_or_control,review_dictionary,Field emitted in transfer_compatibility_strict_features; review timing and usage before modeling.
transfer_compatibility_strict_features,12,listed_market_value_at_transfer_eur,transfer_time_feature_or_control,available_at_transfer,Transfer-event attribute available at or before the move; validate missingness and policy before modeling.
transfer_compatibility_strict_features,13,age_at_transfer,transfer_time_feature_or_control,available_at_transfer,Transfer-event attribute available at or before the move; validate missingness and policy before modeling.
transfer_compatibility_strict_features,14,position,transfer_time_feature_or_control,available_at_transfer,Transfer-event attribute available at or before the move; validate missingness and policy before modeling.
transfer_compatibility_strict_features,15,sub_position,transfer_time_feature_or_control,available_at_transfer,Transfer-event attribute available at or before the move; validate missingness and policy before modeling.
transfer_compatibility_strict_features,16,foot,transfer_time_feature_or_control,available_at_transfer,Transfer-event attribute available at or before the move; validate missingness and policy before modeling.
transfer_compatibility_strict_features,17,height_in_cm,transfer_time_feature_or_control,available_at_transfer,Transfer-event attribute available at or before the move; validate missingness and policy before modeling.
transfer_compatibility_strict_features,18,country_of_citizenship,feature_or_control,review_dictionary,Field emitted in transfer_compatibility_strict_features; review timing and usage before modeling.
transfer_compatibility_strict_features,19,cohort_tier,feature_or_control,review_dictionary,Field emitted in transfer_compatibility_strict_features; review timing and usage before modeling.
transfer_compatibility_strict_features,20,selected_destination_event_policy,feature_or_control,review_dictionary,Field emitted in transfer_compatibility_strict_features; review timing and usage before modeling.
transfer_compatibility_strict_features,21,same_destination_event_count,feature_or_control,review_dictionary,Field emitted in transfer_compatibility_strict_features; review timing and usage before modeling.
transfer_compatibility_strict_features,22,later_same_destination_events_collapsed,feature_or_control,review_dictionary,Field emitted in transfer_compatibility_strict_features; review timing and usage before modeling.
transfer_compatibility_strict_features,23,transfer_type_primary_eligible,transfer_time_feature_or_control,available_at_transfer,Transfer-event attribute available at or before the move; validate missingness and policy before modeling.
transfer_compatibility_strict_features,24,outfield_role_eligible,feature_or_control,review_dictionary,Field emitted in transfer_compatibility_strict_features; review timing and usage before modeling.
transfer_compatibility_strict_features,25,primary_summer_window_eligible,feature_or_control,review_dictionary,Field emitted in transfer_compatibility_strict_features; review timing and usage before modeling.
transfer_compatibility_strict_features,26,canonical_player_id,identifier_or_split_control,not_a_predictor,"Join, grouping, audit, or chronological split field; do not encode raw identifiers as numeric predictors."
transfer_compatibility_strict_features,27,canonical_player_name,identifier_or_split_control,not_a_predictor,"Join, grouping, audit, or chronological split field; do not encode raw identifiers as numeric predictors."
transfer_compatibility_strict_features,28,canonical_club_id,identifier_or_split_control,not_a_predictor,"Join, grouping, audit, or chronological split field; do not encode raw identifiers as numeric predictors."
transfer_compatibility_strict_features,29,canonical_club_name,identifier_or_split_control,not_a_predictor,"Join, grouping, audit, or chronological split field; do not encode raw identifiers as numeric predictors."
transfer_compatibility_strict_features,30,canonical_competition_id,identifier_or_split_control,not_a_predictor,"Join, grouping, audit, or chronological split field; do not encode raw identifiers as numeric predictors."
transfer_compatibility_strict_features,31,canonical_season_key,identifier_or_split_control,not_a_predictor,"Join, grouping, audit, or chronological split field; do not encode raw identifiers as numeric predictors."
transfer_compatibility_strict_features,32,season_start_year,identifier_or_split_control,not_a_predictor,"Join, grouping, audit, or chronological split field; do not encode raw identifiers as numeric predictors."
transfer_compatibility_strict_features,33,role_group,identifier_or_split_control,not_a_predictor,"Join, grouping, audit, or chronological split field; do not encode raw identifiers as numeric predictors."
transfer_compatibility_strict_features,34,recommended_time_split,feature_or_control,review_dictionary,Field emitted in transfer_compatibility_strict_features; review timing and usage before modeling.
transfer_compatibility_strict_features,35,strict_model_feature_eligible,strict_compatibility_predictor,strict_preseason_safe,Lagged player or prior-club compatibility feature constructed without target-season outcomes.
transfer_compatibility_strict_features,36,preference_model_feature_eligible,strict_compatibility_predictor,strict_preseason_safe,Lagged player or prior-club compatibility feature constructed without target-season outcomes.
transfer_compatibility_strict_features,37,advanced_lag1_assists_per90,strict_compatibility_predictor,strict_preseason_safe,Lagged player or prior-club compatibility feature constructed without target-season outcomes.
transfer_compatibility_strict_features,38,advanced_lag1_available,strict_compatibility_predictor,strict_preseason_safe,Lagged player or prior-club compatibility feature constructed without target-season outcomes.
transfer_compatibility_strict_features,39,advanced_lag1_clubs,strict_compatibility_predictor,strict_preseason_safe,Lagged player or prior-club compatibility feature constructed without target-season outcomes.
transfer_compatibility_strict_features,40,advanced_lag1_competitions,strict_compatibility_predictor,strict_preseason_safe,Lagged player or prior-club compatibility feature constructed without target-season outcomes.
transfer_compatibility_strict_features,41,advanced_lag1_goals_per90,strict_compatibility_predictor,strict_preseason_safe,Lagged player or prior-club compatibility feature constructed without target-season outcomes.
transfer_compatibility_strict_features,42,advanced_lag1_minutes,strict_compatibility_predictor,strict_preseason_safe,Lagged player or prior-club compatibility feature constructed without target-season outcomes.
transfer_compatibility_strict_features,43,advanced_lag1_npxg_per90,strict_compatibility_predictor,strict_preseason_safe,Lagged player or prior-club compatibility feature constructed without target-season outcomes.
transfer_compatibility_strict_features,44,advanced_lag1_role_group,strict_compatibility_predictor,strict_preseason_safe,Lagged player or prior-club compatibility feature constructed without target-season outcomes.
transfer_compatibility_strict_features,45,advanced_lag1_role_performance_index,strict_compatibility_predictor,strict_preseason_safe,Lagged player or prior-club compatibility feature constructed without target-season outcomes.
transfer_compatibility_strict_features,46,advanced_lag1_source_rows,strict_compatibility_predictor,strict_preseason_safe,Lagged player or prior-club compatibility feature constructed without target-season outcomes.
transfer_compatibility_strict_features,47,advanced_lag1_style_aerial_physicality,strict_compatibility_predictor,strict_preseason_safe,Lagged player or prior-club compatibility feature constructed without target-season outcomes.
transfer_compatibility_strict_features,48,advanced_lag1_style_creation,strict_compatibility_predictor,strict_preseason_safe,Lagged player or prior-club compatibility feature constructed without target-season outcomes.
transfer_compatibility_strict_features,49,advanced_lag1_style_defensive_intensity,strict_compatibility_predictor,strict_preseason_safe,Lagged player or prior-club compatibility feature constructed without target-season outcomes.
transfer_compatibility_strict_features,50,advanced_lag1_style_directness,strict_compatibility_predictor,strict_preseason_safe,Lagged player or prior-club compatibility feature constructed without target-season outcomes.
transfer_compatibility_strict_features,51,advanced_lag1_style_dribble_aggression,strict_compatibility_predictor,strict_preseason_safe,Lagged player or prior-club compatibility feature constructed without target-season outcomes.
transfer_compatibility_strict_features,52,advanced_lag1_style_passing_control,strict_compatibility_predictor,strict_preseason_safe,Lagged player or prior-club compatibility feature constructed without target-season outcomes.
transfer_compatibility_strict_features,53,advanced_lag1_style_progression,strict_compatibility_predictor,strict_preseason_safe,Lagged player or prior-club compatibility feature constructed without target-season outcomes.
transfer_compatibility_strict_features,54,advanced_lag1_style_scoring_threat,strict_compatibility_predictor,strict_preseason_safe,Lagged player or prior-club compatibility feature constructed without target-season outcomes.
transfer_compatibility_strict_features,55,advanced_lag2_assists_per90,strict_compatibility_predictor,strict_preseason_safe,Lagged player or prior-club compatibility feature constructed without target-season outcomes.
transfer_compatibility_strict_features,56,advanced_lag2_available,strict_compatibility_predictor,strict_preseason_safe,Lagged player or prior-club compatibility feature constructed without target-season outcomes.
transfer_compatibility_strict_features,57,advanced_lag2_clubs,strict_compatibility_predictor,strict_preseason_safe,Lagged player or prior-club compatibility feature constructed without target-season outcomes.
transfer_compatibility_strict_features,58,advanced_lag2_competitions,strict_compatibility_predictor,strict_preseason_safe,Lagged player or prior-club compatibility feature constructed without target-season outcomes.
transfer_compatibility_strict_features,59,advanced_lag2_goals_per90,strict_compatibility_predictor,strict_preseason_safe,Lagged player or prior-club compatibility feature constructed without target-season outcomes.
transfer_compatibility_strict_features,60,advanced_lag2_minutes,strict_compatibility_predictor,strict_preseason_safe,Lagged player or prior-club compatibility feature constructed without target-season outcomes.
transfer_compatibility_strict_features,61,advanced_lag2_npxg_per90,strict_compatibility_predictor,strict_preseason_safe,Lagged player or prior-club compatibility feature constructed without target-season outcomes.
transfer_compatibility_strict_features,62,advanced_lag2_role_group,strict_compatibility_predictor,strict_preseason_safe,Lagged player or prior-club compatibility feature constructed without target-season outcomes.
transfer_compatibility_strict_features,63,advanced_lag2_role_performance_index,strict_compatibility_predictor,strict_preseason_safe,Lagged player or prior-club compatibility feature constructed without target-season outcomes.
transfer_compatibility_strict_features,64,advanced_lag2_source_rows,strict_compatibility_predictor,strict_preseason_safe,Lagged player or prior-club compatibility feature constructed without target-season outcomes.
transfer_compatibility_strict_features,65,advanced_lag2_style_aerial_physicality,strict_compatibility_predictor,strict_preseason_safe,Lagged player or prior-club compatibility feature constructed without target-season outcomes.
transfer_compatibility_strict_features,66,advanced_lag2_style_creation,strict_compatibility_predictor,strict_preseason_safe,Lagged player or prior-club compatibility feature constructed without target-season outcomes.
transfer_compatibility_strict_features,67,advanced_lag2_style_defensive_intensity,strict_compatibility_predictor,strict_preseason_safe,Lagged player or prior-club compatibility feature constructed without target-season outcomes.
transfer_compatibility_strict_features,68,advanced_lag2_style_directness,strict_compatibility_predictor,strict_preseason_safe,Lagged player or prior-club compatibility feature constructed without target-season outcomes.
transfer_compatibility_strict_features,69,advanced_lag2_style_dribble_aggression,strict_compatibility_predictor,strict_preseason_safe,Lagged player or prior-club compatibility feature constructed without target-season outcomes.
transfer_compatibility_strict_features,70,advanced_lag2_style_passing_control,strict_compatibility_predictor,strict_preseason_safe,Lagged player or prior-club compatibility feature constructed without target-season outcomes.
transfer_compatibility_strict_features,71,advanced_lag2_style_progression,strict_compatibility_predictor,strict_preseason_safe,Lagged player or prior-club compatibility feature constructed without target-season outcomes.
transfer_compatibility_strict_features,72,advanced_lag2_style_scoring_threat,strict_compatibility_predictor,strict_preseason_safe,Lagged player or prior-club compatibility feature constructed without target-season outcomes.
transfer_compatibility_strict_features,73,advanced_lag3_assists_per90,strict_compatibility_predictor,strict_preseason_safe,Lagged player or prior-club compatibility feature constructed without target-season outcomes.
transfer_compatibility_strict_features,74,advanced_lag3_available,strict_compatibility_predictor,strict_preseason_safe,Lagged player or prior-club compatibility feature constructed without target-season outcomes.
transfer_compatibility_strict_features,75,advanced_lag3_clubs,strict_compatibility_predictor,strict_preseason_safe,Lagged player or prior-club compatibility feature constructed without target-season outcomes.
transfer_compatibility_strict_features,76,advanced_lag3_competitions,strict_compatibility_predictor,strict_preseason_safe,Lagged player or prior-club compatibility feature constructed without target-season outcomes.
transfer_compatibility_strict_features,77,advanced_lag3_goals_per90,strict_compatibility_predictor,strict_preseason_safe,Lagged player or prior-club compatibility feature constructed without target-season outcomes.
transfer_compatibility_strict_features,78,advanced_lag3_minutes,strict_compatibility_predictor,strict_preseason_safe,Lagged player or prior-club compatibility feature constructed without target-season outcomes.
transfer_compatibility_strict_features,79,advanced_lag3_npxg_per90,strict_compatibility_predictor,strict_preseason_safe,Lagged player or prior-club compatibility feature constructed without target-season outcomes.
transfer_compatibility_strict_features,80,advanced_lag3_role_group,strict_compatibility_predictor,strict_preseason_safe,Lagged player or prior-club compatibility feature constructed without target-season outcomes.
transfer_compatibility_strict_features,81,advanced_lag3_role_performance_index,strict_compatibility_predictor,strict_preseason_safe,Lagged player or prior-club compatibility feature constructed without target-season outcomes.
transfer_compatibility_strict_features,82,advanced_lag3_source_rows,strict_compatibility_predictor,strict_preseason_safe,Lagged player or prior-club compatibility feature constructed without target-season outcomes.
transfer_compatibility_strict_features,83,advanced_lag3_style_aerial_physicality,strict_compatibility_predictor,strict_preseason_safe,Lagged player or prior-club compatibility feature constructed without target-season outcomes.
transfer_compatibility_strict_features,84,advanced_lag3_style_creation,strict_compatibility_predictor,strict_preseason_safe,Lagged player or prior-club compatibility feature constructed without target-season outcomes.
transfer_compatibility_strict_features,85,advanced_lag3_style_defensive_intensity,strict_compatibility_predictor,strict_preseason_safe,Lagged player or prior-club compatibility feature constructed without target-season outcomes.
transfer_compatibility_strict_features,86,advanced_lag3_style_directness,strict_compatibility_predictor,strict_preseason_safe,Lagged player or prior-club compatibility feature constructed without target-season outcomes.
transfer_compatibility_strict_features,87,advanced_lag3_style_dribble_aggression,strict_compatibility_predictor,strict_preseason_safe,Lagged player or prior-club compatibility feature constructed without target-season outcomes.
transfer_compatibility_strict_features,88,advanced_lag3_style_passing_control,strict_compatibility_predictor,strict_preseason_safe,Lagged player or prior-club compatibility feature constructed without target-season outcomes.
transfer_compatibility_strict_features,89,advanced_lag3_style_progression,strict_compatibility_predictor,strict_preseason_safe,Lagged player or prior-club compatibility feature constructed without target-season outcomes.
transfer_compatibility_strict_features,90,advanced_lag3_style_scoring_threat,strict_compatibility_predictor,strict_preseason_safe,Lagged player or prior-club compatibility feature constructed without target-season outcomes.
transfer_compatibility_strict_features,91,advanced_max_source_season_used,strict_compatibility_predictor,strict_preseason_safe,Lagged player or prior-club compatibility feature constructed without target-season outcomes.
transfer_compatibility_strict_features,92,advanced_rolling3_seasons_observed,strict_compatibility_predictor,strict_preseason_safe,Lagged player or prior-club compatibility feature constructed without target-season outcomes.
transfer_compatibility_strict_features,93,advanced_rolling3_style_aerial_physicality,strict_compatibility_predictor,strict_preseason_safe,Lagged player or prior-club compatibility feature constructed without target-season outcomes.
transfer_compatibility_strict_features,94,advanced_rolling3_style_creation,strict_compatibility_predictor,strict_preseason_safe,Lagged player or prior-club compatibility feature constructed without target-season outcomes.
transfer_compatibility_strict_features,95,advanced_rolling3_style_defensive_intensity,strict_compatibility_predictor,strict_preseason_safe,Lagged player or prior-club compatibility feature constructed without target-season outcomes.
transfer_compatibility_strict_features,96,advanced_rolling3_style_directness,strict_compatibility_predictor,strict_preseason_safe,Lagged player or prior-club compatibility feature constructed without target-season outcomes.
transfer_compatibility_strict_features,97,advanced_rolling3_style_dribble_aggression,strict_compatibility_predictor,strict_preseason_safe,Lagged player or prior-club compatibility feature constructed without target-season outcomes.
transfer_compatibility_strict_features,98,advanced_rolling3_style_passing_control,strict_compatibility_predictor,strict_preseason_safe,Lagged player or prior-club compatibility feature constructed without target-season outcomes.
transfer_compatibility_strict_features,99,advanced_rolling3_style_progression,strict_compatibility_predictor,strict_preseason_safe,Lagged player or prior-club compatibility feature constructed without target-season outcomes.
transfer_compatibility_strict_features,100,advanced_rolling3_style_scoring_threat,strict_compatibility_predictor,strict_preseason_safe,Lagged player or prior-club compatibility feature constructed without target-season outcomes.
transfer_compatibility_strict_features,101,advanced_style_aerial_physicality_trend_lag1_minus_lag2,strict_compatibility_predictor,strict_preseason_safe,Lagged player or prior-club compatibility feature constructed without target-season outcomes.
transfer_compatibility_strict_features,102,advanced_style_creation_trend_lag1_minus_lag2,strict_compatibility_predictor,strict_preseason_safe,Lagged player or prior-club compatibility feature constructed without target-season outcomes.
transfer_compatibility_strict_features,103,advanced_style_defensive_intensity_trend_lag1_minus_lag2,strict_compatibility_predictor,strict_preseason_safe,Lagged player or prior-club compatibility feature constructed without target-season outcomes.
transfer_compatibility_strict_features,104,advanced_style_directness_trend_lag1_minus_lag2,strict_compatibility_predictor,strict_preseason_safe,Lagged player or prior-club compatibility feature constructed without target-season outcomes.
transfer_compatibility_strict_features,105,advanced_style_dribble_aggression_trend_lag1_minus_lag2,strict_compatibility_predictor,strict_preseason_safe,Lagged player or prior-club compatibility feature constructed without target-season outcomes.
transfer_compatibility_strict_features,106,advanced_style_passing_control_trend_lag1_minus_lag2,strict_compatibility_predictor,strict_preseason_safe,Lagged player or prior-club compatibility feature constructed without target-season outcomes.
transfer_compatibility_strict_features,107,advanced_style_progression_trend_lag1_minus_lag2,strict_compatibility_predictor,strict_preseason_safe,Lagged player or prior-club compatibility feature constructed without target-season outcomes.
transfer_compatibility_strict_features,108,advanced_style_scoring_threat_trend_lag1_minus_lag2,strict_compatibility_predictor,strict_preseason_safe,Lagged player or prior-club compatibility feature constructed without target-season outcomes.
transfer_compatibility_strict_features,109,preference_defensive_intensity_correlation,strict_compatibility_predictor,strict_preseason_safe,Lagged player or prior-club compatibility feature constructed without target-season outcomes.
transfer_compatibility_strict_features,110,preference_defensive_intensity_effective_observations,strict_compatibility_predictor,strict_preseason_safe,Lagged player or prior-club compatibility feature constructed without target-season outcomes.
transfer_compatibility_strict_features,111,preference_defensive_intensity_exposure_mean,strict_compatibility_predictor,strict_preseason_safe,Lagged player or prior-club compatibility feature constructed without target-season outcomes.
transfer_compatibility_strict_features,112,preference_defensive_intensity_performance_weighted_level,strict_compatibility_predictor,strict_preseason_safe,Lagged player or prior-club compatibility feature constructed without target-season outcomes.
transfer_compatibility_strict_features,113,preference_defensive_intensity_raw_slope,strict_compatibility_predictor,strict_preseason_safe,Lagged player or prior-club compatibility feature constructed without target-season outcomes.
transfer_compatibility_strict_features,114,preference_defensive_intensity_shrunken_slope,strict_compatibility_predictor,strict_preseason_safe,Lagged player or prior-club compatibility feature constructed without target-season outcomes.
transfer_compatibility_strict_features,115,preference_forward_mobility_correlation,strict_compatibility_predictor,strict_preseason_safe,Lagged player or prior-club compatibility feature constructed without target-season outcomes.
transfer_compatibility_strict_features,116,preference_forward_mobility_effective_observations,strict_compatibility_predictor,strict_preseason_safe,Lagged player or prior-club compatibility feature constructed without target-season outcomes.
transfer_compatibility_strict_features,117,preference_forward_mobility_exposure_mean,strict_compatibility_predictor,strict_preseason_safe,Lagged player or prior-club compatibility feature constructed without target-season outcomes.
transfer_compatibility_strict_features,118,preference_forward_mobility_performance_weighted_level,strict_compatibility_predictor,strict_preseason_safe,Lagged player or prior-club compatibility feature constructed without target-season outcomes.
transfer_compatibility_strict_features,119,preference_forward_mobility_raw_slope,strict_compatibility_predictor,strict_preseason_safe,Lagged player or prior-club compatibility feature constructed without target-season outcomes.
transfer_compatibility_strict_features,120,preference_forward_mobility_shrunken_slope,strict_compatibility_predictor,strict_preseason_safe,Lagged player or prior-club compatibility feature constructed without target-season outcomes.
transfer_compatibility_strict_features,121,preference_forward_threat_correlation,strict_compatibility_predictor,strict_preseason_safe,Lagged player or prior-club compatibility feature constructed without target-season outcomes.
transfer_compatibility_strict_features,122,preference_forward_threat_effective_observations,strict_compatibility_predictor,strict_preseason_safe,Lagged player or prior-club compatibility feature constructed without target-season outcomes.
transfer_compatibility_strict_features,123,preference_forward_threat_exposure_mean,strict_compatibility_predictor,strict_preseason_safe,Lagged player or prior-club compatibility feature constructed without target-season outcomes.
transfer_compatibility_strict_features,124,preference_forward_threat_performance_weighted_level,strict_compatibility_predictor,strict_preseason_safe,Lagged player or prior-club compatibility feature constructed without target-season outcomes.
transfer_compatibility_strict_features,125,preference_forward_threat_raw_slope,strict_compatibility_predictor,strict_preseason_safe,Lagged player or prior-club compatibility feature constructed without target-season outcomes.
transfer_compatibility_strict_features,126,preference_forward_threat_shrunken_slope,strict_compatibility_predictor,strict_preseason_safe,Lagged player or prior-club compatibility feature constructed without target-season outcomes.
transfer_compatibility_strict_features,127,preference_history_minutes,strict_compatibility_predictor,strict_preseason_safe,Lagged player or prior-club compatibility feature constructed without target-season outcomes.
transfer_compatibility_strict_features,128,preference_history_rows,strict_compatibility_predictor,strict_preseason_safe,Lagged player or prior-club compatibility feature constructed without target-season outcomes.
transfer_compatibility_strict_features,129,preference_history_seasons,strict_compatibility_predictor,strict_preseason_safe,Lagged player or prior-club compatibility feature constructed without target-season outcomes.
transfer_compatibility_strict_features,130,preference_max_source_season,strict_compatibility_predictor,strict_preseason_safe,Lagged player or prior-club compatibility feature constructed without target-season outcomes.
transfer_compatibility_strict_features,131,preference_midfield_aggression_correlation,strict_compatibility_predictor,strict_preseason_safe,Lagged player or prior-club compatibility feature constructed without target-season outcomes.
transfer_compatibility_strict_features,132,preference_midfield_aggression_effective_observations,strict_compatibility_predictor,strict_preseason_safe,Lagged player or prior-club compatibility feature constructed without target-season outcomes.
transfer_compatibility_strict_features,133,preference_midfield_aggression_exposure_mean,strict_compatibility_predictor,strict_preseason_safe,Lagged player or prior-club compatibility feature constructed without target-season outcomes.
transfer_compatibility_strict_features,134,preference_midfield_aggression_performance_weighted_level,strict_compatibility_predictor,strict_preseason_safe,Lagged player or prior-club compatibility feature constructed without target-season outcomes.
transfer_compatibility_strict_features,135,preference_midfield_aggression_raw_slope,strict_compatibility_predictor,strict_preseason_safe,Lagged player or prior-club compatibility feature constructed without target-season outcomes.
transfer_compatibility_strict_features,136,preference_midfield_aggression_shrunken_slope,strict_compatibility_predictor,strict_preseason_safe,Lagged player or prior-club compatibility feature constructed without target-season outcomes.
transfer_compatibility_strict_features,137,preference_midfield_creativity_correlation,strict_compatibility_predictor,strict_preseason_safe,Lagged player or prior-club compatibility feature constructed without target-season outcomes.
transfer_compatibility_strict_features,138,preference_midfield_creativity_effective_observations,strict_compatibility_predictor,strict_preseason_safe,Lagged player or prior-club compatibility feature constructed without target-season outcomes.
transfer_compatibility_strict_features,139,preference_midfield_creativity_exposure_mean,strict_compatibility_predictor,strict_preseason_safe,Lagged player or prior-club compatibility feature constructed without target-season outcomes.
transfer_compatibility_strict_features,140,preference_midfield_creativity_performance_weighted_level,strict_compatibility_predictor,strict_preseason_safe,Lagged player or prior-club compatibility feature constructed without target-season outcomes.
transfer_compatibility_strict_features,141,preference_midfield_creativity_raw_slope,strict_compatibility_predictor,strict_preseason_safe,Lagged player or prior-club compatibility feature constructed without target-season outcomes.
transfer_compatibility_strict_features,142,preference_midfield_creativity_shrunken_slope,strict_compatibility_predictor,strict_preseason_safe,Lagged player or prior-club compatibility feature constructed without target-season outcomes.
transfer_compatibility_strict_features,143,preference_team_passing_control_correlation,strict_compatibility_predictor,strict_preseason_safe,Lagged player or prior-club compatibility feature constructed without target-season outcomes.
transfer_compatibility_strict_features,144,preference_team_passing_control_effective_observations,strict_compatibility_predictor,strict_preseason_safe,Lagged player or prior-club compatibility feature constructed without target-season outcomes.
transfer_compatibility_strict_features,145,preference_team_passing_control_exposure_mean,strict_compatibility_predictor,strict_preseason_safe,Lagged player or prior-club compatibility feature constructed without target-season outcomes.
transfer_compatibility_strict_features,146,preference_team_passing_control_performance_weighted_level,strict_compatibility_predictor,strict_preseason_safe,Lagged player or prior-club compatibility feature constructed without target-season outcomes.
transfer_compatibility_strict_features,147,preference_team_passing_control_raw_slope,strict_compatibility_predictor,strict_preseason_safe,Lagged player or prior-club compatibility feature constructed without target-season outcomes.
transfer_compatibility_strict_features,148,preference_team_passing_control_shrunken_slope,strict_compatibility_predictor,strict_preseason_safe,Lagged player or prior-club compatibility feature constructed without target-season outcomes.
transfer_compatibility_strict_features,149,strict_all_count,strict_compatibility_predictor,strict_preseason_safe,Lagged player or prior-club compatibility feature constructed without target-season outcomes.
transfer_compatibility_strict_features,150,strict_all_style_aerial_physicality,strict_compatibility_predictor,strict_preseason_safe,Lagged player or prior-club compatibility feature constructed without target-season outcomes.
transfer_compatibility_strict_features,151,strict_all_style_creation,strict_compatibility_predictor,strict_preseason_safe,Lagged player or prior-club compatibility feature constructed without target-season outcomes.
transfer_compatibility_strict_features,152,strict_all_style_defensive_intensity,strict_compatibility_predictor,strict_preseason_safe,Lagged player or prior-club compatibility feature constructed without target-season outcomes.
transfer_compatibility_strict_features,153,strict_all_style_directness,strict_compatibility_predictor,strict_preseason_safe,Lagged player or prior-club compatibility feature constructed without target-season outcomes.
transfer_compatibility_strict_features,154,strict_all_style_dribble_aggression,strict_compatibility_predictor,strict_preseason_safe,Lagged player or prior-club compatibility feature constructed without target-season outcomes.
transfer_compatibility_strict_features,155,strict_all_style_passing_control,strict_compatibility_predictor,strict_preseason_safe,Lagged player or prior-club compatibility feature constructed without target-season outcomes.
transfer_compatibility_strict_features,156,strict_all_style_progression,strict_compatibility_predictor,strict_preseason_safe,Lagged player or prior-club compatibility feature constructed without target-season outcomes.
transfer_compatibility_strict_features,157,strict_all_style_scoring_threat,strict_compatibility_predictor,strict_preseason_safe,Lagged player or prior-club compatibility feature constructed without target-season outcomes.
transfer_compatibility_strict_features,158,strict_all_teammate_count,strict_compatibility_predictor,strict_preseason_safe,Lagged player or prior-club compatibility feature constructed without target-season outcomes.
transfer_compatibility_strict_features,159,strict_context_defensive_intensity,strict_compatibility_predictor,strict_preseason_safe,Lagged player or prior-club compatibility feature constructed without target-season outcomes.
transfer_compatibility_strict_features,160,strict_context_familiarity_score_0_100,strict_compatibility_predictor,strict_preseason_safe,Lagged player or prior-club compatibility feature constructed without target-season outcomes.
transfer_compatibility_strict_features,161,strict_context_feature_eligible,strict_compatibility_predictor,strict_preseason_safe,Lagged player or prior-club compatibility feature constructed without target-season outcomes.
transfer_compatibility_strict_features,162,strict_context_forward_mobility,strict_compatibility_predictor,strict_preseason_safe,Lagged player or prior-club compatibility feature constructed without target-season outcomes.
transfer_compatibility_strict_features,163,strict_context_forward_threat,strict_compatibility_predictor,strict_preseason_safe,Lagged player or prior-club compatibility feature constructed without target-season outcomes.
transfer_compatibility_strict_features,164,strict_context_midfield_aggression,strict_compatibility_predictor,strict_preseason_safe,Lagged player or prior-club compatibility feature constructed without target-season outcomes.
transfer_compatibility_strict_features,165,strict_context_midfield_creativity,strict_compatibility_predictor,strict_preseason_safe,Lagged player or prior-club compatibility feature constructed without target-season outcomes.
transfer_compatibility_strict_features,166,strict_context_source_season,strict_compatibility_predictor,strict_preseason_safe,Lagged player or prior-club compatibility feature constructed without target-season outcomes.
transfer_compatibility_strict_features,167,strict_context_team_passing_control,strict_compatibility_predictor,strict_preseason_safe,Lagged player or prior-club compatibility feature constructed without target-season outcomes.
transfer_compatibility_strict_features,168,strict_defensive_intensity_familiarity_distance,strict_compatibility_predictor,strict_preseason_safe,Lagged player or prior-club compatibility feature constructed without target-season outcomes.
transfer_compatibility_strict_features,169,strict_defensive_intensity_preference_distance,strict_compatibility_predictor,strict_preseason_safe,Lagged player or prior-club compatibility feature constructed without target-season outcomes.
transfer_compatibility_strict_features,170,strict_defensive_intensity_preference_slope_interaction,strict_compatibility_predictor,strict_preseason_safe,Lagged player or prior-club compatibility feature constructed without target-season outcomes.
transfer_compatibility_strict_features,171,strict_df_count,strict_compatibility_predictor,strict_preseason_safe,Lagged player or prior-club compatibility feature constructed without target-season outcomes.
transfer_compatibility_strict_features,172,strict_df_style_aerial_physicality,strict_compatibility_predictor,strict_preseason_safe,Lagged player or prior-club compatibility feature constructed without target-season outcomes.
transfer_compatibility_strict_features,173,strict_df_style_creation,strict_compatibility_predictor,strict_preseason_safe,Lagged player or prior-club compatibility feature constructed without target-season outcomes.
transfer_compatibility_strict_features,174,strict_df_style_defensive_intensity,strict_compatibility_predictor,strict_preseason_safe,Lagged player or prior-club compatibility feature constructed without target-season outcomes.
transfer_compatibility_strict_features,175,strict_df_style_directness,strict_compatibility_predictor,strict_preseason_safe,Lagged player or prior-club compatibility feature constructed without target-season outcomes.
transfer_compatibility_strict_features,176,strict_df_style_dribble_aggression,strict_compatibility_predictor,strict_preseason_safe,Lagged player or prior-club compatibility feature constructed without target-season outcomes.
transfer_compatibility_strict_features,177,strict_df_style_passing_control,strict_compatibility_predictor,strict_preseason_safe,Lagged player or prior-club compatibility feature constructed without target-season outcomes.
transfer_compatibility_strict_features,178,strict_df_style_progression,strict_compatibility_predictor,strict_preseason_safe,Lagged player or prior-club compatibility feature constructed without target-season outcomes.
transfer_compatibility_strict_features,179,strict_df_style_scoring_threat,strict_compatibility_predictor,strict_preseason_safe,Lagged player or prior-club compatibility feature constructed without target-season outcomes.
transfer_compatibility_strict_features,180,strict_df_teammate_count,strict_compatibility_predictor,strict_preseason_safe,Lagged player or prior-club compatibility feature constructed without target-season outcomes.
transfer_compatibility_strict_features,181,strict_forward_mobility_familiarity_distance,strict_compatibility_predictor,strict_preseason_safe,Lagged player or prior-club compatibility feature constructed without target-season outcomes.
transfer_compatibility_strict_features,182,strict_forward_mobility_preference_distance,strict_compatibility_predictor,strict_preseason_safe,Lagged player or prior-club compatibility feature constructed without target-season outcomes.
transfer_compatibility_strict_features,183,strict_forward_mobility_preference_slope_interaction,strict_compatibility_predictor,strict_preseason_safe,Lagged player or prior-club compatibility feature constructed without target-season outcomes.
transfer_compatibility_strict_features,184,strict_forward_threat_familiarity_distance,strict_compatibility_predictor,strict_preseason_safe,Lagged player or prior-club compatibility feature constructed without target-season outcomes.
transfer_compatibility_strict_features,185,strict_forward_threat_preference_distance,strict_compatibility_predictor,strict_preseason_safe,Lagged player or prior-club compatibility feature constructed without target-season outcomes.
transfer_compatibility_strict_features,186,strict_forward_threat_preference_slope_interaction,strict_compatibility_predictor,strict_preseason_safe,Lagged player or prior-club compatibility feature constructed without target-season outcomes.
transfer_compatibility_strict_features,187,strict_fw_count,strict_compatibility_predictor,strict_preseason_safe,Lagged player or prior-club compatibility feature constructed without target-season outcomes.
transfer_compatibility_strict_features,188,strict_fw_style_aerial_physicality,strict_compatibility_predictor,strict_preseason_safe,Lagged player or prior-club compatibility feature constructed without target-season outcomes.
transfer_compatibility_strict_features,189,strict_fw_style_creation,strict_compatibility_predictor,strict_preseason_safe,Lagged player or prior-club compatibility feature constructed without target-season outcomes.
transfer_compatibility_strict_features,190,strict_fw_style_defensive_intensity,strict_compatibility_predictor,strict_preseason_safe,Lagged player or prior-club compatibility feature constructed without target-season outcomes.
transfer_compatibility_strict_features,191,strict_fw_style_directness,strict_compatibility_predictor,strict_preseason_safe,Lagged player or prior-club compatibility feature constructed without target-season outcomes.
transfer_compatibility_strict_features,192,strict_fw_style_dribble_aggression,strict_compatibility_predictor,strict_preseason_safe,Lagged player or prior-club compatibility feature constructed without target-season outcomes.
transfer_compatibility_strict_features,193,strict_fw_style_passing_control,strict_compatibility_predictor,strict_preseason_safe,Lagged player or prior-club compatibility feature constructed without target-season outcomes.
transfer_compatibility_strict_features,194,strict_fw_style_progression,strict_compatibility_predictor,strict_preseason_safe,Lagged player or prior-club compatibility feature constructed without target-season outcomes.
transfer_compatibility_strict_features,195,strict_fw_style_scoring_threat,strict_compatibility_predictor,strict_preseason_safe,Lagged player or prior-club compatibility feature constructed without target-season outcomes.
transfer_compatibility_strict_features,196,strict_fw_teammate_count,strict_compatibility_predictor,strict_preseason_safe,Lagged player or prior-club compatibility feature constructed without target-season outcomes.
transfer_compatibility_strict_features,197,strict_mf_count,strict_compatibility_predictor,strict_preseason_safe,Lagged player or prior-club compatibility feature constructed without target-season outcomes.
transfer_compatibility_strict_features,198,strict_mf_style_aerial_physicality,strict_compatibility_predictor,strict_preseason_safe,Lagged player or prior-club compatibility feature constructed without target-season outcomes.
transfer_compatibility_strict_features,199,strict_mf_style_creation,strict_compatibility_predictor,strict_preseason_safe,Lagged player or prior-club compatibility feature constructed without target-season outcomes.
transfer_compatibility_strict_features,200,strict_mf_style_defensive_intensity,strict_compatibility_predictor,strict_preseason_safe,Lagged player or prior-club compatibility feature constructed without target-season outcomes.
transfer_compatibility_strict_features,201,strict_mf_style_directness,strict_compatibility_predictor,strict_preseason_safe,Lagged player or prior-club compatibility feature constructed without target-season outcomes.
transfer_compatibility_strict_features,202,strict_mf_style_dribble_aggression,strict_compatibility_predictor,strict_preseason_safe,Lagged player or prior-club compatibility feature constructed without target-season outcomes.
transfer_compatibility_strict_features,203,strict_mf_style_passing_control,strict_compatibility_predictor,strict_preseason_safe,Lagged player or prior-club compatibility feature constructed without target-season outcomes.
transfer_compatibility_strict_features,204,strict_mf_style_progression,strict_compatibility_predictor,strict_preseason_safe,Lagged player or prior-club compatibility feature constructed without target-season outcomes.
transfer_compatibility_strict_features,205,strict_mf_style_scoring_threat,strict_compatibility_predictor,strict_preseason_safe,Lagged player or prior-club compatibility feature constructed without target-season outcomes.
transfer_compatibility_strict_features,206,strict_mf_teammate_count,strict_compatibility_predictor,strict_preseason_safe,Lagged player or prior-club compatibility feature constructed without target-season outcomes.
transfer_compatibility_strict_features,207,strict_midfield_aggression_familiarity_distance,strict_compatibility_predictor,strict_preseason_safe,Lagged player or prior-club compatibility feature constructed without target-season outcomes.
transfer_compatibility_strict_features,208,strict_midfield_aggression_preference_distance,strict_compatibility_predictor,strict_preseason_safe,Lagged player or prior-club compatibility feature constructed without target-season outcomes.
transfer_compatibility_strict_features,209,strict_midfield_aggression_preference_slope_interaction,strict_compatibility_predictor,strict_preseason_safe,Lagged player or prior-club compatibility feature constructed without target-season outcomes.
transfer_compatibility_strict_features,210,strict_midfield_creativity_familiarity_distance,strict_compatibility_predictor,strict_preseason_safe,Lagged player or prior-club compatibility feature constructed without target-season outcomes.
transfer_compatibility_strict_features,211,strict_midfield_creativity_preference_distance,strict_compatibility_predictor,strict_preseason_safe,Lagged player or prior-club compatibility feature constructed without target-season outcomes.
transfer_compatibility_strict_features,212,strict_midfield_creativity_preference_slope_interaction,strict_compatibility_predictor,strict_preseason_safe,Lagged player or prior-club compatibility feature constructed without target-season outcomes.
transfer_compatibility_strict_features,213,strict_player_creation_x_forward_threat,strict_compatibility_predictor,strict_preseason_safe,Lagged player or prior-club compatibility feature constructed without target-season outcomes.
transfer_compatibility_strict_features,214,strict_player_defense_x_defensive_intensity,strict_compatibility_predictor,strict_preseason_safe,Lagged player or prior-club compatibility feature constructed without target-season outcomes.
transfer_compatibility_strict_features,215,strict_player_dribble_x_midfield_aggression,strict_compatibility_predictor,strict_preseason_safe,Lagged player or prior-club compatibility feature constructed without target-season outcomes.
transfer_compatibility_strict_features,216,strict_player_passing_x_team_passing_control,strict_compatibility_predictor,strict_preseason_safe,Lagged player or prior-club compatibility feature constructed without target-season outcomes.
transfer_compatibility_strict_features,217,strict_player_progression_x_forward_mobility,strict_compatibility_predictor,strict_preseason_safe,Lagged player or prior-club compatibility feature constructed without target-season outcomes.
transfer_compatibility_strict_features,218,strict_player_scoring_x_midfield_creativity,strict_compatibility_predictor,strict_preseason_safe,Lagged player or prior-club compatibility feature constructed without target-season outcomes.
transfer_compatibility_strict_features,219,strict_player_team_style_cosine_similarity,strict_compatibility_predictor,strict_preseason_safe,Lagged player or prior-club compatibility feature constructed without target-season outcomes.
transfer_compatibility_strict_features,220,strict_player_team_style_mean_absolute_distance,strict_compatibility_predictor,strict_preseason_safe,Lagged player or prior-club compatibility feature constructed without target-season outcomes.
transfer_compatibility_strict_features,221,strict_preference_fit_score_0_100,strict_compatibility_predictor,strict_preseason_safe,Lagged player or prior-club compatibility feature constructed without target-season outcomes.
transfer_compatibility_strict_features,222,strict_preference_slope_signal,strict_compatibility_predictor,strict_preseason_safe,Lagged player or prior-club compatibility feature constructed without target-season outcomes.
transfer_compatibility_strict_features,223,strict_prior_club_context_available,strict_compatibility_predictor,strict_preseason_safe,Lagged player or prior-club compatibility feature constructed without target-season outcomes.
transfer_compatibility_strict_features,224,strict_team_distinct_players,strict_compatibility_predictor,strict_preseason_safe,Lagged player or prior-club compatibility feature constructed without target-season outcomes.
transfer_compatibility_strict_features,225,strict_team_minutes,strict_compatibility_predictor,strict_preseason_safe,Lagged player or prior-club compatibility feature constructed without target-season outcomes.
transfer_compatibility_strict_features,226,strict_team_passing_control_familiarity_distance,strict_compatibility_predictor,strict_preseason_safe,Lagged player or prior-club compatibility feature constructed without target-season outcomes.
transfer_compatibility_strict_features,227,strict_team_passing_control_preference_distance,strict_compatibility_predictor,strict_preseason_safe,Lagged player or prior-club compatibility feature constructed without target-season outcomes.
transfer_compatibility_strict_features,228,strict_team_passing_control_preference_slope_interaction,strict_compatibility_predictor,strict_preseason_safe,Lagged player or prior-club compatibility feature constructed without target-season outcomes.
transfer_compatibility_strict_features,229,strict_team_player_rows,strict_compatibility_predictor,strict_preseason_safe,Lagged player or prior-club compatibility feature constructed without target-season outcomes.
transfer_compatibility_strict_model_matrix,1,canonical_performance_id,identifier_or_split_control,not_a_predictor,"Join, grouping, audit, or chronological split field; do not encode raw identifiers as numeric predictors."
transfer_compatibility_strict_model_matrix,2,transfer_event_id,identifier_or_split_control,not_a_predictor,"Join, grouping, audit, or chronological split field; do not encode raw identifiers as numeric predictors."
transfer_compatibility_strict_model_matrix,3,canonical_transfer_event_id,identifier_or_split_control,not_a_predictor,"Join, grouping, audit, or chronological split field; do not encode raw identifiers as numeric predictors."
transfer_compatibility_strict_model_matrix,4,transfer_date,transfer_time_feature_or_control,available_at_transfer,Transfer-event attribute available at or before the move; validate missingness and policy before modeling.
transfer_compatibility_strict_model_matrix,5,transfer_window,transfer_time_feature_or_control,available_at_transfer,Transfer-event attribute available at or before the move; validate missingness and policy before modeling.
transfer_compatibility_strict_model_matrix,6,transfer_days_from_target_season_start,transfer_time_feature_or_control,available_at_transfer,Transfer-event attribute available at or before the move; validate missingness and policy before modeling.
transfer_compatibility_strict_model_matrix,7,canonical_transfer_type,transfer_time_feature_or_control,available_at_transfer,Transfer-event attribute available at or before the move; validate missingness and policy before modeling.
transfer_compatibility_strict_model_matrix,8,canonical_transfer_fee_status,transfer_time_feature_or_control,available_at_transfer,Transfer-event attribute available at or before the move; validate missingness and policy before modeling.
transfer_compatibility_strict_model_matrix,9,canonical_transfer_fee_eur,transfer_time_feature_or_control,available_at_transfer,Transfer-event attribute available at or before the move; validate missingness and policy before modeling.
transfer_compatibility_strict_model_matrix,10,transfer_fee_eur,transfer_time_feature_or_control,available_at_transfer,Transfer-event attribute available at or before the move; validate missingness and policy before modeling.
transfer_compatibility_strict_model_matrix,11,fee_status,feature_or_control,review_dictionary,Field emitted in transfer_compatibility_strict_model_matrix; review timing and usage before modeling.
transfer_compatibility_strict_model_matrix,12,listed_market_value_at_transfer_eur,transfer_time_feature_or_control,available_at_transfer,Transfer-event attribute available at or before the move; validate missingness and policy before modeling.
transfer_compatibility_strict_model_matrix,13,age_at_transfer,transfer_time_feature_or_control,available_at_transfer,Transfer-event attribute available at or before the move; validate missingness and policy before modeling.
transfer_compatibility_strict_model_matrix,14,position,transfer_time_feature_or_control,available_at_transfer,Transfer-event attribute available at or before the move; validate missingness and policy before modeling.
transfer_compatibility_strict_model_matrix,15,sub_position,transfer_time_feature_or_control,available_at_transfer,Transfer-event attribute available at or before the move; validate missingness and policy before modeling.
transfer_compatibility_strict_model_matrix,16,foot,transfer_time_feature_or_control,available_at_transfer,Transfer-event attribute available at or before the move; validate missingness and policy before modeling.
transfer_compatibility_strict_model_matrix,17,height_in_cm,transfer_time_feature_or_control,available_at_transfer,Transfer-event attribute available at or before the move; validate missingness and policy before modeling.
transfer_compatibility_strict_model_matrix,18,country_of_citizenship,feature_or_control,review_dictionary,Field emitted in transfer_compatibility_strict_model_matrix; review timing and usage before modeling.
transfer_compatibility_strict_model_matrix,19,cohort_tier,feature_or_control,review_dictionary,Field emitted in transfer_compatibility_strict_model_matrix; review timing and usage before modeling.
transfer_compatibility_strict_model_matrix,20,selected_destination_event_policy,feature_or_control,review_dictionary,Field emitted in transfer_compatibility_strict_model_matrix; review timing and usage before modeling.
transfer_compatibility_strict_model_matrix,21,same_destination_event_count,feature_or_control,review_dictionary,Field emitted in transfer_compatibility_strict_model_matrix; review timing and usage before modeling.
transfer_compatibility_strict_model_matrix,22,later_same_destination_events_collapsed,feature_or_control,review_dictionary,Field emitted in transfer_compatibility_strict_model_matrix; review timing and usage before modeling.
transfer_compatibility_strict_model_matrix,23,transfer_type_primary_eligible,transfer_time_feature_or_control,available_at_transfer,Transfer-event attribute available at or before the move; validate missingness and policy before modeling.
transfer_compatibility_strict_model_matrix,24,outfield_role_eligible,feature_or_control,review_dictionary,Field emitted in transfer_compatibility_strict_model_matrix; review timing and usage before modeling.
transfer_compatibility_strict_model_matrix,25,primary_summer_window_eligible,feature_or_control,review_dictionary,Field emitted in transfer_compatibility_strict_model_matrix; review timing and usage before modeling.
transfer_compatibility_strict_model_matrix,26,canonical_player_id,identifier_or_split_control,not_a_predictor,"Join, grouping, audit, or chronological split field; do not encode raw identifiers as numeric predictors."
transfer_compatibility_strict_model_matrix,27,canonical_player_name,identifier_or_split_control,not_a_predictor,"Join, grouping, audit, or chronological split field; do not encode raw identifiers as numeric predictors."
transfer_compatibility_strict_model_matrix,28,canonical_club_id,identifier_or_split_control,not_a_predictor,"Join, grouping, audit, or chronological split field; do not encode raw identifiers as numeric predictors."
transfer_compatibility_strict_model_matrix,29,canonical_club_name,identifier_or_split_control,not_a_predictor,"Join, grouping, audit, or chronological split field; do not encode raw identifiers as numeric predictors."
transfer_compatibility_strict_model_matrix,30,canonical_competition_id,identifier_or_split_control,not_a_predictor,"Join, grouping, audit, or chronological split field; do not encode raw identifiers as numeric predictors."
transfer_compatibility_strict_model_matrix,31,canonical_season_key,identifier_or_split_control,not_a_predictor,"Join, grouping, audit, or chronological split field; do not encode raw identifiers as numeric predictors."
transfer_compatibility_strict_model_matrix,32,season_start_year,identifier_or_split_control,not_a_predictor,"Join, grouping, audit, or chronological split field; do not encode raw identifiers as numeric predictors."
transfer_compatibility_strict_model_matrix,33,role_group,identifier_or_split_control,not_a_predictor,"Join, grouping, audit, or chronological split field; do not encode raw identifiers as numeric predictors."
transfer_compatibility_strict_model_matrix,34,recommended_time_split,feature_or_control,review_dictionary,Field emitted in transfer_compatibility_strict_model_matrix; review timing and usage before modeling.
transfer_compatibility_strict_model_matrix,35,strict_model_feature_eligible,strict_compatibility_predictor,strict_preseason_safe,Lagged player or prior-club compatibility feature constructed without target-season outcomes.
transfer_compatibility_strict_model_matrix,36,preference_model_feature_eligible,strict_compatibility_predictor,strict_preseason_safe,Lagged player or prior-club compatibility feature constructed without target-season outcomes.
transfer_compatibility_strict_model_matrix,37,advanced_lag1_assists_per90,strict_compatibility_predictor,strict_preseason_safe,Lagged player or prior-club compatibility feature constructed without target-season outcomes.
transfer_compatibility_strict_model_matrix,38,advanced_lag1_available,strict_compatibility_predictor,strict_preseason_safe,Lagged player or prior-club compatibility feature constructed without target-season outcomes.
transfer_compatibility_strict_model_matrix,39,advanced_lag1_clubs,strict_compatibility_predictor,strict_preseason_safe,Lagged player or prior-club compatibility feature constructed without target-season outcomes.
transfer_compatibility_strict_model_matrix,40,advanced_lag1_competitions,strict_compatibility_predictor,strict_preseason_safe,Lagged player or prior-club compatibility feature constructed without target-season outcomes.
transfer_compatibility_strict_model_matrix,41,advanced_lag1_goals_per90,strict_compatibility_predictor,strict_preseason_safe,Lagged player or prior-club compatibility feature constructed without target-season outcomes.
transfer_compatibility_strict_model_matrix,42,advanced_lag1_minutes,strict_compatibility_predictor,strict_preseason_safe,Lagged player or prior-club compatibility feature constructed without target-season outcomes.
transfer_compatibility_strict_model_matrix,43,advanced_lag1_npxg_per90,strict_compatibility_predictor,strict_preseason_safe,Lagged player or prior-club compatibility feature constructed without target-season outcomes.
transfer_compatibility_strict_model_matrix,44,advanced_lag1_role_group,strict_compatibility_predictor,strict_preseason_safe,Lagged player or prior-club compatibility feature constructed without target-season outcomes.
transfer_compatibility_strict_model_matrix,45,advanced_lag1_role_performance_index,strict_compatibility_predictor,strict_preseason_safe,Lagged player or prior-club compatibility feature constructed without target-season outcomes.
transfer_compatibility_strict_model_matrix,46,advanced_lag1_source_rows,strict_compatibility_predictor,strict_preseason_safe,Lagged player or prior-club compatibility feature constructed without target-season outcomes.
transfer_compatibility_strict_model_matrix,47,advanced_lag1_style_aerial_physicality,strict_compatibility_predictor,strict_preseason_safe,Lagged player or prior-club compatibility feature constructed without target-season outcomes.
transfer_compatibility_strict_model_matrix,48,advanced_lag1_style_creation,strict_compatibility_predictor,strict_preseason_safe,Lagged player or prior-club compatibility feature constructed without target-season outcomes.
transfer_compatibility_strict_model_matrix,49,advanced_lag1_style_defensive_intensity,strict_compatibility_predictor,strict_preseason_safe,Lagged player or prior-club compatibility feature constructed without target-season outcomes.
transfer_compatibility_strict_model_matrix,50,advanced_lag1_style_directness,strict_compatibility_predictor,strict_preseason_safe,Lagged player or prior-club compatibility feature constructed without target-season outcomes.
transfer_compatibility_strict_model_matrix,51,advanced_lag1_style_dribble_aggression,strict_compatibility_predictor,strict_preseason_safe,Lagged player or prior-club compatibility feature constructed without target-season outcomes.
transfer_compatibility_strict_model_matrix,52,advanced_lag1_style_passing_control,strict_compatibility_predictor,strict_preseason_safe,Lagged player or prior-club compatibility feature constructed without target-season outcomes.
transfer_compatibility_strict_model_matrix,53,advanced_lag1_style_progression,strict_compatibility_predictor,strict_preseason_safe,Lagged player or prior-club compatibility feature constructed without target-season outcomes.
transfer_compatibility_strict_model_matrix,54,advanced_lag1_style_scoring_threat,strict_compatibility_predictor,strict_preseason_safe,Lagged player or prior-club compatibility feature constructed without target-season outcomes.
transfer_compatibility_strict_model_matrix,55,advanced_lag2_assists_per90,strict_compatibility_predictor,strict_preseason_safe,Lagged player or prior-club compatibility feature constructed without target-season outcomes.
transfer_compatibility_strict_model_matrix,56,advanced_lag2_available,strict_compatibility_predictor,strict_preseason_safe,Lagged player or prior-club compatibility feature constructed without target-season outcomes.
transfer_compatibility_strict_model_matrix,57,advanced_lag2_clubs,strict_compatibility_predictor,strict_preseason_safe,Lagged player or prior-club compatibility feature constructed without target-season outcomes.
transfer_compatibility_strict_model_matrix,58,advanced_lag2_competitions,strict_compatibility_predictor,strict_preseason_safe,Lagged player or prior-club compatibility feature constructed without target-season outcomes.
transfer_compatibility_strict_model_matrix,59,advanced_lag2_goals_per90,strict_compatibility_predictor,strict_preseason_safe,Lagged player or prior-club compatibility feature constructed without target-season outcomes.
transfer_compatibility_strict_model_matrix,60,advanced_lag2_minutes,strict_compatibility_predictor,strict_preseason_safe,Lagged player or prior-club compatibility feature constructed without target-season outcomes.
transfer_compatibility_strict_model_matrix,61,advanced_lag2_npxg_per90,strict_compatibility_predictor,strict_preseason_safe,Lagged player or prior-club compatibility feature constructed without target-season outcomes.
transfer_compatibility_strict_model_matrix,62,advanced_lag2_role_group,strict_compatibility_predictor,strict_preseason_safe,Lagged player or prior-club compatibility feature constructed without target-season outcomes.
transfer_compatibility_strict_model_matrix,63,advanced_lag2_role_performance_index,strict_compatibility_predictor,strict_preseason_safe,Lagged player or prior-club compatibility feature constructed without target-season outcomes.
transfer_compatibility_strict_model_matrix,64,advanced_lag2_source_rows,strict_compatibility_predictor,strict_preseason_safe,Lagged player or prior-club compatibility feature constructed without target-season outcomes.
transfer_compatibility_strict_model_matrix,65,advanced_lag2_style_aerial_physicality,strict_compatibility_predictor,strict_preseason_safe,Lagged player or prior-club compatibility feature constructed without target-season outcomes.
transfer_compatibility_strict_model_matrix,66,advanced_lag2_style_creation,strict_compatibility_predictor,strict_preseason_safe,Lagged player or prior-club compatibility feature constructed without target-season outcomes.
transfer_compatibility_strict_model_matrix,67,advanced_lag2_style_defensive_intensity,strict_compatibility_predictor,strict_preseason_safe,Lagged player or prior-club compatibility feature constructed without target-season outcomes.
transfer_compatibility_strict_model_matrix,68,advanced_lag2_style_directness,strict_compatibility_predictor,strict_preseason_safe,Lagged player or prior-club compatibility feature constructed without target-season outcomes.
transfer_compatibility_strict_model_matrix,69,advanced_lag2_style_dribble_aggression,strict_compatibility_predictor,strict_preseason_safe,Lagged player or prior-club compatibility feature constructed without target-season outcomes.
transfer_compatibility_strict_model_matrix,70,advanced_lag2_style_passing_control,strict_compatibility_predictor,strict_preseason_safe,Lagged player or prior-club compatibility feature constructed without target-season outcomes.
transfer_compatibility_strict_model_matrix,71,advanced_lag2_style_progression,strict_compatibility_predictor,strict_preseason_safe,Lagged player or prior-club compatibility feature constructed without target-season outcomes.
transfer_compatibility_strict_model_matrix,72,advanced_lag2_style_scoring_threat,strict_compatibility_predictor,strict_preseason_safe,Lagged player or prior-club compatibility feature constructed without target-season outcomes.
transfer_compatibility_strict_model_matrix,73,advanced_lag3_assists_per90,strict_compatibility_predictor,strict_preseason_safe,Lagged player or prior-club compatibility feature constructed without target-season outcomes.
transfer_compatibility_strict_model_matrix,74,advanced_lag3_available,strict_compatibility_predictor,strict_preseason_safe,Lagged player or prior-club compatibility feature constructed without target-season outcomes.
transfer_compatibility_strict_model_matrix,75,advanced_lag3_clubs,strict_compatibility_predictor,strict_preseason_safe,Lagged player or prior-club compatibility feature constructed without target-season outcomes.
transfer_compatibility_strict_model_matrix,76,advanced_lag3_competitions,strict_compatibility_predictor,strict_preseason_safe,Lagged player or prior-club compatibility feature constructed without target-season outcomes.
transfer_compatibility_strict_model_matrix,77,advanced_lag3_goals_per90,strict_compatibility_predictor,strict_preseason_safe,Lagged player or prior-club compatibility feature constructed without target-season outcomes.
transfer_compatibility_strict_model_matrix,78,advanced_lag3_minutes,strict_compatibility_predictor,strict_preseason_safe,Lagged player or prior-club compatibility feature constructed without target-season outcomes.
transfer_compatibility_strict_model_matrix,79,advanced_lag3_npxg_per90,strict_compatibility_predictor,strict_preseason_safe,Lagged player or prior-club compatibility feature constructed without target-season outcomes.
transfer_compatibility_strict_model_matrix,80,advanced_lag3_role_group,strict_compatibility_predictor,strict_preseason_safe,Lagged player or prior-club compatibility feature constructed without target-season outcomes.
transfer_compatibility_strict_model_matrix,81,advanced_lag3_role_performance_index,strict_compatibility_predictor,strict_preseason_safe,Lagged player or prior-club compatibility feature constructed without target-season outcomes.
transfer_compatibility_strict_model_matrix,82,advanced_lag3_source_rows,strict_compatibility_predictor,strict_preseason_safe,Lagged player or prior-club compatibility feature constructed without target-season outcomes.
transfer_compatibility_strict_model_matrix,83,advanced_lag3_style_aerial_physicality,strict_compatibility_predictor,strict_preseason_safe,Lagged player or prior-club compatibility feature constructed without target-season outcomes.
transfer_compatibility_strict_model_matrix,84,advanced_lag3_style_creation,strict_compatibility_predictor,strict_preseason_safe,Lagged player or prior-club compatibility feature constructed without target-season outcomes.
transfer_compatibility_strict_model_matrix,85,advanced_lag3_style_defensive_intensity,strict_compatibility_predictor,strict_preseason_safe,Lagged player or prior-club compatibility feature constructed without target-season outcomes.
transfer_compatibility_strict_model_matrix,86,advanced_lag3_style_directness,strict_compatibility_predictor,strict_preseason_safe,Lagged player or prior-club compatibility feature constructed without target-season outcomes.
transfer_compatibility_strict_model_matrix,87,advanced_lag3_style_dribble_aggression,strict_compatibility_predictor,strict_preseason_safe,Lagged player or prior-club compatibility feature constructed without target-season outcomes.
transfer_compatibility_strict_model_matrix,88,advanced_lag3_style_passing_control,strict_compatibility_predictor,strict_preseason_safe,Lagged player or prior-club compatibility feature constructed without target-season outcomes.
transfer_compatibility_strict_model_matrix,89,advanced_lag3_style_progression,strict_compatibility_predictor,strict_preseason_safe,Lagged player or prior-club compatibility feature constructed without target-season outcomes.
transfer_compatibility_strict_model_matrix,90,advanced_lag3_style_scoring_threat,strict_compatibility_predictor,strict_preseason_safe,Lagged player or prior-club compatibility feature constructed without target-season outcomes.
transfer_compatibility_strict_model_matrix,91,advanced_max_source_season_used,strict_compatibility_predictor,strict_preseason_safe,Lagged player or prior-club compatibility feature constructed without target-season outcomes.
transfer_compatibility_strict_model_matrix,92,advanced_rolling3_seasons_observed,strict_compatibility_predictor,strict_preseason_safe,Lagged player or prior-club compatibility feature constructed without target-season outcomes.
transfer_compatibility_strict_model_matrix,93,advanced_rolling3_style_aerial_physicality,strict_compatibility_predictor,strict_preseason_safe,Lagged player or prior-club compatibility feature constructed without target-season outcomes.
transfer_compatibility_strict_model_matrix,94,advanced_rolling3_style_creation,strict_compatibility_predictor,strict_preseason_safe,Lagged player or prior-club compatibility feature constructed without target-season outcomes.
transfer_compatibility_strict_model_matrix,95,advanced_rolling3_style_defensive_intensity,strict_compatibility_predictor,strict_preseason_safe,Lagged player or prior-club compatibility feature constructed without target-season outcomes.
transfer_compatibility_strict_model_matrix,96,advanced_rolling3_style_directness,strict_compatibility_predictor,strict_preseason_safe,Lagged player or prior-club compatibility feature constructed without target-season outcomes.
transfer_compatibility_strict_model_matrix,97,advanced_rolling3_style_dribble_aggression,strict_compatibility_predictor,strict_preseason_safe,Lagged player or prior-club compatibility feature constructed without target-season outcomes.
transfer_compatibility_strict_model_matrix,98,advanced_rolling3_style_passing_control,strict_compatibility_predictor,strict_preseason_safe,Lagged player or prior-club compatibility feature constructed without target-season outcomes.
transfer_compatibility_strict_model_matrix,99,advanced_rolling3_style_progression,strict_compatibility_predictor,strict_preseason_safe,Lagged player or prior-club compatibility feature constructed without target-season outcomes.
transfer_compatibility_strict_model_matrix,100,advanced_rolling3_style_scoring_threat,strict_compatibility_predictor,strict_preseason_safe,Lagged player or prior-club compatibility feature constructed without target-season outcomes.
transfer_compatibility_strict_model_matrix,101,advanced_style_aerial_physicality_trend_lag1_minus_lag2,strict_compatibility_predictor,strict_preseason_safe,Lagged player or prior-club compatibility feature constructed without target-season outcomes.
transfer_compatibility_strict_model_matrix,102,advanced_style_creation_trend_lag1_minus_lag2,strict_compatibility_predictor,strict_preseason_safe,Lagged player or prior-club compatibility feature constructed without target-season outcomes.
transfer_compatibility_strict_model_matrix,103,advanced_style_defensive_intensity_trend_lag1_minus_lag2,strict_compatibility_predictor,strict_preseason_safe,Lagged player or prior-club compatibility feature constructed without target-season outcomes.
transfer_compatibility_strict_model_matrix,104,advanced_style_directness_trend_lag1_minus_lag2,strict_compatibility_predictor,strict_preseason_safe,Lagged player or prior-club compatibility feature constructed without target-season outcomes.
transfer_compatibility_strict_model_matrix,105,advanced_style_dribble_aggression_trend_lag1_minus_lag2,strict_compatibility_predictor,strict_preseason_safe,Lagged player or prior-club compatibility feature constructed without target-season outcomes.
transfer_compatibility_strict_model_matrix,106,advanced_style_passing_control_trend_lag1_minus_lag2,strict_compatibility_predictor,strict_preseason_safe,Lagged player or prior-club compatibility feature constructed without target-season outcomes.
transfer_compatibility_strict_model_matrix,107,advanced_style_progression_trend_lag1_minus_lag2,strict_compatibility_predictor,strict_preseason_safe,Lagged player or prior-club compatibility feature constructed without target-season outcomes.
transfer_compatibility_strict_model_matrix,108,advanced_style_scoring_threat_trend_lag1_minus_lag2,strict_compatibility_predictor,strict_preseason_safe,Lagged player or prior-club compatibility feature constructed without target-season outcomes.
transfer_compatibility_strict_model_matrix,109,preference_defensive_intensity_correlation,strict_compatibility_predictor,strict_preseason_safe,Lagged player or prior-club compatibility feature constructed without target-season outcomes.
transfer_compatibility_strict_model_matrix,110,preference_defensive_intensity_effective_observations,strict_compatibility_predictor,strict_preseason_safe,Lagged player or prior-club compatibility feature constructed without target-season outcomes.
transfer_compatibility_strict_model_matrix,111,preference_defensive_intensity_exposure_mean,strict_compatibility_predictor,strict_preseason_safe,Lagged player or prior-club compatibility feature constructed without target-season outcomes.
transfer_compatibility_strict_model_matrix,112,preference_defensive_intensity_performance_weighted_level,strict_compatibility_predictor,strict_preseason_safe,Lagged player or prior-club compatibility feature constructed without target-season outcomes.
transfer_compatibility_strict_model_matrix,113,preference_defensive_intensity_raw_slope,strict_compatibility_predictor,strict_preseason_safe,Lagged player or prior-club compatibility feature constructed without target-season outcomes.
transfer_compatibility_strict_model_matrix,114,preference_defensive_intensity_shrunken_slope,strict_compatibility_predictor,strict_preseason_safe,Lagged player or prior-club compatibility feature constructed without target-season outcomes.
transfer_compatibility_strict_model_matrix,115,preference_forward_mobility_correlation,strict_compatibility_predictor,strict_preseason_safe,Lagged player or prior-club compatibility feature constructed without target-season outcomes.
transfer_compatibility_strict_model_matrix,116,preference_forward_mobility_effective_observations,strict_compatibility_predictor,strict_preseason_safe,Lagged player or prior-club compatibility feature constructed without target-season outcomes.
transfer_compatibility_strict_model_matrix,117,preference_forward_mobility_exposure_mean,strict_compatibility_predictor,strict_preseason_safe,Lagged player or prior-club compatibility feature constructed without target-season outcomes.
transfer_compatibility_strict_model_matrix,118,preference_forward_mobility_performance_weighted_level,strict_compatibility_predictor,strict_preseason_safe,Lagged player or prior-club compatibility feature constructed without target-season outcomes.
transfer_compatibility_strict_model_matrix,119,preference_forward_mobility_raw_slope,strict_compatibility_predictor,strict_preseason_safe,Lagged player or prior-club compatibility feature constructed without target-season outcomes.
transfer_compatibility_strict_model_matrix,120,preference_forward_mobility_shrunken_slope,strict_compatibility_predictor,strict_preseason_safe,Lagged player or prior-club compatibility feature constructed without target-season outcomes.
transfer_compatibility_strict_model_matrix,121,preference_forward_threat_correlation,strict_compatibility_predictor,strict_preseason_safe,Lagged player or prior-club compatibility feature constructed without target-season outcomes.
transfer_compatibility_strict_model_matrix,122,preference_forward_threat_effective_observations,strict_compatibility_predictor,strict_preseason_safe,Lagged player or prior-club compatibility feature constructed without target-season outcomes.
transfer_compatibility_strict_model_matrix,123,preference_forward_threat_exposure_mean,strict_compatibility_predictor,strict_preseason_safe,Lagged player or prior-club compatibility feature constructed without target-season outcomes.
transfer_compatibility_strict_model_matrix,124,preference_forward_threat_performance_weighted_level,strict_compatibility_predictor,strict_preseason_safe,Lagged player or prior-club compatibility feature constructed without target-season outcomes.
transfer_compatibility_strict_model_matrix,125,preference_forward_threat_raw_slope,strict_compatibility_predictor,strict_preseason_safe,Lagged player or prior-club compatibility feature constructed without target-season outcomes.
transfer_compatibility_strict_model_matrix,126,preference_forward_threat_shrunken_slope,strict_compatibility_predictor,strict_preseason_safe,Lagged player or prior-club compatibility feature constructed without target-season outcomes.
transfer_compatibility_strict_model_matrix,127,preference_history_minutes,strict_compatibility_predictor,strict_preseason_safe,Lagged player or prior-club compatibility feature constructed without target-season outcomes.
transfer_compatibility_strict_model_matrix,128,preference_history_rows,strict_compatibility_predictor,strict_preseason_safe,Lagged player or prior-club compatibility feature constructed without target-season outcomes.
transfer_compatibility_strict_model_matrix,129,preference_history_seasons,strict_compatibility_predictor,strict_preseason_safe,Lagged player or prior-club compatibility feature constructed without target-season outcomes.
transfer_compatibility_strict_model_matrix,130,preference_max_source_season,strict_compatibility_predictor,strict_preseason_safe,Lagged player or prior-club compatibility feature constructed without target-season outcomes.
transfer_compatibility_strict_model_matrix,131,preference_midfield_aggression_correlation,strict_compatibility_predictor,strict_preseason_safe,Lagged player or prior-club compatibility feature constructed without target-season outcomes.
transfer_compatibility_strict_model_matrix,132,preference_midfield_aggression_effective_observations,strict_compatibility_predictor,strict_preseason_safe,Lagged player or prior-club compatibility feature constructed without target-season outcomes.
transfer_compatibility_strict_model_matrix,133,preference_midfield_aggression_exposure_mean,strict_compatibility_predictor,strict_preseason_safe,Lagged player or prior-club compatibility feature constructed without target-season outcomes.
transfer_compatibility_strict_model_matrix,134,preference_midfield_aggression_performance_weighted_level,strict_compatibility_predictor,strict_preseason_safe,Lagged player or prior-club compatibility feature constructed without target-season outcomes.
transfer_compatibility_strict_model_matrix,135,preference_midfield_aggression_raw_slope,strict_compatibility_predictor,strict_preseason_safe,Lagged player or prior-club compatibility feature constructed without target-season outcomes.
transfer_compatibility_strict_model_matrix,136,preference_midfield_aggression_shrunken_slope,strict_compatibility_predictor,strict_preseason_safe,Lagged player or prior-club compatibility feature constructed without target-season outcomes.
transfer_compatibility_strict_model_matrix,137,preference_midfield_creativity_correlation,strict_compatibility_predictor,strict_preseason_safe,Lagged player or prior-club compatibility feature constructed without target-season outcomes.
transfer_compatibility_strict_model_matrix,138,preference_midfield_creativity_effective_observations,strict_compatibility_predictor,strict_preseason_safe,Lagged player or prior-club compatibility feature constructed without target-season outcomes.
transfer_compatibility_strict_model_matrix,139,preference_midfield_creativity_exposure_mean,strict_compatibility_predictor,strict_preseason_safe,Lagged player or prior-club compatibility feature constructed without target-season outcomes.
transfer_compatibility_strict_model_matrix,140,preference_midfield_creativity_performance_weighted_level,strict_compatibility_predictor,strict_preseason_safe,Lagged player or prior-club compatibility feature constructed without target-season outcomes.
transfer_compatibility_strict_model_matrix,141,preference_midfield_creativity_raw_slope,strict_compatibility_predictor,strict_preseason_safe,Lagged player or prior-club compatibility feature constructed without target-season outcomes.
transfer_compatibility_strict_model_matrix,142,preference_midfield_creativity_shrunken_slope,strict_compatibility_predictor,strict_preseason_safe,Lagged player or prior-club compatibility feature constructed without target-season outcomes.
transfer_compatibility_strict_model_matrix,143,preference_team_passing_control_correlation,strict_compatibility_predictor,strict_preseason_safe,Lagged player or prior-club compatibility feature constructed without target-season outcomes.
transfer_compatibility_strict_model_matrix,144,preference_team_passing_control_effective_observations,strict_compatibility_predictor,strict_preseason_safe,Lagged player or prior-club compatibility feature constructed without target-season outcomes.
transfer_compatibility_strict_model_matrix,145,preference_team_passing_control_exposure_mean,strict_compatibility_predictor,strict_preseason_safe,Lagged player or prior-club compatibility feature constructed without target-season outcomes.
transfer_compatibility_strict_model_matrix,146,preference_team_passing_control_performance_weighted_level,strict_compatibility_predictor,strict_preseason_safe,Lagged player or prior-club compatibility feature constructed without target-season outcomes.
transfer_compatibility_strict_model_matrix,147,preference_team_passing_control_raw_slope,strict_compatibility_predictor,strict_preseason_safe,Lagged player or prior-club compatibility feature constructed without target-season outcomes.
transfer_compatibility_strict_model_matrix,148,preference_team_passing_control_shrunken_slope,strict_compatibility_predictor,strict_preseason_safe,Lagged player or prior-club compatibility feature constructed without target-season outcomes.
transfer_compatibility_strict_model_matrix,149,strict_all_count,strict_compatibility_predictor,strict_preseason_safe,Lagged player or prior-club compatibility feature constructed without target-season outcomes.
transfer_compatibility_strict_model_matrix,150,strict_all_style_aerial_physicality,strict_compatibility_predictor,strict_preseason_safe,Lagged player or prior-club compatibility feature constructed without target-season outcomes.
transfer_compatibility_strict_model_matrix,151,strict_all_style_creation,strict_compatibility_predictor,strict_preseason_safe,Lagged player or prior-club compatibility feature constructed without target-season outcomes.
transfer_compatibility_strict_model_matrix,152,strict_all_style_defensive_intensity,strict_compatibility_predictor,strict_preseason_safe,Lagged player or prior-club compatibility feature constructed without target-season outcomes.
transfer_compatibility_strict_model_matrix,153,strict_all_style_directness,strict_compatibility_predictor,strict_preseason_safe,Lagged player or prior-club compatibility feature constructed without target-season outcomes.
transfer_compatibility_strict_model_matrix,154,strict_all_style_dribble_aggression,strict_compatibility_predictor,strict_preseason_safe,Lagged player or prior-club compatibility feature constructed without target-season outcomes.
transfer_compatibility_strict_model_matrix,155,strict_all_style_passing_control,strict_compatibility_predictor,strict_preseason_safe,Lagged player or prior-club compatibility feature constructed without target-season outcomes.
transfer_compatibility_strict_model_matrix,156,strict_all_style_progression,strict_compatibility_predictor,strict_preseason_safe,Lagged player or prior-club compatibility feature constructed without target-season outcomes.
transfer_compatibility_strict_model_matrix,157,strict_all_style_scoring_threat,strict_compatibility_predictor,strict_preseason_safe,Lagged player or prior-club compatibility feature constructed without target-season outcomes.
transfer_compatibility_strict_model_matrix,158,strict_all_teammate_count,strict_compatibility_predictor,strict_preseason_safe,Lagged player or prior-club compatibility feature constructed without target-season outcomes.
transfer_compatibility_strict_model_matrix,159,strict_context_defensive_intensity,strict_compatibility_predictor,strict_preseason_safe,Lagged player or prior-club compatibility feature constructed without target-season outcomes.
transfer_compatibility_strict_model_matrix,160,strict_context_familiarity_score_0_100,strict_compatibility_predictor,strict_preseason_safe,Lagged player or prior-club compatibility feature constructed without target-season outcomes.
transfer_compatibility_strict_model_matrix,161,strict_context_feature_eligible,strict_compatibility_predictor,strict_preseason_safe,Lagged player or prior-club compatibility feature constructed without target-season outcomes.
transfer_compatibility_strict_model_matrix,162,strict_context_forward_mobility,strict_compatibility_predictor,strict_preseason_safe,Lagged player or prior-club compatibility feature constructed without target-season outcomes.
transfer_compatibility_strict_model_matrix,163,strict_context_forward_threat,strict_compatibility_predictor,strict_preseason_safe,Lagged player or prior-club compatibility feature constructed without target-season outcomes.
transfer_compatibility_strict_model_matrix,164,strict_context_midfield_aggression,strict_compatibility_predictor,strict_preseason_safe,Lagged player or prior-club compatibility feature constructed without target-season outcomes.
transfer_compatibility_strict_model_matrix,165,strict_context_midfield_creativity,strict_compatibility_predictor,strict_preseason_safe,Lagged player or prior-club compatibility feature constructed without target-season outcomes.
transfer_compatibility_strict_model_matrix,166,strict_context_source_season,strict_compatibility_predictor,strict_preseason_safe,Lagged player or prior-club compatibility feature constructed without target-season outcomes.
transfer_compatibility_strict_model_matrix,167,strict_context_team_passing_control,strict_compatibility_predictor,strict_preseason_safe,Lagged player or prior-club compatibility feature constructed without target-season outcomes.
transfer_compatibility_strict_model_matrix,168,strict_defensive_intensity_familiarity_distance,strict_compatibility_predictor,strict_preseason_safe,Lagged player or prior-club compatibility feature constructed without target-season outcomes.
transfer_compatibility_strict_model_matrix,169,strict_defensive_intensity_preference_distance,strict_compatibility_predictor,strict_preseason_safe,Lagged player or prior-club compatibility feature constructed without target-season outcomes.
transfer_compatibility_strict_model_matrix,170,strict_defensive_intensity_preference_slope_interaction,strict_compatibility_predictor,strict_preseason_safe,Lagged player or prior-club compatibility feature constructed without target-season outcomes.
transfer_compatibility_strict_model_matrix,171,strict_df_count,strict_compatibility_predictor,strict_preseason_safe,Lagged player or prior-club compatibility feature constructed without target-season outcomes.
transfer_compatibility_strict_model_matrix,172,strict_df_style_aerial_physicality,strict_compatibility_predictor,strict_preseason_safe,Lagged player or prior-club compatibility feature constructed without target-season outcomes.
transfer_compatibility_strict_model_matrix,173,strict_df_style_creation,strict_compatibility_predictor,strict_preseason_safe,Lagged player or prior-club compatibility feature constructed without target-season outcomes.
transfer_compatibility_strict_model_matrix,174,strict_df_style_defensive_intensity,strict_compatibility_predictor,strict_preseason_safe,Lagged player or prior-club compatibility feature constructed without target-season outcomes.
transfer_compatibility_strict_model_matrix,175,strict_df_style_directness,strict_compatibility_predictor,strict_preseason_safe,Lagged player or prior-club compatibility feature constructed without target-season outcomes.
transfer_compatibility_strict_model_matrix,176,strict_df_style_dribble_aggression,strict_compatibility_predictor,strict_preseason_safe,Lagged player or prior-club compatibility feature constructed without target-season outcomes.
transfer_compatibility_strict_model_matrix,177,strict_df_style_passing_control,strict_compatibility_predictor,strict_preseason_safe,Lagged player or prior-club compatibility feature constructed without target-season outcomes.
transfer_compatibility_strict_model_matrix,178,strict_df_style_progression,strict_compatibility_predictor,strict_preseason_safe,Lagged player or prior-club compatibility feature constructed without target-season outcomes.
transfer_compatibility_strict_model_matrix,179,strict_df_style_scoring_threat,strict_compatibility_predictor,strict_preseason_safe,Lagged player or prior-club compatibility feature constructed without target-season outcomes.
transfer_compatibility_strict_model_matrix,180,strict_df_teammate_count,strict_compatibility_predictor,strict_preseason_safe,Lagged player or prior-club compatibility feature constructed without target-season outcomes.
transfer_compatibility_strict_model_matrix,181,strict_forward_mobility_familiarity_distance,strict_compatibility_predictor,strict_preseason_safe,Lagged player or prior-club compatibility feature constructed without target-season outcomes.
transfer_compatibility_strict_model_matrix,182,strict_forward_mobility_preference_distance,strict_compatibility_predictor,strict_preseason_safe,Lagged player or prior-club compatibility feature constructed without target-season outcomes.
transfer_compatibility_strict_model_matrix,183,strict_forward_mobility_preference_slope_interaction,strict_compatibility_predictor,strict_preseason_safe,Lagged player or prior-club compatibility feature constructed without target-season outcomes.
transfer_compatibility_strict_model_matrix,184,strict_forward_threat_familiarity_distance,strict_compatibility_predictor,strict_preseason_safe,Lagged player or prior-club compatibility feature constructed without target-season outcomes.
transfer_compatibility_strict_model_matrix,185,strict_forward_threat_preference_distance,strict_compatibility_predictor,strict_preseason_safe,Lagged player or prior-club compatibility feature constructed without target-season outcomes.
transfer_compatibility_strict_model_matrix,186,strict_forward_threat_preference_slope_interaction,strict_compatibility_predictor,strict_preseason_safe,Lagged player or prior-club compatibility feature constructed without target-season outcomes.
transfer_compatibility_strict_model_matrix,187,strict_fw_count,strict_compatibility_predictor,strict_preseason_safe,Lagged player or prior-club compatibility feature constructed without target-season outcomes.
transfer_compatibility_strict_model_matrix,188,strict_fw_style_aerial_physicality,strict_compatibility_predictor,strict_preseason_safe,Lagged player or prior-club compatibility feature constructed without target-season outcomes.
transfer_compatibility_strict_model_matrix,189,strict_fw_style_creation,strict_compatibility_predictor,strict_preseason_safe,Lagged player or prior-club compatibility feature constructed without target-season outcomes.
transfer_compatibility_strict_model_matrix,190,strict_fw_style_defensive_intensity,strict_compatibility_predictor,strict_preseason_safe,Lagged player or prior-club compatibility feature constructed without target-season outcomes.
transfer_compatibility_strict_model_matrix,191,strict_fw_style_directness,strict_compatibility_predictor,strict_preseason_safe,Lagged player or prior-club compatibility feature constructed without target-season outcomes.
transfer_compatibility_strict_model_matrix,192,strict_fw_style_dribble_aggression,strict_compatibility_predictor,strict_preseason_safe,Lagged player or prior-club compatibility feature constructed without target-season outcomes.
transfer_compatibility_strict_model_matrix,193,strict_fw_style_passing_control,strict_compatibility_predictor,strict_preseason_safe,Lagged player or prior-club compatibility feature constructed without target-season outcomes.
transfer_compatibility_strict_model_matrix,194,strict_fw_style_progression,strict_compatibility_predictor,strict_preseason_safe,Lagged player or prior-club compatibility feature constructed without target-season outcomes.
transfer_compatibility_strict_model_matrix,195,strict_fw_style_scoring_threat,strict_compatibility_predictor,strict_preseason_safe,Lagged player or prior-club compatibility feature constructed without target-season outcomes.
transfer_compatibility_strict_model_matrix,196,strict_fw_teammate_count,strict_compatibility_predictor,strict_preseason_safe,Lagged player or prior-club compatibility feature constructed without target-season outcomes.
transfer_compatibility_strict_model_matrix,197,strict_mf_count,strict_compatibility_predictor,strict_preseason_safe,Lagged player or prior-club compatibility feature constructed without target-season outcomes.
transfer_compatibility_strict_model_matrix,198,strict_mf_style_aerial_physicality,strict_compatibility_predictor,strict_preseason_safe,Lagged player or prior-club compatibility feature constructed without target-season outcomes.
transfer_compatibility_strict_model_matrix,199,strict_mf_style_creation,strict_compatibility_predictor,strict_preseason_safe,Lagged player or prior-club compatibility feature constructed without target-season outcomes.
transfer_compatibility_strict_model_matrix,200,strict_mf_style_defensive_intensity,strict_compatibility_predictor,strict_preseason_safe,Lagged player or prior-club compatibility feature constructed without target-season outcomes.
transfer_compatibility_strict_model_matrix,201,strict_mf_style_directness,strict_compatibility_predictor,strict_preseason_safe,Lagged player or prior-club compatibility feature constructed without target-season outcomes.
transfer_compatibility_strict_model_matrix,202,strict_mf_style_dribble_aggression,strict_compatibility_predictor,strict_preseason_safe,Lagged player or prior-club compatibility feature constructed without target-season outcomes.
transfer_compatibility_strict_model_matrix,203,strict_mf_style_passing_control,strict_compatibility_predictor,strict_preseason_safe,Lagged player or prior-club compatibility feature constructed without target-season outcomes.
transfer_compatibility_strict_model_matrix,204,strict_mf_style_progression,strict_compatibility_predictor,strict_preseason_safe,Lagged player or prior-club compatibility feature constructed without target-season outcomes.
transfer_compatibility_strict_model_matrix,205,strict_mf_style_scoring_threat,strict_compatibility_predictor,strict_preseason_safe,Lagged player or prior-club compatibility feature constructed without target-season outcomes.
transfer_compatibility_strict_model_matrix,206,strict_mf_teammate_count,strict_compatibility_predictor,strict_preseason_safe,Lagged player or prior-club compatibility feature constructed without target-season outcomes.
transfer_compatibility_strict_model_matrix,207,strict_midfield_aggression_familiarity_distance,strict_compatibility_predictor,strict_preseason_safe,Lagged player or prior-club compatibility feature constructed without target-season outcomes.
transfer_compatibility_strict_model_matrix,208,strict_midfield_aggression_preference_distance,strict_compatibility_predictor,strict_preseason_safe,Lagged player or prior-club compatibility feature constructed without target-season outcomes.
transfer_compatibility_strict_model_matrix,209,strict_midfield_aggression_preference_slope_interaction,strict_compatibility_predictor,strict_preseason_safe,Lagged player or prior-club compatibility feature constructed without target-season outcomes.
transfer_compatibility_strict_model_matrix,210,strict_midfield_creativity_familiarity_distance,strict_compatibility_predictor,strict_preseason_safe,Lagged player or prior-club compatibility feature constructed without target-season outcomes.
transfer_compatibility_strict_model_matrix,211,strict_midfield_creativity_preference_distance,strict_compatibility_predictor,strict_preseason_safe,Lagged player or prior-club compatibility feature constructed without target-season outcomes.
transfer_compatibility_strict_model_matrix,212,strict_midfield_creativity_preference_slope_interaction,strict_compatibility_predictor,strict_preseason_safe,Lagged player or prior-club compatibility feature constructed without target-season outcomes.
transfer_compatibility_strict_model_matrix,213,strict_player_creation_x_forward_threat,strict_compatibility_predictor,strict_preseason_safe,Lagged player or prior-club compatibility feature constructed without target-season outcomes.
transfer_compatibility_strict_model_matrix,214,strict_player_defense_x_defensive_intensity,strict_compatibility_predictor,strict_preseason_safe,Lagged player or prior-club compatibility feature constructed without target-season outcomes.
transfer_compatibility_strict_model_matrix,215,strict_player_dribble_x_midfield_aggression,strict_compatibility_predictor,strict_preseason_safe,Lagged player or prior-club compatibility feature constructed without target-season outcomes.
transfer_compatibility_strict_model_matrix,216,strict_player_passing_x_team_passing_control,strict_compatibility_predictor,strict_preseason_safe,Lagged player or prior-club compatibility feature constructed without target-season outcomes.
transfer_compatibility_strict_model_matrix,217,strict_player_progression_x_forward_mobility,strict_compatibility_predictor,strict_preseason_safe,Lagged player or prior-club compatibility feature constructed without target-season outcomes.
transfer_compatibility_strict_model_matrix,218,strict_player_scoring_x_midfield_creativity,strict_compatibility_predictor,strict_preseason_safe,Lagged player or prior-club compatibility feature constructed without target-season outcomes.
transfer_compatibility_strict_model_matrix,219,strict_player_team_style_cosine_similarity,strict_compatibility_predictor,strict_preseason_safe,Lagged player or prior-club compatibility feature constructed without target-season outcomes.
transfer_compatibility_strict_model_matrix,220,strict_player_team_style_mean_absolute_distance,strict_compatibility_predictor,strict_preseason_safe,Lagged player or prior-club compatibility feature constructed without target-season outcomes.
transfer_compatibility_strict_model_matrix,221,strict_preference_fit_score_0_100,strict_compatibility_predictor,strict_preseason_safe,Lagged player or prior-club compatibility feature constructed without target-season outcomes.
transfer_compatibility_strict_model_matrix,222,strict_preference_slope_signal,strict_compatibility_predictor,strict_preseason_safe,Lagged player or prior-club compatibility feature constructed without target-season outcomes.
transfer_compatibility_strict_model_matrix,223,strict_prior_club_context_available,strict_compatibility_predictor,strict_preseason_safe,Lagged player or prior-club compatibility feature constructed without target-season outcomes.
transfer_compatibility_strict_model_matrix,224,strict_team_distinct_players,strict_compatibility_predictor,strict_preseason_safe,Lagged player or prior-club compatibility feature constructed without target-season outcomes.
transfer_compatibility_strict_model_matrix,225,strict_team_minutes,strict_compatibility_predictor,strict_preseason_safe,Lagged player or prior-club compatibility feature constructed without target-season outcomes.
transfer_compatibility_strict_model_matrix,226,strict_team_passing_control_familiarity_distance,strict_compatibility_predictor,strict_preseason_safe,Lagged player or prior-club compatibility feature constructed without target-season outcomes.
transfer_compatibility_strict_model_matrix,227,strict_team_passing_control_preference_distance,strict_compatibility_predictor,strict_preseason_safe,Lagged player or prior-club compatibility feature constructed without target-season outcomes.
transfer_compatibility_strict_model_matrix,228,strict_team_passing_control_preference_slope_interaction,strict_compatibility_predictor,strict_preseason_safe,Lagged player or prior-club compatibility feature constructed without target-season outcomes.
transfer_compatibility_strict_model_matrix,229,strict_team_player_rows,strict_compatibility_predictor,strict_preseason_safe,Lagged player or prior-club compatibility feature constructed without target-season outcomes.
transfer_compatibility_strict_model_matrix,230,target_club_match_opportunities,target_or_target_diagnostic,outcome_only,Current destination-season outcome or its calculation component; never use as a predictor.
transfer_compatibility_strict_model_matrix,231,target_available_player_minutes,target_or_target_diagnostic,outcome_only,Current destination-season outcome or its calculation component; never use as a predictor.
transfer_compatibility_strict_model_matrix,232,target_destination_minutes,target_or_target_diagnostic,outcome_only,Current destination-season outcome or its calculation component; never use as a predictor.
transfer_compatibility_strict_model_matrix,233,target_destination_minutes_share,target_or_target_diagnostic,outcome_only,Current destination-season outcome or its calculation component; never use as a predictor.
transfer_compatibility_strict_model_matrix,234,target_destination_minutes_share_available,target_or_target_diagnostic,outcome_only,Current destination-season outcome or its calculation component; never use as a predictor.
transfer_compatibility_strict_model_matrix,235,target_role_performance_index,target_or_target_diagnostic,outcome_only,Current destination-season outcome or its calculation component; never use as a predictor.
transfer_compatibility_strict_model_matrix,236,target_role_performance_index_available,target_or_target_diagnostic,outcome_only,Current destination-season outcome or its calculation component; never use as a predictor.
transfer_compatibility_strict_model_matrix,237,prior3_role_performance_baseline,target_baseline_diagnostic,outcome_calculation_only,Prior-history component used to define or audit performance change; omit when predicting absolute performance.
transfer_compatibility_strict_model_matrix,238,prior3_role_performance_baseline_minutes,target_baseline_diagnostic,outcome_calculation_only,Prior-history component used to define or audit performance change; omit when predicting absolute performance.
transfer_compatibility_strict_model_matrix,239,prior3_role_performance_baseline_seasons,target_baseline_diagnostic,outcome_calculation_only,Prior-history component used to define or audit performance change; omit when predicting absolute performance.
transfer_compatibility_strict_model_matrix,240,prior3_role_performance_baseline_available,target_baseline_diagnostic,outcome_calculation_only,Prior-history component used to define or audit performance change; omit when predicting absolute performance.
transfer_compatibility_strict_model_matrix,241,target_performance_change_rolling3,target_or_target_diagnostic,outcome_only,Current destination-season outcome or its calculation component; never use as a predictor.
transfer_compatibility_strict_model_matrix,242,target_performance_change_rolling3_available,target_or_target_diagnostic,outcome_only,Current destination-season outcome or its calculation component; never use as a predictor.
transfer_compatibility_strict_model_matrix,243,lag1_role_matches_target_role,target_baseline_diagnostic,outcome_calculation_only,Prior-history component used to define or audit performance change; omit when predicting absolute performance.
transfer_compatibility_strict_model_matrix,244,eligible_opportunity_model_primary,sample_control,not_a_predictor,Eligibility or exclusion control used to define the modeling cohort.
transfer_compatibility_strict_model_matrix,245,eligible_performance_model_primary,sample_control,not_a_predictor,Eligibility or exclusion control used to define the modeling cohort.
transfer_compatibility_strict_model_matrix,246,eligible_adaptation_model_primary,sample_control,not_a_predictor,Eligibility or exclusion control used to define the modeling cohort.
transfer_compatibility_strict_model_matrix,247,opportunity_model_exclusion_reasons,sample_control,not_a_predictor,Eligibility or exclusion control used to define the modeling cohort.
transfer_compatibility_strict_model_matrix,248,performance_model_exclusion_reasons,sample_control,not_a_predictor,Eligibility or exclusion control used to define the modeling cohort.
transfer_compatibility_strict_model_matrix,249,adaptation_model_exclusion_reasons,sample_control,not_a_predictor,Eligibility or exclusion control used to define the modeling cohort.
