target_key,target_column,model_variant,selected_alpha,encoded_feature,raw_feature,feature_group,standardized_coefficient,absolute_standardized_coefficient,fit_scope,absolute_rank_within_model
adaptation,target_performance_change_rolling3,player_history_baseline,10.0,canonical_transfer_fee_status==positive_reported,canonical_transfer_fee_status,transfer_and_market,-0.004699174507991792,0.004699174507991792,train_plus_validation,1
adaptation,target_performance_change_rolling3,player_history_baseline,10.0,advanced_lag1_goals_per90,advanced_lag1_goals_per90,lagged_player_history,0.004411465770324055,0.004411465770324055,train_plus_validation,2
adaptation,target_performance_change_rolling3,player_history_baseline,10.0,advanced_lag2_source_rows,advanced_lag2_source_rows,lagged_player_history,-0.0040918431741705725,0.0040918431741705725,train_plus_validation,3
adaptation,target_performance_change_rolling3,player_history_baseline,10.0,sub_position==Right-Back,sub_position,transfer_and_market,0.003278747671923387,0.003278747671923387,train_plus_validation,4
adaptation,target_performance_change_rolling3,player_history_baseline,10.0,advanced_lag2_style_passing_control,advanced_lag2_style_passing_control,lagged_player_history,-0.003097657241810088,0.003097657241810088,train_plus_validation,5
adaptation,target_performance_change_rolling3,player_history_baseline,10.0,advanced_lag3_assists_per90,advanced_lag3_assists_per90,lagged_player_history,-0.003093008541726576,0.003093008541726576,train_plus_validation,6
adaptation,target_performance_change_rolling3,player_history_baseline,10.0,advanced_lag1_assists_per90,advanced_lag1_assists_per90,lagged_player_history,-0.0028404761080946667,0.0028404761080946667,train_plus_validation,7
adaptation,target_performance_change_rolling3,player_history_baseline,10.0,position==Defender,position,transfer_and_market,-0.0024766955455882535,0.0024766955455882535,train_plus_validation,8
adaptation,target_performance_change_rolling3,player_history_baseline,10.0,height_in_cm,height_in_cm,transfer_and_market,-0.002430647592653213,0.002430647592653213,train_plus_validation,9
adaptation,target_performance_change_rolling3,player_history_baseline,10.0,advanced_lag1_clubs,advanced_lag1_clubs,lagged_player_history,-0.0022375704071265247,0.0022375704071265247,train_plus_validation,10
adaptation,target_performance_change_rolling3,player_history_baseline,10.0,advanced_lag3_clubs,advanced_lag3_clubs,lagged_player_history,-0.0022284132416468113,0.0022284132416468113,train_plus_validation,11
adaptation,target_performance_change_rolling3,player_history_baseline,10.0,advanced_lag3_style_directness,advanced_lag3_style_directness,lagged_player_history,0.0020776344684760883,0.0020776344684760883,train_plus_validation,12
adaptation,target_performance_change_rolling3,player_history_baseline,10.0,sub_position==Centre-Forward,sub_position,transfer_and_market,0.0020569589326329732,0.0020569589326329732,train_plus_validation,13
adaptation,target_performance_change_rolling3,player_history_baseline,10.0,advanced_lag2_npxg_per90,advanced_lag2_npxg_per90,lagged_player_history,0.002043598721122331,0.002043598721122331,train_plus_validation,14
adaptation,target_performance_change_rolling3,player_history_baseline,10.0,advanced_lag1_style_scoring_threat,advanced_lag1_style_scoring_threat,lagged_player_history,-0.0020352047332407855,0.0020352047332407855,train_plus_validation,15
adaptation,target_performance_change_rolling3,player_history_baseline,10.0,advanced_style_creation_trend_lag1_minus_lag2__missing,advanced_style_creation_trend_lag1_minus_lag2,lagged_player_history,0.0018884247605278396,0.0018884247605278396,train_plus_validation,16
adaptation,target_performance_change_rolling3,player_history_baseline,10.0,sub_position==Left Winger,sub_position,transfer_and_market,-0.0018715531040774539,0.0018715531040774539,train_plus_validation,17
adaptation,target_performance_change_rolling3,player_history_baseline,10.0,advanced_lag2_role_group==FW,advanced_lag2_role_group,lagged_player_history,-0.001863079808577225,0.001863079808577225,train_plus_validation,18
adaptation,target_performance_change_rolling3,player_history_baseline,10.0,canonical_transfer_fee_eur__missing,canonical_transfer_fee_eur,transfer_and_market,-0.0017810691825467788,0.0017810691825467788,train_plus_validation,19
adaptation,target_performance_change_rolling3,player_history_baseline,10.0,advanced_lag3_goals_per90,advanced_lag3_goals_per90,lagged_player_history,0.0017681363632314313,0.0017681363632314313,train_plus_validation,20
adaptation,target_performance_change_rolling3,player_history_baseline,10.0,advanced_lag3_style_aerial_physicality,advanced_lag3_style_aerial_physicality,lagged_player_history,-0.0017610916407144919,0.0017610916407144919,train_plus_validation,21
adaptation,target_performance_change_rolling3,player_history_baseline,10.0,sub_position==Left Midfield,sub_position,transfer_and_market,-0.0016676591098949848,0.0016676591098949848,train_plus_validation,22
adaptation,target_performance_change_rolling3,player_history_baseline,10.0,sub_position==Defensive Midfield,sub_position,transfer_and_market,-0.0016595606568316921,0.0016595606568316921,train_plus_validation,23
adaptation,target_performance_change_rolling3,player_history_baseline,10.0,advanced_lag3_clubs__missing,advanced_lag3_clubs,lagged_player_history,-0.00161469710696811,0.00161469710696811,train_plus_validation,24
adaptation,target_performance_change_rolling3,player_history_baseline,10.0,advanced_style_defensive_intensity_trend_lag1_minus_lag2,advanced_style_defensive_intensity_trend_lag1_minus_lag2,lagged_player_history,-0.0015884183644818291,0.0015884183644818291,train_plus_validation,25
adaptation,target_performance_change_rolling3,player_history_baseline,10.0,advanced_lag2_goals_per90,advanced_lag2_goals_per90,lagged_player_history,0.0015566057285098765,0.0015566057285098765,train_plus_validation,26
adaptation,target_performance_change_rolling3,player_history_baseline,10.0,advanced_lag3_source_rows__missing,advanced_lag3_source_rows,lagged_player_history,0.0015460480527546658,0.0015460480527546658,train_plus_validation,27
adaptation,target_performance_change_rolling3,player_history_baseline,10.0,advanced_lag3_npxg_per90,advanced_lag3_npxg_per90,lagged_player_history,-0.001367770828220717,0.001367770828220717,train_plus_validation,28
adaptation,target_performance_change_rolling3,player_history_baseline,10.0,advanced_lag2_style_defensive_intensity,advanced_lag2_style_defensive_intensity,lagged_player_history,-0.0013428902776616652,0.0013428902776616652,train_plus_validation,29
adaptation,target_performance_change_rolling3,player_history_baseline,10.0,advanced_lag3_style_passing_control,advanced_lag3_style_passing_control,lagged_player_history,-0.0012769380314019115,0.0012769380314019115,train_plus_validation,30
adaptation,target_performance_change_rolling3,player_history_baseline,10.0,advanced_lag3_style_scoring_threat,advanced_lag3_style_scoring_threat,lagged_player_history,-0.0011938831710756421,0.0011938831710756421,train_plus_validation,31
adaptation,target_performance_change_rolling3,player_history_baseline,10.0,advanced_lag2_clubs,advanced_lag2_clubs,lagged_player_history,-0.0011770843651950848,0.0011770843651950848,train_plus_validation,32
adaptation,target_performance_change_rolling3,player_history_baseline,10.0,advanced_lag2_style_progression__missing,advanced_lag2_style_progression,lagged_player_history,-0.001123555858655108,0.001123555858655108,train_plus_validation,33
adaptation,target_performance_change_rolling3,player_history_baseline,10.0,advanced_style_dribble_aggression_trend_lag1_minus_lag2,advanced_style_dribble_aggression_trend_lag1_minus_lag2,lagged_player_history,-0.0011053042910732726,0.0011053042910732726,train_plus_validation,34
adaptation,target_performance_change_rolling3,player_history_baseline,10.0,sub_position==Central Midfield,sub_position,transfer_and_market,-0.0010940824531794565,0.0010940824531794565,train_plus_validation,35
adaptation,target_performance_change_rolling3,player_history_baseline,10.0,advanced_rolling3_style_creation,advanced_rolling3_style_creation,lagged_player_history,0.0010387534902769294,0.0010387534902769294,train_plus_validation,36
adaptation,target_performance_change_rolling3,player_history_baseline,10.0,advanced_lag2_competitions,advanced_lag2_competitions,lagged_player_history,0.0010292011408110904,0.0010292011408110904,train_plus_validation,37
adaptation,target_performance_change_rolling3,player_history_baseline,10.0,advanced_style_directness_trend_lag1_minus_lag2,advanced_style_directness_trend_lag1_minus_lag2,lagged_player_history,0.0010287777277662841,0.0010287777277662841,train_plus_validation,38
adaptation,target_performance_change_rolling3,player_history_baseline,10.0,advanced_lag3_role_group==DF,advanced_lag3_role_group,lagged_player_history,0.0009987911815622793,0.0009987911815622793,train_plus_validation,39
adaptation,target_performance_change_rolling3,player_history_baseline,10.0,sub_position==Left-Back,sub_position,transfer_and_market,-0.0009438061861897903,0.0009438061861897903,train_plus_validation,40
adaptation,target_performance_change_rolling3,player_history_baseline,10.0,advanced_lag2_style_scoring_threat__missing,advanced_lag2_style_scoring_threat,lagged_player_history,-0.0009121142472099119,0.0009121142472099119,train_plus_validation,41
adaptation,target_performance_change_rolling3,player_history_baseline,10.0,advanced_lag3_style_dribble_aggression,advanced_lag3_style_dribble_aggression,lagged_player_history,-0.0008887349425438046,0.0008887349425438046,train_plus_validation,42
adaptation,target_performance_change_rolling3,player_history_baseline,10.0,advanced_lag3_assists_per90__missing,advanced_lag3_assists_per90,lagged_player_history,0.0008740088296664411,0.0008740088296664411,train_plus_validation,43
adaptation,target_performance_change_rolling3,player_history_baseline,10.0,advanced_lag3_available,advanced_lag3_available,lagged_player_history,-0.0008556450246524072,0.0008556450246524072,train_plus_validation,44
adaptation,target_performance_change_rolling3,player_history_baseline,10.0,advanced_lag1_role_group==FW,advanced_lag1_role_group,lagged_player_history,-0.0008500774580333982,0.0008500774580333982,train_plus_validation,45
adaptation,target_performance_change_rolling3,player_history_baseline,10.0,canonical_transfer_fee_status==unresolved_fee_conflict,canonical_transfer_fee_status,transfer_and_market,0.0008371169878510005,0.0008371169878510005,train_plus_validation,46
adaptation,target_performance_change_rolling3,player_history_baseline,10.0,advanced_lag2_goals_per90__missing,advanced_lag2_goals_per90,lagged_player_history,-0.0008036229619883479,0.0008036229619883479,train_plus_validation,47
adaptation,target_performance_change_rolling3,player_history_baseline,10.0,advanced_lag1_npxg_per90,advanced_lag1_npxg_per90,lagged_player_history,0.0007868263324022025,0.0007868263324022025,train_plus_validation,48
adaptation,target_performance_change_rolling3,player_history_baseline,10.0,advanced_lag3_style_directness__missing,advanced_lag3_style_directness,lagged_player_history,-0.0007442905515284482,0.0007442905515284482,train_plus_validation,49
adaptation,target_performance_change_rolling3,player_history_baseline,10.0,advanced_lag2_style_aerial_physicality,advanced_lag2_style_aerial_physicality,lagged_player_history,0.0007222390193526513,0.0007222390193526513,train_plus_validation,50
adaptation,target_performance_change_rolling3,player_history_baseline,10.0,advanced_lag3_role_performance_index__missing,advanced_lag3_role_performance_index,lagged_player_history,0.000699038572345166,0.000699038572345166,train_plus_validation,51
adaptation,target_performance_change_rolling3,player_history_baseline,10.0,advanced_style_progression_trend_lag1_minus_lag2__missing,advanced_style_progression_trend_lag1_minus_lag2,lagged_player_history,-0.0006969268960629551,0.0006969268960629551,train_plus_validation,52
adaptation,target_performance_change_rolling3,player_history_baseline,10.0,sub_position==Centre-Back,sub_position,transfer_and_market,-0.0006327725846323333,0.0006327725846323333,train_plus_validation,53
adaptation,target_performance_change_rolling3,player_history_baseline,10.0,advanced_style_creation_trend_lag1_minus_lag2,advanced_style_creation_trend_lag1_minus_lag2,lagged_player_history,-0.0006262090744062573,0.0006262090744062573,train_plus_validation,54
adaptation,target_performance_change_rolling3,player_history_baseline,10.0,advanced_lag2_style_scoring_threat,advanced_lag2_style_scoring_threat,lagged_player_history,-0.000621840713120502,0.000621840713120502,train_plus_validation,55
adaptation,target_performance_change_rolling3,player_history_baseline,10.0,advanced_lag2_role_performance_index,advanced_lag2_role_performance_index,lagged_player_history,0.0006160632660406256,0.0006160632660406256,train_plus_validation,56
adaptation,target_performance_change_rolling3,player_history_baseline,10.0,advanced_lag2_role_group==DF,advanced_lag2_role_group,lagged_player_history,0.0006021983892321534,0.0006021983892321534,train_plus_validation,57
adaptation,target_performance_change_rolling3,player_history_baseline,10.0,advanced_lag1_style_passing_control,advanced_lag1_style_passing_control,lagged_player_history,0.0006018400331566834,0.0006018400331566834,train_plus_validation,58
adaptation,target_performance_change_rolling3,player_history_baseline,10.0,advanced_lag1_style_directness,advanced_lag1_style_directness,lagged_player_history,-0.0005973960223886566,0.0005973960223886566,train_plus_validation,59
adaptation,target_performance_change_rolling3,player_history_baseline,10.0,advanced_rolling3_seasons_observed,advanced_rolling3_seasons_observed,lagged_player_history,0.0005832794792469757,0.0005832794792469757,train_plus_validation,60
adaptation,target_performance_change_rolling3,player_history_baseline,10.0,advanced_lag3_source_rows,advanced_lag3_source_rows,lagged_player_history,-0.0005685768594082453,0.0005685768594082453,train_plus_validation,61
adaptation,target_performance_change_rolling3,player_history_baseline,10.0,transfer_days_from_target_season_start,transfer_days_from_target_season_start,transfer_and_market,0.0005595885250849348,0.0005595885250849348,train_plus_validation,62
adaptation,target_performance_change_rolling3,player_history_baseline,10.0,advanced_rolling3_style_aerial_physicality,advanced_rolling3_style_aerial_physicality,lagged_player_history,-0.0005231824196921285,0.0005231824196921285,train_plus_validation,63
adaptation,target_performance_change_rolling3,player_history_baseline,10.0,advanced_lag2_role_group==MF,advanced_lag2_role_group,lagged_player_history,0.0005199330384499291,0.0005199330384499291,train_plus_validation,64
adaptation,target_performance_change_rolling3,player_history_baseline,10.0,advanced_lag3_style_scoring_threat__missing,advanced_lag3_style_scoring_threat,lagged_player_history,-0.0005133806711049324,0.0005133806711049324,train_plus_validation,65
adaptation,target_performance_change_rolling3,player_history_baseline,10.0,advanced_lag2_npxg_per90__missing,advanced_lag2_npxg_per90,lagged_player_history,-0.0005094806223366255,0.0005094806223366255,train_plus_validation,66
adaptation,target_performance_change_rolling3,player_history_baseline,10.0,advanced_rolling3_style_progression,advanced_rolling3_style_progression,lagged_player_history,0.0004974767252523322,0.0004974767252523322,train_plus_validation,67
adaptation,target_performance_change_rolling3,player_history_baseline,10.0,foot==left,foot,transfer_and_market,-0.0004902694099530604,0.0004902694099530604,train_plus_validation,68
adaptation,target_performance_change_rolling3,player_history_baseline,10.0,advanced_lag2_style_creation__missing,advanced_lag2_style_creation,lagged_player_history,0.0004757069644650872,0.0004757069644650872,train_plus_validation,69
adaptation,target_performance_change_rolling3,player_history_baseline,10.0,advanced_lag2_source_rows__missing,advanced_lag2_source_rows,lagged_player_history,0.0004757069644650871,0.0004757069644650871,train_plus_validation,70
adaptation,target_performance_change_rolling3,player_history_baseline,10.0,advanced_lag2_style_defensive_intensity__missing,advanced_lag2_style_defensive_intensity,lagged_player_history,0.0004757069644650871,0.0004757069644650871,train_plus_validation,71
adaptation,target_performance_change_rolling3,player_history_baseline,10.0,advanced_lag2_style_directness__missing,advanced_lag2_style_directness,lagged_player_history,0.00047570696446508706,0.00047570696446508706,train_plus_validation,72
adaptation,target_performance_change_rolling3,player_history_baseline,10.0,advanced_lag2_style_dribble_aggression__missing,advanced_lag2_style_dribble_aggression,lagged_player_history,0.00047570696446508695,0.00047570696446508695,train_plus_validation,73
adaptation,target_performance_change_rolling3,player_history_baseline,10.0,advanced_lag2_style_passing_control__missing,advanced_lag2_style_passing_control,lagged_player_history,0.00047570696446508684,0.00047570696446508684,train_plus_validation,74
adaptation,target_performance_change_rolling3,player_history_baseline,10.0,advanced_lag2_role_performance_index__missing,advanced_lag2_role_performance_index,lagged_player_history,0.00047570696446508674,0.00047570696446508674,train_plus_validation,75
adaptation,target_performance_change_rolling3,player_history_baseline,10.0,advanced_lag2_style_aerial_physicality__missing,advanced_lag2_style_aerial_physicality,lagged_player_history,0.00047570696446508674,0.00047570696446508674,train_plus_validation,76
adaptation,target_performance_change_rolling3,player_history_baseline,10.0,advanced_rolling3_style_scoring_threat,advanced_rolling3_style_scoring_threat,lagged_player_history,-0.00044187434411381717,0.00044187434411381717,train_plus_validation,77
adaptation,target_performance_change_rolling3,player_history_baseline,10.0,advanced_lag1_competitions,advanced_lag1_competitions,lagged_player_history,-0.0004354157518408324,0.0004354157518408324,train_plus_validation,78
adaptation,target_performance_change_rolling3,player_history_baseline,10.0,advanced_lag3_role_group==MF,advanced_lag3_role_group,lagged_player_history,0.0004222749326515001,0.0004222749326515001,train_plus_validation,79
adaptation,target_performance_change_rolling3,player_history_baseline,10.0,advanced_lag2_available,advanced_lag2_available,lagged_player_history,0.0004190420065928163,0.0004190420065928163,train_plus_validation,80
adaptation,target_performance_change_rolling3,player_history_baseline,10.0,advanced_lag3_style_creation,advanced_lag3_style_creation,lagged_player_history,-0.0004145409533196332,0.0004145409533196332,train_plus_validation,81
adaptation,target_performance_change_rolling3,player_history_baseline,10.0,advanced_lag3_style_creation__missing,advanced_lag3_style_creation,lagged_player_history,0.00040057779654894166,0.00040057779654894166,train_plus_validation,82
adaptation,target_performance_change_rolling3,player_history_baseline,10.0,advanced_style_scoring_threat_trend_lag1_minus_lag2,advanced_style_scoring_threat_trend_lag1_minus_lag2,lagged_player_history,0.0003820945836185702,0.0003820945836185702,train_plus_validation,83
adaptation,target_performance_change_rolling3,player_history_baseline,10.0,sub_position==Right Winger,sub_position,transfer_and_market,0.0003611706264406108,0.0003611706264406108,train_plus_validation,84
adaptation,target_performance_change_rolling3,player_history_baseline,10.0,advanced_lag3_style_passing_control__missing,advanced_lag3_style_passing_control,lagged_player_history,0.0003403350342257956,0.0003403350342257956,train_plus_validation,85
adaptation,target_performance_change_rolling3,player_history_baseline,10.0,advanced_lag2_assists_per90__missing,advanced_lag2_assists_per90,lagged_player_history,-0.00033609529778894814,0.00033609529778894814,train_plus_validation,86
adaptation,target_performance_change_rolling3,player_history_baseline,10.0,advanced_rolling3_style_dribble_aggression,advanced_rolling3_style_dribble_aggression,lagged_player_history,0.0003186287177104474,0.0003186287177104474,train_plus_validation,87
adaptation,target_performance_change_rolling3,player_history_baseline,10.0,advanced_lag2_style_creation,advanced_lag2_style_creation,lagged_player_history,-0.00030551584283640713,0.00030551584283640713,train_plus_validation,88
adaptation,target_performance_change_rolling3,player_history_baseline,10.0,advanced_style_directness_trend_lag1_minus_lag2__missing,advanced_style_directness_trend_lag1_minus_lag2,lagged_player_history,0.0002836686819404711,0.0002836686819404711,train_plus_validation,89
adaptation,target_performance_change_rolling3,player_history_baseline,10.0,advanced_lag1_source_rows,advanced_lag1_source_rows,lagged_player_history,0.00027236436365768245,0.00027236436365768245,train_plus_validation,90
adaptation,target_performance_change_rolling3,player_history_baseline,10.0,advanced_lag3_minutes,advanced_lag3_minutes,lagged_player_history,-0.00023412722941399693,0.00023412722941399693,train_plus_validation,91
adaptation,target_performance_change_rolling3,player_history_baseline,10.0,advanced_lag2_style_dribble_aggression,advanced_lag2_style_dribble_aggression,lagged_player_history,-0.00023013557438251095,0.00023013557438251095,train_plus_validation,92
adaptation,target_performance_change_rolling3,player_history_baseline,10.0,advanced_lag1_style_creation,advanced_lag1_style_creation,lagged_player_history,-0.00022675219009830506,0.00022675219009830506,train_plus_validation,93
adaptation,target_performance_change_rolling3,player_history_baseline,10.0,canonical_transfer_fee_status==unclassified_zero,canonical_transfer_fee_status,transfer_and_market,0.00021544143079568778,0.00021544143079568778,train_plus_validation,94
adaptation,target_performance_change_rolling3,player_history_baseline,10.0,advanced_rolling3_style_directness,advanced_rolling3_style_directness,lagged_player_history,-0.00020898540488811484,0.00020898540488811484,train_plus_validation,95
adaptation,target_performance_change_rolling3,player_history_baseline,10.0,advanced_lag2_minutes,advanced_lag2_minutes,lagged_player_history,-0.00019794939767514875,0.00019794939767514875,train_plus_validation,96
adaptation,target_performance_change_rolling3,player_history_baseline,10.0,position==Attack,position,transfer_and_market,-0.00018325432347329423,0.00018325432347329423,train_plus_validation,97
adaptation,target_performance_change_rolling3,player_history_baseline,10.0,advanced_lag2_clubs__missing,advanced_lag2_clubs,lagged_player_history,-0.00018074282244371305,0.00018074282244371305,train_plus_validation,98
adaptation,target_performance_change_rolling3,player_history_baseline,10.0,advanced_lag2_role_group==__MISSING__,advanced_lag2_role_group,lagged_player_history,-0.00018074282244371191,0.00018074282244371191,train_plus_validation,99
adaptation,target_performance_change_rolling3,player_history_baseline,10.0,advanced_lag1_minutes,advanced_lag1_minutes,lagged_player_history,-0.00017283755078789477,0.00017283755078789477,train_plus_validation,100
adaptation,target_performance_change_rolling3,player_history_baseline,10.0,advanced_rolling3_style_defensive_intensity,advanced_rolling3_style_defensive_intensity,lagged_player_history,-0.00017003196782747272,0.00017003196782747272,train_plus_validation,101
adaptation,target_performance_change_rolling3,player_history_baseline,10.0,sub_position==Attacking Midfield,sub_position,transfer_and_market,-0.00016780054341844643,0.00016780054341844643,train_plus_validation,102
adaptation,target_performance_change_rolling3,player_history_baseline,10.0,advanced_lag3_style_progression,advanced_lag3_style_progression,lagged_player_history,0.0001552460850867045,0.0001552460850867045,train_plus_validation,103
adaptation,target_performance_change_rolling3,player_history_baseline,10.0,advanced_lag2_competitions__missing,advanced_lag2_competitions,lagged_player_history,-0.0001367598287068074,0.0001367598287068074,train_plus_validation,104
adaptation,target_performance_change_rolling3,player_history_baseline,10.0,advanced_style_passing_control_trend_lag1_minus_lag2__missing,advanced_style_passing_control_trend_lag1_minus_lag2,lagged_player_history,0.0001339089814742394,0.0001339089814742394,train_plus_validation,105
adaptation,target_performance_change_rolling3,player_history_baseline,10.0,advanced_lag2_style_directness,advanced_lag2_style_directness,lagged_player_history,0.00012974403675333946,0.00012974403675333946,train_plus_validation,106
adaptation,target_performance_change_rolling3,player_history_baseline,10.0,foot==right,foot,transfer_and_market,-0.00012398569363749647,0.00012398569363749647,train_plus_validation,107
adaptation,target_performance_change_rolling3,player_history_baseline,10.0,advanced_lag3_style_progression__missing,advanced_lag3_style_progression,lagged_player_history,-0.00011688063278521516,0.00011688063278521516,train_plus_validation,108
adaptation,target_performance_change_rolling3,player_history_baseline,10.0,advanced_style_progression_trend_lag1_minus_lag2,advanced_style_progression_trend_lag1_minus_lag2,lagged_player_history,0.00011477062917782536,0.00011477062917782536,train_plus_validation,109
adaptation,target_performance_change_rolling3,player_history_baseline,10.0,advanced_lag3_style_defensive_intensity,advanced_lag3_style_defensive_intensity,lagged_player_history,0.00011307283808403792,0.00011307283808403792,train_plus_validation,110
adaptation,target_performance_change_rolling3,player_history_baseline,10.0,advanced_lag3_npxg_per90__missing,advanced_lag3_npxg_per90,lagged_player_history,-9.175426199317085e-05,9.175426199317085e-05,train_plus_validation,111
adaptation,target_performance_change_rolling3,player_history_baseline,10.0,advanced_lag3_role_group==__MISSING__,advanced_lag3_role_group,lagged_player_history,-9.175426199317085e-05,9.175426199317085e-05,train_plus_validation,112
adaptation,target_performance_change_rolling3,player_history_baseline,10.0,advanced_lag3_minutes__missing,advanced_lag3_minutes,lagged_player_history,-9.175426199317084e-05,9.175426199317084e-05,train_plus_validation,113
adaptation,target_performance_change_rolling3,player_history_baseline,10.0,advanced_lag3_goals_per90__missing,advanced_lag3_goals_per90,lagged_player_history,-9.175426199317075e-05,9.175426199317075e-05,train_plus_validation,114
adaptation,target_performance_change_rolling3,player_history_baseline,10.0,advanced_lag3_competitions__missing,advanced_lag3_competitions,lagged_player_history,-9.17542619931707e-05,9.17542619931707e-05,train_plus_validation,115
adaptation,target_performance_change_rolling3,player_history_baseline,10.0,advanced_lag2_assists_per90,advanced_lag2_assists_per90,lagged_player_history,-9.17368128580961e-05,9.17368128580961e-05,train_plus_validation,116
adaptation,target_performance_change_rolling3,player_history_baseline,10.0,advanced_lag3_style_defensive_intensity__missing,advanced_lag3_style_defensive_intensity,lagged_player_history,-9.101838142744021e-05,9.101838142744021e-05,train_plus_validation,117
adaptation,target_performance_change_rolling3,player_history_baseline,10.0,advanced_lag3_style_dribble_aggression__missing,advanced_lag3_style_dribble_aggression,lagged_player_history,-9.101838142744021e-05,9.101838142744021e-05,train_plus_validation,118
adaptation,target_performance_change_rolling3,player_history_baseline,10.0,advanced_lag3_style_aerial_physicality__missing,advanced_lag3_style_aerial_physicality,lagged_player_history,-9.10183814274402e-05,9.10183814274402e-05,train_plus_validation,119
adaptation,target_performance_change_rolling3,player_history_baseline,10.0,canonical_transfer_type==transfer,canonical_transfer_type,transfer_and_market,-7.226749754666356e-05,7.226749754666356e-05,train_plus_validation,120
adaptation,target_performance_change_rolling3,player_history_baseline,10.0,listed_market_value_at_transfer_eur,listed_market_value_at_transfer_eur,transfer_and_market,-7.204803502402544e-05,7.204803502402544e-05,train_plus_validation,121
adaptation,target_performance_change_rolling3,player_history_baseline,10.0,advanced_style_aerial_physicality_trend_lag1_minus_lag2,advanced_style_aerial_physicality_trend_lag1_minus_lag2,lagged_player_history,6.694917550187714e-05,6.694917550187714e-05,train_plus_validation,122
adaptation,target_performance_change_rolling3,player_history_baseline,10.0,advanced_lag1_role_group==MF,advanced_lag1_role_group,lagged_player_history,-6.286467567694854e-05,6.286467567694854e-05,train_plus_validation,123
adaptation,target_performance_change_rolling3,player_history_baseline,10.0,advanced_lag3_competitions,advanced_lag3_competitions,lagged_player_history,-6.284039180889802e-05,6.284039180889802e-05,train_plus_validation,124
adaptation,target_performance_change_rolling3,player_history_baseline,10.0,position==Midfield,position,transfer_and_market,6.19659648186761e-05,6.19659648186761e-05,train_plus_validation,125
adaptation,target_performance_change_rolling3,player_history_baseline,10.0,advanced_style_dribble_aggression_trend_lag1_minus_lag2__missing,advanced_style_dribble_aggression_trend_lag1_minus_lag2,lagged_player_history,-5.9833563337443616e-05,5.9833563337443616e-05,train_plus_validation,126
adaptation,target_performance_change_rolling3,player_history_baseline,10.0,advanced_style_defensive_intensity_trend_lag1_minus_lag2__missing,advanced_style_defensive_intensity_trend_lag1_minus_lag2,lagged_player_history,-5.905925186685346e-05,5.905925186685346e-05,train_plus_validation,127
adaptation,target_performance_change_rolling3,player_history_baseline,10.0,advanced_style_aerial_physicality_trend_lag1_minus_lag2__missing,advanced_style_aerial_physicality_trend_lag1_minus_lag2,lagged_player_history,-5.9059251866853455e-05,5.9059251866853455e-05,train_plus_validation,128
adaptation,target_performance_change_rolling3,player_history_baseline,10.0,advanced_style_scoring_threat_trend_lag1_minus_lag2__missing,advanced_style_scoring_threat_trend_lag1_minus_lag2,lagged_player_history,-5.905925186685324e-05,5.905925186685324e-05,train_plus_validation,129
adaptation,target_performance_change_rolling3,player_history_baseline,10.0,advanced_lag1_role_group==DF,advanced_lag1_role_group,lagged_player_history,-5.804285091926169e-05,5.804285091926169e-05,train_plus_validation,130
adaptation,target_performance_change_rolling3,player_history_baseline,10.0,canonical_transfer_fee_eur,canonical_transfer_fee_eur,transfer_and_market,-4.6506814529129934e-05,4.6506814529129934e-05,train_plus_validation,131
adaptation,target_performance_change_rolling3,player_history_baseline,10.0,advanced_lag3_role_group==FW,advanced_lag3_role_group,lagged_player_history,-3.884700903665189e-05,3.884700903665189e-05,train_plus_validation,132
adaptation,target_performance_change_rolling3,player_history_baseline,10.0,age_at_transfer,age_at_transfer,transfer_and_market,-2.580578169175285e-05,2.580578169175285e-05,train_plus_validation,133
adaptation,target_performance_change_rolling3,player_history_baseline,10.0,foot==both,foot,transfer_and_market,-2.2317898330897503e-05,2.2317898330897503e-05,train_plus_validation,134
adaptation,target_performance_change_rolling3,player_history_baseline,10.0,advanced_lag1_role_performance_index,advanced_lag1_role_performance_index,lagged_player_history,-1.401502128695592e-05,1.401502128695592e-05,train_plus_validation,135
adaptation,target_performance_change_rolling3,player_history_baseline,10.0,sub_position==Right Midfield,sub_position,transfer_and_market,-1.4011362548914682e-05,1.4011362548914682e-05,train_plus_validation,136
adaptation,target_performance_change_rolling3,player_history_baseline,10.0,advanced_rolling3_style_passing_control,advanced_rolling3_style_passing_control,lagged_player_history,-1.3352320197846533e-05,1.3352320197846533e-05,train_plus_validation,137
adaptation,target_performance_change_rolling3,player_history_baseline,10.0,advanced_lag2_minutes__missing,advanced_lag2_minutes,lagged_player_history,1.2663301663703856e-05,1.2663301663703856e-05,train_plus_validation,138
adaptation,target_performance_change_rolling3,player_history_baseline,10.0,sub_position==Second Striker,sub_position,transfer_and_market,-1.1031568462280591e-05,1.1031568462280591e-05,train_plus_validation,139
adaptation,target_performance_change_rolling3,player_history_baseline,10.0,advanced_lag3_role_performance_index,advanced_lag3_role_performance_index,lagged_player_history,-8.710597080672562e-06,8.710597080672562e-06,train_plus_validation,140
adaptation,target_performance_change_rolling3,player_history_baseline,10.0,advanced_lag2_style_progression,advanced_lag2_style_progression,lagged_player_history,-8.025116461206764e-06,8.025116461206764e-06,train_plus_validation,141
adaptation,target_performance_change_rolling3,player_history_baseline,10.0,advanced_lag1_style_aerial_physicality,advanced_lag1_style_aerial_physicality,lagged_player_history,-4.873452646587039e-06,4.873452646587039e-06,train_plus_validation,142
adaptation,target_performance_change_rolling3,player_history_baseline,10.0,advanced_style_passing_control_trend_lag1_minus_lag2,advanced_style_passing_control_trend_lag1_minus_lag2,lagged_player_history,3.6627627994548687e-06,3.6627627994548687e-06,train_plus_validation,143
adaptation,target_performance_change_rolling3,player_history_baseline,10.0,advanced_lag1_style_progression,advanced_lag1_style_progression,lagged_player_history,-1.8031090521026178e-06,1.8031090521026178e-06,train_plus_validation,144
adaptation,target_performance_change_rolling3,player_history_baseline,10.0,advanced_lag1_style_dribble_aggression,advanced_lag1_style_dribble_aggression,lagged_player_history,-1.7440852301880516e-06,1.7440852301880516e-06,train_plus_validation,145
adaptation,target_performance_change_rolling3,player_history_baseline,10.0,advanced_lag1_style_defensive_intensity,advanced_lag1_style_defensive_intensity,lagged_player_history,1.6536230009912466e-06,1.6536230009912466e-06,train_plus_validation,146
adaptation,target_performance_change_rolling3,player_history_baseline,10.0,canonical_transfer_type==loan,canonical_transfer_type,transfer_and_market,8.076516251963482e-10,8.076516251963482e-10,train_plus_validation,147
adaptation,target_performance_change_rolling3,strict_compatibility,1.0,strict_midfield_creativity_preference_distance,strict_midfield_creativity_preference_distance,destination_club_compatibility,0.02489274415392582,0.02489274415392582,train_plus_validation,1
adaptation,target_performance_change_rolling3,strict_compatibility,1.0,advanced_lag1_goals_per90,advanced_lag1_goals_per90,lagged_player_history,0.017653361911368917,0.017653361911368917,train_plus_validation,2
adaptation,target_performance_change_rolling3,strict_compatibility,1.0,position==Defender,position,transfer_and_market,-0.017274656820005282,0.017274656820005282,train_plus_validation,3
adaptation,target_performance_change_rolling3,strict_compatibility,1.0,preference_midfield_creativity_performance_weighted_level,preference_midfield_creativity_performance_weighted_level,historical_teammate_preference,-0.014304416820339333,0.014304416820339333,train_plus_validation,4
adaptation,target_performance_change_rolling3,strict_compatibility,1.0,sub_position==Right-Back,sub_position,transfer_and_market,0.013079794178099237,0.013079794178099237,train_plus_validation,5
adaptation,target_performance_change_rolling3,strict_compatibility,1.0,advanced_lag2_source_rows,advanced_lag2_source_rows,lagged_player_history,-0.013002765746751216,0.013002765746751216,train_plus_validation,6
adaptation,target_performance_change_rolling3,strict_compatibility,1.0,advanced_lag1_assists_per90,advanced_lag1_assists_per90,lagged_player_history,-0.012852469598955283,0.012852469598955283,train_plus_validation,7
adaptation,target_performance_change_rolling3,strict_compatibility,1.0,strict_midfield_creativity_familiarity_distance,strict_midfield_creativity_familiarity_distance,destination_club_compatibility,0.012586472718308482,0.012586472718308482,train_plus_validation,8
adaptation,target_performance_change_rolling3,strict_compatibility,1.0,preference_midfield_creativity_exposure_mean,preference_midfield_creativity_exposure_mean,historical_teammate_preference,-0.01254148666194974,0.01254148666194974,train_plus_validation,9
adaptation,target_performance_change_rolling3,strict_compatibility,1.0,advanced_lag2_style_passing_control,advanced_lag2_style_passing_control,lagged_player_history,-0.012289267999656362,0.012289267999656362,train_plus_validation,10
adaptation,target_performance_change_rolling3,strict_compatibility,1.0,preference_midfield_aggression_performance_weighted_level,preference_midfield_aggression_performance_weighted_level,historical_teammate_preference,-0.012056967083525359,0.012056967083525359,train_plus_validation,11
adaptation,target_performance_change_rolling3,strict_compatibility,1.0,strict_forward_mobility_preference_slope_interaction__missing,strict_forward_mobility_preference_slope_interaction,destination_club_compatibility,-0.011436358913894197,0.011436358913894197,train_plus_validation,12
adaptation,target_performance_change_rolling3,strict_compatibility,1.0,preference_midfield_creativity_shrunken_slope__missing,preference_midfield_creativity_shrunken_slope,historical_teammate_preference,0.011189205393868501,0.011189205393868501,train_plus_validation,13
adaptation,target_performance_change_rolling3,strict_compatibility,1.0,strict_player_team_style_mean_absolute_distance,strict_player_team_style_mean_absolute_distance,destination_club_compatibility,0.011166954827681038,0.011166954827681038,train_plus_validation,14
adaptation,target_performance_change_rolling3,strict_compatibility,1.0,sub_position==Defensive Midfield,sub_position,transfer_and_market,-0.011109796655554886,0.011109796655554886,train_plus_validation,15
adaptation,target_performance_change_rolling3,strict_compatibility,1.0,advanced_lag1_style_passing_control,advanced_lag1_style_passing_control,lagged_player_history,0.010853400614335993,0.010853400614335993,train_plus_validation,16
adaptation,target_performance_change_rolling3,strict_compatibility,1.0,advanced_lag1_style_scoring_threat,advanced_lag1_style_scoring_threat,lagged_player_history,-0.009915275635024446,0.009915275635024446,train_plus_validation,17
adaptation,target_performance_change_rolling3,strict_compatibility,1.0,strict_defensive_intensity_familiarity_distance__missing,strict_defensive_intensity_familiarity_distance,destination_club_compatibility,0.009043916207279916,0.009043916207279916,train_plus_validation,18
adaptation,target_performance_change_rolling3,strict_compatibility,1.0,advanced_lag2_role_group==FW,advanced_lag2_role_group,lagged_player_history,-0.009034984371753688,0.009034984371753688,train_plus_validation,19
adaptation,target_performance_change_rolling3,strict_compatibility,1.0,strict_fw_style_scoring_threat,strict_fw_style_scoring_threat,destination_club_compatibility,0.008527402041575413,0.008527402041575413,train_plus_validation,20
adaptation,target_performance_change_rolling3,strict_compatibility,1.0,sub_position==Centre-Forward,sub_position,transfer_and_market,0.008257760759661933,0.008257760759661933,train_plus_validation,21
adaptation,target_performance_change_rolling3,strict_compatibility,1.0,strict_all_style_defensive_intensity,strict_all_style_defensive_intensity,destination_club_compatibility,0.007711993248878574,0.007711993248878574,train_plus_validation,22
adaptation,target_performance_change_rolling3,strict_compatibility,1.0,preference_forward_mobility_exposure_mean__missing,preference_forward_mobility_exposure_mean,historical_teammate_preference,-0.00769336968158118,0.00769336968158118,train_plus_validation,23
adaptation,target_performance_change_rolling3,strict_compatibility,1.0,strict_context_forward_mobility,strict_context_forward_mobility,destination_club_compatibility,-0.0075047342287678735,0.0075047342287678735,train_plus_validation,24
adaptation,target_performance_change_rolling3,strict_compatibility,1.0,advanced_lag1_source_rows,advanced_lag1_source_rows,lagged_player_history,0.007358231608657998,0.007358231608657998,train_plus_validation,25
adaptation,target_performance_change_rolling3,strict_compatibility,1.0,advanced_lag3_available,advanced_lag3_available,lagged_player_history,-0.007280367034541994,0.007280367034541994,train_plus_validation,26
adaptation,target_performance_change_rolling3,strict_compatibility,1.0,preference_model_feature_eligible,preference_model_feature_eligible,historical_teammate_preference,-0.007246031334599668,0.007246031334599668,train_plus_validation,27
adaptation,target_performance_change_rolling3,strict_compatibility,1.0,advanced_lag2_style_scoring_threat__missing,advanced_lag2_style_scoring_threat,lagged_player_history,-0.007166875259808986,0.007166875259808986,train_plus_validation,28
adaptation,target_performance_change_rolling3,strict_compatibility,1.0,preference_midfield_aggression_exposure_mean,preference_midfield_aggression_exposure_mean,historical_teammate_preference,0.007036426163761392,0.007036426163761392,train_plus_validation,29
adaptation,target_performance_change_rolling3,strict_compatibility,1.0,advanced_lag3_clubs,advanced_lag3_clubs,lagged_player_history,-0.006752157499590433,0.006752157499590433,train_plus_validation,30
adaptation,target_performance_change_rolling3,strict_compatibility,1.0,advanced_lag1_clubs,advanced_lag1_clubs,lagged_player_history,-0.00663001844668271,0.00663001844668271,train_plus_validation,31
adaptation,target_performance_change_rolling3,strict_compatibility,1.0,strict_context_defensive_intensity,strict_context_defensive_intensity,destination_club_compatibility,0.006382830046209341,0.006382830046209341,train_plus_validation,32
adaptation,target_performance_change_rolling3,strict_compatibility,1.0,preference_defensive_intensity_shrunken_slope__missing,preference_defensive_intensity_shrunken_slope,historical_teammate_preference,-0.0062053467773857405,0.0062053467773857405,train_plus_validation,33
adaptation,target_performance_change_rolling3,strict_compatibility,1.0,strict_midfield_creativity_preference_slope_interaction,strict_midfield_creativity_preference_slope_interaction,destination_club_compatibility,-0.0061468036481708,0.0061468036481708,train_plus_validation,34
adaptation,target_performance_change_rolling3,strict_compatibility,1.0,strict_midfield_aggression_preference_slope_interaction,strict_midfield_aggression_preference_slope_interaction,destination_club_compatibility,-0.006058260893017127,0.006058260893017127,train_plus_validation,35
adaptation,target_performance_change_rolling3,strict_compatibility,1.0,preference_defensive_intensity_correlation__missing,preference_defensive_intensity_correlation,historical_teammate_preference,-0.006031470097766009,0.006031470097766009,train_plus_validation,36
adaptation,target_performance_change_rolling3,strict_compatibility,1.0,strict_fw_style_dribble_aggression,strict_fw_style_dribble_aggression,destination_club_compatibility,-0.006015867509288647,0.006015867509288647,train_plus_validation,37
adaptation,target_performance_change_rolling3,strict_compatibility,1.0,advanced_lag3_role_group==MF,advanced_lag3_role_group,lagged_player_history,0.005975266379978473,0.005975266379978473,train_plus_validation,38
adaptation,target_performance_change_rolling3,strict_compatibility,1.0,advanced_lag2_style_aerial_physicality,advanced_lag2_style_aerial_physicality,lagged_player_history,0.0058984946000444505,0.0058984946000444505,train_plus_validation,39
adaptation,target_performance_change_rolling3,strict_compatibility,1.0,preference_team_passing_control_correlation__missing,preference_team_passing_control_correlation,historical_teammate_preference,-0.005871723043559989,0.005871723043559989,train_plus_validation,40
adaptation,target_performance_change_rolling3,strict_compatibility,1.0,strict_defensive_intensity_preference_distance,strict_defensive_intensity_preference_distance,destination_club_compatibility,-0.005738643805070224,0.005738643805070224,train_plus_validation,41
adaptation,target_performance_change_rolling3,strict_compatibility,1.0,canonical_transfer_fee_eur__missing,canonical_transfer_fee_eur,transfer_and_market,-0.005648583012672939,0.005648583012672939,train_plus_validation,42
adaptation,target_performance_change_rolling3,strict_compatibility,1.0,strict_all_style_dribble_aggression,strict_all_style_dribble_aggression,destination_club_compatibility,-0.005610094962926441,0.005610094962926441,train_plus_validation,43
adaptation,target_performance_change_rolling3,strict_compatibility,1.0,advanced_lag3_style_dribble_aggression__missing,advanced_lag3_style_dribble_aggression,lagged_player_history,-0.005607205780225197,0.005607205780225197,train_plus_validation,44
adaptation,target_performance_change_rolling3,strict_compatibility,1.0,sub_position==Central Midfield,sub_position,transfer_and_market,-0.005536527289218247,0.005536527289218247,train_plus_validation,45
adaptation,target_performance_change_rolling3,strict_compatibility,1.0,advanced_lag1_style_directness,advanced_lag1_style_directness,lagged_player_history,-0.005529201400141968,0.005529201400141968,train_plus_validation,46
adaptation,target_performance_change_rolling3,strict_compatibility,1.0,strict_midfield_creativity_familiarity_distance__missing,strict_midfield_creativity_familiarity_distance,destination_club_compatibility,-0.005509571428334856,0.005509571428334856,train_plus_validation,47
adaptation,target_performance_change_rolling3,strict_compatibility,1.0,advanced_style_scoring_threat_trend_lag1_minus_lag2,advanced_style_scoring_threat_trend_lag1_minus_lag2,lagged_player_history,-0.005453296420200872,0.005453296420200872,train_plus_validation,48
adaptation,target_performance_change_rolling3,strict_compatibility,1.0,preference_forward_threat_performance_weighted_level,preference_forward_threat_performance_weighted_level,historical_teammate_preference,0.005420561110171471,0.005420561110171471,train_plus_validation,49
adaptation,target_performance_change_rolling3,strict_compatibility,1.0,height_in_cm,height_in_cm,transfer_and_market,-0.005357961915740571,0.005357961915740571,train_plus_validation,50
adaptation,target_performance_change_rolling3,strict_compatibility,1.0,strict_preference_slope_signal__missing,strict_preference_slope_signal,destination_club_compatibility,0.005280685212723941,0.005280685212723941,train_plus_validation,51
adaptation,target_performance_change_rolling3,strict_compatibility,1.0,advanced_style_creation_trend_lag1_minus_lag2,advanced_style_creation_trend_lag1_minus_lag2,lagged_player_history,-0.005193191265596946,0.005193191265596946,train_plus_validation,52
adaptation,target_performance_change_rolling3,strict_compatibility,1.0,advanced_style_dribble_aggression_trend_lag1_minus_lag2,advanced_style_dribble_aggression_trend_lag1_minus_lag2,lagged_player_history,-0.005148224753463272,0.005148224753463272,train_plus_validation,53
adaptation,target_performance_change_rolling3,strict_compatibility,1.0,advanced_lag3_role_performance_index__missing,advanced_lag3_role_performance_index,lagged_player_history,0.00511103494768432,0.00511103494768432,train_plus_validation,54
adaptation,target_performance_change_rolling3,strict_compatibility,1.0,advanced_rolling3_seasons_observed,advanced_rolling3_seasons_observed,lagged_player_history,-0.005060848028727191,0.005060848028727191,train_plus_validation,55
adaptation,target_performance_change_rolling3,strict_compatibility,1.0,advanced_lag2_goals_per90__missing,advanced_lag2_goals_per90,lagged_player_history,-0.00503348949240943,0.00503348949240943,train_plus_validation,56
adaptation,target_performance_change_rolling3,strict_compatibility,1.0,advanced_style_progression_trend_lag1_minus_lag2,advanced_style_progression_trend_lag1_minus_lag2,lagged_player_history,-0.005027244866522984,0.005027244866522984,train_plus_validation,57
adaptation,target_performance_change_rolling3,strict_compatibility,1.0,strict_df_style_defensive_intensity,strict_df_style_defensive_intensity,destination_club_compatibility,0.005010184777566175,0.005010184777566175,train_plus_validation,58
adaptation,target_performance_change_rolling3,strict_compatibility,1.0,advanced_lag2_style_dribble_aggression,advanced_lag2_style_dribble_aggression,lagged_player_history,0.00484786885281994,0.00484786885281994,train_plus_validation,59
adaptation,target_performance_change_rolling3,strict_compatibility,1.0,sub_position==Left Winger,sub_position,transfer_and_market,-0.00483135189373694,0.00483135189373694,train_plus_validation,60
adaptation,target_performance_change_rolling3,strict_compatibility,1.0,strict_player_dribble_x_midfield_aggression,strict_player_dribble_x_midfield_aggression,destination_club_compatibility,0.004513789600684251,0.004513789600684251,train_plus_validation,61
adaptation,target_performance_change_rolling3,strict_compatibility,1.0,strict_forward_mobility_familiarity_distance,strict_forward_mobility_familiarity_distance,destination_club_compatibility,0.004513095029042255,0.004513095029042255,train_plus_validation,62
adaptation,target_performance_change_rolling3,strict_compatibility,1.0,strict_mf_style_dribble_aggression,strict_mf_style_dribble_aggression,destination_club_compatibility,0.004495153770884132,0.004495153770884132,train_plus_validation,63
adaptation,target_performance_change_rolling3,strict_compatibility,1.0,advanced_lag3_style_aerial_physicality__missing,advanced_lag3_style_aerial_physicality,lagged_player_history,0.0043051661641173135,0.0043051661641173135,train_plus_validation,64
adaptation,target_performance_change_rolling3,strict_compatibility,1.0,strict_fw_style_creation,strict_fw_style_creation,destination_club_compatibility,-0.004211581539073201,0.004211581539073201,train_plus_validation,65
adaptation,target_performance_change_rolling3,strict_compatibility,1.0,advanced_lag2_style_defensive_intensity,advanced_lag2_style_defensive_intensity,lagged_player_history,-0.00416077656180069,0.00416077656180069,train_plus_validation,66
adaptation,target_performance_change_rolling3,strict_compatibility,1.0,strict_fw_style_progression,strict_fw_style_progression,destination_club_compatibility,0.004143035416233927,0.004143035416233927,train_plus_validation,67
adaptation,target_performance_change_rolling3,strict_compatibility,1.0,preference_team_passing_control_exposure_mean__missing,preference_team_passing_control_exposure_mean,historical_teammate_preference,0.0040572855635670054,0.0040572855635670054,train_plus_validation,68
adaptation,target_performance_change_rolling3,strict_compatibility,1.0,preference_forward_mobility_shrunken_slope__missing,preference_forward_mobility_shrunken_slope,historical_teammate_preference,-0.004029403747402608,0.004029403747402608,train_plus_validation,69
adaptation,target_performance_change_rolling3,strict_compatibility,1.0,sub_position==Left-Back,sub_position,transfer_and_market,-0.004007574806239315,0.004007574806239315,train_plus_validation,70
adaptation,target_performance_change_rolling3,strict_compatibility,1.0,advanced_rolling3_style_defensive_intensity,advanced_rolling3_style_defensive_intensity,lagged_player_history,-0.003948845133983917,0.003948845133983917,train_plus_validation,71
adaptation,target_performance_change_rolling3,strict_compatibility,1.0,preference_midfield_creativity_shrunken_slope,preference_midfield_creativity_shrunken_slope,historical_teammate_preference,0.003947248464153595,0.003947248464153595,train_plus_validation,72
adaptation,target_performance_change_rolling3,strict_compatibility,1.0,advanced_lag3_assists_per90__missing,advanced_lag3_assists_per90,lagged_player_history,0.003910512437387072,0.003910512437387072,train_plus_validation,73
adaptation,target_performance_change_rolling3,strict_compatibility,1.0,strict_context_familiarity_score_0_100__missing,strict_context_familiarity_score_0_100,destination_club_compatibility,0.003897975732688236,0.003897975732688236,train_plus_validation,74
adaptation,target_performance_change_rolling3,strict_compatibility,1.0,strict_fw_style_directness,strict_fw_style_directness,destination_club_compatibility,0.0038699181297257136,0.0038699181297257136,train_plus_validation,75
adaptation,target_performance_change_rolling3,strict_compatibility,1.0,advanced_style_aerial_physicality_trend_lag1_minus_lag2__missing,advanced_style_aerial_physicality_trend_lag1_minus_lag2,lagged_player_history,-0.0038584395919199093,0.0038584395919199093,train_plus_validation,76
adaptation,target_performance_change_rolling3,strict_compatibility,1.0,strict_midfield_aggression_preference_slope_interaction__missing,strict_midfield_aggression_preference_slope_interaction,destination_club_compatibility,-0.0037924717523016814,0.0037924717523016814,train_plus_validation,77
adaptation,target_performance_change_rolling3,strict_compatibility,1.0,advanced_lag1_npxg_per90,advanced_lag1_npxg_per90,lagged_player_history,0.003651898647207292,0.003651898647207292,train_plus_validation,78
adaptation,target_performance_change_rolling3,strict_compatibility,1.0,advanced_lag3_clubs__missing,advanced_lag3_clubs,lagged_player_history,-0.0036251487746539824,0.0036251487746539824,train_plus_validation,79
adaptation,target_performance_change_rolling3,strict_compatibility,1.0,sub_position==Left Midfield,sub_position,transfer_and_market,-0.0035609204614068684,0.0035609204614068684,train_plus_validation,80
adaptation,target_performance_change_rolling3,strict_compatibility,1.0,preference_team_passing_control_performance_weighted_level,preference_team_passing_control_performance_weighted_level,historical_teammate_preference,0.0035434335223649654,0.0035434335223649654,train_plus_validation,81
adaptation,target_performance_change_rolling3,strict_compatibility,1.0,strict_midfield_aggression_preference_distance,strict_midfield_aggression_preference_distance,destination_club_compatibility,-0.0034829999323912103,0.0034829999323912103,train_plus_validation,82
adaptation,target_performance_change_rolling3,strict_compatibility,1.0,strict_all_style_creation,strict_all_style_creation,destination_club_compatibility,-0.0034797262662236176,0.0034797262662236176,train_plus_validation,83
adaptation,target_performance_change_rolling3,strict_compatibility,1.0,preference_midfield_aggression_shrunken_slope__missing,preference_midfield_aggression_shrunken_slope,historical_teammate_preference,0.003414900244982656,0.003414900244982656,train_plus_validation,84
adaptation,target_performance_change_rolling3,strict_compatibility,1.0,preference_midfield_creativity_exposure_mean__missing,preference_midfield_creativity_exposure_mean,historical_teammate_preference,0.0033491985917250755,0.0033491985917250755,train_plus_validation,85
adaptation,target_performance_change_rolling3,strict_compatibility,1.0,preference_forward_threat_exposure_mean__missing,preference_forward_threat_exposure_mean,historical_teammate_preference,-0.003155654374461803,0.003155654374461803,train_plus_validation,86
adaptation,target_performance_change_rolling3,strict_compatibility,1.0,strict_all_style_progression,strict_all_style_progression,destination_club_compatibility,-0.0031548386422762123,0.0031548386422762123,train_plus_validation,87
adaptation,target_performance_change_rolling3,strict_compatibility,1.0,preference_defensive_intensity_exposure_mean__missing,preference_defensive_intensity_exposure_mean,historical_teammate_preference,-0.003081013247503954,0.003081013247503954,train_plus_validation,88
adaptation,target_performance_change_rolling3,strict_compatibility,1.0,strict_team_passing_control_preference_slope_interaction,strict_team_passing_control_preference_slope_interaction,destination_club_compatibility,-0.003032116578650371,0.003032116578650371,train_plus_validation,89
adaptation,target_performance_change_rolling3,strict_compatibility,1.0,transfer_days_from_target_season_start,transfer_days_from_target_season_start,transfer_and_market,0.003014605467815853,0.003014605467815853,train_plus_validation,90
adaptation,target_performance_change_rolling3,strict_compatibility,1.0,strict_mf_style_progression,strict_mf_style_progression,destination_club_compatibility,-0.0030133084635124686,0.0030133084635124686,train_plus_validation,91
adaptation,target_performance_change_rolling3,strict_compatibility,1.0,preference_defensive_intensity_raw_slope__missing,preference_defensive_intensity_raw_slope,historical_teammate_preference,-0.003011329855656868,0.003011329855656868,train_plus_validation,92
adaptation,target_performance_change_rolling3,strict_compatibility,1.0,strict_midfield_aggression_familiarity_distance__missing,strict_midfield_aggression_familiarity_distance,destination_club_compatibility,0.0030077891988398563,0.0030077891988398563,train_plus_validation,93
adaptation,target_performance_change_rolling3,strict_compatibility,1.0,advanced_lag3_style_directness,advanced_lag3_style_directness,lagged_player_history,-0.0029332954310078525,0.0029332954310078525,train_plus_validation,94
adaptation,target_performance_change_rolling3,strict_compatibility,1.0,preference_history_seasons,preference_history_seasons,historical_teammate_preference,0.002918507500255341,0.002918507500255341,train_plus_validation,95
adaptation,target_performance_change_rolling3,strict_compatibility,1.0,strict_midfield_creativity_preference_slope_interaction__missing,strict_midfield_creativity_preference_slope_interaction,destination_club_compatibility,0.0029178807155329344,0.0029178807155329344,train_plus_validation,96
adaptation,target_performance_change_rolling3,strict_compatibility,1.0,strict_context_midfield_creativity,strict_context_midfield_creativity,destination_club_compatibility,0.002898064777119109,0.002898064777119109,train_plus_validation,97
adaptation,target_performance_change_rolling3,strict_compatibility,1.0,preference_midfield_creativity_raw_slope__missing,preference_midfield_creativity_raw_slope,historical_teammate_preference,-0.002845602909799472,0.002845602909799472,train_plus_validation,98
adaptation,target_performance_change_rolling3,strict_compatibility,1.0,foot==left,foot,transfer_and_market,-0.0027483384321851257,0.0027483384321851257,train_plus_validation,99
adaptation,target_performance_change_rolling3,strict_compatibility,1.0,advanced_lag2_style_scoring_threat,advanced_lag2_style_scoring_threat,lagged_player_history,-0.002744125000594144,0.002744125000594144,train_plus_validation,100
adaptation,target_performance_change_rolling3,strict_compatibility,1.0,advanced_style_scoring_threat_trend_lag1_minus_lag2__missing,advanced_style_scoring_threat_trend_lag1_minus_lag2,lagged_player_history,0.002728020930685111,0.002728020930685111,train_plus_validation,101
adaptation,target_performance_change_rolling3,strict_compatibility,1.0,advanced_lag3_assists_per90,advanced_lag3_assists_per90,lagged_player_history,-0.0027040064366904695,0.0027040064366904695,train_plus_validation,102
adaptation,target_performance_change_rolling3,strict_compatibility,1.0,advanced_lag3_role_group==DF,advanced_lag3_role_group,lagged_player_history,0.0026998220337429127,0.0026998220337429127,train_plus_validation,103
adaptation,target_performance_change_rolling3,strict_compatibility,1.0,preference_forward_threat_shrunken_slope__missing,preference_forward_threat_shrunken_slope,historical_teammate_preference,0.0026911814417548557,0.0026911814417548557,train_plus_validation,104
adaptation,target_performance_change_rolling3,strict_compatibility,1.0,preference_forward_threat_raw_slope__missing,preference_forward_threat_raw_slope,historical_teammate_preference,0.002676003941516294,0.002676003941516294,train_plus_validation,105
adaptation,target_performance_change_rolling3,strict_compatibility,1.0,strict_team_distinct_players,strict_team_distinct_players,destination_club_compatibility,-0.002631793172706732,0.002631793172706732,train_plus_validation,106
adaptation,target_performance_change_rolling3,strict_compatibility,1.0,advanced_lag3_competitions,advanced_lag3_competitions,lagged_player_history,0.002603553523504677,0.002603553523504677,train_plus_validation,107
adaptation,target_performance_change_rolling3,strict_compatibility,1.0,preference_midfield_aggression_raw_slope__missing,preference_midfield_aggression_raw_slope,historical_teammate_preference,0.002597005289362873,0.002597005289362873,train_plus_validation,108
adaptation,target_performance_change_rolling3,strict_compatibility,1.0,preference_forward_threat_correlation__missing,preference_forward_threat_correlation,historical_teammate_preference,0.0025555103783251425,0.0025555103783251425,train_plus_validation,109
adaptation,target_performance_change_rolling3,strict_compatibility,1.0,strict_player_creation_x_forward_threat,strict_player_creation_x_forward_threat,destination_club_compatibility,0.002545103788665971,0.002545103788665971,train_plus_validation,110
adaptation,target_performance_change_rolling3,strict_compatibility,1.0,strict_team_minutes,strict_team_minutes,destination_club_compatibility,-0.0025310291380820503,0.0025310291380820503,train_plus_validation,111
adaptation,target_performance_change_rolling3,strict_compatibility,1.0,advanced_rolling3_style_dribble_aggression,advanced_rolling3_style_dribble_aggression,lagged_player_history,0.002520705584591217,0.002520705584591217,train_plus_validation,112
adaptation,target_performance_change_rolling3,strict_compatibility,1.0,advanced_lag2_style_creation,advanced_lag2_style_creation,lagged_player_history,0.00250948766250534,0.00250948766250534,train_plus_validation,113
adaptation,target_performance_change_rolling3,strict_compatibility,1.0,advanced_lag3_style_passing_control__missing,advanced_lag3_style_passing_control,lagged_player_history,-0.0024339962813697638,0.0024339962813697638,train_plus_validation,114
adaptation,target_performance_change_rolling3,strict_compatibility,1.0,strict_fw_teammate_count,strict_fw_teammate_count,destination_club_compatibility,-0.0023947375822681895,0.0023947375822681895,train_plus_validation,115
adaptation,target_performance_change_rolling3,strict_compatibility,1.0,strict_df_style_aerial_physicality,strict_df_style_aerial_physicality,destination_club_compatibility,-0.0023854552177856795,0.0023854552177856795,train_plus_validation,116
adaptation,target_performance_change_rolling3,strict_compatibility,1.0,strict_context_forward_threat,strict_context_forward_threat,destination_club_compatibility,-0.002325961257798934,0.002325961257798934,train_plus_validation,117
adaptation,target_performance_change_rolling3,strict_compatibility,1.0,strict_all_style_scoring_threat,strict_all_style_scoring_threat,destination_club_compatibility,-0.0023170974079768864,0.0023170974079768864,train_plus_validation,118
adaptation,target_performance_change_rolling3,strict_compatibility,1.0,preference_midfield_creativity_raw_slope,preference_midfield_creativity_raw_slope,historical_teammate_preference,0.0022098444440970815,0.0022098444440970815,train_plus_validation,119
adaptation,target_performance_change_rolling3,strict_compatibility,1.0,preference_history_rows,preference_history_rows,historical_teammate_preference,-0.002205572697392121,0.002205572697392121,train_plus_validation,120
adaptation,target_performance_change_rolling3,strict_compatibility,1.0,strict_forward_mobility_familiarity_distance__missing,strict_forward_mobility_familiarity_distance,destination_club_compatibility,0.0021590433793111648,0.0021590433793111648,train_plus_validation,121
adaptation,target_performance_change_rolling3,strict_compatibility,1.0,advanced_lag3_style_directness__missing,advanced_lag3_style_directness,lagged_player_history,0.0021256745767247003,0.0021256745767247003,train_plus_validation,122
adaptation,target_performance_change_rolling3,strict_compatibility,1.0,strict_midfield_aggression_familiarity_distance,strict_midfield_aggression_familiarity_distance,destination_club_compatibility,-0.0020587363169545622,0.0020587363169545622,train_plus_validation,123
adaptation,target_performance_change_rolling3,strict_compatibility,1.0,canonical_transfer_fee_status==positive_reported,canonical_transfer_fee_status,transfer_and_market,-0.002054169582670306,0.002054169582670306,train_plus_validation,124
adaptation,target_performance_change_rolling3,strict_compatibility,1.0,position==Attack,position,transfer_and_market,-0.0019473963564650915,0.0019473963564650915,train_plus_validation,125
adaptation,target_performance_change_rolling3,strict_compatibility,1.0,strict_context_familiarity_score_0_100,strict_context_familiarity_score_0_100,destination_club_compatibility,-0.0019376581140920258,0.0019376581140920258,train_plus_validation,126
adaptation,target_performance_change_rolling3,strict_compatibility,1.0,advanced_lag2_npxg_per90__missing,advanced_lag2_npxg_per90,lagged_player_history,-0.0019175490376699997,0.0019175490376699997,train_plus_validation,127
adaptation,target_performance_change_rolling3,strict_compatibility,1.0,strict_all_style_aerial_physicality,strict_all_style_aerial_physicality,destination_club_compatibility,-0.0018506195507199013,0.0018506195507199013,train_plus_validation,128
adaptation,target_performance_change_rolling3,strict_compatibility,1.0,preference_forward_threat_shrunken_slope,preference_forward_threat_shrunken_slope,historical_teammate_preference,0.0018201423601923359,0.0018201423601923359,train_plus_validation,129
adaptation,target_performance_change_rolling3,strict_compatibility,1.0,strict_context_team_passing_control,strict_context_team_passing_control,destination_club_compatibility,0.0018126502065188292,0.0018126502065188292,train_plus_validation,130
adaptation,target_performance_change_rolling3,strict_compatibility,1.0,advanced_lag3_goals_per90,advanced_lag3_goals_per90,lagged_player_history,0.0017856107125214155,0.0017856107125214155,train_plus_validation,131
adaptation,target_performance_change_rolling3,strict_compatibility,1.0,strict_df_style_scoring_threat,strict_df_style_scoring_threat,destination_club_compatibility,-0.0017554278624275187,0.0017554278624275187,train_plus_validation,132
adaptation,target_performance_change_rolling3,strict_compatibility,1.0,preference_defensive_intensity_performance_weighted_level,preference_defensive_intensity_performance_weighted_level,historical_teammate_preference,-0.0017405705304387711,0.0017405705304387711,train_plus_validation,133
adaptation,target_performance_change_rolling3,strict_compatibility,1.0,advanced_lag2_role_group==__MISSING__,advanced_lag2_role_group,lagged_player_history,-0.001679300524123439,0.001679300524123439,train_plus_validation,134
adaptation,target_performance_change_rolling3,strict_compatibility,1.0,advanced_lag2_clubs__missing,advanced_lag2_clubs,lagged_player_history,-0.0016793005241233104,0.0016793005241233104,train_plus_validation,135
adaptation,target_performance_change_rolling3,strict_compatibility,1.0,preference_defensive_intensity_exposure_mean,preference_defensive_intensity_exposure_mean,historical_teammate_preference,0.0016427888689638437,0.0016427888689638437,train_plus_validation,136
adaptation,target_performance_change_rolling3,strict_compatibility,1.0,advanced_lag3_npxg_per90,advanced_lag3_npxg_per90,lagged_player_history,-0.0016167048802384065,0.0016167048802384065,train_plus_validation,137
adaptation,target_performance_change_rolling3,strict_compatibility,1.0,strict_preference_fit_score_0_100,strict_preference_fit_score_0_100,destination_club_compatibility,-0.001608616172912306,0.001608616172912306,train_plus_validation,138
adaptation,target_performance_change_rolling3,strict_compatibility,1.0,strict_player_progression_x_forward_mobility,strict_player_progression_x_forward_mobility,destination_club_compatibility,-0.001608599277052691,0.001608599277052691,train_plus_validation,139
adaptation,target_performance_change_rolling3,strict_compatibility,1.0,advanced_lag3_style_aerial_physicality,advanced_lag3_style_aerial_physicality,lagged_player_history,-0.0016080894130208417,0.0016080894130208417,train_plus_validation,140
adaptation,target_performance_change_rolling3,strict_compatibility,1.0,advanced_lag2_assists_per90__missing,advanced_lag2_assists_per90,lagged_player_history,-0.001584358577969958,0.001584358577969958,train_plus_validation,141
adaptation,target_performance_change_rolling3,strict_compatibility,1.0,strict_df_count,strict_df_count,destination_club_compatibility,-0.001574691534574032,0.001574691534574032,train_plus_validation,142
adaptation,target_performance_change_rolling3,strict_compatibility,1.0,strict_forward_threat_preference_distance,strict_forward_threat_preference_distance,destination_club_compatibility,-0.00152894916374544,0.00152894916374544,train_plus_validation,143
adaptation,target_performance_change_rolling3,strict_compatibility,1.0,strict_all_style_directness,strict_all_style_directness,destination_club_compatibility,0.0015265904854028897,0.0015265904854028897,train_plus_validation,144
adaptation,target_performance_change_rolling3,strict_compatibility,1.0,preference_team_passing_control_raw_slope__missing,preference_team_passing_control_raw_slope,historical_teammate_preference,0.0015065629382711519,0.0015065629382711519,train_plus_validation,145
adaptation,target_performance_change_rolling3,strict_compatibility,1.0,advanced_lag3_style_defensive_intensity,advanced_lag3_style_defensive_intensity,lagged_player_history,0.0014850996063795648,0.0014850996063795648,train_plus_validation,146
adaptation,target_performance_change_rolling3,strict_compatibility,1.0,canonical_transfer_fee_status==unclassified_zero,canonical_transfer_fee_status,transfer_and_market,-0.0014370785616543208,0.0014370785616543208,train_plus_validation,147
adaptation,target_performance_change_rolling3,strict_compatibility,1.0,advanced_lag2_style_progression__missing,advanced_lag2_style_progression,lagged_player_history,0.001428060209812911,0.001428060209812911,train_plus_validation,148
adaptation,target_performance_change_rolling3,strict_compatibility,1.0,advanced_lag2_competitions__missing,advanced_lag2_competitions,lagged_player_history,-0.0013754603257235887,0.0013754603257235887,train_plus_validation,149
adaptation,target_performance_change_rolling3,strict_compatibility,1.0,advanced_rolling3_style_scoring_threat,advanced_rolling3_style_scoring_threat,lagged_player_history,-0.0013393022398493,0.0013393022398493,train_plus_validation,150
adaptation,target_performance_change_rolling3,strict_compatibility,1.0,preference_team_passing_control_correlation,preference_team_passing_control_correlation,historical_teammate_preference,-0.0012878385353156,0.0012878385353156,train_plus_validation,151
adaptation,target_performance_change_rolling3,strict_compatibility,1.0,strict_team_player_rows,strict_team_player_rows,destination_club_compatibility,-0.0012714372246846119,0.0012714372246846119,train_plus_validation,152
adaptation,target_performance_change_rolling3,strict_compatibility,1.0,strict_fw_style_defensive_intensity,strict_fw_style_defensive_intensity,destination_club_compatibility,-0.0012667724937767413,0.0012667724937767413,train_plus_validation,153
adaptation,target_performance_change_rolling3,strict_compatibility,1.0,strict_all_count,strict_all_count,destination_club_compatibility,-0.0012108160940167332,0.0012108160940167332,train_plus_validation,154
adaptation,target_performance_change_rolling3,strict_compatibility,1.0,strict_forward_mobility_preference_distance,strict_forward_mobility_preference_distance,destination_club_compatibility,-0.0012033403412859888,0.0012033403412859888,train_plus_validation,155
adaptation,target_performance_change_rolling3,strict_compatibility,1.0,preference_midfield_creativity_correlation,preference_midfield_creativity_correlation,historical_teammate_preference,-0.0011902807525154908,0.0011902807525154908,train_plus_validation,156
adaptation,target_performance_change_rolling3,strict_compatibility,1.0,strict_mf_teammate_count,strict_mf_teammate_count,destination_club_compatibility,-0.001183098557185203,0.001183098557185203,train_plus_validation,157
adaptation,target_performance_change_rolling3,strict_compatibility,1.0,strict_all_teammate_count,strict_all_teammate_count,destination_club_compatibility,-0.001173183219934629,0.001173183219934629,train_plus_validation,158
adaptation,target_performance_change_rolling3,strict_compatibility,1.0,advanced_lag1_style_creation,advanced_lag1_style_creation,lagged_player_history,0.0011393918842488452,0.0011393918842488452,train_plus_validation,159
adaptation,target_performance_change_rolling3,strict_compatibility,1.0,advanced_lag2_style_directness,advanced_lag2_style_directness,lagged_player_history,0.0011386677121313009,0.0011386677121313009,train_plus_validation,160
adaptation,target_performance_change_rolling3,strict_compatibility,1.0,advanced_lag1_role_group==FW,advanced_lag1_role_group,lagged_player_history,0.0011336446049738727,0.0011336446049738727,train_plus_validation,161
adaptation,target_performance_change_rolling3,strict_compatibility,1.0,strict_team_passing_control_familiarity_distance__missing,strict_team_passing_control_familiarity_distance,destination_club_compatibility,0.0011332774129735716,0.0011332774129735716,train_plus_validation,162
adaptation,target_performance_change_rolling3,strict_compatibility,1.0,strict_df_style_passing_control,strict_df_style_passing_control,destination_club_compatibility,-0.0011245949468932928,0.0011245949468932928,train_plus_validation,163
adaptation,target_performance_change_rolling3,strict_compatibility,1.0,strict_df_style_creation,strict_df_style_creation,destination_club_compatibility,-0.0010940718407618723,0.0010940718407618723,train_plus_validation,164
adaptation,target_performance_change_rolling3,strict_compatibility,1.0,preference_forward_mobility_raw_slope,preference_forward_mobility_raw_slope,historical_teammate_preference,-0.001081736973343159,0.001081736973343159,train_plus_validation,165
adaptation,target_performance_change_rolling3,strict_compatibility,1.0,strict_defensive_intensity_familiarity_distance,strict_defensive_intensity_familiarity_distance,destination_club_compatibility,-0.0010811693349584628,0.0010811693349584628,train_plus_validation,166
adaptation,target_performance_change_rolling3,strict_compatibility,1.0,preference_team_passing_control_exposure_mean,preference_team_passing_control_exposure_mean,historical_teammate_preference,-0.0010753737481995448,0.0010753737481995448,train_plus_validation,167
adaptation,target_performance_change_rolling3,strict_compatibility,1.0,strict_df_teammate_count,strict_df_teammate_count,destination_club_compatibility,-0.001015326898148291,0.001015326898148291,train_plus_validation,168
adaptation,target_performance_change_rolling3,strict_compatibility,1.0,strict_forward_threat_familiarity_distance__missing,strict_forward_threat_familiarity_distance,destination_club_compatibility,-0.0010016367274136761,0.0010016367274136761,train_plus_validation,169
adaptation,target_performance_change_rolling3,strict_compatibility,1.0,strict_mf_style_passing_control,strict_mf_style_passing_control,destination_club_compatibility,0.0009931131061351505,0.0009931131061351505,train_plus_validation,170
adaptation,target_performance_change_rolling3,strict_compatibility,1.0,advanced_style_dribble_aggression_trend_lag1_minus_lag2__missing,advanced_style_dribble_aggression_trend_lag1_minus_lag2,lagged_player_history,0.0009672129086645803,0.0009672129086645803,train_plus_validation,171
adaptation,target_performance_change_rolling3,strict_compatibility,1.0,strict_forward_threat_familiarity_distance,strict_forward_threat_familiarity_distance,destination_club_compatibility,-0.0009570168560035764,0.0009570168560035764,train_plus_validation,172
adaptation,target_performance_change_rolling3,strict_compatibility,1.0,preference_forward_threat_effective_observations,preference_forward_threat_effective_observations,historical_teammate_preference,-0.0009372968535908835,0.0009372968535908835,train_plus_validation,173
adaptation,target_performance_change_rolling3,strict_compatibility,1.0,advanced_lag3_source_rows,advanced_lag3_source_rows,lagged_player_history,-0.0009110078958359393,0.0009110078958359393,train_plus_validation,174
adaptation,target_performance_change_rolling3,strict_compatibility,1.0,strict_forward_threat_preference_slope_interaction,strict_forward_threat_preference_slope_interaction,destination_club_compatibility,-0.0009022231754278792,0.0009022231754278792,train_plus_validation,175
adaptation,target_performance_change_rolling3,strict_compatibility,1.0,advanced_lag2_style_progression,advanced_lag2_style_progression,lagged_player_history,0.0008965120896864368,0.0008965120896864368,train_plus_validation,176
adaptation,target_performance_change_rolling3,strict_compatibility,1.0,advanced_lag3_style_passing_control,advanced_lag3_style_passing_control,lagged_player_history,-0.0008757269502223132,0.0008757269502223132,train_plus_validation,177
adaptation,target_performance_change_rolling3,strict_compatibility,1.0,preference_forward_mobility_performance_weighted_level,preference_forward_mobility_performance_weighted_level,historical_teammate_preference,-0.0008601127695968051,0.0008601127695968051,train_plus_validation,178
adaptation,target_performance_change_rolling3,strict_compatibility,1.0,advanced_rolling3_style_aerial_physicality,advanced_rolling3_style_aerial_physicality,lagged_player_history,0.0008557949211599321,0.0008557949211599321,train_plus_validation,179
adaptation,target_performance_change_rolling3,strict_compatibility,1.0,strict_df_style_progression,strict_df_style_progression,destination_club_compatibility,-0.0008523707037478862,0.0008523707037478862,train_plus_validation,180
adaptation,target_performance_change_rolling3,strict_compatibility,1.0,preference_forward_threat_exposure_mean,preference_forward_threat_exposure_mean,historical_teammate_preference,0.0008389642616956135,0.0008389642616956135,train_plus_validation,181
adaptation,target_performance_change_rolling3,strict_compatibility,1.0,advanced_lag2_role_performance_index,advanced_lag2_role_performance_index,lagged_player_history,0.0008252459940832719,0.0008252459940832719,train_plus_validation,182
adaptation,target_performance_change_rolling3,strict_compatibility,1.0,preference_forward_mobility_raw_slope__missing,preference_forward_mobility_raw_slope,historical_teammate_preference,-0.000817136278638334,0.000817136278638334,train_plus_validation,183
adaptation,target_performance_change_rolling3,strict_compatibility,1.0,strict_fw_style_passing_control,strict_fw_style_passing_control,destination_club_compatibility,-0.0008156010312370464,0.0008156010312370464,train_plus_validation,184
adaptation,target_performance_change_rolling3,strict_compatibility,1.0,strict_df_style_directness,strict_df_style_directness,destination_club_compatibility,-0.0007928140709228656,0.0007928140709228656,train_plus_validation,185
adaptation,target_performance_change_rolling3,strict_compatibility,1.0,strict_defensive_intensity_preference_slope_interaction,strict_defensive_intensity_preference_slope_interaction,destination_club_compatibility,-0.0007866182924827962,0.0007866182924827962,train_plus_validation,186
adaptation,target_performance_change_rolling3,strict_compatibility,1.0,advanced_lag3_style_scoring_threat,advanced_lag3_style_scoring_threat,lagged_player_history,-0.0007559030499362687,0.0007559030499362687,train_plus_validation,187
adaptation,target_performance_change_rolling3,strict_compatibility,1.0,sub_position==Second Striker,sub_position,transfer_and_market,0.0007383726184823193,0.0007383726184823193,train_plus_validation,188
adaptation,target_performance_change_rolling3,strict_compatibility,1.0,strict_mf_style_creation,strict_mf_style_creation,destination_club_compatibility,0.0007357511393836022,0.0007357511393836022,train_plus_validation,189
adaptation,target_performance_change_rolling3,strict_compatibility,1.0,advanced_lag3_style_defensive_intensity__missing,advanced_lag3_style_defensive_intensity,lagged_player_history,-0.0007333846987312826,0.0007333846987312826,train_plus_validation,190
adaptation,target_performance_change_rolling3,strict_compatibility,1.0,advanced_lag3_style_scoring_threat__missing,advanced_lag3_style_scoring_threat,lagged_player_history,-0.0007333846987312133,0.0007333846987312133,train_plus_validation,191
adaptation,target_performance_change_rolling3,strict_compatibility,1.0,strict_mf_style_defensive_intensity,strict_mf_style_defensive_intensity,destination_club_compatibility,0.0007315475725675706,0.0007315475725675706,train_plus_validation,192
adaptation,target_performance_change_rolling3,strict_compatibility,1.0,advanced_style_passing_control_trend_lag1_minus_lag2,advanced_style_passing_control_trend_lag1_minus_lag2,lagged_player_history,-0.0007179926844087089,0.0007179926844087089,train_plus_validation,193
adaptation,target_performance_change_rolling3,strict_compatibility,1.0,advanced_lag1_competitions,advanced_lag1_competitions,lagged_player_history,-0.0007022549604233538,0.0007022549604233538,train_plus_validation,194
adaptation,target_performance_change_rolling3,strict_compatibility,1.0,advanced_lag3_style_progression,advanced_lag3_style_progression,lagged_player_history,-0.0007008549517927158,0.0007008549517927158,train_plus_validation,195
adaptation,target_performance_change_rolling3,strict_compatibility,1.0,preference_midfield_creativity_correlation__missing,preference_midfield_creativity_correlation,historical_teammate_preference,-0.0006962442388166284,0.0006962442388166284,train_plus_validation,196
adaptation,target_performance_change_rolling3,strict_compatibility,1.0,strict_defensive_intensity_preference_slope_interaction__missing,strict_defensive_intensity_preference_slope_interaction,destination_club_compatibility,-0.0006962442388166279,0.0006962442388166279,train_plus_validation,197
adaptation,target_performance_change_rolling3,strict_compatibility,1.0,advanced_style_creation_trend_lag1_minus_lag2__missing,advanced_style_creation_trend_lag1_minus_lag2,lagged_player_history,-0.000690632725207938,0.000690632725207938,train_plus_validation,198
adaptation,target_performance_change_rolling3,strict_compatibility,1.0,advanced_style_progression_trend_lag1_minus_lag2__missing,advanced_style_progression_trend_lag1_minus_lag2,lagged_player_history,-0.0006906327252079373,0.0006906327252079373,train_plus_validation,199
adaptation,target_performance_change_rolling3,strict_compatibility,1.0,advanced_style_defensive_intensity_trend_lag1_minus_lag2__missing,advanced_style_defensive_intensity_trend_lag1_minus_lag2,lagged_player_history,-0.0006906327252079369,0.0006906327252079369,train_plus_validation,200
adaptation,target_performance_change_rolling3,strict_compatibility,1.0,preference_forward_mobility_exposure_mean,preference_forward_mobility_exposure_mean,historical_teammate_preference,0.0006760765405014621,0.0006760765405014621,train_plus_validation,201
adaptation,target_performance_change_rolling3,strict_compatibility,1.0,advanced_style_defensive_intensity_trend_lag1_minus_lag2,advanced_style_defensive_intensity_trend_lag1_minus_lag2,lagged_player_history,-0.0006748772531985269,0.0006748772531985269,train_plus_validation,202
adaptation,target_performance_change_rolling3,strict_compatibility,1.0,advanced_lag2_competitions,advanced_lag2_competitions,lagged_player_history,-0.0006691578066210367,0.0006691578066210367,train_plus_validation,203
adaptation,target_performance_change_rolling3,strict_compatibility,1.0,strict_mf_count,strict_mf_count,destination_club_compatibility,-0.0006672044254849166,0.0006672044254849166,train_plus_validation,204
adaptation,target_performance_change_rolling3,strict_compatibility,1.0,preference_forward_mobility_correlation__missing,preference_forward_mobility_correlation,historical_teammate_preference,0.0006551331303903311,0.0006551331303903311,train_plus_validation,205
adaptation,target_performance_change_rolling3,strict_compatibility,1.0,advanced_lag3_style_dribble_aggression,advanced_lag3_style_dribble_aggression,lagged_player_history,-0.0006279008545613826,0.0006279008545613826,train_plus_validation,206
adaptation,target_performance_change_rolling3,strict_compatibility,1.0,strict_mf_style_aerial_physicality,strict_mf_style_aerial_physicality,destination_club_compatibility,-0.0006109284206733929,0.0006109284206733929,train_plus_validation,207
adaptation,target_performance_change_rolling3,strict_compatibility,1.0,advanced_rolling3_style_passing_control,advanced_rolling3_style_passing_control,lagged_player_history,-0.000592698594304942,0.000592698594304942,train_plus_validation,208
adaptation,target_performance_change_rolling3,strict_compatibility,1.0,advanced_lag3_style_creation,advanced_lag3_style_creation,lagged_player_history,-0.0005794838125414123,0.0005794838125414123,train_plus_validation,209
adaptation,target_performance_change_rolling3,strict_compatibility,1.0,preference_midfield_aggression_exposure_mean__missing,preference_midfield_aggression_exposure_mean,historical_teammate_preference,0.0005658649833169577,0.0005658649833169577,train_plus_validation,210
adaptation,target_performance_change_rolling3,strict_compatibility,1.0,sub_position==Right Winger,sub_position,transfer_and_market,0.0005619449942328696,0.0005619449942328696,train_plus_validation,211
adaptation,target_performance_change_rolling3,strict_compatibility,1.0,advanced_rolling3_style_directness,advanced_rolling3_style_directness,lagged_player_history,-0.0005532767331748495,0.0005532767331748495,train_plus_validation,212
adaptation,target_performance_change_rolling3,strict_compatibility,1.0,advanced_style_aerial_physicality_trend_lag1_minus_lag2,advanced_style_aerial_physicality_trend_lag1_minus_lag2,lagged_player_history,-0.0005459179242593843,0.0005459179242593843,train_plus_validation,213
adaptation,target_performance_change_rolling3,strict_compatibility,1.0,position==Midfield,position,transfer_and_market,0.0005288121859511183,0.0005288121859511183,train_plus_validation,214
adaptation,target_performance_change_rolling3,strict_compatibility,1.0,advanced_lag3_minutes,advanced_lag3_minutes,lagged_player_history,-0.0005157652910637406,0.0005157652910637406,train_plus_validation,215
adaptation,target_performance_change_rolling3,strict_compatibility,1.0,preference_defensive_intensity_correlation,preference_defensive_intensity_correlation,historical_teammate_preference,-0.0004957206644620371,0.0004957206644620371,train_plus_validation,216
adaptation,target_performance_change_rolling3,strict_compatibility,1.0,preference_midfield_aggression_correlation,preference_midfield_aggression_correlation,historical_teammate_preference,-0.0004924271819948233,0.0004924271819948233,train_plus_validation,217
adaptation,target_performance_change_rolling3,strict_compatibility,1.0,advanced_rolling3_style_creation,advanced_rolling3_style_creation,lagged_player_history,-0.0004837873715190306,0.0004837873715190306,train_plus_validation,218
adaptation,target_performance_change_rolling3,strict_compatibility,1.0,preference_defensive_intensity_raw_slope,preference_defensive_intensity_raw_slope,historical_teammate_preference,-0.00046701274890909397,0.00046701274890909397,train_plus_validation,219
adaptation,target_performance_change_rolling3,strict_compatibility,1.0,preference_forward_mobility_correlation,preference_forward_mobility_correlation,historical_teammate_preference,-0.000464906133575546,0.000464906133575546,train_plus_validation,220
adaptation,target_performance_change_rolling3,strict_compatibility,1.0,strict_df_style_dribble_aggression,strict_df_style_dribble_aggression,destination_club_compatibility,-0.00044855957353185706,0.00044855957353185706,train_plus_validation,221
adaptation,target_performance_change_rolling3,strict_compatibility,1.0,preference_forward_threat_correlation,preference_forward_threat_correlation,historical_teammate_preference,-0.0004422649801231677,0.0004422649801231677,train_plus_validation,222
adaptation,target_performance_change_rolling3,strict_compatibility,1.0,advanced_lag2_npxg_per90,advanced_lag2_npxg_per90,lagged_player_history,0.0004419476741541641,0.0004419476741541641,train_plus_validation,223
adaptation,target_performance_change_rolling3,strict_compatibility,1.0,advanced_lag2_minutes,advanced_lag2_minutes,lagged_player_history,-0.00043771239665016344,0.00043771239665016344,train_plus_validation,224
adaptation,target_performance_change_rolling3,strict_compatibility,1.0,strict_player_team_style_cosine_similarity,strict_player_team_style_cosine_similarity,destination_club_compatibility,-0.00040518918591979554,0.00040518918591979554,train_plus_validation,225
adaptation,target_performance_change_rolling3,strict_compatibility,1.0,preference_forward_mobility_effective_observations,preference_forward_mobility_effective_observations,historical_teammate_preference,-0.00040432316353813084,0.00040432316353813084,train_plus_validation,226
adaptation,target_performance_change_rolling3,strict_compatibility,1.0,preference_defensive_intensity_effective_observations,preference_defensive_intensity_effective_observations,historical_teammate_preference,-0.00040432316353812895,0.00040432316353812895,train_plus_validation,227
adaptation,target_performance_change_rolling3,strict_compatibility,1.0,sub_position==Attacking Midfield,sub_position,transfer_and_market,0.000404082767766291,0.000404082767766291,train_plus_validation,228
adaptation,target_performance_change_rolling3,strict_compatibility,1.0,strict_forward_mobility_preference_slope_interaction,strict_forward_mobility_preference_slope_interaction,destination_club_compatibility,0.00040405559270582025,0.00040405559270582025,train_plus_validation,229
adaptation,target_performance_change_rolling3,strict_compatibility,1.0,advanced_lag2_clubs,advanced_lag2_clubs,lagged_player_history,-0.00040040795821595903,0.00040040795821595903,train_plus_validation,230
adaptation,target_performance_change_rolling3,strict_compatibility,1.0,preference_midfield_aggression_effective_observations,preference_midfield_aggression_effective_observations,historical_teammate_preference,-0.0003964523068499747,0.0003964523068499747,train_plus_validation,231
adaptation,target_performance_change_rolling3,strict_compatibility,1.0,preference_team_passing_control_shrunken_slope,preference_team_passing_control_shrunken_slope,historical_teammate_preference,-0.0003942468310467649,0.0003942468310467649,train_plus_validation,232
adaptation,target_performance_change_rolling3,strict_compatibility,1.0,advanced_lag1_minutes,advanced_lag1_minutes,lagged_player_history,-0.00038152096247133776,0.00038152096247133776,train_plus_validation,233
adaptation,target_performance_change_rolling3,strict_compatibility,1.0,advanced_lag2_assists_per90,advanced_lag2_assists_per90,lagged_player_history,0.0003780208429427211,0.0003780208429427211,train_plus_validation,234
adaptation,target_performance_change_rolling3,strict_compatibility,1.0,sub_position==Right Midfield,sub_position,transfer_and_market,0.0003530815427455199,0.0003530815427455199,train_plus_validation,235
adaptation,target_performance_change_rolling3,strict_compatibility,1.0,strict_player_passing_x_team_passing_control,strict_player_passing_x_team_passing_control,destination_club_compatibility,-0.00034498490471090965,0.00034498490471090965,train_plus_validation,236
adaptation,target_performance_change_rolling3,strict_compatibility,1.0,advanced_rolling3_style_progression,advanced_rolling3_style_progression,lagged_player_history,0.0003284723057181067,0.0003284723057181067,train_plus_validation,237
adaptation,target_performance_change_rolling3,strict_compatibility,1.0,advanced_lag2_goals_per90,advanced_lag2_goals_per90,lagged_player_history,0.00032110342397431393,0.00032110342397431393,train_plus_validation,238
adaptation,target_performance_change_rolling3,strict_compatibility,1.0,strict_team_passing_control_preference_distance,strict_team_passing_control_preference_distance,destination_club_compatibility,0.00029829974556702974,0.00029829974556702974,train_plus_validation,239
adaptation,target_performance_change_rolling3,strict_compatibility,1.0,strict_all_style_passing_control,strict_all_style_passing_control,destination_club_compatibility,0.00029604402830954815,0.00029604402830954815,train_plus_validation,240
adaptation,target_performance_change_rolling3,strict_compatibility,1.0,preference_history_minutes,preference_history_minutes,historical_teammate_preference,-0.0002763059582374691,0.0002763059582374691,train_plus_validation,241
adaptation,target_performance_change_rolling3,strict_compatibility,1.0,strict_forward_threat_preference_slope_interaction__missing,strict_forward_threat_preference_slope_interaction,destination_club_compatibility,0.00027491156802722196,0.00027491156802722196,train_plus_validation,242
adaptation,target_performance_change_rolling3,strict_compatibility,1.0,preference_midfield_aggression_correlation__missing,preference_midfield_aggression_correlation,historical_teammate_preference,0.0002749115680272185,0.0002749115680272185,train_plus_validation,243
adaptation,target_performance_change_rolling3,strict_compatibility,1.0,strict_team_passing_control_familiarity_distance,strict_team_passing_control_familiarity_distance,destination_club_compatibility,-0.0002736791330473984,0.0002736791330473984,train_plus_validation,244
adaptation,target_performance_change_rolling3,strict_compatibility,1.0,preference_team_passing_control_shrunken_slope__missing,preference_team_passing_control_shrunken_slope,historical_teammate_preference,-0.0002469148009392459,0.0002469148009392459,train_plus_validation,245
adaptation,target_performance_change_rolling3,strict_compatibility,1.0,advanced_style_passing_control_trend_lag1_minus_lag2__missing,advanced_style_passing_control_trend_lag1_minus_lag2,lagged_player_history,0.0002425632780460694,0.0002425632780460694,train_plus_validation,246
adaptation,target_performance_change_rolling3,strict_compatibility,1.0,preference_team_passing_control_effective_observations,preference_team_passing_control_effective_observations,historical_teammate_preference,-0.00023961919227124463,0.00023961919227124463,train_plus_validation,247
adaptation,target_performance_change_rolling3,strict_compatibility,1.0,advanced_lag3_role_performance_index,advanced_lag3_role_performance_index,lagged_player_history,0.00021678919183488796,0.00021678919183488796,train_plus_validation,248
adaptation,target_performance_change_rolling3,strict_compatibility,1.0,sub_position==Centre-Back,sub_position,transfer_and_market,-0.00018011574214052455,0.00018011574214052455,train_plus_validation,249
adaptation,target_performance_change_rolling3,strict_compatibility,1.0,preference_midfield_creativity_effective_observations,preference_midfield_creativity_effective_observations,historical_teammate_preference,-0.0001766096279097981,0.0001766096279097981,train_plus_validation,250
adaptation,target_performance_change_rolling3,strict_compatibility,1.0,preference_team_passing_control_raw_slope,preference_team_passing_control_raw_slope,historical_teammate_preference,-0.00017318325867494083,0.00017318325867494083,train_plus_validation,251
adaptation,target_performance_change_rolling3,strict_compatibility,1.0,preference_midfield_aggression_raw_slope,preference_midfield_aggression_raw_slope,historical_teammate_preference,0.0001701327906456537,0.0001701327906456537,train_plus_validation,252
adaptation,target_performance_change_rolling3,strict_compatibility,1.0,foot==both,foot,transfer_and_market,0.00016834419305246384,0.00016834419305246384,train_plus_validation,253
adaptation,target_performance_change_rolling3,strict_compatibility,1.0,advanced_lag3_source_rows__missing,advanced_lag3_source_rows,lagged_player_history,0.0001657813212596785,0.0001657813212596785,train_plus_validation,254
adaptation,target_performance_change_rolling3,strict_compatibility,1.0,foot==right,foot,transfer_and_market,-0.0001625950623730949,0.0001625950623730949,train_plus_validation,255
adaptation,target_performance_change_rolling3,strict_compatibility,1.0,listed_market_value_at_transfer_eur,listed_market_value_at_transfer_eur,transfer_and_market,-0.0001590652463748694,0.0001590652463748694,train_plus_validation,256
adaptation,target_performance_change_rolling3,strict_compatibility,1.0,advanced_lag3_style_progression__missing,advanced_lag3_style_progression,lagged_player_history,0.00015349458554147702,0.00015349458554147702,train_plus_validation,257
adaptation,target_performance_change_rolling3,strict_compatibility,1.0,advanced_lag3_style_creation__missing,advanced_lag3_style_creation,lagged_player_history,0.00015349458554122359,0.00015349458554122359,train_plus_validation,258
adaptation,target_performance_change_rolling3,strict_compatibility,1.0,advanced_lag1_role_performance_index,advanced_lag1_role_performance_index,lagged_player_history,0.0001454061444116745,0.0001454061444116745,train_plus_validation,259
adaptation,target_performance_change_rolling3,strict_compatibility,1.0,preference_forward_threat_raw_slope,preference_forward_threat_raw_slope,historical_teammate_preference,-0.000140419752827576,0.000140419752827576,train_plus_validation,260
adaptation,target_performance_change_rolling3,strict_compatibility,1.0,strict_context_midfield_aggression,strict_context_midfield_aggression,destination_club_compatibility,-0.0001260228985276826,0.0001260228985276826,train_plus_validation,261
adaptation,target_performance_change_rolling3,strict_compatibility,1.0,preference_defensive_intensity_shrunken_slope,preference_defensive_intensity_shrunken_slope,historical_teammate_preference,-0.00012389973719712836,0.00012389973719712836,train_plus_validation,262
adaptation,target_performance_change_rolling3,strict_compatibility,1.0,preference_midfield_aggression_shrunken_slope,preference_midfield_aggression_shrunken_slope,historical_teammate_preference,-0.00012293454576396475,0.00012293454576396475,train_plus_validation,263
adaptation,target_performance_change_rolling3,strict_compatibility,1.0,advanced_lag1_style_defensive_intensity,advanced_lag1_style_defensive_intensity,lagged_player_history,0.00011937404592284422,0.00011937404592284422,train_plus_validation,264
adaptation,target_performance_change_rolling3,strict_compatibility,1.0,advanced_lag2_role_group==DF,advanced_lag2_role_group,lagged_player_history,0.00010994132283747397,0.00010994132283747397,train_plus_validation,265
adaptation,target_performance_change_rolling3,strict_compatibility,1.0,preference_forward_mobility_shrunken_slope,preference_forward_mobility_shrunken_slope,historical_teammate_preference,-0.00010977092799467537,0.00010977092799467537,train_plus_validation,266
adaptation,target_performance_change_rolling3,strict_compatibility,1.0,canonical_transfer_fee_eur,canonical_transfer_fee_eur,transfer_and_market,-0.00010267602573755197,0.00010267602573755197,train_plus_validation,267
adaptation,target_performance_change_rolling3,strict_compatibility,1.0,advanced_lag3_competitions__missing,advanced_lag3_competitions,lagged_player_history,-9.925047992494538e-05,9.925047992494538e-05,train_plus_validation,268
adaptation,target_performance_change_rolling3,strict_compatibility,1.0,advanced_lag3_minutes__missing,advanced_lag3_minutes,lagged_player_history,-9.925047992493604e-05,9.925047992493604e-05,train_plus_validation,269
adaptation,target_performance_change_rolling3,strict_compatibility,1.0,advanced_lag3_goals_per90__missing,advanced_lag3_goals_per90,lagged_player_history,-9.92504799249355e-05,9.92504799249355e-05,train_plus_validation,270
adaptation,target_performance_change_rolling3,strict_compatibility,1.0,advanced_lag3_role_group==__MISSING__,advanced_lag3_role_group,lagged_player_history,-9.925047992493047e-05,9.925047992493047e-05,train_plus_validation,271
adaptation,target_performance_change_rolling3,strict_compatibility,1.0,advanced_lag3_npxg_per90__missing,advanced_lag3_npxg_per90,lagged_player_history,-9.925047992492563e-05,9.925047992492563e-05,train_plus_validation,272
adaptation,target_performance_change_rolling3,strict_compatibility,1.0,advanced_lag2_available,advanced_lag2_available,lagged_player_history,-8.997638905172624e-05,8.997638905172624e-05,train_plus_validation,273
adaptation,target_performance_change_rolling3,strict_compatibility,1.0,advanced_lag1_style_progression,advanced_lag1_style_progression,lagged_player_history,8.950816099396908e-05,8.950816099396908e-05,train_plus_validation,274
adaptation,target_performance_change_rolling3,strict_compatibility,1.0,advanced_lag1_style_dribble_aggression,advanced_lag1_style_dribble_aggression,lagged_player_history,8.915444877979861e-05,8.915444877979861e-05,train_plus_validation,275
adaptation,target_performance_change_rolling3,strict_compatibility,1.0,strict_fw_count,strict_fw_count,destination_club_compatibility,8.271776422703077e-05,8.271776422703077e-05,train_plus_validation,276
adaptation,target_performance_change_rolling3,strict_compatibility,1.0,advanced_lag1_style_aerial_physicality,advanced_lag1_style_aerial_physicality,lagged_player_history,7.207260469611399e-05,7.207260469611399e-05,train_plus_validation,277
adaptation,target_performance_change_rolling3,strict_compatibility,1.0,advanced_lag2_role_group==MF,advanced_lag2_role_group,lagged_player_history,6.562790543517574e-05,6.562790543517574e-05,train_plus_validation,278
adaptation,target_performance_change_rolling3,strict_compatibility,1.0,advanced_style_directness_trend_lag1_minus_lag2__missing,advanced_style_directness_trend_lag1_minus_lag2,lagged_player_history,-6.0031146632974157e-05,6.0031146632974157e-05,train_plus_validation,279
adaptation,target_performance_change_rolling3,strict_compatibility,1.0,advanced_lag3_role_group==FW,advanced_lag3_role_group,lagged_player_history,5.002464882404774e-05,5.002464882404774e-05,train_plus_validation,280
adaptation,target_performance_change_rolling3,strict_compatibility,1.0,strict_team_passing_control_preference_slope_interaction__missing,strict_team_passing_control_preference_slope_interaction,destination_club_compatibility,4.8716167335880306e-05,4.8716167335880306e-05,train_plus_validation,281
adaptation,target_performance_change_rolling3,strict_compatibility,1.0,strict_mf_style_directness,strict_mf_style_directness,destination_club_compatibility,-3.9207048530386435e-05,3.9207048530386435e-05,train_plus_validation,282
adaptation,target_performance_change_rolling3,strict_compatibility,1.0,advanced_lag2_style_dribble_aggression__missing,advanced_lag2_style_dribble_aggression,lagged_player_history,3.512643400554681e-05,3.512643400554681e-05,train_plus_validation,283
adaptation,target_performance_change_rolling3,strict_compatibility,1.0,advanced_lag2_style_passing_control__missing,advanced_lag2_style_passing_control,lagged_player_history,3.512643400554395e-05,3.512643400554395e-05,train_plus_validation,284
adaptation,target_performance_change_rolling3,strict_compatibility,1.0,advanced_lag2_style_directness__missing,advanced_lag2_style_directness,lagged_player_history,3.512643400553755e-05,3.512643400553755e-05,train_plus_validation,285
adaptation,target_performance_change_rolling3,strict_compatibility,1.0,advanced_lag2_style_creation__missing,advanced_lag2_style_creation,lagged_player_history,3.5126434005500574e-05,3.5126434005500574e-05,train_plus_validation,286
adaptation,target_performance_change_rolling3,strict_compatibility,1.0,advanced_lag2_style_defensive_intensity__missing,advanced_lag2_style_defensive_intensity,lagged_player_history,3.512643400548197e-05,3.512643400548197e-05,train_plus_validation,287
adaptation,target_performance_change_rolling3,strict_compatibility,1.0,advanced_lag2_source_rows__missing,advanced_lag2_source_rows,lagged_player_history,3.512643400547288e-05,3.512643400547288e-05,train_plus_validation,288
adaptation,target_performance_change_rolling3,strict_compatibility,1.0,advanced_lag2_role_performance_index__missing,advanced_lag2_role_performance_index,lagged_player_history,3.512643400547257e-05,3.512643400547257e-05,train_plus_validation,289
adaptation,target_performance_change_rolling3,strict_compatibility,1.0,advanced_lag2_style_aerial_physicality__missing,advanced_lag2_style_aerial_physicality,lagged_player_history,3.5126434005462505e-05,3.5126434005462505e-05,train_plus_validation,290
adaptation,target_performance_change_rolling3,strict_compatibility,1.0,age_at_transfer,age_at_transfer,transfer_and_market,3.310654238349777e-05,3.310654238349777e-05,train_plus_validation,291
adaptation,target_performance_change_rolling3,strict_compatibility,1.0,advanced_lag1_role_group==MF,advanced_lag1_role_group,lagged_player_history,-3.170741247857259e-05,3.170741247857259e-05,train_plus_validation,292
adaptation,target_performance_change_rolling3,strict_compatibility,1.0,advanced_lag2_minutes__missing,advanced_lag2_minutes,lagged_player_history,3.113799551830672e-05,3.113799551830672e-05,train_plus_validation,293
adaptation,target_performance_change_rolling3,strict_compatibility,1.0,canonical_transfer_type==transfer,canonical_transfer_type,transfer_and_market,-2.893177620339029e-05,2.893177620339029e-05,train_plus_validation,294
adaptation,target_performance_change_rolling3,strict_compatibility,1.0,strict_player_scoring_x_midfield_creativity,strict_player_scoring_x_midfield_creativity,destination_club_compatibility,-2.518435609620254e-05,2.518435609620254e-05,train_plus_validation,295
adaptation,target_performance_change_rolling3,strict_compatibility,1.0,strict_player_defense_x_defensive_intensity,strict_player_defense_x_defensive_intensity,destination_club_compatibility,-1.8930117501753844e-05,1.8930117501753844e-05,train_plus_validation,296
adaptation,target_performance_change_rolling3,strict_compatibility,1.0,advanced_lag1_role_group==DF,advanced_lag1_role_group,lagged_player_history,-1.828535397487838e-05,1.828535397487838e-05,train_plus_validation,297
adaptation,target_performance_change_rolling3,strict_compatibility,1.0,strict_preference_slope_signal,strict_preference_slope_signal,destination_club_compatibility,1.3675833718886807e-05,1.3675833718886807e-05,train_plus_validation,298
adaptation,target_performance_change_rolling3,strict_compatibility,1.0,strict_mf_style_scoring_threat,strict_mf_style_scoring_threat,destination_club_compatibility,1.156234653593089e-05,1.156234653593089e-05,train_plus_validation,299
adaptation,target_performance_change_rolling3,strict_compatibility,1.0,advanced_style_directness_trend_lag1_minus_lag2,advanced_style_directness_trend_lag1_minus_lag2,lagged_player_history,-9.434477112874445e-06,9.434477112874445e-06,train_plus_validation,300
adaptation,target_performance_change_rolling3,strict_compatibility,1.0,canonical_transfer_fee_status==unresolved_fee_conflict,canonical_transfer_fee_status,transfer_and_market,5.691528856085221e-06,5.691528856085221e-06,train_plus_validation,301
adaptation,target_performance_change_rolling3,strict_compatibility,1.0,strict_fw_style_aerial_physicality,strict_fw_style_aerial_physicality,destination_club_compatibility,2.053547656852502e-06,2.053547656852502e-06,train_plus_validation,302
adaptation,target_performance_change_rolling3,strict_compatibility,1.0,canonical_transfer_type==loan,canonical_transfer_type,transfer_and_market,1.1512923931574892e-09,1.1512923931574892e-09,train_plus_validation,303
opportunity,target_destination_minutes_share,player_history_baseline,100.0,advanced_lag3_assists_per90,advanced_lag3_assists_per90,lagged_player_history,0.0015051716905978127,0.0015051716905978127,train_plus_validation,1
opportunity,target_destination_minutes_share,player_history_baseline,100.0,canonical_transfer_fee_status==unclassified_zero,canonical_transfer_fee_status,transfer_and_market,0.0013926912793358899,0.0013926912793358899,train_plus_validation,2
opportunity,target_destination_minutes_share,player_history_baseline,100.0,advanced_lag1_npxg_per90,advanced_lag1_npxg_per90,lagged_player_history,0.0009133648450638599,0.0009133648450638599,train_plus_validation,3
opportunity,target_destination_minutes_share,player_history_baseline,100.0,sub_position==Left Winger,sub_position,transfer_and_market,0.0007900022514393741,0.0007900022514393741,train_plus_validation,4
opportunity,target_destination_minutes_share,player_history_baseline,100.0,advanced_lag3_npxg_per90,advanced_lag3_npxg_per90,lagged_player_history,-0.0006748176903678832,0.0006748176903678832,train_plus_validation,5
opportunity,target_destination_minutes_share,player_history_baseline,100.0,canonical_transfer_fee_eur__missing,canonical_transfer_fee_eur,transfer_and_market,-0.0004858792709780475,0.0004858792709780475,train_plus_validation,6
opportunity,target_destination_minutes_share,player_history_baseline,100.0,listed_market_value_at_transfer_eur__missing,listed_market_value_at_transfer_eur,transfer_and_market,0.0004793970232878754,0.0004793970232878754,train_plus_validation,7
opportunity,target_destination_minutes_share,player_history_baseline,100.0,advanced_lag2_style_progression__missing,advanced_lag2_style_progression,lagged_player_history,0.0003948234686938184,0.0003948234686938184,train_plus_validation,8
opportunity,target_destination_minutes_share,player_history_baseline,100.0,advanced_lag3_clubs__missing,advanced_lag3_clubs,lagged_player_history,0.00038030473880690767,0.00038030473880690767,train_plus_validation,9
opportunity,target_destination_minutes_share,player_history_baseline,100.0,advanced_style_defensive_intensity_trend_lag1_minus_lag2,advanced_style_defensive_intensity_trend_lag1_minus_lag2,lagged_player_history,-0.0003638265611201111,0.0003638265611201111,train_plus_validation,10
opportunity,target_destination_minutes_share,player_history_baseline,100.0,advanced_lag2_npxg_per90,advanced_lag2_npxg_per90,lagged_player_history,0.0003493876693225231,0.0003493876693225231,train_plus_validation,11
opportunity,target_destination_minutes_share,player_history_baseline,100.0,sub_position==Attacking Midfield,sub_position,transfer_and_market,-0.0003431581262792288,0.0003431581262792288,train_plus_validation,12
opportunity,target_destination_minutes_share,player_history_baseline,100.0,advanced_lag3_style_dribble_aggression,advanced_lag3_style_dribble_aggression,lagged_player_history,-0.0003313254913049649,0.0003313254913049649,train_plus_validation,13
opportunity,target_destination_minutes_share,player_history_baseline,100.0,advanced_lag3_style_directness,advanced_lag3_style_directness,lagged_player_history,0.0003257194029363497,0.0003257194029363497,train_plus_validation,14
opportunity,target_destination_minutes_share,player_history_baseline,100.0,advanced_lag2_competitions,advanced_lag2_competitions,lagged_player_history,0.000317986430455111,0.000317986430455111,train_plus_validation,15
opportunity,target_destination_minutes_share,player_history_baseline,100.0,advanced_lag3_style_progression__missing,advanced_lag3_style_progression,lagged_player_history,0.0003143609604411475,0.0003143609604411475,train_plus_validation,16
opportunity,target_destination_minutes_share,player_history_baseline,100.0,height_in_cm,height_in_cm,transfer_and_market,0.000299896830647294,0.000299896830647294,train_plus_validation,17
opportunity,target_destination_minutes_share,player_history_baseline,100.0,advanced_style_creation_trend_lag1_minus_lag2__missing,advanced_style_creation_trend_lag1_minus_lag2,lagged_player_history,0.00028918118146959007,0.00028918118146959007,train_plus_validation,18
opportunity,target_destination_minutes_share,player_history_baseline,100.0,advanced_lag2_goals_per90,advanced_lag2_goals_per90,lagged_player_history,0.00026701650503359683,0.00026701650503359683,train_plus_validation,19
opportunity,target_destination_minutes_share,player_history_baseline,100.0,advanced_lag2_role_performance_index,advanced_lag2_role_performance_index,lagged_player_history,0.0002654301521905584,0.0002654301521905584,train_plus_validation,20
opportunity,target_destination_minutes_share,player_history_baseline,100.0,advanced_lag1_source_rows,advanced_lag1_source_rows,lagged_player_history,0.00024070885104312758,0.00024070885104312758,train_plus_validation,21
opportunity,target_destination_minutes_share,player_history_baseline,100.0,advanced_style_directness_trend_lag1_minus_lag2__missing,advanced_style_directness_trend_lag1_minus_lag2,lagged_player_history,0.000235509162156439,0.000235509162156439,train_plus_validation,22
opportunity,target_destination_minutes_share,player_history_baseline,100.0,advanced_lag3_style_creation,advanced_lag3_style_creation,lagged_player_history,0.00023157052462067663,0.00023157052462067663,train_plus_validation,23
opportunity,target_destination_minutes_share,player_history_baseline,100.0,advanced_lag1_assists_per90,advanced_lag1_assists_per90,lagged_player_history,0.00021940743003724892,0.00021940743003724892,train_plus_validation,24
opportunity,target_destination_minutes_share,player_history_baseline,100.0,age_at_transfer,age_at_transfer,transfer_and_market,0.00021434253411868243,0.00021434253411868243,train_plus_validation,25
opportunity,target_destination_minutes_share,player_history_baseline,100.0,advanced_lag3_style_progression,advanced_lag3_style_progression,lagged_player_history,0.00020937587532840547,0.00020937587532840547,train_plus_validation,26
opportunity,target_destination_minutes_share,player_history_baseline,100.0,advanced_lag1_role_group==FW,advanced_lag1_role_group,lagged_player_history,-0.00020084729167640282,0.00020084729167640282,train_plus_validation,27
opportunity,target_destination_minutes_share,player_history_baseline,100.0,advanced_lag1_style_scoring_threat,advanced_lag1_style_scoring_threat,lagged_player_history,0.00019523147962392624,0.00019523147962392624,train_plus_validation,28
opportunity,target_destination_minutes_share,player_history_baseline,100.0,advanced_lag3_competitions,advanced_lag3_competitions,lagged_player_history,0.00019059750614298425,0.00019059750614298425,train_plus_validation,29
opportunity,target_destination_minutes_share,player_history_baseline,100.0,advanced_lag3_style_creation__missing,advanced_lag3_style_creation,lagged_player_history,-0.00018933914531248046,0.00018933914531248046,train_plus_validation,30
opportunity,target_destination_minutes_share,player_history_baseline,100.0,transfer_days_from_target_season_start,transfer_days_from_target_season_start,transfer_and_market,-0.00018788978684847882,0.00018788978684847882,train_plus_validation,31
opportunity,target_destination_minutes_share,player_history_baseline,100.0,advanced_lag2_style_scoring_threat,advanced_lag2_style_scoring_threat,lagged_player_history,-0.00018627475377484427,0.00018627475377484427,train_plus_validation,32
opportunity,target_destination_minutes_share,player_history_baseline,100.0,advanced_lag2_clubs,advanced_lag2_clubs,lagged_player_history,-0.00018504919960781024,0.00018504919960781024,train_plus_validation,33
opportunity,target_destination_minutes_share,player_history_baseline,100.0,advanced_lag3_goals_per90,advanced_lag3_goals_per90,lagged_player_history,0.00017376756101505583,0.00017376756101505583,train_plus_validation,34
opportunity,target_destination_minutes_share,player_history_baseline,100.0,advanced_rolling3_style_directness,advanced_rolling3_style_directness,lagged_player_history,-0.00017079404715407426,0.00017079404715407426,train_plus_validation,35
opportunity,target_destination_minutes_share,player_history_baseline,100.0,advanced_style_dribble_aggression_trend_lag1_minus_lag2,advanced_style_dribble_aggression_trend_lag1_minus_lag2,lagged_player_history,-0.00016477961238907976,0.00016477961238907976,train_plus_validation,36
opportunity,target_destination_minutes_share,player_history_baseline,100.0,advanced_rolling3_style_defensive_intensity,advanced_rolling3_style_defensive_intensity,lagged_player_history,-0.0001529057969657819,0.0001529057969657819,train_plus_validation,37
opportunity,target_destination_minutes_share,player_history_baseline,100.0,advanced_style_directness_trend_lag1_minus_lag2,advanced_style_directness_trend_lag1_minus_lag2,lagged_player_history,-0.00015113712387680644,0.00015113712387680644,train_plus_validation,38
opportunity,target_destination_minutes_share,player_history_baseline,100.0,advanced_lag2_style_progression,advanced_lag2_style_progression,lagged_player_history,-0.00014894269907804472,0.00014894269907804472,train_plus_validation,39
opportunity,target_destination_minutes_share,player_history_baseline,100.0,advanced_lag2_style_directness,advanced_lag2_style_directness,lagged_player_history,0.00014648338286897935,0.00014648338286897935,train_plus_validation,40
opportunity,target_destination_minutes_share,player_history_baseline,100.0,advanced_lag3_style_passing_control__missing,advanced_lag3_style_passing_control,lagged_player_history,-0.00014365401068761676,0.00014365401068761676,train_plus_validation,41
opportunity,target_destination_minutes_share,player_history_baseline,100.0,advanced_lag3_available,advanced_lag3_available,lagged_player_history,0.00013348983602501916,0.00013348983602501916,train_plus_validation,42
opportunity,target_destination_minutes_share,player_history_baseline,100.0,sub_position==Left Midfield,sub_position,transfer_and_market,-0.0001247895857720322,0.0001247895857720322,train_plus_validation,43
opportunity,target_destination_minutes_share,player_history_baseline,100.0,canonical_transfer_fee_status==unresolved_fee_conflict,canonical_transfer_fee_status,transfer_and_market,-0.00012111849901551526,0.00012111849901551526,train_plus_validation,44
opportunity,target_destination_minutes_share,player_history_baseline,100.0,advanced_lag1_style_passing_control,advanced_lag1_style_passing_control,lagged_player_history,-0.00012111780823562612,0.00012111780823562612,train_plus_validation,45
opportunity,target_destination_minutes_share,player_history_baseline,100.0,advanced_lag2_style_creation,advanced_lag2_style_creation,lagged_player_history,0.00010842913506897639,0.00010842913506897639,train_plus_validation,46
opportunity,target_destination_minutes_share,player_history_baseline,100.0,foot==left,foot,transfer_and_market,0.00010526923372269387,0.00010526923372269387,train_plus_validation,47
opportunity,target_destination_minutes_share,player_history_baseline,100.0,position==Attack,position,transfer_and_market,0.00010459056751881824,0.00010459056751881824,train_plus_validation,48
opportunity,target_destination_minutes_share,player_history_baseline,100.0,advanced_lag3_style_passing_control,advanced_lag3_style_passing_control,lagged_player_history,-0.0001022540265455504,0.0001022540265455504,train_plus_validation,49
opportunity,target_destination_minutes_share,player_history_baseline,100.0,advanced_lag2_role_group==DF,advanced_lag2_role_group,lagged_player_history,0.0001021218617607905,0.0001021218617607905,train_plus_validation,50
opportunity,target_destination_minutes_share,player_history_baseline,100.0,advanced_style_progression_trend_lag1_minus_lag2,advanced_style_progression_trend_lag1_minus_lag2,lagged_player_history,0.00010134273334682601,0.00010134273334682601,train_plus_validation,51
opportunity,target_destination_minutes_share,player_history_baseline,100.0,advanced_lag2_source_rows,advanced_lag2_source_rows,lagged_player_history,-0.00010056921999109261,0.00010056921999109261,train_plus_validation,52
opportunity,target_destination_minutes_share,player_history_baseline,100.0,advanced_lag2_style_aerial_physicality,advanced_lag2_style_aerial_physicality,lagged_player_history,-9.897700340586925e-05,9.897700340586925e-05,train_plus_validation,53
opportunity,target_destination_minutes_share,player_history_baseline,100.0,advanced_style_passing_control_trend_lag1_minus_lag2__missing,advanced_style_passing_control_trend_lag1_minus_lag2,lagged_player_history,-9.822288902230518e-05,9.822288902230518e-05,train_plus_validation,54
opportunity,target_destination_minutes_share,player_history_baseline,100.0,advanced_lag3_clubs,advanced_lag3_clubs,lagged_player_history,9.605483025101267e-05,9.605483025101267e-05,train_plus_validation,55
opportunity,target_destination_minutes_share,player_history_baseline,100.0,advanced_lag3_role_group==DF,advanced_lag3_role_group,lagged_player_history,-9.51819053841645e-05,9.51819053841645e-05,train_plus_validation,56
opportunity,target_destination_minutes_share,player_history_baseline,100.0,advanced_lag2_role_group==MF,advanced_lag2_role_group,lagged_player_history,9.31464885894974e-05,9.31464885894974e-05,train_plus_validation,57
opportunity,target_destination_minutes_share,player_history_baseline,100.0,advanced_lag2_available,advanced_lag2_available,lagged_player_history,9.161997564972155e-05,9.161997564972155e-05,train_plus_validation,58
opportunity,target_destination_minutes_share,player_history_baseline,100.0,advanced_lag2_style_defensive_intensity,advanced_lag2_style_defensive_intensity,lagged_player_history,-9.059913034975842e-05,9.059913034975842e-05,train_plus_validation,59
opportunity,target_destination_minutes_share,player_history_baseline,100.0,advanced_lag2_competitions__missing,advanced_lag2_competitions,lagged_player_history,-8.886585629186009e-05,8.886585629186009e-05,train_plus_validation,60
opportunity,target_destination_minutes_share,player_history_baseline,100.0,advanced_lag2_style_creation__missing,advanced_lag2_style_creation,lagged_player_history,8.643380572587647e-05,8.643380572587647e-05,train_plus_validation,61
opportunity,target_destination_minutes_share,player_history_baseline,100.0,advanced_lag2_style_passing_control__missing,advanced_lag2_style_passing_control,lagged_player_history,8.643380572587647e-05,8.643380572587647e-05,train_plus_validation,62
opportunity,target_destination_minutes_share,player_history_baseline,100.0,advanced_lag2_style_aerial_physicality__missing,advanced_lag2_style_aerial_physicality,lagged_player_history,8.643380572587646e-05,8.643380572587646e-05,train_plus_validation,63
opportunity,target_destination_minutes_share,player_history_baseline,100.0,advanced_lag2_source_rows__missing,advanced_lag2_source_rows,lagged_player_history,8.643380572587644e-05,8.643380572587644e-05,train_plus_validation,64
opportunity,target_destination_minutes_share,player_history_baseline,100.0,advanced_lag2_style_defensive_intensity__missing,advanced_lag2_style_defensive_intensity,lagged_player_history,8.643380572587644e-05,8.643380572587644e-05,train_plus_validation,65
opportunity,target_destination_minutes_share,player_history_baseline,100.0,advanced_lag2_style_directness__missing,advanced_lag2_style_directness,lagged_player_history,8.643380572587643e-05,8.643380572587643e-05,train_plus_validation,66
opportunity,target_destination_minutes_share,player_history_baseline,100.0,advanced_lag2_style_dribble_aggression__missing,advanced_lag2_style_dribble_aggression,lagged_player_history,8.643380572587638e-05,8.643380572587638e-05,train_plus_validation,67
opportunity,target_destination_minutes_share,player_history_baseline,100.0,advanced_lag2_role_performance_index__missing,advanced_lag2_role_performance_index,lagged_player_history,8.643380572587634e-05,8.643380572587634e-05,train_plus_validation,68
opportunity,target_destination_minutes_share,player_history_baseline,100.0,advanced_lag2_role_group==__MISSING__,advanced_lag2_role_group,lagged_player_history,-8.245617392872426e-05,8.245617392872426e-05,train_plus_validation,69
opportunity,target_destination_minutes_share,player_history_baseline,100.0,advanced_lag2_clubs__missing,advanced_lag2_clubs,lagged_player_history,-8.245617392872416e-05,8.245617392872416e-05,train_plus_validation,70
opportunity,target_destination_minutes_share,player_history_baseline,100.0,position==Midfield,position,transfer_and_market,-8.048769850262593e-05,8.048769850262593e-05,train_plus_validation,71
opportunity,target_destination_minutes_share,player_history_baseline,100.0,sub_position==Centre-Back,sub_position,transfer_and_market,6.370523314344807e-05,6.370523314344807e-05,train_plus_validation,72
opportunity,target_destination_minutes_share,player_history_baseline,100.0,sub_position==Left-Back,sub_position,transfer_and_market,-6.119901027883747e-05,6.119901027883747e-05,train_plus_validation,73
opportunity,target_destination_minutes_share,player_history_baseline,100.0,advanced_style_progression_trend_lag1_minus_lag2__missing,advanced_style_progression_trend_lag1_minus_lag2,lagged_player_history,-5.812857468422416e-05,5.812857468422416e-05,train_plus_validation,74
opportunity,target_destination_minutes_share,player_history_baseline,100.0,advanced_lag3_source_rows,advanced_lag3_source_rows,lagged_player_history,5.607874616477649e-05,5.607874616477649e-05,train_plus_validation,75
opportunity,target_destination_minutes_share,player_history_baseline,100.0,advanced_style_scoring_threat_trend_lag1_minus_lag2,advanced_style_scoring_threat_trend_lag1_minus_lag2,lagged_player_history,5.5581116412700194e-05,5.5581116412700194e-05,train_plus_validation,76
opportunity,target_destination_minutes_share,player_history_baseline,100.0,advanced_lag3_role_performance_index__missing,advanced_lag3_role_performance_index,lagged_player_history,-5.520360537287802e-05,5.520360537287802e-05,train_plus_validation,77
opportunity,target_destination_minutes_share,player_history_baseline,100.0,sub_position==Defensive Midfield,sub_position,transfer_and_market,5.493455531336174e-05,5.493455531336174e-05,train_plus_validation,78
opportunity,target_destination_minutes_share,player_history_baseline,100.0,advanced_lag1_style_creation,advanced_lag1_style_creation,lagged_player_history,-5.153023699582324e-05,5.153023699582324e-05,train_plus_validation,79
opportunity,target_destination_minutes_share,player_history_baseline,100.0,advanced_lag1_competitions,advanced_lag1_competitions,lagged_player_history,5.008244219499142e-05,5.008244219499142e-05,train_plus_validation,80
opportunity,target_destination_minutes_share,player_history_baseline,100.0,sub_position==Central Midfield,sub_position,transfer_and_market,-4.9942335173490705e-05,4.9942335173490705e-05,train_plus_validation,81
opportunity,target_destination_minutes_share,player_history_baseline,100.0,advanced_lag1_clubs,advanced_lag1_clubs,lagged_player_history,-4.715128416102843e-05,4.715128416102843e-05,train_plus_validation,82
opportunity,target_destination_minutes_share,player_history_baseline,100.0,advanced_lag2_style_passing_control,advanced_lag2_style_passing_control,lagged_player_history,4.5052297124452295e-05,4.5052297124452295e-05,train_plus_validation,83
opportunity,target_destination_minutes_share,player_history_baseline,100.0,advanced_lag3_source_rows__missing,advanced_lag3_source_rows,lagged_player_history,-4.4811610329395443e-05,4.4811610329395443e-05,train_plus_validation,84
opportunity,target_destination_minutes_share,player_history_baseline,100.0,advanced_lag3_style_aerial_physicality,advanced_lag3_style_aerial_physicality,lagged_player_history,4.4335740384558866e-05,4.4335740384558866e-05,train_plus_validation,85
opportunity,target_destination_minutes_share,player_history_baseline,100.0,advanced_style_aerial_physicality_trend_lag1_minus_lag2,advanced_style_aerial_physicality_trend_lag1_minus_lag2,lagged_player_history,-4.428167421600564e-05,4.428167421600564e-05,train_plus_validation,86
opportunity,target_destination_minutes_share,player_history_baseline,100.0,sub_position==Right Winger,sub_position,transfer_and_market,-3.97596379908666e-05,3.97596379908666e-05,train_plus_validation,87
opportunity,target_destination_minutes_share,player_history_baseline,100.0,advanced_lag3_style_scoring_threat__missing,advanced_lag3_style_scoring_threat,lagged_player_history,-3.9501409688014836e-05,3.9501409688014836e-05,train_plus_validation,88
opportunity,target_destination_minutes_share,player_history_baseline,100.0,advanced_lag1_goals_per90,advanced_lag1_goals_per90,lagged_player_history,3.9464330623279975e-05,3.9464330623279975e-05,train_plus_validation,89
opportunity,target_destination_minutes_share,player_history_baseline,100.0,advanced_lag3_style_defensive_intensity,advanced_lag3_style_defensive_intensity,lagged_player_history,-3.844572409488275e-05,3.844572409488275e-05,train_plus_validation,90
opportunity,target_destination_minutes_share,player_history_baseline,100.0,advanced_rolling3_style_creation,advanced_rolling3_style_creation,lagged_player_history,3.722121632298906e-05,3.722121632298906e-05,train_plus_validation,91
opportunity,target_destination_minutes_share,player_history_baseline,100.0,position==Defender,position,transfer_and_market,3.712719644748329e-05,3.712719644748329e-05,train_plus_validation,92
opportunity,target_destination_minutes_share,player_history_baseline,100.0,advanced_style_creation_trend_lag1_minus_lag2,advanced_style_creation_trend_lag1_minus_lag2,lagged_player_history,-3.665436223316525e-05,3.665436223316525e-05,train_plus_validation,93
opportunity,target_destination_minutes_share,player_history_baseline,100.0,advanced_lag2_style_scoring_threat__missing,advanced_lag2_style_scoring_threat,lagged_player_history,-3.6570938558673845e-05,3.6570938558673845e-05,train_plus_validation,94
opportunity,target_destination_minutes_share,player_history_baseline,100.0,advanced_rolling3_seasons_observed,advanced_rolling3_seasons_observed,lagged_player_history,3.4880672861475296e-05,3.4880672861475296e-05,train_plus_validation,95
opportunity,target_destination_minutes_share,player_history_baseline,100.0,advanced_lag1_style_directness,advanced_lag1_style_directness,lagged_player_history,-3.317054724855778e-05,3.317054724855778e-05,train_plus_validation,96
opportunity,target_destination_minutes_share,player_history_baseline,100.0,advanced_lag2_goals_per90__missing,advanced_lag2_goals_per90,lagged_player_history,3.2965728384369855e-05,3.2965728384369855e-05,train_plus_validation,97
opportunity,target_destination_minutes_share,player_history_baseline,100.0,advanced_rolling3_style_scoring_threat,advanced_rolling3_style_scoring_threat,lagged_player_history,3.274053106409677e-05,3.274053106409677e-05,train_plus_validation,98
opportunity,target_destination_minutes_share,player_history_baseline,100.0,sub_position==Right-Back,sub_position,transfer_and_market,3.118164649799733e-05,3.118164649799733e-05,train_plus_validation,99
opportunity,target_destination_minutes_share,player_history_baseline,100.0,advanced_lag3_assists_per90__missing,advanced_lag3_assists_per90,lagged_player_history,3.0350061211127014e-05,3.0350061211127014e-05,train_plus_validation,100
opportunity,target_destination_minutes_share,player_history_baseline,100.0,advanced_lag3_minutes,advanced_lag3_minutes,lagged_player_history,3.0213620964862043e-05,3.0213620964862043e-05,train_plus_validation,101
opportunity,target_destination_minutes_share,player_history_baseline,100.0,advanced_lag2_role_group==FW,advanced_lag2_role_group,lagged_player_history,-2.807252492707998e-05,2.807252492707998e-05,train_plus_validation,102
opportunity,target_destination_minutes_share,player_history_baseline,100.0,advanced_lag2_minutes__missing,advanced_lag2_minutes,lagged_player_history,2.6595375133691233e-05,2.6595375133691233e-05,train_plus_validation,103
opportunity,target_destination_minutes_share,player_history_baseline,100.0,advanced_rolling3_style_dribble_aggression,advanced_rolling3_style_dribble_aggression,lagged_player_history,2.6575396526710574e-05,2.6575396526710574e-05,train_plus_validation,104
opportunity,target_destination_minutes_share,player_history_baseline,100.0,advanced_rolling3_style_aerial_physicality,advanced_rolling3_style_aerial_physicality,lagged_player_history,2.427414522820359e-05,2.427414522820359e-05,train_plus_validation,105
opportunity,target_destination_minutes_share,player_history_baseline,100.0,canonical_transfer_fee_status==positive_reported,canonical_transfer_fee_status,transfer_and_market,2.3479642773018212e-05,2.3479642773018212e-05,train_plus_validation,106
opportunity,target_destination_minutes_share,player_history_baseline,100.0,advanced_lag2_minutes,advanced_lag2_minutes,lagged_player_history,2.343471682060706e-05,2.343471682060706e-05,train_plus_validation,107
opportunity,target_destination_minutes_share,player_history_baseline,100.0,advanced_lag2_npxg_per90__missing,advanced_lag2_npxg_per90,lagged_player_history,2.1980348754575105e-05,2.1980348754575105e-05,train_plus_validation,108
opportunity,target_destination_minutes_share,player_history_baseline,100.0,advanced_lag3_style_scoring_threat,advanced_lag3_style_scoring_threat,lagged_player_history,-2.0532945146553977e-05,2.0532945146553977e-05,train_plus_validation,109
opportunity,target_destination_minutes_share,player_history_baseline,100.0,advanced_lag3_role_group==MF,advanced_lag3_role_group,lagged_player_history,-1.855240805971059e-05,1.855240805971059e-05,train_plus_validation,110
opportunity,target_destination_minutes_share,player_history_baseline,100.0,advanced_lag1_minutes,advanced_lag1_minutes,lagged_player_history,1.8144695917128904e-05,1.8144695917128904e-05,train_plus_validation,111
opportunity,target_destination_minutes_share,player_history_baseline,100.0,advanced_lag3_style_directness__missing,advanced_lag3_style_directness,lagged_player_history,1.7781988998235447e-05,1.7781988998235447e-05,train_plus_validation,112
opportunity,target_destination_minutes_share,player_history_baseline,100.0,sub_position==Second Striker,sub_position,transfer_and_market,-1.619415770710117e-05,1.619415770710117e-05,train_plus_validation,113
opportunity,target_destination_minutes_share,player_history_baseline,100.0,foot==right,foot,transfer_and_market,1.2171157472202562e-05,1.2171157472202562e-05,train_plus_validation,114
opportunity,target_destination_minutes_share,player_history_baseline,100.0,advanced_lag3_style_aerial_physicality__missing,advanced_lag3_style_aerial_physicality,lagged_player_history,1.1579550023335663e-05,1.1579550023335663e-05,train_plus_validation,115
opportunity,target_destination_minutes_share,player_history_baseline,100.0,advanced_lag3_style_defensive_intensity__missing,advanced_lag3_style_defensive_intensity,lagged_player_history,1.1579550023335663e-05,1.1579550023335663e-05,train_plus_validation,116
opportunity,target_destination_minutes_share,player_history_baseline,100.0,advanced_lag3_style_dribble_aggression__missing,advanced_lag3_style_dribble_aggression,lagged_player_history,1.1579550023335661e-05,1.1579550023335661e-05,train_plus_validation,117
opportunity,target_destination_minutes_share,player_history_baseline,100.0,advanced_rolling3_style_progression,advanced_rolling3_style_progression,lagged_player_history,-1.1146367321185072e-05,1.1146367321185072e-05,train_plus_validation,118
opportunity,target_destination_minutes_share,player_history_baseline,100.0,advanced_lag3_goals_per90__missing,advanced_lag3_goals_per90,lagged_player_history,9.448932655756058e-06,9.448932655756058e-06,train_plus_validation,119
opportunity,target_destination_minutes_share,player_history_baseline,100.0,advanced_lag3_minutes__missing,advanced_lag3_minutes,lagged_player_history,9.448932655756058e-06,9.448932655756058e-06,train_plus_validation,120
opportunity,target_destination_minutes_share,player_history_baseline,100.0,advanced_lag3_npxg_per90__missing,advanced_lag3_npxg_per90,lagged_player_history,9.448932655756056e-06,9.448932655756056e-06,train_plus_validation,121
opportunity,target_destination_minutes_share,player_history_baseline,100.0,advanced_lag3_competitions__missing,advanced_lag3_competitions,lagged_player_history,9.448932655756053e-06,9.448932655756053e-06,train_plus_validation,122
opportunity,target_destination_minutes_share,player_history_baseline,100.0,advanced_lag3_role_group==__MISSING__,advanced_lag3_role_group,lagged_player_history,9.448932655756051e-06,9.448932655756051e-06,train_plus_validation,123
opportunity,target_destination_minutes_share,player_history_baseline,100.0,listed_market_value_at_transfer_eur,listed_market_value_at_transfer_eur,transfer_and_market,8.398047583904908e-06,8.398047583904908e-06,train_plus_validation,124
opportunity,target_destination_minutes_share,player_history_baseline,100.0,advanced_lag2_style_dribble_aggression,advanced_lag2_style_dribble_aggression,lagged_player_history,-8.000465925410405e-06,8.000465925410405e-06,train_plus_validation,125
opportunity,target_destination_minutes_share,player_history_baseline,100.0,advanced_style_scoring_threat_trend_lag1_minus_lag2__missing,advanced_style_scoring_threat_trend_lag1_minus_lag2,lagged_player_history,7.698220980715304e-06,7.698220980715304e-06,train_plus_validation,126
opportunity,target_destination_minutes_share,player_history_baseline,100.0,advanced_style_aerial_physicality_trend_lag1_minus_lag2__missing,advanced_style_aerial_physicality_trend_lag1_minus_lag2,lagged_player_history,7.698220980715292e-06,7.698220980715292e-06,train_plus_validation,127
opportunity,target_destination_minutes_share,player_history_baseline,100.0,advanced_style_defensive_intensity_trend_lag1_minus_lag2__missing,advanced_style_defensive_intensity_trend_lag1_minus_lag2,lagged_player_history,7.698220980715292e-06,7.698220980715292e-06,train_plus_validation,128
opportunity,target_destination_minutes_share,player_history_baseline,100.0,sub_position==Right Midfield,sub_position,transfer_and_market,-7.2006979485406706e-06,7.2006979485406706e-06,train_plus_validation,129
opportunity,target_destination_minutes_share,player_history_baseline,100.0,canonical_transfer_type==transfer,canonical_transfer_type,transfer_and_market,-6.443804812238218e-06,6.443804812238218e-06,train_plus_validation,130
opportunity,target_destination_minutes_share,player_history_baseline,100.0,advanced_style_dribble_aggression_trend_lag1_minus_lag2__missing,advanced_style_dribble_aggression_trend_lag1_minus_lag2,lagged_player_history,5.521346422558021e-06,5.521346422558021e-06,train_plus_validation,131
opportunity,target_destination_minutes_share,player_history_baseline,100.0,advanced_lag1_role_group==MF,advanced_lag1_role_group,lagged_player_history,5.521346422557464e-06,5.521346422557464e-06,train_plus_validation,132
opportunity,target_destination_minutes_share,player_history_baseline,100.0,canonical_transfer_fee_eur,canonical_transfer_fee_eur,transfer_and_market,5.334552566891335e-06,5.334552566891335e-06,train_plus_validation,133
opportunity,target_destination_minutes_share,player_history_baseline,100.0,advanced_lag1_role_group==DF,advanced_lag1_role_group,lagged_player_history,4.830825315101893e-06,4.830825315101893e-06,train_plus_validation,134
opportunity,target_destination_minutes_share,player_history_baseline,100.0,advanced_lag3_role_performance_index,advanced_lag3_role_performance_index,lagged_player_history,-4.02258100435642e-06,4.02258100435642e-06,train_plus_validation,135
opportunity,target_destination_minutes_share,player_history_baseline,100.0,advanced_lag2_assists_per90__missing,advanced_lag2_assists_per90,lagged_player_history,2.924930031682503e-06,2.924930031682503e-06,train_plus_validation,136
opportunity,target_destination_minutes_share,player_history_baseline,100.0,advanced_lag1_style_defensive_intensity,advanced_lag1_style_defensive_intensity,lagged_player_history,-2.5570554306519582e-06,2.5570554306519582e-06,train_plus_validation,137
opportunity,target_destination_minutes_share,player_history_baseline,100.0,foot==both,foot,transfer_and_market,-2.466764277071838e-06,2.466764277071838e-06,train_plus_validation,138
opportunity,target_destination_minutes_share,player_history_baseline,100.0,advanced_lag1_role_performance_index,advanced_lag1_role_performance_index,lagged_player_history,-2.3439075104841776e-06,2.3439075104841776e-06,train_plus_validation,139
opportunity,target_destination_minutes_share,player_history_baseline,100.0,advanced_lag1_style_dribble_aggression,advanced_lag1_style_dribble_aggression,lagged_player_history,-2.2186992244952417e-06,2.2186992244952417e-06,train_plus_validation,140
opportunity,target_destination_minutes_share,player_history_baseline,100.0,advanced_lag1_style_progression,advanced_lag1_style_progression,lagged_player_history,-2.0756592873808215e-06,2.0756592873808215e-06,train_plus_validation,141
opportunity,target_destination_minutes_share,player_history_baseline,100.0,advanced_lag2_assists_per90,advanced_lag2_assists_per90,lagged_player_history,-2.018252855438273e-06,2.018252855438273e-06,train_plus_validation,142
opportunity,target_destination_minutes_share,player_history_baseline,100.0,advanced_rolling3_style_passing_control,advanced_rolling3_style_passing_control,lagged_player_history,1.349049420256594e-06,1.349049420256594e-06,train_plus_validation,143
opportunity,target_destination_minutes_share,player_history_baseline,100.0,advanced_lag3_role_group==FW,advanced_lag3_role_group,lagged_player_history,1.2241860757710436e-06,1.2241860757710436e-06,train_plus_validation,144
opportunity,target_destination_minutes_share,player_history_baseline,100.0,advanced_lag1_style_aerial_physicality,advanced_lag1_style_aerial_physicality,lagged_player_history,-1.0446230952184737e-06,1.0446230952184737e-06,train_plus_validation,145
opportunity,target_destination_minutes_share,player_history_baseline,100.0,sub_position==Centre-Forward,sub_position,transfer_and_market,-5.787411501699031e-07,5.787411501699031e-07,train_plus_validation,146
opportunity,target_destination_minutes_share,player_history_baseline,100.0,advanced_style_passing_control_trend_lag1_minus_lag2,advanced_style_passing_control_trend_lag1_minus_lag2,lagged_player_history,-2.406608733105351e-07,2.406608733105351e-07,train_plus_validation,147
opportunity,target_destination_minutes_share,player_history_baseline,100.0,canonical_transfer_type==loan,canonical_transfer_type,transfer_and_market,5.147533784943525e-10,5.147533784943525e-10,train_plus_validation,148
opportunity,target_destination_minutes_share,strict_compatibility,100.0,canonical_transfer_fee_status==unclassified_zero,canonical_transfer_fee_status,transfer_and_market,0.0016801361123028355,0.0016801361123028355,train_plus_validation,1
opportunity,target_destination_minutes_share,strict_compatibility,100.0,advanced_lag3_assists_per90,advanced_lag3_assists_per90,lagged_player_history,0.0015929200433342373,0.0015929200433342373,train_plus_validation,2
opportunity,target_destination_minutes_share,strict_compatibility,100.0,advanced_rolling3_style_aerial_physicality,advanced_rolling3_style_aerial_physicality,lagged_player_history,0.0009393526085696406,0.0009393526085696406,train_plus_validation,3
opportunity,target_destination_minutes_share,strict_compatibility,100.0,strict_midfield_aggression_preference_distance,strict_midfield_aggression_preference_distance,destination_club_compatibility,0.0009138423747356063,0.0009138423747356063,train_plus_validation,4
opportunity,target_destination_minutes_share,strict_compatibility,100.0,preference_defensive_intensity_exposure_mean,preference_defensive_intensity_exposure_mean,historical_teammate_preference,-0.0009067649894631712,0.0009067649894631712,train_plus_validation,5
opportunity,target_destination_minutes_share,strict_compatibility,100.0,advanced_style_scoring_threat_trend_lag1_minus_lag2__missing,advanced_style_scoring_threat_trend_lag1_minus_lag2,lagged_player_history,0.000867696766397628,0.000867696766397628,train_plus_validation,6
opportunity,target_destination_minutes_share,strict_compatibility,100.0,sub_position==Left Winger,sub_position,transfer_and_market,0.0008573537149162041,0.0008573537149162041,train_plus_validation,7
opportunity,target_destination_minutes_share,strict_compatibility,100.0,advanced_lag1_npxg_per90,advanced_lag1_npxg_per90,lagged_player_history,0.0007855041811310716,0.0007855041811310716,train_plus_validation,8
opportunity,target_destination_minutes_share,strict_compatibility,100.0,strict_player_team_style_mean_absolute_distance,strict_player_team_style_mean_absolute_distance,destination_club_compatibility,0.0007062529274231595,0.0007062529274231595,train_plus_validation,9
opportunity,target_destination_minutes_share,strict_compatibility,100.0,advanced_style_creation_trend_lag1_minus_lag2,advanced_style_creation_trend_lag1_minus_lag2,lagged_player_history,0.0006905158775870984,0.0006905158775870984,train_plus_validation,10
opportunity,target_destination_minutes_share,strict_compatibility,100.0,strict_defensive_intensity_familiarity_distance,strict_defensive_intensity_familiarity_distance,destination_club_compatibility,-0.0006355816151900574,0.0006355816151900574,train_plus_validation,11
opportunity,target_destination_minutes_share,strict_compatibility,100.0,advanced_lag3_npxg_per90,advanced_lag3_npxg_per90,lagged_player_history,-0.0006247195809726807,0.0006247195809726807,train_plus_validation,12
opportunity,target_destination_minutes_share,strict_compatibility,100.0,strict_mf_style_dribble_aggression,strict_mf_style_dribble_aggression,destination_club_compatibility,0.0005765821961247579,0.0005765821961247579,train_plus_validation,13
opportunity,target_destination_minutes_share,strict_compatibility,100.0,preference_history_seasons,preference_history_seasons,historical_teammate_preference,-0.0005466285686315363,0.0005466285686315363,train_plus_validation,14
opportunity,target_destination_minutes_share,strict_compatibility,100.0,strict_midfield_aggression_familiarity_distance,strict_midfield_aggression_familiarity_distance,destination_club_compatibility,-0.0005160385470293228,0.0005160385470293228,train_plus_validation,15
opportunity,target_destination_minutes_share,strict_compatibility,100.0,advanced_rolling3_style_defensive_intensity,advanced_rolling3_style_defensive_intensity,lagged_player_history,0.0004905349794125068,0.0004905349794125068,train_plus_validation,16
opportunity,target_destination_minutes_share,strict_compatibility,100.0,listed_market_value_at_transfer_eur__missing,listed_market_value_at_transfer_eur,transfer_and_market,0.00048558666221714444,0.00048558666221714444,train_plus_validation,17
opportunity,target_destination_minutes_share,strict_compatibility,100.0,sub_position==Second Striker,sub_position,transfer_and_market,-0.00046990801347212977,0.00046990801347212977,train_plus_validation,18
opportunity,target_destination_minutes_share,strict_compatibility,100.0,preference_midfield_aggression_exposure_mean,preference_midfield_aggression_exposure_mean,historical_teammate_preference,-0.0004594240041138956,0.0004594240041138956,train_plus_validation,19
opportunity,target_destination_minutes_share,strict_compatibility,100.0,strict_defensive_intensity_preference_distance,strict_defensive_intensity_preference_distance,destination_club_compatibility,-0.0004322077000806274,0.0004322077000806274,train_plus_validation,20
opportunity,target_destination_minutes_share,strict_compatibility,100.0,preference_team_passing_control_performance_weighted_level,preference_team_passing_control_performance_weighted_level,historical_teammate_preference,0.00041699960569669753,0.00041699960569669753,train_plus_validation,21
opportunity,target_destination_minutes_share,strict_compatibility,100.0,strict_context_defensive_intensity,strict_context_defensive_intensity,destination_club_compatibility,-0.00040436486726908944,0.00040436486726908944,train_plus_validation,22
opportunity,target_destination_minutes_share,strict_compatibility,100.0,preference_forward_mobility_exposure_mean,preference_forward_mobility_exposure_mean,historical_teammate_preference,-0.00040356036334358836,0.00040356036334358836,train_plus_validation,23
opportunity,target_destination_minutes_share,strict_compatibility,100.0,advanced_lag3_clubs__missing,advanced_lag3_clubs,lagged_player_history,0.00040341672944281895,0.00040341672944281895,train_plus_validation,24
opportunity,target_destination_minutes_share,strict_compatibility,100.0,advanced_lag3_style_directness__missing,advanced_lag3_style_directness,lagged_player_history,-0.000395931639366458,0.000395931639366458,train_plus_validation,25
opportunity,target_destination_minutes_share,strict_compatibility,100.0,strict_forward_threat_familiarity_distance__missing,strict_forward_threat_familiarity_distance,destination_club_compatibility,0.0003684256530382408,0.0003684256530382408,train_plus_validation,26
opportunity,target_destination_minutes_share,strict_compatibility,100.0,advanced_rolling3_style_dribble_aggression,advanced_rolling3_style_dribble_aggression,lagged_player_history,-0.00036350357871069654,0.00036350357871069654,train_plus_validation,27
opportunity,target_destination_minutes_share,strict_compatibility,100.0,strict_all_style_progression,strict_all_style_progression,destination_club_compatibility,-0.0003475678445738599,0.0003475678445738599,train_plus_validation,28
opportunity,target_destination_minutes_share,strict_compatibility,100.0,strict_mf_style_progression,strict_mf_style_progression,destination_club_compatibility,-0.00034460778254386334,0.00034460778254386334,train_plus_validation,29
opportunity,target_destination_minutes_share,strict_compatibility,100.0,strict_mf_style_aerial_physicality,strict_mf_style_aerial_physicality,destination_club_compatibility,0.00034366534613258705,0.00034366534613258705,train_plus_validation,30
opportunity,target_destination_minutes_share,strict_compatibility,100.0,advanced_lag2_assists_per90,advanced_lag2_assists_per90,lagged_player_history,-0.0003306786430886204,0.0003306786430886204,train_plus_validation,31
opportunity,target_destination_minutes_share,strict_compatibility,100.0,preference_model_feature_eligible,preference_model_feature_eligible,historical_teammate_preference,0.00032971722168779745,0.00032971722168779745,train_plus_validation,32
opportunity,target_destination_minutes_share,strict_compatibility,100.0,advanced_lag2_style_progression__missing,advanced_lag2_style_progression,lagged_player_history,0.00032388916973081236,0.00032388916973081236,train_plus_validation,33
opportunity,target_destination_minutes_share,strict_compatibility,100.0,advanced_lag3_goals_per90,advanced_lag3_goals_per90,lagged_player_history,0.00031877278919872627,0.00031877278919872627,train_plus_validation,34
opportunity,target_destination_minutes_share,strict_compatibility,100.0,strict_all_style_creation,strict_all_style_creation,destination_club_compatibility,0.00031622590657483257,0.00031622590657483257,train_plus_validation,35
opportunity,target_destination_minutes_share,strict_compatibility,100.0,canonical_transfer_fee_eur__missing,canonical_transfer_fee_eur,transfer_and_market,-0.00029825284825734223,0.00029825284825734223,train_plus_validation,36
opportunity,target_destination_minutes_share,strict_compatibility,100.0,strict_mf_style_creation,strict_mf_style_creation,destination_club_compatibility,-0.00029784036777600275,0.00029784036777600275,train_plus_validation,37
opportunity,target_destination_minutes_share,strict_compatibility,100.0,strict_all_style_defensive_intensity,strict_all_style_defensive_intensity,destination_club_compatibility,0.00028378586095420853,0.00028378586095420853,train_plus_validation,38
opportunity,target_destination_minutes_share,strict_compatibility,100.0,advanced_style_defensive_intensity_trend_lag1_minus_lag2,advanced_style_defensive_intensity_trend_lag1_minus_lag2,lagged_player_history,0.0002796692530995027,0.0002796692530995027,train_plus_validation,39
opportunity,target_destination_minutes_share,strict_compatibility,100.0,sub_position==Attacking Midfield,sub_position,transfer_and_market,-0.0002468076168950897,0.0002468076168950897,train_plus_validation,40
opportunity,target_destination_minutes_share,strict_compatibility,100.0,advanced_lag1_source_rows,advanced_lag1_source_rows,lagged_player_history,0.00024434974124753936,0.00024434974124753936,train_plus_validation,41
opportunity,target_destination_minutes_share,strict_compatibility,100.0,sub_position==Right Midfield,sub_position,transfer_and_market,-0.00023569643689180897,0.00023569643689180897,train_plus_validation,42
opportunity,target_destination_minutes_share,strict_compatibility,100.0,age_at_transfer,age_at_transfer,transfer_and_market,0.00022519179622929289,0.00022519179622929289,train_plus_validation,43
opportunity,target_destination_minutes_share,strict_compatibility,100.0,strict_context_midfield_aggression,strict_context_midfield_aggression,destination_club_compatibility,-0.0002238318149662231,0.0002238318149662231,train_plus_validation,44
opportunity,target_destination_minutes_share,strict_compatibility,100.0,preference_defensive_intensity_correlation__missing,preference_defensive_intensity_correlation,historical_teammate_preference,-0.000221193858511665,0.000221193858511665,train_plus_validation,45
opportunity,target_destination_minutes_share,strict_compatibility,100.0,advanced_lag1_assists_per90,advanced_lag1_assists_per90,lagged_player_history,0.00022009881282998207,0.00022009881282998207,train_plus_validation,46
opportunity,target_destination_minutes_share,strict_compatibility,100.0,strict_midfield_creativity_preference_slope_interaction,strict_midfield_creativity_preference_slope_interaction,destination_club_compatibility,-0.00021968072455008907,0.00021968072455008907,train_plus_validation,47
opportunity,target_destination_minutes_share,strict_compatibility,100.0,strict_team_passing_control_preference_distance,strict_team_passing_control_preference_distance,destination_club_compatibility,0.0002058711056415489,0.0002058711056415489,train_plus_validation,48
opportunity,target_destination_minutes_share,strict_compatibility,100.0,height_in_cm,height_in_cm,transfer_and_market,0.00020570854026192797,0.00020570854026192797,train_plus_validation,49
opportunity,target_destination_minutes_share,strict_compatibility,100.0,advanced_lag3_style_dribble_aggression__missing,advanced_lag3_style_dribble_aggression,lagged_player_history,-0.00020533022318594462,0.00020533022318594462,train_plus_validation,50
opportunity,target_destination_minutes_share,strict_compatibility,100.0,advanced_lag1_style_scoring_threat,advanced_lag1_style_scoring_threat,lagged_player_history,0.00020514416049883087,0.00020514416049883087,train_plus_validation,51
opportunity,target_destination_minutes_share,strict_compatibility,100.0,advanced_style_passing_control_trend_lag1_minus_lag2__missing,advanced_style_passing_control_trend_lag1_minus_lag2,lagged_player_history,-0.0002013154634752269,0.0002013154634752269,train_plus_validation,52
opportunity,target_destination_minutes_share,strict_compatibility,100.0,advanced_lag3_style_progression__missing,advanced_lag3_style_progression,lagged_player_history,-0.0001941988503336148,0.0001941988503336148,train_plus_validation,53
opportunity,target_destination_minutes_share,strict_compatibility,100.0,advanced_lag3_style_creation__missing,advanced_lag3_style_creation,lagged_player_history,-0.00019419885033361377,0.00019419885033361377,train_plus_validation,54
opportunity,target_destination_minutes_share,strict_compatibility,100.0,preference_midfield_creativity_exposure_mean,preference_midfield_creativity_exposure_mean,historical_teammate_preference,0.00018503148133936702,0.00018503148133936702,train_plus_validation,55
opportunity,target_destination_minutes_share,strict_compatibility,100.0,advanced_rolling3_style_progression,advanced_rolling3_style_progression,lagged_player_history,-0.00018384679785195848,0.00018384679785195848,train_plus_validation,56
opportunity,target_destination_minutes_share,strict_compatibility,100.0,advanced_lag2_role_performance_index,advanced_lag2_role_performance_index,lagged_player_history,0.00018219329612701452,0.00018219329612701452,train_plus_validation,57
opportunity,target_destination_minutes_share,strict_compatibility,100.0,advanced_style_directness_trend_lag1_minus_lag2__missing,advanced_style_directness_trend_lag1_minus_lag2,lagged_player_history,-0.00018106887638286124,0.00018106887638286124,train_plus_validation,58
opportunity,target_destination_minutes_share,strict_compatibility,100.0,advanced_lag1_role_group==FW,advanced_lag1_role_group,lagged_player_history,-0.000177783940622082,0.000177783940622082,train_plus_validation,59
opportunity,target_destination_minutes_share,strict_compatibility,100.0,strict_midfield_creativity_preference_slope_interaction__missing,strict_midfield_creativity_preference_slope_interaction,destination_club_compatibility,-0.0001696982096486593,0.0001696982096486593,train_plus_validation,60
opportunity,target_destination_minutes_share,strict_compatibility,100.0,advanced_lag3_style_aerial_physicality__missing,advanced_lag3_style_aerial_physicality,lagged_player_history,0.0001649302238678555,0.0001649302238678555,train_plus_validation,61
opportunity,target_destination_minutes_share,strict_compatibility,100.0,preference_team_passing_control_correlation__missing,preference_team_passing_control_correlation,historical_teammate_preference,-0.00016297856818236605,0.00016297856818236605,train_plus_validation,62
opportunity,target_destination_minutes_share,strict_compatibility,100.0,advanced_lag3_clubs,advanced_lag3_clubs,lagged_player_history,0.00016005358314200342,0.00016005358314200342,train_plus_validation,63
opportunity,target_destination_minutes_share,strict_compatibility,100.0,transfer_days_from_target_season_start,transfer_days_from_target_season_start,transfer_and_market,-0.00015277098515472138,0.00015277098515472138,train_plus_validation,64
opportunity,target_destination_minutes_share,strict_compatibility,100.0,strict_fw_style_progression,strict_fw_style_progression,destination_club_compatibility,-0.00014892825694636481,0.00014892825694636481,train_plus_validation,65
opportunity,target_destination_minutes_share,strict_compatibility,100.0,strict_midfield_creativity_preference_distance,strict_midfield_creativity_preference_distance,destination_club_compatibility,0.00014639794719026802,0.00014639794719026802,train_plus_validation,66
opportunity,target_destination_minutes_share,strict_compatibility,100.0,strict_context_familiarity_score_0_100__missing,strict_context_familiarity_score_0_100,destination_club_compatibility,-0.00014447041523012573,0.00014447041523012573,train_plus_validation,67
opportunity,target_destination_minutes_share,strict_compatibility,100.0,advanced_lag3_role_performance_index,advanced_lag3_role_performance_index,lagged_player_history,-0.00014160305512985887,0.00014160305512985887,train_plus_validation,68
opportunity,target_destination_minutes_share,strict_compatibility,100.0,advanced_lag2_style_scoring_threat,advanced_lag2_style_scoring_threat,lagged_player_history,-0.00013813500273211163,0.00013813500273211163,train_plus_validation,69
opportunity,target_destination_minutes_share,strict_compatibility,100.0,advanced_lag3_available,advanced_lag3_available,lagged_player_history,0.00013743003667373926,0.00013743003667373926,train_plus_validation,70
opportunity,target_destination_minutes_share,strict_compatibility,100.0,preference_midfield_aggression_performance_weighted_level,preference_midfield_aggression_performance_weighted_level,historical_teammate_preference,-0.00013734814746449924,0.00013734814746449924,train_plus_validation,71
opportunity,target_destination_minutes_share,strict_compatibility,100.0,strict_midfield_aggression_familiarity_distance__missing,strict_midfield_aggression_familiarity_distance,destination_club_compatibility,0.00013686304110690806,0.00013686304110690806,train_plus_validation,72
opportunity,target_destination_minutes_share,strict_compatibility,100.0,advanced_lag3_source_rows,advanced_lag3_source_rows,lagged_player_history,-0.0001360481939463087,0.0001360481939463087,train_plus_validation,73
opportunity,target_destination_minutes_share,strict_compatibility,100.0,advanced_style_dribble_aggression_trend_lag1_minus_lag2__missing,advanced_style_dribble_aggression_trend_lag1_minus_lag2,lagged_player_history,-0.00013505749869791242,0.00013505749869791242,train_plus_validation,74
opportunity,target_destination_minutes_share,strict_compatibility,100.0,preference_forward_mobility_raw_slope__missing,preference_forward_mobility_raw_slope,historical_teammate_preference,-0.0001336041448090996,0.0001336041448090996,train_plus_validation,75
opportunity,target_destination_minutes_share,strict_compatibility,100.0,advanced_style_dribble_aggression_trend_lag1_minus_lag2,advanced_style_dribble_aggression_trend_lag1_minus_lag2,lagged_player_history,-0.00013267237994265041,0.00013267237994265041,train_plus_validation,76
opportunity,target_destination_minutes_share,strict_compatibility,100.0,foot==both,foot,transfer_and_market,-0.00013203584033842324,0.00013203584033842324,train_plus_validation,77
opportunity,target_destination_minutes_share,strict_compatibility,100.0,strict_all_style_directness,strict_all_style_directness,destination_club_compatibility,-0.00012583738813578627,0.00012583738813578627,train_plus_validation,78
opportunity,target_destination_minutes_share,strict_compatibility,100.0,advanced_lag2_style_directness,advanced_lag2_style_directness,lagged_player_history,0.00012459507433077935,0.00012459507433077935,train_plus_validation,79
opportunity,target_destination_minutes_share,strict_compatibility,100.0,advanced_lag1_competitions,advanced_lag1_competitions,lagged_player_history,-0.00012017426260417981,0.00012017426260417981,train_plus_validation,80
opportunity,target_destination_minutes_share,strict_compatibility,100.0,advanced_lag2_style_creation,advanced_lag2_style_creation,lagged_player_history,0.00011940266898590379,0.00011940266898590379,train_plus_validation,81
opportunity,target_destination_minutes_share,strict_compatibility,100.0,advanced_lag2_competitions,advanced_lag2_competitions,lagged_player_history,0.0001159294419056421,0.0001159294419056421,train_plus_validation,82
opportunity,target_destination_minutes_share,strict_compatibility,100.0,advanced_style_aerial_physicality_trend_lag1_minus_lag2__missing,advanced_style_aerial_physicality_trend_lag1_minus_lag2,lagged_player_history,0.00011162200521821245,0.00011162200521821245,train_plus_validation,83
opportunity,target_destination_minutes_share,strict_compatibility,100.0,preference_midfield_creativity_performance_weighted_level,preference_midfield_creativity_performance_weighted_level,historical_teammate_preference,0.00011121523649200055,0.00011121523649200055,train_plus_validation,84
opportunity,target_destination_minutes_share,strict_compatibility,100.0,foot==left,foot,transfer_and_market,0.00010959437065139851,0.00010959437065139851,train_plus_validation,85
opportunity,target_destination_minutes_share,strict_compatibility,100.0,sub_position==Right Winger,sub_position,transfer_and_market,0.00010744084466296094,0.00010744084466296094,train_plus_validation,86
opportunity,target_destination_minutes_share,strict_compatibility,100.0,position==Attack,position,transfer_and_market,0.00010515053760441737,0.00010515053760441737,train_plus_validation,87
opportunity,target_destination_minutes_share,strict_compatibility,100.0,advanced_lag3_competitions,advanced_lag3_competitions,lagged_player_history,0.00010477575066726867,0.00010477575066726867,train_plus_validation,88
opportunity,target_destination_minutes_share,strict_compatibility,100.0,advanced_lag1_style_passing_control,advanced_lag1_style_passing_control,lagged_player_history,-0.00010461324199533886,0.00010461324199533886,train_plus_validation,89
opportunity,target_destination_minutes_share,strict_compatibility,100.0,strict_all_style_passing_control,strict_all_style_passing_control,destination_club_compatibility,-0.00010305730267106551,0.00010305730267106551,train_plus_validation,90
opportunity,target_destination_minutes_share,strict_compatibility,100.0,strict_forward_mobility_familiarity_distance,strict_forward_mobility_familiarity_distance,destination_club_compatibility,0.00010268012438858988,0.00010268012438858988,train_plus_validation,91
opportunity,target_destination_minutes_share,strict_compatibility,100.0,advanced_lag2_npxg_per90,advanced_lag2_npxg_per90,lagged_player_history,0.00010088451560362932,0.00010088451560362932,train_plus_validation,92
opportunity,target_destination_minutes_share,strict_compatibility,100.0,advanced_lag2_style_aerial_physicality,advanced_lag2_style_aerial_physicality,lagged_player_history,-0.00010055611234387525,0.00010055611234387525,train_plus_validation,93
opportunity,target_destination_minutes_share,strict_compatibility,100.0,strict_team_minutes,strict_team_minutes,destination_club_compatibility,9.931453244340176e-05,9.931453244340176e-05,train_plus_validation,94
opportunity,target_destination_minutes_share,strict_compatibility,100.0,strict_team_passing_control_preference_slope_interaction,strict_team_passing_control_preference_slope_interaction,destination_club_compatibility,-9.781859531653496e-05,9.781859531653496e-05,train_plus_validation,95
opportunity,target_destination_minutes_share,strict_compatibility,100.0,strict_preference_slope_signal__missing,strict_preference_slope_signal,destination_club_compatibility,-9.739077566227996e-05,9.739077566227996e-05,train_plus_validation,96
opportunity,target_destination_minutes_share,strict_compatibility,100.0,advanced_lag1_role_performance_index,advanced_lag1_role_performance_index,lagged_player_history,-9.529640787573764e-05,9.529640787573764e-05,train_plus_validation,97
opportunity,target_destination_minutes_share,strict_compatibility,100.0,strict_forward_mobility_preference_distance,strict_forward_mobility_preference_distance,destination_club_compatibility,-9.525546822488318e-05,9.525546822488318e-05,train_plus_validation,98
opportunity,target_destination_minutes_share,strict_compatibility,100.0,strict_context_team_passing_control,strict_context_team_passing_control,destination_club_compatibility,-9.410593562809477e-05,9.410593562809477e-05,train_plus_validation,99
opportunity,target_destination_minutes_share,strict_compatibility,100.0,advanced_lag3_role_group==DF,advanced_lag3_role_group,lagged_player_history,-9.370129958185356e-05,9.370129958185356e-05,train_plus_validation,100
opportunity,target_destination_minutes_share,strict_compatibility,100.0,strict_context_forward_mobility,strict_context_forward_mobility,destination_club_compatibility,-9.003339763876913e-05,9.003339763876913e-05,train_plus_validation,101
opportunity,target_destination_minutes_share,strict_compatibility,100.0,preference_forward_threat_correlation__missing,preference_forward_threat_correlation,historical_teammate_preference,-8.963779404800794e-05,8.963779404800794e-05,train_plus_validation,102
opportunity,target_destination_minutes_share,strict_compatibility,100.0,sub_position==Central Midfield,sub_position,transfer_and_market,-8.930558515408679e-05,8.930558515408679e-05,train_plus_validation,103
opportunity,target_destination_minutes_share,strict_compatibility,100.0,advanced_rolling3_seasons_observed,advanced_rolling3_seasons_observed,lagged_player_history,8.877862251041593e-05,8.877862251041593e-05,train_plus_validation,104
opportunity,target_destination_minutes_share,strict_compatibility,100.0,advanced_lag3_style_defensive_intensity,advanced_lag3_style_defensive_intensity,lagged_player_history,8.869739997522417e-05,8.869739997522417e-05,train_plus_validation,105
opportunity,target_destination_minutes_share,strict_compatibility,100.0,strict_team_passing_control_familiarity_distance__missing,strict_team_passing_control_familiarity_distance,destination_club_compatibility,-8.660988811048256e-05,8.660988811048256e-05,train_plus_validation,106
opportunity,target_destination_minutes_share,strict_compatibility,100.0,preference_forward_threat_exposure_mean,preference_forward_threat_exposure_mean,historical_teammate_preference,-8.654843656045101e-05,8.654843656045101e-05,train_plus_validation,107
opportunity,target_destination_minutes_share,strict_compatibility,100.0,strict_player_progression_x_forward_mobility,strict_player_progression_x_forward_mobility,destination_club_compatibility,-8.328363868665242e-05,8.328363868665242e-05,train_plus_validation,108
opportunity,target_destination_minutes_share,strict_compatibility,100.0,sub_position==Centre-Back,sub_position,transfer_and_market,8.31309736736079e-05,8.31309736736079e-05,train_plus_validation,109
opportunity,target_destination_minutes_share,strict_compatibility,100.0,strict_df_style_defensive_intensity,strict_df_style_defensive_intensity,destination_club_compatibility,-8.18921073476759e-05,8.18921073476759e-05,train_plus_validation,110
opportunity,target_destination_minutes_share,strict_compatibility,100.0,advanced_lag3_role_group==FW,advanced_lag3_role_group,lagged_player_history,-7.964556562067797e-05,7.964556562067797e-05,train_plus_validation,111
opportunity,target_destination_minutes_share,strict_compatibility,100.0,advanced_lag2_competitions__missing,advanced_lag2_competitions,lagged_player_history,-7.817962350999203e-05,7.817962350999203e-05,train_plus_validation,112
opportunity,target_destination_minutes_share,strict_compatibility,100.0,strict_context_familiarity_score_0_100,strict_context_familiarity_score_0_100,destination_club_compatibility,7.773811400325385e-05,7.773811400325385e-05,train_plus_validation,113
opportunity,target_destination_minutes_share,strict_compatibility,100.0,advanced_lag2_goals_per90,advanced_lag2_goals_per90,lagged_player_history,7.73330279671982e-05,7.73330279671982e-05,train_plus_validation,114
opportunity,target_destination_minutes_share,strict_compatibility,100.0,strict_fw_style_directness,strict_fw_style_directness,destination_club_compatibility,-7.65490121979295e-05,7.65490121979295e-05,train_plus_validation,115
opportunity,target_destination_minutes_share,strict_compatibility,100.0,strict_df_style_dribble_aggression,strict_df_style_dribble_aggression,destination_club_compatibility,-7.328847309124089e-05,7.328847309124089e-05,train_plus_validation,116
opportunity,target_destination_minutes_share,strict_compatibility,100.0,strict_forward_threat_preference_distance,strict_forward_threat_preference_distance,destination_club_compatibility,7.23120698418979e-05,7.23120698418979e-05,train_plus_validation,117
opportunity,target_destination_minutes_share,strict_compatibility,100.0,strict_context_midfield_creativity,strict_context_midfield_creativity,destination_club_compatibility,-7.22616250253313e-05,7.22616250253313e-05,train_plus_validation,118
opportunity,target_destination_minutes_share,strict_compatibility,100.0,strict_midfield_creativity_familiarity_distance,strict_midfield_creativity_familiarity_distance,destination_club_compatibility,7.170322571161593e-05,7.170322571161593e-05,train_plus_validation,119
opportunity,target_destination_minutes_share,strict_compatibility,100.0,advanced_lag2_role_group==__MISSING__,advanced_lag2_role_group,lagged_player_history,-7.046509939873e-05,7.046509939873e-05,train_plus_validation,120
opportunity,target_destination_minutes_share,strict_compatibility,100.0,advanced_lag2_clubs__missing,advanced_lag2_clubs,lagged_player_history,-7.046509939872953e-05,7.046509939872953e-05,train_plus_validation,121
opportunity,target_destination_minutes_share,strict_compatibility,100.0,strict_all_style_scoring_threat,strict_all_style_scoring_threat,destination_club_compatibility,-6.706074391448118e-05,6.706074391448118e-05,train_plus_validation,122
opportunity,target_destination_minutes_share,strict_compatibility,100.0,preference_team_passing_control_correlation,preference_team_passing_control_correlation,historical_teammate_preference,-6.624888372875121e-05,6.624888372875121e-05,train_plus_validation,123
opportunity,target_destination_minutes_share,strict_compatibility,100.0,strict_forward_threat_familiarity_distance,strict_forward_threat_familiarity_distance,destination_club_compatibility,-6.59267164286807e-05,6.59267164286807e-05,train_plus_validation,124
opportunity,target_destination_minutes_share,strict_compatibility,100.0,preference_forward_threat_shrunken_slope__missing,preference_forward_threat_shrunken_slope,historical_teammate_preference,-6.585061725545952e-05,6.585061725545952e-05,train_plus_validation,125
opportunity,target_destination_minutes_share,strict_compatibility,100.0,preference_forward_mobility_exposure_mean__missing,preference_forward_mobility_exposure_mean,historical_teammate_preference,-6.579075954162655e-05,6.579075954162655e-05,train_plus_validation,126
opportunity,target_destination_minutes_share,strict_compatibility,100.0,sub_position==Defensive Midfield,sub_position,transfer_and_market,6.429822961341532e-05,6.429822961341532e-05,train_plus_validation,127
opportunity,target_destination_minutes_share,strict_compatibility,100.0,position==Defender,position,transfer_and_market,6.299682101320808e-05,6.299682101320808e-05,train_plus_validation,128
opportunity,target_destination_minutes_share,strict_compatibility,100.0,advanced_lag2_style_passing_control,advanced_lag2_style_passing_control,lagged_player_history,6.295478746197148e-05,6.295478746197148e-05,train_plus_validation,129
opportunity,target_destination_minutes_share,strict_compatibility,100.0,advanced_lag1_goals_per90,advanced_lag1_goals_per90,lagged_player_history,6.24574375113472e-05,6.24574375113472e-05,train_plus_validation,130
opportunity,target_destination_minutes_share,strict_compatibility,100.0,preference_midfield_aggression_exposure_mean__missing,preference_midfield_aggression_exposure_mean,historical_teammate_preference,-6.237070056741575e-05,6.237070056741575e-05,train_plus_validation,131
opportunity,target_destination_minutes_share,strict_compatibility,100.0,sub_position==Left-Back,sub_position,transfer_and_market,-6.219039141337204e-05,6.219039141337204e-05,train_plus_validation,132
opportunity,target_destination_minutes_share,strict_compatibility,100.0,advanced_lag1_style_defensive_intensity,advanced_lag1_style_defensive_intensity,lagged_player_history,-6.164490168443748e-05,6.164490168443748e-05,train_plus_validation,133
opportunity,target_destination_minutes_share,strict_compatibility,100.0,strict_forward_mobility_preference_slope_interaction__missing,strict_forward_mobility_preference_slope_interaction,destination_club_compatibility,-6.114309929310762e-05,6.114309929310762e-05,train_plus_validation,134
opportunity,target_destination_minutes_share,strict_compatibility,100.0,strict_player_passing_x_team_passing_control,strict_player_passing_x_team_passing_control,destination_club_compatibility,5.8253323267240484e-05,5.8253323267240484e-05,train_plus_validation,135
opportunity,target_destination_minutes_share,strict_compatibility,100.0,advanced_lag1_role_group==DF,advanced_lag1_role_group,lagged_player_history,-5.7463373852671404e-05,5.7463373852671404e-05,train_plus_validation,136
opportunity,target_destination_minutes_share,strict_compatibility,100.0,advanced_lag3_assists_per90__missing,advanced_lag3_assists_per90,lagged_player_history,5.707958807521198e-05,5.707958807521198e-05,train_plus_validation,137
opportunity,target_destination_minutes_share,strict_compatibility,100.0,preference_team_passing_control_raw_slope__missing,preference_team_passing_control_raw_slope,historical_teammate_preference,5.6848051382875726e-05,5.6848051382875726e-05,train_plus_validation,138
opportunity,target_destination_minutes_share,strict_compatibility,100.0,advanced_lag1_role_group==MF,advanced_lag1_role_group,lagged_player_history,-5.546941198459578e-05,5.546941198459578e-05,train_plus_validation,139
opportunity,target_destination_minutes_share,strict_compatibility,100.0,advanced_lag1_style_dribble_aggression,advanced_lag1_style_dribble_aggression,lagged_player_history,-5.433350401808342e-05,5.433350401808342e-05,train_plus_validation,140
opportunity,target_destination_minutes_share,strict_compatibility,100.0,advanced_lag2_style_scoring_threat__missing,advanced_lag2_style_scoring_threat,lagged_player_history,-5.4067052673789886e-05,5.4067052673789886e-05,train_plus_validation,141
opportunity,target_destination_minutes_share,strict_compatibility,100.0,strict_mf_style_defensive_intensity,strict_mf_style_defensive_intensity,destination_club_compatibility,-5.300872491727507e-05,5.300872491727507e-05,train_plus_validation,142
opportunity,target_destination_minutes_share,strict_compatibility,100.0,foot==right,foot,transfer_and_market,-5.2872282165613436e-05,5.2872282165613436e-05,train_plus_validation,143
opportunity,target_destination_minutes_share,strict_compatibility,100.0,advanced_lag2_style_defensive_intensity,advanced_lag2_style_defensive_intensity,lagged_player_history,-5.196335254354694e-05,5.196335254354694e-05,train_plus_validation,144
opportunity,target_destination_minutes_share,strict_compatibility,100.0,preference_forward_threat_performance_weighted_level,preference_forward_threat_performance_weighted_level,historical_teammate_preference,-5.1914553046373574e-05,5.1914553046373574e-05,train_plus_validation,145
opportunity,target_destination_minutes_share,strict_compatibility,100.0,advanced_lag1_style_progression,advanced_lag1_style_progression,lagged_player_history,-5.169675461794352e-05,5.169675461794352e-05,train_plus_validation,146
opportunity,target_destination_minutes_share,strict_compatibility,100.0,sub_position==Right-Back,sub_position,transfer_and_market,5.15996400135476e-05,5.15996400135476e-05,train_plus_validation,147
opportunity,target_destination_minutes_share,strict_compatibility,100.0,advanced_lag3_npxg_per90__missing,advanced_lag3_npxg_per90,lagged_player_history,-5.145193405626885e-05,5.145193405626885e-05,train_plus_validation,148
opportunity,target_destination_minutes_share,strict_compatibility,100.0,advanced_lag3_minutes__missing,advanced_lag3_minutes,lagged_player_history,-5.145193405626883e-05,5.145193405626883e-05,train_plus_validation,149
opportunity,target_destination_minutes_share,strict_compatibility,100.0,advanced_lag3_competitions__missing,advanced_lag3_competitions,lagged_player_history,-5.145193405626878e-05,5.145193405626878e-05,train_plus_validation,150
opportunity,target_destination_minutes_share,strict_compatibility,100.0,advanced_lag3_goals_per90__missing,advanced_lag3_goals_per90,lagged_player_history,-5.1451934056268765e-05,5.1451934056268765e-05,train_plus_validation,151
opportunity,target_destination_minutes_share,strict_compatibility,100.0,advanced_lag3_role_group==__MISSING__,advanced_lag3_role_group,lagged_player_history,-5.145193405626869e-05,5.145193405626869e-05,train_plus_validation,152
opportunity,target_destination_minutes_share,strict_compatibility,100.0,preference_forward_threat_raw_slope__missing,preference_forward_threat_raw_slope,historical_teammate_preference,-5.0823675118938765e-05,5.0823675118938765e-05,train_plus_validation,153
opportunity,target_destination_minutes_share,strict_compatibility,100.0,strict_team_player_rows,strict_team_player_rows,destination_club_compatibility,4.9922285634184064e-05,4.9922285634184064e-05,train_plus_validation,154
opportunity,target_destination_minutes_share,strict_compatibility,100.0,strict_player_team_style_cosine_similarity,strict_player_team_style_cosine_similarity,destination_club_compatibility,-4.990321007290951e-05,4.990321007290951e-05,train_plus_validation,155
opportunity,target_destination_minutes_share,strict_compatibility,100.0,advanced_lag2_clubs,advanced_lag2_clubs,lagged_player_history,-4.9858851917653585e-05,4.9858851917653585e-05,train_plus_validation,156
opportunity,target_destination_minutes_share,strict_compatibility,100.0,advanced_lag3_role_performance_index__missing,advanced_lag3_role_performance_index,lagged_player_history,-4.928236878122988e-05,4.928236878122988e-05,train_plus_validation,157
opportunity,target_destination_minutes_share,strict_compatibility,100.0,preference_defensive_intensity_performance_weighted_level,preference_defensive_intensity_performance_weighted_level,historical_teammate_preference,-4.887602130637374e-05,4.887602130637374e-05,train_plus_validation,158
opportunity,target_destination_minutes_share,strict_compatibility,100.0,position==Midfield,position,transfer_and_market,-4.872641018841808e-05,4.872641018841808e-05,train_plus_validation,159
opportunity,target_destination_minutes_share,strict_compatibility,100.0,strict_midfield_aggression_preference_slope_interaction,strict_midfield_aggression_preference_slope_interaction,destination_club_compatibility,-4.7936891085247104e-05,4.7936891085247104e-05,train_plus_validation,160
opportunity,target_destination_minutes_share,strict_compatibility,100.0,strict_context_forward_threat,strict_context_forward_threat,destination_club_compatibility,-4.7824280999306345e-05,4.7824280999306345e-05,train_plus_validation,161
opportunity,target_destination_minutes_share,strict_compatibility,100.0,preference_forward_mobility_shrunken_slope__missing,preference_forward_mobility_shrunken_slope,historical_teammate_preference,-4.778064840611549e-05,4.778064840611549e-05,train_plus_validation,162
opportunity,target_destination_minutes_share,strict_compatibility,100.0,strict_all_style_aerial_physicality,strict_all_style_aerial_physicality,destination_club_compatibility,-4.737227749217681e-05,4.737227749217681e-05,train_plus_validation,163
opportunity,target_destination_minutes_share,strict_compatibility,100.0,strict_midfield_aggression_preference_slope_interaction__missing,strict_midfield_aggression_preference_slope_interaction,destination_club_compatibility,-4.737205668243275e-05,4.737205668243275e-05,train_plus_validation,164
opportunity,target_destination_minutes_share,strict_compatibility,100.0,advanced_lag1_style_aerial_physicality,advanced_lag1_style_aerial_physicality,lagged_player_history,-4.607826670686869e-05,4.607826670686869e-05,train_plus_validation,165
opportunity,target_destination_minutes_share,strict_compatibility,100.0,preference_midfield_creativity_shrunken_slope__missing,preference_midfield_creativity_shrunken_slope,historical_teammate_preference,4.601344080918396e-05,4.601344080918396e-05,train_plus_validation,166
opportunity,target_destination_minutes_share,strict_compatibility,100.0,advanced_lag1_clubs,advanced_lag1_clubs,lagged_player_history,-4.538238632744911e-05,4.538238632744911e-05,train_plus_validation,167
opportunity,target_destination_minutes_share,strict_compatibility,100.0,strict_all_count,strict_all_count,destination_club_compatibility,4.4839908257994255e-05,4.4839908257994255e-05,train_plus_validation,168
opportunity,target_destination_minutes_share,strict_compatibility,100.0,strict_player_creation_x_forward_threat,strict_player_creation_x_forward_threat,destination_club_compatibility,4.4556788619561396e-05,4.4556788619561396e-05,train_plus_validation,169
opportunity,target_destination_minutes_share,strict_compatibility,100.0,strict_fw_style_defensive_intensity,strict_fw_style_defensive_intensity,destination_club_compatibility,-4.256420056232077e-05,4.256420056232077e-05,train_plus_validation,170
opportunity,target_destination_minutes_share,strict_compatibility,100.0,preference_midfield_aggression_effective_observations,preference_midfield_aggression_effective_observations,historical_teammate_preference,-4.115919210976664e-05,4.115919210976664e-05,train_plus_validation,171
opportunity,target_destination_minutes_share,strict_compatibility,100.0,strict_preference_fit_score_0_100,strict_preference_fit_score_0_100,destination_club_compatibility,4.053414874762227e-05,4.053414874762227e-05,train_plus_validation,172
opportunity,target_destination_minutes_share,strict_compatibility,100.0,preference_midfield_creativity_exposure_mean__missing,preference_midfield_creativity_exposure_mean,historical_teammate_preference,-3.878882552350299e-05,3.878882552350299e-05,train_plus_validation,173
opportunity,target_destination_minutes_share,strict_compatibility,100.0,strict_team_distinct_players,strict_team_distinct_players,destination_club_compatibility,3.721830223719789e-05,3.721830223719789e-05,train_plus_validation,174
opportunity,target_destination_minutes_share,strict_compatibility,100.0,strict_midfield_creativity_familiarity_distance__missing,strict_midfield_creativity_familiarity_distance,destination_club_compatibility,3.647279982062831e-05,3.647279982062831e-05,train_plus_validation,175
opportunity,target_destination_minutes_share,strict_compatibility,100.0,advanced_lag1_style_directness,advanced_lag1_style_directness,lagged_player_history,-3.560544932626551e-05,3.560544932626551e-05,train_plus_validation,176
opportunity,target_destination_minutes_share,strict_compatibility,100.0,advanced_lag2_goals_per90__missing,advanced_lag2_goals_per90,lagged_player_history,3.4987051680265125e-05,3.4987051680265125e-05,train_plus_validation,177
opportunity,target_destination_minutes_share,strict_compatibility,100.0,strict_forward_mobility_familiarity_distance__missing,strict_forward_mobility_familiarity_distance,destination_club_compatibility,-3.490616148212785e-05,3.490616148212785e-05,train_plus_validation,178
opportunity,target_destination_minutes_share,strict_compatibility,100.0,strict_df_teammate_count,strict_df_teammate_count,destination_club_compatibility,3.3819874422103176e-05,3.3819874422103176e-05,train_plus_validation,179
opportunity,target_destination_minutes_share,strict_compatibility,100.0,preference_midfield_aggression_shrunken_slope__missing,preference_midfield_aggression_shrunken_slope,historical_teammate_preference,-3.204361550569992e-05,3.204361550569992e-05,train_plus_validation,180
opportunity,target_destination_minutes_share,strict_compatibility,100.0,sub_position==Centre-Forward,sub_position,transfer_and_market,3.198552613776159e-05,3.198552613776159e-05,train_plus_validation,181
opportunity,target_destination_minutes_share,strict_compatibility,100.0,advanced_lag3_role_group==MF,advanced_lag3_role_group,lagged_player_history,-3.156899664629431e-05,3.156899664629431e-05,train_plus_validation,182
opportunity,target_destination_minutes_share,strict_compatibility,100.0,preference_forward_threat_effective_observations,preference_forward_threat_effective_observations,historical_teammate_preference,3.1544824079130084e-05,3.1544824079130084e-05,train_plus_validation,183
opportunity,target_destination_minutes_share,strict_compatibility,100.0,strict_df_style_passing_control,strict_df_style_passing_control,destination_club_compatibility,-3.091813699446328e-05,3.091813699446328e-05,train_plus_validation,184
opportunity,target_destination_minutes_share,strict_compatibility,100.0,advanced_style_scoring_threat_trend_lag1_minus_lag2,advanced_style_scoring_threat_trend_lag1_minus_lag2,lagged_player_history,3.0849787708476106e-05,3.0849787708476106e-05,train_plus_validation,185
opportunity,target_destination_minutes_share,strict_compatibility,100.0,advanced_lag2_available,advanced_lag2_available,lagged_player_history,3.064207442255202e-05,3.064207442255202e-05,train_plus_validation,186
opportunity,target_destination_minutes_share,strict_compatibility,100.0,advanced_lag2_role_group==DF,advanced_lag2_role_group,lagged_player_history,3.0070277499480804e-05,3.0070277499480804e-05,train_plus_validation,187
opportunity,target_destination_minutes_share,strict_compatibility,100.0,strict_df_style_creation,strict_df_style_creation,destination_club_compatibility,-2.9704855140504322e-05,2.9704855140504322e-05,train_plus_validation,188
opportunity,target_destination_minutes_share,strict_compatibility,100.0,strict_all_teammate_count,strict_all_teammate_count,destination_club_compatibility,2.9699378567453537e-05,2.9699378567453537e-05,train_plus_validation,189
opportunity,target_destination_minutes_share,strict_compatibility,100.0,strict_fw_style_dribble_aggression,strict_fw_style_dribble_aggression,destination_club_compatibility,2.903027274811283e-05,2.903027274811283e-05,train_plus_validation,190
opportunity,target_destination_minutes_share,strict_compatibility,100.0,strict_defensive_intensity_preference_slope_interaction,strict_defensive_intensity_preference_slope_interaction,destination_club_compatibility,-2.8318834333328333e-05,2.8318834333328333e-05,train_plus_validation,191
opportunity,target_destination_minutes_share,strict_compatibility,100.0,strict_player_dribble_x_midfield_aggression,strict_player_dribble_x_midfield_aggression,destination_club_compatibility,-2.8246402874320974e-05,2.8246402874320974e-05,train_plus_validation,192
opportunity,target_destination_minutes_share,strict_compatibility,100.0,advanced_lag2_role_group==MF,advanced_lag2_role_group,lagged_player_history,2.8049691763326934e-05,2.8049691763326934e-05,train_plus_validation,193
opportunity,target_destination_minutes_share,strict_compatibility,100.0,strict_df_style_aerial_physicality,strict_df_style_aerial_physicality,destination_club_compatibility,2.7963898499949836e-05,2.7963898499949836e-05,train_plus_validation,194
opportunity,target_destination_minutes_share,strict_compatibility,100.0,preference_team_passing_control_exposure_mean,preference_team_passing_control_exposure_mean,historical_teammate_preference,-2.7285065118931593e-05,2.7285065118931593e-05,train_plus_validation,195
opportunity,target_destination_minutes_share,strict_compatibility,100.0,strict_team_passing_control_preference_slope_interaction__missing,strict_team_passing_control_preference_slope_interaction,destination_club_compatibility,2.7086102933799354e-05,2.7086102933799354e-05,train_plus_validation,196
opportunity,target_destination_minutes_share,strict_compatibility,100.0,advanced_lag2_role_performance_index__missing,advanced_lag2_role_performance_index,lagged_player_history,2.7002331027375836e-05,2.7002331027375836e-05,train_plus_validation,197
opportunity,target_destination_minutes_share,strict_compatibility,100.0,advanced_lag2_style_creation__missing,advanced_lag2_style_creation,lagged_player_history,2.700233102737574e-05,2.700233102737574e-05,train_plus_validation,198
opportunity,target_destination_minutes_share,strict_compatibility,100.0,advanced_lag2_style_aerial_physicality__missing,advanced_lag2_style_aerial_physicality,lagged_player_history,2.7002331027375724e-05,2.7002331027375724e-05,train_plus_validation,199
opportunity,target_destination_minutes_share,strict_compatibility,100.0,advanced_lag2_style_defensive_intensity__missing,advanced_lag2_style_defensive_intensity,lagged_player_history,2.7002331027375717e-05,2.7002331027375717e-05,train_plus_validation,200
opportunity,target_destination_minutes_share,strict_compatibility,100.0,advanced_lag2_source_rows__missing,advanced_lag2_source_rows,lagged_player_history,2.7002331027375683e-05,2.7002331027375683e-05,train_plus_validation,201
opportunity,target_destination_minutes_share,strict_compatibility,100.0,advanced_lag2_style_dribble_aggression__missing,advanced_lag2_style_dribble_aggression,lagged_player_history,2.7002331027375612e-05,2.7002331027375612e-05,train_plus_validation,202
opportunity,target_destination_minutes_share,strict_compatibility,100.0,advanced_lag2_style_passing_control__missing,advanced_lag2_style_passing_control,lagged_player_history,2.7002331027375606e-05,2.7002331027375606e-05,train_plus_validation,203
opportunity,target_destination_minutes_share,strict_compatibility,100.0,advanced_lag2_style_directness__missing,advanced_lag2_style_directness,lagged_player_history,2.700233102737554e-05,2.700233102737554e-05,train_plus_validation,204
opportunity,target_destination_minutes_share,strict_compatibility,100.0,preference_team_passing_control_shrunken_slope__missing,preference_team_passing_control_shrunken_slope,historical_teammate_preference,-2.6998314325862693e-05,2.6998314325862693e-05,train_plus_validation,205
opportunity,target_destination_minutes_share,strict_compatibility,100.0,preference_midfield_creativity_shrunken_slope,preference_midfield_creativity_shrunken_slope,historical_teammate_preference,-2.6716972548601327e-05,2.6716972548601327e-05,train_plus_validation,206
opportunity,target_destination_minutes_share,strict_compatibility,100.0,advanced_lag2_minutes__missing,advanced_lag2_minutes,lagged_player_history,2.6437920119551014e-05,2.6437920119551014e-05,train_plus_validation,207
opportunity,target_destination_minutes_share,strict_compatibility,100.0,preference_history_rows,preference_history_rows,historical_teammate_preference,2.61208042725222e-05,2.61208042725222e-05,train_plus_validation,208
opportunity,target_destination_minutes_share,strict_compatibility,100.0,strict_mf_count,strict_mf_count,destination_club_compatibility,2.583777796702471e-05,2.583777796702471e-05,train_plus_validation,209
opportunity,target_destination_minutes_share,strict_compatibility,100.0,strict_forward_threat_preference_slope_interaction,strict_forward_threat_preference_slope_interaction,destination_club_compatibility,-2.5725572974818574e-05,2.5725572974818574e-05,train_plus_validation,210
opportunity,target_destination_minutes_share,strict_compatibility,100.0,strict_fw_style_passing_control,strict_fw_style_passing_control,destination_club_compatibility,-2.5080798081315024e-05,2.5080798081315024e-05,train_plus_validation,211
opportunity,target_destination_minutes_share,strict_compatibility,100.0,advanced_lag2_npxg_per90__missing,advanced_lag2_npxg_per90,lagged_player_history,2.4789582521277664e-05,2.4789582521277664e-05,train_plus_validation,212
opportunity,target_destination_minutes_share,strict_compatibility,100.0,strict_df_count,strict_df_count,destination_club_compatibility,2.4670780815087475e-05,2.4670780815087475e-05,train_plus_validation,213
opportunity,target_destination_minutes_share,strict_compatibility,100.0,advanced_lag1_style_creation,advanced_lag1_style_creation,lagged_player_history,-2.4374667802379453e-05,2.4374667802379453e-05,train_plus_validation,214
opportunity,target_destination_minutes_share,strict_compatibility,100.0,strict_df_style_progression,strict_df_style_progression,destination_club_compatibility,-2.4318688294821037e-05,2.4318688294821037e-05,train_plus_validation,215
opportunity,target_destination_minutes_share,strict_compatibility,100.0,preference_forward_threat_shrunken_slope,preference_forward_threat_shrunken_slope,historical_teammate_preference,-2.4293344752103926e-05,2.4293344752103926e-05,train_plus_validation,216
opportunity,target_destination_minutes_share,strict_compatibility,100.0,preference_forward_mobility_performance_weighted_level,preference_forward_mobility_performance_weighted_level,historical_teammate_preference,-2.418240426823743e-05,2.418240426823743e-05,train_plus_validation,217
opportunity,target_destination_minutes_share,strict_compatibility,100.0,preference_defensive_intensity_exposure_mean__missing,preference_defensive_intensity_exposure_mean,historical_teammate_preference,2.375485214773643e-05,2.375485214773643e-05,train_plus_validation,218
opportunity,target_destination_minutes_share,strict_compatibility,100.0,preference_defensive_intensity_raw_slope__missing,preference_defensive_intensity_raw_slope,historical_teammate_preference,-2.36184331415933e-05,2.36184331415933e-05,train_plus_validation,219
opportunity,target_destination_minutes_share,strict_compatibility,100.0,strict_all_style_dribble_aggression,strict_all_style_dribble_aggression,destination_club_compatibility,-2.3475150888455147e-05,2.3475150888455147e-05,train_plus_validation,220
opportunity,target_destination_minutes_share,strict_compatibility,100.0,canonical_transfer_fee_status==positive_reported,canonical_transfer_fee_status,transfer_and_market,2.3361927842005076e-05,2.3361927842005076e-05,train_plus_validation,221
opportunity,target_destination_minutes_share,strict_compatibility,100.0,preference_midfield_creativity_raw_slope__missing,preference_midfield_creativity_raw_slope,historical_teammate_preference,-2.330639483209322e-05,2.330639483209322e-05,train_plus_validation,222
opportunity,target_destination_minutes_share,strict_compatibility,100.0,advanced_lag3_style_aerial_physicality,advanced_lag3_style_aerial_physicality,lagged_player_history,-2.3219903715878775e-05,2.3219903715878775e-05,train_plus_validation,223
opportunity,target_destination_minutes_share,strict_compatibility,100.0,preference_midfield_creativity_correlation,preference_midfield_creativity_correlation,historical_teammate_preference,2.2226274590762228e-05,2.2226274590762228e-05,train_plus_validation,224
opportunity,target_destination_minutes_share,strict_compatibility,100.0,strict_df_style_directness,strict_df_style_directness,destination_club_compatibility,-2.1822461012932404e-05,2.1822461012932404e-05,train_plus_validation,225
opportunity,target_destination_minutes_share,strict_compatibility,100.0,advanced_lag3_minutes,advanced_lag3_minutes,lagged_player_history,2.1173715266544532e-05,2.1173715266544532e-05,train_plus_validation,226
opportunity,target_destination_minutes_share,strict_compatibility,100.0,strict_fw_teammate_count,strict_fw_teammate_count,destination_club_compatibility,2.0998625071221252e-05,2.0998625071221252e-05,train_plus_validation,227
opportunity,target_destination_minutes_share,strict_compatibility,100.0,advanced_lag3_style_dribble_aggression,advanced_lag3_style_dribble_aggression,lagged_player_history,-2.0744585032933614e-05,2.0744585032933614e-05,train_plus_validation,228
opportunity,target_destination_minutes_share,strict_compatibility,100.0,advanced_style_passing_control_trend_lag1_minus_lag2,advanced_style_passing_control_trend_lag1_minus_lag2,lagged_player_history,-2.0196839855044577e-05,2.0196839855044577e-05,train_plus_validation,229
opportunity,target_destination_minutes_share,strict_compatibility,100.0,advanced_lag3_style_scoring_threat,advanced_lag3_style_scoring_threat,lagged_player_history,-1.91261921365557e-05,1.91261921365557e-05,train_plus_validation,230
opportunity,target_destination_minutes_share,strict_compatibility,100.0,advanced_lag2_style_dribble_aggression,advanced_lag2_style_dribble_aggression,lagged_player_history,1.893336754321406e-05,1.893336754321406e-05,train_plus_validation,231
opportunity,target_destination_minutes_share,strict_compatibility,100.0,advanced_lag3_style_progression,advanced_lag3_style_progression,lagged_player_history,-1.8862819180263736e-05,1.8862819180263736e-05,train_plus_validation,232
opportunity,target_destination_minutes_share,strict_compatibility,100.0,strict_fw_style_creation,strict_fw_style_creation,destination_club_compatibility,1.8605472181795222e-05,1.8605472181795222e-05,train_plus_validation,233
opportunity,target_destination_minutes_share,strict_compatibility,100.0,advanced_lag3_style_passing_control,advanced_lag3_style_passing_control,lagged_player_history,-1.8049444678291252e-05,1.8049444678291252e-05,train_plus_validation,234
opportunity,target_destination_minutes_share,strict_compatibility,100.0,strict_df_style_scoring_threat,strict_df_style_scoring_threat,destination_club_compatibility,-1.7905634076490893e-05,1.7905634076490893e-05,train_plus_validation,235
opportunity,target_destination_minutes_share,strict_compatibility,100.0,advanced_lag3_style_creation,advanced_lag3_style_creation,lagged_player_history,-1.7173072977683012e-05,1.7173072977683012e-05,train_plus_validation,236
opportunity,target_destination_minutes_share,strict_compatibility,100.0,preference_forward_threat_exposure_mean__missing,preference_forward_threat_exposure_mean,historical_teammate_preference,1.65798339964625e-05,1.65798339964625e-05,train_plus_validation,237
opportunity,target_destination_minutes_share,strict_compatibility,100.0,advanced_lag2_minutes,advanced_lag2_minutes,lagged_player_history,1.6423184973812863e-05,1.6423184973812863e-05,train_plus_validation,238
opportunity,target_destination_minutes_share,strict_compatibility,100.0,preference_midfield_creativity_effective_observations,preference_midfield_creativity_effective_observations,historical_teammate_preference,-1.5772148195447078e-05,1.5772148195447078e-05,train_plus_validation,239
opportunity,target_destination_minutes_share,strict_compatibility,100.0,advanced_style_aerial_physicality_trend_lag1_minus_lag2,advanced_style_aerial_physicality_trend_lag1_minus_lag2,lagged_player_history,-1.575186646242742e-05,1.575186646242742e-05,train_plus_validation,240
opportunity,target_destination_minutes_share,strict_compatibility,100.0,preference_midfield_aggression_raw_slope__missing,preference_midfield_aggression_raw_slope,historical_teammate_preference,1.559888877741342e-05,1.559888877741342e-05,train_plus_validation,241
opportunity,target_destination_minutes_share,strict_compatibility,100.0,sub_position==Left Midfield,sub_position,transfer_and_market,1.5231877648274641e-05,1.5231877648274641e-05,train_plus_validation,242
opportunity,target_destination_minutes_share,strict_compatibility,100.0,strict_mf_style_passing_control,strict_mf_style_passing_control,destination_club_compatibility,-1.4277672146343792e-05,1.4277672146343792e-05,train_plus_validation,243
opportunity,target_destination_minutes_share,strict_compatibility,100.0,preference_forward_mobility_correlation__missing,preference_forward_mobility_correlation,historical_teammate_preference,1.4274553769140375e-05,1.4274553769140375e-05,train_plus_validation,244
opportunity,target_destination_minutes_share,strict_compatibility,100.0,advanced_style_progression_trend_lag1_minus_lag2,advanced_style_progression_trend_lag1_minus_lag2,lagged_player_history,-1.4123592158414666e-05,1.4123592158414666e-05,train_plus_validation,245
opportunity,target_destination_minutes_share,strict_compatibility,100.0,advanced_lag3_style_passing_control__missing,advanced_lag3_style_passing_control,lagged_player_history,1.40208485466196e-05,1.40208485466196e-05,train_plus_validation,246
opportunity,target_destination_minutes_share,strict_compatibility,100.0,advanced_rolling3_style_directness,advanced_rolling3_style_directness,lagged_player_history,-1.3617124613809675e-05,1.3617124613809675e-05,train_plus_validation,247
opportunity,target_destination_minutes_share,strict_compatibility,100.0,advanced_rolling3_style_passing_control,advanced_rolling3_style_passing_control,lagged_player_history,-1.3579254695272668e-05,1.3579254695272668e-05,train_plus_validation,248
opportunity,target_destination_minutes_share,strict_compatibility,100.0,canonical_transfer_fee_status==unresolved_fee_conflict,canonical_transfer_fee_status,transfer_and_market,1.346151302700023e-05,1.346151302700023e-05,train_plus_validation,249
opportunity,target_destination_minutes_share,strict_compatibility,100.0,strict_fw_style_scoring_threat,strict_fw_style_scoring_threat,destination_club_compatibility,-1.2983806651140883e-05,1.2983806651140883e-05,train_plus_validation,250
opportunity,target_destination_minutes_share,strict_compatibility,100.0,advanced_lag1_minutes,advanced_lag1_minutes,lagged_player_history,1.2700948519192843e-05,1.2700948519192843e-05,train_plus_validation,251
opportunity,target_destination_minutes_share,strict_compatibility,100.0,strict_mf_teammate_count,strict_mf_teammate_count,destination_club_compatibility,1.1974046350899133e-05,1.1974046350899133e-05,train_plus_validation,252
opportunity,target_destination_minutes_share,strict_compatibility,100.0,advanced_rolling3_style_creation,advanced_rolling3_style_creation,lagged_player_history,-1.1864822174339996e-05,1.1864822174339996e-05,train_plus_validation,253
opportunity,target_destination_minutes_share,strict_compatibility,100.0,advanced_lag2_role_group==FW,advanced_lag2_role_group,lagged_player_history,-1.137376706526311e-05,1.137376706526311e-05,train_plus_validation,254
opportunity,target_destination_minutes_share,strict_compatibility,100.0,preference_forward_mobility_correlation,preference_forward_mobility_correlation,historical_teammate_preference,-1.0845391379368268e-05,1.0845391379368268e-05,train_plus_validation,255
opportunity,target_destination_minutes_share,strict_compatibility,100.0,preference_defensive_intensity_correlation,preference_defensive_intensity_correlation,historical_teammate_preference,-1.0840524090870252e-05,1.0840524090870252e-05,train_plus_validation,256
opportunity,target_destination_minutes_share,strict_compatibility,100.0,strict_forward_mobility_preference_slope_interaction,strict_forward_mobility_preference_slope_interaction,destination_club_compatibility,1.0827488872982032e-05,1.0827488872982032e-05,train_plus_validation,257
opportunity,target_destination_minutes_share,strict_compatibility,100.0,strict_team_passing_control_familiarity_distance,strict_team_passing_control_familiarity_distance,destination_club_compatibility,1.0525579481138203e-05,1.0525579481138203e-05,train_plus_validation,258
opportunity,target_destination_minutes_share,strict_compatibility,100.0,preference_forward_threat_raw_slope,preference_forward_threat_raw_slope,historical_teammate_preference,-1.0522093833446647e-05,1.0522093833446647e-05,train_plus_validation,259
opportunity,target_destination_minutes_share,strict_compatibility,100.0,strict_defensive_intensity_preference_slope_interaction__missing,strict_defensive_intensity_preference_slope_interaction,destination_club_compatibility,-1.046378265743572e-05,1.046378265743572e-05,train_plus_validation,260
opportunity,target_destination_minutes_share,strict_compatibility,100.0,preference_midfield_creativity_correlation__missing,preference_midfield_creativity_correlation,historical_teammate_preference,-1.046378265743567e-05,1.046378265743567e-05,train_plus_validation,261
opportunity,target_destination_minutes_share,strict_compatibility,100.0,preference_forward_threat_correlation,preference_forward_threat_correlation,historical_teammate_preference,-1.0189125371665823e-05,1.0189125371665823e-05,train_plus_validation,262
opportunity,target_destination_minutes_share,strict_compatibility,100.0,preference_midfield_aggression_correlation__missing,preference_midfield_aggression_correlation,historical_teammate_preference,-9.769145381249906e-06,9.769145381249906e-06,train_plus_validation,263
opportunity,target_destination_minutes_share,strict_compatibility,100.0,strict_forward_threat_preference_slope_interaction__missing,strict_forward_threat_preference_slope_interaction,destination_club_compatibility,-9.769145381249896e-06,9.769145381249896e-06,train_plus_validation,264
opportunity,target_destination_minutes_share,strict_compatibility,100.0,advanced_style_creation_trend_lag1_minus_lag2__missing,advanced_style_creation_trend_lag1_minus_lag2,lagged_player_history,-9.72185002253351e-06,9.72185002253351e-06,train_plus_validation,265
opportunity,target_destination_minutes_share,strict_compatibility,100.0,advanced_style_defensive_intensity_trend_lag1_minus_lag2__missing,advanced_style_defensive_intensity_trend_lag1_minus_lag2,lagged_player_history,-9.72185002253351e-06,9.72185002253351e-06,train_plus_validation,266
opportunity,target_destination_minutes_share,strict_compatibility,100.0,advanced_style_progression_trend_lag1_minus_lag2__missing,advanced_style_progression_trend_lag1_minus_lag2,lagged_player_history,-9.721850022533503e-06,9.721850022533503e-06,train_plus_validation,267
opportunity,target_destination_minutes_share,strict_compatibility,100.0,advanced_lag2_source_rows,advanced_lag2_source_rows,lagged_player_history,9.594592595055675e-06,9.594592595055675e-06,train_plus_validation,268
opportunity,target_destination_minutes_share,strict_compatibility,100.0,preference_history_minutes,preference_history_minutes,historical_teammate_preference,9.57877943523158e-06,9.57877943523158e-06,train_plus_validation,269
opportunity,target_destination_minutes_share,strict_compatibility,100.0,advanced_rolling3_style_scoring_threat,advanced_rolling3_style_scoring_threat,lagged_player_history,9.397823251463709e-06,9.397823251463709e-06,train_plus_validation,270
opportunity,target_destination_minutes_share,strict_compatibility,100.0,preference_team_passing_control_shrunken_slope,preference_team_passing_control_shrunken_slope,historical_teammate_preference,-9.155280144784076e-06,9.155280144784076e-06,train_plus_validation,271
opportunity,target_destination_minutes_share,strict_compatibility,100.0,preference_midfield_aggression_correlation,preference_midfield_aggression_correlation,historical_teammate_preference,-8.999663675128683e-06,8.999663675128683e-06,train_plus_validation,272
opportunity,target_destination_minutes_share,strict_compatibility,100.0,canonical_transfer_type==transfer,canonical_transfer_type,transfer_and_market,-8.675802935707427e-06,8.675802935707427e-06,train_plus_validation,273
opportunity,target_destination_minutes_share,strict_compatibility,100.0,preference_team_passing_control_exposure_mean__missing,preference_team_passing_control_exposure_mean,historical_teammate_preference,8.434374447663591e-06,8.434374447663591e-06,train_plus_validation,274
opportunity,target_destination_minutes_share,strict_compatibility,100.0,advanced_lag2_assists_per90__missing,advanced_lag2_assists_per90,lagged_player_history,8.171763350013552e-06,8.171763350013552e-06,train_plus_validation,275
opportunity,target_destination_minutes_share,strict_compatibility,100.0,preference_defensive_intensity_shrunken_slope__missing,preference_defensive_intensity_shrunken_slope,historical_teammate_preference,-7.1994396263527846e-06,7.1994396263527846e-06,train_plus_validation,276
opportunity,target_destination_minutes_share,strict_compatibility,100.0,advanced_lag3_style_scoring_threat__missing,advanced_lag3_style_scoring_threat,lagged_player_history,-6.676478495100938e-06,6.676478495100938e-06,train_plus_validation,277
opportunity,target_destination_minutes_share,strict_compatibility,100.0,advanced_lag3_style_defensive_intensity__missing,advanced_lag3_style_defensive_intensity,lagged_player_history,-6.6764784951009316e-06,6.6764784951009316e-06,train_plus_validation,278
opportunity,target_destination_minutes_share,strict_compatibility,100.0,preference_defensive_intensity_raw_slope,preference_defensive_intensity_raw_slope,historical_teammate_preference,6.484878862212028e-06,6.484878862212028e-06,train_plus_validation,279
opportunity,target_destination_minutes_share,strict_compatibility,100.0,advanced_lag3_source_rows__missing,advanced_lag3_source_rows,lagged_player_history,-6.01155198862054e-06,6.01155198862054e-06,train_plus_validation,280
opportunity,target_destination_minutes_share,strict_compatibility,100.0,listed_market_value_at_transfer_eur,listed_market_value_at_transfer_eur,transfer_and_market,5.893894576903444e-06,5.893894576903444e-06,train_plus_validation,281
opportunity,target_destination_minutes_share,strict_compatibility,100.0,advanced_lag3_style_directness,advanced_lag3_style_directness,lagged_player_history,-5.6782577053584225e-06,5.6782577053584225e-06,train_plus_validation,282
opportunity,target_destination_minutes_share,strict_compatibility,100.0,advanced_lag2_style_progression,advanced_lag2_style_progression,lagged_player_history,-4.530586707371968e-06,4.530586707371968e-06,train_plus_validation,283
opportunity,target_destination_minutes_share,strict_compatibility,100.0,canonical_transfer_fee_eur,canonical_transfer_fee_eur,transfer_and_market,3.7438808902552316e-06,3.7438808902552316e-06,train_plus_validation,284
opportunity,target_destination_minutes_share,strict_compatibility,100.0,preference_defensive_intensity_effective_observations,preference_defensive_intensity_effective_observations,historical_teammate_preference,3.6525459814007203e-06,3.6525459814007203e-06,train_plus_validation,285
opportunity,target_destination_minutes_share,strict_compatibility,100.0,preference_forward_mobility_effective_observations,preference_forward_mobility_effective_observations,historical_teammate_preference,3.6525459814007122e-06,3.6525459814007122e-06,train_plus_validation,286
opportunity,target_destination_minutes_share,strict_compatibility,100.0,strict_defensive_intensity_familiarity_distance__missing,strict_defensive_intensity_familiarity_distance,destination_club_compatibility,-3.6509229751972258e-06,3.6509229751972258e-06,train_plus_validation,287
opportunity,target_destination_minutes_share,strict_compatibility,100.0,preference_midfield_aggression_raw_slope,preference_midfield_aggression_raw_slope,historical_teammate_preference,-3.4567082032260202e-06,3.4567082032260202e-06,train_plus_validation,288
opportunity,target_destination_minutes_share,strict_compatibility,100.0,preference_team_passing_control_raw_slope,preference_team_passing_control_raw_slope,historical_teammate_preference,-3.444081144227687e-06,3.444081144227687e-06,train_plus_validation,289
opportunity,target_destination_minutes_share,strict_compatibility,100.0,preference_forward_mobility_shrunken_slope,preference_forward_mobility_shrunken_slope,historical_teammate_preference,-3.35372437414994e-06,3.35372437414994e-06,train_plus_validation,290
opportunity,target_destination_minutes_share,strict_compatibility,100.0,preference_midfield_creativity_raw_slope,preference_midfield_creativity_raw_slope,historical_teammate_preference,3.1690036904788837e-06,3.1690036904788837e-06,train_plus_validation,291
opportunity,target_destination_minutes_share,strict_compatibility,100.0,preference_team_passing_control_effective_observations,preference_team_passing_control_effective_observations,historical_teammate_preference,2.53237490819419e-06,2.53237490819419e-06,train_plus_validation,292
opportunity,target_destination_minutes_share,strict_compatibility,100.0,preference_defensive_intensity_shrunken_slope,preference_defensive_intensity_shrunken_slope,historical_teammate_preference,-2.4113702424877226e-06,2.4113702424877226e-06,train_plus_validation,293
opportunity,target_destination_minutes_share,strict_compatibility,100.0,strict_fw_style_aerial_physicality,strict_fw_style_aerial_physicality,destination_club_compatibility,-2.3786988003115e-06,2.3786988003115e-06,train_plus_validation,294
opportunity,target_destination_minutes_share,strict_compatibility,100.0,preference_midfield_aggression_shrunken_slope,preference_midfield_aggression_shrunken_slope,historical_teammate_preference,-2.094280039671707e-06,2.094280039671707e-06,train_plus_validation,295
opportunity,target_destination_minutes_share,strict_compatibility,100.0,strict_fw_count,strict_fw_count,destination_club_compatibility,-1.995256349036562e-06,1.995256349036562e-06,train_plus_validation,296
opportunity,target_destination_minutes_share,strict_compatibility,100.0,strict_mf_style_directness,strict_mf_style_directness,destination_club_compatibility,1.2333680370573663e-06,1.2333680370573663e-06,train_plus_validation,297
opportunity,target_destination_minutes_share,strict_compatibility,100.0,strict_player_scoring_x_midfield_creativity,strict_player_scoring_x_midfield_creativity,destination_club_compatibility,7.775854740401504e-07,7.775854740401504e-07,train_plus_validation,298
opportunity,target_destination_minutes_share,strict_compatibility,100.0,strict_preference_slope_signal,strict_preference_slope_signal,destination_club_compatibility,-5.93242230243724e-07,5.93242230243724e-07,train_plus_validation,299
opportunity,target_destination_minutes_share,strict_compatibility,100.0,strict_player_defense_x_defensive_intensity,strict_player_defense_x_defensive_intensity,destination_club_compatibility,5.115583745384204e-07,5.115583745384204e-07,train_plus_validation,300
opportunity,target_destination_minutes_share,strict_compatibility,100.0,strict_mf_style_scoring_threat,strict_mf_style_scoring_threat,destination_club_compatibility,-3.7371566740926916e-07,3.7371566740926916e-07,train_plus_validation,301
opportunity,target_destination_minutes_share,strict_compatibility,100.0,preference_forward_mobility_raw_slope,preference_forward_mobility_raw_slope,historical_teammate_preference,-3.297119885974582e-07,3.297119885974582e-07,train_plus_validation,302
opportunity,target_destination_minutes_share,strict_compatibility,100.0,advanced_style_directness_trend_lag1_minus_lag2,advanced_style_directness_trend_lag1_minus_lag2,lagged_player_history,-9.457506480861663e-08,9.457506480861663e-08,train_plus_validation,303
opportunity,target_destination_minutes_share,strict_compatibility,100.0,canonical_transfer_type==loan,canonical_transfer_type,transfer_and_market,6.087448009175609e-10,6.087448009175609e-10,train_plus_validation,304
performance,target_role_performance_index,player_history_baseline,10.0,sub_position==Attacking Midfield,sub_position,transfer_and_market,0.006822304337531225,0.006822304337531225,train_plus_validation,1
performance,target_role_performance_index,player_history_baseline,10.0,sub_position==Left Winger,sub_position,transfer_and_market,0.006734322292970103,0.006734322292970103,train_plus_validation,2
performance,target_role_performance_index,player_history_baseline,10.0,sub_position==Left Midfield,sub_position,transfer_and_market,0.006704602257943041,0.006704602257943041,train_plus_validation,3
performance,target_role_performance_index,player_history_baseline,10.0,sub_position==Centre-Forward,sub_position,transfer_and_market,0.004818880394316637,0.004818880394316637,train_plus_validation,4
performance,target_role_performance_index,player_history_baseline,10.0,advanced_lag3_assists_per90,advanced_lag3_assists_per90,lagged_player_history,0.004744827229540487,0.004744827229540487,train_plus_validation,5
performance,target_role_performance_index,player_history_baseline,10.0,height_in_cm,height_in_cm,transfer_and_market,-0.0042618202514643445,0.0042618202514643445,train_plus_validation,6
performance,target_role_performance_index,player_history_baseline,10.0,advanced_lag3_assists_per90__missing,advanced_lag3_assists_per90,lagged_player_history,0.003791902880526691,0.003791902880526691,train_plus_validation,7
performance,target_role_performance_index,player_history_baseline,10.0,advanced_lag2_style_scoring_threat,advanced_lag2_style_scoring_threat,lagged_player_history,0.003676083950329792,0.003676083950329792,train_plus_validation,8
performance,target_role_performance_index,player_history_baseline,10.0,advanced_lag1_clubs,advanced_lag1_clubs,lagged_player_history,0.0036333887807978482,0.0036333887807978482,train_plus_validation,9
performance,target_role_performance_index,player_history_baseline,10.0,advanced_lag3_clubs,advanced_lag3_clubs,lagged_player_history,0.003483114550509555,0.003483114550509555,train_plus_validation,10
performance,target_role_performance_index,player_history_baseline,10.0,advanced_lag1_npxg_per90,advanced_lag1_npxg_per90,lagged_player_history,-0.0034441180726158833,0.0034441180726158833,train_plus_validation,11
performance,target_role_performance_index,player_history_baseline,10.0,advanced_lag3_clubs__missing,advanced_lag3_clubs,lagged_player_history,0.0032481263854657956,0.0032481263854657956,train_plus_validation,12
performance,target_role_performance_index,player_history_baseline,10.0,advanced_lag1_goals_per90,advanced_lag1_goals_per90,lagged_player_history,0.00319456948317383,0.00319456948317383,train_plus_validation,13
performance,target_role_performance_index,player_history_baseline,10.0,sub_position==Right-Back,sub_position,transfer_and_market,0.0029223615213717314,0.0029223615213717314,train_plus_validation,14
performance,target_role_performance_index,player_history_baseline,10.0,advanced_lag2_style_progression__missing,advanced_lag2_style_progression,lagged_player_history,-0.002909037828901139,0.002909037828901139,train_plus_validation,15
performance,target_role_performance_index,player_history_baseline,10.0,advanced_lag3_style_scoring_threat,advanced_lag3_style_scoring_threat,lagged_player_history,-0.0028640229176941706,0.0028640229176941706,train_plus_validation,16
performance,target_role_performance_index,player_history_baseline,10.0,advanced_lag2_npxg_per90,advanced_lag2_npxg_per90,lagged_player_history,0.0027803738745314508,0.0027803738745314508,train_plus_validation,17
performance,target_role_performance_index,player_history_baseline,10.0,advanced_lag3_style_passing_control,advanced_lag3_style_passing_control,lagged_player_history,0.002741315481168242,0.002741315481168242,train_plus_validation,18
performance,target_role_performance_index,player_history_baseline,10.0,advanced_lag1_role_group==FW,advanced_lag1_role_group,lagged_player_history,0.0026395608009683593,0.0026395608009683593,train_plus_validation,19
performance,target_role_performance_index,player_history_baseline,10.0,position==Defender,position,transfer_and_market,0.002372102574545688,0.002372102574545688,train_plus_validation,20
performance,target_role_performance_index,player_history_baseline,10.0,advanced_lag2_goals_per90,advanced_lag2_goals_per90,lagged_player_history,0.0021074368309251324,0.0021074368309251324,train_plus_validation,21
performance,target_role_performance_index,player_history_baseline,10.0,advanced_lag1_style_passing_control,advanced_lag1_style_passing_control,lagged_player_history,0.002024375756502553,0.002024375756502553,train_plus_validation,22
performance,target_role_performance_index,player_history_baseline,10.0,advanced_lag1_style_creation,advanced_lag1_style_creation,lagged_player_history,0.001972923166677461,0.001972923166677461,train_plus_validation,23
performance,target_role_performance_index,player_history_baseline,10.0,sub_position==Defensive Midfield,sub_position,transfer_and_market,-0.0018519016525853447,0.0018519016525853447,train_plus_validation,24
performance,target_role_performance_index,player_history_baseline,10.0,advanced_lag3_style_aerial_physicality,advanced_lag3_style_aerial_physicality,lagged_player_history,-0.0018136196242930004,0.0018136196242930004,train_plus_validation,25
performance,target_role_performance_index,player_history_baseline,10.0,advanced_lag3_competitions,advanced_lag3_competitions,lagged_player_history,-0.0017449519303185653,0.0017449519303185653,train_plus_validation,26
performance,target_role_performance_index,player_history_baseline,10.0,advanced_lag2_clubs,advanced_lag2_clubs,lagged_player_history,-0.0016298943717211925,0.0016298943717211925,train_plus_validation,27
performance,target_role_performance_index,player_history_baseline,10.0,advanced_lag3_source_rows__missing,advanced_lag3_source_rows,lagged_player_history,0.0016110927626578062,0.0016110927626578062,train_plus_validation,28
performance,target_role_performance_index,player_history_baseline,10.0,advanced_style_aerial_physicality_trend_lag1_minus_lag2,advanced_style_aerial_physicality_trend_lag1_minus_lag2,lagged_player_history,-0.0015946304210008463,0.0015946304210008463,train_plus_validation,29
performance,target_role_performance_index,player_history_baseline,10.0,advanced_lag3_style_directness,advanced_lag3_style_directness,lagged_player_history,0.0015818534758681897,0.0015818534758681897,train_plus_validation,30
performance,target_role_performance_index,player_history_baseline,10.0,advanced_style_creation_trend_lag1_minus_lag2__missing,advanced_style_creation_trend_lag1_minus_lag2,lagged_player_history,0.0015447068930895906,0.0015447068930895906,train_plus_validation,31
performance,target_role_performance_index,player_history_baseline,10.0,advanced_lag1_style_scoring_threat,advanced_lag1_style_scoring_threat,lagged_player_history,0.001491112758789048,0.001491112758789048,train_plus_validation,32
performance,target_role_performance_index,player_history_baseline,10.0,advanced_style_defensive_intensity_trend_lag1_minus_lag2,advanced_style_defensive_intensity_trend_lag1_minus_lag2,lagged_player_history,-0.0014426174207636435,0.0014426174207636435,train_plus_validation,33
performance,target_role_performance_index,player_history_baseline,10.0,advanced_lag1_source_rows,advanced_lag1_source_rows,lagged_player_history,0.0014239676649818263,0.0014239676649818263,train_plus_validation,34
performance,target_role_performance_index,player_history_baseline,10.0,advanced_rolling3_style_progression,advanced_rolling3_style_progression,lagged_player_history,0.001291921822507241,0.001291921822507241,train_plus_validation,35
performance,target_role_performance_index,player_history_baseline,10.0,advanced_lag3_available,advanced_lag3_available,lagged_player_history,-0.0012205744402758077,0.0012205744402758077,train_plus_validation,36
performance,target_role_performance_index,player_history_baseline,10.0,advanced_style_progression_trend_lag1_minus_lag2,advanced_style_progression_trend_lag1_minus_lag2,lagged_player_history,0.0012187857112106637,0.0012187857112106637,train_plus_validation,37
performance,target_role_performance_index,player_history_baseline,10.0,advanced_lag1_assists_per90,advanced_lag1_assists_per90,lagged_player_history,0.001215212738646468,0.001215212738646468,train_plus_validation,38
performance,target_role_performance_index,player_history_baseline,10.0,advanced_lag2_competitions,advanced_lag2_competitions,lagged_player_history,0.0012077545029699523,0.0012077545029699523,train_plus_validation,39
performance,target_role_performance_index,player_history_baseline,10.0,advanced_style_progression_trend_lag1_minus_lag2__missing,advanced_style_progression_trend_lag1_minus_lag2,lagged_player_history,-0.0011734970733087505,0.0011734970733087505,train_plus_validation,40
performance,target_role_performance_index,player_history_baseline,10.0,advanced_lag3_role_performance_index__missing,advanced_lag3_role_performance_index,lagged_player_history,-0.0011648836015249922,0.0011648836015249922,train_plus_validation,41
performance,target_role_performance_index,player_history_baseline,10.0,advanced_lag3_source_rows,advanced_lag3_source_rows,lagged_player_history,-0.0011376518874567987,0.0011376518874567987,train_plus_validation,42
performance,target_role_performance_index,player_history_baseline,10.0,advanced_style_dribble_aggression_trend_lag1_minus_lag2,advanced_style_dribble_aggression_trend_lag1_minus_lag2,lagged_player_history,-0.001041256478888855,0.001041256478888855,train_plus_validation,43
performance,target_role_performance_index,player_history_baseline,10.0,advanced_lag2_source_rows,advanced_lag2_source_rows,lagged_player_history,-0.0010296419774058372,0.0010296419774058372,train_plus_validation,44
performance,target_role_performance_index,player_history_baseline,10.0,sub_position==Left-Back,sub_position,transfer_and_market,0.0009883270338316434,0.0009883270338316434,train_plus_validation,45
performance,target_role_performance_index,player_history_baseline,10.0,advanced_lag3_style_creation,advanced_lag3_style_creation,lagged_player_history,-0.000878189252740824,0.000878189252740824,train_plus_validation,46
performance,target_role_performance_index,player_history_baseline,10.0,advanced_lag3_style_creation__missing,advanced_lag3_style_creation,lagged_player_history,0.0008760636415293051,0.0008760636415293051,train_plus_validation,47
performance,target_role_performance_index,player_history_baseline,10.0,advanced_lag1_competitions,advanced_lag1_competitions,lagged_player_history,-0.000868395574763814,0.000868395574763814,train_plus_validation,48
performance,target_role_performance_index,player_history_baseline,10.0,advanced_lag2_role_group==DF,advanced_lag2_role_group,lagged_player_history,0.0008140907419737206,0.0008140907419737206,train_plus_validation,49
performance,target_role_performance_index,player_history_baseline,10.0,advanced_rolling3_style_creation,advanced_rolling3_style_creation,lagged_player_history,0.00080094874096029,0.00080094874096029,train_plus_validation,50
performance,target_role_performance_index,player_history_baseline,10.0,sub_position==Right Winger,sub_position,transfer_and_market,0.0007305757878324123,0.0007305757878324123,train_plus_validation,51
performance,target_role_performance_index,player_history_baseline,10.0,advanced_lag2_style_scoring_threat__missing,advanced_lag2_style_scoring_threat,lagged_player_history,-0.0007263506623127147,0.0007263506623127147,train_plus_validation,52
performance,target_role_performance_index,player_history_baseline,10.0,advanced_lag2_role_group==MF,advanced_lag2_role_group,lagged_player_history,0.0006955700326979098,0.0006955700326979098,train_plus_validation,53
performance,target_role_performance_index,player_history_baseline,10.0,advanced_lag3_style_passing_control__missing,advanced_lag3_style_passing_control,lagged_player_history,-0.0006858725076229367,0.0006858725076229367,train_plus_validation,54
performance,target_role_performance_index,player_history_baseline,10.0,sub_position==Centre-Back,sub_position,transfer_and_market,0.0006810776789638178,0.0006810776789638178,train_plus_validation,55
performance,target_role_performance_index,player_history_baseline,10.0,advanced_style_directness_trend_lag1_minus_lag2__missing,advanced_style_directness_trend_lag1_minus_lag2,lagged_player_history,0.0006311895013647238,0.0006311895013647238,train_plus_validation,56
performance,target_role_performance_index,player_history_baseline,10.0,advanced_style_directness_trend_lag1_minus_lag2,advanced_style_directness_trend_lag1_minus_lag2,lagged_player_history,0.0006289149459191832,0.0006289149459191832,train_plus_validation,57
performance,target_role_performance_index,player_history_baseline,10.0,advanced_lag2_style_aerial_physicality__missing,advanced_lag2_style_aerial_physicality,lagged_player_history,0.0005924110158359373,0.0005924110158359373,train_plus_validation,58
performance,target_role_performance_index,player_history_baseline,10.0,advanced_lag2_source_rows__missing,advanced_lag2_source_rows,lagged_player_history,0.0005924110158359371,0.0005924110158359371,train_plus_validation,59
performance,target_role_performance_index,player_history_baseline,10.0,advanced_lag2_role_performance_index__missing,advanced_lag2_role_performance_index,lagged_player_history,0.000592411015835937,0.000592411015835937,train_plus_validation,60
performance,target_role_performance_index,player_history_baseline,10.0,advanced_lag2_style_directness__missing,advanced_lag2_style_directness,lagged_player_history,0.0005924110158359369,0.0005924110158359369,train_plus_validation,61
performance,target_role_performance_index,player_history_baseline,10.0,advanced_lag2_style_passing_control__missing,advanced_lag2_style_passing_control,lagged_player_history,0.0005924110158359369,0.0005924110158359369,train_plus_validation,62
performance,target_role_performance_index,player_history_baseline,10.0,advanced_lag2_style_creation__missing,advanced_lag2_style_creation,lagged_player_history,0.0005924110158359368,0.0005924110158359368,train_plus_validation,63
performance,target_role_performance_index,player_history_baseline,10.0,advanced_lag2_style_dribble_aggression__missing,advanced_lag2_style_dribble_aggression,lagged_player_history,0.0005924110158359366,0.0005924110158359366,train_plus_validation,64
performance,target_role_performance_index,player_history_baseline,10.0,advanced_lag2_style_defensive_intensity__missing,advanced_lag2_style_defensive_intensity,lagged_player_history,0.0005924110158359364,0.0005924110158359364,train_plus_validation,65
performance,target_role_performance_index,player_history_baseline,10.0,advanced_lag3_style_dribble_aggression,advanced_lag3_style_dribble_aggression,lagged_player_history,-0.0005858902125869098,0.0005858902125869098,train_plus_validation,66
performance,target_role_performance_index,player_history_baseline,10.0,advanced_lag2_style_defensive_intensity,advanced_lag2_style_defensive_intensity,lagged_player_history,0.0005850927664029166,0.0005850927664029166,train_plus_validation,67
performance,target_role_performance_index,player_history_baseline,10.0,foot==left,foot,transfer_and_market,0.0005732372038129474,0.0005732372038129474,train_plus_validation,68
performance,target_role_performance_index,player_history_baseline,10.0,transfer_days_from_target_season_start,transfer_days_from_target_season_start,transfer_and_market,0.0005615014945575348,0.0005615014945575348,train_plus_validation,69
performance,target_role_performance_index,player_history_baseline,10.0,advanced_lag3_style_directness__missing,advanced_lag3_style_directness,lagged_player_history,-0.0005586721211483728,0.0005586721211483728,train_plus_validation,70
performance,target_role_performance_index,player_history_baseline,10.0,canonical_transfer_fee_status==unclassified_zero,canonical_transfer_fee_status,transfer_and_market,-0.0005361424281854835,0.0005361424281854835,train_plus_validation,71
performance,target_role_performance_index,player_history_baseline,10.0,advanced_lag2_available,advanced_lag2_available,lagged_player_history,0.0005152362489446762,0.0005152362489446762,train_plus_validation,72
performance,target_role_performance_index,player_history_baseline,10.0,position==Attack,position,transfer_and_market,0.0005082965628104172,0.0005082965628104172,train_plus_validation,73
performance,target_role_performance_index,player_history_baseline,10.0,advanced_style_scoring_threat_trend_lag1_minus_lag2,advanced_style_scoring_threat_trend_lag1_minus_lag2,lagged_player_history,0.000504806205890902,0.000504806205890902,train_plus_validation,74
performance,target_role_performance_index,player_history_baseline,10.0,advanced_lag3_style_scoring_threat__missing,advanced_lag3_style_scoring_threat,lagged_player_history,-0.0004900469991839989,0.0004900469991839989,train_plus_validation,75
performance,target_role_performance_index,player_history_baseline,10.0,advanced_lag2_role_performance_index,advanced_lag2_role_performance_index,lagged_player_history,0.00045974999555638605,0.00045974999555638605,train_plus_validation,76
performance,target_role_performance_index,player_history_baseline,10.0,advanced_lag2_style_passing_control,advanced_lag2_style_passing_control,lagged_player_history,-0.00045808734160707155,0.00045808734160707155,train_plus_validation,77
performance,target_role_performance_index,player_history_baseline,10.0,advanced_lag3_npxg_per90,advanced_lag3_npxg_per90,lagged_player_history,-0.0004476695663350605,0.0004476695663350605,train_plus_validation,78
performance,target_role_performance_index,player_history_baseline,10.0,advanced_lag3_minutes,advanced_lag3_minutes,lagged_player_history,-0.000419371425551274,0.000419371425551274,train_plus_validation,79
performance,target_role_performance_index,player_history_baseline,10.0,advanced_lag2_style_dribble_aggression,advanced_lag2_style_dribble_aggression,lagged_player_history,0.00039606768859552717,0.00039606768859552717,train_plus_validation,80
performance,target_role_performance_index,player_history_baseline,10.0,advanced_rolling3_style_scoring_threat,advanced_rolling3_style_scoring_threat,lagged_player_history,0.0003656221885815884,0.0003656221885815884,train_plus_validation,81
performance,target_role_performance_index,player_history_baseline,10.0,advanced_rolling3_style_dribble_aggression,advanced_rolling3_style_dribble_aggression,lagged_player_history,0.0003636955146566005,0.0003636955146566005,train_plus_validation,82
performance,target_role_performance_index,player_history_baseline,10.0,advanced_lag2_assists_per90,advanced_lag2_assists_per90,lagged_player_history,-0.0003624104729928613,0.0003624104729928613,train_plus_validation,83
performance,target_role_performance_index,player_history_baseline,10.0,advanced_style_creation_trend_lag1_minus_lag2,advanced_style_creation_trend_lag1_minus_lag2,lagged_player_history,-0.00035072625240487786,0.00035072625240487786,train_plus_validation,84
performance,target_role_performance_index,player_history_baseline,10.0,advanced_lag2_minutes,advanced_lag2_minutes,lagged_player_history,-0.0003483056525333266,0.0003483056525333266,train_plus_validation,85
performance,target_role_performance_index,player_history_baseline,10.0,listed_market_value_at_transfer_eur__missing,listed_market_value_at_transfer_eur,transfer_and_market,-0.000347767406140012,0.000347767406140012,train_plus_validation,86
performance,target_role_performance_index,player_history_baseline,10.0,advanced_lag2_style_aerial_physicality,advanced_lag2_style_aerial_physicality,lagged_player_history,0.0003124309798440855,0.0003124309798440855,train_plus_validation,87
performance,target_role_performance_index,player_history_baseline,10.0,advanced_style_passing_control_trend_lag1_minus_lag2__missing,advanced_style_passing_control_trend_lag1_minus_lag2,lagged_player_history,-0.0002925830666489579,0.0002925830666489579,train_plus_validation,88
performance,target_role_performance_index,player_history_baseline,10.0,sub_position==Second Striker,sub_position,transfer_and_market,-0.0002837683159376606,0.0002837683159376606,train_plus_validation,89
performance,target_role_performance_index,player_history_baseline,10.0,advanced_lag2_role_group==FW,advanced_lag2_role_group,lagged_player_history,0.0002735683138169151,0.0002735683138169151,train_plus_validation,90
performance,target_role_performance_index,player_history_baseline,10.0,advanced_lag1_minutes,advanced_lag1_minutes,lagged_player_history,-0.00027121110871913514,0.00027121110871913514,train_plus_validation,91
performance,target_role_performance_index,player_history_baseline,10.0,advanced_lag2_clubs__missing,advanced_lag2_clubs,lagged_player_history,-0.00025653679729696394,0.00025653679729696394,train_plus_validation,92
performance,target_role_performance_index,player_history_baseline,10.0,advanced_lag2_role_group==__MISSING__,advanced_lag2_role_group,lagged_player_history,-0.00025653679729696356,0.00025653679729696356,train_plus_validation,93
performance,target_role_performance_index,player_history_baseline,10.0,advanced_lag2_style_progression,advanced_lag2_style_progression,lagged_player_history,0.0002478856568784723,0.0002478856568784723,train_plus_validation,94
performance,target_role_performance_index,player_history_baseline,10.0,foot==right,foot,transfer_and_market,-0.0002469475996396618,0.0002469475996396618,train_plus_validation,95
performance,target_role_performance_index,player_history_baseline,10.0,advanced_lag1_style_directness,advanced_lag1_style_directness,lagged_player_history,-0.0002428915358025542,0.0002428915358025542,train_plus_validation,96
performance,target_role_performance_index,player_history_baseline,10.0,advanced_lag3_npxg_per90__missing,advanced_lag3_npxg_per90,lagged_player_history,-0.00020338439641399942,0.00020338439641399942,train_plus_validation,97
performance,target_role_performance_index,player_history_baseline,10.0,advanced_lag3_goals_per90__missing,advanced_lag3_goals_per90,lagged_player_history,-0.0002033843964139994,0.0002033843964139994,train_plus_validation,98
performance,target_role_performance_index,player_history_baseline,10.0,advanced_lag3_role_group==__MISSING__,advanced_lag3_role_group,lagged_player_history,-0.00020338439641399937,0.00020338439641399937,train_plus_validation,99
performance,target_role_performance_index,player_history_baseline,10.0,advanced_lag3_competitions__missing,advanced_lag3_competitions,lagged_player_history,-0.00020338439641399934,0.00020338439641399934,train_plus_validation,100
performance,target_role_performance_index,player_history_baseline,10.0,advanced_lag3_minutes__missing,advanced_lag3_minutes,lagged_player_history,-0.00020338439641399912,0.00020338439641399912,train_plus_validation,101
performance,target_role_performance_index,player_history_baseline,10.0,advanced_lag3_style_progression,advanced_lag3_style_progression,lagged_player_history,-0.00020160564747114968,0.00020160564747114968,train_plus_validation,102
performance,target_role_performance_index,player_history_baseline,10.0,canonical_transfer_type==transfer,canonical_transfer_type,transfer_and_market,-0.00019519145587416225,0.00019519145587416225,train_plus_validation,103
performance,target_role_performance_index,player_history_baseline,10.0,advanced_lag3_style_progression__missing,advanced_lag3_style_progression,lagged_player_history,-0.00018630185769925867,0.00018630185769925867,train_plus_validation,104
performance,target_role_performance_index,player_history_baseline,10.0,advanced_rolling3_style_directness,advanced_rolling3_style_directness,lagged_player_history,-0.00017301231172070096,0.00017301231172070096,train_plus_validation,105
performance,target_role_performance_index,player_history_baseline,10.0,advanced_lag3_style_dribble_aggression__missing,advanced_lag3_style_dribble_aggression,lagged_player_history,-0.0001670544129950729,0.0001670544129950729,train_plus_validation,106
performance,target_role_performance_index,player_history_baseline,10.0,advanced_lag3_style_defensive_intensity__missing,advanced_lag3_style_defensive_intensity,lagged_player_history,-0.00016705441299507288,0.00016705441299507288,train_plus_validation,107
performance,target_role_performance_index,player_history_baseline,10.0,advanced_lag3_style_aerial_physicality__missing,advanced_lag3_style_aerial_physicality,lagged_player_history,-0.00016705441299507285,0.00016705441299507285,train_plus_validation,108
performance,target_role_performance_index,player_history_baseline,10.0,advanced_lag3_goals_per90,advanced_lag3_goals_per90,lagged_player_history,-0.00016660596421801113,0.00016660596421801113,train_plus_validation,109
performance,target_role_performance_index,player_history_baseline,10.0,sub_position==Right Midfield,sub_position,transfer_and_market,-0.0001571322659693153,0.0001571322659693153,train_plus_validation,110
performance,target_role_performance_index,player_history_baseline,10.0,advanced_lag2_npxg_per90__missing,advanced_lag2_npxg_per90,lagged_player_history,0.00015207750173022898,0.00015207750173022898,train_plus_validation,111
performance,target_role_performance_index,player_history_baseline,10.0,advanced_style_dribble_aggression_trend_lag1_minus_lag2__missing,advanced_style_dribble_aggression_trend_lag1_minus_lag2,lagged_player_history,-0.00014782059434095143,0.00014782059434095143,train_plus_validation,112
performance,target_role_performance_index,player_history_baseline,10.0,advanced_lag1_role_group==MF,advanced_lag1_role_group,lagged_player_history,-0.00014505774110660797,0.00014505774110660797,train_plus_validation,113
performance,target_role_performance_index,player_history_baseline,10.0,advanced_lag1_role_group==DF,advanced_lag1_role_group,lagged_player_history,-0.00013803374618805682,0.00013803374618805682,train_plus_validation,114
performance,target_role_performance_index,player_history_baseline,10.0,listed_market_value_at_transfer_eur,listed_market_value_at_transfer_eur,transfer_and_market,-0.00012389501845689775,0.00012389501845689775,train_plus_validation,115
performance,target_role_performance_index,player_history_baseline,10.0,foot==both,foot,transfer_and_market,-0.00011324501076269104,0.00011324501076269104,train_plus_validation,116
performance,target_role_performance_index,player_history_baseline,10.0,advanced_rolling3_seasons_observed,advanced_rolling3_seasons_observed,lagged_player_history,0.00011245808124184657,0.00011245808124184657,train_plus_validation,117
performance,target_role_performance_index,player_history_baseline,10.0,advanced_lag3_role_group==FW,advanced_lag3_role_group,lagged_player_history,-0.00011234123347868157,0.00011234123347868157,train_plus_validation,118
performance,target_role_performance_index,player_history_baseline,10.0,position==Midfield,position,transfer_and_market,-0.00011205240305859109,0.00011205240305859109,train_plus_validation,119
performance,target_role_performance_index,player_history_baseline,10.0,advanced_style_scoring_threat_trend_lag1_minus_lag2__missing,advanced_style_scoring_threat_trend_lag1_minus_lag2,lagged_player_history,-0.00011061716587750057,0.00011061716587750057,train_plus_validation,120
performance,target_role_performance_index,player_history_baseline,10.0,advanced_style_defensive_intensity_trend_lag1_minus_lag2__missing,advanced_style_defensive_intensity_trend_lag1_minus_lag2,lagged_player_history,-0.00011061716587750047,0.00011061716587750047,train_plus_validation,121
performance,target_role_performance_index,player_history_baseline,10.0,advanced_style_aerial_physicality_trend_lag1_minus_lag2__missing,advanced_style_aerial_physicality_trend_lag1_minus_lag2,lagged_player_history,-0.00011061716587750043,0.00011061716587750043,train_plus_validation,122
performance,target_role_performance_index,player_history_baseline,10.0,advanced_lag3_style_defensive_intensity,advanced_lag3_style_defensive_intensity,lagged_player_history,9.818586529067861e-05,9.818586529067861e-05,train_plus_validation,123
performance,target_role_performance_index,player_history_baseline,10.0,advanced_lag3_role_performance_index,advanced_lag3_role_performance_index,lagged_player_history,-9.683591050196426e-05,9.683591050196426e-05,train_plus_validation,124
performance,target_role_performance_index,player_history_baseline,10.0,advanced_lag3_role_group==MF,advanced_lag3_role_group,lagged_player_history,9.232801081857416e-05,9.232801081857416e-05,train_plus_validation,125
performance,target_role_performance_index,player_history_baseline,10.0,advanced_rolling3_style_aerial_physicality,advanced_rolling3_style_aerial_physicality,lagged_player_history,-9.011678879416066e-05,9.011678879416066e-05,train_plus_validation,126
performance,target_role_performance_index,player_history_baseline,10.0,advanced_lag2_style_creation,advanced_lag2_style_creation,lagged_player_history,8.383333098271522e-05,8.383333098271522e-05,train_plus_validation,127
performance,target_role_performance_index,player_history_baseline,10.0,advanced_lag1_role_performance_index,advanced_lag1_role_performance_index,lagged_player_history,-8.099116749372132e-05,8.099116749372132e-05,train_plus_validation,128
performance,target_role_performance_index,player_history_baseline,10.0,canonical_transfer_fee_eur,canonical_transfer_fee_eur,transfer_and_market,-7.922074009833501e-05,7.922074009833501e-05,train_plus_validation,129
performance,target_role_performance_index,player_history_baseline,10.0,canonical_transfer_fee_status==positive_reported,canonical_transfer_fee_status,transfer_and_market,5.899062170196918e-05,5.899062170196918e-05,train_plus_validation,130
performance,target_role_performance_index,player_history_baseline,10.0,canonical_transfer_fee_status==unresolved_fee_conflict,canonical_transfer_fee_status,transfer_and_market,-5.6202253446116573e-05,5.6202253446116573e-05,train_plus_validation,131
performance,target_role_performance_index,player_history_baseline,10.0,sub_position==Central Midfield,sub_position,transfer_and_market,-4.8744034597624366e-05,4.8744034597624366e-05,train_plus_validation,132
performance,target_role_performance_index,player_history_baseline,10.0,advanced_lag2_assists_per90__missing,advanced_lag2_assists_per90,lagged_player_history,-4.3478699180872405e-05,4.3478699180872405e-05,train_plus_validation,133
performance,target_role_performance_index,player_history_baseline,10.0,age_at_transfer,age_at_transfer,transfer_and_market,4.2729180330198206e-05,4.2729180330198206e-05,train_plus_validation,134
performance,target_role_performance_index,player_history_baseline,10.0,advanced_lag1_style_aerial_physicality,advanced_lag1_style_aerial_physicality,lagged_player_history,-3.895161215059153e-05,3.895161215059153e-05,train_plus_validation,135
performance,target_role_performance_index,player_history_baseline,10.0,advanced_lag2_style_directness,advanced_lag2_style_directness,lagged_player_history,3.725917536272555e-05,3.725917536272555e-05,train_plus_validation,136
performance,target_role_performance_index,player_history_baseline,10.0,advanced_lag1_style_defensive_intensity,advanced_lag1_style_defensive_intensity,lagged_player_history,-3.574627830801978e-05,3.574627830801978e-05,train_plus_validation,137
performance,target_role_performance_index,player_history_baseline,10.0,advanced_lag1_style_progression,advanced_lag1_style_progression,lagged_player_history,-3.475205234159104e-05,3.475205234159104e-05,train_plus_validation,138
performance,target_role_performance_index,player_history_baseline,10.0,advanced_lag3_role_group==DF,advanced_lag3_role_group,lagged_player_history,-3.364812340193351e-05,3.364812340193351e-05,train_plus_validation,139
performance,target_role_performance_index,player_history_baseline,10.0,advanced_lag1_style_dribble_aggression,advanced_lag1_style_dribble_aggression,lagged_player_history,-3.210323715416329e-05,3.210323715416329e-05,train_plus_validation,140
performance,target_role_performance_index,player_history_baseline,10.0,advanced_rolling3_style_passing_control,advanced_rolling3_style_passing_control,lagged_player_history,-2.1519353624822054e-05,2.1519353624822054e-05,train_plus_validation,141
performance,target_role_performance_index,player_history_baseline,10.0,advanced_rolling3_style_defensive_intensity,advanced_rolling3_style_defensive_intensity,lagged_player_history,1.9289525333330166e-05,1.9289525333330166e-05,train_plus_validation,142
performance,target_role_performance_index,player_history_baseline,10.0,canonical_transfer_fee_eur__missing,canonical_transfer_fee_eur,transfer_and_market,-1.252006780680038e-05,1.252006780680038e-05,train_plus_validation,143
performance,target_role_performance_index,player_history_baseline,10.0,advanced_lag2_goals_per90__missing,advanced_lag2_goals_per90,lagged_player_history,9.310478249742011e-06,9.310478249742011e-06,train_plus_validation,144
performance,target_role_performance_index,player_history_baseline,10.0,advanced_lag2_competitions__missing,advanced_lag2_competitions,lagged_player_history,3.970914662017088e-06,3.970914662017088e-06,train_plus_validation,145
performance,target_role_performance_index,player_history_baseline,10.0,advanced_style_passing_control_trend_lag1_minus_lag2,advanced_style_passing_control_trend_lag1_minus_lag2,lagged_player_history,3.5106098319822474e-06,3.5106098319822474e-06,train_plus_validation,146
performance,target_role_performance_index,player_history_baseline,10.0,advanced_lag2_minutes__missing,advanced_lag2_minutes,lagged_player_history,-1.822348339796251e-06,1.822348339796251e-06,train_plus_validation,147
performance,target_role_performance_index,player_history_baseline,10.0,canonical_transfer_type==loan,canonical_transfer_type,transfer_and_market,2.162068479038055e-09,2.162068479038055e-09,train_plus_validation,148
performance,target_role_performance_index,strict_compatibility,10.0,sub_position==Left Winger,sub_position,transfer_and_market,0.006103486704562338,0.006103486704562338,train_plus_validation,1
performance,target_role_performance_index,strict_compatibility,10.0,sub_position==Attacking Midfield,sub_position,transfer_and_market,0.005650342676215648,0.005650342676215648,train_plus_validation,2
performance,target_role_performance_index,strict_compatibility,10.0,sub_position==Left Midfield,sub_position,transfer_and_market,0.0056402967884781425,0.0056402967884781425,train_plus_validation,3
performance,target_role_performance_index,strict_compatibility,10.0,advanced_style_creation_trend_lag1_minus_lag2,advanced_style_creation_trend_lag1_minus_lag2,lagged_player_history,-0.004634871366516822,0.004634871366516822,train_plus_validation,4
performance,target_role_performance_index,strict_compatibility,10.0,sub_position==Centre-Forward,sub_position,transfer_and_market,0.00431738159426316,0.00431738159426316,train_plus_validation,5
performance,target_role_performance_index,strict_compatibility,10.0,advanced_lag3_assists_per90,advanced_lag3_assists_per90,lagged_player_history,0.004227619778142979,0.004227619778142979,train_plus_validation,6
performance,target_role_performance_index,strict_compatibility,10.0,preference_midfield_creativity_exposure_mean,preference_midfield_creativity_exposure_mean,historical_teammate_preference,-0.003744045390478242,0.003744045390478242,train_plus_validation,7
performance,target_role_performance_index,strict_compatibility,10.0,preference_midfield_aggression_exposure_mean,preference_midfield_aggression_exposure_mean,historical_teammate_preference,0.0037194434922845415,0.0037194434922845415,train_plus_validation,8
performance,target_role_performance_index,strict_compatibility,10.0,strict_player_dribble_x_midfield_aggression,strict_player_dribble_x_midfield_aggression,destination_club_compatibility,0.0036522657676676755,0.0036522657676676755,train_plus_validation,9
performance,target_role_performance_index,strict_compatibility,10.0,strict_midfield_aggression_preference_slope_interaction,strict_midfield_aggression_preference_slope_interaction,destination_club_compatibility,-0.00355731966796709,0.00355731966796709,train_plus_validation,10
performance,target_role_performance_index,strict_compatibility,10.0,advanced_lag1_clubs,advanced_lag1_clubs,lagged_player_history,0.003416495994122116,0.003416495994122116,train_plus_validation,11
performance,target_role_performance_index,strict_compatibility,10.0,advanced_lag3_assists_per90__missing,advanced_lag3_assists_per90,lagged_player_history,0.0033040782889882077,0.0033040782889882077,train_plus_validation,12
performance,target_role_performance_index,strict_compatibility,10.0,strict_midfield_aggression_familiarity_distance,strict_midfield_aggression_familiarity_distance,destination_club_compatibility,-0.0032440475912363606,0.0032440475912363606,train_plus_validation,13
performance,target_role_performance_index,strict_compatibility,10.0,strict_context_defensive_intensity,strict_context_defensive_intensity,destination_club_compatibility,0.00323539364211404,0.00323539364211404,train_plus_validation,14
performance,target_role_performance_index,strict_compatibility,10.0,advanced_lag3_clubs__missing,advanced_lag3_clubs,lagged_player_history,0.0030649386328228025,0.0030649386328228025,train_plus_validation,15
performance,target_role_performance_index,strict_compatibility,10.0,preference_history_seasons,preference_history_seasons,historical_teammate_preference,0.0030582436737910347,0.0030582436737910347,train_plus_validation,16
performance,target_role_performance_index,strict_compatibility,10.0,advanced_lag2_style_scoring_threat,advanced_lag2_style_scoring_threat,lagged_player_history,0.00304625899904387,0.00304625899904387,train_plus_validation,17
performance,target_role_performance_index,strict_compatibility,10.0,advanced_lag1_goals_per90,advanced_lag1_goals_per90,lagged_player_history,0.003000221004842195,0.003000221004842195,train_plus_validation,18
performance,target_role_performance_index,strict_compatibility,10.0,strict_player_progression_x_forward_mobility,strict_player_progression_x_forward_mobility,destination_club_compatibility,-0.0029977894897090154,0.0029977894897090154,train_plus_validation,19
performance,target_role_performance_index,strict_compatibility,10.0,advanced_lag3_clubs,advanced_lag3_clubs,lagged_player_history,0.0028529854544447285,0.0028529854544447285,train_plus_validation,20
performance,target_role_performance_index,strict_compatibility,10.0,height_in_cm,height_in_cm,transfer_and_market,-0.002847978034181201,0.002847978034181201,train_plus_validation,21
performance,target_role_performance_index,strict_compatibility,10.0,sub_position==Defensive Midfield,sub_position,transfer_and_market,-0.0028043433719693775,0.0028043433719693775,train_plus_validation,22
performance,target_role_performance_index,strict_compatibility,10.0,sub_position==Right-Back,sub_position,transfer_and_market,0.002732711316191118,0.002732711316191118,train_plus_validation,23
performance,target_role_performance_index,strict_compatibility,10.0,strict_midfield_creativity_preference_distance,strict_midfield_creativity_preference_distance,destination_club_compatibility,0.002660181881941949,0.002660181881941949,train_plus_validation,24
performance,target_role_performance_index,strict_compatibility,10.0,advanced_lag1_npxg_per90,advanced_lag1_npxg_per90,lagged_player_history,-0.002576056643354485,0.002576056643354485,train_plus_validation,25
performance,target_role_performance_index,strict_compatibility,10.0,advanced_lag1_role_group==FW,advanced_lag1_role_group,lagged_player_history,0.0025629499956771086,0.0025629499956771086,train_plus_validation,26
performance,target_role_performance_index,strict_compatibility,10.0,preference_midfield_creativity_shrunken_slope__missing,preference_midfield_creativity_shrunken_slope,historical_teammate_preference,0.002462679877810645,0.002462679877810645,train_plus_validation,27
performance,target_role_performance_index,strict_compatibility,10.0,preference_forward_mobility_raw_slope__missing,preference_forward_mobility_raw_slope,historical_teammate_preference,0.0024029033375732494,0.0024029033375732494,train_plus_validation,28
performance,target_role_performance_index,strict_compatibility,10.0,strict_defensive_intensity_familiarity_distance,strict_defensive_intensity_familiarity_distance,destination_club_compatibility,0.002400387258061366,0.002400387258061366,train_plus_validation,29
performance,target_role_performance_index,strict_compatibility,10.0,strict_df_style_scoring_threat,strict_df_style_scoring_threat,destination_club_compatibility,0.0023655314397046374,0.0023655314397046374,train_plus_validation,30
performance,target_role_performance_index,strict_compatibility,10.0,strict_player_team_style_mean_absolute_distance,strict_player_team_style_mean_absolute_distance,destination_club_compatibility,0.0023056542413702964,0.0023056542413702964,train_plus_validation,31
performance,target_role_performance_index,strict_compatibility,10.0,advanced_lag3_style_passing_control__missing,advanced_lag3_style_passing_control,lagged_player_history,-0.002274224140247371,0.002274224140247371,train_plus_validation,32
performance,target_role_performance_index,strict_compatibility,10.0,strict_team_passing_control_preference_slope_interaction,strict_team_passing_control_preference_slope_interaction,destination_club_compatibility,-0.002264453496595513,0.002264453496595513,train_plus_validation,33
performance,target_role_performance_index,strict_compatibility,10.0,preference_defensive_intensity_raw_slope__missing,preference_defensive_intensity_raw_slope,historical_teammate_preference,-0.002242619090832107,0.002242619090832107,train_plus_validation,34
performance,target_role_performance_index,strict_compatibility,10.0,strict_all_style_defensive_intensity,strict_all_style_defensive_intensity,destination_club_compatibility,0.002020816775820838,0.002020816775820838,train_plus_validation,35
performance,target_role_performance_index,strict_compatibility,10.0,position==Defender,position,transfer_and_market,0.0019121354025443112,0.0019121354025443112,train_plus_validation,36
performance,target_role_performance_index,strict_compatibility,10.0,advanced_lag1_style_passing_control,advanced_lag1_style_passing_control,lagged_player_history,0.0019093301792341508,0.0019093301792341508,train_plus_validation,37
performance,target_role_performance_index,strict_compatibility,10.0,preference_midfield_creativity_performance_weighted_level,preference_midfield_creativity_performance_weighted_level,historical_teammate_preference,-0.0018767705080089954,0.0018767705080089954,train_plus_validation,38
performance,target_role_performance_index,strict_compatibility,10.0,advanced_lag2_style_progression__missing,advanced_lag2_style_progression,lagged_player_history,-0.0018249630641391937,0.0018249630641391937,train_plus_validation,39
performance,target_role_performance_index,strict_compatibility,10.0,strict_forward_mobility_preference_slope_interaction__missing,strict_forward_mobility_preference_slope_interaction,destination_club_compatibility,-0.001809493930492685,0.001809493930492685,train_plus_validation,40
performance,target_role_performance_index,strict_compatibility,10.0,advanced_style_defensive_intensity_trend_lag1_minus_lag2,advanced_style_defensive_intensity_trend_lag1_minus_lag2,lagged_player_history,-0.0017971476490008737,0.0017971476490008737,train_plus_validation,41
performance,target_role_performance_index,strict_compatibility,10.0,advanced_lag1_style_creation,advanced_lag1_style_creation,lagged_player_history,0.0017550321739227854,0.0017550321739227854,train_plus_validation,42
performance,target_role_performance_index,strict_compatibility,10.0,strict_mf_style_dribble_aggression,strict_mf_style_dribble_aggression,destination_club_compatibility,0.0017237262871888136,0.0017237262871888136,train_plus_validation,43
performance,target_role_performance_index,strict_compatibility,10.0,preference_forward_threat_performance_weighted_level,preference_forward_threat_performance_weighted_level,historical_teammate_preference,0.0017041844337026067,0.0017041844337026067,train_plus_validation,44
performance,target_role_performance_index,strict_compatibility,10.0,advanced_lag3_available,advanced_lag3_available,lagged_player_history,-0.0016833553690103842,0.0016833553690103842,train_plus_validation,45
performance,target_role_performance_index,strict_compatibility,10.0,strict_defensive_intensity_preference_distance,strict_defensive_intensity_preference_distance,destination_club_compatibility,-0.0016738858417045773,0.0016738858417045773,train_plus_validation,46
performance,target_role_performance_index,strict_compatibility,10.0,preference_team_passing_control_performance_weighted_level,preference_team_passing_control_performance_weighted_level,historical_teammate_preference,-0.0015887822250544613,0.0015887822250544613,train_plus_validation,47
performance,target_role_performance_index,strict_compatibility,10.0,strict_midfield_creativity_familiarity_distance,strict_midfield_creativity_familiarity_distance,destination_club_compatibility,0.001586177200225147,0.001586177200225147,train_plus_validation,48
performance,target_role_performance_index,strict_compatibility,10.0,advanced_lag1_source_rows,advanced_lag1_source_rows,lagged_player_history,0.0015800004272994287,0.0015800004272994287,train_plus_validation,49
performance,target_role_performance_index,strict_compatibility,10.0,strict_team_passing_control_preference_distance,strict_team_passing_control_preference_distance,destination_club_compatibility,0.001559979937242009,0.001559979937242009,train_plus_validation,50
performance,target_role_performance_index,strict_compatibility,10.0,strict_forward_mobility_familiarity_distance,strict_forward_mobility_familiarity_distance,destination_club_compatibility,0.0015194160356043773,0.0015194160356043773,train_plus_validation,51
performance,target_role_performance_index,strict_compatibility,10.0,strict_all_style_dribble_aggression,strict_all_style_dribble_aggression,destination_club_compatibility,-0.0014768165294515435,0.0014768165294515435,train_plus_validation,52
performance,target_role_performance_index,strict_compatibility,10.0,strict_fw_style_dribble_aggression,strict_fw_style_dribble_aggression,destination_club_compatibility,-0.0014426519494926905,0.0014426519494926905,train_plus_validation,53
performance,target_role_performance_index,strict_compatibility,10.0,advanced_lag1_style_scoring_threat,advanced_lag1_style_scoring_threat,lagged_player_history,0.0014100680714341915,0.0014100680714341915,train_plus_validation,54
performance,target_role_performance_index,strict_compatibility,10.0,advanced_style_aerial_physicality_trend_lag1_minus_lag2__missing,advanced_style_aerial_physicality_trend_lag1_minus_lag2,lagged_player_history,0.001392305891147305,0.001392305891147305,train_plus_validation,55
performance,target_role_performance_index,strict_compatibility,10.0,strict_team_minutes,strict_team_minutes,destination_club_compatibility,-0.0013496642836142783,0.0013496642836142783,train_plus_validation,56
performance,target_role_performance_index,strict_compatibility,10.0,advanced_lag3_goals_per90,advanced_lag3_goals_per90,lagged_player_history,-0.0012840051599066064,0.0012840051599066064,train_plus_validation,57
performance,target_role_performance_index,strict_compatibility,10.0,strict_df_style_defensive_intensity,strict_df_style_defensive_intensity,destination_club_compatibility,0.0012824021325524685,0.0012824021325524685,train_plus_validation,58
performance,target_role_performance_index,strict_compatibility,10.0,strict_all_style_creation,strict_all_style_creation,destination_club_compatibility,-0.0012501207384416292,0.0012501207384416292,train_plus_validation,59
performance,target_role_performance_index,strict_compatibility,10.0,advanced_lag3_competitions,advanced_lag3_competitions,lagged_player_history,-0.0012199644846830617,0.0012199644846830617,train_plus_validation,60
performance,target_role_performance_index,strict_compatibility,10.0,advanced_lag2_role_performance_index,advanced_lag2_role_performance_index,lagged_player_history,0.0012095254223734744,0.0012095254223734744,train_plus_validation,61
performance,target_role_performance_index,strict_compatibility,10.0,advanced_lag2_source_rows,advanced_lag2_source_rows,lagged_player_history,-0.0011948536199267116,0.0011948536199267116,train_plus_validation,62
performance,target_role_performance_index,strict_compatibility,10.0,advanced_lag1_assists_per90,advanced_lag1_assists_per90,lagged_player_history,0.0011922089922071376,0.0011922089922071376,train_plus_validation,63
performance,target_role_performance_index,strict_compatibility,10.0,listed_market_value_at_transfer_eur__missing,listed_market_value_at_transfer_eur,transfer_and_market,-0.0011864237661160493,0.0011864237661160493,train_plus_validation,64
performance,target_role_performance_index,strict_compatibility,10.0,strict_df_style_aerial_physicality,strict_df_style_aerial_physicality,destination_club_compatibility,-0.0010752919421766036,0.0010752919421766036,train_plus_validation,65
performance,target_role_performance_index,strict_compatibility,10.0,advanced_lag3_style_aerial_physicality__missing,advanced_lag3_style_aerial_physicality,lagged_player_history,0.001046139749793127,0.001046139749793127,train_plus_validation,66
performance,target_role_performance_index,strict_compatibility,10.0,sub_position==Left-Back,sub_position,transfer_and_market,0.0010425791637042154,0.0010425791637042154,train_plus_validation,67
performance,target_role_performance_index,strict_compatibility,10.0,preference_midfield_creativity_shrunken_slope,preference_midfield_creativity_shrunken_slope,historical_teammate_preference,0.0010362181461119843,0.0010362181461119843,train_plus_validation,68
performance,target_role_performance_index,strict_compatibility,10.0,strict_context_familiarity_score_0_100,strict_context_familiarity_score_0_100,destination_club_compatibility,-0.0010244482840995183,0.0010244482840995183,train_plus_validation,69
performance,target_role_performance_index,strict_compatibility,10.0,strict_fw_style_scoring_threat,strict_fw_style_scoring_threat,destination_club_compatibility,0.0010163969948643542,0.0010163969948643542,train_plus_validation,70
performance,target_role_performance_index,strict_compatibility,10.0,strict_player_passing_x_team_passing_control,strict_player_passing_x_team_passing_control,destination_club_compatibility,0.000988649167224001,0.000988649167224001,train_plus_validation,71
performance,target_role_performance_index,strict_compatibility,10.0,strict_all_style_aerial_physicality,strict_all_style_aerial_physicality,destination_club_compatibility,-0.000982288019514417,0.000982288019514417,train_plus_validation,72
performance,target_role_performance_index,strict_compatibility,10.0,advanced_lag3_role_performance_index__missing,advanced_lag3_role_performance_index,lagged_player_history,-0.000981088294085392,0.000981088294085392,train_plus_validation,73
performance,target_role_performance_index,strict_compatibility,10.0,strict_context_team_passing_control,strict_context_team_passing_control,destination_club_compatibility,0.0009686712893582387,0.0009686712893582387,train_plus_validation,74
performance,target_role_performance_index,strict_compatibility,10.0,strict_defensive_intensity_familiarity_distance__missing,strict_defensive_intensity_familiarity_distance,destination_club_compatibility,0.0009351092930219021,0.0009351092930219021,train_plus_validation,75
performance,target_role_performance_index,strict_compatibility,10.0,preference_forward_threat_raw_slope__missing,preference_forward_threat_raw_slope,historical_teammate_preference,0.0009343628627919694,0.0009343628627919694,train_plus_validation,76
performance,target_role_performance_index,strict_compatibility,10.0,strict_mf_style_progression,strict_mf_style_progression,destination_club_compatibility,-0.0009246670368887401,0.0009246670368887401,train_plus_validation,77
performance,target_role_performance_index,strict_compatibility,10.0,canonical_transfer_fee_eur__missing,canonical_transfer_fee_eur,transfer_and_market,-0.0009133349314294373,0.0009133349314294373,train_plus_validation,78
performance,target_role_performance_index,strict_compatibility,10.0,advanced_lag3_source_rows,advanced_lag3_source_rows,lagged_player_history,-0.000898019164875289,0.000898019164875289,train_plus_validation,79
performance,target_role_performance_index,strict_compatibility,10.0,preference_defensive_intensity_performance_weighted_level,preference_defensive_intensity_performance_weighted_level,historical_teammate_preference,-0.0008860311549885651,0.0008860311549885651,train_plus_validation,80
performance,target_role_performance_index,strict_compatibility,10.0,preference_model_feature_eligible,preference_model_feature_eligible,historical_teammate_preference,-0.0008742732025896582,0.0008742732025896582,train_plus_validation,81
performance,target_role_performance_index,strict_compatibility,10.0,strict_context_midfield_aggression,strict_context_midfield_aggression,destination_club_compatibility,0.0008722675812006557,0.0008722675812006557,train_plus_validation,82
performance,target_role_performance_index,strict_compatibility,10.0,strict_team_distinct_players,strict_team_distinct_players,destination_club_compatibility,-0.0008712845472244383,0.0008712845472244383,train_plus_validation,83
performance,target_role_performance_index,strict_compatibility,10.0,strict_context_midfield_creativity,strict_context_midfield_creativity,destination_club_compatibility,0.0008468474134325868,0.0008468474134325868,train_plus_validation,84
performance,target_role_performance_index,strict_compatibility,10.0,advanced_rolling3_style_aerial_physicality,advanced_rolling3_style_aerial_physicality,lagged_player_history,-0.0008265649591207619,0.0008265649591207619,train_plus_validation,85
performance,target_role_performance_index,strict_compatibility,10.0,advanced_lag2_style_scoring_threat__missing,advanced_lag2_style_scoring_threat,lagged_player_history,-0.0008095413702582615,0.0008095413702582615,train_plus_validation,86
performance,target_role_performance_index,strict_compatibility,10.0,preference_midfield_creativity_exposure_mean__missing,preference_midfield_creativity_exposure_mean,historical_teammate_preference,0.0007889730961209881,0.0007889730961209881,train_plus_validation,87
performance,target_role_performance_index,strict_compatibility,10.0,strict_all_style_passing_control,strict_all_style_passing_control,destination_club_compatibility,0.0007858519993921152,0.0007858519993921152,train_plus_validation,88
performance,target_role_performance_index,strict_compatibility,10.0,strict_preference_fit_score_0_100,strict_preference_fit_score_0_100,destination_club_compatibility,-0.0007628056339058261,0.0007628056339058261,train_plus_validation,89
performance,target_role_performance_index,strict_compatibility,10.0,strict_mf_style_creation,strict_mf_style_creation,destination_club_compatibility,0.0007567470274414379,0.0007567470274414379,train_plus_validation,90
performance,target_role_performance_index,strict_compatibility,10.0,advanced_rolling3_style_defensive_intensity,advanced_rolling3_style_defensive_intensity,lagged_player_history,-0.000750340601285185,0.000750340601285185,train_plus_validation,91
performance,target_role_performance_index,strict_compatibility,10.0,strict_preference_slope_signal__missing,strict_preference_slope_signal,destination_club_compatibility,0.0007488097394797945,0.0007488097394797945,train_plus_validation,92
performance,target_role_performance_index,strict_compatibility,10.0,canonical_transfer_fee_status==unclassified_zero,canonical_transfer_fee_status,transfer_and_market,0.000738795689415472,0.000738795689415472,train_plus_validation,93
performance,target_role_performance_index,strict_compatibility,10.0,advanced_lag1_competitions,advanced_lag1_competitions,lagged_player_history,-0.000683910061262974,0.000683910061262974,train_plus_validation,94
performance,target_role_performance_index,strict_compatibility,10.0,strict_team_player_rows,strict_team_player_rows,destination_club_compatibility,-0.0006820267571978519,0.0006820267571978519,train_plus_validation,95
performance,target_role_performance_index,strict_compatibility,10.0,advanced_lag2_npxg_per90,advanced_lag2_npxg_per90,lagged_player_history,0.0006729232860673976,0.0006729232860673976,train_plus_validation,96
performance,target_role_performance_index,strict_compatibility,10.0,strict_fw_style_defensive_intensity,strict_fw_style_defensive_intensity,destination_club_compatibility,-0.0006609476425241044,0.0006609476425241044,train_plus_validation,97
performance,target_role_performance_index,strict_compatibility,10.0,preference_defensive_intensity_exposure_mean,preference_defensive_intensity_exposure_mean,historical_teammate_preference,0.0006543404340071876,0.0006543404340071876,train_plus_validation,98
performance,target_role_performance_index,strict_compatibility,10.0,strict_forward_threat_familiarity_distance__missing,strict_forward_threat_familiarity_distance,destination_club_compatibility,-0.0006540609404720976,0.0006540609404720976,train_plus_validation,99
performance,target_role_performance_index,strict_compatibility,10.0,strict_all_teammate_count,strict_all_teammate_count,destination_club_compatibility,-0.0006520410942930578,0.0006520410942930578,train_plus_validation,100
performance,target_role_performance_index,strict_compatibility,10.0,strict_fw_style_creation,strict_fw_style_creation,destination_club_compatibility,-0.0006516574548762226,0.0006516574548762226,train_plus_validation,101
performance,target_role_performance_index,strict_compatibility,10.0,strict_all_count,strict_all_count,destination_club_compatibility,-0.0006510423207276832,0.0006510423207276832,train_plus_validation,102
performance,target_role_performance_index,strict_compatibility,10.0,sub_position==Centre-Back,sub_position,transfer_and_market,0.0006260209861236538,0.0006260209861236538,train_plus_validation,103
performance,target_role_performance_index,strict_compatibility,10.0,strict_df_style_passing_control,strict_df_style_passing_control,destination_club_compatibility,0.000625898245508711,0.000625898245508711,train_plus_validation,104
performance,target_role_performance_index,strict_compatibility,10.0,preference_defensive_intensity_shrunken_slope__missing,preference_defensive_intensity_shrunken_slope,historical_teammate_preference,-0.0006164355371245457,0.0006164355371245457,train_plus_validation,105
performance,target_role_performance_index,strict_compatibility,10.0,preference_forward_mobility_correlation__missing,preference_forward_mobility_correlation,historical_teammate_preference,-0.0006160210667483057,0.0006160210667483057,train_plus_validation,106
performance,target_role_performance_index,strict_compatibility,10.0,preference_midfield_aggression_performance_weighted_level,preference_midfield_aggression_performance_weighted_level,historical_teammate_preference,-0.0006002542554956523,0.0006002542554956523,train_plus_validation,107
performance,target_role_performance_index,strict_compatibility,10.0,advanced_style_directness_trend_lag1_minus_lag2__missing,advanced_style_directness_trend_lag1_minus_lag2,lagged_player_history,0.0005966779978531,0.0005966779978531,train_plus_validation,108
performance,target_role_performance_index,strict_compatibility,10.0,advanced_lag3_style_scoring_threat,advanced_lag3_style_scoring_threat,lagged_player_history,0.000584586277334301,0.000584586277334301,train_plus_validation,109
performance,target_role_performance_index,strict_compatibility,10.0,sub_position==Right Winger,sub_position,transfer_and_market,0.0005823890778386368,0.0005823890778386368,train_plus_validation,110
performance,target_role_performance_index,strict_compatibility,10.0,preference_team_passing_control_exposure_mean,preference_team_passing_control_exposure_mean,historical_teammate_preference,-0.0005731088290083294,0.0005731088290083294,train_plus_validation,111
performance,target_role_performance_index,strict_compatibility,10.0,strict_df_style_creation,strict_df_style_creation,destination_club_compatibility,-0.0005728643014601728,0.0005728643014601728,train_plus_validation,112
performance,target_role_performance_index,strict_compatibility,10.0,preference_forward_threat_shrunken_slope__missing,preference_forward_threat_shrunken_slope,historical_teammate_preference,0.0005565995847334401,0.0005565995847334401,train_plus_validation,113
performance,target_role_performance_index,strict_compatibility,10.0,strict_midfield_creativity_preference_slope_interaction,strict_midfield_creativity_preference_slope_interaction,destination_club_compatibility,-0.0005483051944463816,0.0005483051944463816,train_plus_validation,114
performance,target_role_performance_index,strict_compatibility,10.0,preference_forward_threat_exposure_mean,preference_forward_threat_exposure_mean,historical_teammate_preference,0.0005464678960385577,0.0005464678960385577,train_plus_validation,115
performance,target_role_performance_index,strict_compatibility,10.0,strict_mf_style_aerial_physicality,strict_mf_style_aerial_physicality,destination_club_compatibility,-0.0005327197172379137,0.0005327197172379137,train_plus_validation,116
performance,target_role_performance_index,strict_compatibility,10.0,foot==left,foot,transfer_and_market,0.000527008765788196,0.000527008765788196,train_plus_validation,117
performance,target_role_performance_index,strict_compatibility,10.0,preference_team_passing_control_exposure_mean__missing,preference_team_passing_control_exposure_mean,historical_teammate_preference,0.0005199519151224262,0.0005199519151224262,train_plus_validation,118
performance,target_role_performance_index,strict_compatibility,10.0,preference_midfield_aggression_shrunken_slope__missing,preference_midfield_aggression_shrunken_slope,historical_teammate_preference,0.0005148229336248276,0.0005148229336248276,train_plus_validation,119
performance,target_role_performance_index,strict_compatibility,10.0,strict_fw_style_directness,strict_fw_style_directness,destination_club_compatibility,0.0005142596814673904,0.0005142596814673904,train_plus_validation,120
performance,target_role_performance_index,strict_compatibility,10.0,preference_forward_threat_shrunken_slope,preference_forward_threat_shrunken_slope,historical_teammate_preference,0.0005132185939482397,0.0005132185939482397,train_plus_validation,121
performance,target_role_performance_index,strict_compatibility,10.0,preference_midfield_creativity_raw_slope,preference_midfield_creativity_raw_slope,historical_teammate_preference,0.0005121225761741514,0.0005121225761741514,train_plus_validation,122
performance,target_role_performance_index,strict_compatibility,10.0,strict_player_creation_x_forward_threat,strict_player_creation_x_forward_threat,destination_club_compatibility,0.0005082487406216236,0.0005082487406216236,train_plus_validation,123
performance,target_role_performance_index,strict_compatibility,10.0,advanced_lag2_style_progression,advanced_lag2_style_progression,lagged_player_history,0.000506608349882164,0.000506608349882164,train_plus_validation,124
performance,target_role_performance_index,strict_compatibility,10.0,advanced_lag2_goals_per90,advanced_lag2_goals_per90,lagged_player_history,0.0005051400624023478,0.0005051400624023478,train_plus_validation,125
performance,target_role_performance_index,strict_compatibility,10.0,sub_position==Second Striker,sub_position,transfer_and_market,-0.0004967538688129242,0.0004967538688129242,train_plus_validation,126
performance,target_role_performance_index,strict_compatibility,10.0,strict_df_teammate_count,strict_df_teammate_count,destination_club_compatibility,-0.0004893446859801695,0.0004893446859801695,train_plus_validation,127
performance,target_role_performance_index,strict_compatibility,10.0,strict_fw_teammate_count,strict_fw_teammate_count,destination_club_compatibility,-0.0004805352550208763,0.0004805352550208763,train_plus_validation,128
performance,target_role_performance_index,strict_compatibility,10.0,advanced_lag3_style_dribble_aggression__missing,advanced_lag3_style_dribble_aggression,lagged_player_history,-0.00047734108747414956,0.00047734108747414956,train_plus_validation,129
performance,target_role_performance_index,strict_compatibility,10.0,preference_midfield_creativity_correlation,preference_midfield_creativity_correlation,historical_teammate_preference,0.00047570196544742614,0.00047570196544742614,train_plus_validation,130
performance,target_role_performance_index,strict_compatibility,10.0,advanced_lag2_assists_per90,advanced_lag2_assists_per90,lagged_player_history,-0.0004750367305239268,0.0004750367305239268,train_plus_validation,131
performance,target_role_performance_index,strict_compatibility,10.0,preference_forward_threat_exposure_mean__missing,preference_forward_threat_exposure_mean,historical_teammate_preference,-0.0004729697464473639,0.0004729697464473639,train_plus_validation,132
performance,target_role_performance_index,strict_compatibility,10.0,strict_forward_threat_preference_slope_interaction,strict_forward_threat_preference_slope_interaction,destination_club_compatibility,-0.00047125962858980886,0.00047125962858980886,train_plus_validation,133
performance,target_role_performance_index,strict_compatibility,10.0,advanced_lag3_style_passing_control,advanced_lag3_style_passing_control,lagged_player_history,-0.0004695776471981011,0.0004695776471981011,train_plus_validation,134
performance,target_role_performance_index,strict_compatibility,10.0,strict_df_count,strict_df_count,destination_club_compatibility,-0.00046114173519024547,0.00046114173519024547,train_plus_validation,135
performance,target_role_performance_index,strict_compatibility,10.0,strict_midfield_creativity_familiarity_distance__missing,strict_midfield_creativity_familiarity_distance,destination_club_compatibility,-0.0004516362136249756,0.0004516362136249756,train_plus_validation,136
performance,target_role_performance_index,strict_compatibility,10.0,strict_df_style_progression,strict_df_style_progression,destination_club_compatibility,-0.0004498712176837541,0.0004498712176837541,train_plus_validation,137
performance,target_role_performance_index,strict_compatibility,10.0,advanced_lag2_clubs,advanced_lag2_clubs,lagged_player_history,-0.0004491171609449267,0.0004491171609449267,train_plus_validation,138
performance,target_role_performance_index,strict_compatibility,10.0,preference_forward_mobility_performance_weighted_level,preference_forward_mobility_performance_weighted_level,historical_teammate_preference,-0.00044797069912358575,0.00044797069912358575,train_plus_validation,139
performance,target_role_performance_index,strict_compatibility,10.0,advanced_lag2_style_creation,advanced_lag2_style_creation,lagged_player_history,0.0004424720406740518,0.0004424720406740518,train_plus_validation,140
performance,target_role_performance_index,strict_compatibility,10.0,advanced_lag1_style_directness,advanced_lag1_style_directness,lagged_player_history,-0.00042998089125805076,0.00042998089125805076,train_plus_validation,141
performance,target_role_performance_index,strict_compatibility,10.0,strict_fw_style_passing_control,strict_fw_style_passing_control,destination_club_compatibility,-0.0004286402429093197,0.0004286402429093197,train_plus_validation,142
performance,target_role_performance_index,strict_compatibility,10.0,preference_team_passing_control_raw_slope__missing,preference_team_passing_control_raw_slope,historical_teammate_preference,0.00042595489876388887,0.00042595489876388887,train_plus_validation,143
performance,target_role_performance_index,strict_compatibility,10.0,advanced_lag2_style_dribble_aggression,advanced_lag2_style_dribble_aggression,lagged_player_history,0.000420849850908355,0.000420849850908355,train_plus_validation,144
performance,target_role_performance_index,strict_compatibility,10.0,strict_df_style_directness,strict_df_style_directness,destination_club_compatibility,-0.00041704972634925907,0.00041704972634925907,train_plus_validation,145
performance,target_role_performance_index,strict_compatibility,10.0,preference_history_rows,preference_history_rows,historical_teammate_preference,-0.00041336802611734966,0.00041336802611734966,train_plus_validation,146
performance,target_role_performance_index,strict_compatibility,10.0,advanced_rolling3_style_scoring_threat,advanced_rolling3_style_scoring_threat,lagged_player_history,0.00041101148597857967,0.00041101148597857967,train_plus_validation,147
performance,target_role_performance_index,strict_compatibility,10.0,advanced_lag2_style_defensive_intensity,advanced_lag2_style_defensive_intensity,lagged_player_history,0.00040589748694247257,0.00040589748694247257,train_plus_validation,148
performance,target_role_performance_index,strict_compatibility,10.0,strict_fw_style_progression,strict_fw_style_progression,destination_club_compatibility,0.0004029108722447236,0.0004029108722447236,train_plus_validation,149
performance,target_role_performance_index,strict_compatibility,10.0,preference_defensive_intensity_exposure_mean__missing,preference_defensive_intensity_exposure_mean,historical_teammate_preference,-0.0003986919652647061,0.0003986919652647061,train_plus_validation,150
performance,target_role_performance_index,strict_compatibility,10.0,advanced_lag3_style_scoring_threat__missing,advanced_lag3_style_scoring_threat,lagged_player_history,-0.0003902669425718191,0.0003902669425718191,train_plus_validation,151
performance,target_role_performance_index,strict_compatibility,10.0,advanced_lag3_style_defensive_intensity__missing,advanced_lag3_style_defensive_intensity,lagged_player_history,-0.00039026694257181764,0.00039026694257181764,train_plus_validation,152
performance,target_role_performance_index,strict_compatibility,10.0,strict_forward_threat_preference_distance,strict_forward_threat_preference_distance,destination_club_compatibility,-0.0003841138329944883,0.0003841138329944883,train_plus_validation,153
performance,target_role_performance_index,strict_compatibility,10.0,preference_midfield_aggression_raw_slope__missing,preference_midfield_aggression_raw_slope,historical_teammate_preference,0.00038188862379488796,0.00038188862379488796,train_plus_validation,154
performance,target_role_performance_index,strict_compatibility,10.0,advanced_style_passing_control_trend_lag1_minus_lag2,advanced_style_passing_control_trend_lag1_minus_lag2,lagged_player_history,-0.00037868500362371176,0.00037868500362371176,train_plus_validation,155
performance,target_role_performance_index,strict_compatibility,10.0,strict_midfield_aggression_preference_slope_interaction__missing,strict_midfield_aggression_preference_slope_interaction,destination_club_compatibility,-0.0003775110479932759,0.0003775110479932759,train_plus_validation,156
performance,target_role_performance_index,strict_compatibility,10.0,advanced_lag3_style_progression,advanced_lag3_style_progression,lagged_player_history,-0.0003753793941174649,0.0003753793941174649,train_plus_validation,157
performance,target_role_performance_index,strict_compatibility,10.0,advanced_lag3_npxg_per90,advanced_lag3_npxg_per90,lagged_player_history,-0.00036775776776791844,0.00036775776776791844,train_plus_validation,158
performance,target_role_performance_index,strict_compatibility,10.0,advanced_lag2_style_aerial_physicality,advanced_lag2_style_aerial_physicality,lagged_player_history,0.00036226885760878787,0.00036226885760878787,train_plus_validation,159
performance,target_role_performance_index,strict_compatibility,10.0,preference_midfield_creativity_correlation__missing,preference_midfield_creativity_correlation,historical_teammate_preference,-0.0003603215417602851,0.0003603215417602851,train_plus_validation,160
performance,target_role_performance_index,strict_compatibility,10.0,strict_defensive_intensity_preference_slope_interaction__missing,strict_defensive_intensity_preference_slope_interaction,destination_club_compatibility,-0.00036032154176028505,0.00036032154176028505,train_plus_validation,161
performance,target_role_performance_index,strict_compatibility,10.0,advanced_style_progression_trend_lag1_minus_lag2__missing,advanced_style_progression_trend_lag1_minus_lag2,lagged_player_history,-0.0003592978852098817,0.0003592978852098817,train_plus_validation,162
performance,target_role_performance_index,strict_compatibility,10.0,advanced_style_creation_trend_lag1_minus_lag2__missing,advanced_style_creation_trend_lag1_minus_lag2,lagged_player_history,-0.0003592978852098813,0.0003592978852098813,train_plus_validation,163
performance,target_role_performance_index,strict_compatibility,10.0,advanced_style_defensive_intensity_trend_lag1_minus_lag2__missing,advanced_style_defensive_intensity_trend_lag1_minus_lag2,lagged_player_history,-0.00035929788520988094,0.00035929788520988094,train_plus_validation,164
performance,target_role_performance_index,strict_compatibility,10.0,strict_context_forward_mobility,strict_context_forward_mobility,destination_club_compatibility,-0.0003586663977565025,0.0003586663977565025,train_plus_validation,165
performance,target_role_performance_index,strict_compatibility,10.0,strict_mf_count,strict_mf_count,destination_club_compatibility,-0.0003538471257698589,0.0003538471257698589,train_plus_validation,166
performance,target_role_performance_index,strict_compatibility,10.0,advanced_lag3_style_defensive_intensity,advanced_lag3_style_defensive_intensity,lagged_player_history,0.00035319649593163014,0.00035319649593163014,train_plus_validation,167
performance,target_role_performance_index,strict_compatibility,10.0,position==Attack,position,transfer_and_market,0.00034386031594125886,0.00034386031594125886,train_plus_validation,168
performance,target_role_performance_index,strict_compatibility,10.0,preference_forward_threat_effective_observations,preference_forward_threat_effective_observations,historical_teammate_preference,-0.00033927823753224354,0.00033927823753224354,train_plus_validation,169
performance,target_role_performance_index,strict_compatibility,10.0,advanced_lag3_style_dribble_aggression,advanced_lag3_style_dribble_aggression,lagged_player_history,-0.000335298980051342,0.000335298980051342,train_plus_validation,170
performance,target_role_performance_index,strict_compatibility,10.0,advanced_rolling3_seasons_observed,advanced_rolling3_seasons_observed,lagged_player_history,-0.00033094625421561583,0.00033094625421561583,train_plus_validation,171
performance,target_role_performance_index,strict_compatibility,10.0,preference_midfield_aggression_exposure_mean__missing,preference_midfield_aggression_exposure_mean,historical_teammate_preference,0.0003244136404706745,0.0003244136404706745,train_plus_validation,172
performance,target_role_performance_index,strict_compatibility,10.0,strict_all_style_progression,strict_all_style_progression,destination_club_compatibility,0.0003205004509537179,0.0003205004509537179,train_plus_validation,173
performance,target_role_performance_index,strict_compatibility,10.0,strict_df_style_dribble_aggression,strict_df_style_dribble_aggression,destination_club_compatibility,0.0003149986467238768,0.0003149986467238768,train_plus_validation,174
performance,target_role_performance_index,strict_compatibility,10.0,advanced_lag3_style_creation,advanced_lag3_style_creation,lagged_player_history,-0.00030946038990308964,0.00030946038990308964,train_plus_validation,175
performance,target_role_performance_index,strict_compatibility,10.0,strict_forward_mobility_preference_distance,strict_forward_mobility_preference_distance,destination_club_compatibility,0.0003043195610175559,0.0003043195610175559,train_plus_validation,176
performance,target_role_performance_index,strict_compatibility,10.0,advanced_rolling3_style_passing_control,advanced_rolling3_style_passing_control,lagged_player_history,-0.0003000909668838785,0.0003000909668838785,train_plus_validation,177
performance,target_role_performance_index,strict_compatibility,10.0,preference_forward_mobility_shrunken_slope__missing,preference_forward_mobility_shrunken_slope,historical_teammate_preference,0.0002965634323605537,0.0002965634323605537,train_plus_validation,178
performance,target_role_performance_index,strict_compatibility,10.0,advanced_style_aerial_physicality_trend_lag1_minus_lag2,advanced_style_aerial_physicality_trend_lag1_minus_lag2,lagged_player_history,-0.00028960529697607087,0.00028960529697607087,train_plus_validation,179
performance,target_role_performance_index,strict_compatibility,10.0,advanced_style_dribble_aggression_trend_lag1_minus_lag2__missing,advanced_style_dribble_aggression_trend_lag1_minus_lag2,lagged_player_history,0.0002840329623095614,0.0002840329623095614,train_plus_validation,180
performance,target_role_performance_index,strict_compatibility,10.0,advanced_rolling3_style_directness,advanced_rolling3_style_directness,lagged_player_history,-0.0002817967854624775,0.0002817967854624775,train_plus_validation,181
performance,target_role_performance_index,strict_compatibility,10.0,advanced_lag3_minutes,advanced_lag3_minutes,lagged_player_history,-0.0002798661780631082,0.0002798661780631082,train_plus_validation,182
performance,target_role_performance_index,strict_compatibility,10.0,sub_position==Central Midfield,sub_position,transfer_and_market,-0.0002757392650892159,0.0002757392650892159,train_plus_validation,183
performance,target_role_performance_index,strict_compatibility,10.0,advanced_lag2_clubs__missing,advanced_lag2_clubs,lagged_player_history,-0.00026579590562695324,0.00026579590562695324,train_plus_validation,184
performance,target_role_performance_index,strict_compatibility,10.0,advanced_lag2_role_group==__MISSING__,advanced_lag2_role_group,lagged_player_history,-0.0002657959056269366,0.0002657959056269366,train_plus_validation,185
performance,target_role_performance_index,strict_compatibility,10.0,preference_team_passing_control_correlation__missing,preference_team_passing_control_correlation,historical_teammate_preference,0.00026564596818767387,0.00026564596818767387,train_plus_validation,186
performance,target_role_performance_index,strict_compatibility,10.0,preference_forward_mobility_exposure_mean,preference_forward_mobility_exposure_mean,historical_teammate_preference,0.00026399077013930375,0.00026399077013930375,train_plus_validation,187
performance,target_role_performance_index,strict_compatibility,10.0,strict_midfield_aggression_familiarity_distance__missing,strict_midfield_aggression_familiarity_distance,destination_club_compatibility,0.00026178278350699985,0.00026178278350699985,train_plus_validation,188
performance,target_role_performance_index,strict_compatibility,10.0,preference_forward_mobility_exposure_mean__missing,preference_forward_mobility_exposure_mean,historical_teammate_preference,-0.000260158180107815,0.000260158180107815,train_plus_validation,189
performance,target_role_performance_index,strict_compatibility,10.0,sub_position==Right Midfield,sub_position,transfer_and_market,-0.00025956251010347706,0.00025956251010347706,train_plus_validation,190
performance,target_role_performance_index,strict_compatibility,10.0,preference_defensive_intensity_correlation,preference_defensive_intensity_correlation,historical_teammate_preference,-0.0002594767011969195,0.0002594767011969195,train_plus_validation,191
performance,target_role_performance_index,strict_compatibility,10.0,preference_midfield_aggression_correlation,preference_midfield_aggression_correlation,historical_teammate_preference,-0.0002586443433739803,0.0002586443433739803,train_plus_validation,192
performance,target_role_performance_index,strict_compatibility,10.0,advanced_style_scoring_threat_trend_lag1_minus_lag2__missing,advanced_style_scoring_threat_trend_lag1_minus_lag2,lagged_player_history,-0.0002568511092882209,0.0002568511092882209,train_plus_validation,193
performance,target_role_performance_index,strict_compatibility,10.0,preference_forward_mobility_correlation,preference_forward_mobility_correlation,historical_teammate_preference,-0.000246329168236354,0.000246329168236354,train_plus_validation,194
performance,target_role_performance_index,strict_compatibility,10.0,strict_fw_count,strict_fw_count,destination_club_compatibility,-0.0002455877321440497,0.0002455877321440497,train_plus_validation,195
performance,target_role_performance_index,strict_compatibility,10.0,advanced_rolling3_style_creation,advanced_rolling3_style_creation,lagged_player_history,-0.0002384442727031842,0.0002384442727031842,train_plus_validation,196
performance,target_role_performance_index,strict_compatibility,10.0,advanced_style_progression_trend_lag1_minus_lag2,advanced_style_progression_trend_lag1_minus_lag2,lagged_player_history,-0.0002347871091783276,0.0002347871091783276,train_plus_validation,197
performance,target_role_performance_index,strict_compatibility,10.0,advanced_lag2_minutes,advanced_lag2_minutes,lagged_player_history,-0.0002326863811984015,0.0002326863811984015,train_plus_validation,198
performance,target_role_performance_index,strict_compatibility,10.0,preference_forward_threat_correlation,preference_forward_threat_correlation,historical_teammate_preference,-0.00023262232922730206,0.00023262232922730206,train_plus_validation,199
performance,target_role_performance_index,strict_compatibility,10.0,strict_mf_style_passing_control,strict_mf_style_passing_control,destination_club_compatibility,0.0002299298481709907,0.0002299298481709907,train_plus_validation,200
performance,target_role_performance_index,strict_compatibility,10.0,advanced_lag3_style_aerial_physicality,advanced_lag3_style_aerial_physicality,lagged_player_history,0.00021314484059144074,0.00021314484059144074,train_plus_validation,201
performance,target_role_performance_index,strict_compatibility,10.0,preference_defensive_intensity_correlation__missing,preference_defensive_intensity_correlation,historical_teammate_preference,-0.00020870701649090142,0.00020870701649090142,train_plus_validation,202
performance,target_role_performance_index,strict_compatibility,10.0,foot==right,foot,transfer_and_market,-0.00020788138288709552,0.00020788138288709552,train_plus_validation,203
performance,target_role_performance_index,strict_compatibility,10.0,preference_defensive_intensity_effective_observations,preference_defensive_intensity_effective_observations,historical_teammate_preference,-0.0002043846844321306,0.0002043846844321306,train_plus_validation,204
performance,target_role_performance_index,strict_compatibility,10.0,preference_forward_mobility_effective_observations,preference_forward_mobility_effective_observations,historical_teammate_preference,-0.00020438468443213044,0.00020438468443213044,train_plus_validation,205
performance,target_role_performance_index,strict_compatibility,10.0,position==Midfield,position,transfer_and_market,-0.00019725502532663133,0.00019725502532663133,train_plus_validation,206
performance,target_role_performance_index,strict_compatibility,10.0,preference_team_passing_control_shrunken_slope,preference_team_passing_control_shrunken_slope,historical_teammate_preference,-0.00019468843333772968,0.00019468843333772968,train_plus_validation,207
performance,target_role_performance_index,strict_compatibility,10.0,canonical_transfer_fee_status==unresolved_fee_conflict,canonical_transfer_fee_status,transfer_and_market,-0.00019283441034437587,0.00019283441034437587,train_plus_validation,208
performance,target_role_performance_index,strict_compatibility,10.0,advanced_lag2_role_group==FW,advanced_lag2_role_group,lagged_player_history,0.00019166392613081864,0.00019166392613081864,train_plus_validation,209
performance,target_role_performance_index,strict_compatibility,10.0,advanced_lag2_role_group==DF,advanced_lag2_role_group,lagged_player_history,0.0001908076523321756,0.0001908076523321756,train_plus_validation,210
performance,target_role_performance_index,strict_compatibility,10.0,advanced_lag1_minutes,advanced_lag1_minutes,lagged_player_history,-0.00018105285698103918,0.00018105285698103918,train_plus_validation,211
performance,target_role_performance_index,strict_compatibility,10.0,advanced_rolling3_style_dribble_aggression,advanced_rolling3_style_dribble_aggression,lagged_player_history,-0.0001800922355573503,0.0001800922355573503,train_plus_validation,212
performance,target_role_performance_index,strict_compatibility,10.0,strict_midfield_aggression_preference_distance,strict_midfield_aggression_preference_distance,destination_club_compatibility,-0.0001782477524876186,0.0001782477524876186,train_plus_validation,213
performance,target_role_performance_index,strict_compatibility,10.0,advanced_lag3_npxg_per90__missing,advanced_lag3_npxg_per90,lagged_player_history,-0.00017646458230545137,0.00017646458230545137,train_plus_validation,214
performance,target_role_performance_index,strict_compatibility,10.0,advanced_lag3_minutes__missing,advanced_lag3_minutes,lagged_player_history,-0.00017646458230545134,0.00017646458230545134,train_plus_validation,215
performance,target_role_performance_index,strict_compatibility,10.0,advanced_lag3_role_group==__MISSING__,advanced_lag3_role_group,lagged_player_history,-0.000176464582305451,0.000176464582305451,train_plus_validation,216
performance,target_role_performance_index,strict_compatibility,10.0,advanced_lag3_goals_per90__missing,advanced_lag3_goals_per90,lagged_player_history,-0.00017646458230544926,0.00017646458230544926,train_plus_validation,217
performance,target_role_performance_index,strict_compatibility,10.0,advanced_lag3_competitions__missing,advanced_lag3_competitions,lagged_player_history,-0.00017646458230544918,0.00017646458230544918,train_plus_validation,218
performance,target_role_performance_index,strict_compatibility,10.0,preference_team_passing_control_shrunken_slope__missing,preference_team_passing_control_shrunken_slope,historical_teammate_preference,0.0001719698992717952,0.0001719698992717952,train_plus_validation,219
performance,target_role_performance_index,strict_compatibility,10.0,preference_forward_threat_correlation__missing,preference_forward_threat_correlation,historical_teammate_preference,0.00017119777082333373,0.00017119777082333373,train_plus_validation,220
performance,target_role_performance_index,strict_compatibility,10.0,strict_midfield_creativity_preference_slope_interaction__missing,strict_midfield_creativity_preference_slope_interaction,destination_club_compatibility,0.00016847181803921995,0.00016847181803921995,train_plus_validation,221
performance,target_role_performance_index,strict_compatibility,10.0,foot==both,foot,transfer_and_market,-0.00016313513623576113,0.00016313513623576113,train_plus_validation,222
performance,target_role_performance_index,strict_compatibility,10.0,advanced_lag3_role_performance_index,advanced_lag3_role_performance_index,lagged_player_history,-0.0001597373792164182,0.0001597373792164182,train_plus_validation,223
performance,target_role_performance_index,strict_compatibility,10.0,strict_context_familiarity_score_0_100__missing,strict_context_familiarity_score_0_100,destination_club_compatibility,-0.0001578848245380528,0.0001578848245380528,train_plus_validation,224
performance,target_role_performance_index,strict_compatibility,10.0,strict_all_style_directness,strict_all_style_directness,destination_club_compatibility,0.00015401087724576192,0.00015401087724576192,train_plus_validation,225
performance,target_role_performance_index,strict_compatibility,10.0,preference_team_passing_control_effective_observations,preference_team_passing_control_effective_observations,historical_teammate_preference,-0.00015396853662332153,0.00015396853662332153,train_plus_validation,226
performance,target_role_performance_index,strict_compatibility,10.0,advanced_lag2_role_group==MF,advanced_lag2_role_group,lagged_player_history,0.0001525249330921779,0.0001525249330921779,train_plus_validation,227
performance,target_role_performance_index,strict_compatibility,10.0,strict_mf_style_defensive_intensity,strict_mf_style_defensive_intensity,destination_club_compatibility,0.0001509304921260094,0.0001509304921260094,train_plus_validation,228
performance,target_role_performance_index,strict_compatibility,10.0,strict_team_passing_control_familiarity_distance,strict_team_passing_control_familiarity_distance,destination_club_compatibility,-0.0001459273614156747,0.0001459273614156747,train_plus_validation,229
performance,target_role_performance_index,strict_compatibility,10.0,preference_midfield_creativity_effective_observations,preference_midfield_creativity_effective_observations,historical_teammate_preference,0.00014573575840889645,0.00014573575840889645,train_plus_validation,230
performance,target_role_performance_index,strict_compatibility,10.0,advanced_lag3_style_directness__missing,advanced_lag3_style_directness,lagged_player_history,-0.00014354463894607406,0.00014354463894607406,train_plus_validation,231
performance,target_role_performance_index,strict_compatibility,10.0,advanced_lag2_npxg_per90__missing,advanced_lag2_npxg_per90,lagged_player_history,0.0001401914130043324,0.0001401914130043324,train_plus_validation,232
performance,target_role_performance_index,strict_compatibility,10.0,advanced_lag1_role_group==MF,advanced_lag1_role_group,lagged_player_history,-0.00013882846505672788,0.00013882846505672788,train_plus_validation,233
performance,target_role_performance_index,strict_compatibility,10.0,advanced_lag1_role_group==DF,advanced_lag1_role_group,lagged_player_history,-0.00013518301710465172,0.00013518301710465172,train_plus_validation,234
performance,target_role_performance_index,strict_compatibility,10.0,preference_midfield_aggression_correlation__missing,preference_midfield_aggression_correlation,historical_teammate_preference,0.0001351774696882534,0.0001351774696882534,train_plus_validation,235
performance,target_role_performance_index,strict_compatibility,10.0,strict_forward_threat_preference_slope_interaction__missing,strict_forward_threat_preference_slope_interaction,destination_club_compatibility,0.00013517746968825338,0.00013517746968825338,train_plus_validation,236
performance,target_role_performance_index,strict_compatibility,10.0,preference_history_minutes,preference_history_minutes,historical_teammate_preference,-0.0001340103277123318,0.0001340103277123318,train_plus_validation,237
performance,target_role_performance_index,strict_compatibility,10.0,advanced_lag3_role_group==FW,advanced_lag3_role_group,lagged_player_history,-0.0001293907788048813,0.0001293907788048813,train_plus_validation,238
performance,target_role_performance_index,strict_compatibility,10.0,strict_defensive_intensity_preference_slope_interaction,strict_defensive_intensity_preference_slope_interaction,destination_club_compatibility,-0.0001282558870774247,0.0001282558870774247,train_plus_validation,239
performance,target_role_performance_index,strict_compatibility,10.0,strict_team_passing_control_preference_slope_interaction__missing,strict_team_passing_control_preference_slope_interaction,destination_club_compatibility,0.0001239212624890201,0.0001239212624890201,train_plus_validation,240
performance,target_role_performance_index,strict_compatibility,10.0,advanced_rolling3_style_progression,advanced_rolling3_style_progression,lagged_player_history,0.00012188672221695613,0.00012188672221695613,train_plus_validation,241
performance,target_role_performance_index,strict_compatibility,10.0,advanced_lag1_role_performance_index,advanced_lag1_role_performance_index,lagged_player_history,-0.00012102089470257736,0.00012102089470257736,train_plus_validation,242
performance,target_role_performance_index,strict_compatibility,10.0,canonical_transfer_fee_status==positive_reported,canonical_transfer_fee_status,transfer_and_market,0.00011908974781663985,0.00011908974781663985,train_plus_validation,243
performance,target_role_performance_index,strict_compatibility,10.0,age_at_transfer,age_at_transfer,transfer_and_market,0.00011579039610632844,0.00011579039610632844,train_plus_validation,244
performance,target_role_performance_index,strict_compatibility,10.0,advanced_lag2_source_rows__missing,advanced_lag2_source_rows,lagged_player_history,0.00011433863767276674,0.00011433863767276674,train_plus_validation,245
performance,target_role_performance_index,strict_compatibility,10.0,advanced_lag2_style_aerial_physicality__missing,advanced_lag2_style_aerial_physicality,lagged_player_history,0.0001143386376727661,0.0001143386376727661,train_plus_validation,246
performance,target_role_performance_index,strict_compatibility,10.0,advanced_lag2_role_performance_index__missing,advanced_lag2_role_performance_index,lagged_player_history,0.00011433863767276571,0.00011433863767276571,train_plus_validation,247
performance,target_role_performance_index,strict_compatibility,10.0,advanced_lag2_style_passing_control__missing,advanced_lag2_style_passing_control,lagged_player_history,0.00011433863767276495,0.00011433863767276495,train_plus_validation,248
performance,target_role_performance_index,strict_compatibility,10.0,advanced_lag2_style_creation__missing,advanced_lag2_style_creation,lagged_player_history,0.00011433863767276443,0.00011433863767276443,train_plus_validation,249
performance,target_role_performance_index,strict_compatibility,10.0,advanced_lag2_style_directness__missing,advanced_lag2_style_directness,lagged_player_history,0.0001143386376727644,0.0001143386376727644,train_plus_validation,250
performance,target_role_performance_index,strict_compatibility,10.0,advanced_lag2_style_dribble_aggression__missing,advanced_lag2_style_dribble_aggression,lagged_player_history,0.00011433863767276423,0.00011433863767276423,train_plus_validation,251
performance,target_role_performance_index,strict_compatibility,10.0,advanced_lag2_style_defensive_intensity__missing,advanced_lag2_style_defensive_intensity,lagged_player_history,0.00011433863767276376,0.00011433863767276376,train_plus_validation,252
performance,target_role_performance_index,strict_compatibility,10.0,strict_forward_threat_familiarity_distance,strict_forward_threat_familiarity_distance,destination_club_compatibility,-0.00011114727110924772,0.00011114727110924772,train_plus_validation,253
performance,target_role_performance_index,strict_compatibility,10.0,advanced_lag3_style_directness,advanced_lag3_style_directness,lagged_player_history,0.0001062244647431436,0.0001062244647431436,train_plus_validation,254
performance,target_role_performance_index,strict_compatibility,10.0,strict_context_forward_threat,strict_context_forward_threat,destination_club_compatibility,-0.0001044699758066701,0.0001044699758066701,train_plus_validation,255
performance,target_role_performance_index,strict_compatibility,10.0,preference_midfield_creativity_raw_slope__missing,preference_midfield_creativity_raw_slope,historical_teammate_preference,-0.00010280138903841994,0.00010280138903841994,train_plus_validation,256
performance,target_role_performance_index,strict_compatibility,10.0,canonical_transfer_type==transfer,canonical_transfer_type,transfer_and_market,-0.00010223179706348274,0.00010223179706348274,train_plus_validation,257
performance,target_role_performance_index,strict_compatibility,10.0,advanced_lag2_competitions__missing,advanced_lag2_competitions,lagged_player_history,-8.75078071460703e-05,8.75078071460703e-05,train_plus_validation,258
performance,target_role_performance_index,strict_compatibility,10.0,advanced_lag3_source_rows__missing,advanced_lag3_source_rows,lagged_player_history,8.300094377368237e-05,8.300094377368237e-05,train_plus_validation,259
performance,target_role_performance_index,strict_compatibility,10.0,listed_market_value_at_transfer_eur,listed_market_value_at_transfer_eur,transfer_and_market,-8.269807725317681e-05,8.269807725317681e-05,train_plus_validation,260
performance,target_role_performance_index,strict_compatibility,10.0,preference_team_passing_control_raw_slope,preference_team_passing_control_raw_slope,historical_teammate_preference,-8.24918502155798e-05,8.24918502155798e-05,train_plus_validation,261
performance,target_role_performance_index,strict_compatibility,10.0,strict_player_team_style_cosine_similarity,strict_player_team_style_cosine_similarity,destination_club_compatibility,8.20486763172261e-05,8.20486763172261e-05,train_plus_validation,262
performance,target_role_performance_index,strict_compatibility,10.0,advanced_lag3_role_group==DF,advanced_lag3_role_group,lagged_player_history,7.962358542848215e-05,7.962358542848215e-05,train_plus_validation,263
performance,target_role_performance_index,strict_compatibility,10.0,strict_team_passing_control_familiarity_distance__missing,strict_team_passing_control_familiarity_distance,destination_club_compatibility,7.795624139231362e-05,7.795624139231362e-05,train_plus_validation,264
performance,target_role_performance_index,strict_compatibility,10.0,preference_team_passing_control_correlation,preference_team_passing_control_correlation,historical_teammate_preference,-7.768485526334551e-05,7.768485526334551e-05,train_plus_validation,265
performance,target_role_performance_index,strict_compatibility,10.0,strict_all_style_scoring_threat,strict_all_style_scoring_threat,destination_club_compatibility,7.70011436773634e-05,7.70011436773634e-05,train_plus_validation,266
performance,target_role_performance_index,strict_compatibility,10.0,advanced_style_dribble_aggression_trend_lag1_minus_lag2,advanced_style_dribble_aggression_trend_lag1_minus_lag2,lagged_player_history,6.72255659820857e-05,6.72255659820857e-05,train_plus_validation,267
performance,target_role_performance_index,strict_compatibility,10.0,advanced_lag1_style_defensive_intensity,advanced_lag1_style_defensive_intensity,lagged_player_history,-6.691586692472904e-05,6.691586692472904e-05,train_plus_validation,268
performance,target_role_performance_index,strict_compatibility,10.0,advanced_style_passing_control_trend_lag1_minus_lag2__missing,advanced_style_passing_control_trend_lag1_minus_lag2,lagged_player_history,6.559429468332364e-05,6.559429468332364e-05,train_plus_validation,269
performance,target_role_performance_index,strict_compatibility,10.0,advanced_lag2_style_directness,advanced_lag2_style_directness,lagged_player_history,6.52266556709306e-05,6.52266556709306e-05,train_plus_validation,270
performance,target_role_performance_index,strict_compatibility,10.0,preference_defensive_intensity_shrunken_slope,preference_defensive_intensity_shrunken_slope,historical_teammate_preference,-6.475315376557301e-05,6.475315376557301e-05,train_plus_validation,271
performance,target_role_performance_index,strict_compatibility,10.0,advanced_lag2_style_passing_control,advanced_lag2_style_passing_control,lagged_player_history,-6.41571236454472e-05,6.41571236454472e-05,train_plus_validation,272
performance,target_role_performance_index,strict_compatibility,10.0,preference_midfield_aggression_shrunken_slope,preference_midfield_aggression_shrunken_slope,historical_teammate_preference,-6.32323211150515e-05,6.32323211150515e-05,train_plus_validation,273
performance,target_role_performance_index,strict_compatibility,10.0,preference_midfield_aggression_effective_observations,preference_midfield_aggression_effective_observations,historical_teammate_preference,-6.290791386060739e-05,6.290791386060739e-05,train_plus_validation,274
performance,target_role_performance_index,strict_compatibility,10.0,advanced_lag2_available,advanced_lag2_available,lagged_player_history,6.282563675657009e-05,6.282563675657009e-05,train_plus_validation,275
performance,target_role_performance_index,strict_compatibility,10.0,preference_midfield_aggression_raw_slope,preference_midfield_aggression_raw_slope,historical_teammate_preference,6.176389633260383e-05,6.176389633260383e-05,train_plus_validation,276
performance,target_role_performance_index,strict_compatibility,10.0,advanced_lag1_style_progression,advanced_lag1_style_progression,lagged_player_history,-5.927262919684703e-05,5.927262919684703e-05,train_plus_validation,277
performance,target_role_performance_index,strict_compatibility,10.0,preference_forward_mobility_shrunken_slope,preference_forward_mobility_shrunken_slope,historical_teammate_preference,-5.857656696407631e-05,5.857656696407631e-05,train_plus_validation,278
performance,target_role_performance_index,strict_compatibility,10.0,advanced_lag1_style_aerial_physicality,advanced_lag1_style_aerial_physicality,lagged_player_history,-5.8201024074558496e-05,5.8201024074558496e-05,train_plus_validation,279
performance,target_role_performance_index,strict_compatibility,10.0,advanced_lag1_style_dribble_aggression,advanced_lag1_style_dribble_aggression,lagged_player_history,-5.778401997078005e-05,5.778401997078005e-05,train_plus_validation,280
performance,target_role_performance_index,strict_compatibility,10.0,canonical_transfer_fee_eur,canonical_transfer_fee_eur,transfer_and_market,-5.2878657385645015e-05,5.2878657385645015e-05,train_plus_validation,281
performance,target_role_performance_index,strict_compatibility,10.0,strict_mf_teammate_count,strict_mf_teammate_count,destination_club_compatibility,5.235180594078169e-05,5.235180594078169e-05,train_plus_validation,282
performance,target_role_performance_index,strict_compatibility,10.0,advanced_lag2_goals_per90__missing,advanced_lag2_goals_per90,lagged_player_history,5.099583247607153e-05,5.099583247607153e-05,train_plus_validation,283
performance,target_role_performance_index,strict_compatibility,10.0,advanced_lag2_competitions,advanced_lag2_competitions,lagged_player_history,-4.917711975107213e-05,4.917711975107213e-05,train_plus_validation,284
performance,target_role_performance_index,strict_compatibility,10.0,transfer_days_from_target_season_start,transfer_days_from_target_season_start,transfer_and_market,4.3886158295014886e-05,4.3886158295014886e-05,train_plus_validation,285
performance,target_role_performance_index,strict_compatibility,10.0,advanced_lag3_role_group==MF,advanced_lag3_role_group,lagged_player_history,-3.835230224356083e-05,3.835230224356083e-05,train_plus_validation,286
performance,target_role_performance_index,strict_compatibility,10.0,preference_forward_mobility_raw_slope,preference_forward_mobility_raw_slope,historical_teammate_preference,-3.7277830681195334e-05,3.7277830681195334e-05,train_plus_validation,287
performance,target_role_performance_index,strict_compatibility,10.0,advanced_lag2_assists_per90__missing,advanced_lag2_assists_per90,lagged_player_history,-3.651505643250509e-05,3.651505643250509e-05,train_plus_validation,288
performance,target_role_performance_index,strict_compatibility,10.0,strict_forward_mobility_preference_slope_interaction,strict_forward_mobility_preference_slope_interaction,destination_club_compatibility,3.073744129952427e-05,3.073744129952427e-05,train_plus_validation,289
performance,target_role_performance_index,strict_compatibility,10.0,preference_forward_threat_raw_slope,preference_forward_threat_raw_slope,historical_teammate_preference,2.6422692097535212e-05,2.6422692097535212e-05,train_plus_validation,290
performance,target_role_performance_index,strict_compatibility,10.0,advanced_style_scoring_threat_trend_lag1_minus_lag2,advanced_style_scoring_threat_trend_lag1_minus_lag2,lagged_player_history,-2.6395538880268927e-05,2.6395538880268927e-05,train_plus_validation,291
performance,target_role_performance_index,strict_compatibility,10.0,advanced_lag3_style_creation__missing,advanced_lag3_style_creation,lagged_player_history,2.4649813433837788e-05,2.4649813433837788e-05,train_plus_validation,292
performance,target_role_performance_index,strict_compatibility,10.0,advanced_lag3_style_progression__missing,advanced_lag3_style_progression,lagged_player_history,2.464981343376579e-05,2.464981343376579e-05,train_plus_validation,293
performance,target_role_performance_index,strict_compatibility,10.0,strict_mf_style_directness,strict_mf_style_directness,destination_club_compatibility,-1.9822637811324708e-05,1.9822637811324708e-05,train_plus_validation,294
performance,target_role_performance_index,strict_compatibility,10.0,strict_forward_mobility_familiarity_distance__missing,strict_forward_mobility_familiarity_distance,destination_club_compatibility,1.8671241595229765e-05,1.8671241595229765e-05,train_plus_validation,295
performance,target_role_performance_index,strict_compatibility,10.0,advanced_lag2_minutes__missing,advanced_lag2_minutes,lagged_player_history,1.8387543787899816e-05,1.8387543787899816e-05,train_plus_validation,296
performance,target_role_performance_index,strict_compatibility,10.0,preference_defensive_intensity_raw_slope,preference_defensive_intensity_raw_slope,historical_teammate_preference,-1.4176675210922323e-05,1.4176675210922323e-05,train_plus_validation,297
performance,target_role_performance_index,strict_compatibility,10.0,strict_player_scoring_x_midfield_creativity,strict_player_scoring_x_midfield_creativity,destination_club_compatibility,-1.3487515874564828e-05,1.3487515874564828e-05,train_plus_validation,298
performance,target_role_performance_index,strict_compatibility,10.0,strict_player_defense_x_defensive_intensity,strict_player_defense_x_defensive_intensity,destination_club_compatibility,-1.0266376875770317e-05,1.0266376875770317e-05,train_plus_validation,299
performance,target_role_performance_index,strict_compatibility,10.0,advanced_style_directness_trend_lag1_minus_lag2,advanced_style_directness_trend_lag1_minus_lag2,lagged_player_history,-9.671491680056025e-06,9.671491680056025e-06,train_plus_validation,300
performance,target_role_performance_index,strict_compatibility,10.0,strict_mf_style_scoring_threat,strict_mf_style_scoring_threat,destination_club_compatibility,7.35043843652319e-06,7.35043843652319e-06,train_plus_validation,301
performance,target_role_performance_index,strict_compatibility,10.0,strict_preference_slope_signal,strict_preference_slope_signal,destination_club_compatibility,6.844226516313903e-06,6.844226516313903e-06,train_plus_validation,302
performance,target_role_performance_index,strict_compatibility,10.0,strict_fw_style_aerial_physicality,strict_fw_style_aerial_physicality,destination_club_compatibility,3.398076038264222e-06,3.398076038264222e-06,train_plus_validation,303
performance,target_role_performance_index,strict_compatibility,10.0,canonical_transfer_type==loan,canonical_transfer_type,transfer_and_market,1.5781399009809194e-09,1.5781399009809194e-09,train_plus_validation,304
