canonical_performance_id,canonical_player_name,canonical_club_name,season_start_year,role_group,recommended_time_split,target_key,target_column,model_variant,fit_scope,actual,prediction_raw,prediction,residual,absolute_error
pts:103565:618:FR1:2018,Wahbi Khazri,AS Saint-Étienne,2018,FW,train,opportunity,target_destination_minutes_share,mean_only,train,0.845945945945946,0.48854351800129436,0.48854351800129436,0.3574024279446516,0.3574024279446516
pts:111347:1038:IT1:2018,Lorenzo Tonelli,UC Sampdoria,2018,DF,train,opportunity,target_destination_minutes_share,mean_only,train,0.496996996996997,0.48854351800129436,0.48854351800129436,0.008453478995702646,0.008453478995702646
pts:112935:33:L1:2018,Mark Uth,FC Schalke 04,2018,FW,train,opportunity,target_destination_minutes_share,mean_only,train,0.5043010752688172,0.48854351800129436,0.48854351800129436,0.015757557267522815,0.015757557267522815
pts:122797:969:FR1:2018,Andy Delort,Montpellier HSC,2018,FW,train,opportunity,target_destination_minutes_share,mean_only,train,0.9354354354354354,0.48854351800129436,0.48854351800129436,0.44689191743414103,0.44689191743414103
pts:124902:6574:IT1:2018,Khouma Babacar,US Sassuolo,2018,FW,train,opportunity,target_destination_minutes_share,mean_only,train,0.4592592592592592,0.48854351800129436,0.48854351800129436,-0.029284258742035163,0.029284258742035163
pts:126719:583:FR1:2018,Juan Bernat,Paris Saint-Germain,2018,DF,train,opportunity,target_destination_minutes_share,mean_only,train,0.6580645161290323,0.48854351800129436,0.48854351800129436,0.1695209981277379,0.1695209981277379
pts:127076:82:L1:2018,Jérôme Roussillon,VfL Wolfsburg,2018,DF,train,opportunity,target_destination_minutes_share,mean_only,train,0.8042483660130719,0.48854351800129436,0.48854351800129436,0.31570484801177756,0.31570484801177756
pts:129476:1010:GB1:2018,Gerard Deulofeu,Watford FC,2018,FW,train,opportunity,target_destination_minutes_share,mean_only,train,0.604093567251462,0.48854351800129436,0.48854351800129436,0.11555004925016765,0.11555004925016765
pts:130360:6195:IT1:2018,Simone Verdi,SSC Napoli,2018,MF,train,opportunity,target_destination_minutes_share,mean_only,train,0.2172839506172839,0.48854351800129436,0.48854351800129436,-0.27125956738401047,0.27125956738401047
pts:134294:180:GB1:2018,Danny Ings,Southampton FC,2018,FW,train,opportunity,target_destination_minutes_share,mean_only,train,0.4827485380116959,0.48854351800129436,0.48854351800129436,-0.005794979989598437,0.005794979989598437
pts:163222:1038:IT1:2018,Grégoire Defrel,UC Sampdoria,2018,FW,train,opportunity,target_destination_minutes_share,mean_only,train,0.7024024024024024,0.48854351800129436,0.48854351800129436,0.213858884401108,0.213858884401108
pts:170544:417:FR1:2018,Christophe Hérelle,OGC Nice,2018,DF,train,opportunity,target_destination_minutes_share,mean_only,train,0.881981981981982,0.48854351800129436,0.48854351800129436,0.3934384639806876,0.3934384639806876
pts:170953:1420:FR1:2018,Stéphane Bahoken,Angers SCO,2018,FW,train,opportunity,target_destination_minutes_share,mean_only,train,0.7219298245614035,0.48854351800129436,0.48854351800129436,0.23338630656010917,0.23338630656010917
pts:178313:162:FR1:2018,Jean-Eudes Aholou,AS Monaco,2018,MF,train,opportunity,target_destination_minutes_share,mean_only,train,0.3619528619528619,0.48854351800129436,0.48854351800129436,-0.12659065604843245,0.12659065604843245
pts:181378:969:FR1:2018,Gaëtan Laborde,Montpellier HSC,2018,FW,train,opportunity,target_destination_minutes_share,mean_only,train,0.8693693693693694,0.48854351800129436,0.48854351800129436,0.380825851368075,0.380825851368075
pts:182618:5:IT1:2018,Tiemoué Bakayoko,AC Milan,2018,MF,train,opportunity,target_destination_minutes_share,mean_only,train,0.7101851851851851,0.48854351800129436,0.48854351800129436,0.22164166718389078,0.22164166718389078
pts:183031:416:IT1:2018,Koffi Djidji,Torino FC,2018,DF,train,opportunity,target_destination_minutes_share,mean_only,train,0.4165165165165165,0.48854351800129436,0.48854351800129436,-0.07202700148477786,0.07202700148477786
pts:195171:5:IT1:2018,Samu Castillejo,AC Milan,2018,FW,train,opportunity,target_destination_minutes_share,mean_only,train,0.3157407407407407,0.48854351800129436,0.48854351800129436,-0.17280277726055365,0.17280277726055365
pts:199258:2722:IT1:2018,Andrea Petagna,SPAL,2018,FW,train,opportunity,target_destination_minutes_share,mean_only,train,0.9354938271604938,0.48854351800129436,0.48854351800129436,0.4469503091591994,0.4469503091591994
pts:199369:681:ES1:2018,Sandro Ramírez,Real Sociedad,2018,FW,train,opportunity,target_destination_minutes_share,mean_only,train,0.3168168168168168,0.48854351800129436,0.48854351800129436,-0.17172670118447758,0.17172670118447758
pts:236041:1416:FR1:2018,Alexis Blin,Amiens SC,2018,MF,train,opportunity,target_destination_minutes_share,mean_only,train,0.5818713450292398,0.48854351800129436,0.48854351800129436,0.0933278270279454,0.0933278270279454
pts:236400:1041:FR1:2018,Leo Dubois,Olympique Lyon,2018,DF,train,opportunity,target_destination_minutes_share,mean_only,train,0.6138138138138138,0.48854351800129436,0.48854351800129436,0.12527029581251947,0.12527029581251947
pts:238752:46:IT1:2018,Keita Baldé,Inter Milan,2018,FW,train,opportunity,target_destination_minutes_share,mean_only,train,0.2599415204678362,0.48854351800129436,0.48854351800129436,-0.22860199753345817,0.22860199753345817
pts:241229:244:FR1:2018,Jordan Amavi,Olympique Marseille,2018,DF,train,opportunity,target_destination_minutes_share,mean_only,train,0.6719135802469136,0.48854351800129436,0.48854351800129436,0.18337006224561925,0.18337006224561925
pts:27389:1049:ES1:2018,Kévin Gameiro,Valencia CF,2018,FW,train,opportunity,target_destination_minutes_share,mean_only,train,0.4975308641975308,0.48854351800129436,0.48854351800129436,0.008987346196236423,0.008987346196236423
pts:28140:415:FR1:2018,Max Gradel,FC Toulouse,2018,FW,train,opportunity,target_destination_minutes_share,mean_only,train,1.0,0.48854351800129436,0.48854351800129436,0.5114564819987056,0.5114564819987056
pts:281755:3709:ES1:2018,Iván Alejo,Getafe CF,2018,MF,train,opportunity,target_destination_minutes_share,mean_only,train,0.0426900584795321,0.48854351800129436,0.48854351800129436,-0.44585345952176225,0.44585345952176225
pts:302215:31:GB1:2018,Naby Keïta,Liverpool FC,2018,MF,train,opportunity,target_destination_minutes_share,mean_only,train,0.4064327485380117,0.48854351800129436,0.48854351800129436,-0.08211076946328266,0.08211076946328266
pts:302991:3368:ES1:2018,Erick Cabaco,Levante UD,2018,DF,train,opportunity,target_destination_minutes_share,mean_only,train,0.4900900900900901,0.48854351800129436,0.48854351800129436,0.0015465720887957168,0.0015465720887957168
pts:319160:1038:IT1:2018,Jakub Jankto,UC Sampdoria,2018,MF,train,opportunity,target_destination_minutes_share,mean_only,train,0.2891891891891892,0.48854351800129436,0.48854351800129436,-0.19935432881210519,0.19935432881210519
pts:32113:416:IT1:2018,Armando Izzo,Torino FC,2018,DF,train,opportunity,target_destination_minutes_share,mean_only,train,0.9822822822822824,0.48854351800129436,0.48854351800129436,0.49373876428098806,0.49373876428098806
pts:335147:969:FR1:2018,Junior Sambia,Montpellier HSC,2018,MF,train,opportunity,target_destination_minutes_share,mean_only,train,0.278078078078078,0.48854351800129436,0.48854351800129436,-0.21046543992321637,0.21046543992321637
pts:34322:11:GB1:2018,Sokratis Papastathopoulos,Arsenal FC,2018,DF,train,opportunity,target_destination_minutes_share,mean_only,train,0.678395061728395,0.48854351800129436,0.48854351800129436,0.18985154372710067,0.18985154372710067
pts:38607:6574:IT1:2018,Federico Di Francesco,US Sassuolo,2018,FW,train,opportunity,target_destination_minutes_share,mean_only,train,0.3314814814814815,0.48854351800129436,0.48854351800129436,-0.15706203651981288,0.15706203651981288
pts:39983:506:IT1:2018,Leonardo Bonucci,Juventus FC,2018,DF,train,opportunity,target_destination_minutes_share,mean_only,train,0.886021505376344,0.48854351800129436,0.48854351800129436,0.3974779873750497,0.3974779873750497
pts:40633:398:IT1:2018,Milan Badelj,SS Lazio,2018,MF,train,opportunity,target_destination_minutes_share,mean_only,train,0.3426426426426426,0.48854351800129436,0.48854351800129436,-0.14590087535865176,0.14590087535865176
pts:42412:1003:GB1:2018,Jonny Evans,Leicester City,2018,DF,train,opportunity,target_destination_minutes_share,mean_only,train,0.583625730994152,0.48854351800129436,0.48854351800129436,0.09508221299285768,0.09508221299285768
pts:427161:667:FR1:2018,Lebo Mothiba,RC Strasbourg Alsace,2018,FW,train,opportunity,target_destination_minutes_share,mean_only,train,0.5318318318318318,0.48854351800129436,0.48854351800129436,0.04328831383053744,0.04328831383053744
pts:432772:162:FR1:2018,Samuel Grandsir,AS Monaco,2018,FW,train,opportunity,target_destination_minutes_share,mean_only,train,0.1579124579124579,0.48854351800129436,0.48854351800129436,-0.33063106008883647,0.33063106008883647
pts:44059:252:IT1:2018,Ervin Zukanović,Genoa CFC,2018,DF,train,opportunity,target_destination_minutes_share,mean_only,train,0.5730994152046783,0.48854351800129436,0.48854351800129436,0.08455589720338397,0.08455589720338397
pts:483573:1108:ES1:2018,Martin Agirregabiria,Deportivo Alavés,2018,DF,train,opportunity,target_destination_minutes_share,mean_only,train,0.6271604938271605,0.48854351800129436,0.48854351800129436,0.13861697582586618,0.13861697582586618
pts:56100:1237:GB1:2018,Leon Balogun,Brighton & Hove Albion,2018,DF,train,opportunity,target_destination_minutes_share,mean_only,train,0.1736842105263158,0.48854351800129436,0.48854351800129436,-0.3148593074749786,0.3148593074749786
pts:581781:2969:FR1:2018,Enzo Loiodice,Dijon FCO,2018,MF,train,opportunity,target_destination_minutes_share,mean_only,train,0.2623456790123457,0.48854351800129436,0.48854351800129436,-0.22619783898894869,0.22619783898894869
pts:59631:162:FR1:2018,Nacer Chadli,AS Monaco,2018,MF,train,opportunity,target_destination_minutes_share,mean_only,train,0.2326599326599326,0.48854351800129436,0.48854351800129436,-0.2558835853413618,0.2558835853413618
pts:60542:368:ES1:2018,Maxime Gonalons,Sevilla FC,2018,MF,train,opportunity,target_destination_minutes_share,mean_only,train,0.1714285714285714,0.48854351800129436,0.48854351800129436,-0.317114946572723,0.317114946572723
pts:60577:416:IT1:2018,Nicolas Nkoulou,Torino FC,2018,DF,train,opportunity,target_destination_minutes_share,mean_only,train,0.9651651651651652,0.48854351800129436,0.48854351800129436,0.4766216471638708,0.4766216471638708
pts:66934:873:GB1:2018,Cheikhou Kouyaté,Crystal Palace,2018,MF,train,opportunity,target_destination_minutes_share,mean_only,train,0.5552631578947368,0.48854351800129436,0.48854351800129436,0.06671963989344243,0.06671963989344243
pts:68645:1237:GB1:2018,Martín Montoya,Brighton & Hove Albion,2018,DF,train,opportunity,target_destination_minutes_share,mean_only,train,0.6336257309941521,0.48854351800129436,0.48854351800129436,0.14508221299285773,0.14508221299285773
pts:68864:244:FR1:2018,Kevin Strootman,Olympique Marseille,2018,MF,train,opportunity,target_destination_minutes_share,mean_only,train,0.5993827160493828,0.48854351800129436,0.48854351800129436,0.1108391980480884,0.1108391980480884
pts:70245:3709:ES1:2018,Ignasi Miquel,Getafe CF,2018,DF,train,opportunity,target_destination_minutes_share,mean_only,train,0.0923976608187134,0.48854351800129436,0.48854351800129436,-0.396145857182581,0.396145857182581
pts:73185:379:GB1:2018,Lucas Pérez,West Ham United,2018,FW,train,opportunity,target_destination_minutes_share,mean_only,train,0.1388888888888889,0.48854351800129436,0.48854351800129436,-0.34965462911240547,0.34965462911240547
pts:73734:12:IT1:2018,Steven Nzonzi,AS Roma,2018,MF,train,opportunity,target_destination_minutes_share,mean_only,train,0.8307936507936508,0.48854351800129436,0.48854351800129436,0.3422501327923564,0.3422501327923564
pts:74228:12321:ES1:2018,Marc Muniesa,Girona FC,2018,DF,train,opportunity,target_destination_minutes_share,mean_only,train,0.4594771241830065,0.48854351800129436,0.48854351800129436,-0.02906639381828785,0.02906639381828785
pts:88909:1038:IT1:2018,Riccardo Saponara,UC Sampdoria,2018,MF,train,opportunity,target_destination_minutes_share,mean_only,train,0.2717717717717717,0.48854351800129436,0.48854351800129436,-0.21677174622952267,0.21677174622952267
pts:95641:1108:ES1:2018,Darko Brašanac,Deportivo Alavés,2018,MF,train,opportunity,target_destination_minutes_share,mean_only,train,0.4876543209876543,0.48854351800129436,0.48854351800129436,-0.0008891970136400418,0.0008891970136400418
pts:99232:410:IT1:2018,Marco D'Alessandro,Udinese Calcio,2018,DF,train,opportunity,target_destination_minutes_share,mean_only,train,0.4614197530864197,0.48854351800129436,0.48854351800129436,-0.02712376491487467,0.02712376491487467
pts:101213:6574:IT1:2019,Pedro Obiang,US Sassuolo,2019,MF,train,opportunity,target_destination_minutes_share,mean_only,train,0.5166666666666667,0.48854351800129436,0.48854351800129436,0.028123148665372355,0.028123148665372355
pts:104752:6195:IT1:2019,Kostas Manolas,SSC Napoli,2019,DF,train,opportunity,target_destination_minutes_share,mean_only,train,0.6534534534534534,0.48854351800129436,0.48854351800129436,0.16490993545215904,0.16490993545215904
pts:118284:969:FR1:2019,Jordan Ferri,Montpellier HSC,2019,MF,train,opportunity,target_destination_minutes_share,mean_only,train,0.4563492063492063,0.48854351800129436,0.48854351800129436,-0.03219431165208808,0.03219431165208808
pts:122797:969:FR1:2019,Andy Delort,Montpellier HSC,2019,FW,train,opportunity,target_destination_minutes_share,mean_only,train,0.9047619047619048,0.48854351800129436,0.48854351800129436,0.4162183867606104,0.4162183867606104
pts:127142:273:FR1:2019,Jonas Martin,Stade Rennais FC,2019,MF,train,opportunity,target_destination_minutes_share,mean_only,train,0.0465020576131687,0.48854351800129436,0.48854351800129436,-0.44204146038812564,0.44204146038812564
pts:127156:969:FR1:2019,Téji Savanier,Montpellier HSC,2019,MF,train,opportunity,target_destination_minutes_share,mean_only,train,0.6047619047619047,0.48854351800129436,0.48854351800129436,0.11621838676061036,0.11621838676061036
pts:130360:416:IT1:2019,Simone Verdi,Torino FC,2019,MF,train,opportunity,target_destination_minutes_share,mean_only,train,0.6398148148148148,0.48854351800129436,0.48854351800129436,0.15127129681352047,0.15127129681352047
pts:131708:1244:ES1:2019,Kenneth Omeruo,CD Leganés,2019,DF,train,opportunity,target_destination_minutes_share,mean_only,train,0.630976430976431,0.48854351800129436,0.48854351800129436,0.1424329129751366,0.1424329129751366
pts:134294:180:GB1:2019,Danny Ings,Southampton FC,2019,FW,train,opportunity,target_destination_minutes_share,mean_only,train,0.8198830409356725,0.48854351800129436,0.48854351800129436,0.3313395229343782,0.3313395229343782
pts:146854:162:FR1:2019,Wissam Ben Yedder,AS Monaco,2019,FW,train,opportunity,target_destination_minutes_share,mean_only,train,0.8587301587301587,0.48854351800129436,0.48854351800129436,0.3701866407288643,0.3701866407288643
pts:162056:3368:ES1:2019,Gonzalo Melero,Levante UD,2019,MF,train,opportunity,target_destination_minutes_share,mean_only,train,0.3614035087719298,0.48854351800129436,0.48854351800129436,-0.12714000922936458,0.12714000922936458
pts:163222:6574:IT1:2019,Grégoire Defrel,US Sassuolo,2019,FW,train,opportunity,target_destination_minutes_share,mean_only,train,0.3024691358024691,0.48854351800129436,0.48854351800129436,-0.18607438219882527,0.18607438219882527
pts:164771:12:IT1:2019,Jordan Veretout,AS Roma,2019,MF,train,opportunity,target_destination_minutes_share,mean_only,train,0.8346031746031746,0.48854351800129436,0.48854351800129436,0.3460596566018802,0.3460596566018802
pts:165873:366:ES1:2019,Federico Barba,Real Valladolid CF,2019,DF,train,opportunity,target_destination_minutes_share,mean_only,train,0.1388888888888889,0.48854351800129436,0.48854351800129436,-0.34965462911240547,0.34965462911240547
pts:167859:252:IT1:2019,Stefano Sturaro,Genoa CFC,2019,MF,train,opportunity,target_destination_minutes_share,mean_only,train,0.4091503267973856,0.48854351800129436,0.48854351800129436,-0.07939319120390875,0.07939319120390875
pts:176139:1025:IT1:2019,Mattia Bani,Bologna FC 1909,2019,DF,train,opportunity,target_destination_minutes_share,mean_only,train,0.6627627627627628,0.48854351800129436,0.48854351800129436,0.17421924476146844,0.17421924476146844
pts:178313:618:FR1:2019,Jean-Eudes Aholou,AS Saint-Étienne,2019,MF,train,opportunity,target_destination_minutes_share,mean_only,train,0.2692307692307692,0.48854351800129436,0.48854351800129436,-0.21931274877052515,0.21931274877052515
pts:182618:162:FR1:2019,Tiemoué Bakayoko,AS Monaco,2019,MF,train,opportunity,target_destination_minutes_share,mean_only,train,0.6821428571428572,0.48854351800129436,0.48854351800129436,0.1935993391415628,0.1935993391415628
pts:183031:416:IT1:2019,Koffi Djidji,Torino FC,2019,DF,train,opportunity,target_destination_minutes_share,mean_only,train,0.2626543209876543,0.48854351800129436,0.48854351800129436,-0.22588919701364008,0.22588919701364008
pts:199258:2722:IT1:2019,Andrea Petagna,SPAL,2019,FW,train,opportunity,target_destination_minutes_share,mean_only,train,0.9358024691358025,0.48854351800129436,0.48854351800129436,0.4472589511345081,0.4472589511345081
pts:199369:366:ES1:2019,Sandro Ramírez,Real Valladolid CF,2019,FW,train,opportunity,target_destination_minutes_share,mean_only,train,0.4030864197530864,0.48854351800129436,0.48854351800129436,-0.08545709824820796,0.08545709824820796
pts:202278:273:FR1:2019,Flavien Tait,Stade Rennais FC,2019,MF,train,opportunity,target_destination_minutes_share,mean_only,train,0.3641975308641975,0.48854351800129436,0.48854351800129436,-0.12434598713709688,0.12434598713709688
pts:203496:150:ES1:2019,Nabil Fekir,Real Betis Balompié,2019,MF,train,opportunity,target_destination_minutes_share,mean_only,train,0.8141975308641975,0.48854351800129436,0.48854351800129436,0.3256540128629032,0.3256540128629032
pts:216179:46:IT1:2019,Stefano Sensi,Inter Milan,2019,MF,train,opportunity,target_destination_minutes_share,mean_only,train,0.2231481481481481,0.48854351800129436,0.48854351800129436,-0.26539536985314627,0.26539536985314627
pts:236041:1416:FR1:2019,Alexis Blin,Amiens SC,2019,MF,train,opportunity,target_destination_minutes_share,mean_only,train,0.7305555555555555,0.48854351800129436,0.48854351800129436,0.24201203755426115,0.24201203755426115
pts:238868:1050:ES1:2019,Rubén Peña,Villarreal CF,2019,DF,train,opportunity,target_destination_minutes_share,mean_only,train,0.5732732732732733,0.48854351800129436,0.48854351800129436,0.0847297552719789,0.0847297552719789
pts:251896:543:GB1:2019,Jesús Vallejo,Wolverhampton Wanderers,2019,DF,train,opportunity,target_destination_minutes_share,mean_only,train,0.0476608187134502,0.48854351800129436,0.48854351800129436,-0.4408826992878442,0.4408826992878442
pts:274484:1041:FR1:2019,Youssouf Koné,Olympique Lyon,2019,DF,train,opportunity,target_destination_minutes_share,mean_only,train,0.3366255144032922,0.48854351800129436,0.48854351800129436,-0.15191800359800217,0.15191800359800217
pts:288241:40:FR1:2019,Enock Kwateng,FC Girondins Bordeaux,2019,DF,train,opportunity,target_destination_minutes_share,mean_only,train,0.3900793650793651,0.48854351800129436,0.48854351800129436,-0.09846415292192928,0.09846415292192928
pts:314295:167:L1:2019,Reece Oxford,FC Augsburg,2019,MF,train,opportunity,target_destination_minutes_share,mean_only,train,0.1262626262626262,0.48854351800129436,0.48854351800129436,-0.3622808917386682,0.3622808917386682
pts:319160:1038:IT1:2019,Jakub Jankto,UC Sampdoria,2019,MF,train,opportunity,target_destination_minutes_share,mean_only,train,0.6466049382716049,0.48854351800129436,0.48854351800129436,0.15806142027031056,0.15806142027031056
pts:355501:12:IT1:2019,Amadou Diawara,AS Roma,2019,MF,train,opportunity,target_destination_minutes_share,mean_only,train,0.4819047619047619,0.48854351800129436,0.48854351800129436,-0.006638756096532472,0.006638756096532472
pts:38607:2722:IT1:2019,Federico Di Francesco,SPAL,2019,FW,train,opportunity,target_destination_minutes_share,mean_only,train,0.3339506172839506,0.48854351800129436,0.48854351800129436,-0.15459290071734377,0.15459290071734377
pts:396894:1049:ES1:2019,Maxi Gómez,Valencia CF,2019,FW,train,opportunity,target_destination_minutes_share,mean_only,train,0.6803174603174603,0.48854351800129436,0.48854351800129436,0.19177394231616596,0.19177394231616596
pts:39728:16:L1:2019,Mats Hummels,Borussia Dortmund,2019,DF,train,opportunity,target_destination_minutes_share,mean_only,train,0.869023569023569,0.48854351800129436,0.48854351800129436,0.38048005102227467,0.38048005102227467
pts:40633:430:IT1:2019,Milan Badelj,ACF Fiorentina,2019,MF,train,opportunity,target_destination_minutes_share,mean_only,train,0.4759759759759759,0.48854351800129436,0.48854351800129436,-0.012567542025318457,0.012567542025318457
pts:43512:86:L1:2019,Ömer Toprak,SV Werder Bremen,2019,DF,train,opportunity,target_destination_minutes_share,mean_only,train,0.2407407407407407,0.48854351800129436,0.48854351800129436,-0.24780277726055366,0.24780277726055366
pts:44466:24:L1:2019,Sebastian Rode,Eintracht Frankfurt,2019,MF,train,opportunity,target_destination_minutes_share,mean_only,train,0.6518518518518519,0.48854351800129436,0.48854351800129436,0.16330833385055754,0.16330833385055754
pts:635336:995:FR1:2019,Imran Louza,FC Nantes,2019,MF,train,opportunity,target_destination_minutes_share,mean_only,train,0.8267489711934156,0.48854351800129436,0.48854351800129436,0.33820545319212125,0.33820545319212125
pts:64598:714:ES1:2019,Bernardo Espinosa,RCD Espanyol Barcelona,2019,DF,train,opportunity,target_destination_minutes_share,mean_only,train,0.6972222222222222,0.48854351800129436,0.48854351800129436,0.20867870422092782,0.20867870422092782
pts:65318:1049:ES1:2019,Jaume Costa,Valencia CF,2019,DF,train,opportunity,target_destination_minutes_share,mean_only,train,0.4409523809523809,0.48854351800129436,0.48854351800129436,-0.04759113704891349,0.04759113704891349
pts:73185:1108:ES1:2019,Lucas Pérez,Deportivo Alavés,2019,FW,train,opportunity,target_destination_minutes_share,mean_only,train,0.7703703703703704,0.48854351800129436,0.48854351800129436,0.281826852369076,0.281826852369076
pts:74230:583:FR1:2019,Pablo Sarabia,Paris Saint-Germain,2019,FW,train,opportunity,target_destination_minutes_share,mean_only,train,0.4974358974358974,0.48854351800129436,0.48854351800129436,0.008892379434603026,0.008892379434603026
pts:80444:27:L1:2019,Philippe Coutinho,Bayern Munich,2019,MF,train,opportunity,target_destination_minutes_share,mean_only,train,0.4750841750841751,0.48854351800129436,0.48854351800129436,-0.013459342917119255,0.013459342917119255
pts:81999:1108:ES1:2019,Joselu,Deportivo Alavés,2019,FW,train,opportunity,target_destination_minutes_share,mean_only,train,0.858641975308642,0.48854351800129436,0.48854351800129436,0.3700984573073476,0.3700984573073476
pts:82048:1025:IT1:2019,Nicola Sansone,Bologna FC 1909,2019,FW,train,opportunity,target_destination_minutes_share,mean_only,train,0.6813813813813814,0.48854351800129436,0.48854351800129436,0.19283786338008702,0.19283786338008702
pts:84765:6574:IT1:2019,Francesco Caputo,US Sassuolo,2019,FW,train,opportunity,target_destination_minutes_share,mean_only,train,0.9046296296296296,0.48854351800129436,0.48854351800129436,0.4160861116283352,0.4160861116283352
pts:88909:252:IT1:2019,Riccardo Saponara,Genoa CFC,2019,MF,train,opportunity,target_destination_minutes_share,mean_only,train,0.0549019607843137,0.48854351800129436,0.48854351800129436,-0.43364155721698067,0.43364155721698067
pts:99232:2722:IT1:2019,Marco D'Alessandro,SPAL,2019,MF,train,opportunity,target_destination_minutes_share,mean_only,train,0.2410493827160494,0.48854351800129436,0.48854351800129436,-0.24749413528524497,0.24749413528524497
pts:111347:1038:IT1:2020,Lorenzo Tonelli,UC Sampdoria,2020,DF,train,opportunity,target_destination_minutes_share,mean_only,train,0.5351351351351351,0.48854351800129436,0.48854351800129436,0.046591617133840746,0.046591617133840746
pts:111961:368:ES1:2020,Suso,Sevilla FC,2020,FW,train,opportunity,target_destination_minutes_share,mean_only,train,0.6461988304093568,0.48854351800129436,0.48854351800129436,0.1576553124080624,0.1576553124080624
pts:121477:379:GB1:2020,Craig Dawson,West Ham United,2020,DF,train,opportunity,target_destination_minutes_share,mean_only,train,0.5628654970760234,0.48854351800129436,0.48854351800129436,0.07432197907472904,0.07432197907472904
pts:129476:410:IT1:2020,Gerard Deulofeu,Udinese Calcio,2020,FW,train,opportunity,target_destination_minutes_share,mean_only,train,0.1845679012345679,0.48854351800129436,0.48854351800129436,-0.30397561676672646,0.30397561676672646
pts:130360:416:IT1:2020,Simone Verdi,Torino FC,2020,MF,train,opportunity,target_destination_minutes_share,mean_only,train,0.5,0.48854351800129436,0.48854351800129436,0.011456481998705637,0.011456481998705637
pts:130365:583:FR1:2020,Alessandro Florenzi,Paris Saint-Germain,2020,DF,train,opportunity,target_destination_minutes_share,mean_only,train,0.5512544802867384,0.48854351800129436,0.48854351800129436,0.06271096228544404,0.06271096228544404
pts:148262:762:GB1:2020,Jeff Hendrick,Newcastle United,2020,MF,train,opportunity,target_destination_minutes_share,mean_only,train,0.4647058823529412,0.48854351800129436,0.48854351800129436,-0.023837635648353173,0.023837635648353173
pts:163222:6574:IT1:2020,Grégoire Defrel,US Sassuolo,2020,MF,train,opportunity,target_destination_minutes_share,mean_only,train,0.4012012012012012,0.48854351800129436,0.48854351800129436,-0.08734231680009319,0.08734231680009319
pts:164771:12:IT1:2020,Jordan Veretout,AS Roma,2020,MF,train,opportunity,target_destination_minutes_share,mean_only,train,0.6709150326797385,0.48854351800129436,0.48854351800129436,0.18237151467844415,0.18237151467844415
pts:170544:3911:FR1:2020,Christophe Hérelle,Stade Brestois 29,2020,DF,train,opportunity,target_destination_minutes_share,mean_only,train,0.425,0.48854351800129436,0.48854351800129436,-0.06354351800129437,0.06354351800129437
pts:176139:252:IT1:2020,Mattia Bani,Genoa CFC,2020,DF,train,opportunity,target_destination_minutes_share,mean_only,train,0.2923809523809524,0.48854351800129436,0.48854351800129436,-0.19616256562034196,0.19616256562034196
pts:178313:667:FR1:2020,Jean-Eudes Aholou,RC Strasbourg Alsace,2020,MF,train,opportunity,target_destination_minutes_share,mean_only,train,0.6444444444444445,0.48854351800129436,0.48854351800129436,0.15590092644315012,0.15590092644315012
pts:182618:6195:IT1:2020,Tiemoué Bakayoko,SSC Napoli,2020,MF,train,opportunity,target_destination_minutes_share,mean_only,train,0.5897897897897898,0.48854351800129436,0.48854351800129436,0.10124627178849543,0.10124627178849543
pts:182875:995:FR1:2020,Jean-Charles Castelletto,FC Nantes,2020,DF,train,opportunity,target_destination_minutes_share,mean_only,train,0.5692982456140351,0.48854351800129436,0.48854351800129436,0.08075472761274072,0.08075472761274072
pts:184894:430:IT1:2020,Alfred Duncan,ACF Fiorentina,2020,MF,train,opportunity,target_destination_minutes_share,mean_only,train,0.0486486486486486,0.48854351800129436,0.48854351800129436,-0.43989486935264577,0.43989486935264577
pts:216179:46:IT1:2020,Stefano Sensi,Inter Milan,2020,MF,train,opportunity,target_destination_minutes_share,mean_only,train,0.1763157894736842,0.48854351800129436,0.48854351800129436,-0.31222772852761016,0.31222772852761016
pts:238752:1038:IT1:2020,Keita Baldé,UC Sampdoria,2020,FW,train,opportunity,target_destination_minutes_share,mean_only,train,0.3594594594594594,0.48854351800129436,0.48854351800129436,-0.12908405854183497,0.12908405854183497
pts:251896:16795:ES1:2020,Jesús Vallejo,Granada CF,2020,DF,train,opportunity,target_destination_minutes_share,mean_only,train,0.4279365079365079,0.48854351800129436,0.48854351800129436,-0.06060701006478647,0.06060701006478647
pts:25488:1038:IT1:2020,Antonio Candreva,UC Sampdoria,2020,MF,train,opportunity,target_destination_minutes_share,mean_only,train,0.7522522522522522,0.48854351800129436,0.48854351800129436,0.26370873425095787,0.26370873425095787
pts:265763:347:FR1:2020,Thierry Ambrose,FC Metz,2020,FW,train,opportunity,target_destination_minutes_share,mean_only,train,0.2201754385964912,0.48854351800129436,0.48854351800129436,-0.2683680794048032,0.2683680794048032
pts:266795:398:IT1:2020,Gonzalo Escalante,SS Lazio,2020,MF,train,opportunity,target_destination_minutes_share,mean_only,train,0.2262345679012345,0.48854351800129436,0.48854351800129436,-0.26230895010005983,0.26230895010005983
pts:272261:276:IT1:2020,Antonín Barák,Hellas Verona,2020,MF,train,opportunity,target_destination_minutes_share,mean_only,train,0.8533950617283951,0.48854351800129436,0.48854351800129436,0.3648515437271007,0.3648515437271007
pts:282349:33:L1:2020,Timo Becker,FC Schalke 04,2020,DF,train,opportunity,target_destination_minutes_share,mean_only,train,0.6507936507936508,0.48854351800129436,0.48854351800129436,0.16225013279235645,0.16225013279235645
pts:284595:1038:IT1:2020,Tommaso Augello,UC Sampdoria,2020,DF,train,opportunity,target_destination_minutes_share,mean_only,train,0.9657657657657658,0.48854351800129436,0.48854351800129436,0.4772222477644714,0.4772222477644714
pts:284884:368:ES1:2020,Óscar Rodríguez Arnaiz,Sevilla FC,2020,MF,train,opportunity,target_destination_minutes_share,mean_only,train,0.1494152046783625,0.48854351800129436,0.48854351800129436,-0.33912831332293186,0.33912831332293186
pts:310458:276:IT1:2020,Giangiacomo Magnani,Hellas Verona,2020,DF,train,opportunity,target_destination_minutes_share,mean_only,train,0.4660493827160494,0.48854351800129436,0.48854351800129436,-0.022494135285244965,0.022494135285244965
pts:32467:368:ES1:2020,Ivan Rakitić,Sevilla FC,2020,MF,train,opportunity,target_destination_minutes_share,mean_only,train,0.6529239766081871,0.48854351800129436,0.48854351800129436,0.16438045860689277,0.16438045860689277
pts:332179:800:IT1:2020,Matteo Pessina,Atalanta BC,2020,MF,train,opportunity,target_destination_minutes_share,mean_only,train,0.493993993993994,0.48854351800129436,0.48854351800129436,0.005450475992699655,0.005450475992699655
pts:340328:969:FR1:2020,Stephy Mavididi,Montpellier HSC,2020,FW,train,opportunity,target_destination_minutes_share,mean_only,train,0.5935672514619883,0.48854351800129436,0.48854351800129436,0.10502373346069394,0.10502373346069394
pts:40633:252:IT1:2020,Milan Badelj,Genoa CFC,2020,MF,train,opportunity,target_destination_minutes_share,mean_only,train,0.7644444444444445,0.48854351800129436,0.48854351800129436,0.2759009264431501,0.2759009264431501
pts:43512:86:L1:2020,Ömer Toprak,SV Werder Bremen,2020,DF,train,opportunity,target_destination_minutes_share,mean_only,train,0.6339869281045751,0.48854351800129436,0.48854351800129436,0.14544341010328077,0.14544341010328077
pts:43530:1237:GB1:2020,Adam Lallana,Brighton & Hove Albion,2020,MF,train,opportunity,target_destination_minutes_share,mean_only,train,0.4925925925925926,0.48854351800129436,0.48854351800129436,0.0040490745912982185,0.0040490745912982185
pts:44162:131:ES1:2020,Miralem Pjanić,FC Barcelona,2020,MF,train,opportunity,target_destination_minutes_share,mean_only,train,0.1882882882882882,0.48854351800129436,0.48854351800129436,-0.30025522971300617,0.30025522971300617
pts:468002:379:GB1:2020,Ben Johnson,West Ham United,2020,DF,train,opportunity,target_destination_minutes_share,mean_only,train,0.1529239766081871,0.48854351800129436,0.48854351800129436,-0.33561954139310723,0.33561954139310723
pts:481834:1390:IT1:2020,Andrea Carboni,Cagliari Calcio,2020,DF,train,opportunity,target_destination_minutes_share,mean_only,train,0.3258258258258258,0.48854351800129436,0.48854351800129436,-0.16271769217546855,0.16271769217546855
pts:505194:1003:GB1:2020,Luke Thomas,Leicester City,2020,DF,train,opportunity,target_destination_minutes_share,mean_only,train,0.2833333333333333,0.48854351800129436,0.48854351800129436,-0.20521018466796104,0.20521018466796104
pts:527698:366:ES1:2020,Kike Pérez,Real Valladolid CF,2020,MF,train,opportunity,target_destination_minutes_share,mean_only,train,0.357716049382716,0.48854351800129436,0.48854351800129436,-0.13082746861857836,0.13082746861857836
pts:56810:1038:IT1:2020,Adrien Silva,UC Sampdoria,2020,MF,train,opportunity,target_destination_minutes_share,mean_only,train,0.4801801801801801,0.48854351800129436,0.48854351800129436,-0.008363337821114258,0.008363337821114258
pts:56818:417:FR1:2020,Morgan Schneiderlin,OGC Nice,2020,MF,train,opportunity,target_destination_minutes_share,mean_only,train,0.6423976608187134,0.48854351800129436,0.48854351800129436,0.15385414281741905,0.15385414281741905
pts:569866:681:ES1:2020,Roberto López,Real Sociedad,2020,MF,train,opportunity,target_destination_minutes_share,mean_only,train,0.1476608187134503,0.48854351800129436,0.48854351800129436,-0.3408826992878441,0.3408826992878441
pts:57280:430:IT1:2020,Giacomo Bonaventura,ACF Fiorentina,2020,MF,train,opportunity,target_destination_minutes_share,mean_only,train,0.6774774774774774,0.48854351800129436,0.48854351800129436,0.18893395947618308,0.18893395947618308
pts:58396:86:L1:2020,Christian Groß,SV Werder Bremen,2020,MF,train,opportunity,target_destination_minutes_share,mean_only,train,0.4797385620915033,0.48854351800129436,0.48854351800129436,-0.008804955909791079,0.008804955909791079
pts:60444:31:GB1:2020,Thiago Alcántara,Liverpool FC,2020,MF,train,opportunity,target_destination_minutes_share,mean_only,train,0.5421052631578948,0.48854351800129436,0.48854351800129436,0.05356174515660039,0.05356174515660039
pts:60542:16795:ES1:2020,Maxime Gonalons,Granada CF,2020,MF,train,opportunity,target_destination_minutes_share,mean_only,train,0.4698412698412698,0.48854351800129436,0.48854351800129436,-0.01870224816002458,0.01870224816002458
pts:61253:430:IT1:2020,José Callejón,ACF Fiorentina,2020,FW,train,opportunity,target_destination_minutes_share,mean_only,train,0.1993993993993994,0.48854351800129436,0.48854351800129436,-0.28914411860189493,0.28914411860189493
pts:68645:150:ES1:2020,Martín Montoya,Real Betis Balompié,2020,DF,train,opportunity,target_destination_minutes_share,mean_only,train,0.0758730158730158,0.48854351800129436,0.48854351800129436,-0.41267050212827855,0.41267050212827855
pts:82009:162:FR1:2020,Kevin Volland,AS Monaco,2020,FW,train,opportunity,target_destination_minutes_share,mean_only,train,0.8315315315315316,0.48854351800129436,0.48854351800129436,0.3429880135302372,0.3429880135302372
pts:88682:1041:FR1:2020,Mattia De Sciglio,Olympique Lyon,2020,DF,train,opportunity,target_destination_minutes_share,mean_only,train,0.4289473684210526,0.48854351800129436,0.48854351800129436,-0.059596149580241786,0.059596149580241786
pts:88683:252:IT1:2020,Mattia Destro,Genoa CFC,2020,FW,train,opportunity,target_destination_minutes_share,mean_only,train,0.5098412698412699,0.48854351800129436,0.48854351800129436,0.02129775183997551,0.02129775183997551
pts:94201:89:L1:2020,Robin Knoche,1.FC Union Berlin,2020,DF,train,opportunity,target_destination_minutes_share,mean_only,train,0.9941176470588236,0.48854351800129436,0.48854351800129436,0.5055741290575292,0.5055741290575292
pts:111630:368:ES1:2021,Érik Lamela,Sevilla FC,2021,FW,train,opportunity,target_destination_minutes_share,mean_only,train,0.3132716049382716,0.48854351800129436,0.48854351800129436,-0.17527191306302276,0.17527191306302276
pts:112935:3:L1:2021,Mark Uth,1.FC Köln,2021,MF,train,opportunity,target_destination_minutes_share,mean_only,train,0.703125,0.48854351800129436,0.48854351800129436,0.21458148199870564,0.21458148199870564
pts:121477:379:GB1:2021,Craig Dawson,West Ham United,2021,DF,train,opportunity,target_destination_minutes_share,mean_only,train,0.827027027027027,0.48854351800129436,0.48854351800129436,0.33848350902573265,0.33848350902573265
pts:122797:417:FR1:2021,Andy Delort,OGC Nice,2021,FW,train,opportunity,target_destination_minutes_share,mean_only,train,0.7157894736842105,0.48854351800129436,0.48854351800129436,0.22724595568291617,0.22724595568291617
pts:124715:252:IT1:2021,Nikola Maksimović,Genoa CFC,2021,DF,train,opportunity,target_destination_minutes_share,mean_only,train,0.3348348348348348,0.48854351800129436,0.48854351800129436,-0.15370868316645958,0.15370868316645958
pts:126673:1025:IT1:2021,Adama Soumaoro,Bologna FC 1909,2021,DF,train,opportunity,target_destination_minutes_share,mean_only,train,0.6993827160493827,0.48854351800129436,0.48854351800129436,0.21083919804808837,0.21083919804808837
pts:127032:1050:ES1:2021,Serge Aurier,Villarreal CF,2021,DF,train,opportunity,target_destination_minutes_share,mean_only,train,0.3206349206349206,0.48854351800129436,0.48854351800129436,-0.16790859736637376,0.16790859736637376
pts:130365:5:IT1:2021,Alessandro Florenzi,AC Milan,2021,DF,train,opportunity,target_destination_minutes_share,mean_only,train,0.3555555555555555,0.48854351800129436,0.48854351800129436,-0.13298796244573885,0.13298796244573885
pts:131731:3522:IT1:2021,Mehdi Bourabia,Spezia Calcio,2021,MF,train,opportunity,target_destination_minutes_share,mean_only,train,0.087037037037037,0.48854351800129436,0.48854351800129436,-0.40150648096425734,0.40150648096425734
pts:131951:276:IT1:2021,Kevin Lasagna,Hellas Verona,2021,MF,train,opportunity,target_destination_minutes_share,mean_only,train,0.3461988304093567,0.48854351800129436,0.48854351800129436,-0.1423446875919377,0.1423446875919377
pts:134294:405:GB1:2021,Danny Ings,Aston Villa,2021,FW,train,opportunity,target_destination_minutes_share,mean_only,train,0.5549707602339181,0.48854351800129436,0.48854351800129436,0.06642724223262375,0.06642724223262375
pts:135492:150:ES1:2021,Youssouf Sabaly,Real Betis Balompié,2021,DF,train,opportunity,target_destination_minutes_share,mean_only,train,0.257516339869281,0.48854351800129436,0.48854351800129436,-0.23102717813201334,0.23102717813201334
pts:14086:405:GB1:2021,Ashley Young,Aston Villa,2021,DF,train,opportunity,target_destination_minutes_share,mean_only,train,0.3654970760233918,0.48854351800129436,0.48854351800129436,-0.12304644197790254,0.12304644197790254
pts:143559:430:IT1:2021,Matija Nastasić,ACF Fiorentina,2021,DF,train,opportunity,target_destination_minutes_share,mean_only,train,0.0657657657657657,0.48854351800129436,0.48854351800129436,-0.42277775223552866,0.42277775223552866
pts:146752:276:IT1:2021,Gianluca Caprari,Hellas Verona,2021,MF,train,opportunity,target_destination_minutes_share,mean_only,train,0.8008771929824562,0.48854351800129436,0.48854351800129436,0.3123336749811618,0.3123336749811618
pts:159844:24:L1:2021,Christopher Lenz,Eintracht Frankfurt,2021,DF,train,opportunity,target_destination_minutes_share,mean_only,train,0.2305555555555555,0.48854351800129436,0.48854351800129436,-0.25798796244573885,0.25798796244573885
pts:164770:985:GB1:2021,Raphaël Varane,Manchester United,2021,DF,train,opportunity,target_destination_minutes_share,mean_only,train,0.5353801169590643,0.48854351800129436,0.48854351800129436,0.046836598957769926,0.046836598957769926
pts:173900:1049:ES1:2021,Hélder Costa,Valencia CF,2021,MF,train,opportunity,target_destination_minutes_share,mean_only,train,0.3450617283950617,0.48854351800129436,0.48854351800129436,-0.14348178960623265,0.14348178960623265
pts:178313:667:FR1:2021,Jean-Eudes Aholou,RC Strasbourg Alsace,2021,MF,train,opportunity,target_destination_minutes_share,mean_only,train,0.3015015015015015,0.48854351800129436,0.48854351800129436,-0.18704201649979285,0.18704201649979285
pts:181378:273:FR1:2021,Gaëtan Laborde,Stade Rennais FC,2021,FW,train,opportunity,target_destination_minutes_share,mean_only,train,0.797953216374269,0.48854351800129436,0.48854351800129436,0.3094096983729746,0.3094096983729746
pts:182618:5:IT1:2021,Tiemoué Bakayoko,AC Milan,2021,MF,train,opportunity,target_destination_minutes_share,mean_only,train,0.1546296296296296,0.48854351800129436,0.48854351800129436,-0.3339138883716648,0.3339138883716648
pts:199369:3709:ES1:2021,Sandro Ramírez,Getafe CF,2021,FW,train,opportunity,target_destination_minutes_share,mean_only,train,0.4274853801169591,0.48854351800129436,0.48854351800129436,-0.061058137884335284,0.061058137884335284
pts:238752:1390:IT1:2021,Keita Baldé,Cagliari Calcio,2021,FW,train,opportunity,target_destination_minutes_share,mean_only,train,0.369069069069069,0.48854351800129436,0.48854351800129436,-0.11947444893222536,0.11947444893222536
pts:25488:1038:IT1:2021,Antonio Candreva,UC Sampdoria,2021,MF,train,opportunity,target_destination_minutes_share,mean_only,train,0.9626543209876544,0.48854351800129436,0.48854351800129436,0.47411080298636,0.47411080298636
pts:272261:276:IT1:2021,Antonín Barák,Hellas Verona,2021,MF,train,opportunity,target_destination_minutes_share,mean_only,train,0.6842105263157895,0.48854351800129436,0.48854351800129436,0.19566700831449513,0.19566700831449513
pts:27389:667:FR1:2021,Kévin Gameiro,RC Strasbourg Alsace,2021,FW,train,opportunity,target_destination_minutes_share,mean_only,train,0.7162162162162162,0.48854351800129436,0.48854351800129436,0.22767269821492186,0.22767269821492186
pts:279009:44:L1:2021,Marco Richter,Hertha BSC,2021,FW,train,opportunity,target_destination_minutes_share,mean_only,train,0.6311111111111111,0.48854351800129436,0.48854351800129436,0.1425675931098167,0.1425675931098167
pts:309393:10:L1:2021,Lennart-Marten Czyborra,Arminia Bielefeld,2021,DF,train,opportunity,target_destination_minutes_share,mean_only,train,0.0441077441077441,0.48854351800129436,0.48854351800129436,-0.44443577389355027,0.44443577389355027
pts:310458:276:IT1:2021,Giangiacomo Magnani,Hellas Verona,2021,DF,train,opportunity,target_destination_minutes_share,mean_only,train,0.1549707602339181,0.48854351800129436,0.48854351800129436,-0.33357275776737627,0.33357275776737627
pts:315125:40:FR1:2021,Javairô Dilrosun,FC Girondins Bordeaux,2021,MF,train,opportunity,target_destination_minutes_share,mean_only,train,0.5345679012345679,0.48854351800129436,0.48854351800129436,0.046024383233273514,0.046024383233273514
pts:319160:3709:ES1:2021,Jakub Jankto,Getafe CF,2021,DF,train,opportunity,target_destination_minutes_share,mean_only,train,0.1716374269005847,0.48854351800129436,0.48854351800129436,-0.31690609110070966,0.31690609110070966
pts:344605:1003:GB1:2021,Boubakary Soumaré,Leicester City,2021,MF,train,opportunity,target_destination_minutes_share,mean_only,train,0.3309309309309309,0.48854351800129436,0.48854351800129436,-0.15761258707036346,0.15761258707036346
pts:352392:667:FR1:2021,Lucas Perrin,RC Strasbourg Alsace,2021,DF,train,opportunity,target_destination_minutes_share,mean_only,train,0.7513513513513513,0.48854351800129436,0.48854351800129436,0.262807833350057,0.262807833350057
pts:395083:1421:FR1:2021,Andrew Gravillon,Stade Reims,2021,DF,train,opportunity,target_destination_minutes_share,mean_only,train,0.6242690058479532,0.48854351800129436,0.48854351800129436,0.13572548784665883,0.13572548784665883
pts:459655:800:IT1:2021,Matteo Lovato,Atalanta BC,2021,DF,train,opportunity,target_destination_minutes_share,mean_only,train,0.0915915915915916,0.48854351800129436,0.48854351800129436,-0.3969519264097028,0.3969519264097028
pts:471474:331:ES1:2021,Javi Martínez,CA Osasuna,2021,MF,train,opportunity,target_destination_minutes_share,mean_only,train,0.263963963963964,0.48854351800129436,0.48854351800129436,-0.22457955403733038,0.22457955403733038
pts:47713:969:FR1:2021,Mamadou Sakho,Montpellier HSC,2021,DF,train,opportunity,target_destination_minutes_share,mean_only,train,0.7947530864197531,0.48854351800129436,0.48854351800129436,0.3062095684184587,0.3062095684184587
pts:481084:1049:ES1:2021,Marcos André,Valencia CF,2021,FW,train,opportunity,target_destination_minutes_share,mean_only,train,0.3003086419753086,0.48854351800129436,0.48854351800129436,-0.18823487602598576,0.18823487602598576
pts:562049:12:IT1:2021,Edoardo Bove,AS Roma,2021,MF,train,opportunity,target_destination_minutes_share,mean_only,train,0.0198830409356725,0.48854351800129436,0.48854351800129436,-0.46866047706562186,0.46866047706562186
pts:61842:29:GB1:2021,Andros Townsend,Everton FC,2021,MF,train,opportunity,target_destination_minutes_share,mean_only,train,0.4619047619047619,0.48854351800129436,0.48854351800129436,-0.02663875609653249,0.02663875609653249
pts:67082:3709:ES1:2021,Vitolo,Getafe CF,2021,MF,train,opportunity,target_destination_minutes_share,mean_only,train,0.0646198830409356,0.48854351800129436,0.48854351800129436,-0.4239236349603588,0.4239236349603588
pts:68864:1390:IT1:2021,Kevin Strootman,Cagliari Calcio,2021,MF,train,opportunity,target_destination_minutes_share,mean_only,train,0.1921921921921922,0.48854351800129436,0.48854351800129436,-0.2963513258091022,0.2963513258091022
pts:73185:1531:ES1:2021,Lucas Pérez,Elche CF,2021,FW,train,opportunity,target_destination_minutes_share,mean_only,train,0.4262626262626263,0.48854351800129436,0.48854351800129436,-0.062280891738668076,0.062280891738668076
pts:84765:1038:IT1:2021,Francesco Caputo,UC Sampdoria,2021,FW,train,opportunity,target_destination_minutes_share,mean_only,train,0.8611111111111112,0.48854351800129436,0.48854351800129436,0.3725675931098168,0.3725675931098168
pts:85383:2687:ES1:2021,Rubén Sobrino,Cádiz CF,2021,FW,train,opportunity,target_destination_minutes_share,mean_only,train,0.5588588588588589,0.48854351800129436,0.48854351800129436,0.07031534085756452,0.07031534085756452
pts:85393:1025:IT1:2021,Nicolas Viola,Bologna FC 1909,2021,MF,train,opportunity,target_destination_minutes_share,mean_only,train,0.0314814814814814,0.48854351800129436,0.48854351800129436,-0.457062036519813,0.457062036519813
pts:94137:89:L1:2021,Kevin Möhwald,1.FC Union Berlin,2021,MF,train,opportunity,target_destination_minutes_share,mean_only,train,0.1191919191919192,0.48854351800129436,0.48854351800129436,-0.3693515988093752,0.3693515988093752
pts:103565:969:FR1:2022,Wahbi Khazri,Montpellier HSC,2022,FW,validation,opportunity,target_destination_minutes_share,mean_only,train,0.5046296296296297,0.48854351800129436,0.48854351800129436,0.016086111628335287,0.016086111628335287
pts:125614:3:L1:2022,Sargis Adamyan,1.FC Köln,2022,FW,validation,opportunity,target_destination_minutes_share,mean_only,train,0.2104575163398692,0.48854351800129436,0.48854351800129436,-0.27808600166142516,0.27808600166142516
pts:127142:1082:FR1:2022,Jonas Martin,LOSC Lille,2022,MF,validation,opportunity,target_destination_minutes_share,mean_only,train,0.0831831831831831,0.48854351800129436,0.48854351800129436,-0.4053603348181113,0.4053603348181113
pts:128901:29:GB1:2022,Conor Coady,Everton FC,2022,DF,validation,opportunity,target_destination_minutes_share,mean_only,train,0.6128654970760234,0.48854351800129436,0.48854351800129436,0.12432197907472908,0.12432197907472908
pts:130360:276:IT1:2022,Simone Verdi,Hellas Verona,2022,MF,validation,opportunity,target_destination_minutes_share,mean_only,train,0.3291291291291291,0.48854351800129436,0.48854351800129436,-0.15941438887216525,0.15941438887216525
pts:130365:5:IT1:2022,Alessandro Florenzi,AC Milan,2022,DF,validation,opportunity,target_destination_minutes_share,mean_only,train,0.0644444444444444,0.48854351800129436,0.48854351800129436,-0.42409907355684995,0.42409907355684995
pts:131731:3522:IT1:2022,Mehdi Bourabia,Spezia Calcio,2022,MF,validation,opportunity,target_destination_minutes_share,mean_only,train,0.8321321321321321,0.48854351800129436,0.48854351800129436,0.34358861413083774,0.34358861413083774
pts:143559:237:ES1:2022,Matija Nastasić,RCD Mallorca,2022,DF,validation,opportunity,target_destination_minutes_share,mean_only,train,0.2796296296296296,0.48854351800129436,0.48854351800129436,-0.20891388837166475,0.20891388837166475
pts:148368:5:IT1:2022,Divock Origi,AC Milan,2022,FW,validation,opportunity,target_destination_minutes_share,mean_only,train,0.326031746031746,0.48854351800129436,0.48854351800129436,-0.16251177196954836,0.16251177196954836
pts:162038:367:ES1:2022,Raúl de Tomás,Rayo Vallecano,2022,FW,validation,opportunity,target_destination_minutes_share,mean_only,train,0.2353801169590643,0.48854351800129436,0.48854351800129436,-0.25316340104223006,0.25316340104223006
pts:164771:244:FR1:2022,Jordan Veretout,Olympique Marseille,2022,MF,validation,opportunity,target_destination_minutes_share,mean_only,train,0.8371345029239766,0.48854351800129436,0.48854351800129436,0.34859098492268226,0.34859098492268226
pts:178313:667:FR1:2022,Jean-Eudes Aholou,RC Strasbourg Alsace,2022,MF,validation,opportunity,target_destination_minutes_share,mean_only,train,0.3801169590643274,0.48854351800129436,0.48854351800129436,-0.10842655893696695,0.10842655893696695
pts:179635:80:L1:2022,Philipp Förster,VfL Bochum,2022,MF,validation,opportunity,target_destination_minutes_share,mean_only,train,0.4277777777777777,0.48854351800129436,0.48854351800129436,-0.06076574022351666,0.06076574022351666
pts:181378:417:FR1:2022,Gaëtan Laborde,OGC Nice,2022,FW,validation,opportunity,target_destination_minutes_share,mean_only,train,0.7525525525525526,0.48854351800129436,0.48854351800129436,0.26400903455125824,0.26400903455125824
pts:195171:1049:ES1:2022,Samu Castillejo,Valencia CF,2022,FW,validation,opportunity,target_destination_minutes_share,mean_only,train,0.3982456140350877,0.48854351800129436,0.48854351800129436,-0.09029790396620668,0.09029790396620668
pts:197135:2687:ES1:2022,Joseba Zaldúa,Cádiz CF,2022,DF,validation,opportunity,target_destination_minutes_share,mean_only,train,0.1972222222222222,0.48854351800129436,0.48854351800129436,-0.2913212957790722,0.2913212957790722
pts:197470:3522:IT1:2022,Mattia Caldara,Spezia Calcio,2022,DF,validation,opportunity,target_destination_minutes_share,mean_only,train,0.3762762762762763,0.48854351800129436,0.48854351800129436,-0.11226724172501806,0.11226724172501806
pts:203842:3522:IT1:2022,Viktor Kovalenko,Spezia Calcio,2022,MF,validation,opportunity,target_destination_minutes_share,mean_only,train,0.1645645645645645,0.48854351800129436,0.48854351800129436,-0.3239789534367299,0.3239789534367299
pts:206912:826:FR1:2022,Jimmy Cabot,RC Lens,2022,DF,validation,opportunity,target_destination_minutes_share,mean_only,train,0.1494152046783625,0.48854351800129436,0.48854351800129436,-0.33912831332293186,0.33912831332293186
pts:212391:1531:ES1:2022,Roger Martí,Elche CF,2022,FW,validation,opportunity,target_destination_minutes_share,mean_only,train,0.2021604938271605,0.48854351800129436,0.48854351800129436,-0.28638302417413386,0.28638302417413386
pts:223725:3709:ES1:2022,Munir El Haddadi,Getafe CF,2022,MF,validation,opportunity,target_destination_minutes_share,mean_only,train,0.3362573099415205,0.48854351800129436,0.48854351800129436,-0.1522862080597739,0.1522862080597739
pts:238868:331:ES1:2022,Rubén Peña,CA Osasuna,2022,DF,validation,opportunity,target_destination_minutes_share,mean_only,train,0.3834834834834835,0.48854351800129436,0.48854351800129436,-0.10506003451781087,0.10506003451781087
pts:241229:3709:ES1:2022,Jordan Amavi,Getafe CF,2022,DF,validation,opportunity,target_destination_minutes_share,mean_only,train,0.0584795321637426,0.48854351800129436,0.48854351800129436,-0.4300639858375518,0.4300639858375518
pts:247250:2687:ES1:2022,Rubén Alcaraz,Cádiz CF,2022,MF,validation,opportunity,target_destination_minutes_share,mean_only,train,0.6305555555555555,0.48854351800129436,0.48854351800129436,0.14201203755426117,0.14201203755426117
pts:249126:1038:IT1:2022,Harry Winks,UC Sampdoria,2022,MF,validation,opportunity,target_destination_minutes_share,mean_only,train,0.5153153153153153,0.48854351800129436,0.48854351800129436,0.026771797314020906,0.026771797314020906
pts:25488:380:IT1:2022,Antonio Candreva,US Salernitana 1919,2022,MF,validation,opportunity,target_destination_minutes_share,mean_only,train,0.8653968253968254,0.48854351800129436,0.48854351800129436,0.376853307395531,0.376853307395531
pts:272261:430:IT1:2022,Antonín Barák,ACF Fiorentina,2022,MF,validation,opportunity,target_destination_minutes_share,mean_only,train,0.6057239057239058,0.48854351800129436,0.48854351800129436,0.11718038772261141,0.11718038772261141
pts:284884:940:ES1:2022,Óscar Rodríguez Arnaiz,Celta de Vigo,2022,MF,validation,opportunity,target_destination_minutes_share,mean_only,train,0.5330330330330331,0.48854351800129436,0.48854351800129436,0.0444895150317387,0.0444895150317387
pts:296879:3:L1:2022,Steffen Tigges,1.FC Köln,2022,FW,validation,opportunity,target_destination_minutes_share,mean_only,train,0.5215686274509804,0.48854351800129436,0.48854351800129436,0.03302510944968606,0.03302510944968606
pts:307519:2687:ES1:2022,Fede San Emeterio,Cádiz CF,2022,MF,validation,opportunity,target_destination_minutes_share,mean_only,train,0.5691358024691358,0.48854351800129436,0.48854351800129436,0.08059228446784139,0.08059228446784139
pts:309944:749:IT1:2022,Tyronne Ebuehi,FC Empoli,2022,DF,validation,opportunity,target_destination_minutes_share,mean_only,train,0.5935185185185186,0.48854351800129436,0.48854351800129436,0.10497500051722419,0.10497500051722419
pts:315332:39:L1:2022,Aymen Barkok,1.FSV Mainz 05,2022,MF,validation,opportunity,target_destination_minutes_share,mean_only,train,0.1908496732026143,0.48854351800129436,0.48854351800129436,-0.29769384479868005,0.29769384479868005
pts:327863:1082:FR1:2022,Akim Zedadka,LOSC Lille,2022,DF,validation,opportunity,target_destination_minutes_share,mean_only,train,0.1063063063063063,0.48854351800129436,0.48854351800129436,-0.38223721169498803,0.38223721169498803
pts:335147:380:IT1:2022,Junior Sambia,US Salernitana 1919,2022,DF,validation,opportunity,target_destination_minutes_share,mean_only,train,0.2212698412698412,0.48854351800129436,0.48854351800129436,-0.2672736767314532,0.2672736767314532
pts:352392:667:FR1:2022,Lucas Perrin,RC Strasbourg Alsace,2022,DF,validation,opportunity,target_destination_minutes_share,mean_only,train,0.5160818713450293,0.48854351800129436,0.48854351800129436,0.02753835334373489,0.02753835334373489
pts:353796:380:IT1:2022,Giulio Maggiore,US Salernitana 1919,2022,MF,validation,opportunity,target_destination_minutes_share,mean_only,train,0.2838095238095238,0.48854351800129436,0.48854351800129436,-0.20473399419177057,0.20473399419177057
pts:364133:416:IT1:2022,Pietro Pellegri,Torino FC,2022,FW,validation,opportunity,target_destination_minutes_share,mean_only,train,0.1359649122807017,0.48854351800129436,0.48854351800129436,-0.35257860572059263,0.35257860572059263
pts:364857:969:FR1:2022,Falaye Sacko,Montpellier HSC,2022,DF,validation,opportunity,target_destination_minutes_share,mean_only,train,0.7962962962962963,0.48854351800129436,0.48854351800129436,0.3077527782950019,0.3077527782950019
pts:395083:1421:FR1:2022,Andrew Gravillon,Stade Reims,2022,DF,validation,opportunity,target_destination_minutes_share,mean_only,train,0.3117117117117117,0.48854351800129436,0.48854351800129436,-0.17683180628958267,0.17683180628958267
pts:406806:380:IT1:2022,Emil Bohinen,US Salernitana 1919,2022,MF,validation,opportunity,target_destination_minutes_share,mean_only,train,0.2641269841269841,0.48854351800129436,0.48854351800129436,-0.22441653387431026,0.22441653387431026
pts:459655:380:IT1:2022,Matteo Lovato,US Salernitana 1919,2022,DF,validation,opportunity,target_destination_minutes_share,mean_only,train,0.2584126984126984,0.48854351800129436,0.48854351800129436,-0.23013081958859594,0.23013081958859594
pts:570817:1421:FR1:2022,Maxime Busi,Stade Reims,2022,DF,validation,opportunity,target_destination_minutes_share,mean_only,train,0.3132132132132132,0.48854351800129436,0.48854351800129436,-0.17533030478808115,0.17533030478808115
pts:60542:3524:FR1:2022,Maxime Gonalons,Clermont Foot 63,2022,MF,validation,opportunity,target_destination_minutes_share,mean_only,train,0.4236842105263158,0.48854351800129436,0.48854351800129436,-0.06485930747497859,0.06485930747497859
pts:623040:276:IT1:2022,Yayah Kallon,Hellas Verona,2022,MF,validation,opportunity,target_destination_minutes_share,mean_only,train,0.2582582582582582,0.48854351800129436,0.48854351800129436,-0.23028525974303615,0.23028525974303615
pts:649452:244:FR1:2022,Issa Kaboré,Olympique Marseille,2022,DF,validation,opportunity,target_destination_minutes_share,mean_only,train,0.3005847953216374,0.48854351800129436,0.48854351800129436,-0.18795872267965696,0.18795872267965696
pts:74810:1148:GB1:2022,Ben Mee,Brentford FC,2022,DF,validation,opportunity,target_destination_minutes_share,mean_only,train,0.9558479532163744,0.48854351800129436,0.48854351800129436,0.46730443521508,0.46730443521508
pts:80444:405:GB1:2022,Philippe Coutinho,Aston Villa,2022,MF,validation,opportunity,target_destination_minutes_share,mean_only,train,0.2304093567251462,0.48854351800129436,0.48854351800129436,-0.2581341612761482,0.2581341612761482
pts:814976:1421:FR1:2022,Martin Adeline,Stade Reims,2022,MF,validation,opportunity,target_destination_minutes_share,mean_only,train,0.0321321321321321,0.48854351800129436,0.48854351800129436,-0.45641138586916224,0.45641138586916224
pts:81999:714:ES1:2022,Joselu,RCD Espanyol Barcelona,2022,FW,validation,opportunity,target_destination_minutes_share,mean_only,train,0.8742690058479532,0.48854351800129436,0.48854351800129436,0.38572548784665883,0.38572548784665883
pts:84765:1038:IT1:2022,Francesco Caputo,UC Sampdoria,2022,FW,validation,opportunity,target_destination_minutes_share,mean_only,train,0.3285285285285285,0.48854351800129436,0.48854351800129436,-0.16001498947276588,0.16001498947276588
pts:855158:995:FR1:2022,Mohamed Achi,FC Nantes,2022,FW,validation,opportunity,target_destination_minutes_share,mean_only,train,0.0108108108108108,0.48854351800129436,0.48854351800129436,-0.47773270719048355,0.47773270719048355
pts:88683:749:IT1:2022,Mattia Destro,FC Empoli,2022,FW,validation,opportunity,target_destination_minutes_share,mean_only,train,0.1765432098765432,0.48854351800129436,0.48854351800129436,-0.31200030812475116,0.31200030812475116
pts:1004618:995:FR1:2023,Stredair Appuah,FC Nantes,2023,FW,test,opportunity,target_destination_minutes_share,mean_only,train_plus_validation,0.0291666666666666,0.4671288150827136,0.4671288150827136,-0.43796214841604697,0.43796214841604697
pts:126540:1082:FR1:2023,Samuel Umtiti,LOSC Lille,2023,DF,test,opportunity,target_destination_minutes_share,mean_only,train_plus_validation,0.0604575163398692,0.4671288150827136,0.4671288150827136,-0.4066712987428444,0.4066712987428444
pts:127142:3911:FR1:2023,Jonas Martin,Stade Brestois 29,2023,MF,test,opportunity,target_destination_minutes_share,mean_only,train_plus_validation,0.4067340067340067,0.4671288150827136,0.4671288150827136,-0.06039480834870686,0.06039480834870686
pts:14086:29:GB1:2023,Ashley Young,Everton FC,2023,DF,test,opportunity,target_destination_minutes_share,mean_only,train_plus_validation,0.6666666666666666,0.4671288150827136,0.4671288150827136,0.19953785158395304,0.19953785158395304
pts:146752:2919:IT1:2023,Gianluca Caprari,AC Monza,2023,MF,test,opportunity,target_destination_minutes_share,mean_only,train_plus_validation,0.0833333333333333,0.4671288150827136,0.4671288150827136,-0.3837954817493803,0.3837954817493803
pts:148368:703:GB1:2023,Divock Origi,Nottingham Forest,2023,FW,test,opportunity,target_destination_minutes_share,mean_only,train_plus_validation,0.1819819819819819,0.4671288150827136,0.4671288150827136,-0.2851468331007317,0.2851468331007317
pts:159844:23826:L1:2023,Christopher Lenz,RB Leipzig,2023,DF,test,opportunity,target_destination_minutes_share,mean_only,train_plus_validation,0.015359477124183,0.4671288150827136,0.4671288150827136,-0.4517693379585306,0.4517693379585306
pts:182618:1158:FR1:2023,Tiemoué Bakayoko,FC Lorient,2023,MF,test,opportunity,target_destination_minutes_share,mean_only,train_plus_validation,0.4294117647058823,0.4671288150827136,0.4671288150827136,-0.03771705037683126,0.03771705037683126
pts:186988:167:L1:2023,Sven Michel,FC Augsburg,2023,FW,test,opportunity,target_destination_minutes_share,mean_only,train_plus_validation,0.1905228758169934,0.4671288150827136,0.4671288150827136,-0.2766059392657202,0.2766059392657202
pts:195171:6574:IT1:2023,Samu Castillejo,US Sassuolo,2023,FW,test,opportunity,target_destination_minutes_share,mean_only,train_plus_validation,0.1567251461988304,0.4671288150827136,0.4671288150827136,-0.31040366888388315,0.31040366888388315
pts:20005:2919:IT1:2023,Papu Gómez,AC Monza,2023,MF,test,opportunity,target_destination_minutes_share,mean_only,train_plus_validation,0.0119883040935672,0.4671288150827136,0.4671288150827136,-0.4551405109891464,0.4551405109891464
pts:203842:749:IT1:2023,Viktor Kovalenko,FC Empoli,2023,MF,test,opportunity,target_destination_minutes_share,mean_only,train_plus_validation,0.1792397660818713,0.4671288150827136,0.4671288150827136,-0.2878890490008423,0.2878890490008423
pts:240219:1005:IT1:2023,Lorenzo Venuti,US Lecce,2023,DF,test,opportunity,target_destination_minutes_share,mean_only,train_plus_validation,0.1064327485380117,0.4671288150827136,0.4671288150827136,-0.3606960665447019,0.3606960665447019
pts:241076:749:IT1:2023,Emmanuel Gyasi,FC Empoli,2023,DF,test,opportunity,target_destination_minutes_share,mean_only,train_plus_validation,0.5494152046783626,0.4671288150827136,0.4671288150827136,0.08228638959564899,0.08228638959564899
pts:241229:3911:FR1:2023,Jordan Amavi,Stade Brestois 29,2023,DF,test,opportunity,target_destination_minutes_share,mean_only,train_plus_validation,0.0306397306397306,0.4671288150827136,0.4671288150827136,-0.436489084442983,0.436489084442983
pts:251845:1049:ES1:2023,Sergi Canós,Valencia CF,2023,MF,test,opportunity,target_destination_minutes_share,mean_only,train_plus_validation,0.369069069069069,0.4671288150827136,0.4671288150827136,-0.09805974601364459,0.09805974601364459
pts:25488:380:IT1:2023,Antonio Candreva,US Salernitana 1919,2023,MF,test,opportunity,target_destination_minutes_share,mean_only,train_plus_validation,0.8986928104575164,0.4671288150827136,0.4671288150827136,0.4315639953748028,0.4315639953748028
pts:256429:2687:ES1:2023,Sergi Guardiola,Cádiz CF,2023,FW,test,opportunity,target_destination_minutes_share,mean_only,train_plus_validation,0.1486486486486486,0.4671288150827136,0.4671288150827136,-0.31848016643406496,0.31848016643406496
pts:257751:749:IT1:2023,Simone Bastoni,FC Empoli,2023,MF,test,opportunity,target_destination_minutes_share,mean_only,train_plus_validation,0.2178362573099415,0.4671288150827136,0.4671288150827136,-0.2492925577727721,0.2492925577727721
pts:266795:2687:ES1:2023,Gonzalo Escalante,Cádiz CF,2023,MF,test,opportunity,target_destination_minutes_share,mean_only,train_plus_validation,0.5096096096096097,0.4671288150827136,0.4671288150827136,0.04248079452689607,0.04248079452689607
pts:277635:2687:ES1:2023,Rominigue Kouamé,Cádiz CF,2023,MF,test,opportunity,target_destination_minutes_share,mean_only,train_plus_validation,0.2465465465465465,0.4671288150827136,0.4671288150827136,-0.22058226853616708,0.22058226853616708
pts:279009:39:L1:2023,Marco Richter,1.FSV Mainz 05,2023,MF,test,opportunity,target_destination_minutes_share,mean_only,train_plus_validation,0.2414141414141414,0.4671288150827136,0.4671288150827136,-0.2257146736685722,0.2257146736685722
pts:284884:3709:ES1:2023,Óscar Rodríguez Arnaiz,Getafe CF,2023,MF,test,opportunity,target_destination_minutes_share,mean_only,train_plus_validation,0.2827485380116959,0.4671288150827136,0.4671288150827136,-0.18438027707101767,0.18438027707101767
pts:286779:2687:ES1:2023,Jorge Meré,Cádiz CF,2023,DF,test,opportunity,target_destination_minutes_share,mean_only,train_plus_validation,0.2021021021021021,0.4671288150827136,0.4671288150827136,-0.2650267129806115,0.2650267129806115
pts:302215:86:L1:2023,Naby Keïta,SV Werder Bremen,2023,MF,test,opportunity,target_destination_minutes_share,mean_only,train_plus_validation,0.0367003367003367,0.4671288150827136,0.4671288150827136,-0.4304284783823769,0.4304284783823769
pts:307924:167:L1:2023,Mergim Berisha,FC Augsburg,2023,FW,test,opportunity,target_destination_minutes_share,mean_only,train_plus_validation,0.0398692810457516,0.4671288150827136,0.4671288150827136,-0.427259534036962,0.427259534036962
pts:307924:533:L1:2023,Mergim Berisha,TSG 1899 Hoffenheim,2023,FW,test,opportunity,target_destination_minutes_share,mean_only,train_plus_validation,0.0470588235294117,0.4671288150827136,0.4671288150827136,-0.4200699915533019,0.4200699915533019
pts:32113:2919:IT1:2023,Armando Izzo,AC Monza,2023,DF,test,opportunity,target_destination_minutes_share,mean_only,train_plus_validation,0.4824561403508772,0.4671288150827136,0.4671288150827136,0.015327325268163605,0.015327325268163605
pts:332179:2919:IT1:2023,Matteo Pessina,AC Monza,2023,MF,test,opportunity,target_destination_minutes_share,mean_only,train_plus_validation,0.9421052631578948,0.4671288150827136,0.4671288150827136,0.4749764480751812,0.4749764480751812
pts:344605:368:ES1:2023,Boubakary Soumaré,Sevilla FC,2023,MF,test,opportunity,target_destination_minutes_share,mean_only,train_plus_validation,0.7257142857142858,0.4671288150827136,0.4671288150827136,0.25858547063157217,0.25858547063157217
pts:357072:826:FR1:2023,Faitout Maouassa,RC Lens,2023,MF,test,opportunity,target_destination_minutes_share,mean_only,train_plus_validation,0.0255892255892255,0.4671288150827136,0.4671288150827136,-0.4415395894934881,0.4415395894934881
pts:364857:969:FR1:2023,Falaye Sacko,Montpellier HSC,2023,DF,test,opportunity,target_destination_minutes_share,mean_only,train_plus_validation,0.4798611111111111,0.4671288150827136,0.4671288150827136,0.012732296028397538,0.012732296028397538
pts:369267:3524:FR1:2023,Maximiliano Caufriez,Clermont Foot 63,2023,DF,test,opportunity,target_destination_minutes_share,mean_only,train_plus_validation,0.542156862745098,0.4671288150827136,0.4671288150827136,0.07502804766238441,0.07502804766238441
pts:377219:1049:ES1:2023,Selim Amallah,Valencia CF,2023,FW,test,opportunity,target_destination_minutes_share,mean_only,train_plus_validation,0.1813813813813813,0.4671288150827136,0.4671288150827136,-0.28574743370133227,0.28574743370133227
pts:396894:2687:ES1:2023,Maxi Gómez,Cádiz CF,2023,FW,test,opportunity,target_destination_minutes_share,mean_only,train_plus_validation,0.3492492492492492,0.4671288150827136,0.4671288150827136,-0.11787956583346437,0.11787956583346437
pts:399543:1005:IT1:2023,Remi Oudin,US Lecce,2023,MF,test,opportunity,target_destination_minutes_share,mean_only,train_plus_validation,0.5318713450292397,0.4671288150827136,0.4671288150827136,0.06474252994652613,0.06474252994652613
pts:39983:89:L1:2023,Leonardo Bonucci,1.FC Union Berlin,2023,DF,test,opportunity,target_destination_minutes_share,mean_only,train_plus_validation,0.1548821548821548,0.4671288150827136,0.4671288150827136,-0.3122466602005588,0.3122466602005588
pts:42412:985:GB1:2023,Jonny Evans,Manchester United,2023,DF,test,opportunity,target_destination_minutes_share,mean_only,train_plus_validation,0.4070175438596491,0.4671288150827136,0.4671288150827136,-0.06011127122306448,0.06011127122306448
pts:429901:1041:FR1:2023,Paul Akouokou,Olympique Lyon,2023,MF,test,opportunity,target_destination_minutes_share,mean_only,train_plus_validation,0.1003267973856209,0.4671288150827136,0.4671288150827136,-0.3668020176970927,0.3668020176970927
pts:442805:3302:ES1:2023,Iddrisu Baba,UD Almería,2023,MF,test,opportunity,target_destination_minutes_share,mean_only,train_plus_validation,0.441358024691358,0.4671288150827136,0.4671288150827136,-0.025770790391355602,0.025770790391355602
pts:456492:3:L1:2023,Faride Alidou,1.FC Köln,2023,FW,test,opportunity,target_destination_minutes_share,mean_only,train_plus_validation,0.4189542483660131,0.4671288150827136,0.4671288150827136,-0.048174566716700506,0.048174566716700506
pts:468066:6195:IT1:2023,Jens Cajuste,SSC Napoli,2023,MF,test,opportunity,target_destination_minutes_share,mean_only,train_plus_validation,0.2970760233918129,0.4671288150827136,0.4671288150827136,-0.1700527916909007,0.1700527916909007
pts:489611:749:IT1:2023,Filippo Ranocchia,FC Empoli,2023,MF,test,opportunity,target_destination_minutes_share,mean_only,train_plus_validation,0.1391812865497076,0.4671288150827136,0.4671288150827136,-0.327947528533006,0.327947528533006
pts:490223:3302:ES1:2023,Ibrahima Koné,UD Almería,2023,FW,test,opportunity,target_destination_minutes_share,mean_only,train_plus_validation,0.0854938271604938,0.4671288150827136,0.4671288150827136,-0.3816349879222198,0.3816349879222198
pts:527698:367:ES1:2023,Kike Pérez,Rayo Vallecano,2023,MF,test,opportunity,target_destination_minutes_share,mean_only,train_plus_validation,0.2507507507507507,0.4671288150827136,0.4671288150827136,-0.21637806433196288,0.21637806433196288
pts:55769:2919:IT1:2023,Danilo D'Ambrosio,AC Monza,2023,DF,test,opportunity,target_destination_minutes_share,mean_only,train_plus_validation,0.4491228070175438,0.4671288150827136,0.4671288150827136,-0.018006008065169776,0.018006008065169776
pts:585700:150:ES1:2023,Juan Cruz,Real Betis Balompié,2023,FW,test,opportunity,target_destination_minutes_share,mean_only,train_plus_validation,0.0255892255892255,0.4671288150827136,0.4671288150827136,-0.4415395894934881,0.4415395894934881
pts:66100:131:ES1:2023,Oriol Romeu,FC Barcelona,2023,MF,test,opportunity,target_destination_minutes_share,mean_only,train_plus_validation,0.2810810810810811,0.4671288150827136,0.4671288150827136,-0.1860477340016325,0.1860477340016325
pts:670848:379:GB1:2023,Divin Mubama,West Ham United,2023,FW,test,opportunity,target_destination_minutes_share,mean_only,train_plus_validation,0.024024024024024,0.4671288150827136,0.4671288150827136,-0.4431047910586896,0.4431047910586896
pts:81999:418:ES1:2023,Joselu,Real Madrid,2023,FW,test,opportunity,target_destination_minutes_share,mean_only,train_plus_validation,0.5066066066066066,0.4671288150827136,0.4671288150827136,0.039477791523893024,0.039477791523893024
pts:82009:89:L1:2023,Kevin Volland,1.FC Union Berlin,2023,FW,test,opportunity,target_destination_minutes_share,mean_only,train_plus_validation,0.4528619528619528,0.4671288150827136,0.4671288150827136,-0.01426686222076079,0.01426686222076079
pts:82048:1005:IT1:2023,Nicola Sansone,US Lecce,2023,FW,test,opportunity,target_destination_minutes_share,mean_only,train_plus_validation,0.2242690058479532,0.4671288150827136,0.4671288150827136,-0.2428598092347604,0.2428598092347604
pts:82503:367:ES1:2023,Aridane Hernández,Rayo Vallecano,2023,DF,test,opportunity,target_destination_minutes_share,mean_only,train_plus_validation,0.5075075075075075,0.4671288150827136,0.4671288150827136,0.040378692424793916,0.040378692424793916
pts:84765:749:IT1:2023,Francesco Caputo,FC Empoli,2023,FW,test,opportunity,target_destination_minutes_share,mean_only,train_plus_validation,0.3707602339181287,0.4671288150827136,0.4671288150827136,-0.09636858116458491,0.09636858116458491
pts:88684:2919:IT1:2023,Giulio Donati,AC Monza,2023,DF,test,opportunity,target_destination_minutes_share,mean_only,train_plus_validation,0.0105263157894736,0.4671288150827136,0.4671288150827136,-0.45660249929324,0.45660249929324
pts:88909:276:IT1:2023,Riccardo Saponara,Hellas Verona,2023,FW,test,opportunity,target_destination_minutes_share,mean_only,train_plus_validation,0.1027027027027027,0.4671288150827136,0.4671288150827136,-0.3644261123800109,0.3644261123800109
pts:895480:621:ES1:2023,Adu Ares,Athletic Bilbao,2023,FW,test,opportunity,target_destination_minutes_share,mean_only,train_plus_validation,0.0817901234567901,0.4671288150827136,0.4671288150827136,-0.3853386916259235,0.3853386916259235
pts:93704:39:L1:2023,Josuha Guilavogui,1.FSV Mainz 05,2023,DF,test,opportunity,target_destination_minutes_share,mean_only,train_plus_validation,0.1377104377104377,0.4671288150827136,0.4671288150827136,-0.32941837737227586,0.32941837737227586
pts:103565:618:FR1:2018,Wahbi Khazri,AS Saint-Étienne,2018,FW,train,opportunity,target_destination_minutes_share,player_history_baseline,train,0.845945945945946,0.5337718593185479,0.5337718593185479,0.3121740866273981,0.3121740866273981
pts:111347:1038:IT1:2018,Lorenzo Tonelli,UC Sampdoria,2018,DF,train,opportunity,target_destination_minutes_share,player_history_baseline,train,0.496996996996997,0.43796038405320953,0.43796038405320953,0.05903661294378748,0.05903661294378748
pts:112935:33:L1:2018,Mark Uth,FC Schalke 04,2018,FW,train,opportunity,target_destination_minutes_share,player_history_baseline,train,0.5043010752688172,0.527881929973962,0.527881929973962,-0.023580854705144816,0.023580854705144816
pts:122797:969:FR1:2018,Andy Delort,Montpellier HSC,2018,FW,train,opportunity,target_destination_minutes_share,player_history_baseline,train,0.9354354354354354,0.5396934245166891,0.5396934245166891,0.3957420109187463,0.3957420109187463
pts:124902:6574:IT1:2018,Khouma Babacar,US Sassuolo,2018,FW,train,opportunity,target_destination_minutes_share,player_history_baseline,train,0.4592592592592592,0.4571249415827661,0.4571249415827661,0.0021343176764930805,0.0021343176764930805
pts:126719:583:FR1:2018,Juan Bernat,Paris Saint-Germain,2018,DF,train,opportunity,target_destination_minutes_share,player_history_baseline,train,0.6580645161290323,0.43490169792486344,0.43490169792486344,0.22316281820416883,0.22316281820416883
pts:127076:82:L1:2018,Jérôme Roussillon,VfL Wolfsburg,2018,DF,train,opportunity,target_destination_minutes_share,player_history_baseline,train,0.8042483660130719,0.5265197165584699,0.5265197165584699,0.2777286494546021,0.2777286494546021
pts:129476:1010:GB1:2018,Gerard Deulofeu,Watford FC,2018,FW,train,opportunity,target_destination_minutes_share,player_history_baseline,train,0.604093567251462,0.4485268574633663,0.4485268574633663,0.15556670978809573,0.15556670978809573
pts:130360:6195:IT1:2018,Simone Verdi,SSC Napoli,2018,MF,train,opportunity,target_destination_minutes_share,player_history_baseline,train,0.2172839506172839,0.6087989818734232,0.6087989818734232,-0.3915150312561393,0.3915150312561393
pts:134294:180:GB1:2018,Danny Ings,Southampton FC,2018,FW,train,opportunity,target_destination_minutes_share,player_history_baseline,train,0.4827485380116959,0.4113336430042701,0.4113336430042701,0.07141489500742582,0.07141489500742582
pts:163222:1038:IT1:2018,Grégoire Defrel,UC Sampdoria,2018,FW,train,opportunity,target_destination_minutes_share,player_history_baseline,train,0.7024024024024024,0.414074256213071,0.414074256213071,0.2883281461893314,0.2883281461893314
pts:170544:417:FR1:2018,Christophe Hérelle,OGC Nice,2018,DF,train,opportunity,target_destination_minutes_share,player_history_baseline,train,0.881981981981982,0.5748857309255776,0.5748857309255776,0.30709625105640437,0.30709625105640437
pts:170953:1420:FR1:2018,Stéphane Bahoken,Angers SCO,2018,FW,train,opportunity,target_destination_minutes_share,player_history_baseline,train,0.7219298245614035,0.4841824058147957,0.4841824058147957,0.23774741874660782,0.23774741874660782
pts:178313:162:FR1:2018,Jean-Eudes Aholou,AS Monaco,2018,MF,train,opportunity,target_destination_minutes_share,player_history_baseline,train,0.3619528619528619,0.5754218537512772,0.5754218537512772,-0.21346899179841528,0.21346899179841528
pts:181378:969:FR1:2018,Gaëtan Laborde,Montpellier HSC,2018,FW,train,opportunity,target_destination_minutes_share,player_history_baseline,train,0.8693693693693694,0.4405825297520625,0.4405825297520625,0.42878683961730685,0.42878683961730685
pts:182618:5:IT1:2018,Tiemoué Bakayoko,AC Milan,2018,MF,train,opportunity,target_destination_minutes_share,player_history_baseline,train,0.7101851851851851,0.501468598261253,0.501468598261253,0.20871658692393213,0.20871658692393213
pts:183031:416:IT1:2018,Koffi Djidji,Torino FC,2018,DF,train,opportunity,target_destination_minutes_share,player_history_baseline,train,0.4165165165165165,0.5280520238082488,0.5280520238082488,-0.11153550729173228,0.11153550729173228
pts:195171:5:IT1:2018,Samu Castillejo,AC Milan,2018,FW,train,opportunity,target_destination_minutes_share,player_history_baseline,train,0.3157407407407407,0.5310100585936299,0.5310100585936299,-0.21526931785288922,0.21526931785288922
pts:199258:2722:IT1:2018,Andrea Petagna,SPAL,2018,FW,train,opportunity,target_destination_minutes_share,player_history_baseline,train,0.9354938271604938,0.4641264361421366,0.4641264361421366,0.4713673910183572,0.4713673910183572
pts:199369:681:ES1:2018,Sandro Ramírez,Real Sociedad,2018,FW,train,opportunity,target_destination_minutes_share,player_history_baseline,train,0.3168168168168168,0.43760820460358607,0.43760820460358607,-0.12079138778676929,0.12079138778676929
pts:236041:1416:FR1:2018,Alexis Blin,Amiens SC,2018,MF,train,opportunity,target_destination_minutes_share,player_history_baseline,train,0.5818713450292398,0.479327713140182,0.479327713140182,0.10254363188905774,0.10254363188905774
pts:236400:1041:FR1:2018,Leo Dubois,Olympique Lyon,2018,DF,train,opportunity,target_destination_minutes_share,player_history_baseline,train,0.6138138138138138,0.6049694528277753,0.6049694528277753,0.00884436098603858,0.00884436098603858
pts:238752:46:IT1:2018,Keita Baldé,Inter Milan,2018,FW,train,opportunity,target_destination_minutes_share,player_history_baseline,train,0.2599415204678362,0.46971536239631717,0.46971536239631717,-0.20977384192848098,0.20977384192848098
pts:241229:244:FR1:2018,Jordan Amavi,Olympique Marseille,2018,DF,train,opportunity,target_destination_minutes_share,player_history_baseline,train,0.6719135802469136,0.5307591398533464,0.5307591398533464,0.14115444039356717,0.14115444039356717
pts:27389:1049:ES1:2018,Kévin Gameiro,Valencia CF,2018,FW,train,opportunity,target_destination_minutes_share,player_history_baseline,train,0.4975308641975308,0.4922295501512334,0.4922295501512334,0.005301314046297412,0.005301314046297412
pts:28140:415:FR1:2018,Max Gradel,FC Toulouse,2018,FW,train,opportunity,target_destination_minutes_share,player_history_baseline,train,1.0,0.5757755184552432,0.5757755184552432,0.4242244815447568,0.4242244815447568
pts:281755:3709:ES1:2018,Iván Alejo,Getafe CF,2018,MF,train,opportunity,target_destination_minutes_share,player_history_baseline,train,0.0426900584795321,0.42397964812085837,0.42397964812085837,-0.38128958964132625,0.38128958964132625
pts:302215:31:GB1:2018,Naby Keïta,Liverpool FC,2018,MF,train,opportunity,target_destination_minutes_share,player_history_baseline,train,0.4064327485380117,0.5630813881723385,0.5630813881723385,-0.15664863963432685,0.15664863963432685
pts:302991:3368:ES1:2018,Erick Cabaco,Levante UD,2018,DF,train,opportunity,target_destination_minutes_share,player_history_baseline,train,0.4900900900900901,0.4315645018386926,0.4315645018386926,0.058525588251397476,0.058525588251397476
pts:319160:1038:IT1:2018,Jakub Jankto,UC Sampdoria,2018,MF,train,opportunity,target_destination_minutes_share,player_history_baseline,train,0.2891891891891892,0.5394753222053823,0.5394753222053823,-0.2502861330161931,0.2502861330161931
pts:32113:416:IT1:2018,Armando Izzo,Torino FC,2018,DF,train,opportunity,target_destination_minutes_share,player_history_baseline,train,0.9822822822822824,0.48747234578949233,0.48747234578949233,0.4948099364927901,0.4948099364927901
pts:335147:969:FR1:2018,Junior Sambia,Montpellier HSC,2018,MF,train,opportunity,target_destination_minutes_share,player_history_baseline,train,0.278078078078078,0.4761273178486054,0.4761273178486054,-0.1980492397705274,0.1980492397705274
pts:34322:11:GB1:2018,Sokratis Papastathopoulos,Arsenal FC,2018,DF,train,opportunity,target_destination_minutes_share,player_history_baseline,train,0.678395061728395,0.582480761061476,0.582480761061476,0.09591430066691908,0.09591430066691908
pts:38607:6574:IT1:2018,Federico Di Francesco,US Sassuolo,2018,FW,train,opportunity,target_destination_minutes_share,player_history_baseline,train,0.3314814814814815,0.48894042020119555,0.48894042020119555,-0.15745893871971406,0.15745893871971406
pts:39983:506:IT1:2018,Leonardo Bonucci,Juventus FC,2018,DF,train,opportunity,target_destination_minutes_share,player_history_baseline,train,0.886021505376344,0.6589042555817021,0.6589042555817021,0.22711724979464198,0.22711724979464198
pts:40633:398:IT1:2018,Milan Badelj,SS Lazio,2018,MF,train,opportunity,target_destination_minutes_share,player_history_baseline,train,0.3426426426426426,0.5497409962182059,0.5497409962182059,-0.20709835357556333,0.20709835357556333
pts:42412:1003:GB1:2018,Jonny Evans,Leicester City,2018,DF,train,opportunity,target_destination_minutes_share,player_history_baseline,train,0.583625730994152,0.5460796900673056,0.5460796900673056,0.037546040926846436,0.037546040926846436
pts:427161:667:FR1:2018,Lebo Mothiba,RC Strasbourg Alsace,2018,FW,train,opportunity,target_destination_minutes_share,player_history_baseline,train,0.5318318318318318,0.4478269314802352,0.4478269314802352,0.08400490035159658,0.08400490035159658
pts:432772:162:FR1:2018,Samuel Grandsir,AS Monaco,2018,FW,train,opportunity,target_destination_minutes_share,player_history_baseline,train,0.1579124579124579,0.5617447253314791,0.5617447253314791,-0.40383226741902123,0.40383226741902123
pts:44059:252:IT1:2018,Ervin Zukanović,Genoa CFC,2018,DF,train,opportunity,target_destination_minutes_share,player_history_baseline,train,0.5730994152046783,0.590677546741995,0.590677546741995,-0.017578131537316688,0.017578131537316688
pts:483573:1108:ES1:2018,Martin Agirregabiria,Deportivo Alavés,2018,DF,train,opportunity,target_destination_minutes_share,player_history_baseline,train,0.6271604938271605,0.4833894977327849,0.4833894977327849,0.14377099609437566,0.14377099609437566
pts:56100:1237:GB1:2018,Leon Balogun,Brighton & Hove Albion,2018,DF,train,opportunity,target_destination_minutes_share,player_history_baseline,train,0.1736842105263158,0.44621432508447173,0.44621432508447173,-0.2725301145581559,0.2725301145581559
pts:581781:2969:FR1:2018,Enzo Loiodice,Dijon FCO,2018,MF,train,opportunity,target_destination_minutes_share,player_history_baseline,train,0.2623456790123457,0.34942076067455496,0.34942076067455496,-0.08707508166220929,0.08707508166220929
pts:59631:162:FR1:2018,Nacer Chadli,AS Monaco,2018,MF,train,opportunity,target_destination_minutes_share,player_history_baseline,train,0.2326599326599326,0.4003092913060491,0.4003092913060491,-0.1676493586461165,0.1676493586461165
pts:60542:368:ES1:2018,Maxime Gonalons,Sevilla FC,2018,MF,train,opportunity,target_destination_minutes_share,player_history_baseline,train,0.1714285714285714,0.46378650568006585,0.46378650568006585,-0.2923579342514945,0.2923579342514945
pts:60577:416:IT1:2018,Nicolas Nkoulou,Torino FC,2018,DF,train,opportunity,target_destination_minutes_share,player_history_baseline,train,0.9651651651651652,0.6052116131521189,0.6052116131521189,0.35995355201304624,0.35995355201304624
pts:66934:873:GB1:2018,Cheikhou Kouyaté,Crystal Palace,2018,MF,train,opportunity,target_destination_minutes_share,player_history_baseline,train,0.5552631578947368,0.5580459547131348,0.5580459547131348,-0.0027827968183979923,0.0027827968183979923
pts:68645:1237:GB1:2018,Martín Montoya,Brighton & Hove Albion,2018,DF,train,opportunity,target_destination_minutes_share,player_history_baseline,train,0.6336257309941521,0.54102850698455,0.54102850698455,0.09259722400960213,0.09259722400960213
pts:68864:244:FR1:2018,Kevin Strootman,Olympique Marseille,2018,MF,train,opportunity,target_destination_minutes_share,player_history_baseline,train,0.5993827160493828,0.5575679280611601,0.5575679280611601,0.04181478798822269,0.04181478798822269
pts:70245:3709:ES1:2018,Ignasi Miquel,Getafe CF,2018,DF,train,opportunity,target_destination_minutes_share,player_history_baseline,train,0.0923976608187134,0.4838620060198865,0.4838620060198865,-0.3914643452011731,0.3914643452011731
pts:73185:379:GB1:2018,Lucas Pérez,West Ham United,2018,FW,train,opportunity,target_destination_minutes_share,player_history_baseline,train,0.1388888888888889,0.5911173222440722,0.5911173222440722,-0.4522284333551833,0.4522284333551833
pts:73734:12:IT1:2018,Steven Nzonzi,AS Roma,2018,MF,train,opportunity,target_destination_minutes_share,player_history_baseline,train,0.8307936507936508,0.5464857306577983,0.5464857306577983,0.2843079201358525,0.2843079201358525
pts:74228:12321:ES1:2018,Marc Muniesa,Girona FC,2018,DF,train,opportunity,target_destination_minutes_share,player_history_baseline,train,0.4594771241830065,0.46450444953217707,0.46450444953217707,-0.005027325349170553,0.005027325349170553
pts:88909:1038:IT1:2018,Riccardo Saponara,UC Sampdoria,2018,MF,train,opportunity,target_destination_minutes_share,player_history_baseline,train,0.2717717717717717,0.43847071238130336,0.43847071238130336,-0.16669894060953167,0.16669894060953167
pts:95641:1108:ES1:2018,Darko Brašanac,Deportivo Alavés,2018,MF,train,opportunity,target_destination_minutes_share,player_history_baseline,train,0.4876543209876543,0.45324945429039143,0.45324945429039143,0.03440486669726289,0.03440486669726289
pts:99232:410:IT1:2018,Marco D'Alessandro,Udinese Calcio,2018,DF,train,opportunity,target_destination_minutes_share,player_history_baseline,train,0.4614197530864197,0.4551798972066401,0.4551798972066401,0.006239855879779599,0.006239855879779599
pts:101213:6574:IT1:2019,Pedro Obiang,US Sassuolo,2019,MF,train,opportunity,target_destination_minutes_share,player_history_baseline,train,0.5166666666666667,0.4502152235003959,0.4502152235003959,0.06645144316627083,0.06645144316627083
pts:104752:6195:IT1:2019,Kostas Manolas,SSC Napoli,2019,DF,train,opportunity,target_destination_minutes_share,player_history_baseline,train,0.6534534534534534,0.5708187010188976,0.5708187010188976,0.08263475243455576,0.08263475243455576
pts:118284:969:FR1:2019,Jordan Ferri,Montpellier HSC,2019,MF,train,opportunity,target_destination_minutes_share,player_history_baseline,train,0.4563492063492063,0.5223503408448483,0.5223503408448483,-0.06600113449564204,0.06600113449564204
pts:122797:969:FR1:2019,Andy Delort,Montpellier HSC,2019,FW,train,opportunity,target_destination_minutes_share,player_history_baseline,train,0.9047619047619048,0.5993696365334138,0.5993696365334138,0.30539226822849097,0.30539226822849097
pts:127142:273:FR1:2019,Jonas Martin,Stade Rennais FC,2019,MF,train,opportunity,target_destination_minutes_share,player_history_baseline,train,0.0465020576131687,0.5212277806710962,0.5212277806710962,-0.4747257230579275,0.4747257230579275
pts:127156:969:FR1:2019,Téji Savanier,Montpellier HSC,2019,MF,train,opportunity,target_destination_minutes_share,player_history_baseline,train,0.6047619047619047,0.6173060051511474,0.6173060051511474,-0.012544100389242696,0.012544100389242696
pts:130360:416:IT1:2019,Simone Verdi,Torino FC,2019,MF,train,opportunity,target_destination_minutes_share,player_history_baseline,train,0.6398148148148148,0.4443766040307954,0.4443766040307954,0.19543821078401946,0.19543821078401946
pts:131708:1244:ES1:2019,Kenneth Omeruo,CD Leganés,2019,DF,train,opportunity,target_destination_minutes_share,player_history_baseline,train,0.630976430976431,0.530463320786927,0.530463320786927,0.10051311018950393,0.10051311018950393
pts:134294:180:GB1:2019,Danny Ings,Southampton FC,2019,FW,train,opportunity,target_destination_minutes_share,player_history_baseline,train,0.8198830409356725,0.5226275949100976,0.5226275949100976,0.29725544602557497,0.29725544602557497
pts:146854:162:FR1:2019,Wissam Ben Yedder,AS Monaco,2019,FW,train,opportunity,target_destination_minutes_share,player_history_baseline,train,0.8587301587301587,0.6286554299094106,0.6286554299094106,0.2300747288207481,0.2300747288207481
pts:162056:3368:ES1:2019,Gonzalo Melero,Levante UD,2019,MF,train,opportunity,target_destination_minutes_share,player_history_baseline,train,0.3614035087719298,0.468976228359649,0.468976228359649,-0.10757271958771919,0.10757271958771919
pts:163222:6574:IT1:2019,Grégoire Defrel,US Sassuolo,2019,FW,train,opportunity,target_destination_minutes_share,player_history_baseline,train,0.3024691358024691,0.5430951485536797,0.5430951485536797,-0.2406260127512106,0.2406260127512106
pts:164771:12:IT1:2019,Jordan Veretout,AS Roma,2019,MF,train,opportunity,target_destination_minutes_share,player_history_baseline,train,0.8346031746031746,0.5929815262200093,0.5929815262200093,0.24162164838316524,0.24162164838316524
pts:165873:366:ES1:2019,Federico Barba,Real Valladolid CF,2019,DF,train,opportunity,target_destination_minutes_share,player_history_baseline,train,0.1388888888888889,0.5411762523173461,0.5411762523173461,-0.4022873634284572,0.4022873634284572
pts:167859:252:IT1:2019,Stefano Sturaro,Genoa CFC,2019,MF,train,opportunity,target_destination_minutes_share,player_history_baseline,train,0.4091503267973856,0.38308098793378115,0.38308098793378115,0.026069338863604463,0.026069338863604463
pts:176139:1025:IT1:2019,Mattia Bani,Bologna FC 1909,2019,DF,train,opportunity,target_destination_minutes_share,player_history_baseline,train,0.6627627627627628,0.5401910418178159,0.5401910418178159,0.12257172094494695,0.12257172094494695
pts:178313:618:FR1:2019,Jean-Eudes Aholou,AS Saint-Étienne,2019,MF,train,opportunity,target_destination_minutes_share,player_history_baseline,train,0.2692307692307692,0.4231023930464449,0.4231023930464449,-0.1538716238156757,0.1538716238156757
pts:182618:162:FR1:2019,Tiemoué Bakayoko,AS Monaco,2019,MF,train,opportunity,target_destination_minutes_share,player_history_baseline,train,0.6821428571428572,0.5128590102397904,0.5128590102397904,0.16928384690306675,0.16928384690306675
pts:183031:416:IT1:2019,Koffi Djidji,Torino FC,2019,DF,train,opportunity,target_destination_minutes_share,player_history_baseline,train,0.2626543209876543,0.4582169328615687,0.4582169328615687,-0.19556261187391444,0.19556261187391444
pts:199258:2722:IT1:2019,Andrea Petagna,SPAL,2019,FW,train,opportunity,target_destination_minutes_share,player_history_baseline,train,0.9358024691358025,0.57844269690447,0.57844269690447,0.3573597722313324,0.3573597722313324
pts:199369:366:ES1:2019,Sandro Ramírez,Real Valladolid CF,2019,FW,train,opportunity,target_destination_minutes_share,player_history_baseline,train,0.4030864197530864,0.44796706037176726,0.44796706037176726,-0.044880640618680856,0.044880640618680856
pts:202278:273:FR1:2019,Flavien Tait,Stade Rennais FC,2019,MF,train,opportunity,target_destination_minutes_share,player_history_baseline,train,0.3641975308641975,0.597312013013322,0.597312013013322,-0.23311448214912456,0.23311448214912456
pts:203496:150:ES1:2019,Nabil Fekir,Real Betis Balompié,2019,MF,train,opportunity,target_destination_minutes_share,player_history_baseline,train,0.8141975308641975,0.5542230798075678,0.5542230798075678,0.25997445105662975,0.25997445105662975
pts:216179:46:IT1:2019,Stefano Sensi,Inter Milan,2019,MF,train,opportunity,target_destination_minutes_share,player_history_baseline,train,0.2231481481481481,0.5229318521544681,0.5229318521544681,-0.29978370400632004,0.29978370400632004
pts:236041:1416:FR1:2019,Alexis Blin,Amiens SC,2019,MF,train,opportunity,target_destination_minutes_share,player_history_baseline,train,0.7305555555555555,0.4943857371965524,0.4943857371965524,0.23616981835900314,0.23616981835900314
pts:238868:1050:ES1:2019,Rubén Peña,Villarreal CF,2019,DF,train,opportunity,target_destination_minutes_share,player_history_baseline,train,0.5732732732732733,0.5779948467594689,0.5779948467594689,-0.004721573486195618,0.004721573486195618
pts:251896:543:GB1:2019,Jesús Vallejo,Wolverhampton Wanderers,2019,DF,train,opportunity,target_destination_minutes_share,player_history_baseline,train,0.0476608187134502,0.3796404711587091,0.3796404711587091,-0.3319796524452589,0.3319796524452589
pts:274484:1041:FR1:2019,Youssouf Koné,Olympique Lyon,2019,DF,train,opportunity,target_destination_minutes_share,player_history_baseline,train,0.3366255144032922,0.5010083345349543,0.5010083345349543,-0.1643828201316621,0.1643828201316621
pts:288241:40:FR1:2019,Enock Kwateng,FC Girondins Bordeaux,2019,DF,train,opportunity,target_destination_minutes_share,player_history_baseline,train,0.3900793650793651,0.4738254883520849,0.4738254883520849,-0.0837461232727198,0.0837461232727198
pts:314295:167:L1:2019,Reece Oxford,FC Augsburg,2019,MF,train,opportunity,target_destination_minutes_share,player_history_baseline,train,0.1262626262626262,0.39175021057786324,0.39175021057786324,-0.26548758431523706,0.26548758431523706
pts:319160:1038:IT1:2019,Jakub Jankto,UC Sampdoria,2019,MF,train,opportunity,target_destination_minutes_share,player_history_baseline,train,0.6466049382716049,0.4340125695500076,0.4340125695500076,0.2125923687215973,0.2125923687215973
pts:355501:12:IT1:2019,Amadou Diawara,AS Roma,2019,MF,train,opportunity,target_destination_minutes_share,player_history_baseline,train,0.4819047619047619,0.44127501278932996,0.44127501278932996,0.040629749115431935,0.040629749115431935
pts:38607:2722:IT1:2019,Federico Di Francesco,SPAL,2019,FW,train,opportunity,target_destination_minutes_share,player_history_baseline,train,0.3339506172839506,0.4416582935863818,0.4416582935863818,-0.10770767630243122,0.10770767630243122
pts:396894:1049:ES1:2019,Maxi Gómez,Valencia CF,2019,FW,train,opportunity,target_destination_minutes_share,player_history_baseline,train,0.6803174603174603,0.5825760313013006,0.5825760313013006,0.09774142901615968,0.09774142901615968
pts:39728:16:L1:2019,Mats Hummels,Borussia Dortmund,2019,DF,train,opportunity,target_destination_minutes_share,player_history_baseline,train,0.869023569023569,0.5640303183871856,0.5640303183871856,0.3049932506363834,0.3049932506363834
pts:40633:430:IT1:2019,Milan Badelj,ACF Fiorentina,2019,MF,train,opportunity,target_destination_minutes_share,player_history_baseline,train,0.4759759759759759,0.4661895360410303,0.4661895360410303,0.009786439934945601,0.009786439934945601
pts:43512:86:L1:2019,Ömer Toprak,SV Werder Bremen,2019,DF,train,opportunity,target_destination_minutes_share,player_history_baseline,train,0.2407407407407407,0.42296320004081106,0.42296320004081106,-0.18222245930007036,0.18222245930007036
pts:44466:24:L1:2019,Sebastian Rode,Eintracht Frankfurt,2019,MF,train,opportunity,target_destination_minutes_share,player_history_baseline,train,0.6518518518518519,0.45054335533873646,0.45054335533873646,0.20130849651311544,0.20130849651311544
pts:635336:995:FR1:2019,Imran Louza,FC Nantes,2019,MF,train,opportunity,target_destination_minutes_share,player_history_baseline,train,0.8267489711934156,0.3485163030284887,0.3485163030284887,0.47823266816492693,0.47823266816492693
pts:64598:714:ES1:2019,Bernardo Espinosa,RCD Espanyol Barcelona,2019,DF,train,opportunity,target_destination_minutes_share,player_history_baseline,train,0.6972222222222222,0.5645948511957761,0.5645948511957761,0.13262737102644606,0.13262737102644606
pts:65318:1049:ES1:2019,Jaume Costa,Valencia CF,2019,DF,train,opportunity,target_destination_minutes_share,player_history_baseline,train,0.4409523809523809,0.5096822804740443,0.5096822804740443,-0.06872989952166342,0.06872989952166342
pts:73185:1108:ES1:2019,Lucas Pérez,Deportivo Alavés,2019,FW,train,opportunity,target_destination_minutes_share,player_history_baseline,train,0.7703703703703704,0.4408935260138414,0.4408935260138414,0.32947684435652896,0.32947684435652896
pts:74230:583:FR1:2019,Pablo Sarabia,Paris Saint-Germain,2019,FW,train,opportunity,target_destination_minutes_share,player_history_baseline,train,0.4974358974358974,0.5933918655073233,0.5933918655073233,-0.09595596807142587,0.09595596807142587
pts:80444:27:L1:2019,Philippe Coutinho,Bayern Munich,2019,MF,train,opportunity,target_destination_minutes_share,player_history_baseline,train,0.4750841750841751,0.554619811368975,0.554619811368975,-0.07953563628479987,0.07953563628479987
pts:81999:1108:ES1:2019,Joselu,Deportivo Alavés,2019,FW,train,opportunity,target_destination_minutes_share,player_history_baseline,train,0.858641975308642,0.4265732347708517,0.4265732347708517,0.43206874053779026,0.43206874053779026
pts:82048:1025:IT1:2019,Nicola Sansone,Bologna FC 1909,2019,FW,train,opportunity,target_destination_minutes_share,player_history_baseline,train,0.6813813813813814,0.47732755138036465,0.47732755138036465,0.20405383000101673,0.20405383000101673
pts:84765:6574:IT1:2019,Francesco Caputo,US Sassuolo,2019,FW,train,opportunity,target_destination_minutes_share,player_history_baseline,train,0.9046296296296296,0.637720235748351,0.637720235748351,0.26690939388127854,0.26690939388127854
pts:88909:252:IT1:2019,Riccardo Saponara,Genoa CFC,2019,MF,train,opportunity,target_destination_minutes_share,player_history_baseline,train,0.0549019607843137,0.4338928997272763,0.4338928997272763,-0.3789909389429626,0.3789909389429626
pts:99232:2722:IT1:2019,Marco D'Alessandro,SPAL,2019,MF,train,opportunity,target_destination_minutes_share,player_history_baseline,train,0.2410493827160494,0.4750933283458423,0.4750933283458423,-0.2340439456297929,0.2340439456297929
pts:111347:1038:IT1:2020,Lorenzo Tonelli,UC Sampdoria,2020,DF,train,opportunity,target_destination_minutes_share,player_history_baseline,train,0.5351351351351351,0.3907457681095766,0.3907457681095766,0.1443893670255585,0.1443893670255585
pts:111961:368:ES1:2020,Suso,Sevilla FC,2020,FW,train,opportunity,target_destination_minutes_share,player_history_baseline,train,0.6461988304093568,0.5925180277484318,0.5925180277484318,0.05368080266092501,0.05368080266092501
pts:121477:379:GB1:2020,Craig Dawson,West Ham United,2020,DF,train,opportunity,target_destination_minutes_share,player_history_baseline,train,0.5628654970760234,0.5642992164871806,0.5642992164871806,-0.0014337194111572193,0.0014337194111572193
pts:129476:410:IT1:2020,Gerard Deulofeu,Udinese Calcio,2020,FW,train,opportunity,target_destination_minutes_share,player_history_baseline,train,0.1845679012345679,0.48441005115053176,0.48441005115053176,-0.29984214991596386,0.29984214991596386
pts:130360:416:IT1:2020,Simone Verdi,Torino FC,2020,MF,train,opportunity,target_destination_minutes_share,player_history_baseline,train,0.5,0.5804081750944774,0.5804081750944774,-0.0804081750944774,0.0804081750944774
pts:130365:583:FR1:2020,Alessandro Florenzi,Paris Saint-Germain,2020,DF,train,opportunity,target_destination_minutes_share,player_history_baseline,train,0.5512544802867384,0.5471792527307772,0.5471792527307772,0.004075227555961236,0.004075227555961236
pts:148262:762:GB1:2020,Jeff Hendrick,Newcastle United,2020,MF,train,opportunity,target_destination_minutes_share,player_history_baseline,train,0.4647058823529412,0.5065777373605073,0.5065777373605073,-0.04187185500756607,0.04187185500756607
pts:163222:6574:IT1:2020,Grégoire Defrel,US Sassuolo,2020,MF,train,opportunity,target_destination_minutes_share,player_history_baseline,train,0.4012012012012012,0.4021774241350972,0.4021774241350972,-0.0009762229338960426,0.0009762229338960426
pts:164771:12:IT1:2020,Jordan Veretout,AS Roma,2020,MF,train,opportunity,target_destination_minutes_share,player_history_baseline,train,0.6709150326797385,0.6346387700053989,0.6346387700053989,0.03627626267433959,0.03627626267433959
pts:170544:3911:FR1:2020,Christophe Hérelle,Stade Brestois 29,2020,DF,train,opportunity,target_destination_minutes_share,player_history_baseline,train,0.425,0.4772617465542819,0.4772617465542819,-0.052261746554281896,0.052261746554281896
pts:176139:252:IT1:2020,Mattia Bani,Genoa CFC,2020,DF,train,opportunity,target_destination_minutes_share,player_history_baseline,train,0.2923809523809524,0.49441913594911685,0.49441913594911685,-0.20203818356816444,0.20203818356816444
pts:178313:667:FR1:2020,Jean-Eudes Aholou,RC Strasbourg Alsace,2020,MF,train,opportunity,target_destination_minutes_share,player_history_baseline,train,0.6444444444444445,0.44152151906817916,0.44152151906817916,0.20292292537626533,0.20292292537626533
pts:182618:6195:IT1:2020,Tiemoué Bakayoko,SSC Napoli,2020,MF,train,opportunity,target_destination_minutes_share,player_history_baseline,train,0.5897897897897898,0.48249248168035186,0.48249248168035186,0.10729730810943794,0.10729730810943794
pts:182875:995:FR1:2020,Jean-Charles Castelletto,FC Nantes,2020,DF,train,opportunity,target_destination_minutes_share,player_history_baseline,train,0.5692982456140351,0.4960203020339976,0.4960203020339976,0.07327794358003747,0.07327794358003747
pts:184894:430:IT1:2020,Alfred Duncan,ACF Fiorentina,2020,MF,train,opportunity,target_destination_minutes_share,player_history_baseline,train,0.0486486486486486,0.4951525751952087,0.4951525751952087,-0.4465039265465601,0.4465039265465601
pts:216179:46:IT1:2020,Stefano Sensi,Inter Milan,2020,MF,train,opportunity,target_destination_minutes_share,player_history_baseline,train,0.1763157894736842,0.42529715476644314,0.42529715476644314,-0.24898136529275894,0.24898136529275894
pts:238752:1038:IT1:2020,Keita Baldé,UC Sampdoria,2020,FW,train,opportunity,target_destination_minutes_share,player_history_baseline,train,0.3594594594594594,0.4296517565619898,0.4296517565619898,-0.07019229710253039,0.07019229710253039
pts:251896:16795:ES1:2020,Jesús Vallejo,Granada CF,2020,DF,train,opportunity,target_destination_minutes_share,player_history_baseline,train,0.4279365079365079,0.36137869231648495,0.36137869231648495,0.06655781562002294,0.06655781562002294
pts:25488:1038:IT1:2020,Antonio Candreva,UC Sampdoria,2020,MF,train,opportunity,target_destination_minutes_share,player_history_baseline,train,0.7522522522522522,0.5580562688623143,0.5580562688623143,0.19419598338993793,0.19419598338993793
pts:265763:347:FR1:2020,Thierry Ambrose,FC Metz,2020,FW,train,opportunity,target_destination_minutes_share,player_history_baseline,train,0.2201754385964912,0.4187615667815682,0.4187615667815682,-0.19858612818507698,0.19858612818507698
pts:266795:398:IT1:2020,Gonzalo Escalante,SS Lazio,2020,MF,train,opportunity,target_destination_minutes_share,player_history_baseline,train,0.2262345679012345,0.4634437802039175,0.4634437802039175,-0.23720921230268302,0.23720921230268302
pts:272261:276:IT1:2020,Antonín Barák,Hellas Verona,2020,MF,train,opportunity,target_destination_minutes_share,player_history_baseline,train,0.8533950617283951,0.47861483236343216,0.47861483236343216,0.3747802293649629,0.3747802293649629
pts:282349:33:L1:2020,Timo Becker,FC Schalke 04,2020,DF,train,opportunity,target_destination_minutes_share,player_history_baseline,train,0.6507936507936508,0.38279289232482233,0.38279289232482233,0.2680007584688285,0.2680007584688285
pts:284595:1038:IT1:2020,Tommaso Augello,UC Sampdoria,2020,DF,train,opportunity,target_destination_minutes_share,player_history_baseline,train,0.9657657657657658,0.4549325684709201,0.4549325684709201,0.5108331972948457,0.5108331972948457
pts:284884:368:ES1:2020,Óscar Rodríguez Arnaiz,Sevilla FC,2020,MF,train,opportunity,target_destination_minutes_share,player_history_baseline,train,0.1494152046783625,0.5123969714067108,0.5123969714067108,-0.3629817667283483,0.3629817667283483
pts:310458:276:IT1:2020,Giangiacomo Magnani,Hellas Verona,2020,DF,train,opportunity,target_destination_minutes_share,player_history_baseline,train,0.4660493827160494,0.37503754142475965,0.37503754142475965,0.09101184129128975,0.09101184129128975
pts:32467:368:ES1:2020,Ivan Rakitić,Sevilla FC,2020,MF,train,opportunity,target_destination_minutes_share,player_history_baseline,train,0.6529239766081871,0.5563392637801274,0.5563392637801274,0.0965847128280597,0.0965847128280597
pts:332179:800:IT1:2020,Matteo Pessina,Atalanta BC,2020,MF,train,opportunity,target_destination_minutes_share,player_history_baseline,train,0.493993993993994,0.5357330731965587,0.5357330731965587,-0.0417390792025647,0.0417390792025647
pts:340328:969:FR1:2020,Stephy Mavididi,Montpellier HSC,2020,FW,train,opportunity,target_destination_minutes_share,player_history_baseline,train,0.5935672514619883,0.459314383645524,0.459314383645524,0.13425286781646428,0.13425286781646428
pts:40633:252:IT1:2020,Milan Badelj,Genoa CFC,2020,MF,train,opportunity,target_destination_minutes_share,player_history_baseline,train,0.7644444444444445,0.5199057462562173,0.5199057462562173,0.24453869818822715,0.24453869818822715
pts:43512:86:L1:2020,Ömer Toprak,SV Werder Bremen,2020,DF,train,opportunity,target_destination_minutes_share,player_history_baseline,train,0.6339869281045751,0.45963624439624645,0.45963624439624645,0.17435068370832868,0.17435068370832868
pts:43530:1237:GB1:2020,Adam Lallana,Brighton & Hove Albion,2020,MF,train,opportunity,target_destination_minutes_share,player_history_baseline,train,0.4925925925925926,0.3491061311328958,0.3491061311328958,0.1434864614596968,0.1434864614596968
pts:44162:131:ES1:2020,Miralem Pjanić,FC Barcelona,2020,MF,train,opportunity,target_destination_minutes_share,player_history_baseline,train,0.1882882882882882,0.6228317048408687,0.6228317048408687,-0.4345434165525805,0.4345434165525805
pts:468002:379:GB1:2020,Ben Johnson,West Ham United,2020,DF,train,opportunity,target_destination_minutes_share,player_history_baseline,train,0.1529239766081871,0.3725276928074654,0.3725276928074654,-0.2196037161992783,0.2196037161992783
pts:481834:1390:IT1:2020,Andrea Carboni,Cagliari Calcio,2020,DF,train,opportunity,target_destination_minutes_share,player_history_baseline,train,0.3258258258258258,0.3700109381928395,0.3700109381928395,-0.04418511236701367,0.04418511236701367
pts:505194:1003:GB1:2020,Luke Thomas,Leicester City,2020,DF,train,opportunity,target_destination_minutes_share,player_history_baseline,train,0.2833333333333333,0.367042655149476,0.367042655149476,-0.08370932181614266,0.08370932181614266
pts:527698:366:ES1:2020,Kike Pérez,Real Valladolid CF,2020,MF,train,opportunity,target_destination_minutes_share,player_history_baseline,train,0.357716049382716,0.36531089781918696,0.36531089781918696,-0.007594848436470958,0.007594848436470958
pts:56810:1038:IT1:2020,Adrien Silva,UC Sampdoria,2020,MF,train,opportunity,target_destination_minutes_share,player_history_baseline,train,0.4801801801801801,0.43103021656677576,0.43103021656677576,0.049149963613404346,0.049149963613404346
pts:56818:417:FR1:2020,Morgan Schneiderlin,OGC Nice,2020,MF,train,opportunity,target_destination_minutes_share,player_history_baseline,train,0.6423976608187134,0.45142506497383666,0.45142506497383666,0.19097259584487675,0.19097259584487675
pts:569866:681:ES1:2020,Roberto López,Real Sociedad,2020,MF,train,opportunity,target_destination_minutes_share,player_history_baseline,train,0.1476608187134503,0.37853731961817677,0.37853731961817677,-0.23087650090472647,0.23087650090472647
pts:57280:430:IT1:2020,Giacomo Bonaventura,ACF Fiorentina,2020,MF,train,opportunity,target_destination_minutes_share,player_history_baseline,train,0.6774774774774774,0.5040447021728047,0.5040447021728047,0.17343277530467271,0.17343277530467271
pts:58396:86:L1:2020,Christian Groß,SV Werder Bremen,2020,MF,train,opportunity,target_destination_minutes_share,player_history_baseline,train,0.4797385620915033,0.44117662426672394,0.44117662426672394,0.038561937824779347,0.038561937824779347
pts:60444:31:GB1:2020,Thiago Alcántara,Liverpool FC,2020,MF,train,opportunity,target_destination_minutes_share,player_history_baseline,train,0.5421052631578948,0.5333990823196088,0.5333990823196088,0.008706180838286004,0.008706180838286004
pts:60542:16795:ES1:2020,Maxime Gonalons,Granada CF,2020,MF,train,opportunity,target_destination_minutes_share,player_history_baseline,train,0.4698412698412698,0.4556821353620955,0.4556821353620955,0.014159134479174273,0.014159134479174273
pts:61253:430:IT1:2020,José Callejón,ACF Fiorentina,2020,FW,train,opportunity,target_destination_minutes_share,player_history_baseline,train,0.1993993993993994,0.5928631323240243,0.5928631323240243,-0.3934637329246249,0.3934637329246249
pts:68645:150:ES1:2020,Martín Montoya,Real Betis Balompié,2020,DF,train,opportunity,target_destination_minutes_share,player_history_baseline,train,0.0758730158730158,0.5148554938332451,0.5148554938332451,-0.4389824779602293,0.4389824779602293
pts:82009:162:FR1:2020,Kevin Volland,AS Monaco,2020,FW,train,opportunity,target_destination_minutes_share,player_history_baseline,train,0.8315315315315316,0.5630335938087393,0.5630335938087393,0.2684979377227923,0.2684979377227923
pts:88682:1041:FR1:2020,Mattia De Sciglio,Olympique Lyon,2020,DF,train,opportunity,target_destination_minutes_share,player_history_baseline,train,0.4289473684210526,0.365460079020242,0.365460079020242,0.06348728940081055,0.06348728940081055
pts:88683:252:IT1:2020,Mattia Destro,Genoa CFC,2020,FW,train,opportunity,target_destination_minutes_share,player_history_baseline,train,0.5098412698412699,0.374067208122354,0.374067208122354,0.13577406171891587,0.13577406171891587
pts:94201:89:L1:2020,Robin Knoche,1.FC Union Berlin,2020,DF,train,opportunity,target_destination_minutes_share,player_history_baseline,train,0.9941176470588236,0.49758885145895954,0.49758885145895954,0.496528795599864,0.496528795599864
pts:111630:368:ES1:2021,Érik Lamela,Sevilla FC,2021,FW,train,opportunity,target_destination_minutes_share,player_history_baseline,train,0.3132716049382716,0.3765841876198429,0.3765841876198429,-0.0633125826815713,0.0633125826815713
pts:112935:3:L1:2021,Mark Uth,1.FC Köln,2021,MF,train,opportunity,target_destination_minutes_share,player_history_baseline,train,0.703125,0.46629137435545853,0.46629137435545853,0.23683362564454147,0.23683362564454147
pts:121477:379:GB1:2021,Craig Dawson,West Ham United,2021,DF,train,opportunity,target_destination_minutes_share,player_history_baseline,train,0.827027027027027,0.5254036971065016,0.5254036971065016,0.30162332992052543,0.30162332992052543
pts:122797:417:FR1:2021,Andy Delort,OGC Nice,2021,FW,train,opportunity,target_destination_minutes_share,player_history_baseline,train,0.7157894736842105,0.6186947442933488,0.6186947442933488,0.09709472939086172,0.09709472939086172
pts:124715:252:IT1:2021,Nikola Maksimović,Genoa CFC,2021,DF,train,opportunity,target_destination_minutes_share,player_history_baseline,train,0.3348348348348348,0.4431932818312617,0.4431932818312617,-0.10835844699642694,0.10835844699642694
pts:126673:1025:IT1:2021,Adama Soumaoro,Bologna FC 1909,2021,DF,train,opportunity,target_destination_minutes_share,player_history_baseline,train,0.6993827160493827,0.4952806290792604,0.4952806290792604,0.20410208697012233,0.20410208697012233
pts:127032:1050:ES1:2021,Serge Aurier,Villarreal CF,2021,DF,train,opportunity,target_destination_minutes_share,player_history_baseline,train,0.3206349206349206,0.43162403452736753,0.43162403452736753,-0.11098911389244692,0.11098911389244692
pts:130365:5:IT1:2021,Alessandro Florenzi,AC Milan,2021,DF,train,opportunity,target_destination_minutes_share,player_history_baseline,train,0.3555555555555555,0.520257663286869,0.520257663286869,-0.16470210773131344,0.16470210773131344
pts:131731:3522:IT1:2021,Mehdi Bourabia,Spezia Calcio,2021,MF,train,opportunity,target_destination_minutes_share,player_history_baseline,train,0.087037037037037,0.424765052984147,0.424765052984147,-0.33772801594711,0.33772801594711
pts:131951:276:IT1:2021,Kevin Lasagna,Hellas Verona,2021,MF,train,opportunity,target_destination_minutes_share,player_history_baseline,train,0.3461988304093567,0.55317851878286,0.55317851878286,-0.20697968837350328,0.20697968837350328
pts:134294:405:GB1:2021,Danny Ings,Aston Villa,2021,FW,train,opportunity,target_destination_minutes_share,player_history_baseline,train,0.5549707602339181,0.5536388954314306,0.5536388954314306,0.0013318648024874813,0.0013318648024874813
pts:135492:150:ES1:2021,Youssouf Sabaly,Real Betis Balompié,2021,DF,train,opportunity,target_destination_minutes_share,player_history_baseline,train,0.257516339869281,0.579217429969198,0.579217429969198,-0.321701090099917,0.321701090099917
pts:14086:405:GB1:2021,Ashley Young,Aston Villa,2021,DF,train,opportunity,target_destination_minutes_share,player_history_baseline,train,0.3654970760233918,0.5351217798017779,0.5351217798017779,-0.16962470377838607,0.16962470377838607
pts:143559:430:IT1:2021,Matija Nastasić,ACF Fiorentina,2021,DF,train,opportunity,target_destination_minutes_share,player_history_baseline,train,0.0657657657657657,0.4824716757856452,0.4824716757856452,-0.4167059100198795,0.4167059100198795
pts:146752:276:IT1:2021,Gianluca Caprari,Hellas Verona,2021,MF,train,opportunity,target_destination_minutes_share,player_history_baseline,train,0.8008771929824562,0.49074032539803575,0.49074032539803575,0.31013686758442044,0.31013686758442044
pts:159844:24:L1:2021,Christopher Lenz,Eintracht Frankfurt,2021,DF,train,opportunity,target_destination_minutes_share,player_history_baseline,train,0.2305555555555555,0.5223775920303126,0.5223775920303126,-0.29182203647475713,0.29182203647475713
pts:164770:985:GB1:2021,Raphaël Varane,Manchester United,2021,DF,train,opportunity,target_destination_minutes_share,player_history_baseline,train,0.5353801169590643,0.6178676463367548,0.6178676463367548,-0.08248752937769055,0.08248752937769055
pts:173900:1049:ES1:2021,Hélder Costa,Valencia CF,2021,MF,train,opportunity,target_destination_minutes_share,player_history_baseline,train,0.3450617283950617,0.42631102250472513,0.42631102250472513,-0.08124929410966342,0.08124929410966342
pts:178313:667:FR1:2021,Jean-Eudes Aholou,RC Strasbourg Alsace,2021,MF,train,opportunity,target_destination_minutes_share,player_history_baseline,train,0.3015015015015015,0.4746526278564994,0.4746526278564994,-0.1731511263549979,0.1731511263549979
pts:181378:273:FR1:2021,Gaëtan Laborde,Stade Rennais FC,2021,FW,train,opportunity,target_destination_minutes_share,player_history_baseline,train,0.797953216374269,0.6515412918760722,0.6515412918760722,0.14641192449819673,0.14641192449819673
pts:182618:5:IT1:2021,Tiemoué Bakayoko,AC Milan,2021,MF,train,opportunity,target_destination_minutes_share,player_history_baseline,train,0.1546296296296296,0.5076999856601926,0.5076999856601926,-0.353070356030563,0.353070356030563
pts:199369:3709:ES1:2021,Sandro Ramírez,Getafe CF,2021,FW,train,opportunity,target_destination_minutes_share,player_history_baseline,train,0.4274853801169591,0.4407005863684483,0.4407005863684483,-0.013215206251489198,0.013215206251489198
pts:238752:1390:IT1:2021,Keita Baldé,Cagliari Calcio,2021,FW,train,opportunity,target_destination_minutes_share,player_history_baseline,train,0.369069069069069,0.425824366489277,0.425824366489277,-0.05675529742020802,0.05675529742020802
pts:25488:1038:IT1:2021,Antonio Candreva,UC Sampdoria,2021,MF,train,opportunity,target_destination_minutes_share,player_history_baseline,train,0.9626543209876544,0.5400281247761527,0.5400281247761527,0.42262619621150166,0.42262619621150166
pts:272261:276:IT1:2021,Antonín Barák,Hellas Verona,2021,MF,train,opportunity,target_destination_minutes_share,player_history_baseline,train,0.6842105263157895,0.5018824582819025,0.5018824582819025,0.18232806803388701,0.18232806803388701
pts:27389:667:FR1:2021,Kévin Gameiro,RC Strasbourg Alsace,2021,FW,train,opportunity,target_destination_minutes_share,player_history_baseline,train,0.7162162162162162,0.4647054007366517,0.4647054007366517,0.25151081547956455,0.25151081547956455
pts:279009:44:L1:2021,Marco Richter,Hertha BSC,2021,FW,train,opportunity,target_destination_minutes_share,player_history_baseline,train,0.6311111111111111,0.44342324775491054,0.44342324775491054,0.18768786335620052,0.18768786335620052
pts:309393:10:L1:2021,Lennart-Marten Czyborra,Arminia Bielefeld,2021,DF,train,opportunity,target_destination_minutes_share,player_history_baseline,train,0.0441077441077441,0.43368449562458083,0.43368449562458083,-0.38957675151683674,0.38957675151683674
pts:310458:276:IT1:2021,Giangiacomo Magnani,Hellas Verona,2021,DF,train,opportunity,target_destination_minutes_share,player_history_baseline,train,0.1549707602339181,0.46493327405431834,0.46493327405431834,-0.30996251382040024,0.30996251382040024
pts:315125:40:FR1:2021,Javairô Dilrosun,FC Girondins Bordeaux,2021,MF,train,opportunity,target_destination_minutes_share,player_history_baseline,train,0.5345679012345679,0.35048599078846343,0.35048599078846343,0.18408191044610445,0.18408191044610445
pts:319160:3709:ES1:2021,Jakub Jankto,Getafe CF,2021,DF,train,opportunity,target_destination_minutes_share,player_history_baseline,train,0.1716374269005847,0.49077069947989577,0.49077069947989577,-0.31913327257931107,0.31913327257931107
pts:344605:1003:GB1:2021,Boubakary Soumaré,Leicester City,2021,MF,train,opportunity,target_destination_minutes_share,player_history_baseline,train,0.3309309309309309,0.44963000521607216,0.44963000521607216,-0.11869907428514126,0.11869907428514126
pts:352392:667:FR1:2021,Lucas Perrin,RC Strasbourg Alsace,2021,DF,train,opportunity,target_destination_minutes_share,player_history_baseline,train,0.7513513513513513,0.39952710372654104,0.39952710372654104,0.3518242476248103,0.3518242476248103
pts:395083:1421:FR1:2021,Andrew Gravillon,Stade Reims,2021,DF,train,opportunity,target_destination_minutes_share,player_history_baseline,train,0.6242690058479532,0.519122319226822,0.519122319226822,0.10514668662113125,0.10514668662113125
pts:459655:800:IT1:2021,Matteo Lovato,Atalanta BC,2021,DF,train,opportunity,target_destination_minutes_share,player_history_baseline,train,0.0915915915915916,0.4432938327734231,0.4432938327734231,-0.3517022411818315,0.3517022411818315
pts:471474:331:ES1:2021,Javi Martínez,CA Osasuna,2021,MF,train,opportunity,target_destination_minutes_share,player_history_baseline,train,0.263963963963964,0.37820129261866914,0.37820129261866914,-0.11423732865470515,0.11423732865470515
pts:47713:969:FR1:2021,Mamadou Sakho,Montpellier HSC,2021,DF,train,opportunity,target_destination_minutes_share,player_history_baseline,train,0.7947530864197531,0.42320403458517997,0.42320403458517997,0.3715490518345731,0.3715490518345731
pts:481084:1049:ES1:2021,Marcos André,Valencia CF,2021,FW,train,opportunity,target_destination_minutes_share,player_history_baseline,train,0.3003086419753086,0.45572165016622757,0.45572165016622757,-0.15541300819091897,0.15541300819091897
pts:562049:12:IT1:2021,Edoardo Bove,AS Roma,2021,MF,train,opportunity,target_destination_minutes_share,player_history_baseline,train,0.0198830409356725,0.3539870396985406,0.3539870396985406,-0.3341039987628681,0.3341039987628681
pts:61842:29:GB1:2021,Andros Townsend,Everton FC,2021,MF,train,opportunity,target_destination_minutes_share,player_history_baseline,train,0.4619047619047619,0.5679388840589585,0.5679388840589585,-0.10603412215419666,0.10603412215419666
pts:67082:3709:ES1:2021,Vitolo,Getafe CF,2021,MF,train,opportunity,target_destination_minutes_share,player_history_baseline,train,0.0646198830409356,0.35807425968589246,0.35807425968589246,-0.2934543766449569,0.2934543766449569
pts:68864:1390:IT1:2021,Kevin Strootman,Cagliari Calcio,2021,MF,train,opportunity,target_destination_minutes_share,player_history_baseline,train,0.1921921921921922,0.47910916560269046,0.47910916560269046,-0.28691697341049827,0.28691697341049827
pts:73185:1531:ES1:2021,Lucas Pérez,Elche CF,2021,FW,train,opportunity,target_destination_minutes_share,player_history_baseline,train,0.4262626262626263,0.4503516627030538,0.4503516627030538,-0.024089036440427536,0.024089036440427536
pts:84765:1038:IT1:2021,Francesco Caputo,UC Sampdoria,2021,FW,train,opportunity,target_destination_minutes_share,player_history_baseline,train,0.8611111111111112,0.5676362951064023,0.5676362951064023,0.2934748160047088,0.2934748160047088
pts:85383:2687:ES1:2021,Rubén Sobrino,Cádiz CF,2021,FW,train,opportunity,target_destination_minutes_share,player_history_baseline,train,0.5588588588588589,0.4242671204798967,0.4242671204798967,0.1345917383789622,0.1345917383789622
pts:85393:1025:IT1:2021,Nicolas Viola,Bologna FC 1909,2021,MF,train,opportunity,target_destination_minutes_share,player_history_baseline,train,0.0314814814814814,0.4647336957999705,0.4647336957999705,-0.4332522143184891,0.4332522143184891
pts:94137:89:L1:2021,Kevin Möhwald,1.FC Union Berlin,2021,MF,train,opportunity,target_destination_minutes_share,player_history_baseline,train,0.1191919191919192,0.4493873389228218,0.4493873389228218,-0.3301954197309026,0.3301954197309026
pts:103565:969:FR1:2022,Wahbi Khazri,Montpellier HSC,2022,FW,validation,opportunity,target_destination_minutes_share,player_history_baseline,train,0.5046296296296297,0.5260527891295038,0.5260527891295038,-0.021423159499874167,0.021423159499874167
pts:125614:3:L1:2022,Sargis Adamyan,1.FC Köln,2022,FW,validation,opportunity,target_destination_minutes_share,player_history_baseline,train,0.2104575163398692,0.36357196570329464,0.36357196570329464,-0.15311444936342544,0.15311444936342544
pts:127142:1082:FR1:2022,Jonas Martin,LOSC Lille,2022,MF,validation,opportunity,target_destination_minutes_share,player_history_baseline,train,0.0831831831831831,0.47638218570206436,0.47638218570206436,-0.3931990025188813,0.3931990025188813
pts:128901:29:GB1:2022,Conor Coady,Everton FC,2022,DF,validation,opportunity,target_destination_minutes_share,player_history_baseline,train,0.6128654970760234,0.6736300250709997,0.6736300250709997,-0.060764527994976225,0.060764527994976225
pts:130360:276:IT1:2022,Simone Verdi,Hellas Verona,2022,MF,validation,opportunity,target_destination_minutes_share,player_history_baseline,train,0.3291291291291291,0.4477506552596376,0.4477506552596376,-0.11862152613050847,0.11862152613050847
pts:130365:5:IT1:2022,Alessandro Florenzi,AC Milan,2022,DF,validation,opportunity,target_destination_minutes_share,player_history_baseline,train,0.0644444444444444,0.4753577022863754,0.4753577022863754,-0.410913257841931,0.410913257841931
pts:131731:3522:IT1:2022,Mehdi Bourabia,Spezia Calcio,2022,MF,validation,opportunity,target_destination_minutes_share,player_history_baseline,train,0.8321321321321321,0.37611904293537446,0.37611904293537446,0.45601308919675765,0.45601308919675765
pts:143559:237:ES1:2022,Matija Nastasić,RCD Mallorca,2022,DF,validation,opportunity,target_destination_minutes_share,player_history_baseline,train,0.2796296296296296,0.3687450847601142,0.3687450847601142,-0.08911545513048458,0.08911545513048458
pts:148368:5:IT1:2022,Divock Origi,AC Milan,2022,FW,validation,opportunity,target_destination_minutes_share,player_history_baseline,train,0.326031746031746,0.3320839830183585,0.3320839830183585,-0.0060522369866125025,0.0060522369866125025
pts:162038:367:ES1:2022,Raúl de Tomás,Rayo Vallecano,2022,FW,validation,opportunity,target_destination_minutes_share,player_history_baseline,train,0.2353801169590643,0.568189440423645,0.568189440423645,-0.33280932346458075,0.33280932346458075
pts:164771:244:FR1:2022,Jordan Veretout,Olympique Marseille,2022,MF,validation,opportunity,target_destination_minutes_share,player_history_baseline,train,0.8371345029239766,0.5921313152085653,0.5921313152085653,0.2450031877154113,0.2450031877154113
pts:178313:667:FR1:2022,Jean-Eudes Aholou,RC Strasbourg Alsace,2022,MF,validation,opportunity,target_destination_minutes_share,player_history_baseline,train,0.3801169590643274,0.3839608389689838,0.3839608389689838,-0.0038438799046564,0.0038438799046564
pts:179635:80:L1:2022,Philipp Förster,VfL Bochum,2022,MF,validation,opportunity,target_destination_minutes_share,player_history_baseline,train,0.4277777777777777,0.4413443394850065,0.4413443394850065,-0.013566561707228808,0.013566561707228808
pts:181378:417:FR1:2022,Gaëtan Laborde,OGC Nice,2022,FW,validation,opportunity,target_destination_minutes_share,player_history_baseline,train,0.7525525525525526,0.6098272999738088,0.6098272999738088,0.1427252525787438,0.1427252525787438
pts:195171:1049:ES1:2022,Samu Castillejo,Valencia CF,2022,FW,validation,opportunity,target_destination_minutes_share,player_history_baseline,train,0.3982456140350877,0.3492528649686133,0.3492528649686133,0.048992749066474384,0.048992749066474384
pts:197135:2687:ES1:2022,Joseba Zaldúa,Cádiz CF,2022,DF,validation,opportunity,target_destination_minutes_share,player_history_baseline,train,0.1972222222222222,0.4871217796093286,0.4871217796093286,-0.28989955738710643,0.28989955738710643
pts:197470:3522:IT1:2022,Mattia Caldara,Spezia Calcio,2022,DF,validation,opportunity,target_destination_minutes_share,player_history_baseline,train,0.3762762762762763,0.5176551019637091,0.5176551019637091,-0.14137882568743282,0.14137882568743282
pts:203842:3522:IT1:2022,Viktor Kovalenko,Spezia Calcio,2022,MF,validation,opportunity,target_destination_minutes_share,player_history_baseline,train,0.1645645645645645,0.45599177850638045,0.45599177850638045,-0.2914272139418159,0.2914272139418159
pts:206912:826:FR1:2022,Jimmy Cabot,RC Lens,2022,DF,validation,opportunity,target_destination_minutes_share,player_history_baseline,train,0.1494152046783625,0.5415681544953435,0.5415681544953435,-0.39215294981698096,0.39215294981698096
pts:212391:1531:ES1:2022,Roger Martí,Elche CF,2022,FW,validation,opportunity,target_destination_minutes_share,player_history_baseline,train,0.2021604938271605,0.5507597269287594,0.5507597269287594,-0.3485992331015989,0.3485992331015989
pts:223725:3709:ES1:2022,Munir El Haddadi,Getafe CF,2022,MF,validation,opportunity,target_destination_minutes_share,player_history_baseline,train,0.3362573099415205,0.3922792721946129,0.3922792721946129,-0.05602196225309242,0.05602196225309242
pts:238868:331:ES1:2022,Rubén Peña,CA Osasuna,2022,DF,validation,opportunity,target_destination_minutes_share,player_history_baseline,train,0.3834834834834835,0.3957345965994695,0.3957345965994695,-0.012251113115986034,0.012251113115986034
pts:241229:3709:ES1:2022,Jordan Amavi,Getafe CF,2022,DF,validation,opportunity,target_destination_minutes_share,player_history_baseline,train,0.0584795321637426,0.3971336507410625,0.3971336507410625,-0.3386541185773199,0.3386541185773199
pts:247250:2687:ES1:2022,Rubén Alcaraz,Cádiz CF,2022,MF,validation,opportunity,target_destination_minutes_share,player_history_baseline,train,0.6305555555555555,0.45591583585470297,0.45591583585470297,0.17463971970085257,0.17463971970085257
pts:249126:1038:IT1:2022,Harry Winks,UC Sampdoria,2022,MF,validation,opportunity,target_destination_minutes_share,player_history_baseline,train,0.5153153153153153,0.44780342709645893,0.44780342709645893,0.06751188821885634,0.06751188821885634
pts:25488:380:IT1:2022,Antonio Candreva,US Salernitana 1919,2022,MF,validation,opportunity,target_destination_minutes_share,player_history_baseline,train,0.8653968253968254,0.6218079160590165,0.6218079160590165,0.24358890933780886,0.24358890933780886
pts:272261:430:IT1:2022,Antonín Barák,ACF Fiorentina,2022,MF,validation,opportunity,target_destination_minutes_share,player_history_baseline,train,0.6057239057239058,0.510120009124135,0.510120009124135,0.09560389659977075,0.09560389659977075
pts:284884:940:ES1:2022,Óscar Rodríguez Arnaiz,Celta de Vigo,2022,MF,validation,opportunity,target_destination_minutes_share,player_history_baseline,train,0.5330330330330331,0.4607402608246234,0.4607402608246234,0.07229277220840968,0.07229277220840968
pts:296879:3:L1:2022,Steffen Tigges,1.FC Köln,2022,FW,validation,opportunity,target_destination_minutes_share,player_history_baseline,train,0.5215686274509804,0.39734872148314987,0.39734872148314987,0.12421990596783056,0.12421990596783056
pts:307519:2687:ES1:2022,Fede San Emeterio,Cádiz CF,2022,MF,validation,opportunity,target_destination_minutes_share,player_history_baseline,train,0.5691358024691358,0.4039784545195565,0.4039784545195565,0.16515734794957926,0.16515734794957926
pts:309944:749:IT1:2022,Tyronne Ebuehi,FC Empoli,2022,DF,validation,opportunity,target_destination_minutes_share,player_history_baseline,train,0.5935185185185186,0.43724915460541225,0.43724915460541225,0.1562693639131063,0.1562693639131063
pts:315332:39:L1:2022,Aymen Barkok,1.FSV Mainz 05,2022,MF,validation,opportunity,target_destination_minutes_share,player_history_baseline,train,0.1908496732026143,0.3052529215908447,0.3052529215908447,-0.1144032483882304,0.1144032483882304
pts:327863:1082:FR1:2022,Akim Zedadka,LOSC Lille,2022,DF,validation,opportunity,target_destination_minutes_share,player_history_baseline,train,0.1063063063063063,0.6155828635548903,0.6155828635548903,-0.509276557248584,0.509276557248584
pts:335147:380:IT1:2022,Junior Sambia,US Salernitana 1919,2022,DF,validation,opportunity,target_destination_minutes_share,player_history_baseline,train,0.2212698412698412,0.43101313040882916,0.43101313040882916,-0.20974328913898796,0.20974328913898796
pts:352392:667:FR1:2022,Lucas Perrin,RC Strasbourg Alsace,2022,DF,validation,opportunity,target_destination_minutes_share,player_history_baseline,train,0.5160818713450293,0.47818546668220047,0.47818546668220047,0.037896404662828787,0.037896404662828787
pts:353796:380:IT1:2022,Giulio Maggiore,US Salernitana 1919,2022,MF,validation,opportunity,target_destination_minutes_share,player_history_baseline,train,0.2838095238095238,0.5554290350573212,0.5554290350573212,-0.27161951124779743,0.27161951124779743
pts:364133:416:IT1:2022,Pietro Pellegri,Torino FC,2022,FW,validation,opportunity,target_destination_minutes_share,player_history_baseline,train,0.1359649122807017,0.3696652272056081,0.3696652272056081,-0.23370031492490642,0.23370031492490642
pts:364857:969:FR1:2022,Falaye Sacko,Montpellier HSC,2022,DF,validation,opportunity,target_destination_minutes_share,player_history_baseline,train,0.7962962962962963,0.4302057758291594,0.4302057758291594,0.36609052046713686,0.36609052046713686
pts:395083:1421:FR1:2022,Andrew Gravillon,Stade Reims,2022,DF,validation,opportunity,target_destination_minutes_share,player_history_baseline,train,0.3117117117117117,0.5109577831849554,0.5109577831849554,-0.19924607147324375,0.19924607147324375
pts:406806:380:IT1:2022,Emil Bohinen,US Salernitana 1919,2022,MF,validation,opportunity,target_destination_minutes_share,player_history_baseline,train,0.2641269841269841,0.39794079641191327,0.39794079641191327,-0.13381381228492917,0.13381381228492917
pts:459655:380:IT1:2022,Matteo Lovato,US Salernitana 1919,2022,DF,validation,opportunity,target_destination_minutes_share,player_history_baseline,train,0.2584126984126984,0.44918166888434774,0.44918166888434774,-0.1907689704716493,0.1907689704716493
pts:570817:1421:FR1:2022,Maxime Busi,Stade Reims,2022,DF,validation,opportunity,target_destination_minutes_share,player_history_baseline,train,0.3132132132132132,0.46075788644096793,0.46075788644096793,-0.14754467322775472,0.14754467322775472
pts:60542:3524:FR1:2022,Maxime Gonalons,Clermont Foot 63,2022,MF,validation,opportunity,target_destination_minutes_share,player_history_baseline,train,0.4236842105263158,0.468632780532871,0.468632780532871,-0.04494857000655522,0.04494857000655522
pts:623040:276:IT1:2022,Yayah Kallon,Hellas Verona,2022,MF,validation,opportunity,target_destination_minutes_share,player_history_baseline,train,0.2582582582582582,0.3941933253377041,0.3941933253377041,-0.13593506707944591,0.13593506707944591
pts:649452:244:FR1:2022,Issa Kaboré,Olympique Marseille,2022,DF,validation,opportunity,target_destination_minutes_share,player_history_baseline,train,0.3005847953216374,0.5071650976310169,0.5071650976310169,-0.20658030230937952,0.20658030230937952
pts:74810:1148:GB1:2022,Ben Mee,Brentford FC,2022,DF,validation,opportunity,target_destination_minutes_share,player_history_baseline,train,0.9558479532163744,0.5525557839570377,0.5525557839570377,0.40329216925933664,0.40329216925933664
pts:80444:405:GB1:2022,Philippe Coutinho,Aston Villa,2022,MF,validation,opportunity,target_destination_minutes_share,player_history_baseline,train,0.2304093567251462,0.5333168023789923,0.5333168023789923,-0.3029074456538461,0.3029074456538461
pts:814976:1421:FR1:2022,Martin Adeline,Stade Reims,2022,MF,validation,opportunity,target_destination_minutes_share,player_history_baseline,train,0.0321321321321321,0.3706993589016362,0.3706993589016362,-0.33856722676950407,0.33856722676950407
pts:81999:714:ES1:2022,Joselu,RCD Espanyol Barcelona,2022,FW,validation,opportunity,target_destination_minutes_share,player_history_baseline,train,0.8742690058479532,0.6327547069864289,0.6327547069864289,0.2415142988615243,0.2415142988615243
pts:84765:1038:IT1:2022,Francesco Caputo,UC Sampdoria,2022,FW,validation,opportunity,target_destination_minutes_share,player_history_baseline,train,0.3285285285285285,0.6303227587670561,0.6303227587670561,-0.30179423023852764,0.30179423023852764
pts:855158:995:FR1:2022,Mohamed Achi,FC Nantes,2022,FW,validation,opportunity,target_destination_minutes_share,player_history_baseline,train,0.0108108108108108,0.3410410649592032,0.3410410649592032,-0.3302302541483924,0.3302302541483924
pts:88683:749:IT1:2022,Mattia Destro,FC Empoli,2022,FW,validation,opportunity,target_destination_minutes_share,player_history_baseline,train,0.1765432098765432,0.4472325363630246,0.4472325363630246,-0.2706893264864814,0.2706893264864814
pts:1004618:995:FR1:2023,Stredair Appuah,FC Nantes,2023,FW,test,opportunity,target_destination_minutes_share,player_history_baseline,train_plus_validation,0.0291666666666666,0.30391076910668025,0.30391076910668025,-0.2747441024400136,0.2747441024400136
pts:126540:1082:FR1:2023,Samuel Umtiti,LOSC Lille,2023,DF,test,opportunity,target_destination_minutes_share,player_history_baseline,train_plus_validation,0.0604575163398692,0.43876319841575356,0.43876319841575356,-0.3783056820758844,0.3783056820758844
pts:127142:3911:FR1:2023,Jonas Martin,Stade Brestois 29,2023,MF,test,opportunity,target_destination_minutes_share,player_history_baseline,train_plus_validation,0.4067340067340067,0.33859335251894496,0.33859335251894496,0.06814065421506177,0.06814065421506177
pts:14086:29:GB1:2023,Ashley Young,Everton FC,2023,DF,test,opportunity,target_destination_minutes_share,player_history_baseline,train_plus_validation,0.6666666666666666,0.4947436201240632,0.4947436201240632,0.17192304654260343,0.17192304654260343
pts:146752:2919:IT1:2023,Gianluca Caprari,AC Monza,2023,MF,test,opportunity,target_destination_minutes_share,player_history_baseline,train_plus_validation,0.0833333333333333,0.5332423764335478,0.5332423764335478,-0.44990904310021446,0.44990904310021446
pts:148368:703:GB1:2023,Divock Origi,Nottingham Forest,2023,FW,test,opportunity,target_destination_minutes_share,player_history_baseline,train_plus_validation,0.1819819819819819,0.3398599631829677,0.3398599631829677,-0.15787798120098578,0.15787798120098578
pts:159844:23826:L1:2023,Christopher Lenz,RB Leipzig,2023,DF,test,opportunity,target_destination_minutes_share,player_history_baseline,train_plus_validation,0.015359477124183,0.4740664403945513,0.4740664403945513,-0.4587069632703683,0.4587069632703683
pts:182618:1158:FR1:2023,Tiemoué Bakayoko,FC Lorient,2023,MF,test,opportunity,target_destination_minutes_share,player_history_baseline,train_plus_validation,0.4294117647058823,0.3676443999706277,0.3676443999706277,0.061767364735254626,0.061767364735254626
pts:186988:167:L1:2023,Sven Michel,FC Augsburg,2023,FW,test,opportunity,target_destination_minutes_share,player_history_baseline,train_plus_validation,0.1905228758169934,0.4182659134413932,0.4182659134413932,-0.2277430376243998,0.2277430376243998
pts:195171:6574:IT1:2023,Samu Castillejo,US Sassuolo,2023,FW,test,opportunity,target_destination_minutes_share,player_history_baseline,train_plus_validation,0.1567251461988304,0.42244657892712156,0.42244657892712156,-0.2657214327282912,0.2657214327282912
pts:20005:2919:IT1:2023,Papu Gómez,AC Monza,2023,MF,test,opportunity,target_destination_minutes_share,player_history_baseline,train_plus_validation,0.0119883040935672,0.47636326320259215,0.47636326320259215,-0.46437495910902493,0.46437495910902493
pts:203842:749:IT1:2023,Viktor Kovalenko,FC Empoli,2023,MF,test,opportunity,target_destination_minutes_share,player_history_baseline,train_plus_validation,0.1792397660818713,0.38705361105715697,0.38705361105715697,-0.20781384497528566,0.20781384497528566
pts:240219:1005:IT1:2023,Lorenzo Venuti,US Lecce,2023,DF,test,opportunity,target_destination_minutes_share,player_history_baseline,train_plus_validation,0.1064327485380117,0.41341407536422414,0.41341407536422414,-0.30698132682621243,0.30698132682621243
pts:241076:749:IT1:2023,Emmanuel Gyasi,FC Empoli,2023,DF,test,opportunity,target_destination_minutes_share,player_history_baseline,train_plus_validation,0.5494152046783626,0.5922839657470187,0.5922839657470187,-0.042868761068656114,0.042868761068656114
pts:241229:3911:FR1:2023,Jordan Amavi,Stade Brestois 29,2023,DF,test,opportunity,target_destination_minutes_share,player_history_baseline,train_plus_validation,0.0306397306397306,0.3321629506147262,0.3321629506147262,-0.30152321997499565,0.30152321997499565
pts:251845:1049:ES1:2023,Sergi Canós,Valencia CF,2023,MF,test,opportunity,target_destination_minutes_share,player_history_baseline,train_plus_validation,0.369069069069069,0.361654084294175,0.361654084294175,0.007414984774893996,0.007414984774893996
pts:25488:380:IT1:2023,Antonio Candreva,US Salernitana 1919,2023,MF,test,opportunity,target_destination_minutes_share,player_history_baseline,train_plus_validation,0.8986928104575164,0.6034149795809599,0.6034149795809599,0.29527783087655646,0.29527783087655646
pts:256429:2687:ES1:2023,Sergi Guardiola,Cádiz CF,2023,FW,test,opportunity,target_destination_minutes_share,player_history_baseline,train_plus_validation,0.1486486486486486,0.46564343703027294,0.46564343703027294,-0.3169947883816243,0.3169947883816243
pts:257751:749:IT1:2023,Simone Bastoni,FC Empoli,2023,MF,test,opportunity,target_destination_minutes_share,player_history_baseline,train_plus_validation,0.2178362573099415,0.4281565996982458,0.4281565996982458,-0.21032034238830433,0.21032034238830433
pts:266795:2687:ES1:2023,Gonzalo Escalante,Cádiz CF,2023,MF,test,opportunity,target_destination_minutes_share,player_history_baseline,train_plus_validation,0.5096096096096097,0.4181466545692083,0.4181466545692083,0.09146295504040136,0.09146295504040136
pts:277635:2687:ES1:2023,Rominigue Kouamé,Cádiz CF,2023,MF,test,opportunity,target_destination_minutes_share,player_history_baseline,train_plus_validation,0.2465465465465465,0.537075775572838,0.537075775572838,-0.2905292290262915,0.2905292290262915
pts:279009:39:L1:2023,Marco Richter,1.FSV Mainz 05,2023,MF,test,opportunity,target_destination_minutes_share,player_history_baseline,train_plus_validation,0.2414141414141414,0.4719345896145376,0.4719345896145376,-0.23052044820039622,0.23052044820039622
pts:284884:3709:ES1:2023,Óscar Rodríguez Arnaiz,Getafe CF,2023,MF,test,opportunity,target_destination_minutes_share,player_history_baseline,train_plus_validation,0.2827485380116959,0.40908437106931117,0.40908437106931117,-0.12633583305761525,0.12633583305761525
pts:286779:2687:ES1:2023,Jorge Meré,Cádiz CF,2023,DF,test,opportunity,target_destination_minutes_share,player_history_baseline,train_plus_validation,0.2021021021021021,0.3684238465517131,0.3684238465517131,-0.166321744449611,0.166321744449611
pts:302215:86:L1:2023,Naby Keïta,SV Werder Bremen,2023,MF,test,opportunity,target_destination_minutes_share,player_history_baseline,train_plus_validation,0.0367003367003367,0.32595660528801457,0.32595660528801457,-0.2892562685876779,0.2892562685876779
pts:307924:167:L1:2023,Mergim Berisha,FC Augsburg,2023,FW,test,opportunity,target_destination_minutes_share,player_history_baseline,train_plus_validation,0.0398692810457516,0.4604791540761091,0.4604791540761091,-0.4206098730303575,0.4206098730303575
pts:307924:533:L1:2023,Mergim Berisha,TSG 1899 Hoffenheim,2023,FW,test,opportunity,target_destination_minutes_share,player_history_baseline,train_plus_validation,0.0470588235294117,0.4721226329749991,0.4721226329749991,-0.4250638094455874,0.4250638094455874
pts:32113:2919:IT1:2023,Armando Izzo,AC Monza,2023,DF,test,opportunity,target_destination_minutes_share,player_history_baseline,train_plus_validation,0.4824561403508772,0.5471917808206956,0.5471917808206956,-0.06473564046981845,0.06473564046981845
pts:332179:2919:IT1:2023,Matteo Pessina,AC Monza,2023,MF,test,opportunity,target_destination_minutes_share,player_history_baseline,train_plus_validation,0.9421052631578948,0.5404553959194665,0.5404553959194665,0.4016498672384283,0.4016498672384283
pts:344605:368:ES1:2023,Boubakary Soumaré,Sevilla FC,2023,MF,test,opportunity,target_destination_minutes_share,player_history_baseline,train_plus_validation,0.7257142857142858,0.46249076965085817,0.46249076965085817,0.2632235160634276,0.2632235160634276
pts:357072:826:FR1:2023,Faitout Maouassa,RC Lens,2023,MF,test,opportunity,target_destination_minutes_share,player_history_baseline,train_plus_validation,0.0255892255892255,0.4684299727078194,0.4684299727078194,-0.4428407471185939,0.4428407471185939
pts:364857:969:FR1:2023,Falaye Sacko,Montpellier HSC,2023,DF,test,opportunity,target_destination_minutes_share,player_history_baseline,train_plus_validation,0.4798611111111111,0.5298703102335163,0.5298703102335163,-0.050009199122405146,0.050009199122405146
pts:369267:3524:FR1:2023,Maximiliano Caufriez,Clermont Foot 63,2023,DF,test,opportunity,target_destination_minutes_share,player_history_baseline,train_plus_validation,0.542156862745098,0.5004494857571813,0.5004494857571813,0.04170737698791671,0.04170737698791671
pts:377219:1049:ES1:2023,Selim Amallah,Valencia CF,2023,FW,test,opportunity,target_destination_minutes_share,player_history_baseline,train_plus_validation,0.1813813813813813,0.376098350868212,0.376098350868212,-0.19471696948683068,0.19471696948683068
pts:396894:2687:ES1:2023,Maxi Gómez,Cádiz CF,2023,FW,test,opportunity,target_destination_minutes_share,player_history_baseline,train_plus_validation,0.3492492492492492,0.41504747793420527,0.41504747793420527,-0.06579822868495605,0.06579822868495605
pts:399543:1005:IT1:2023,Remi Oudin,US Lecce,2023,MF,test,opportunity,target_destination_minutes_share,player_history_baseline,train_plus_validation,0.5318713450292397,0.470856756228849,0.470856756228849,0.061014588800390734,0.061014588800390734
pts:39983:89:L1:2023,Leonardo Bonucci,1.FC Union Berlin,2023,DF,test,opportunity,target_destination_minutes_share,player_history_baseline,train_plus_validation,0.1548821548821548,0.4716343492789485,0.4716343492789485,-0.3167521943967937,0.3167521943967937
pts:42412:985:GB1:2023,Jonny Evans,Manchester United,2023,DF,test,opportunity,target_destination_minutes_share,player_history_baseline,train_plus_validation,0.4070175438596491,0.4969542442189267,0.4969542442189267,-0.08993670035927759,0.08993670035927759
pts:429901:1041:FR1:2023,Paul Akouokou,Olympique Lyon,2023,MF,test,opportunity,target_destination_minutes_share,player_history_baseline,train_plus_validation,0.1003267973856209,0.32382625518038677,0.32382625518038677,-0.22349945779476588,0.22349945779476588
pts:442805:3302:ES1:2023,Iddrisu Baba,UD Almería,2023,MF,test,opportunity,target_destination_minutes_share,player_history_baseline,train_plus_validation,0.441358024691358,0.4692231684895891,0.4692231684895891,-0.02786514379823113,0.02786514379823113
pts:456492:3:L1:2023,Faride Alidou,1.FC Köln,2023,FW,test,opportunity,target_destination_minutes_share,player_history_baseline,train_plus_validation,0.4189542483660131,0.34658981054482885,0.34658981054482885,0.07236443782118424,0.07236443782118424
pts:468066:6195:IT1:2023,Jens Cajuste,SSC Napoli,2023,MF,test,opportunity,target_destination_minutes_share,player_history_baseline,train_plus_validation,0.2970760233918129,0.45537684519343924,0.45537684519343924,-0.15830082180162636,0.15830082180162636
pts:489611:749:IT1:2023,Filippo Ranocchia,FC Empoli,2023,MF,test,opportunity,target_destination_minutes_share,player_history_baseline,train_plus_validation,0.1391812865497076,0.3982439507977826,0.3982439507977826,-0.259062664248075,0.259062664248075
pts:490223:3302:ES1:2023,Ibrahima Koné,UD Almería,2023,FW,test,opportunity,target_destination_minutes_share,player_history_baseline,train_plus_validation,0.0854938271604938,0.4499972620171698,0.4499972620171698,-0.36450343485667597,0.36450343485667597
pts:527698:367:ES1:2023,Kike Pérez,Rayo Vallecano,2023,MF,test,opportunity,target_destination_minutes_share,player_history_baseline,train_plus_validation,0.2507507507507507,0.462286221391076,0.462286221391076,-0.2115354706403253,0.2115354706403253
pts:55769:2919:IT1:2023,Danilo D'Ambrosio,AC Monza,2023,DF,test,opportunity,target_destination_minutes_share,player_history_baseline,train_plus_validation,0.4491228070175438,0.38772859472172205,0.38772859472172205,0.06139421229582176,0.06139421229582176
pts:585700:150:ES1:2023,Juan Cruz,Real Betis Balompié,2023,FW,test,opportunity,target_destination_minutes_share,player_history_baseline,train_plus_validation,0.0255892255892255,0.3615132278697676,0.3615132278697676,-0.3359240022805421,0.3359240022805421
pts:66100:131:ES1:2023,Oriol Romeu,FC Barcelona,2023,MF,test,opportunity,target_destination_minutes_share,player_history_baseline,train_plus_validation,0.2810810810810811,0.5599825065106545,0.5599825065106545,-0.2789014254295734,0.2789014254295734
pts:670848:379:GB1:2023,Divin Mubama,West Ham United,2023,FW,test,opportunity,target_destination_minutes_share,player_history_baseline,train_plus_validation,0.024024024024024,0.32249504239379484,0.32249504239379484,-0.29847101836977086,0.29847101836977086
pts:81999:418:ES1:2023,Joselu,Real Madrid,2023,FW,test,opportunity,target_destination_minutes_share,player_history_baseline,train_plus_validation,0.5066066066066066,0.6405112283048673,0.6405112283048673,-0.13390462169826067,0.13390462169826067
pts:82009:89:L1:2023,Kevin Volland,1.FC Union Berlin,2023,FW,test,opportunity,target_destination_minutes_share,player_history_baseline,train_plus_validation,0.4528619528619528,0.4645282473964002,0.4645282473964002,-0.011666294534447397,0.011666294534447397
pts:82048:1005:IT1:2023,Nicola Sansone,US Lecce,2023,FW,test,opportunity,target_destination_minutes_share,player_history_baseline,train_plus_validation,0.2242690058479532,0.40395997670476713,0.40395997670476713,-0.17969097085681393,0.17969097085681393
pts:82503:367:ES1:2023,Aridane Hernández,Rayo Vallecano,2023,DF,test,opportunity,target_destination_minutes_share,player_history_baseline,train_plus_validation,0.5075075075075075,0.4903779584975346,0.4903779584975346,0.017129549009972878,0.017129549009972878
pts:84765:749:IT1:2023,Francesco Caputo,FC Empoli,2023,FW,test,opportunity,target_destination_minutes_share,player_history_baseline,train_plus_validation,0.3707602339181287,0.5445004562772314,0.5445004562772314,-0.17374022235910275,0.17374022235910275
pts:88684:2919:IT1:2023,Giulio Donati,AC Monza,2023,DF,test,opportunity,target_destination_minutes_share,player_history_baseline,train_plus_validation,0.0105263157894736,0.440922227045563,0.440922227045563,-0.4303959112560894,0.4303959112560894
pts:88909:276:IT1:2023,Riccardo Saponara,Hellas Verona,2023,FW,test,opportunity,target_destination_minutes_share,player_history_baseline,train_plus_validation,0.1027027027027027,0.38630174141043616,0.38630174141043616,-0.28359903870773345,0.28359903870773345
pts:895480:621:ES1:2023,Adu Ares,Athletic Bilbao,2023,FW,test,opportunity,target_destination_minutes_share,player_history_baseline,train_plus_validation,0.0817901234567901,0.37467344642954103,0.37467344642954103,-0.29288332297275094,0.29288332297275094
pts:93704:39:L1:2023,Josuha Guilavogui,1.FSV Mainz 05,2023,DF,test,opportunity,target_destination_minutes_share,player_history_baseline,train_plus_validation,0.1377104377104377,0.40442575075185244,0.40442575075185244,-0.2667153130414147,0.2667153130414147
pts:103565:618:FR1:2018,Wahbi Khazri,AS Saint-Étienne,2018,FW,train,opportunity,target_destination_minutes_share,strict_compatibility,train,0.845945945945946,0.5704564394933481,0.5704564394933481,0.27548950645259784,0.27548950645259784
pts:111347:1038:IT1:2018,Lorenzo Tonelli,UC Sampdoria,2018,DF,train,opportunity,target_destination_minutes_share,strict_compatibility,train,0.496996996996997,0.4013351738686344,0.4013351738686344,0.09566182312836263,0.09566182312836263
pts:112935:33:L1:2018,Mark Uth,FC Schalke 04,2018,FW,train,opportunity,target_destination_minutes_share,strict_compatibility,train,0.5043010752688172,0.5453896279918538,0.5453896279918538,-0.041088552723036575,0.041088552723036575
pts:122797:969:FR1:2018,Andy Delort,Montpellier HSC,2018,FW,train,opportunity,target_destination_minutes_share,strict_compatibility,train,0.9354354354354354,0.556286934293244,0.556286934293244,0.37914850114219134,0.37914850114219134
pts:124902:6574:IT1:2018,Khouma Babacar,US Sassuolo,2018,FW,train,opportunity,target_destination_minutes_share,strict_compatibility,train,0.4592592592592592,0.34410785827463086,0.34410785827463086,0.11515140098462834,0.11515140098462834
pts:126719:583:FR1:2018,Juan Bernat,Paris Saint-Germain,2018,DF,train,opportunity,target_destination_minutes_share,strict_compatibility,train,0.6580645161290323,0.4029470143198073,0.4029470143198073,0.255117501809225,0.255117501809225
pts:127076:82:L1:2018,Jérôme Roussillon,VfL Wolfsburg,2018,DF,train,opportunity,target_destination_minutes_share,strict_compatibility,train,0.8042483660130719,0.5696105496998767,0.5696105496998767,0.23463781631319525,0.23463781631319525
pts:129476:1010:GB1:2018,Gerard Deulofeu,Watford FC,2018,FW,train,opportunity,target_destination_minutes_share,strict_compatibility,train,0.604093567251462,0.43119945150787004,0.43119945150787004,0.17289411574359198,0.17289411574359198
pts:130360:6195:IT1:2018,Simone Verdi,SSC Napoli,2018,MF,train,opportunity,target_destination_minutes_share,strict_compatibility,train,0.2172839506172839,0.5385957479310253,0.5385957479310253,-0.3213117973137414,0.3213117973137414
pts:134294:180:GB1:2018,Danny Ings,Southampton FC,2018,FW,train,opportunity,target_destination_minutes_share,strict_compatibility,train,0.4827485380116959,0.36462298229141415,0.36462298229141415,0.11812555572028177,0.11812555572028177
pts:163222:1038:IT1:2018,Grégoire Defrel,UC Sampdoria,2018,FW,train,opportunity,target_destination_minutes_share,strict_compatibility,train,0.7024024024024024,0.40340815205878744,0.40340815205878744,0.29899425034361493,0.29899425034361493
pts:170544:417:FR1:2018,Christophe Hérelle,OGC Nice,2018,DF,train,opportunity,target_destination_minutes_share,strict_compatibility,train,0.881981981981982,0.5817475188123715,0.5817475188123715,0.30023446316961044,0.30023446316961044
pts:170953:1420:FR1:2018,Stéphane Bahoken,Angers SCO,2018,FW,train,opportunity,target_destination_minutes_share,strict_compatibility,train,0.7219298245614035,0.47912706375292097,0.47912706375292097,0.24280276080848257,0.24280276080848257
pts:178313:162:FR1:2018,Jean-Eudes Aholou,AS Monaco,2018,MF,train,opportunity,target_destination_minutes_share,strict_compatibility,train,0.3619528619528619,0.5780314521631648,0.5780314521631648,-0.21607859021030285,0.21607859021030285
pts:181378:969:FR1:2018,Gaëtan Laborde,Montpellier HSC,2018,FW,train,opportunity,target_destination_minutes_share,strict_compatibility,train,0.8693693693693694,0.4380771382996318,0.4380771382996318,0.4312922310697376,0.4312922310697376
pts:182618:5:IT1:2018,Tiemoué Bakayoko,AC Milan,2018,MF,train,opportunity,target_destination_minutes_share,strict_compatibility,train,0.7101851851851851,0.4710827864825859,0.4710827864825859,0.23910239870259925,0.23910239870259925
pts:183031:416:IT1:2018,Koffi Djidji,Torino FC,2018,DF,train,opportunity,target_destination_minutes_share,strict_compatibility,train,0.4165165165165165,0.52035450093843,0.52035450093843,-0.10383798442191355,0.10383798442191355
pts:195171:5:IT1:2018,Samu Castillejo,AC Milan,2018,FW,train,opportunity,target_destination_minutes_share,strict_compatibility,train,0.3157407407407407,0.5104675571967203,0.5104675571967203,-0.1947268164559796,0.1947268164559796
pts:199258:2722:IT1:2018,Andrea Petagna,SPAL,2018,FW,train,opportunity,target_destination_minutes_share,strict_compatibility,train,0.9354938271604938,0.45105549761684,0.45105549761684,0.4844383295436538,0.4844383295436538
pts:199369:681:ES1:2018,Sandro Ramírez,Real Sociedad,2018,FW,train,opportunity,target_destination_minutes_share,strict_compatibility,train,0.3168168168168168,0.4420324536628924,0.4420324536628924,-0.12521563684607562,0.12521563684607562
pts:236041:1416:FR1:2018,Alexis Blin,Amiens SC,2018,MF,train,opportunity,target_destination_minutes_share,strict_compatibility,train,0.5818713450292398,0.49797946371934126,0.49797946371934126,0.0838918813098985,0.0838918813098985
pts:236400:1041:FR1:2018,Leo Dubois,Olympique Lyon,2018,DF,train,opportunity,target_destination_minutes_share,strict_compatibility,train,0.6138138138138138,0.5854209196476858,0.5854209196476858,0.028392894166128002,0.028392894166128002
pts:238752:46:IT1:2018,Keita Baldé,Inter Milan,2018,FW,train,opportunity,target_destination_minutes_share,strict_compatibility,train,0.2599415204678362,0.44634799426406735,0.44634799426406735,-0.18640647379623115,0.18640647379623115
pts:241229:244:FR1:2018,Jordan Amavi,Olympique Marseille,2018,DF,train,opportunity,target_destination_minutes_share,strict_compatibility,train,0.6719135802469136,0.5584035450376603,0.5584035450376603,0.11351003520925329,0.11351003520925329
pts:27389:1049:ES1:2018,Kévin Gameiro,Valencia CF,2018,FW,train,opportunity,target_destination_minutes_share,strict_compatibility,train,0.4975308641975308,0.49657920003748507,0.49657920003748507,0.0009516641600457176,0.0009516641600457176
pts:28140:415:FR1:2018,Max Gradel,FC Toulouse,2018,FW,train,opportunity,target_destination_minutes_share,strict_compatibility,train,1.0,0.6202593756861692,0.6202593756861692,0.3797406243138308,0.3797406243138308
pts:281755:3709:ES1:2018,Iván Alejo,Getafe CF,2018,MF,train,opportunity,target_destination_minutes_share,strict_compatibility,train,0.0426900584795321,0.44939430174635303,0.44939430174635303,-0.4067042432668209,0.4067042432668209
pts:302215:31:GB1:2018,Naby Keïta,Liverpool FC,2018,MF,train,opportunity,target_destination_minutes_share,strict_compatibility,train,0.4064327485380117,0.5382577327620071,0.5382577327620071,-0.13182498422399536,0.13182498422399536
pts:302991:3368:ES1:2018,Erick Cabaco,Levante UD,2018,DF,train,opportunity,target_destination_minutes_share,strict_compatibility,train,0.4900900900900901,0.4921200886504171,0.4921200886504171,-0.00202999856032704,0.00202999856032704
pts:319160:1038:IT1:2018,Jakub Jankto,UC Sampdoria,2018,MF,train,opportunity,target_destination_minutes_share,strict_compatibility,train,0.2891891891891892,0.5168257810693354,0.5168257810693354,-0.22763659188014623,0.22763659188014623
pts:32113:416:IT1:2018,Armando Izzo,Torino FC,2018,DF,train,opportunity,target_destination_minutes_share,strict_compatibility,train,0.9822822822822824,0.5001632118130953,0.5001632118130953,0.4821190704691871,0.4821190704691871
pts:335147:969:FR1:2018,Junior Sambia,Montpellier HSC,2018,MF,train,opportunity,target_destination_minutes_share,strict_compatibility,train,0.278078078078078,0.5141670577443,0.5141670577443,-0.23608897966622205,0.23608897966622205
pts:34322:11:GB1:2018,Sokratis Papastathopoulos,Arsenal FC,2018,DF,train,opportunity,target_destination_minutes_share,strict_compatibility,train,0.678395061728395,0.5740172457130355,0.5740172457130355,0.10437781601535956,0.10437781601535956
pts:38607:6574:IT1:2018,Federico Di Francesco,US Sassuolo,2018,FW,train,opportunity,target_destination_minutes_share,strict_compatibility,train,0.3314814814814815,0.49336873195374237,0.49336873195374237,-0.16188725047226088,0.16188725047226088
pts:39983:506:IT1:2018,Leonardo Bonucci,Juventus FC,2018,DF,train,opportunity,target_destination_minutes_share,strict_compatibility,train,0.886021505376344,0.6909854111726111,0.6909854111726111,0.1950360942037329,0.1950360942037329
pts:40633:398:IT1:2018,Milan Badelj,SS Lazio,2018,MF,train,opportunity,target_destination_minutes_share,strict_compatibility,train,0.3426426426426426,0.5357640889173217,0.5357640889173217,-0.19312144627467914,0.19312144627467914
pts:42412:1003:GB1:2018,Jonny Evans,Leicester City,2018,DF,train,opportunity,target_destination_minutes_share,strict_compatibility,train,0.583625730994152,0.5404117428065308,0.5404117428065308,0.04321398818762123,0.04321398818762123
pts:427161:667:FR1:2018,Lebo Mothiba,RC Strasbourg Alsace,2018,FW,train,opportunity,target_destination_minutes_share,strict_compatibility,train,0.5318318318318318,0.4483458701028706,0.4483458701028706,0.08348596172896122,0.08348596172896122
pts:432772:162:FR1:2018,Samuel Grandsir,AS Monaco,2018,FW,train,opportunity,target_destination_minutes_share,strict_compatibility,train,0.1579124579124579,0.5488363655339034,0.5488363655339034,-0.39092390762144547,0.39092390762144547
pts:44059:252:IT1:2018,Ervin Zukanović,Genoa CFC,2018,DF,train,opportunity,target_destination_minutes_share,strict_compatibility,train,0.5730994152046783,0.6443156048030869,0.6443156048030869,-0.07121618959840859,0.07121618959840859
pts:483573:1108:ES1:2018,Martin Agirregabiria,Deportivo Alavés,2018,DF,train,opportunity,target_destination_minutes_share,strict_compatibility,train,0.6271604938271605,0.531226728613775,0.531226728613775,0.09593376521338559,0.09593376521338559
pts:56100:1237:GB1:2018,Leon Balogun,Brighton & Hove Albion,2018,DF,train,opportunity,target_destination_minutes_share,strict_compatibility,train,0.1736842105263158,0.45114029789111654,0.45114029789111654,-0.27745608736480076,0.27745608736480076
pts:581781:2969:FR1:2018,Enzo Loiodice,Dijon FCO,2018,MF,train,opportunity,target_destination_minutes_share,strict_compatibility,train,0.2623456790123457,0.3493217399357109,0.3493217399357109,-0.08697606092336524,0.08697606092336524
pts:59631:162:FR1:2018,Nacer Chadli,AS Monaco,2018,MF,train,opportunity,target_destination_minutes_share,strict_compatibility,train,0.2326599326599326,0.37473569158892184,0.37473569158892184,-0.14207575892898924,0.14207575892898924
pts:60542:368:ES1:2018,Maxime Gonalons,Sevilla FC,2018,MF,train,opportunity,target_destination_minutes_share,strict_compatibility,train,0.1714285714285714,0.47154254087513786,0.47154254087513786,-0.30011396944656643,0.30011396944656643
pts:60577:416:IT1:2018,Nicolas Nkoulou,Torino FC,2018,DF,train,opportunity,target_destination_minutes_share,strict_compatibility,train,0.9651651651651652,0.6438366979058119,0.6438366979058119,0.32132846725935327,0.32132846725935327
pts:66934:873:GB1:2018,Cheikhou Kouyaté,Crystal Palace,2018,MF,train,opportunity,target_destination_minutes_share,strict_compatibility,train,0.5552631578947368,0.5783026513595495,0.5783026513595495,-0.02303949346481271,0.02303949346481271
pts:68645:1237:GB1:2018,Martín Montoya,Brighton & Hove Albion,2018,DF,train,opportunity,target_destination_minutes_share,strict_compatibility,train,0.6336257309941521,0.5225488347024485,0.5225488347024485,0.11107689629170359,0.11107689629170359
pts:68864:244:FR1:2018,Kevin Strootman,Olympique Marseille,2018,MF,train,opportunity,target_destination_minutes_share,strict_compatibility,train,0.5993827160493828,0.5640951693311862,0.5640951693311862,0.03528754671819656,0.03528754671819656
pts:70245:3709:ES1:2018,Ignasi Miquel,Getafe CF,2018,DF,train,opportunity,target_destination_minutes_share,strict_compatibility,train,0.0923976608187134,0.5186205037756556,0.5186205037756556,-0.42622284295694224,0.42622284295694224
pts:73185:379:GB1:2018,Lucas Pérez,West Ham United,2018,FW,train,opportunity,target_destination_minutes_share,strict_compatibility,train,0.1388888888888889,0.6244491614918461,0.6244491614918461,-0.48556027260295725,0.48556027260295725
pts:73734:12:IT1:2018,Steven Nzonzi,AS Roma,2018,MF,train,opportunity,target_destination_minutes_share,strict_compatibility,train,0.8307936507936508,0.5592227410792876,0.5592227410792876,0.27157090971436315,0.27157090971436315
pts:74228:12321:ES1:2018,Marc Muniesa,Girona FC,2018,DF,train,opportunity,target_destination_minutes_share,strict_compatibility,train,0.4594771241830065,0.48701896361189434,0.48701896361189434,-0.027541839428887827,0.027541839428887827
pts:88909:1038:IT1:2018,Riccardo Saponara,UC Sampdoria,2018,MF,train,opportunity,target_destination_minutes_share,strict_compatibility,train,0.2717717717717717,0.4220053966163747,0.4220053966163747,-0.150233624844603,0.150233624844603
pts:95641:1108:ES1:2018,Darko Brašanac,Deportivo Alavés,2018,MF,train,opportunity,target_destination_minutes_share,strict_compatibility,train,0.4876543209876543,0.465270978503779,0.465270978503779,0.0223833424838753,0.0223833424838753
pts:99232:410:IT1:2018,Marco D'Alessandro,Udinese Calcio,2018,DF,train,opportunity,target_destination_minutes_share,strict_compatibility,train,0.4614197530864197,0.4751854475506726,0.4751854475506726,-0.013765694464252909,0.013765694464252909
pts:101213:6574:IT1:2019,Pedro Obiang,US Sassuolo,2019,MF,train,opportunity,target_destination_minutes_share,strict_compatibility,train,0.5166666666666667,0.4417361623807846,0.4417361623807846,0.0749305042858821,0.0749305042858821
pts:104752:6195:IT1:2019,Kostas Manolas,SSC Napoli,2019,DF,train,opportunity,target_destination_minutes_share,strict_compatibility,train,0.6534534534534534,0.5500452543025136,0.5500452543025136,0.1034081991509398,0.1034081991509398
pts:118284:969:FR1:2019,Jordan Ferri,Montpellier HSC,2019,MF,train,opportunity,target_destination_minutes_share,strict_compatibility,train,0.4563492063492063,0.5445327982538085,0.5445327982538085,-0.08818359190460223,0.08818359190460223
pts:122797:969:FR1:2019,Andy Delort,Montpellier HSC,2019,FW,train,opportunity,target_destination_minutes_share,strict_compatibility,train,0.9047619047619048,0.6674996255969354,0.6674996255969354,0.23726227916496934,0.23726227916496934
pts:127142:273:FR1:2019,Jonas Martin,Stade Rennais FC,2019,MF,train,opportunity,target_destination_minutes_share,strict_compatibility,train,0.0465020576131687,0.40629021429105394,0.40629021429105394,-0.3597881566778852,0.3597881566778852
pts:127156:969:FR1:2019,Téji Savanier,Montpellier HSC,2019,MF,train,opportunity,target_destination_minutes_share,strict_compatibility,train,0.6047619047619047,0.6458655244270801,0.6458655244270801,-0.041103619665175395,0.041103619665175395
pts:130360:416:IT1:2019,Simone Verdi,Torino FC,2019,MF,train,opportunity,target_destination_minutes_share,strict_compatibility,train,0.6398148148148148,0.4188221129295771,0.4188221129295771,0.22099270188523773,0.22099270188523773
pts:131708:1244:ES1:2019,Kenneth Omeruo,CD Leganés,2019,DF,train,opportunity,target_destination_minutes_share,strict_compatibility,train,0.630976430976431,0.567793989560733,0.567793989560733,0.06318244141569795,0.06318244141569795
pts:134294:180:GB1:2019,Danny Ings,Southampton FC,2019,FW,train,opportunity,target_destination_minutes_share,strict_compatibility,train,0.8198830409356725,0.5652125749688335,0.5652125749688335,0.25467046596683907,0.25467046596683907
pts:146854:162:FR1:2019,Wissam Ben Yedder,AS Monaco,2019,FW,train,opportunity,target_destination_minutes_share,strict_compatibility,train,0.8587301587301587,0.7242813519945733,0.7242813519945733,0.13444880673558535,0.13444880673558535
pts:162056:3368:ES1:2019,Gonzalo Melero,Levante UD,2019,MF,train,opportunity,target_destination_minutes_share,strict_compatibility,train,0.3614035087719298,0.46664662088921666,0.46664662088921666,-0.10524311211728687,0.10524311211728687
pts:163222:6574:IT1:2019,Grégoire Defrel,US Sassuolo,2019,FW,train,opportunity,target_destination_minutes_share,strict_compatibility,train,0.3024691358024691,0.5634510723770305,0.5634510723770305,-0.2609819365745614,0.2609819365745614
pts:164771:12:IT1:2019,Jordan Veretout,AS Roma,2019,MF,train,opportunity,target_destination_minutes_share,strict_compatibility,train,0.8346031746031746,0.5845864299616679,0.5845864299616679,0.2500167446415067,0.2500167446415067
pts:165873:366:ES1:2019,Federico Barba,Real Valladolid CF,2019,DF,train,opportunity,target_destination_minutes_share,strict_compatibility,train,0.1388888888888889,0.5867323942247079,0.5867323942247079,-0.447843505335819,0.447843505335819
pts:167859:252:IT1:2019,Stefano Sturaro,Genoa CFC,2019,MF,train,opportunity,target_destination_minutes_share,strict_compatibility,train,0.4091503267973856,0.38098236421790227,0.38098236421790227,0.02816796257948334,0.02816796257948334
pts:176139:1025:IT1:2019,Mattia Bani,Bologna FC 1909,2019,DF,train,opportunity,target_destination_minutes_share,strict_compatibility,train,0.6627627627627628,0.5643647696532902,0.5643647696532902,0.09839799310947261,0.09839799310947261
pts:178313:618:FR1:2019,Jean-Eudes Aholou,AS Saint-Étienne,2019,MF,train,opportunity,target_destination_minutes_share,strict_compatibility,train,0.2692307692307692,0.29853004964744445,0.29853004964744445,-0.029299280416675233,0.029299280416675233
pts:182618:162:FR1:2019,Tiemoué Bakayoko,AS Monaco,2019,MF,train,opportunity,target_destination_minutes_share,strict_compatibility,train,0.6821428571428572,0.5266899453798584,0.5266899453798584,0.1554529117629988,0.1554529117629988
pts:183031:416:IT1:2019,Koffi Djidji,Torino FC,2019,DF,train,opportunity,target_destination_minutes_share,strict_compatibility,train,0.2626543209876543,0.43942382983784073,0.43942382983784073,-0.17676950885018644,0.17676950885018644
pts:199258:2722:IT1:2019,Andrea Petagna,SPAL,2019,FW,train,opportunity,target_destination_minutes_share,strict_compatibility,train,0.9358024691358025,0.6129313634955293,0.6129313634955293,0.3228711056402731,0.3228711056402731
pts:199369:366:ES1:2019,Sandro Ramírez,Real Valladolid CF,2019,FW,train,opportunity,target_destination_minutes_share,strict_compatibility,train,0.4030864197530864,0.49623136758408987,0.49623136758408987,-0.09314494783100347,0.09314494783100347
pts:202278:273:FR1:2019,Flavien Tait,Stade Rennais FC,2019,MF,train,opportunity,target_destination_minutes_share,strict_compatibility,train,0.3641975308641975,0.44058503890030515,0.44058503890030515,-0.07638750803610767,0.07638750803610767
pts:203496:150:ES1:2019,Nabil Fekir,Real Betis Balompié,2019,MF,train,opportunity,target_destination_minutes_share,strict_compatibility,train,0.8141975308641975,0.6584460607465714,0.6584460607465714,0.15575147011762613,0.15575147011762613
pts:216179:46:IT1:2019,Stefano Sensi,Inter Milan,2019,MF,train,opportunity,target_destination_minutes_share,strict_compatibility,train,0.2231481481481481,0.4232053260811856,0.4232053260811856,-0.2000571779330375,0.2000571779330375
pts:236041:1416:FR1:2019,Alexis Blin,Amiens SC,2019,MF,train,opportunity,target_destination_minutes_share,strict_compatibility,train,0.7305555555555555,0.6833126907210403,0.6833126907210403,0.04724286483451523,0.04724286483451523
pts:238868:1050:ES1:2019,Rubén Peña,Villarreal CF,2019,DF,train,opportunity,target_destination_minutes_share,strict_compatibility,train,0.5732732732732733,0.6189357553842902,0.6189357553842902,-0.04566248211101698,0.04566248211101698
pts:251896:543:GB1:2019,Jesús Vallejo,Wolverhampton Wanderers,2019,DF,train,opportunity,target_destination_minutes_share,strict_compatibility,train,0.0476608187134502,0.34064110888513804,0.34064110888513804,-0.29298029017168786,0.29298029017168786
pts:274484:1041:FR1:2019,Youssouf Koné,Olympique Lyon,2019,DF,train,opportunity,target_destination_minutes_share,strict_compatibility,train,0.3366255144032922,0.48949401056079705,0.48949401056079705,-0.15286849615750486,0.15286849615750486
pts:288241:40:FR1:2019,Enock Kwateng,FC Girondins Bordeaux,2019,DF,train,opportunity,target_destination_minutes_share,strict_compatibility,train,0.3900793650793651,0.4829079124232199,0.4829079124232199,-0.09282854734385482,0.09282854734385482
pts:314295:167:L1:2019,Reece Oxford,FC Augsburg,2019,MF,train,opportunity,target_destination_minutes_share,strict_compatibility,train,0.1262626262626262,0.3839264268698468,0.3839264268698468,-0.2576638006072206,0.2576638006072206
pts:319160:1038:IT1:2019,Jakub Jankto,UC Sampdoria,2019,MF,train,opportunity,target_destination_minutes_share,strict_compatibility,train,0.6466049382716049,0.413507184494272,0.413507184494272,0.23309775377733294,0.23309775377733294
pts:355501:12:IT1:2019,Amadou Diawara,AS Roma,2019,MF,train,opportunity,target_destination_minutes_share,strict_compatibility,train,0.4819047619047619,0.4457367977481576,0.4457367977481576,0.03616796415660428,0.03616796415660428
pts:38607:2722:IT1:2019,Federico Di Francesco,SPAL,2019,FW,train,opportunity,target_destination_minutes_share,strict_compatibility,train,0.3339506172839506,0.46631831254152384,0.46631831254152384,-0.13236769525757325,0.13236769525757325
pts:396894:1049:ES1:2019,Maxi Gómez,Valencia CF,2019,FW,train,opportunity,target_destination_minutes_share,strict_compatibility,train,0.6803174603174603,0.5785183545891008,0.5785183545891008,0.10179910572835948,0.10179910572835948
pts:39728:16:L1:2019,Mats Hummels,Borussia Dortmund,2019,DF,train,opportunity,target_destination_minutes_share,strict_compatibility,train,0.869023569023569,0.5830729930786952,0.5830729930786952,0.28595057594487383,0.28595057594487383
pts:40633:430:IT1:2019,Milan Badelj,ACF Fiorentina,2019,MF,train,opportunity,target_destination_minutes_share,strict_compatibility,train,0.4759759759759759,0.4604230200837005,0.4604230200837005,0.0155529558922754,0.0155529558922754
pts:43512:86:L1:2019,Ömer Toprak,SV Werder Bremen,2019,DF,train,opportunity,target_destination_minutes_share,strict_compatibility,train,0.2407407407407407,0.4109535100014952,0.4109535100014952,-0.17021276926075452,0.17021276926075452
pts:44466:24:L1:2019,Sebastian Rode,Eintracht Frankfurt,2019,MF,train,opportunity,target_destination_minutes_share,strict_compatibility,train,0.6518518518518519,0.5108933114916222,0.5108933114916222,0.1409585403602297,0.1409585403602297
pts:635336:995:FR1:2019,Imran Louza,FC Nantes,2019,MF,train,opportunity,target_destination_minutes_share,strict_compatibility,train,0.8267489711934156,0.35845997968224685,0.35845997968224685,0.46828899151116876,0.46828899151116876
pts:64598:714:ES1:2019,Bernardo Espinosa,RCD Espanyol Barcelona,2019,DF,train,opportunity,target_destination_minutes_share,strict_compatibility,train,0.6972222222222222,0.5634936867513118,0.5634936867513118,0.13372853547091035,0.13372853547091035
pts:65318:1049:ES1:2019,Jaume Costa,Valencia CF,2019,DF,train,opportunity,target_destination_minutes_share,strict_compatibility,train,0.4409523809523809,0.48930170410487395,0.48930170410487395,-0.04834932315249307,0.04834932315249307
pts:73185:1108:ES1:2019,Lucas Pérez,Deportivo Alavés,2019,FW,train,opportunity,target_destination_minutes_share,strict_compatibility,train,0.7703703703703704,0.44592931581845696,0.44592931581845696,0.3244410545519134,0.3244410545519134
pts:74230:583:FR1:2019,Pablo Sarabia,Paris Saint-Germain,2019,FW,train,opportunity,target_destination_minutes_share,strict_compatibility,train,0.4974358974358974,0.5266571701720938,0.5266571701720938,-0.029221272736196402,0.029221272736196402
pts:80444:27:L1:2019,Philippe Coutinho,Bayern Munich,2019,MF,train,opportunity,target_destination_minutes_share,strict_compatibility,train,0.4750841750841751,0.5263111130346786,0.5263111130346786,-0.05122693795050348,0.05122693795050348
pts:81999:1108:ES1:2019,Joselu,Deportivo Alavés,2019,FW,train,opportunity,target_destination_minutes_share,strict_compatibility,train,0.858641975308642,0.44959763387011265,0.44959763387011265,0.4090443414385293,0.4090443414385293
pts:82048:1025:IT1:2019,Nicola Sansone,Bologna FC 1909,2019,FW,train,opportunity,target_destination_minutes_share,strict_compatibility,train,0.6813813813813814,0.509139112552821,0.509139112552821,0.17224226882856042,0.17224226882856042
pts:84765:6574:IT1:2019,Francesco Caputo,US Sassuolo,2019,FW,train,opportunity,target_destination_minutes_share,strict_compatibility,train,0.9046296296296296,0.6695770274773919,0.6695770274773919,0.23505260215223767,0.23505260215223767
pts:88909:252:IT1:2019,Riccardo Saponara,Genoa CFC,2019,MF,train,opportunity,target_destination_minutes_share,strict_compatibility,train,0.0549019607843137,0.44615490035878647,0.44615490035878647,-0.39125293957447277,0.39125293957447277
pts:99232:2722:IT1:2019,Marco D'Alessandro,SPAL,2019,MF,train,opportunity,target_destination_minutes_share,strict_compatibility,train,0.2410493827160494,0.48492852142509657,0.48492852142509657,-0.24387913870904718,0.24387913870904718
pts:111347:1038:IT1:2020,Lorenzo Tonelli,UC Sampdoria,2020,DF,train,opportunity,target_destination_minutes_share,strict_compatibility,train,0.5351351351351351,0.4174458948354979,0.4174458948354979,0.11768924029963723,0.11768924029963723
pts:111961:368:ES1:2020,Suso,Sevilla FC,2020,FW,train,opportunity,target_destination_minutes_share,strict_compatibility,train,0.6461988304093568,0.587084694663745,0.587084694663745,0.05911413574561175,0.05911413574561175
pts:121477:379:GB1:2020,Craig Dawson,West Ham United,2020,DF,train,opportunity,target_destination_minutes_share,strict_compatibility,train,0.5628654970760234,0.5364996613072558,0.5364996613072558,0.02636583576876761,0.02636583576876761
pts:129476:410:IT1:2020,Gerard Deulofeu,Udinese Calcio,2020,FW,train,opportunity,target_destination_minutes_share,strict_compatibility,train,0.1845679012345679,0.4751798063165258,0.4751798063165258,-0.2906119050819579,0.2906119050819579
pts:130360:416:IT1:2020,Simone Verdi,Torino FC,2020,MF,train,opportunity,target_destination_minutes_share,strict_compatibility,train,0.5,0.6006399107560073,0.6006399107560073,-0.10063991075600731,0.10063991075600731
pts:130365:583:FR1:2020,Alessandro Florenzi,Paris Saint-Germain,2020,DF,train,opportunity,target_destination_minutes_share,strict_compatibility,train,0.5512544802867384,0.5445765651656512,0.5445765651656512,0.0066779151210871746,0.0066779151210871746
pts:148262:762:GB1:2020,Jeff Hendrick,Newcastle United,2020,MF,train,opportunity,target_destination_minutes_share,strict_compatibility,train,0.4647058823529412,0.48544258272831475,0.48544258272831475,-0.020736700375373562,0.020736700375373562
pts:163222:6574:IT1:2020,Grégoire Defrel,US Sassuolo,2020,MF,train,opportunity,target_destination_minutes_share,strict_compatibility,train,0.4012012012012012,0.394706567425756,0.394706567425756,0.00649463377544518,0.00649463377544518
pts:164771:12:IT1:2020,Jordan Veretout,AS Roma,2020,MF,train,opportunity,target_destination_minutes_share,strict_compatibility,train,0.6709150326797385,0.6071817785036095,0.6071817785036095,0.06373325417612896,0.06373325417612896
pts:170544:3911:FR1:2020,Christophe Hérelle,Stade Brestois 29,2020,DF,train,opportunity,target_destination_minutes_share,strict_compatibility,train,0.425,0.5120933093921494,0.5120933093921494,-0.08709330939214938,0.08709330939214938
pts:176139:252:IT1:2020,Mattia Bani,Genoa CFC,2020,DF,train,opportunity,target_destination_minutes_share,strict_compatibility,train,0.2923809523809524,0.5020629684837815,0.5020629684837815,-0.2096820161028291,0.2096820161028291
pts:178313:667:FR1:2020,Jean-Eudes Aholou,RC Strasbourg Alsace,2020,MF,train,opportunity,target_destination_minutes_share,strict_compatibility,train,0.6444444444444445,0.5011128254171306,0.5011128254171306,0.14333161902731384,0.14333161902731384
pts:182618:6195:IT1:2020,Tiemoué Bakayoko,SSC Napoli,2020,MF,train,opportunity,target_destination_minutes_share,strict_compatibility,train,0.5897897897897898,0.44831620125783167,0.44831620125783167,0.14147358853195813,0.14147358853195813
pts:182875:995:FR1:2020,Jean-Charles Castelletto,FC Nantes,2020,DF,train,opportunity,target_destination_minutes_share,strict_compatibility,train,0.5692982456140351,0.5617414653456199,0.5617414653456199,0.00755678026841522,0.00755678026841522
pts:184894:430:IT1:2020,Alfred Duncan,ACF Fiorentina,2020,MF,train,opportunity,target_destination_minutes_share,strict_compatibility,train,0.0486486486486486,0.5058295069288372,0.5058295069288372,-0.4571808582801886,0.4571808582801886
pts:216179:46:IT1:2020,Stefano Sensi,Inter Milan,2020,MF,train,opportunity,target_destination_minutes_share,strict_compatibility,train,0.1763157894736842,0.38683068920507935,0.38683068920507935,-0.21051489973139514,0.21051489973139514
pts:238752:1038:IT1:2020,Keita Baldé,UC Sampdoria,2020,FW,train,opportunity,target_destination_minutes_share,strict_compatibility,train,0.3594594594594594,0.4270805779223402,0.4270805779223402,-0.06762111846288082,0.06762111846288082
pts:251896:16795:ES1:2020,Jesús Vallejo,Granada CF,2020,DF,train,opportunity,target_destination_minutes_share,strict_compatibility,train,0.4279365079365079,0.3329302337401364,0.3329302337401364,0.09500627419637148,0.09500627419637148
pts:25488:1038:IT1:2020,Antonio Candreva,UC Sampdoria,2020,MF,train,opportunity,target_destination_minutes_share,strict_compatibility,train,0.7522522522522522,0.5693311011783795,0.5693311011783795,0.18292115107387275,0.18292115107387275
pts:265763:347:FR1:2020,Thierry Ambrose,FC Metz,2020,FW,train,opportunity,target_destination_minutes_share,strict_compatibility,train,0.2201754385964912,0.5028984315695177,0.5028984315695177,-0.28272299297302655,0.28272299297302655
pts:266795:398:IT1:2020,Gonzalo Escalante,SS Lazio,2020,MF,train,opportunity,target_destination_minutes_share,strict_compatibility,train,0.2262345679012345,0.38403878561733334,0.38403878561733334,-0.15780421771609884,0.15780421771609884
pts:272261:276:IT1:2020,Antonín Barák,Hellas Verona,2020,MF,train,opportunity,target_destination_minutes_share,strict_compatibility,train,0.8533950617283951,0.48618508145143063,0.48618508145143063,0.36720998027696444,0.36720998027696444
pts:282349:33:L1:2020,Timo Becker,FC Schalke 04,2020,DF,train,opportunity,target_destination_minutes_share,strict_compatibility,train,0.6507936507936508,0.43079910397964044,0.43079910397964044,0.21999454681401037,0.21999454681401037
pts:284595:1038:IT1:2020,Tommaso Augello,UC Sampdoria,2020,DF,train,opportunity,target_destination_minutes_share,strict_compatibility,train,0.9657657657657658,0.4840107422335501,0.4840107422335501,0.48175502353221566,0.48175502353221566
pts:284884:368:ES1:2020,Óscar Rodríguez Arnaiz,Sevilla FC,2020,MF,train,opportunity,target_destination_minutes_share,strict_compatibility,train,0.1494152046783625,0.4864928093978109,0.4864928093978109,-0.3370776047194484,0.3370776047194484
pts:310458:276:IT1:2020,Giangiacomo Magnani,Hellas Verona,2020,DF,train,opportunity,target_destination_minutes_share,strict_compatibility,train,0.4660493827160494,0.3661950020904975,0.3661950020904975,0.09985438062555191,0.09985438062555191
pts:32467:368:ES1:2020,Ivan Rakitić,Sevilla FC,2020,MF,train,opportunity,target_destination_minutes_share,strict_compatibility,train,0.6529239766081871,0.5109640051537494,0.5109640051537494,0.14195997145443773,0.14195997145443773
pts:332179:800:IT1:2020,Matteo Pessina,Atalanta BC,2020,MF,train,opportunity,target_destination_minutes_share,strict_compatibility,train,0.493993993993994,0.485930981683595,0.485930981683595,0.00806301231039902,0.00806301231039902
pts:340328:969:FR1:2020,Stephy Mavididi,Montpellier HSC,2020,FW,train,opportunity,target_destination_minutes_share,strict_compatibility,train,0.5935672514619883,0.5236924075576022,0.5236924075576022,0.06987484390438614,0.06987484390438614
pts:40633:252:IT1:2020,Milan Badelj,Genoa CFC,2020,MF,train,opportunity,target_destination_minutes_share,strict_compatibility,train,0.7644444444444445,0.5185888701665152,0.5185888701665152,0.24585557427792926,0.24585557427792926
pts:43512:86:L1:2020,Ömer Toprak,SV Werder Bremen,2020,DF,train,opportunity,target_destination_minutes_share,strict_compatibility,train,0.6339869281045751,0.4973868381551255,0.4973868381551255,0.1366000899494496,0.1366000899494496
pts:43530:1237:GB1:2020,Adam Lallana,Brighton & Hove Albion,2020,MF,train,opportunity,target_destination_minutes_share,strict_compatibility,train,0.4925925925925926,0.30508908622371667,0.30508908622371667,0.18750350636887592,0.18750350636887592
pts:44162:131:ES1:2020,Miralem Pjanić,FC Barcelona,2020,MF,train,opportunity,target_destination_minutes_share,strict_compatibility,train,0.1882882882882882,0.6194132724790005,0.6194132724790005,-0.43112498419071227,0.43112498419071227
pts:468002:379:GB1:2020,Ben Johnson,West Ham United,2020,DF,train,opportunity,target_destination_minutes_share,strict_compatibility,train,0.1529239766081871,0.37809691610070983,0.37809691610070983,-0.22517293949252273,0.22517293949252273
pts:481834:1390:IT1:2020,Andrea Carboni,Cagliari Calcio,2020,DF,train,opportunity,target_destination_minutes_share,strict_compatibility,train,0.3258258258258258,0.38682516208034473,0.38682516208034473,-0.06099933625451892,0.06099933625451892
pts:505194:1003:GB1:2020,Luke Thomas,Leicester City,2020,DF,train,opportunity,target_destination_minutes_share,strict_compatibility,train,0.2833333333333333,0.3601901190008103,0.3601901190008103,-0.076856785667477,0.076856785667477
pts:527698:366:ES1:2020,Kike Pérez,Real Valladolid CF,2020,MF,train,opportunity,target_destination_minutes_share,strict_compatibility,train,0.357716049382716,0.4061999651983958,0.4061999651983958,-0.04848391581567979,0.04848391581567979
pts:56810:1038:IT1:2020,Adrien Silva,UC Sampdoria,2020,MF,train,opportunity,target_destination_minutes_share,strict_compatibility,train,0.4801801801801801,0.4228493048792875,0.4228493048792875,0.05733087530089259,0.05733087530089259
pts:56818:417:FR1:2020,Morgan Schneiderlin,OGC Nice,2020,MF,train,opportunity,target_destination_minutes_share,strict_compatibility,train,0.6423976608187134,0.5032969446062263,0.5032969446062263,0.1391007162124871,0.1391007162124871
pts:569866:681:ES1:2020,Roberto López,Real Sociedad,2020,MF,train,opportunity,target_destination_minutes_share,strict_compatibility,train,0.1476608187134503,0.40211721337372264,0.40211721337372264,-0.25445639466027237,0.25445639466027237
pts:57280:430:IT1:2020,Giacomo Bonaventura,ACF Fiorentina,2020,MF,train,opportunity,target_destination_minutes_share,strict_compatibility,train,0.6774774774774774,0.5418105828894642,0.5418105828894642,0.1356668945880133,0.1356668945880133
pts:58396:86:L1:2020,Christian Groß,SV Werder Bremen,2020,MF,train,opportunity,target_destination_minutes_share,strict_compatibility,train,0.4797385620915033,0.497063331904701,0.497063331904701,-0.017324769813197693,0.017324769813197693
pts:60444:31:GB1:2020,Thiago Alcántara,Liverpool FC,2020,MF,train,opportunity,target_destination_minutes_share,strict_compatibility,train,0.5421052631578948,0.4936914805730057,0.4936914805730057,0.04841378258488904,0.04841378258488904
pts:60542:16795:ES1:2020,Maxime Gonalons,Granada CF,2020,MF,train,opportunity,target_destination_minutes_share,strict_compatibility,train,0.4698412698412698,0.46214526737018996,0.46214526737018996,0.007696002471079821,0.007696002471079821
pts:61253:430:IT1:2020,José Callejón,ACF Fiorentina,2020,FW,train,opportunity,target_destination_minutes_share,strict_compatibility,train,0.1993993993993994,0.5787842331555636,0.5787842331555636,-0.37938483375616416,0.37938483375616416
pts:68645:150:ES1:2020,Martín Montoya,Real Betis Balompié,2020,DF,train,opportunity,target_destination_minutes_share,strict_compatibility,train,0.0758730158730158,0.4885073885186328,0.4885073885186328,-0.412634372645617,0.412634372645617
pts:82009:162:FR1:2020,Kevin Volland,AS Monaco,2020,FW,train,opportunity,target_destination_minutes_share,strict_compatibility,train,0.8315315315315316,0.5972000052649709,0.5972000052649709,0.23433152626656073,0.23433152626656073
pts:88682:1041:FR1:2020,Mattia De Sciglio,Olympique Lyon,2020,DF,train,opportunity,target_destination_minutes_share,strict_compatibility,train,0.4289473684210526,0.4087383310700935,0.4087383310700935,0.02020903735095908,0.02020903735095908
pts:88683:252:IT1:2020,Mattia Destro,Genoa CFC,2020,FW,train,opportunity,target_destination_minutes_share,strict_compatibility,train,0.5098412698412699,0.37992207152339363,0.37992207152339363,0.12991919831787624,0.12991919831787624
pts:94201:89:L1:2020,Robin Knoche,1.FC Union Berlin,2020,DF,train,opportunity,target_destination_minutes_share,strict_compatibility,train,0.9941176470588236,0.5033492561063377,0.5033492561063377,0.4907683909524858,0.4907683909524858
pts:111630:368:ES1:2021,Érik Lamela,Sevilla FC,2021,FW,train,opportunity,target_destination_minutes_share,strict_compatibility,train,0.3132716049382716,0.34887895079334835,0.34887895079334835,-0.035607345855076744,0.035607345855076744
pts:112935:3:L1:2021,Mark Uth,1.FC Köln,2021,MF,train,opportunity,target_destination_minutes_share,strict_compatibility,train,0.703125,0.4867332505192905,0.4867332505192905,0.2163917494807095,0.2163917494807095
pts:121477:379:GB1:2021,Craig Dawson,West Ham United,2021,DF,train,opportunity,target_destination_minutes_share,strict_compatibility,train,0.827027027027027,0.4931263482994763,0.4931263482994763,0.3339006787275507,0.3339006787275507
pts:122797:417:FR1:2021,Andy Delort,OGC Nice,2021,FW,train,opportunity,target_destination_minutes_share,strict_compatibility,train,0.7157894736842105,0.6033528977522064,0.6033528977522064,0.11243657593200418,0.11243657593200418
pts:124715:252:IT1:2021,Nikola Maksimović,Genoa CFC,2021,DF,train,opportunity,target_destination_minutes_share,strict_compatibility,train,0.3348348348348348,0.40324718807368415,0.40324718807368415,-0.06841235323884937,0.06841235323884937
pts:126673:1025:IT1:2021,Adama Soumaoro,Bologna FC 1909,2021,DF,train,opportunity,target_destination_minutes_share,strict_compatibility,train,0.6993827160493827,0.5134903520754229,0.5134903520754229,0.1858923639739598,0.1858923639739598
pts:127032:1050:ES1:2021,Serge Aurier,Villarreal CF,2021,DF,train,opportunity,target_destination_minutes_share,strict_compatibility,train,0.3206349206349206,0.40210600618604436,0.40210600618604436,-0.08147108555112376,0.08147108555112376
pts:130365:5:IT1:2021,Alessandro Florenzi,AC Milan,2021,DF,train,opportunity,target_destination_minutes_share,strict_compatibility,train,0.3555555555555555,0.47961719987996976,0.47961719987996976,-0.12406164432441424,0.12406164432441424
pts:131731:3522:IT1:2021,Mehdi Bourabia,Spezia Calcio,2021,MF,train,opportunity,target_destination_minutes_share,strict_compatibility,train,0.087037037037037,0.44153145690699097,0.44153145690699097,-0.354494419869954,0.354494419869954
pts:131951:276:IT1:2021,Kevin Lasagna,Hellas Verona,2021,MF,train,opportunity,target_destination_minutes_share,strict_compatibility,train,0.3461988304093567,0.5228505548529233,0.5228505548529233,-0.17665172444356664,0.17665172444356664
pts:134294:405:GB1:2021,Danny Ings,Aston Villa,2021,FW,train,opportunity,target_destination_minutes_share,strict_compatibility,train,0.5549707602339181,0.5433232488554128,0.5433232488554128,0.011647511378505282,0.011647511378505282
pts:135492:150:ES1:2021,Youssouf Sabaly,Real Betis Balompié,2021,DF,train,opportunity,target_destination_minutes_share,strict_compatibility,train,0.257516339869281,0.5591295563476663,0.5591295563476663,-0.30161321647838524,0.30161321647838524
pts:14086:405:GB1:2021,Ashley Young,Aston Villa,2021,DF,train,opportunity,target_destination_minutes_share,strict_compatibility,train,0.3654970760233918,0.4825286629394989,0.4825286629394989,-0.1170315869161071,0.1170315869161071
pts:143559:430:IT1:2021,Matija Nastasić,ACF Fiorentina,2021,DF,train,opportunity,target_destination_minutes_share,strict_compatibility,train,0.0657657657657657,0.45640936208152816,0.45640936208152816,-0.39064359631576245,0.39064359631576245
pts:146752:276:IT1:2021,Gianluca Caprari,Hellas Verona,2021,MF,train,opportunity,target_destination_minutes_share,strict_compatibility,train,0.8008771929824562,0.4621771415890311,0.4621771415890311,0.3387000513934251,0.3387000513934251
pts:159844:24:L1:2021,Christopher Lenz,Eintracht Frankfurt,2021,DF,train,opportunity,target_destination_minutes_share,strict_compatibility,train,0.2305555555555555,0.5160011450780885,0.5160011450780885,-0.28544558952253296,0.28544558952253296
pts:164770:985:GB1:2021,Raphaël Varane,Manchester United,2021,DF,train,opportunity,target_destination_minutes_share,strict_compatibility,train,0.5353801169590643,0.5850288082772115,0.5850288082772115,-0.0496486913181472,0.0496486913181472
pts:173900:1049:ES1:2021,Hélder Costa,Valencia CF,2021,MF,train,opportunity,target_destination_minutes_share,strict_compatibility,train,0.3450617283950617,0.4059841375864313,0.4059841375864313,-0.0609224091913696,0.0609224091913696
pts:178313:667:FR1:2021,Jean-Eudes Aholou,RC Strasbourg Alsace,2021,MF,train,opportunity,target_destination_minutes_share,strict_compatibility,train,0.3015015015015015,0.4618413374837933,0.4618413374837933,-0.1603398359822918,0.1603398359822918
pts:181378:273:FR1:2021,Gaëtan Laborde,Stade Rennais FC,2021,FW,train,opportunity,target_destination_minutes_share,strict_compatibility,train,0.797953216374269,0.6316520578877539,0.6316520578877539,0.16630115848651505,0.16630115848651505
pts:182618:5:IT1:2021,Tiemoué Bakayoko,AC Milan,2021,MF,train,opportunity,target_destination_minutes_share,strict_compatibility,train,0.1546296296296296,0.4706357601769161,0.4706357601769161,-0.31600613054728655,0.31600613054728655
pts:199369:3709:ES1:2021,Sandro Ramírez,Getafe CF,2021,FW,train,opportunity,target_destination_minutes_share,strict_compatibility,train,0.4274853801169591,0.43340457789078957,0.43340457789078957,-0.005919197773830487,0.005919197773830487
pts:238752:1390:IT1:2021,Keita Baldé,Cagliari Calcio,2021,FW,train,opportunity,target_destination_minutes_share,strict_compatibility,train,0.369069069069069,0.41049168555451937,0.41049168555451937,-0.04142261648545037,0.04142261648545037
pts:25488:1038:IT1:2021,Antonio Candreva,UC Sampdoria,2021,MF,train,opportunity,target_destination_minutes_share,strict_compatibility,train,0.9626543209876544,0.5226995494192763,0.5226995494192763,0.43995477156837803,0.43995477156837803
pts:272261:276:IT1:2021,Antonín Barák,Hellas Verona,2021,MF,train,opportunity,target_destination_minutes_share,strict_compatibility,train,0.6842105263157895,0.497703782587382,0.497703782587382,0.18650674372840748,0.18650674372840748
pts:27389:667:FR1:2021,Kévin Gameiro,RC Strasbourg Alsace,2021,FW,train,opportunity,target_destination_minutes_share,strict_compatibility,train,0.7162162162162162,0.4469159793306129,0.4469159793306129,0.26930023688560334,0.26930023688560334
pts:279009:44:L1:2021,Marco Richter,Hertha BSC,2021,FW,train,opportunity,target_destination_minutes_share,strict_compatibility,train,0.6311111111111111,0.437083337804568,0.437083337804568,0.19402777330654308,0.19402777330654308
pts:309393:10:L1:2021,Lennart-Marten Czyborra,Arminia Bielefeld,2021,DF,train,opportunity,target_destination_minutes_share,strict_compatibility,train,0.0441077441077441,0.4467487663871708,0.4467487663871708,-0.4026410222794267,0.4026410222794267
pts:310458:276:IT1:2021,Giangiacomo Magnani,Hellas Verona,2021,DF,train,opportunity,target_destination_minutes_share,strict_compatibility,train,0.1549707602339181,0.4713991629128919,0.4713991629128919,-0.3164284026789738,0.3164284026789738
pts:315125:40:FR1:2021,Javairô Dilrosun,FC Girondins Bordeaux,2021,MF,train,opportunity,target_destination_minutes_share,strict_compatibility,train,0.5345679012345679,0.3442778178518999,0.3442778178518999,0.19029008338266795,0.19029008338266795
pts:319160:3709:ES1:2021,Jakub Jankto,Getafe CF,2021,DF,train,opportunity,target_destination_minutes_share,strict_compatibility,train,0.1716374269005847,0.4597712813109107,0.4597712813109107,-0.288133854410326,0.288133854410326
pts:344605:1003:GB1:2021,Boubakary Soumaré,Leicester City,2021,MF,train,opportunity,target_destination_minutes_share,strict_compatibility,train,0.3309309309309309,0.4525404474826842,0.4525404474826842,-0.12160951655175328,0.12160951655175328
pts:352392:667:FR1:2021,Lucas Perrin,RC Strasbourg Alsace,2021,DF,train,opportunity,target_destination_minutes_share,strict_compatibility,train,0.7513513513513513,0.35277260059475235,0.35277260059475235,0.398578750756599,0.398578750756599
pts:395083:1421:FR1:2021,Andrew Gravillon,Stade Reims,2021,DF,train,opportunity,target_destination_minutes_share,strict_compatibility,train,0.6242690058479532,0.5363326962721278,0.5363326962721278,0.08793630957582543,0.08793630957582543
pts:459655:800:IT1:2021,Matteo Lovato,Atalanta BC,2021,DF,train,opportunity,target_destination_minutes_share,strict_compatibility,train,0.0915915915915916,0.33848276394399823,0.33848276394399823,-0.24689117235240665,0.24689117235240665
pts:471474:331:ES1:2021,Javi Martínez,CA Osasuna,2021,MF,train,opportunity,target_destination_minutes_share,strict_compatibility,train,0.263963963963964,0.40794919518290107,0.40794919518290107,-0.14398523121893708,0.14398523121893708
pts:47713:969:FR1:2021,Mamadou Sakho,Montpellier HSC,2021,DF,train,opportunity,target_destination_minutes_share,strict_compatibility,train,0.7947530864197531,0.38685680400796857,0.38685680400796857,0.4078962824117845,0.4078962824117845
pts:481084:1049:ES1:2021,Marcos André,Valencia CF,2021,FW,train,opportunity,target_destination_minutes_share,strict_compatibility,train,0.3003086419753086,0.4688854942123885,0.4688854942123885,-0.1685768522370799,0.1685768522370799
pts:562049:12:IT1:2021,Edoardo Bove,AS Roma,2021,MF,train,opportunity,target_destination_minutes_share,strict_compatibility,train,0.0198830409356725,0.34639262743482657,0.34639262743482657,-0.32650958649915407,0.32650958649915407
pts:61842:29:GB1:2021,Andros Townsend,Everton FC,2021,MF,train,opportunity,target_destination_minutes_share,strict_compatibility,train,0.4619047619047619,0.532686308708651,0.532686308708651,-0.0707815468038891,0.0707815468038891
pts:67082:3709:ES1:2021,Vitolo,Getafe CF,2021,MF,train,opportunity,target_destination_minutes_share,strict_compatibility,train,0.0646198830409356,0.3224641915998887,0.3224641915998887,-0.25784430855895313,0.25784430855895313
pts:68864:1390:IT1:2021,Kevin Strootman,Cagliari Calcio,2021,MF,train,opportunity,target_destination_minutes_share,strict_compatibility,train,0.1921921921921922,0.44721710932871306,0.44721710932871306,-0.25502491713652087,0.25502491713652087
pts:73185:1531:ES1:2021,Lucas Pérez,Elche CF,2021,FW,train,opportunity,target_destination_minutes_share,strict_compatibility,train,0.4262626262626263,0.4336970785093675,0.4336970785093675,-0.007434452246741219,0.007434452246741219
pts:84765:1038:IT1:2021,Francesco Caputo,UC Sampdoria,2021,FW,train,opportunity,target_destination_minutes_share,strict_compatibility,train,0.8611111111111112,0.5565966602619714,0.5565966602619714,0.30451445084913975,0.30451445084913975
pts:85383:2687:ES1:2021,Rubén Sobrino,Cádiz CF,2021,FW,train,opportunity,target_destination_minutes_share,strict_compatibility,train,0.5588588588588589,0.46640663474896904,0.46640663474896904,0.09245222410988985,0.09245222410988985
pts:85393:1025:IT1:2021,Nicolas Viola,Bologna FC 1909,2021,MF,train,opportunity,target_destination_minutes_share,strict_compatibility,train,0.0314814814814814,0.4845494464406507,0.4845494464406507,-0.4530679649591693,0.4530679649591693
pts:94137:89:L1:2021,Kevin Möhwald,1.FC Union Berlin,2021,MF,train,opportunity,target_destination_minutes_share,strict_compatibility,train,0.1191919191919192,0.4989646842730672,0.4989646842730672,-0.37977276508114804,0.37977276508114804
pts:103565:969:FR1:2022,Wahbi Khazri,Montpellier HSC,2022,FW,validation,opportunity,target_destination_minutes_share,strict_compatibility,train,0.5046296296296297,0.48833188067372696,0.48833188067372696,0.01629774895590269,0.01629774895590269
pts:125614:3:L1:2022,Sargis Adamyan,1.FC Köln,2022,FW,validation,opportunity,target_destination_minutes_share,strict_compatibility,train,0.2104575163398692,0.39200075665843526,0.39200075665843526,-0.18154324031856606,0.18154324031856606
pts:127142:1082:FR1:2022,Jonas Martin,LOSC Lille,2022,MF,validation,opportunity,target_destination_minutes_share,strict_compatibility,train,0.0831831831831831,0.4380774265778322,0.4380774265778322,-0.35489424339464914,0.35489424339464914
pts:128901:29:GB1:2022,Conor Coady,Everton FC,2022,DF,validation,opportunity,target_destination_minutes_share,strict_compatibility,train,0.6128654970760234,0.6164405038915555,0.6164405038915555,-0.0035750068155320225,0.0035750068155320225
pts:130360:276:IT1:2022,Simone Verdi,Hellas Verona,2022,MF,validation,opportunity,target_destination_minutes_share,strict_compatibility,train,0.3291291291291291,0.3857625343016101,0.3857625343016101,-0.056633405172481,0.056633405172481
pts:130365:5:IT1:2022,Alessandro Florenzi,AC Milan,2022,DF,validation,opportunity,target_destination_minutes_share,strict_compatibility,train,0.0644444444444444,0.4089543847581356,0.4089543847581356,-0.3445099403136912,0.3445099403136912
pts:131731:3522:IT1:2022,Mehdi Bourabia,Spezia Calcio,2022,MF,validation,opportunity,target_destination_minutes_share,strict_compatibility,train,0.8321321321321321,0.3526288842100526,0.3526288842100526,0.4795032479220795,0.4795032479220795
pts:143559:237:ES1:2022,Matija Nastasić,RCD Mallorca,2022,DF,validation,opportunity,target_destination_minutes_share,strict_compatibility,train,0.2796296296296296,0.3322577605346524,0.3322577605346524,-0.052628130905022774,0.052628130905022774
pts:148368:5:IT1:2022,Divock Origi,AC Milan,2022,FW,validation,opportunity,target_destination_minutes_share,strict_compatibility,train,0.326031746031746,0.3363256435498263,0.3363256435498263,-0.010293897518080297,0.010293897518080297
pts:162038:367:ES1:2022,Raúl de Tomás,Rayo Vallecano,2022,FW,validation,opportunity,target_destination_minutes_share,strict_compatibility,train,0.2353801169590643,0.5913512839525301,0.5913512839525301,-0.3559711669934658,0.3559711669934658
pts:164771:244:FR1:2022,Jordan Veretout,Olympique Marseille,2022,MF,validation,opportunity,target_destination_minutes_share,strict_compatibility,train,0.8371345029239766,0.519787119730828,0.519787119730828,0.3173473831931486,0.3173473831931486
pts:178313:667:FR1:2022,Jean-Eudes Aholou,RC Strasbourg Alsace,2022,MF,validation,opportunity,target_destination_minutes_share,strict_compatibility,train,0.3801169590643274,0.329089648555716,0.329089648555716,0.05102731050861142,0.05102731050861142
pts:179635:80:L1:2022,Philipp Förster,VfL Bochum,2022,MF,validation,opportunity,target_destination_minutes_share,strict_compatibility,train,0.4277777777777777,0.4574455343850282,0.4574455343850282,-0.029667756607250517,0.029667756607250517
pts:181378:417:FR1:2022,Gaëtan Laborde,OGC Nice,2022,FW,validation,opportunity,target_destination_minutes_share,strict_compatibility,train,0.7525525525525526,0.5723059742963216,0.5723059742963216,0.18024657825623103,0.18024657825623103
pts:195171:1049:ES1:2022,Samu Castillejo,Valencia CF,2022,FW,validation,opportunity,target_destination_minutes_share,strict_compatibility,train,0.3982456140350877,0.30108702117244146,0.30108702117244146,0.09715859286264622,0.09715859286264622
pts:197135:2687:ES1:2022,Joseba Zaldúa,Cádiz CF,2022,DF,validation,opportunity,target_destination_minutes_share,strict_compatibility,train,0.1972222222222222,0.45624477579362555,0.45624477579362555,-0.25902255357140336,0.25902255357140336
pts:197470:3522:IT1:2022,Mattia Caldara,Spezia Calcio,2022,DF,validation,opportunity,target_destination_minutes_share,strict_compatibility,train,0.3762762762762763,0.5152042949879551,0.5152042949879551,-0.13892801871167876,0.13892801871167876
pts:203842:3522:IT1:2022,Viktor Kovalenko,Spezia Calcio,2022,MF,validation,opportunity,target_destination_minutes_share,strict_compatibility,train,0.1645645645645645,0.4886977388553157,0.4886977388553157,-0.32413317429075117,0.32413317429075117
pts:206912:826:FR1:2022,Jimmy Cabot,RC Lens,2022,DF,validation,opportunity,target_destination_minutes_share,strict_compatibility,train,0.1494152046783625,0.5483231588038132,0.5483231588038132,-0.3989079541254507,0.3989079541254507
pts:212391:1531:ES1:2022,Roger Martí,Elche CF,2022,FW,validation,opportunity,target_destination_minutes_share,strict_compatibility,train,0.2021604938271605,0.5240559647827413,0.5240559647827413,-0.3218954709555808,0.3218954709555808
pts:223725:3709:ES1:2022,Munir El Haddadi,Getafe CF,2022,MF,validation,opportunity,target_destination_minutes_share,strict_compatibility,train,0.3362573099415205,0.3467866511405286,0.3467866511405286,-0.010529341199008113,0.010529341199008113
pts:238868:331:ES1:2022,Rubén Peña,CA Osasuna,2022,DF,validation,opportunity,target_destination_minutes_share,strict_compatibility,train,0.3834834834834835,0.3607884303745482,0.3607884303745482,0.02269505310893527,0.02269505310893527
pts:241229:3709:ES1:2022,Jordan Amavi,Getafe CF,2022,DF,validation,opportunity,target_destination_minutes_share,strict_compatibility,train,0.0584795321637426,0.3242747875730923,0.3242747875730923,-0.26579525540934973,0.26579525540934973
pts:247250:2687:ES1:2022,Rubén Alcaraz,Cádiz CF,2022,MF,validation,opportunity,target_destination_minutes_share,strict_compatibility,train,0.6305555555555555,0.44783715170158556,0.44783715170158556,0.18271840385396998,0.18271840385396998
pts:249126:1038:IT1:2022,Harry Winks,UC Sampdoria,2022,MF,validation,opportunity,target_destination_minutes_share,strict_compatibility,train,0.5153153153153153,0.40701156028532803,0.40701156028532803,0.10830375502998724,0.10830375502998724
pts:25488:380:IT1:2022,Antonio Candreva,US Salernitana 1919,2022,MF,validation,opportunity,target_destination_minutes_share,strict_compatibility,train,0.8653968253968254,0.6137015299661595,0.6137015299661595,0.25169529543066593,0.25169529543066593
pts:272261:430:IT1:2022,Antonín Barák,ACF Fiorentina,2022,MF,validation,opportunity,target_destination_minutes_share,strict_compatibility,train,0.6057239057239058,0.46991120831529487,0.46991120831529487,0.1358126974086109,0.1358126974086109
pts:284884:940:ES1:2022,Óscar Rodríguez Arnaiz,Celta de Vigo,2022,MF,validation,opportunity,target_destination_minutes_share,strict_compatibility,train,0.5330330330330331,0.41716077742714325,0.41716077742714325,0.11587225560588982,0.11587225560588982
pts:296879:3:L1:2022,Steffen Tigges,1.FC Köln,2022,FW,validation,opportunity,target_destination_minutes_share,strict_compatibility,train,0.5215686274509804,0.38770510769232436,0.38770510769232436,0.13386351975865607,0.13386351975865607
pts:307519:2687:ES1:2022,Fede San Emeterio,Cádiz CF,2022,MF,validation,opportunity,target_destination_minutes_share,strict_compatibility,train,0.5691358024691358,0.4083622898764384,0.4083622898764384,0.16077351259269734,0.16077351259269734
pts:309944:749:IT1:2022,Tyronne Ebuehi,FC Empoli,2022,DF,validation,opportunity,target_destination_minutes_share,strict_compatibility,train,0.5935185185185186,0.4358053350144551,0.4358053350144551,0.15771318350406344,0.15771318350406344
pts:315332:39:L1:2022,Aymen Barkok,1.FSV Mainz 05,2022,MF,validation,opportunity,target_destination_minutes_share,strict_compatibility,train,0.1908496732026143,0.304948117488625,0.304948117488625,-0.11409844428601068,0.11409844428601068
pts:327863:1082:FR1:2022,Akim Zedadka,LOSC Lille,2022,DF,validation,opportunity,target_destination_minutes_share,strict_compatibility,train,0.1063063063063063,0.6139404075738168,0.6139404075738168,-0.5076341012675105,0.5076341012675105
pts:335147:380:IT1:2022,Junior Sambia,US Salernitana 1919,2022,DF,validation,opportunity,target_destination_minutes_share,strict_compatibility,train,0.2212698412698412,0.4137880251940089,0.4137880251940089,-0.19251818392416772,0.19251818392416772
pts:352392:667:FR1:2022,Lucas Perrin,RC Strasbourg Alsace,2022,DF,validation,opportunity,target_destination_minutes_share,strict_compatibility,train,0.5160818713450293,0.49965518716258334,0.49965518716258334,0.016426684182445916,0.016426684182445916
pts:353796:380:IT1:2022,Giulio Maggiore,US Salernitana 1919,2022,MF,validation,opportunity,target_destination_minutes_share,strict_compatibility,train,0.2838095238095238,0.590503113234333,0.590503113234333,-0.30669358942480923,0.30669358942480923
pts:364133:416:IT1:2022,Pietro Pellegri,Torino FC,2022,FW,validation,opportunity,target_destination_minutes_share,strict_compatibility,train,0.1359649122807017,0.3597167303617521,0.3597167303617521,-0.2237518180810504,0.2237518180810504
pts:364857:969:FR1:2022,Falaye Sacko,Montpellier HSC,2022,DF,validation,opportunity,target_destination_minutes_share,strict_compatibility,train,0.7962962962962963,0.41989400460471504,0.41989400460471504,0.37640229169158124,0.37640229169158124
pts:395083:1421:FR1:2022,Andrew Gravillon,Stade Reims,2022,DF,validation,opportunity,target_destination_minutes_share,strict_compatibility,train,0.3117117117117117,0.5369043972648802,0.5369043972648802,-0.22519268555316846,0.22519268555316846
pts:406806:380:IT1:2022,Emil Bohinen,US Salernitana 1919,2022,MF,validation,opportunity,target_destination_minutes_share,strict_compatibility,train,0.2641269841269841,0.4511476748021959,0.4511476748021959,-0.18702069067521182,0.18702069067521182
pts:459655:380:IT1:2022,Matteo Lovato,US Salernitana 1919,2022,DF,validation,opportunity,target_destination_minutes_share,strict_compatibility,train,0.2584126984126984,0.48816196534946693,0.48816196534946693,-0.2297492669367685,0.2297492669367685
pts:570817:1421:FR1:2022,Maxime Busi,Stade Reims,2022,DF,validation,opportunity,target_destination_minutes_share,strict_compatibility,train,0.3132132132132132,0.5167026145786546,0.5167026145786546,-0.2034894013654414,0.2034894013654414
pts:60542:3524:FR1:2022,Maxime Gonalons,Clermont Foot 63,2022,MF,validation,opportunity,target_destination_minutes_share,strict_compatibility,train,0.4236842105263158,0.4422050500115504,0.4422050500115504,-0.01852083948523464,0.01852083948523464
pts:623040:276:IT1:2022,Yayah Kallon,Hellas Verona,2022,MF,validation,opportunity,target_destination_minutes_share,strict_compatibility,train,0.2582582582582582,0.3423527127212975,0.3423527127212975,-0.08409445446303931,0.08409445446303931
pts:649452:244:FR1:2022,Issa Kaboré,Olympique Marseille,2022,DF,validation,opportunity,target_destination_minutes_share,strict_compatibility,train,0.3005847953216374,0.48967285849383385,0.48967285849383385,-0.18908806317219645,0.18908806317219645
pts:74810:1148:GB1:2022,Ben Mee,Brentford FC,2022,DF,validation,opportunity,target_destination_minutes_share,strict_compatibility,train,0.9558479532163744,0.46202880591908113,0.46202880591908113,0.49381914729729326,0.49381914729729326
pts:80444:405:GB1:2022,Philippe Coutinho,Aston Villa,2022,MF,validation,opportunity,target_destination_minutes_share,strict_compatibility,train,0.2304093567251462,0.4597970736010862,0.4597970736010862,-0.22938771687593998,0.22938771687593998
pts:814976:1421:FR1:2022,Martin Adeline,Stade Reims,2022,MF,validation,opportunity,target_destination_minutes_share,strict_compatibility,train,0.0321321321321321,0.41176986072338184,0.41176986072338184,-0.3796377285912497,0.3796377285912497
pts:81999:714:ES1:2022,Joselu,RCD Espanyol Barcelona,2022,FW,validation,opportunity,target_destination_minutes_share,strict_compatibility,train,0.8742690058479532,0.6150918337570792,0.6150918337570792,0.259177172090874,0.259177172090874
pts:84765:1038:IT1:2022,Francesco Caputo,UC Sampdoria,2022,FW,validation,opportunity,target_destination_minutes_share,strict_compatibility,train,0.3285285285285285,0.6118254896731014,0.6118254896731014,-0.28329696114457287,0.28329696114457287
pts:855158:995:FR1:2022,Mohamed Achi,FC Nantes,2022,FW,validation,opportunity,target_destination_minutes_share,strict_compatibility,train,0.0108108108108108,0.341779093854701,0.341779093854701,-0.3309682830438902,0.3309682830438902
pts:88683:749:IT1:2022,Mattia Destro,FC Empoli,2022,FW,validation,opportunity,target_destination_minutes_share,strict_compatibility,train,0.1765432098765432,0.42634013229598133,0.42634013229598133,-0.24979692241943813,0.24979692241943813
pts:1004618:995:FR1:2023,Stredair Appuah,FC Nantes,2023,FW,test,opportunity,target_destination_minutes_share,strict_compatibility,train_plus_validation,0.0291666666666666,0.31965767923980937,0.31965767923980937,-0.29049101257314275,0.29049101257314275
pts:126540:1082:FR1:2023,Samuel Umtiti,LOSC Lille,2023,DF,test,opportunity,target_destination_minutes_share,strict_compatibility,train_plus_validation,0.0604575163398692,0.3964672318270118,0.3964672318270118,-0.33600971548714265,0.33600971548714265
pts:127142:3911:FR1:2023,Jonas Martin,Stade Brestois 29,2023,MF,test,opportunity,target_destination_minutes_share,strict_compatibility,train_plus_validation,0.4067340067340067,0.31206749858048854,0.31206749858048854,0.09466650815351818,0.09466650815351818
pts:14086:29:GB1:2023,Ashley Young,Everton FC,2023,DF,test,opportunity,target_destination_minutes_share,strict_compatibility,train_plus_validation,0.6666666666666666,0.44468669366554403,0.44468669366554403,0.2219799730011226,0.2219799730011226
pts:146752:2919:IT1:2023,Gianluca Caprari,AC Monza,2023,MF,test,opportunity,target_destination_minutes_share,strict_compatibility,train_plus_validation,0.0833333333333333,0.4612722776873691,0.4612722776873691,-0.3779389443540358,0.3779389443540358
pts:148368:703:GB1:2023,Divock Origi,Nottingham Forest,2023,FW,test,opportunity,target_destination_minutes_share,strict_compatibility,train_plus_validation,0.1819819819819819,0.3337165019450854,0.3337165019450854,-0.1517345199631035,0.1517345199631035
pts:159844:23826:L1:2023,Christopher Lenz,RB Leipzig,2023,DF,test,opportunity,target_destination_minutes_share,strict_compatibility,train_plus_validation,0.015359477124183,0.4758523030064064,0.4758523030064064,-0.4604928258822234,0.4604928258822234
pts:182618:1158:FR1:2023,Tiemoué Bakayoko,FC Lorient,2023,MF,test,opportunity,target_destination_minutes_share,strict_compatibility,train_plus_validation,0.4294117647058823,0.3342818394189594,0.3342818394189594,0.09512992528692293,0.09512992528692293
pts:186988:167:L1:2023,Sven Michel,FC Augsburg,2023,FW,test,opportunity,target_destination_minutes_share,strict_compatibility,train_plus_validation,0.1905228758169934,0.4375142292000194,0.4375142292000194,-0.24699135338302602,0.24699135338302602
pts:195171:6574:IT1:2023,Samu Castillejo,US Sassuolo,2023,FW,test,opportunity,target_destination_minutes_share,strict_compatibility,train_plus_validation,0.1567251461988304,0.40558404058712577,0.40558404058712577,-0.24885889438829537,0.24885889438829537
pts:20005:2919:IT1:2023,Papu Gómez,AC Monza,2023,MF,test,opportunity,target_destination_minutes_share,strict_compatibility,train_plus_validation,0.0119883040935672,0.3928244484321297,0.3928244484321297,-0.3808361443385625,0.3808361443385625
pts:203842:749:IT1:2023,Viktor Kovalenko,FC Empoli,2023,MF,test,opportunity,target_destination_minutes_share,strict_compatibility,train_plus_validation,0.1792397660818713,0.371866229119224,0.371866229119224,-0.1926264630373527,0.1926264630373527
pts:240219:1005:IT1:2023,Lorenzo Venuti,US Lecce,2023,DF,test,opportunity,target_destination_minutes_share,strict_compatibility,train_plus_validation,0.1064327485380117,0.3888280458072088,0.3888280458072088,-0.2823952972691971,0.2823952972691971
pts:241076:749:IT1:2023,Emmanuel Gyasi,FC Empoli,2023,DF,test,opportunity,target_destination_minutes_share,strict_compatibility,train_plus_validation,0.5494152046783626,0.5857300650777626,0.5857300650777626,-0.03631486039940002,0.03631486039940002
pts:241229:3911:FR1:2023,Jordan Amavi,Stade Brestois 29,2023,DF,test,opportunity,target_destination_minutes_share,strict_compatibility,train_plus_validation,0.0306397306397306,0.2797544490064976,0.2797544490064976,-0.249114718366767,0.249114718366767
pts:251845:1049:ES1:2023,Sergi Canós,Valencia CF,2023,MF,test,opportunity,target_destination_minutes_share,strict_compatibility,train_plus_validation,0.369069069069069,0.39373434469360025,0.39373434469360025,-0.024665275624531247,0.024665275624531247
pts:25488:380:IT1:2023,Antonio Candreva,US Salernitana 1919,2023,MF,test,opportunity,target_destination_minutes_share,strict_compatibility,train_plus_validation,0.8986928104575164,0.5614682497358858,0.5614682497358858,0.33722456072163054,0.33722456072163054
pts:256429:2687:ES1:2023,Sergi Guardiola,Cádiz CF,2023,FW,test,opportunity,target_destination_minutes_share,strict_compatibility,train_plus_validation,0.1486486486486486,0.43839646230279533,0.43839646230279533,-0.2897478136541467,0.2897478136541467
pts:257751:749:IT1:2023,Simone Bastoni,FC Empoli,2023,MF,test,opportunity,target_destination_minutes_share,strict_compatibility,train_plus_validation,0.2178362573099415,0.4168088478644041,0.4168088478644041,-0.1989725905544626,0.1989725905544626
pts:266795:2687:ES1:2023,Gonzalo Escalante,Cádiz CF,2023,MF,test,opportunity,target_destination_minutes_share,strict_compatibility,train_plus_validation,0.5096096096096097,0.36118645211717515,0.36118645211717515,0.1484231574924345,0.1484231574924345
pts:277635:2687:ES1:2023,Rominigue Kouamé,Cádiz CF,2023,MF,test,opportunity,target_destination_minutes_share,strict_compatibility,train_plus_validation,0.2465465465465465,0.5117488376040104,0.5117488376040104,-0.26520229105746385,0.26520229105746385
pts:279009:39:L1:2023,Marco Richter,1.FSV Mainz 05,2023,MF,test,opportunity,target_destination_minutes_share,strict_compatibility,train_plus_validation,0.2414141414141414,0.45247290063126283,0.45247290063126283,-0.21105875921712144,0.21105875921712144
pts:284884:3709:ES1:2023,Óscar Rodríguez Arnaiz,Getafe CF,2023,MF,test,opportunity,target_destination_minutes_share,strict_compatibility,train_plus_validation,0.2827485380116959,0.3684953760792429,0.3684953760792429,-0.08574683806754696,0.08574683806754696
pts:286779:2687:ES1:2023,Jorge Meré,Cádiz CF,2023,DF,test,opportunity,target_destination_minutes_share,strict_compatibility,train_plus_validation,0.2021021021021021,0.3242998491872331,0.3242998491872331,-0.12219774708513098,0.12219774708513098
pts:302215:86:L1:2023,Naby Keïta,SV Werder Bremen,2023,MF,test,opportunity,target_destination_minutes_share,strict_compatibility,train_plus_validation,0.0367003367003367,0.2926261950106309,0.2926261950106309,-0.25592585831029424,0.25592585831029424
pts:307924:167:L1:2023,Mergim Berisha,FC Augsburg,2023,FW,test,opportunity,target_destination_minutes_share,strict_compatibility,train_plus_validation,0.0398692810457516,0.5222041618242363,0.5222041618242363,-0.48233488077848474,0.48233488077848474
pts:307924:533:L1:2023,Mergim Berisha,TSG 1899 Hoffenheim,2023,FW,test,opportunity,target_destination_minutes_share,strict_compatibility,train_plus_validation,0.0470588235294117,0.4939370526721711,0.4939370526721711,-0.4468782291427594,0.4468782291427594
pts:32113:2919:IT1:2023,Armando Izzo,AC Monza,2023,DF,test,opportunity,target_destination_minutes_share,strict_compatibility,train_plus_validation,0.4824561403508772,0.491738383012626,0.491738383012626,-0.009282242661748819,0.009282242661748819
pts:332179:2919:IT1:2023,Matteo Pessina,AC Monza,2023,MF,test,opportunity,target_destination_minutes_share,strict_compatibility,train_plus_validation,0.9421052631578948,0.5060351679417476,0.5060351679417476,0.43607009521614715,0.43607009521614715
pts:344605:368:ES1:2023,Boubakary Soumaré,Sevilla FC,2023,MF,test,opportunity,target_destination_minutes_share,strict_compatibility,train_plus_validation,0.7257142857142858,0.4387404659670994,0.4387404659670994,0.28697381974718633,0.28697381974718633
pts:357072:826:FR1:2023,Faitout Maouassa,RC Lens,2023,MF,test,opportunity,target_destination_minutes_share,strict_compatibility,train_plus_validation,0.0255892255892255,0.38009715852551085,0.38009715852551085,-0.35450793293628535,0.35450793293628535
pts:364857:969:FR1:2023,Falaye Sacko,Montpellier HSC,2023,DF,test,opportunity,target_destination_minutes_share,strict_compatibility,train_plus_validation,0.4798611111111111,0.5688648094729135,0.5688648094729135,-0.08900369836180239,0.08900369836180239
pts:369267:3524:FR1:2023,Maximiliano Caufriez,Clermont Foot 63,2023,DF,test,opportunity,target_destination_minutes_share,strict_compatibility,train_plus_validation,0.542156862745098,0.503858544008248,0.503858544008248,0.03829831873684997,0.03829831873684997
pts:377219:1049:ES1:2023,Selim Amallah,Valencia CF,2023,FW,test,opportunity,target_destination_minutes_share,strict_compatibility,train_plus_validation,0.1813813813813813,0.40698027938884634,0.40698027938884634,-0.22559889800746505,0.22559889800746505
pts:396894:2687:ES1:2023,Maxi Gómez,Cádiz CF,2023,FW,test,opportunity,target_destination_minutes_share,strict_compatibility,train_plus_validation,0.3492492492492492,0.3699962450165204,0.3699962450165204,-0.02074699576727118,0.02074699576727118
pts:399543:1005:IT1:2023,Remi Oudin,US Lecce,2023,MF,test,opportunity,target_destination_minutes_share,strict_compatibility,train_plus_validation,0.5318713450292397,0.448230757365119,0.448230757365119,0.08364058766412069,0.08364058766412069
pts:39983:89:L1:2023,Leonardo Bonucci,1.FC Union Berlin,2023,DF,test,opportunity,target_destination_minutes_share,strict_compatibility,train_plus_validation,0.1548821548821548,0.4708365851110863,0.4708365851110863,-0.3159544302289315,0.3159544302289315
pts:42412:985:GB1:2023,Jonny Evans,Manchester United,2023,DF,test,opportunity,target_destination_minutes_share,strict_compatibility,train_plus_validation,0.4070175438596491,0.4626210727752399,0.4626210727752399,-0.05560352891559078,0.05560352891559078
pts:429901:1041:FR1:2023,Paul Akouokou,Olympique Lyon,2023,MF,test,opportunity,target_destination_minutes_share,strict_compatibility,train_plus_validation,0.1003267973856209,0.2878856326752468,0.2878856326752468,-0.1875588352896259,0.1875588352896259
pts:442805:3302:ES1:2023,Iddrisu Baba,UD Almería,2023,MF,test,opportunity,target_destination_minutes_share,strict_compatibility,train_plus_validation,0.441358024691358,0.4648521768279977,0.4648521768279977,-0.02349415213663969,0.02349415213663969
pts:456492:3:L1:2023,Faride Alidou,1.FC Köln,2023,FW,test,opportunity,target_destination_minutes_share,strict_compatibility,train_plus_validation,0.4189542483660131,0.3927936410736953,0.3927936410736953,0.026160607292317783,0.026160607292317783
pts:468066:6195:IT1:2023,Jens Cajuste,SSC Napoli,2023,MF,test,opportunity,target_destination_minutes_share,strict_compatibility,train_plus_validation,0.2970760233918129,0.49574251610114894,0.49574251610114894,-0.19866649270933606,0.19866649270933606
pts:489611:749:IT1:2023,Filippo Ranocchia,FC Empoli,2023,MF,test,opportunity,target_destination_minutes_share,strict_compatibility,train_plus_validation,0.1391812865497076,0.38599494665355627,0.38599494665355627,-0.24681366010384867,0.24681366010384867
pts:490223:3302:ES1:2023,Ibrahima Koné,UD Almería,2023,FW,test,opportunity,target_destination_minutes_share,strict_compatibility,train_plus_validation,0.0854938271604938,0.4627373412147259,0.4627373412147259,-0.37724351405423207,0.37724351405423207
pts:527698:367:ES1:2023,Kike Pérez,Rayo Vallecano,2023,MF,test,opportunity,target_destination_minutes_share,strict_compatibility,train_plus_validation,0.2507507507507507,0.5312818095608274,0.5312818095608274,-0.28053105881007667,0.28053105881007667
pts:55769:2919:IT1:2023,Danilo D'Ambrosio,AC Monza,2023,DF,test,opportunity,target_destination_minutes_share,strict_compatibility,train_plus_validation,0.4491228070175438,0.3288849031931611,0.3288849031931611,0.12023790382438271,0.12023790382438271
pts:585700:150:ES1:2023,Juan Cruz,Real Betis Balompié,2023,FW,test,opportunity,target_destination_minutes_share,strict_compatibility,train_plus_validation,0.0255892255892255,0.389642786909784,0.389642786909784,-0.3640535613205585,0.3640535613205585
pts:66100:131:ES1:2023,Oriol Romeu,FC Barcelona,2023,MF,test,opportunity,target_destination_minutes_share,strict_compatibility,train_plus_validation,0.2810810810810811,0.5161589242209244,0.5161589242209244,-0.23507784313984326,0.23507784313984326
pts:670848:379:GB1:2023,Divin Mubama,West Ham United,2023,FW,test,opportunity,target_destination_minutes_share,strict_compatibility,train_plus_validation,0.024024024024024,0.3465789087053198,0.3465789087053198,-0.32255488468129584,0.32255488468129584
pts:81999:418:ES1:2023,Joselu,Real Madrid,2023,FW,test,opportunity,target_destination_minutes_share,strict_compatibility,train_plus_validation,0.5066066066066066,0.6152647189922105,0.6152647189922105,-0.10865811238560386,0.10865811238560386
pts:82009:89:L1:2023,Kevin Volland,1.FC Union Berlin,2023,FW,test,opportunity,target_destination_minutes_share,strict_compatibility,train_plus_validation,0.4528619528619528,0.45399979861051476,0.45399979861051476,-0.0011378457485619609,0.0011378457485619609
pts:82048:1005:IT1:2023,Nicola Sansone,US Lecce,2023,FW,test,opportunity,target_destination_minutes_share,strict_compatibility,train_plus_validation,0.2242690058479532,0.3676588751845721,0.3676588751845721,-0.14338986933661887,0.14338986933661887
pts:82503:367:ES1:2023,Aridane Hernández,Rayo Vallecano,2023,DF,test,opportunity,target_destination_minutes_share,strict_compatibility,train_plus_validation,0.5075075075075075,0.5476524647004655,0.5476524647004655,-0.040144957192957964,0.040144957192957964
pts:84765:749:IT1:2023,Francesco Caputo,FC Empoli,2023,FW,test,opportunity,target_destination_minutes_share,strict_compatibility,train_plus_validation,0.3707602339181287,0.5166724263119733,0.5166724263119733,-0.14591219239384462,0.14591219239384462
pts:88684:2919:IT1:2023,Giulio Donati,AC Monza,2023,DF,test,opportunity,target_destination_minutes_share,strict_compatibility,train_plus_validation,0.0105263157894736,0.37401563691292805,0.37401563691292805,-0.36348932112345445,0.36348932112345445
pts:88909:276:IT1:2023,Riccardo Saponara,Hellas Verona,2023,FW,test,opportunity,target_destination_minutes_share,strict_compatibility,train_plus_validation,0.1027027027027027,0.31511410751616564,0.31511410751616564,-0.21241140481346293,0.21241140481346293
pts:895480:621:ES1:2023,Adu Ares,Athletic Bilbao,2023,FW,test,opportunity,target_destination_minutes_share,strict_compatibility,train_plus_validation,0.0817901234567901,0.390482370154443,0.390482370154443,-0.3086922466976529,0.3086922466976529
pts:93704:39:L1:2023,Josuha Guilavogui,1.FSV Mainz 05,2023,DF,test,opportunity,target_destination_minutes_share,strict_compatibility,train_plus_validation,0.1377104377104377,0.39752805802041186,0.39752805802041186,-0.25981762030997413,0.25981762030997413
pts:103565:618:FR1:2018,Wahbi Khazri,AS Saint-Étienne,2018,FW,train,performance,target_role_performance_index,mean_only,train,0.3041539340089529,0.020851874743619738,0.020851874743619738,0.2833020592653332,0.2833020592653332
pts:111347:1038:IT1:2018,Lorenzo Tonelli,UC Sampdoria,2018,DF,train,performance,target_role_performance_index,mean_only,train,0.1112075644029801,0.020851874743619738,0.020851874743619738,0.09035568965936036,0.09035568965936036
pts:112935:33:L1:2018,Mark Uth,FC Schalke 04,2018,FW,train,performance,target_role_performance_index,mean_only,train,-0.1841626894846911,0.020851874743619738,0.020851874743619738,-0.20501456422831085,0.20501456422831085
pts:122797:969:FR1:2018,Andy Delort,Montpellier HSC,2018,FW,train,performance,target_role_performance_index,mean_only,train,0.1808325900482747,0.020851874743619738,0.020851874743619738,0.15998071530465496,0.15998071530465496
pts:124902:6574:IT1:2018,Khouma Babacar,US Sassuolo,2018,FW,train,performance,target_role_performance_index,mean_only,train,0.0579374383596508,0.020851874743619738,0.020851874743619738,0.03708556361603106,0.03708556361603106
pts:126719:583:FR1:2018,Juan Bernat,Paris Saint-Germain,2018,DF,train,performance,target_role_performance_index,mean_only,train,-0.0037102823770018,0.020851874743619738,0.020851874743619738,-0.024562157120621538,0.024562157120621538
pts:127076:82:L1:2018,Jérôme Roussillon,VfL Wolfsburg,2018,DF,train,performance,target_role_performance_index,mean_only,train,0.1917052815835221,0.020851874743619738,0.020851874743619738,0.17085340683990236,0.17085340683990236
pts:129476:1010:GB1:2018,Gerard Deulofeu,Watford FC,2018,FW,train,performance,target_role_performance_index,mean_only,train,0.3513178381269513,0.020851874743619738,0.020851874743619738,0.33046596338333156,0.33046596338333156
pts:130360:6195:IT1:2018,Simone Verdi,SSC Napoli,2018,MF,train,performance,target_role_performance_index,mean_only,train,0.858747062429747,0.020851874743619738,0.020851874743619738,0.8378951876861273,0.8378951876861273
pts:134294:180:GB1:2018,Danny Ings,Southampton FC,2018,FW,train,performance,target_role_performance_index,mean_only,train,0.1566569845740537,0.020851874743619738,0.020851874743619738,0.13580510983043395,0.13580510983043395
pts:163222:1038:IT1:2018,Grégoire Defrel,UC Sampdoria,2018,FW,train,performance,target_role_performance_index,mean_only,train,0.0845164402134746,0.020851874743619738,0.020851874743619738,0.06366456546985486,0.06366456546985486
pts:170544:417:FR1:2018,Christophe Hérelle,OGC Nice,2018,DF,train,performance,target_role_performance_index,mean_only,train,0.1370493414042787,0.020851874743619738,0.020851874743619738,0.11619746666065897,0.11619746666065897
pts:170953:1420:FR1:2018,Stéphane Bahoken,Angers SCO,2018,FW,train,performance,target_role_performance_index,mean_only,train,-0.1691739755372407,0.020851874743619738,0.020851874743619738,-0.19002585028086044,0.19002585028086044
pts:178313:162:FR1:2018,Jean-Eudes Aholou,AS Monaco,2018,MF,train,performance,target_role_performance_index,mean_only,train,-0.1574078128793666,0.020851874743619738,0.020851874743619738,-0.17825968762298633,0.17825968762298633
pts:181378:969:FR1:2018,Gaëtan Laborde,Montpellier HSC,2018,FW,train,performance,target_role_performance_index,mean_only,train,0.0153341113872372,0.020851874743619738,0.020851874743619738,-0.005517763356382538,0.005517763356382538
pts:182618:5:IT1:2018,Tiemoué Bakayoko,AC Milan,2018,MF,train,performance,target_role_performance_index,mean_only,train,0.0393746985307545,0.020851874743619738,0.020851874743619738,0.018522823787134764,0.018522823787134764
pts:183031:416:IT1:2018,Koffi Djidji,Torino FC,2018,DF,train,performance,target_role_performance_index,mean_only,train,-0.054465238894998,0.020851874743619738,0.020851874743619738,-0.07531711363861773,0.07531711363861773
pts:195171:5:IT1:2018,Samu Castillejo,AC Milan,2018,FW,train,performance,target_role_performance_index,mean_only,train,0.3635140814820244,0.020851874743619738,0.020851874743619738,0.3426622067384047,0.3426622067384047
pts:199258:2722:IT1:2018,Andrea Petagna,SPAL,2018,FW,train,performance,target_role_performance_index,mean_only,train,0.0291936988125476,0.020851874743619738,0.020851874743619738,0.008341824068927861,0.008341824068927861
pts:199369:681:ES1:2018,Sandro Ramírez,Real Sociedad,2018,FW,train,performance,target_role_performance_index,mean_only,train,-0.0482929090056028,0.020851874743619738,0.020851874743619738,-0.06914478374922253,0.06914478374922253
pts:236041:1416:FR1:2018,Alexis Blin,Amiens SC,2018,MF,train,performance,target_role_performance_index,mean_only,train,-0.393372173666879,0.020851874743619738,0.020851874743619738,-0.4142240484104987,0.4142240484104987
pts:236400:1041:FR1:2018,Leo Dubois,Olympique Lyon,2018,DF,train,performance,target_role_performance_index,mean_only,train,0.4817217129810304,0.020851874743619738,0.020851874743619738,0.4608698382374107,0.4608698382374107
pts:238752:46:IT1:2018,Keita Baldé,Inter Milan,2018,FW,train,performance,target_role_performance_index,mean_only,train,0.7458406862200981,0.020851874743619738,0.020851874743619738,0.7249888114764784,0.7249888114764784
pts:241229:244:FR1:2018,Jordan Amavi,Olympique Marseille,2018,DF,train,performance,target_role_performance_index,mean_only,train,0.369046608259886,0.020851874743619738,0.020851874743619738,0.3481947335162663,0.3481947335162663
pts:27389:1049:ES1:2018,Kévin Gameiro,Valencia CF,2018,FW,train,performance,target_role_performance_index,mean_only,train,0.1686547492862924,0.020851874743619738,0.020851874743619738,0.14780287454267266,0.14780287454267266
pts:28140:415:FR1:2018,Max Gradel,FC Toulouse,2018,FW,train,performance,target_role_performance_index,mean_only,train,0.158774980077241,0.020851874743619738,0.020851874743619738,0.13792310533362126,0.13792310533362126
pts:302215:31:GB1:2018,Naby Keïta,Liverpool FC,2018,MF,train,performance,target_role_performance_index,mean_only,train,0.536592661802569,0.020851874743619738,0.020851874743619738,0.5157407870589493,0.5157407870589493
pts:302991:3368:ES1:2018,Erick Cabaco,Levante UD,2018,DF,train,performance,target_role_performance_index,mean_only,train,-0.1029243790804078,0.020851874743619738,0.020851874743619738,-0.12377625382402754,0.12377625382402754
pts:319160:1038:IT1:2018,Jakub Jankto,UC Sampdoria,2018,MF,train,performance,target_role_performance_index,mean_only,train,-0.0625204558325272,0.020851874743619738,0.020851874743619738,-0.08337233057614694,0.08337233057614694
pts:32113:416:IT1:2018,Armando Izzo,Torino FC,2018,DF,train,performance,target_role_performance_index,mean_only,train,0.2637033662654292,0.020851874743619738,0.020851874743619738,0.24285149152180943,0.24285149152180943
pts:335147:969:FR1:2018,Junior Sambia,Montpellier HSC,2018,MF,train,performance,target_role_performance_index,mean_only,train,0.2556425980655456,0.020851874743619738,0.020851874743619738,0.23479072332192588,0.23479072332192588
pts:34322:11:GB1:2018,Sokratis Papastathopoulos,Arsenal FC,2018,DF,train,performance,target_role_performance_index,mean_only,train,-0.1533580110437272,0.020851874743619738,0.020851874743619738,-0.17420988578734695,0.17420988578734695
pts:38607:6574:IT1:2018,Federico Di Francesco,US Sassuolo,2018,FW,train,performance,target_role_performance_index,mean_only,train,-0.0288794149804055,0.020851874743619738,0.020851874743619738,-0.04973128972402524,0.04973128972402524
pts:39983:506:IT1:2018,Leonardo Bonucci,Juventus FC,2018,DF,train,performance,target_role_performance_index,mean_only,train,-0.1962002366866075,0.020851874743619738,0.020851874743619738,-0.21705211143022723,0.21705211143022723
pts:40633:398:IT1:2018,Milan Badelj,SS Lazio,2018,MF,train,performance,target_role_performance_index,mean_only,train,0.1748605866813717,0.020851874743619738,0.020851874743619738,0.15400871193775195,0.15400871193775195
pts:42412:1003:GB1:2018,Jonny Evans,Leicester City,2018,DF,train,performance,target_role_performance_index,mean_only,train,-0.1758134949208676,0.020851874743619738,0.020851874743619738,-0.19666536966448733,0.19666536966448733
pts:427161:667:FR1:2018,Lebo Mothiba,RC Strasbourg Alsace,2018,FW,train,performance,target_role_performance_index,mean_only,train,-0.1138157845963087,0.020851874743619738,0.020851874743619738,-0.13466765933992844,0.13466765933992844
pts:432772:162:FR1:2018,Samuel Grandsir,AS Monaco,2018,FW,train,performance,target_role_performance_index,mean_only,train,-0.5715698706972046,0.020851874743619738,0.020851874743619738,-0.5924217454408243,0.5924217454408243
pts:44059:252:IT1:2018,Ervin Zukanović,Genoa CFC,2018,DF,train,performance,target_role_performance_index,mean_only,train,-0.1646222074008978,0.020851874743619738,0.020851874743619738,-0.18547408214451755,0.18547408214451755
pts:483573:1108:ES1:2018,Martin Agirregabiria,Deportivo Alavés,2018,DF,train,performance,target_role_performance_index,mean_only,train,-0.1823934400953612,0.020851874743619738,0.020851874743619738,-0.20324531483898095,0.20324531483898095
pts:56100:1237:GB1:2018,Leon Balogun,Brighton & Hove Albion,2018,DF,train,performance,target_role_performance_index,mean_only,train,-0.4705336640970028,0.020851874743619738,0.020851874743619738,-0.4913855388406225,0.4913855388406225
pts:581781:2969:FR1:2018,Enzo Loiodice,Dijon FCO,2018,MF,train,performance,target_role_performance_index,mean_only,train,-0.329793600679718,0.020851874743619738,0.020851874743619738,-0.35064547542333774,0.35064547542333774
pts:59631:162:FR1:2018,Nacer Chadli,AS Monaco,2018,MF,train,performance,target_role_performance_index,mean_only,train,-0.2963145207082748,0.020851874743619738,0.020851874743619738,-0.3171663954518945,0.3171663954518945
pts:60542:368:ES1:2018,Maxime Gonalons,Sevilla FC,2018,MF,train,performance,target_role_performance_index,mean_only,train,-0.4612730062133198,0.020851874743619738,0.020851874743619738,-0.4821248809569395,0.4821248809569395
pts:60577:416:IT1:2018,Nicolas Nkoulou,Torino FC,2018,DF,train,performance,target_role_performance_index,mean_only,train,-0.3395372728886068,0.020851874743619738,0.020851874743619738,-0.3603891476322265,0.3603891476322265
pts:66934:873:GB1:2018,Cheikhou Kouyaté,Crystal Palace,2018,MF,train,performance,target_role_performance_index,mean_only,train,-0.3611923432369344,0.020851874743619738,0.020851874743619738,-0.3820442179805541,0.3820442179805541
pts:68645:1237:GB1:2018,Martín Montoya,Brighton & Hove Albion,2018,DF,train,performance,target_role_performance_index,mean_only,train,0.0048721877273013,0.020851874743619738,0.020851874743619738,-0.01597968701631844,0.01597968701631844
pts:68864:244:FR1:2018,Kevin Strootman,Olympique Marseille,2018,MF,train,performance,target_role_performance_index,mean_only,train,0.0307533693679612,0.020851874743619738,0.020851874743619738,0.00990149462434146,0.00990149462434146
pts:73185:379:GB1:2018,Lucas Pérez,West Ham United,2018,FW,train,performance,target_role_performance_index,mean_only,train,-0.1253034101652141,0.020851874743619738,0.020851874743619738,-0.14615528490883384,0.14615528490883384
pts:73734:12:IT1:2018,Steven Nzonzi,AS Roma,2018,MF,train,performance,target_role_performance_index,mean_only,train,-0.1661321307659419,0.020851874743619738,0.020851874743619738,-0.18698400550956165,0.18698400550956165
pts:74228:12321:ES1:2018,Marc Muniesa,Girona FC,2018,DF,train,performance,target_role_performance_index,mean_only,train,0.107708822398592,0.020851874743619738,0.020851874743619738,0.08685694765497226,0.08685694765497226
pts:88909:1038:IT1:2018,Riccardo Saponara,UC Sampdoria,2018,MF,train,performance,target_role_performance_index,mean_only,train,0.7582978245178351,0.020851874743619738,0.020851874743619738,0.7374459497742154,0.7374459497742154
pts:95641:1108:ES1:2018,Darko Brašanac,Deportivo Alavés,2018,MF,train,performance,target_role_performance_index,mean_only,train,-0.5510778079678423,0.020851874743619738,0.020851874743619738,-0.571929682711462,0.571929682711462
pts:99232:410:IT1:2018,Marco D'Alessandro,Udinese Calcio,2018,DF,train,performance,target_role_performance_index,mean_only,train,0.1842969108733486,0.020851874743619738,0.020851874743619738,0.16344503612972885,0.16344503612972885
pts:101213:6574:IT1:2019,Pedro Obiang,US Sassuolo,2019,MF,train,performance,target_role_performance_index,mean_only,train,-0.0979479214814999,0.020851874743619738,0.020851874743619738,-0.11879979622511964,0.11879979622511964
pts:104752:6195:IT1:2019,Kostas Manolas,SSC Napoli,2019,DF,train,performance,target_role_performance_index,mean_only,train,-0.2367578589613213,0.020851874743619738,0.020851874743619738,-0.257609733704941,0.257609733704941
pts:118284:969:FR1:2019,Jordan Ferri,Montpellier HSC,2019,MF,train,performance,target_role_performance_index,mean_only,train,0.0697276421727726,0.020851874743619738,0.020851874743619738,0.04887576742915285,0.04887576742915285
pts:122797:969:FR1:2019,Andy Delort,Montpellier HSC,2019,FW,train,performance,target_role_performance_index,mean_only,train,0.173158741223359,0.020851874743619738,0.020851874743619738,0.15230686647973926,0.15230686647973926
pts:127156:969:FR1:2019,Téji Savanier,Montpellier HSC,2019,MF,train,performance,target_role_performance_index,mean_only,train,0.3960058848195614,0.020851874743619738,0.020851874743619738,0.3751540100759417,0.3751540100759417
pts:130360:416:IT1:2019,Simone Verdi,Torino FC,2019,MF,train,performance,target_role_performance_index,mean_only,train,0.2593490037520751,0.020851874743619738,0.020851874743619738,0.23849712900845535,0.23849712900845535
pts:131708:1244:ES1:2019,Kenneth Omeruo,CD Leganés,2019,DF,train,performance,target_role_performance_index,mean_only,train,-0.1727434070068963,0.020851874743619738,0.020851874743619738,-0.19359528175051605,0.19359528175051605
pts:134294:180:GB1:2019,Danny Ings,Southampton FC,2019,FW,train,performance,target_role_performance_index,mean_only,train,0.3083376063063434,0.020851874743619738,0.020851874743619738,0.28748573156272367,0.28748573156272367
pts:146854:162:FR1:2019,Wissam Ben Yedder,AS Monaco,2019,FW,train,performance,target_role_performance_index,mean_only,train,0.7814383174871057,0.020851874743619738,0.020851874743619738,0.760586442743486,0.760586442743486
pts:162056:3368:ES1:2019,Gonzalo Melero,Levante UD,2019,MF,train,performance,target_role_performance_index,mean_only,train,-0.2311952698686556,0.020851874743619738,0.020851874743619738,-0.25204714461227534,0.25204714461227534
pts:163222:6574:IT1:2019,Grégoire Defrel,US Sassuolo,2019,FW,train,performance,target_role_performance_index,mean_only,train,0.039103346138353,0.020851874743619738,0.020851874743619738,0.01825147139473326,0.01825147139473326
pts:164771:12:IT1:2019,Jordan Veretout,AS Roma,2019,MF,train,performance,target_role_performance_index,mean_only,train,0.0423859915214062,0.020851874743619738,0.020851874743619738,0.021534116777786463,0.021534116777786463
pts:165873:366:ES1:2019,Federico Barba,Real Valladolid CF,2019,DF,train,performance,target_role_performance_index,mean_only,train,-0.0726684728501975,0.020851874743619738,0.020851874743619738,-0.09352034759381724,0.09352034759381724
pts:167859:252:IT1:2019,Stefano Sturaro,Genoa CFC,2019,MF,train,performance,target_role_performance_index,mean_only,train,-0.1928694845921172,0.020851874743619738,0.020851874743619738,-0.21372135933573694,0.21372135933573694
pts:176139:1025:IT1:2019,Mattia Bani,Bologna FC 1909,2019,DF,train,performance,target_role_performance_index,mean_only,train,0.0445697839472838,0.020851874743619738,0.020851874743619738,0.023717909203664064,0.023717909203664064
pts:178313:618:FR1:2019,Jean-Eudes Aholou,AS Saint-Étienne,2019,MF,train,performance,target_role_performance_index,mean_only,train,-0.0915549367537312,0.020851874743619738,0.020851874743619738,-0.11240681149735095,0.11240681149735095
pts:182618:162:FR1:2019,Tiemoué Bakayoko,AS Monaco,2019,MF,train,performance,target_role_performance_index,mean_only,train,-0.089304989026933,0.020851874743619738,0.020851874743619738,-0.11015686377055274,0.11015686377055274
pts:183031:416:IT1:2019,Koffi Djidji,Torino FC,2019,DF,train,performance,target_role_performance_index,mean_only,train,0.1245697166140815,0.020851874743619738,0.020851874743619738,0.10371784187046176,0.10371784187046176
pts:199258:2722:IT1:2019,Andrea Petagna,SPAL,2019,FW,train,performance,target_role_performance_index,mean_only,train,-0.1503420952518371,0.020851874743619738,0.020851874743619738,-0.17119396999545683,0.17119396999545683
pts:199369:366:ES1:2019,Sandro Ramírez,Real Valladolid CF,2019,FW,train,performance,target_role_performance_index,mean_only,train,-0.1771960670539357,0.020851874743619738,0.020851874743619738,-0.19804794179755544,0.19804794179755544
pts:202278:273:FR1:2019,Flavien Tait,Stade Rennais FC,2019,MF,train,performance,target_role_performance_index,mean_only,train,0.3816525343405798,0.020851874743619738,0.020851874743619738,0.36080065959696006,0.36080065959696006
pts:203496:150:ES1:2019,Nabil Fekir,Real Betis Balompié,2019,MF,train,performance,target_role_performance_index,mean_only,train,0.3894847136314213,0.020851874743619738,0.020851874743619738,0.3686328388878016,0.3686328388878016
pts:216179:46:IT1:2019,Stefano Sensi,Inter Milan,2019,MF,train,performance,target_role_performance_index,mean_only,train,0.8155875503580285,0.020851874743619738,0.020851874743619738,0.7947356756144088,0.7947356756144088
pts:236041:1416:FR1:2019,Alexis Blin,Amiens SC,2019,MF,train,performance,target_role_performance_index,mean_only,train,-0.4773761810971227,0.020851874743619738,0.020851874743619738,-0.4982280558407424,0.4982280558407424
pts:238868:1050:ES1:2019,Rubén Peña,Villarreal CF,2019,DF,train,performance,target_role_performance_index,mean_only,train,0.1583142737873049,0.020851874743619738,0.020851874743619738,0.13746239904368515,0.13746239904368515
pts:274484:1041:FR1:2019,Youssouf Koné,Olympique Lyon,2019,DF,train,performance,target_role_performance_index,mean_only,train,-0.0862525597850108,0.020851874743619738,0.020851874743619738,-0.10710443452863054,0.10710443452863054
pts:288241:40:FR1:2019,Enock Kwateng,FC Girondins Bordeaux,2019,DF,train,performance,target_role_performance_index,mean_only,train,0.3852162891055162,0.020851874743619738,0.020851874743619738,0.3643644143618965,0.3643644143618965
pts:319160:1038:IT1:2019,Jakub Jankto,UC Sampdoria,2019,MF,train,performance,target_role_performance_index,mean_only,train,-0.0057360347569702,0.020851874743619738,0.020851874743619738,-0.026587909500589937,0.026587909500589937
pts:355501:12:IT1:2019,Amadou Diawara,AS Roma,2019,MF,train,performance,target_role_performance_index,mean_only,train,-0.0985040563892463,0.020851874743619738,0.020851874743619738,-0.11935593113286604,0.11935593113286604
pts:38607:2722:IT1:2019,Federico Di Francesco,SPAL,2019,FW,train,performance,target_role_performance_index,mean_only,train,-0.2011752222090324,0.020851874743619738,0.020851874743619738,-0.22202709695265213,0.22202709695265213
pts:396894:1049:ES1:2019,Maxi Gómez,Valencia CF,2019,FW,train,performance,target_role_performance_index,mean_only,train,-0.3564033461795964,0.020851874743619738,0.020851874743619738,-0.3772552209232161,0.3772552209232161
pts:39728:16:L1:2019,Mats Hummels,Borussia Dortmund,2019,DF,train,performance,target_role_performance_index,mean_only,train,0.3476476209553877,0.020851874743619738,0.020851874743619738,0.326795746211768,0.326795746211768
pts:40633:430:IT1:2019,Milan Badelj,ACF Fiorentina,2019,MF,train,performance,target_role_performance_index,mean_only,train,-0.0978317981188221,0.020851874743619738,0.020851874743619738,-0.11868367286244184,0.11868367286244184
pts:43512:86:L1:2019,Ömer Toprak,SV Werder Bremen,2019,DF,train,performance,target_role_performance_index,mean_only,train,-0.1269577621972743,0.020851874743619738,0.020851874743619738,-0.14780963694089405,0.14780963694089405
pts:44466:24:L1:2019,Sebastian Rode,Eintracht Frankfurt,2019,MF,train,performance,target_role_performance_index,mean_only,train,0.1619466186989109,0.020851874743619738,0.020851874743619738,0.14109474395529115,0.14109474395529115
pts:635336:995:FR1:2019,Imran Louza,FC Nantes,2019,MF,train,performance,target_role_performance_index,mean_only,train,-0.0188679270151286,0.020851874743619738,0.020851874743619738,-0.03971980175874834,0.03971980175874834
pts:64598:714:ES1:2019,Bernardo Espinosa,RCD Espanyol Barcelona,2019,DF,train,performance,target_role_performance_index,mean_only,train,-0.2992002742296205,0.020851874743619738,0.020851874743619738,-0.3200521489732402,0.3200521489732402
pts:65318:1049:ES1:2019,Jaume Costa,Valencia CF,2019,DF,train,performance,target_role_performance_index,mean_only,train,0.0165796337229033,0.020851874743619738,0.020851874743619738,-0.0042722410207164385,0.0042722410207164385
pts:73185:1108:ES1:2019,Lucas Pérez,Deportivo Alavés,2019,FW,train,performance,target_role_performance_index,mean_only,train,-0.0556790194566498,0.020851874743619738,0.020851874743619738,-0.07653089420026954,0.07653089420026954
pts:74230:583:FR1:2019,Pablo Sarabia,Paris Saint-Germain,2019,FW,train,performance,target_role_performance_index,mean_only,train,0.3612614105726639,0.020851874743619738,0.020851874743619738,0.3404095358290442,0.3404095358290442
pts:80444:27:L1:2019,Philippe Coutinho,Bayern Munich,2019,MF,train,performance,target_role_performance_index,mean_only,train,1.289308734238629,0.020851874743619738,0.020851874743619738,1.2684568594950092,1.2684568594950092
pts:81999:1108:ES1:2019,Joselu,Deportivo Alavés,2019,FW,train,performance,target_role_performance_index,mean_only,train,-0.147739273911164,0.020851874743619738,0.020851874743619738,-0.16859114865478375,0.16859114865478375
pts:82048:1025:IT1:2019,Nicola Sansone,Bologna FC 1909,2019,FW,train,performance,target_role_performance_index,mean_only,train,0.1448567167740087,0.020851874743619738,0.020851874743619738,0.12400484203038895,0.12400484203038895
pts:84765:6574:IT1:2019,Francesco Caputo,US Sassuolo,2019,FW,train,performance,target_role_performance_index,mean_only,train,0.2577935631101145,0.020851874743619738,0.020851874743619738,0.23694168836649473,0.23694168836649473
pts:99232:2722:IT1:2019,Marco D'Alessandro,SPAL,2019,MF,train,performance,target_role_performance_index,mean_only,train,-0.1851739538030094,0.020851874743619738,0.020851874743619738,-0.20602582854662915,0.20602582854662915
pts:111347:1038:IT1:2020,Lorenzo Tonelli,UC Sampdoria,2020,DF,train,performance,target_role_performance_index,mean_only,train,-0.177224902008355,0.020851874743619738,0.020851874743619738,-0.19807677675197474,0.19807677675197474
pts:111961:368:ES1:2020,Suso,Sevilla FC,2020,FW,train,performance,target_role_performance_index,mean_only,train,0.151914257949752,0.020851874743619738,0.020851874743619738,0.13106238320613225,0.13106238320613225
pts:121477:379:GB1:2020,Craig Dawson,West Ham United,2020,DF,train,performance,target_role_performance_index,mean_only,train,-0.1805599188050434,0.020851874743619738,0.020851874743619738,-0.20141179354866315,0.20141179354866315
pts:129476:410:IT1:2020,Gerard Deulofeu,Udinese Calcio,2020,FW,train,performance,target_role_performance_index,mean_only,train,0.1760773506879751,0.020851874743619738,0.020851874743619738,0.15522547594435535,0.15522547594435535
pts:130360:416:IT1:2020,Simone Verdi,Torino FC,2020,MF,train,performance,target_role_performance_index,mean_only,train,0.4151171459776127,0.020851874743619738,0.020851874743619738,0.39426527123399296,0.39426527123399296
pts:130365:583:FR1:2020,Alessandro Florenzi,Paris Saint-Germain,2020,DF,train,performance,target_role_performance_index,mean_only,train,-0.1316760190797646,0.020851874743619738,0.020851874743619738,-0.15252789382338433,0.15252789382338433
pts:148262:762:GB1:2020,Jeff Hendrick,Newcastle United,2020,MF,train,performance,target_role_performance_index,mean_only,train,-0.4458372138545901,0.020851874743619738,0.020851874743619738,-0.4666890885982098,0.4666890885982098
pts:163222:6574:IT1:2020,Grégoire Defrel,US Sassuolo,2020,MF,train,performance,target_role_performance_index,mean_only,train,-0.0100060454022935,0.020851874743619738,0.020851874743619738,-0.030857920145913237,0.030857920145913237
pts:164771:12:IT1:2020,Jordan Veretout,AS Roma,2020,MF,train,performance,target_role_performance_index,mean_only,train,0.278775365176043,0.020851874743619738,0.020851874743619738,0.2579234904324233,0.2579234904324233
pts:170544:3911:FR1:2020,Christophe Hérelle,Stade Brestois 29,2020,DF,train,performance,target_role_performance_index,mean_only,train,-0.04286835884112,0.020851874743619738,0.020851874743619738,-0.06372023358473974,0.06372023358473974
pts:176139:252:IT1:2020,Mattia Bani,Genoa CFC,2020,DF,train,performance,target_role_performance_index,mean_only,train,-0.0742120873492362,0.020851874743619738,0.020851874743619738,-0.09506396209285595,0.09506396209285595
pts:178313:667:FR1:2020,Jean-Eudes Aholou,RC Strasbourg Alsace,2020,MF,train,performance,target_role_performance_index,mean_only,train,-0.2721736678560519,0.020851874743619738,0.020851874743619738,-0.2930255425996716,0.2930255425996716
pts:182618:6195:IT1:2020,Tiemoué Bakayoko,SSC Napoli,2020,MF,train,performance,target_role_performance_index,mean_only,train,-0.1854948372213373,0.020851874743619738,0.020851874743619738,-0.20634671196495705,0.20634671196495705
pts:182875:995:FR1:2020,Jean-Charles Castelletto,FC Nantes,2020,DF,train,performance,target_role_performance_index,mean_only,train,-0.0557615046160552,0.020851874743619738,0.020851874743619738,-0.07661337935967494,0.07661337935967494
pts:216179:46:IT1:2020,Stefano Sensi,Inter Milan,2020,MF,train,performance,target_role_performance_index,mean_only,train,0.4807442099471353,0.020851874743619738,0.020851874743619738,0.4598923352035156,0.4598923352035156
pts:238752:1038:IT1:2020,Keita Baldé,UC Sampdoria,2020,FW,train,performance,target_role_performance_index,mean_only,train,0.4924283460286408,0.020851874743619738,0.020851874743619738,0.47157647128502106,0.47157647128502106
pts:251896:16795:ES1:2020,Jesús Vallejo,Granada CF,2020,DF,train,performance,target_role_performance_index,mean_only,train,-0.3531716708681887,0.020851874743619738,0.020851874743619738,-0.3740235456118084,0.3740235456118084
pts:25488:1038:IT1:2020,Antonio Candreva,UC Sampdoria,2020,MF,train,performance,target_role_performance_index,mean_only,train,0.6952764647873328,0.020851874743619738,0.020851874743619738,0.6744245900437131,0.6744245900437131
pts:265763:347:FR1:2020,Thierry Ambrose,FC Metz,2020,FW,train,performance,target_role_performance_index,mean_only,train,-0.2971358220859208,0.020851874743619738,0.020851874743619738,-0.31798769682954053,0.31798769682954053
pts:266795:398:IT1:2020,Gonzalo Escalante,SS Lazio,2020,MF,train,performance,target_role_performance_index,mean_only,train,0.0290418495740172,0.020851874743619738,0.020851874743619738,0.008189974830397462,0.008189974830397462
pts:272261:276:IT1:2020,Antonín Barák,Hellas Verona,2020,MF,train,performance,target_role_performance_index,mean_only,train,0.066936033847214,0.020851874743619738,0.020851874743619738,0.04608415910359426,0.04608415910359426
pts:282349:33:L1:2020,Timo Becker,FC Schalke 04,2020,DF,train,performance,target_role_performance_index,mean_only,train,-0.2408332294326028,0.020851874743619738,0.020851874743619738,-0.26168510417622254,0.26168510417622254
pts:284595:1038:IT1:2020,Tommaso Augello,UC Sampdoria,2020,DF,train,performance,target_role_performance_index,mean_only,train,-0.0450889023654918,0.020851874743619738,0.020851874743619738,-0.06594077710911153,0.06594077710911153
pts:284884:368:ES1:2020,Óscar Rodríguez Arnaiz,Sevilla FC,2020,MF,train,performance,target_role_performance_index,mean_only,train,0.2412389004284352,0.020851874743619738,0.020851874743619738,0.22038702568481547,0.22038702568481547
pts:310458:276:IT1:2020,Giangiacomo Magnani,Hellas Verona,2020,DF,train,performance,target_role_performance_index,mean_only,train,0.1077733207530889,0.020851874743619738,0.020851874743619738,0.08692144600946916,0.08692144600946916
pts:32467:368:ES1:2020,Ivan Rakitić,Sevilla FC,2020,MF,train,performance,target_role_performance_index,mean_only,train,0.0186200129377294,0.020851874743619738,0.020851874743619738,-0.0022318618058903388,0.0022318618058903388
pts:332179:800:IT1:2020,Matteo Pessina,Atalanta BC,2020,MF,train,performance,target_role_performance_index,mean_only,train,0.168074008265223,0.020851874743619738,0.020851874743619738,0.14722213352160327,0.14722213352160327
pts:340328:969:FR1:2020,Stephy Mavididi,Montpellier HSC,2020,FW,train,performance,target_role_performance_index,mean_only,train,-0.135676210559173,0.020851874743619738,0.020851874743619738,-0.15652808530279275,0.15652808530279275
pts:40633:252:IT1:2020,Milan Badelj,Genoa CFC,2020,MF,train,performance,target_role_performance_index,mean_only,train,0.1103432659308327,0.020851874743619738,0.020851874743619738,0.08949139118721296,0.08949139118721296
pts:43512:86:L1:2020,Ömer Toprak,SV Werder Bremen,2020,DF,train,performance,target_role_performance_index,mean_only,train,0.0222320810772964,0.020851874743619738,0.020851874743619738,0.001380206333676661,0.001380206333676661
pts:43530:1237:GB1:2020,Adam Lallana,Brighton & Hove Albion,2020,MF,train,performance,target_role_performance_index,mean_only,train,0.0335294164330063,0.020851874743619738,0.020851874743619738,0.012677541689386559,0.012677541689386559
pts:44162:131:ES1:2020,Miralem Pjanić,FC Barcelona,2020,MF,train,performance,target_role_performance_index,mean_only,train,0.4661024794013784,0.020851874743619738,0.020851874743619738,0.4452506046577587,0.4452506046577587
pts:468002:379:GB1:2020,Ben Johnson,West Ham United,2020,DF,train,performance,target_role_performance_index,mean_only,train,-0.1054774607363679,0.020851874743619738,0.020851874743619738,-0.12632933547998765,0.12632933547998765
pts:481834:1390:IT1:2020,Andrea Carboni,Cagliari Calcio,2020,DF,train,performance,target_role_performance_index,mean_only,train,0.1583543771798709,0.020851874743619738,0.020851874743619738,0.13750250243625114,0.13750250243625114
pts:505194:1003:GB1:2020,Luke Thomas,Leicester City,2020,DF,train,performance,target_role_performance_index,mean_only,train,-0.1326452195432096,0.020851874743619738,0.020851874743619738,-0.15349709428682934,0.15349709428682934
pts:527698:366:ES1:2020,Kike Pérez,Real Valladolid CF,2020,MF,train,performance,target_role_performance_index,mean_only,train,-0.2012546686415215,0.020851874743619738,0.020851874743619738,-0.22210654338514124,0.22210654338514124
pts:56810:1038:IT1:2020,Adrien Silva,UC Sampdoria,2020,MF,train,performance,target_role_performance_index,mean_only,train,-0.1856452628507144,0.020851874743619738,0.020851874743619738,-0.20649713759433413,0.20649713759433413
pts:56818:417:FR1:2020,Morgan Schneiderlin,OGC Nice,2020,MF,train,performance,target_role_performance_index,mean_only,train,-0.2311907659698079,0.020851874743619738,0.020851874743619738,-0.25204264071342763,0.25204264071342763
pts:569866:681:ES1:2020,Roberto López,Real Sociedad,2020,MF,train,performance,target_role_performance_index,mean_only,train,0.1248109659964475,0.020851874743619738,0.020851874743619738,0.10395909125282776,0.10395909125282776
pts:57280:430:IT1:2020,Giacomo Bonaventura,ACF Fiorentina,2020,MF,train,performance,target_role_performance_index,mean_only,train,-0.0124280663319996,0.020851874743619738,0.020851874743619738,-0.03327994107561934,0.03327994107561934
pts:58396:86:L1:2020,Christian Groß,SV Werder Bremen,2020,MF,train,performance,target_role_performance_index,mean_only,train,-0.4321081644309462,0.020851874743619738,0.020851874743619738,-0.4529600391745659,0.4529600391745659
pts:60444:31:GB1:2020,Thiago Alcántara,Liverpool FC,2020,MF,train,performance,target_role_performance_index,mean_only,train,0.3663567928617925,0.020851874743619738,0.020851874743619738,0.3455049181181728,0.3455049181181728
pts:60542:16795:ES1:2020,Maxime Gonalons,Granada CF,2020,MF,train,performance,target_role_performance_index,mean_only,train,-0.2746644179978531,0.020851874743619738,0.020851874743619738,-0.29551629274147284,0.29551629274147284
pts:61253:430:IT1:2020,José Callejón,ACF Fiorentina,2020,FW,train,performance,target_role_performance_index,mean_only,train,-0.4732179504159932,0.020851874743619738,0.020851874743619738,-0.4940698251596129,0.4940698251596129
pts:82009:162:FR1:2020,Kevin Volland,AS Monaco,2020,FW,train,performance,target_role_performance_index,mean_only,train,0.2147989263625239,0.020851874743619738,0.020851874743619738,0.19394705161890416,0.19394705161890416
pts:88682:1041:FR1:2020,Mattia De Sciglio,Olympique Lyon,2020,DF,train,performance,target_role_performance_index,mean_only,train,0.1045967989973708,0.020851874743619738,0.020851874743619738,0.08374492425375106,0.08374492425375106
pts:88683:252:IT1:2020,Mattia Destro,Genoa CFC,2020,FW,train,performance,target_role_performance_index,mean_only,train,0.0648934635422133,0.020851874743619738,0.020851874743619738,0.04404158879859356,0.04404158879859356
pts:94201:89:L1:2020,Robin Knoche,1.FC Union Berlin,2020,DF,train,performance,target_role_performance_index,mean_only,train,-0.1173941898552407,0.020851874743619738,0.020851874743619738,-0.13824606459886044,0.13824606459886044
pts:111630:368:ES1:2021,Érik Lamela,Sevilla FC,2021,FW,train,performance,target_role_performance_index,mean_only,train,0.3417258592431989,0.020851874743619738,0.020851874743619738,0.3208739844995792,0.3208739844995792
pts:112935:3:L1:2021,Mark Uth,1.FC Köln,2021,MF,train,performance,target_role_performance_index,mean_only,train,0.2769645573822479,0.020851874743619738,0.020851874743619738,0.2561126826386282,0.2561126826386282
pts:121477:379:GB1:2021,Craig Dawson,West Ham United,2021,DF,train,performance,target_role_performance_index,mean_only,train,0.0539409100484652,0.020851874743619738,0.020851874743619738,0.03308903530484546,0.03308903530484546
pts:122797:417:FR1:2021,Andy Delort,OGC Nice,2021,FW,train,performance,target_role_performance_index,mean_only,train,0.2198922388550678,0.020851874743619738,0.020851874743619738,0.19904036411144807,0.19904036411144807
pts:124715:252:IT1:2021,Nikola Maksimović,Genoa CFC,2021,DF,train,performance,target_role_performance_index,mean_only,train,-0.0816290765926357,0.020851874743619738,0.020851874743619738,-0.10248095133625544,0.10248095133625544
pts:126673:1025:IT1:2021,Adama Soumaoro,Bologna FC 1909,2021,DF,train,performance,target_role_performance_index,mean_only,train,-0.1439177378434815,0.020851874743619738,0.020851874743619738,-0.16476961258710124,0.16476961258710124
pts:127032:1050:ES1:2021,Serge Aurier,Villarreal CF,2021,DF,train,performance,target_role_performance_index,mean_only,train,-0.0015989407983626,0.020851874743619738,0.020851874743619738,-0.02245081554198234,0.02245081554198234
pts:130365:5:IT1:2021,Alessandro Florenzi,AC Milan,2021,DF,train,performance,target_role_performance_index,mean_only,train,0.1894664109979056,0.020851874743619738,0.020851874743619738,0.16861453625428585,0.16861453625428585
pts:131951:276:IT1:2021,Kevin Lasagna,Hellas Verona,2021,MF,train,performance,target_role_performance_index,mean_only,train,-0.0136922078930489,0.020851874743619738,0.020851874743619738,-0.03454408263666864,0.03454408263666864
pts:134294:405:GB1:2021,Danny Ings,Aston Villa,2021,FW,train,performance,target_role_performance_index,mean_only,train,-0.1457676404669584,0.020851874743619738,0.020851874743619738,-0.16661951521057813,0.16661951521057813
pts:135492:150:ES1:2021,Youssouf Sabaly,Real Betis Balompié,2021,DF,train,performance,target_role_performance_index,mean_only,train,-0.0361071044456007,0.020851874743619738,0.020851874743619738,-0.05695897918922044,0.05695897918922044
pts:14086:405:GB1:2021,Ashley Young,Aston Villa,2021,DF,train,performance,target_role_performance_index,mean_only,train,-0.2591771795718305,0.020851874743619738,0.020851874743619738,-0.2800290543154502,0.2800290543154502
pts:146752:276:IT1:2021,Gianluca Caprari,Hellas Verona,2021,MF,train,performance,target_role_performance_index,mean_only,train,0.5492209074180977,0.020851874743619738,0.020851874743619738,0.528369032674478,0.528369032674478
pts:159844:24:L1:2021,Christopher Lenz,Eintracht Frankfurt,2021,DF,train,performance,target_role_performance_index,mean_only,train,0.3047625210451571,0.020851874743619738,0.020851874743619738,0.2839106463015374,0.2839106463015374
pts:164770:985:GB1:2021,Raphaël Varane,Manchester United,2021,DF,train,performance,target_role_performance_index,mean_only,train,0.0068166288182674,0.020851874743619738,0.020851874743619738,-0.014035245925352338,0.014035245925352338
pts:173900:1049:ES1:2021,Hélder Costa,Valencia CF,2021,MF,train,performance,target_role_performance_index,mean_only,train,-0.1933665806632075,0.020851874743619738,0.020851874743619738,-0.21421845540682724,0.21421845540682724
pts:178313:667:FR1:2021,Jean-Eudes Aholou,RC Strasbourg Alsace,2021,MF,train,performance,target_role_performance_index,mean_only,train,-0.2024012659748693,0.020851874743619738,0.020851874743619738,-0.22325314071848903,0.22325314071848903
pts:181378:273:FR1:2021,Gaëtan Laborde,Stade Rennais FC,2021,FW,train,performance,target_role_performance_index,mean_only,train,0.1561903977378653,0.020851874743619738,0.020851874743619738,0.13533852299424556,0.13533852299424556
pts:182618:5:IT1:2021,Tiemoué Bakayoko,AC Milan,2021,MF,train,performance,target_role_performance_index,mean_only,train,-0.2131398990837786,0.020851874743619738,0.020851874743619738,-0.23399177382739833,0.23399177382739833
pts:199369:3709:ES1:2021,Sandro Ramírez,Getafe CF,2021,FW,train,performance,target_role_performance_index,mean_only,train,-0.2634356513108503,0.020851874743619738,0.020851874743619738,-0.28428752605447,0.28428752605447
pts:238752:1390:IT1:2021,Keita Baldé,Cagliari Calcio,2021,FW,train,performance,target_role_performance_index,mean_only,train,-0.2689925277828365,0.020851874743619738,0.020851874743619738,-0.2898444025264562,0.2898444025264562
pts:25488:1038:IT1:2021,Antonio Candreva,UC Sampdoria,2021,MF,train,performance,target_role_performance_index,mean_only,train,0.4489002926770559,0.020851874743619738,0.020851874743619738,0.4280484179334362,0.4280484179334362
pts:272261:276:IT1:2021,Antonín Barák,Hellas Verona,2021,MF,train,performance,target_role_performance_index,mean_only,train,0.1859514658363216,0.020851874743619738,0.020851874743619738,0.16509959109270186,0.16509959109270186
pts:27389:667:FR1:2021,Kévin Gameiro,RC Strasbourg Alsace,2021,FW,train,performance,target_role_performance_index,mean_only,train,0.1594682711175832,0.020851874743619738,0.020851874743619738,0.13861639637396345,0.13861639637396345
pts:279009:44:L1:2021,Marco Richter,Hertha BSC,2021,FW,train,performance,target_role_performance_index,mean_only,train,-0.2359438982073742,0.020851874743619738,0.020851874743619738,-0.25679577295099393,0.25679577295099393
pts:310458:276:IT1:2021,Giangiacomo Magnani,Hellas Verona,2021,DF,train,performance,target_role_performance_index,mean_only,train,0.1188697367430583,0.020851874743619738,0.020851874743619738,0.09801786199943856,0.09801786199943856
pts:315125:40:FR1:2021,Javairô Dilrosun,FC Girondins Bordeaux,2021,MF,train,performance,target_role_performance_index,mean_only,train,0.2284914689086314,0.020851874743619738,0.020851874743619738,0.20763959416501165,0.20763959416501165
pts:319160:3709:ES1:2021,Jakub Jankto,Getafe CF,2021,DF,train,performance,target_role_performance_index,mean_only,train,-0.345544785160429,0.020851874743619738,0.020851874743619738,-0.36639665990404874,0.36639665990404874
pts:344605:1003:GB1:2021,Boubakary Soumaré,Leicester City,2021,MF,train,performance,target_role_performance_index,mean_only,train,-0.3375876882032144,0.020851874743619738,0.020851874743619738,-0.3584395629468341,0.3584395629468341
pts:352392:667:FR1:2021,Lucas Perrin,RC Strasbourg Alsace,2021,DF,train,performance,target_role_performance_index,mean_only,train,0.183594828245179,0.020851874743619738,0.020851874743619738,0.16274295350155926,0.16274295350155926
pts:395083:1421:FR1:2021,Andrew Gravillon,Stade Reims,2021,DF,train,performance,target_role_performance_index,mean_only,train,-0.108516498857627,0.020851874743619738,0.020851874743619738,-0.12936837360124673,0.12936837360124673
pts:471474:331:ES1:2021,Javi Martínez,CA Osasuna,2021,MF,train,performance,target_role_performance_index,mean_only,train,-0.0932054086432752,0.020851874743619738,0.020851874743619738,-0.11405728338689494,0.11405728338689494
pts:47713:969:FR1:2021,Mamadou Sakho,Montpellier HSC,2021,DF,train,performance,target_role_performance_index,mean_only,train,0.061087696939246,0.020851874743619738,0.020851874743619738,0.040235822195626256,0.040235822195626256
pts:481084:1049:ES1:2021,Marcos André,Valencia CF,2021,FW,train,performance,target_role_performance_index,mean_only,train,-0.2465551947252444,0.020851874743619738,0.020851874743619738,-0.2674070694688641,0.2674070694688641
pts:61842:29:GB1:2021,Andros Townsend,Everton FC,2021,MF,train,performance,target_role_performance_index,mean_only,train,0.0990062878695013,0.020851874743619738,0.020851874743619738,0.07815441312588156,0.07815441312588156
pts:68864:1390:IT1:2021,Kevin Strootman,Cagliari Calcio,2021,MF,train,performance,target_role_performance_index,mean_only,train,-0.4060157082122301,0.020851874743619738,0.020851874743619738,-0.4268675829558498,0.4268675829558498
pts:73185:1531:ES1:2021,Lucas Pérez,Elche CF,2021,FW,train,performance,target_role_performance_index,mean_only,train,-0.4025994526039781,0.020851874743619738,0.020851874743619738,-0.42345132734759783,0.42345132734759783
pts:84765:1038:IT1:2021,Francesco Caputo,UC Sampdoria,2021,FW,train,performance,target_role_performance_index,mean_only,train,-0.09480178746041,0.020851874743619738,0.020851874743619738,-0.11565366220402974,0.11565366220402974
pts:85383:2687:ES1:2021,Rubén Sobrino,Cádiz CF,2021,FW,train,performance,target_role_performance_index,mean_only,train,-0.323480597360429,0.020851874743619738,0.020851874743619738,-0.3443324721040487,0.3443324721040487
pts:103565:969:FR1:2022,Wahbi Khazri,Montpellier HSC,2022,FW,validation,performance,target_role_performance_index,mean_only,train,-0.1013394104690975,0.020851874743619738,0.020851874743619738,-0.12219128521271724,0.12219128521271724
pts:125614:3:L1:2022,Sargis Adamyan,1.FC Köln,2022,FW,validation,performance,target_role_performance_index,mean_only,train,0.229805902355174,0.020851874743619738,0.020851874743619738,0.20895402761155427,0.20895402761155427
pts:128901:29:GB1:2022,Conor Coady,Everton FC,2022,DF,validation,performance,target_role_performance_index,mean_only,train,-0.3785154630184046,0.020851874743619738,0.020851874743619738,-0.3993673377620243,0.3993673377620243
pts:130360:276:IT1:2022,Simone Verdi,Hellas Verona,2022,MF,validation,performance,target_role_performance_index,mean_only,train,0.0169207875409273,0.020851874743619738,0.020851874743619738,-0.003931087202692439,0.003931087202692439
pts:131731:3522:IT1:2022,Mehdi Bourabia,Spezia Calcio,2022,MF,validation,performance,target_role_performance_index,mean_only,train,-0.1826584389222718,0.020851874743619738,0.020851874743619738,-0.20351031366589153,0.20351031366589153
pts:143559:237:ES1:2022,Matija Nastasić,RCD Mallorca,2022,DF,validation,performance,target_role_performance_index,mean_only,train,-0.1792306942126124,0.020851874743619738,0.020851874743619738,-0.20008256895623214,0.20008256895623214
pts:148368:5:IT1:2022,Divock Origi,AC Milan,2022,FW,validation,performance,target_role_performance_index,mean_only,train,-0.3029384871997348,0.020851874743619738,0.020851874743619738,-0.32379036194335453,0.32379036194335453
pts:162038:367:ES1:2022,Raúl de Tomás,Rayo Vallecano,2022,FW,validation,performance,target_role_performance_index,mean_only,train,0.0707166361944207,0.020851874743619738,0.020851874743619738,0.04986476145080096,0.04986476145080096
pts:164771:244:FR1:2022,Jordan Veretout,Olympique Marseille,2022,MF,validation,performance,target_role_performance_index,mean_only,train,0.2243038876827403,0.020851874743619738,0.020851874743619738,0.20345201293912055,0.20345201293912055
pts:178313:667:FR1:2022,Jean-Eudes Aholou,RC Strasbourg Alsace,2022,MF,validation,performance,target_role_performance_index,mean_only,train,-0.0843740642472896,0.020851874743619738,0.020851874743619738,-0.10522593899090935,0.10522593899090935
pts:179635:80:L1:2022,Philipp Förster,VfL Bochum,2022,MF,validation,performance,target_role_performance_index,mean_only,train,0.2497658783410802,0.020851874743619738,0.020851874743619738,0.22891400359746045,0.22891400359746045
pts:181378:417:FR1:2022,Gaëtan Laborde,OGC Nice,2022,FW,validation,performance,target_role_performance_index,mean_only,train,0.2475454724224724,0.020851874743619738,0.020851874743619738,0.22669359767885267,0.22669359767885267
pts:195171:1049:ES1:2022,Samu Castillejo,Valencia CF,2022,FW,validation,performance,target_role_performance_index,mean_only,train,0.1699031839183923,0.020851874743619738,0.020851874743619738,0.14905130917477255,0.14905130917477255
pts:197135:2687:ES1:2022,Joseba Zaldúa,Cádiz CF,2022,DF,validation,performance,target_role_performance_index,mean_only,train,-0.1515728594397394,0.020851874743619738,0.020851874743619738,-0.17242473418335913,0.17242473418335913
pts:197470:3522:IT1:2022,Mattia Caldara,Spezia Calcio,2022,DF,validation,performance,target_role_performance_index,mean_only,train,-0.053929175801981,0.020851874743619738,0.020851874743619738,-0.07478105054560073,0.07478105054560073
pts:203842:3522:IT1:2022,Viktor Kovalenko,Spezia Calcio,2022,MF,validation,performance,target_role_performance_index,mean_only,train,-0.3024909617593159,0.020851874743619738,0.020851874743619738,-0.3233428365029356,0.3233428365029356
pts:206912:826:FR1:2022,Jimmy Cabot,RC Lens,2022,DF,validation,performance,target_role_performance_index,mean_only,train,0.5148515066458027,0.020851874743619738,0.020851874743619738,0.493999631902183,0.493999631902183
pts:212391:1531:ES1:2022,Roger Martí,Elche CF,2022,FW,validation,performance,target_role_performance_index,mean_only,train,-0.5839693255127909,0.020851874743619738,0.020851874743619738,-0.6048212002564106,0.6048212002564106
pts:223725:3709:ES1:2022,Munir El Haddadi,Getafe CF,2022,MF,validation,performance,target_role_performance_index,mean_only,train,-0.1047755637388992,0.020851874743619738,0.020851874743619738,-0.12562743848251892,0.12562743848251892
pts:238868:331:ES1:2022,Rubén Peña,CA Osasuna,2022,DF,validation,performance,target_role_performance_index,mean_only,train,0.0208384231398112,0.020851874743619738,0.020851874743619738,-1.345160380853902e-05,1.345160380853902e-05
pts:247250:2687:ES1:2022,Rubén Alcaraz,Cádiz CF,2022,MF,validation,performance,target_role_performance_index,mean_only,train,-0.199243390393139,0.020851874743619738,0.020851874743619738,-0.22009526513675876,0.22009526513675876
pts:249126:1038:IT1:2022,Harry Winks,UC Sampdoria,2022,MF,validation,performance,target_role_performance_index,mean_only,train,-0.2963272863330561,0.020851874743619738,0.020851874743619738,-0.3171791610766758,0.3171791610766758
pts:25488:380:IT1:2022,Antonio Candreva,US Salernitana 1919,2022,MF,validation,performance,target_role_performance_index,mean_only,train,0.1284487868281881,0.020851874743619738,0.020851874743619738,0.10759691208456837,0.10759691208456837
pts:272261:430:IT1:2022,Antonín Barák,ACF Fiorentina,2022,MF,validation,performance,target_role_performance_index,mean_only,train,-0.2543604511855559,0.020851874743619738,0.020851874743619738,-0.2752123259291756,0.2752123259291756
pts:284884:940:ES1:2022,Óscar Rodríguez Arnaiz,Celta de Vigo,2022,MF,validation,performance,target_role_performance_index,mean_only,train,0.0663230384924339,0.020851874743619738,0.020851874743619738,0.04547116374881416,0.04547116374881416
pts:296879:3:L1:2022,Steffen Tigges,1.FC Köln,2022,FW,validation,performance,target_role_performance_index,mean_only,train,-0.2670915408350345,0.020851874743619738,0.020851874743619738,-0.2879434155786542,0.2879434155786542
pts:307519:2687:ES1:2022,Fede San Emeterio,Cádiz CF,2022,MF,validation,performance,target_role_performance_index,mean_only,train,-0.5438644742544602,0.020851874743619738,0.020851874743619738,-0.5647163489980799,0.5647163489980799
pts:309944:749:IT1:2022,Tyronne Ebuehi,FC Empoli,2022,DF,validation,performance,target_role_performance_index,mean_only,train,-0.3178260615169885,0.020851874743619738,0.020851874743619738,-0.3386779362606082,0.3386779362606082
pts:315332:39:L1:2022,Aymen Barkok,1.FSV Mainz 05,2022,MF,validation,performance,target_role_performance_index,mean_only,train,-0.0225196482254529,0.020851874743619738,0.020851874743619738,-0.04337152296907264,0.04337152296907264
pts:335147:380:IT1:2022,Junior Sambia,US Salernitana 1919,2022,DF,validation,performance,target_role_performance_index,mean_only,train,0.0660470361924331,0.020851874743619738,0.020851874743619738,0.04519516144881336,0.04519516144881336
pts:352392:667:FR1:2022,Lucas Perrin,RC Strasbourg Alsace,2022,DF,validation,performance,target_role_performance_index,mean_only,train,-0.0595903235360186,0.020851874743619738,0.020851874743619738,-0.08044219827963833,0.08044219827963833
pts:353796:380:IT1:2022,Giulio Maggiore,US Salernitana 1919,2022,MF,validation,performance,target_role_performance_index,mean_only,train,-0.3593241145595071,0.020851874743619738,0.020851874743619738,-0.3801759893031268,0.3801759893031268
pts:364133:416:IT1:2022,Pietro Pellegri,Torino FC,2022,FW,validation,performance,target_role_performance_index,mean_only,train,-0.2504288748753068,0.020851874743619738,0.020851874743619738,-0.2712807496189265,0.2712807496189265
pts:364857:969:FR1:2022,Falaye Sacko,Montpellier HSC,2022,DF,validation,performance,target_role_performance_index,mean_only,train,-0.1183029864594844,0.020851874743619738,0.020851874743619738,-0.13915486120310414,0.13915486120310414
pts:395083:1421:FR1:2022,Andrew Gravillon,Stade Reims,2022,DF,validation,performance,target_role_performance_index,mean_only,train,-0.0834131394023335,0.020851874743619738,0.020851874743619738,-0.10426501414595324,0.10426501414595324
pts:406806:380:IT1:2022,Emil Bohinen,US Salernitana 1919,2022,MF,validation,performance,target_role_performance_index,mean_only,train,-0.1951160848070837,0.020851874743619738,0.020851874743619738,-0.21596795955070344,0.21596795955070344
pts:459655:380:IT1:2022,Matteo Lovato,US Salernitana 1919,2022,DF,validation,performance,target_role_performance_index,mean_only,train,-0.3712782494072379,0.020851874743619738,0.020851874743619738,-0.39213012415085763,0.39213012415085763
pts:570817:1421:FR1:2022,Maxime Busi,Stade Reims,2022,DF,validation,performance,target_role_performance_index,mean_only,train,0.0690291732653499,0.020851874743619738,0.020851874743619738,0.04817729852173015,0.04817729852173015
pts:60542:3524:FR1:2022,Maxime Gonalons,Clermont Foot 63,2022,MF,validation,performance,target_role_performance_index,mean_only,train,-0.1998020065900159,0.020851874743619738,0.020851874743619738,-0.22065388133363564,0.22065388133363564
pts:623040:276:IT1:2022,Yayah Kallon,Hellas Verona,2022,MF,validation,performance,target_role_performance_index,mean_only,train,-0.0488668645685657,0.020851874743619738,0.020851874743619738,-0.06971873931218543,0.06971873931218543
pts:649452:244:FR1:2022,Issa Kaboré,Olympique Marseille,2022,DF,validation,performance,target_role_performance_index,mean_only,train,0.1059164898846723,0.020851874743619738,0.020851874743619738,0.08506461514105255,0.08506461514105255
pts:74810:1148:GB1:2022,Ben Mee,Brentford FC,2022,DF,validation,performance,target_role_performance_index,mean_only,train,-0.1890304924430426,0.020851874743619738,0.020851874743619738,-0.20988236718666234,0.20988236718666234
pts:80444:405:GB1:2022,Philippe Coutinho,Aston Villa,2022,MF,validation,performance,target_role_performance_index,mean_only,train,0.0189460447791729,0.020851874743619738,0.020851874743619738,-0.0019058299644468396,0.0019058299644468396
pts:81999:714:ES1:2022,Joselu,RCD Espanyol Barcelona,2022,FW,validation,performance,target_role_performance_index,mean_only,train,-0.109444842540966,0.020851874743619738,0.020851874743619738,-0.13029671728458572,0.13029671728458572
pts:84765:1038:IT1:2022,Francesco Caputo,UC Sampdoria,2022,FW,validation,performance,target_role_performance_index,mean_only,train,-0.5978411031963797,0.020851874743619738,0.020851874743619738,-0.6186929779399994,0.6186929779399994
pts:88683:749:IT1:2022,Mattia Destro,FC Empoli,2022,FW,validation,performance,target_role_performance_index,mean_only,train,-0.4700648022914896,0.020851874743619738,0.020851874743619738,-0.49091667703510933,0.49091667703510933
pts:127142:3911:FR1:2023,Jonas Martin,Stade Brestois 29,2023,MF,test,performance,target_role_performance_index,mean_only,train_plus_validation,-0.00148130828891,-0.005610863067874628,-0.005610863067874628,0.004129554778964628,0.004129554778964628
pts:14086:29:GB1:2023,Ashley Young,Everton FC,2023,DF,test,performance,target_role_performance_index,mean_only,train_plus_validation,-0.2625137035514288,-0.005610863067874628,-0.005610863067874628,-0.25690284048355416,0.25690284048355416
pts:148368:703:GB1:2023,Divock Origi,Nottingham Forest,2023,FW,test,performance,target_role_performance_index,mean_only,train_plus_validation,-0.460832821440339,-0.005610863067874628,-0.005610863067874628,-0.4552219583724644,0.4552219583724644
pts:182618:1158:FR1:2023,Tiemoué Bakayoko,FC Lorient,2023,MF,test,performance,target_role_performance_index,mean_only,train_plus_validation,-0.270841401120984,-0.005610863067874628,-0.005610863067874628,-0.26523053805310937,0.26523053805310937
pts:186988:167:L1:2023,Sven Michel,FC Augsburg,2023,FW,test,performance,target_role_performance_index,mean_only,train_plus_validation,-0.2851671838153846,-0.005610863067874628,-0.005610863067874628,-0.27955632074750997,0.27955632074750997
pts:195171:6574:IT1:2023,Samu Castillejo,US Sassuolo,2023,FW,test,performance,target_role_performance_index,mean_only,train_plus_validation,-0.0769929248487447,-0.005610863067874628,-0.005610863067874628,-0.07138206178087007,0.07138206178087007
pts:203842:749:IT1:2023,Viktor Kovalenko,FC Empoli,2023,MF,test,performance,target_role_performance_index,mean_only,train_plus_validation,-0.3093495601868569,-0.005610863067874628,-0.005610863067874628,-0.30373869711898227,0.30373869711898227
pts:241076:749:IT1:2023,Emmanuel Gyasi,FC Empoli,2023,DF,test,performance,target_role_performance_index,mean_only,train_plus_validation,-0.4470235837382667,-0.005610863067874628,-0.005610863067874628,-0.4414127206703921,0.4414127206703921
pts:251845:1049:ES1:2023,Sergi Canós,Valencia CF,2023,MF,test,performance,target_role_performance_index,mean_only,train_plus_validation,-0.0881567218352155,-0.005610863067874628,-0.005610863067874628,-0.08254585876734087,0.08254585876734087
pts:25488:380:IT1:2023,Antonio Candreva,US Salernitana 1919,2023,MF,test,performance,target_role_performance_index,mean_only,train_plus_validation,0.1326601085789186,-0.005610863067874628,-0.005610863067874628,0.13827097164679322,0.13827097164679322
pts:256429:2687:ES1:2023,Sergi Guardiola,Cádiz CF,2023,FW,test,performance,target_role_performance_index,mean_only,train_plus_validation,-0.0728241703356003,-0.005610863067874628,-0.005610863067874628,-0.06721330726772567,0.06721330726772567
pts:257751:749:IT1:2023,Simone Bastoni,FC Empoli,2023,MF,test,performance,target_role_performance_index,mean_only,train_plus_validation,-0.2311391897703687,-0.005610863067874628,-0.005610863067874628,-0.2255283267024941,0.2255283267024941
pts:266795:2687:ES1:2023,Gonzalo Escalante,Cádiz CF,2023,MF,test,performance,target_role_performance_index,mean_only,train_plus_validation,-0.3948103424541883,-0.005610863067874628,-0.005610863067874628,-0.38919947938631366,0.38919947938631366
pts:277635:2687:ES1:2023,Rominigue Kouamé,Cádiz CF,2023,MF,test,performance,target_role_performance_index,mean_only,train_plus_validation,-0.3521209568556113,-0.005610863067874628,-0.005610863067874628,-0.3465100937877367,0.3465100937877367
pts:279009:39:L1:2023,Marco Richter,1.FSV Mainz 05,2023,MF,test,performance,target_role_performance_index,mean_only,train_plus_validation,-0.0325745054200632,-0.005610863067874628,-0.005610863067874628,-0.026963642352188576,0.026963642352188576
pts:284884:3709:ES1:2023,Óscar Rodríguez Arnaiz,Getafe CF,2023,MF,test,performance,target_role_performance_index,mean_only,train_plus_validation,0.1596021542337691,-0.005610863067874628,-0.005610863067874628,0.16521301730164373,0.16521301730164373
pts:286779:2687:ES1:2023,Jorge Meré,Cádiz CF,2023,DF,test,performance,target_role_performance_index,mean_only,train_plus_validation,-0.4762030315375522,-0.005610863067874628,-0.005610863067874628,-0.4705921684696776,0.4705921684696776
pts:32113:2919:IT1:2023,Armando Izzo,AC Monza,2023,DF,test,performance,target_role_performance_index,mean_only,train_plus_validation,-0.1022226370685662,-0.005610863067874628,-0.005610863067874628,-0.09661177400069157,0.09661177400069157
pts:332179:2919:IT1:2023,Matteo Pessina,AC Monza,2023,MF,test,performance,target_role_performance_index,mean_only,train_plus_validation,-0.0809696478446083,-0.005610863067874628,-0.005610863067874628,-0.07535878477673368,0.07535878477673368
pts:344605:368:ES1:2023,Boubakary Soumaré,Sevilla FC,2023,MF,test,performance,target_role_performance_index,mean_only,train_plus_validation,-0.4284249111224513,-0.005610863067874628,-0.005610863067874628,-0.4228140480545767,0.4228140480545767
pts:364857:969:FR1:2023,Falaye Sacko,Montpellier HSC,2023,DF,test,performance,target_role_performance_index,mean_only,train_plus_validation,0.0187598712154383,-0.005610863067874628,-0.005610863067874628,0.024370734283312927,0.024370734283312927
pts:369267:3524:FR1:2023,Maximiliano Caufriez,Clermont Foot 63,2023,DF,test,performance,target_role_performance_index,mean_only,train_plus_validation,-0.0587395565092398,-0.005610863067874628,-0.005610863067874628,-0.05312869344136517,0.05312869344136517
pts:377219:1049:ES1:2023,Selim Amallah,Valencia CF,2023,FW,test,performance,target_role_performance_index,mean_only,train_plus_validation,-0.5279945220693149,-0.005610863067874628,-0.005610863067874628,-0.5223836590014402,0.5223836590014402
pts:396894:2687:ES1:2023,Maxi Gómez,Cádiz CF,2023,FW,test,performance,target_role_performance_index,mean_only,train_plus_validation,-0.8032613982861265,-0.005610863067874628,-0.005610863067874628,-0.7976505352182519,0.7976505352182519
pts:399543:1005:IT1:2023,Remi Oudin,US Lecce,2023,MF,test,performance,target_role_performance_index,mean_only,train_plus_validation,-0.0853559839110031,-0.005610863067874628,-0.005610863067874628,-0.07974512084312847,0.07974512084312847
pts:39983:89:L1:2023,Leonardo Bonucci,1.FC Union Berlin,2023,DF,test,performance,target_role_performance_index,mean_only,train_plus_validation,-0.2693724630343981,-0.005610863067874628,-0.005610863067874628,-0.2637615999665235,0.2637615999665235
pts:42412:985:GB1:2023,Jonny Evans,Manchester United,2023,DF,test,performance,target_role_performance_index,mean_only,train_plus_validation,-0.0482722990724062,-0.005610863067874628,-0.005610863067874628,-0.04266143600453157,0.04266143600453157
pts:442805:3302:ES1:2023,Iddrisu Baba,UD Almería,2023,MF,test,performance,target_role_performance_index,mean_only,train_plus_validation,-0.4866812707582281,-0.005610863067874628,-0.005610863067874628,-0.4810704076903535,0.4810704076903535
pts:456492:3:L1:2023,Faride Alidou,1.FC Köln,2023,FW,test,performance,target_role_performance_index,mean_only,train_plus_validation,-0.2906456254362946,-0.005610863067874628,-0.005610863067874628,-0.28503476236841996,0.28503476236841996
pts:468066:6195:IT1:2023,Jens Cajuste,SSC Napoli,2023,MF,test,performance,target_role_performance_index,mean_only,train_plus_validation,0.0216301521977361,-0.005610863067874628,-0.005610863067874628,0.027241015265610728,0.027241015265610728
pts:489611:749:IT1:2023,Filippo Ranocchia,FC Empoli,2023,MF,test,performance,target_role_performance_index,mean_only,train_plus_validation,-0.335205617493965,-0.005610863067874628,-0.005610863067874628,-0.3295947544260904,0.3295947544260904
pts:527698:367:ES1:2023,Kike Pérez,Rayo Vallecano,2023,MF,test,performance,target_role_performance_index,mean_only,train_plus_validation,-0.132927502100232,-0.005610863067874628,-0.005610863067874628,-0.12731663903235738,0.12731663903235738
pts:55769:2919:IT1:2023,Danilo D'Ambrosio,AC Monza,2023,DF,test,performance,target_role_performance_index,mean_only,train_plus_validation,-0.0111363817584316,-0.005610863067874628,-0.005610863067874628,-0.005525518690556972,0.005525518690556972
pts:66100:131:ES1:2023,Oriol Romeu,FC Barcelona,2023,MF,test,performance,target_role_performance_index,mean_only,train_plus_validation,0.0424009057521834,-0.005610863067874628,-0.005610863067874628,0.04801176882005803,0.04801176882005803
pts:81999:418:ES1:2023,Joselu,Real Madrid,2023,FW,test,performance,target_role_performance_index,mean_only,train_plus_validation,0.1171676941794814,-0.005610863067874628,-0.005610863067874628,0.12277855724735603,0.12277855724735603
pts:82009:89:L1:2023,Kevin Volland,1.FC Union Berlin,2023,FW,test,performance,target_role_performance_index,mean_only,train_plus_validation,-0.1787266116176786,-0.005610863067874628,-0.005610863067874628,-0.173115748549804,0.173115748549804
pts:82048:1005:IT1:2023,Nicola Sansone,US Lecce,2023,FW,test,performance,target_role_performance_index,mean_only,train_plus_validation,0.1944492591659974,-0.005610863067874628,-0.005610863067874628,0.200060122233872,0.200060122233872
pts:82503:367:ES1:2023,Aridane Hernández,Rayo Vallecano,2023,DF,test,performance,target_role_performance_index,mean_only,train_plus_validation,-0.4059393287007372,-0.005610863067874628,-0.005610863067874628,-0.40032846563286256,0.40032846563286256
pts:84765:749:IT1:2023,Francesco Caputo,FC Empoli,2023,FW,test,performance,target_role_performance_index,mean_only,train_plus_validation,-0.570834149022457,-0.005610863067874628,-0.005610863067874628,-0.5652232859545824,0.5652232859545824
pts:103565:618:FR1:2018,Wahbi Khazri,AS Saint-Étienne,2018,FW,train,performance,target_role_performance_index,player_history_baseline,train,0.3041539340089529,0.062333779928997884,0.062333779928997884,0.24182015407995502,0.24182015407995502
pts:111347:1038:IT1:2018,Lorenzo Tonelli,UC Sampdoria,2018,DF,train,performance,target_role_performance_index,player_history_baseline,train,0.1112075644029801,0.1014719016929439,0.1014719016929439,0.009735662710036203,0.009735662710036203
pts:112935:33:L1:2018,Mark Uth,FC Schalke 04,2018,FW,train,performance,target_role_performance_index,player_history_baseline,train,-0.1841626894846911,-0.010347250695659085,-0.010347250695659085,-0.17381543878903202,0.17381543878903202
pts:122797:969:FR1:2018,Andy Delort,Montpellier HSC,2018,FW,train,performance,target_role_performance_index,player_history_baseline,train,0.1808325900482747,-0.04912191781842601,-0.04912191781842601,0.2299545078667007,0.2299545078667007
pts:124902:6574:IT1:2018,Khouma Babacar,US Sassuolo,2018,FW,train,performance,target_role_performance_index,player_history_baseline,train,0.0579374383596508,-0.014020525126352563,-0.014020525126352563,0.07195796348600336,0.07195796348600336
pts:126719:583:FR1:2018,Juan Bernat,Paris Saint-Germain,2018,DF,train,performance,target_role_performance_index,player_history_baseline,train,-0.0037102823770018,0.00750454838309317,0.00750454838309317,-0.01121483076009497,0.01121483076009497
pts:127076:82:L1:2018,Jérôme Roussillon,VfL Wolfsburg,2018,DF,train,performance,target_role_performance_index,player_history_baseline,train,0.1917052815835221,0.23754468485771787,0.23754468485771787,-0.04583940327419578,0.04583940327419578
pts:129476:1010:GB1:2018,Gerard Deulofeu,Watford FC,2018,FW,train,performance,target_role_performance_index,player_history_baseline,train,0.3513178381269513,0.08296574791402395,0.08296574791402395,0.26835209021292733,0.26835209021292733
pts:130360:6195:IT1:2018,Simone Verdi,SSC Napoli,2018,MF,train,performance,target_role_performance_index,player_history_baseline,train,0.858747062429747,0.21879502418404248,0.21879502418404248,0.6399520382457045,0.6399520382457045
pts:134294:180:GB1:2018,Danny Ings,Southampton FC,2018,FW,train,performance,target_role_performance_index,player_history_baseline,train,0.1566569845740537,0.015939731144812237,0.015939731144812237,0.14071725342924146,0.14071725342924146
pts:163222:1038:IT1:2018,Grégoire Defrel,UC Sampdoria,2018,FW,train,performance,target_role_performance_index,player_history_baseline,train,0.0845164402134746,-0.060003385798981304,-0.060003385798981304,0.1445198260124559,0.1445198260124559
pts:170544:417:FR1:2018,Christophe Hérelle,OGC Nice,2018,DF,train,performance,target_role_performance_index,player_history_baseline,train,0.1370493414042787,-0.08274257816982591,-0.08274257816982591,0.21979191957410463,0.21979191957410463
pts:170953:1420:FR1:2018,Stéphane Bahoken,Angers SCO,2018,FW,train,performance,target_role_performance_index,player_history_baseline,train,-0.1691739755372407,-0.10254937573094702,-0.10254937573094702,-0.06662459980629368,0.06662459980629368
pts:178313:162:FR1:2018,Jean-Eudes Aholou,AS Monaco,2018,MF,train,performance,target_role_performance_index,player_history_baseline,train,-0.1574078128793666,-0.06439701071944799,-0.06439701071944799,-0.0930108021599186,0.0930108021599186
pts:181378:969:FR1:2018,Gaëtan Laborde,Montpellier HSC,2018,FW,train,performance,target_role_performance_index,player_history_baseline,train,0.0153341113872372,-0.05931487063560059,-0.05931487063560059,0.07464898202283779,0.07464898202283779
pts:182618:5:IT1:2018,Tiemoué Bakayoko,AC Milan,2018,MF,train,performance,target_role_performance_index,player_history_baseline,train,0.0393746985307545,-0.07022415973620437,-0.07022415973620437,0.10959885826695887,0.10959885826695887
pts:183031:416:IT1:2018,Koffi Djidji,Torino FC,2018,DF,train,performance,target_role_performance_index,player_history_baseline,train,-0.054465238894998,-0.1623488745141405,-0.1623488745141405,0.10788363561914252,0.10788363561914252
pts:195171:5:IT1:2018,Samu Castillejo,AC Milan,2018,FW,train,performance,target_role_performance_index,player_history_baseline,train,0.3635140814820244,0.17429077089192632,0.17429077089192632,0.1892233105900981,0.1892233105900981
pts:199258:2722:IT1:2018,Andrea Petagna,SPAL,2018,FW,train,performance,target_role_performance_index,player_history_baseline,train,0.0291936988125476,-0.024668646572143096,-0.024668646572143096,0.053862345384690695,0.053862345384690695
pts:199369:681:ES1:2018,Sandro Ramírez,Real Sociedad,2018,FW,train,performance,target_role_performance_index,player_history_baseline,train,-0.0482929090056028,-0.06979154889361568,-0.06979154889361568,0.02149863988801288,0.02149863988801288
pts:236041:1416:FR1:2018,Alexis Blin,Amiens SC,2018,MF,train,performance,target_role_performance_index,player_history_baseline,train,-0.393372173666879,-0.11092323142901153,-0.11092323142901153,-0.28244894223786743,0.28244894223786743
pts:236400:1041:FR1:2018,Leo Dubois,Olympique Lyon,2018,DF,train,performance,target_role_performance_index,player_history_baseline,train,0.4817217129810304,0.29253993875763606,0.29253993875763606,0.18918177422339433,0.18918177422339433
pts:238752:46:IT1:2018,Keita Baldé,Inter Milan,2018,FW,train,performance,target_role_performance_index,player_history_baseline,train,0.7458406862200981,-0.004844976043896047,-0.004844976043896047,0.7506856622639941,0.7506856622639941
pts:241229:244:FR1:2018,Jordan Amavi,Olympique Marseille,2018,DF,train,performance,target_role_performance_index,player_history_baseline,train,0.369046608259886,0.08302925696880105,0.08302925696880105,0.28601735129108496,0.28601735129108496
pts:27389:1049:ES1:2018,Kévin Gameiro,Valencia CF,2018,FW,train,performance,target_role_performance_index,player_history_baseline,train,0.1686547492862924,-0.01129098341274232,-0.01129098341274232,0.17994573269903472,0.17994573269903472
pts:28140:415:FR1:2018,Max Gradel,FC Toulouse,2018,FW,train,performance,target_role_performance_index,player_history_baseline,train,0.158774980077241,0.0902582562360947,0.0902582562360947,0.06851672384114631,0.06851672384114631
pts:302215:31:GB1:2018,Naby Keïta,Liverpool FC,2018,MF,train,performance,target_role_performance_index,player_history_baseline,train,0.536592661802569,0.3585712506443336,0.3585712506443336,0.17802141115823544,0.17802141115823544
pts:302991:3368:ES1:2018,Erick Cabaco,Levante UD,2018,DF,train,performance,target_role_performance_index,player_history_baseline,train,-0.1029243790804078,-0.17089597548836857,-0.17089597548836857,0.06797159640796077,0.06797159640796077
pts:319160:1038:IT1:2018,Jakub Jankto,UC Sampdoria,2018,MF,train,performance,target_role_performance_index,player_history_baseline,train,-0.0625204558325272,-0.0032119630396597043,-0.0032119630396597043,-0.0593084927928675,0.0593084927928675
pts:32113:416:IT1:2018,Armando Izzo,Torino FC,2018,DF,train,performance,target_role_performance_index,player_history_baseline,train,0.2637033662654292,0.019734871510072725,0.019734871510072725,0.24396849475535645,0.24396849475535645
pts:335147:969:FR1:2018,Junior Sambia,Montpellier HSC,2018,MF,train,performance,target_role_performance_index,player_history_baseline,train,0.2556425980655456,0.05061645305511943,0.05061645305511943,0.2050261450104262,0.2050261450104262
pts:34322:11:GB1:2018,Sokratis Papastathopoulos,Arsenal FC,2018,DF,train,performance,target_role_performance_index,player_history_baseline,train,-0.1533580110437272,0.13459152624888227,0.13459152624888227,-0.28794953729260947,0.28794953729260947
pts:38607:6574:IT1:2018,Federico Di Francesco,US Sassuolo,2018,FW,train,performance,target_role_performance_index,player_history_baseline,train,-0.0288794149804055,-0.1301749231667831,-0.1301749231667831,0.10129550818637761,0.10129550818637761
pts:39983:506:IT1:2018,Leonardo Bonucci,Juventus FC,2018,DF,train,performance,target_role_performance_index,player_history_baseline,train,-0.1962002366866075,0.32178485604250434,0.32178485604250434,-0.5179850927291119,0.5179850927291119
pts:40633:398:IT1:2018,Milan Badelj,SS Lazio,2018,MF,train,performance,target_role_performance_index,player_history_baseline,train,0.1748605866813717,0.009407678887935679,0.009407678887935679,0.16545290779343602,0.16545290779343602
pts:42412:1003:GB1:2018,Jonny Evans,Leicester City,2018,DF,train,performance,target_role_performance_index,player_history_baseline,train,-0.1758134949208676,-0.03826465426990994,-0.03826465426990994,-0.13754884065095765,0.13754884065095765
pts:427161:667:FR1:2018,Lebo Mothiba,RC Strasbourg Alsace,2018,FW,train,performance,target_role_performance_index,player_history_baseline,train,-0.1138157845963087,-0.12211329744385499,-0.12211329744385499,0.00829751284754629,0.00829751284754629
pts:432772:162:FR1:2018,Samuel Grandsir,AS Monaco,2018,FW,train,performance,target_role_performance_index,player_history_baseline,train,-0.5715698706972046,0.04456050071947848,0.04456050071947848,-0.616130371416683,0.616130371416683
pts:44059:252:IT1:2018,Ervin Zukanović,Genoa CFC,2018,DF,train,performance,target_role_performance_index,player_history_baseline,train,-0.1646222074008978,-0.016598682130232658,-0.016598682130232658,-0.14802352527066515,0.14802352527066515
pts:483573:1108:ES1:2018,Martin Agirregabiria,Deportivo Alavés,2018,DF,train,performance,target_role_performance_index,player_history_baseline,train,-0.1823934400953612,-0.0994336007448486,-0.0994336007448486,-0.08295983935051261,0.08295983935051261
pts:56100:1237:GB1:2018,Leon Balogun,Brighton & Hove Albion,2018,DF,train,performance,target_role_performance_index,player_history_baseline,train,-0.4705336640970028,-0.2356149679570291,-0.2356149679570291,-0.2349186961399737,0.2349186961399737
pts:581781:2969:FR1:2018,Enzo Loiodice,Dijon FCO,2018,MF,train,performance,target_role_performance_index,player_history_baseline,train,-0.329793600679718,-0.15416047238455585,-0.15416047238455585,-0.17563312829516217,0.17563312829516217
pts:59631:162:FR1:2018,Nacer Chadli,AS Monaco,2018,MF,train,performance,target_role_performance_index,player_history_baseline,train,-0.2963145207082748,-0.10235486636304406,-0.10235486636304406,-0.19395965434523074,0.19395965434523074
pts:60542:368:ES1:2018,Maxime Gonalons,Sevilla FC,2018,MF,train,performance,target_role_performance_index,player_history_baseline,train,-0.4612730062133198,0.009986152245545696,0.009986152245545696,-0.4712591584588655,0.4712591584588655
pts:60577:416:IT1:2018,Nicolas Nkoulou,Torino FC,2018,DF,train,performance,target_role_performance_index,player_history_baseline,train,-0.3395372728886068,-0.13047606216947075,-0.13047606216947075,-0.20906121071913605,0.20906121071913605
pts:66934:873:GB1:2018,Cheikhou Kouyaté,Crystal Palace,2018,MF,train,performance,target_role_performance_index,player_history_baseline,train,-0.3611923432369344,-0.15502439268269544,-0.15502439268269544,-0.20616795055423895,0.20616795055423895
pts:68645:1237:GB1:2018,Martín Montoya,Brighton & Hove Albion,2018,DF,train,performance,target_role_performance_index,player_history_baseline,train,0.0048721877273013,0.04111636229127115,0.04111636229127115,-0.03624417456396985,0.03624417456396985
pts:68864:244:FR1:2018,Kevin Strootman,Olympique Marseille,2018,MF,train,performance,target_role_performance_index,player_history_baseline,train,0.0307533693679612,0.13034555915721494,0.13034555915721494,-0.09959218978925374,0.09959218978925374
pts:73185:379:GB1:2018,Lucas Pérez,West Ham United,2018,FW,train,performance,target_role_performance_index,player_history_baseline,train,-0.1253034101652141,0.03203896715426626,0.03203896715426626,-0.15734237731948036,0.15734237731948036
pts:73734:12:IT1:2018,Steven Nzonzi,AS Roma,2018,MF,train,performance,target_role_performance_index,player_history_baseline,train,-0.1661321307659419,0.06257046349183958,0.06257046349183958,-0.2287025942577815,0.2287025942577815
pts:74228:12321:ES1:2018,Marc Muniesa,Girona FC,2018,DF,train,performance,target_role_performance_index,player_history_baseline,train,0.107708822398592,-0.06362216921859863,-0.06362216921859863,0.17133099161719062,0.17133099161719062
pts:88909:1038:IT1:2018,Riccardo Saponara,UC Sampdoria,2018,MF,train,performance,target_role_performance_index,player_history_baseline,train,0.7582978245178351,0.08658467410996407,0.08658467410996407,0.671713150407871,0.671713150407871
pts:95641:1108:ES1:2018,Darko Brašanac,Deportivo Alavés,2018,MF,train,performance,target_role_performance_index,player_history_baseline,train,-0.5510778079678423,-0.0980472832579417,-0.0980472832579417,-0.45303052470990063,0.45303052470990063
pts:99232:410:IT1:2018,Marco D'Alessandro,Udinese Calcio,2018,DF,train,performance,target_role_performance_index,player_history_baseline,train,0.1842969108733486,-0.01828139771521624,-0.01828139771521624,0.20257830858856485,0.20257830858856485
pts:101213:6574:IT1:2019,Pedro Obiang,US Sassuolo,2019,MF,train,performance,target_role_performance_index,player_history_baseline,train,-0.0979479214814999,-0.07957960385143416,-0.07957960385143416,-0.018368317630065745,0.018368317630065745
pts:104752:6195:IT1:2019,Kostas Manolas,SSC Napoli,2019,DF,train,performance,target_role_performance_index,player_history_baseline,train,-0.2367578589613213,0.013510427276258567,0.013510427276258567,-0.25026828623757985,0.25026828623757985
pts:118284:969:FR1:2019,Jordan Ferri,Montpellier HSC,2019,MF,train,performance,target_role_performance_index,player_history_baseline,train,0.0697276421727726,0.09286689585872135,0.09286689585872135,-0.023139253685948755,0.023139253685948755
pts:122797:969:FR1:2019,Andy Delort,Montpellier HSC,2019,FW,train,performance,target_role_performance_index,player_history_baseline,train,0.173158741223359,0.1038563291373949,0.1038563291373949,0.0693024120859641,0.0693024120859641
pts:127156:969:FR1:2019,Téji Savanier,Montpellier HSC,2019,MF,train,performance,target_role_performance_index,player_history_baseline,train,0.3960058848195614,0.2488057914345451,0.2488057914345451,0.1472000933850163,0.1472000933850163
pts:130360:416:IT1:2019,Simone Verdi,Torino FC,2019,MF,train,performance,target_role_performance_index,player_history_baseline,train,0.2593490037520751,0.24269577358089747,0.24269577358089747,0.01665323017117762,0.01665323017117762
pts:131708:1244:ES1:2019,Kenneth Omeruo,CD Leganés,2019,DF,train,performance,target_role_performance_index,player_history_baseline,train,-0.1727434070068963,-0.20391782024963737,-0.20391782024963737,0.03117441324274106,0.03117441324274106
pts:134294:180:GB1:2019,Danny Ings,Southampton FC,2019,FW,train,performance,target_role_performance_index,player_history_baseline,train,0.3083376063063434,0.16904134663115813,0.16904134663115813,0.13929625967518525,0.13929625967518525
pts:146854:162:FR1:2019,Wissam Ben Yedder,AS Monaco,2019,FW,train,performance,target_role_performance_index,player_history_baseline,train,0.7814383174871057,0.32740458855749804,0.32740458855749804,0.45403372892960764,0.45403372892960764
pts:162056:3368:ES1:2019,Gonzalo Melero,Levante UD,2019,MF,train,performance,target_role_performance_index,player_history_baseline,train,-0.2311952698686556,0.0006727606304174107,0.0006727606304174107,-0.231868030499073,0.231868030499073
pts:163222:6574:IT1:2019,Grégoire Defrel,US Sassuolo,2019,FW,train,performance,target_role_performance_index,player_history_baseline,train,0.039103346138353,0.01268091629984139,0.01268091629984139,0.02642242983851161,0.02642242983851161
pts:164771:12:IT1:2019,Jordan Veretout,AS Roma,2019,MF,train,performance,target_role_performance_index,player_history_baseline,train,0.0423859915214062,0.1621307043178525,0.1621307043178525,-0.1197447127964463,0.1197447127964463
pts:165873:366:ES1:2019,Federico Barba,Real Valladolid CF,2019,DF,train,performance,target_role_performance_index,player_history_baseline,train,-0.0726684728501975,-0.06363108588539888,-0.06363108588539888,-0.00903738696479861,0.00903738696479861
pts:167859:252:IT1:2019,Stefano Sturaro,Genoa CFC,2019,MF,train,performance,target_role_performance_index,player_history_baseline,train,-0.1928694845921172,0.02902267505962071,0.02902267505962071,-0.22189215965173792,0.22189215965173792
pts:176139:1025:IT1:2019,Mattia Bani,Bologna FC 1909,2019,DF,train,performance,target_role_performance_index,player_history_baseline,train,0.0445697839472838,-0.1577268697020602,-0.1577268697020602,0.20229665364934402,0.20229665364934402
pts:178313:618:FR1:2019,Jean-Eudes Aholou,AS Saint-Étienne,2019,MF,train,performance,target_role_performance_index,player_history_baseline,train,-0.0915549367537312,-0.06344108348695933,-0.06344108348695933,-0.028113853266771877,0.028113853266771877
pts:182618:162:FR1:2019,Tiemoué Bakayoko,AS Monaco,2019,MF,train,performance,target_role_performance_index,player_history_baseline,train,-0.089304989026933,-0.021034442578203836,-0.021034442578203836,-0.06827054644872917,0.06827054644872917
pts:183031:416:IT1:2019,Koffi Djidji,Torino FC,2019,DF,train,performance,target_role_performance_index,player_history_baseline,train,0.1245697166140815,-0.13864055399373634,-0.13864055399373634,0.2632102706078179,0.2632102706078179
pts:199258:2722:IT1:2019,Andrea Petagna,SPAL,2019,FW,train,performance,target_role_performance_index,player_history_baseline,train,-0.1503420952518371,0.09277055597807198,0.09277055597807198,-0.24311265122990905,0.24311265122990905
pts:199369:366:ES1:2019,Sandro Ramírez,Real Valladolid CF,2019,FW,train,performance,target_role_performance_index,player_history_baseline,train,-0.1771960670539357,0.0768624557935729,0.0768624557935729,-0.2540585228475086,0.2540585228475086
pts:202278:273:FR1:2019,Flavien Tait,Stade Rennais FC,2019,MF,train,performance,target_role_performance_index,player_history_baseline,train,0.3816525343405798,0.27457777293653857,0.27457777293653857,0.10707476140404121,0.10707476140404121
pts:203496:150:ES1:2019,Nabil Fekir,Real Betis Balompié,2019,MF,train,performance,target_role_performance_index,player_history_baseline,train,0.3894847136314213,0.4883500507298735,0.4883500507298735,-0.09886533709845219,0.09886533709845219
pts:216179:46:IT1:2019,Stefano Sensi,Inter Milan,2019,MF,train,performance,target_role_performance_index,player_history_baseline,train,0.8155875503580285,0.1584056630055707,0.1584056630055707,0.6571818873524579,0.6571818873524579
pts:236041:1416:FR1:2019,Alexis Blin,Amiens SC,2019,MF,train,performance,target_role_performance_index,player_history_baseline,train,-0.4773761810971227,-0.16144866893977863,-0.16144866893977863,-0.31592751215734405,0.31592751215734405
pts:238868:1050:ES1:2019,Rubén Peña,Villarreal CF,2019,DF,train,performance,target_role_performance_index,player_history_baseline,train,0.1583142737873049,0.36102341743900546,0.36102341743900546,-0.20270914365170056,0.20270914365170056
pts:274484:1041:FR1:2019,Youssouf Koné,Olympique Lyon,2019,DF,train,performance,target_role_performance_index,player_history_baseline,train,-0.0862525597850108,0.07970388275797702,0.07970388275797702,-0.1659564425429878,0.1659564425429878
pts:288241:40:FR1:2019,Enock Kwateng,FC Girondins Bordeaux,2019,DF,train,performance,target_role_performance_index,player_history_baseline,train,0.3852162891055162,0.02711883229614975,0.02711883229614975,0.35809745680936644,0.35809745680936644
pts:319160:1038:IT1:2019,Jakub Jankto,UC Sampdoria,2019,MF,train,performance,target_role_performance_index,player_history_baseline,train,-0.0057360347569702,0.04464869200675059,0.04464869200675059,-0.05038472676372079,0.05038472676372079
pts:355501:12:IT1:2019,Amadou Diawara,AS Roma,2019,MF,train,performance,target_role_performance_index,player_history_baseline,train,-0.0985040563892463,0.07482237262532322,0.07482237262532322,-0.17332642901456952,0.17332642901456952
pts:38607:2722:IT1:2019,Federico Di Francesco,SPAL,2019,FW,train,performance,target_role_performance_index,player_history_baseline,train,-0.2011752222090324,-0.01789337824967092,-0.01789337824967092,-0.18328184395936148,0.18328184395936148
pts:396894:1049:ES1:2019,Maxi Gómez,Valencia CF,2019,FW,train,performance,target_role_performance_index,player_history_baseline,train,-0.3564033461795964,0.03323213133600892,0.03323213133600892,-0.38963547751560534,0.38963547751560534
pts:39728:16:L1:2019,Mats Hummels,Borussia Dortmund,2019,DF,train,performance,target_role_performance_index,player_history_baseline,train,0.3476476209553877,0.4110808210917501,0.4110808210917501,-0.06343320013636239,0.06343320013636239
pts:40633:430:IT1:2019,Milan Badelj,ACF Fiorentina,2019,MF,train,performance,target_role_performance_index,player_history_baseline,train,-0.0978317981188221,0.04632496911463205,0.04632496911463205,-0.14415676723345416,0.14415676723345416
pts:43512:86:L1:2019,Ömer Toprak,SV Werder Bremen,2019,DF,train,performance,target_role_performance_index,player_history_baseline,train,-0.1269577621972743,0.016635073914010957,0.016635073914010957,-0.14359283611128526,0.14359283611128526
pts:44466:24:L1:2019,Sebastian Rode,Eintracht Frankfurt,2019,MF,train,performance,target_role_performance_index,player_history_baseline,train,0.1619466186989109,-0.07868554712597108,-0.07868554712597108,0.24063216582488195,0.24063216582488195
pts:635336:995:FR1:2019,Imran Louza,FC Nantes,2019,MF,train,performance,target_role_performance_index,player_history_baseline,train,-0.0188679270151286,-0.1558537265458196,-0.1558537265458196,0.136985799530691,0.136985799530691
pts:64598:714:ES1:2019,Bernardo Espinosa,RCD Espanyol Barcelona,2019,DF,train,performance,target_role_performance_index,player_history_baseline,train,-0.2992002742296205,-0.14775868022656138,-0.14775868022656138,-0.1514415940030591,0.1514415940030591
pts:65318:1049:ES1:2019,Jaume Costa,Valencia CF,2019,DF,train,performance,target_role_performance_index,player_history_baseline,train,0.0165796337229033,0.1382420156239231,0.1382420156239231,-0.1216623819010198,0.1216623819010198
pts:73185:1108:ES1:2019,Lucas Pérez,Deportivo Alavés,2019,FW,train,performance,target_role_performance_index,player_history_baseline,train,-0.0556790194566498,-0.008157181905271593,-0.008157181905271593,-0.047521837551378204,0.047521837551378204
pts:74230:583:FR1:2019,Pablo Sarabia,Paris Saint-Germain,2019,FW,train,performance,target_role_performance_index,player_history_baseline,train,0.3612614105726639,0.3566235579763344,0.3566235579763344,0.004637852596329539,0.004637852596329539
pts:80444:27:L1:2019,Philippe Coutinho,Bayern Munich,2019,MF,train,performance,target_role_performance_index,player_history_baseline,train,1.289308734238629,0.4470778105439848,0.4470778105439848,0.8422309236946441,0.8422309236946441
pts:81999:1108:ES1:2019,Joselu,Deportivo Alavés,2019,FW,train,performance,target_role_performance_index,player_history_baseline,train,-0.147739273911164,-0.15671946872108497,-0.15671946872108497,0.00898019480992096,0.00898019480992096
pts:82048:1025:IT1:2019,Nicola Sansone,Bologna FC 1909,2019,FW,train,performance,target_role_performance_index,player_history_baseline,train,0.1448567167740087,0.09610304114726548,0.09610304114726548,0.04875367562674321,0.04875367562674321
pts:84765:6574:IT1:2019,Francesco Caputo,US Sassuolo,2019,FW,train,performance,target_role_performance_index,player_history_baseline,train,0.2577935631101145,-0.009192064519598846,-0.009192064519598846,0.26698562762971334,0.26698562762971334
pts:99232:2722:IT1:2019,Marco D'Alessandro,SPAL,2019,MF,train,performance,target_role_performance_index,player_history_baseline,train,-0.1851739538030094,0.07048798707169089,0.07048798707169089,-0.2556619408747003,0.2556619408747003
pts:111347:1038:IT1:2020,Lorenzo Tonelli,UC Sampdoria,2020,DF,train,performance,target_role_performance_index,player_history_baseline,train,-0.177224902008355,-0.06042195205292701,-0.06042195205292701,-0.11680294995542799,0.11680294995542799
pts:111961:368:ES1:2020,Suso,Sevilla FC,2020,FW,train,performance,target_role_performance_index,player_history_baseline,train,0.151914257949752,0.3096905090544535,0.3096905090544535,-0.1577762511047015,0.1577762511047015
pts:121477:379:GB1:2020,Craig Dawson,West Ham United,2020,DF,train,performance,target_role_performance_index,player_history_baseline,train,-0.1805599188050434,-0.10933738200625392,-0.10933738200625392,-0.07122253679878948,0.07122253679878948
pts:129476:410:IT1:2020,Gerard Deulofeu,Udinese Calcio,2020,FW,train,performance,target_role_performance_index,player_history_baseline,train,0.1760773506879751,0.09154385641190992,0.09154385641190992,0.08453349427606517,0.08453349427606517
pts:130360:416:IT1:2020,Simone Verdi,Torino FC,2020,MF,train,performance,target_role_performance_index,player_history_baseline,train,0.4151171459776127,0.22548087709335116,0.22548087709335116,0.18963626888426152,0.18963626888426152
pts:130365:583:FR1:2020,Alessandro Florenzi,Paris Saint-Germain,2020,DF,train,performance,target_role_performance_index,player_history_baseline,train,-0.1316760190797646,0.15423295383884159,0.15423295383884159,-0.2859089729186062,0.2859089729186062
pts:148262:762:GB1:2020,Jeff Hendrick,Newcastle United,2020,MF,train,performance,target_role_performance_index,player_history_baseline,train,-0.4458372138545901,-0.1968203590271201,-0.1968203590271201,-0.24901685482746996,0.24901685482746996
pts:163222:6574:IT1:2020,Grégoire Defrel,US Sassuolo,2020,MF,train,performance,target_role_performance_index,player_history_baseline,train,-0.0100060454022935,-0.040298571817028866,-0.040298571817028866,0.030292526414735364,0.030292526414735364
pts:164771:12:IT1:2020,Jordan Veretout,AS Roma,2020,MF,train,performance,target_role_performance_index,player_history_baseline,train,0.278775365176043,0.14727228557094021,0.14727228557094021,0.1315030796051028,0.1315030796051028
pts:170544:3911:FR1:2020,Christophe Hérelle,Stade Brestois 29,2020,DF,train,performance,target_role_performance_index,player_history_baseline,train,-0.04286835884112,0.055147108899788716,0.055147108899788716,-0.09801546774090872,0.09801546774090872
pts:176139:252:IT1:2020,Mattia Bani,Genoa CFC,2020,DF,train,performance,target_role_performance_index,player_history_baseline,train,-0.0742120873492362,-0.0686029213172006,-0.0686029213172006,-0.005609166032035609,0.005609166032035609
pts:178313:667:FR1:2020,Jean-Eudes Aholou,RC Strasbourg Alsace,2020,MF,train,performance,target_role_performance_index,player_history_baseline,train,-0.2721736678560519,-0.12744641923586517,-0.12744641923586517,-0.14472724862018674,0.14472724862018674
pts:182618:6195:IT1:2020,Tiemoué Bakayoko,SSC Napoli,2020,MF,train,performance,target_role_performance_index,player_history_baseline,train,-0.1854948372213373,-0.0902523963492908,-0.0902523963492908,-0.0952424408720465,0.0952424408720465
pts:182875:995:FR1:2020,Jean-Charles Castelletto,FC Nantes,2020,DF,train,performance,target_role_performance_index,player_history_baseline,train,-0.0557615046160552,-0.1089721412949615,-0.1089721412949615,0.05321063667890629,0.05321063667890629
pts:216179:46:IT1:2020,Stefano Sensi,Inter Milan,2020,MF,train,performance,target_role_performance_index,player_history_baseline,train,0.4807442099471353,0.2506174721553725,0.2506174721553725,0.2301267377917628,0.2301267377917628
pts:238752:1038:IT1:2020,Keita Baldé,UC Sampdoria,2020,FW,train,performance,target_role_performance_index,player_history_baseline,train,0.4924283460286408,0.02631161663826956,0.02631161663826956,0.4661167293903712,0.4661167293903712
pts:251896:16795:ES1:2020,Jesús Vallejo,Granada CF,2020,DF,train,performance,target_role_performance_index,player_history_baseline,train,-0.3531716708681887,-0.1969956827556199,-0.1969956827556199,-0.15617598811256878,0.15617598811256878
pts:25488:1038:IT1:2020,Antonio Candreva,UC Sampdoria,2020,MF,train,performance,target_role_performance_index,player_history_baseline,train,0.6952764647873328,0.297450691090037,0.297450691090037,0.3978257736972958,0.3978257736972958
pts:265763:347:FR1:2020,Thierry Ambrose,FC Metz,2020,FW,train,performance,target_role_performance_index,player_history_baseline,train,-0.2971358220859208,0.07590397700515283,0.07590397700515283,-0.37303979909107365,0.37303979909107365
pts:266795:398:IT1:2020,Gonzalo Escalante,SS Lazio,2020,MF,train,performance,target_role_performance_index,player_history_baseline,train,0.0290418495740172,-0.16851232418344614,-0.16851232418344614,0.19755417375746334,0.19755417375746334
pts:272261:276:IT1:2020,Antonín Barák,Hellas Verona,2020,MF,train,performance,target_role_performance_index,player_history_baseline,train,0.066936033847214,0.0330052349761787,0.0330052349761787,0.0339307988710353,0.0339307988710353
pts:282349:33:L1:2020,Timo Becker,FC Schalke 04,2020,DF,train,performance,target_role_performance_index,player_history_baseline,train,-0.2408332294326028,0.010886603799471149,0.010886603799471149,-0.2517198332320739,0.2517198332320739
pts:284595:1038:IT1:2020,Tommaso Augello,UC Sampdoria,2020,DF,train,performance,target_role_performance_index,player_history_baseline,train,-0.0450889023654918,0.06867679653675077,0.06867679653675077,-0.11376569890224256,0.11376569890224256
pts:284884:368:ES1:2020,Óscar Rodríguez Arnaiz,Sevilla FC,2020,MF,train,performance,target_role_performance_index,player_history_baseline,train,0.2412389004284352,0.21679460111512847,0.21679460111512847,0.024444299313306744,0.024444299313306744
pts:310458:276:IT1:2020,Giangiacomo Magnani,Hellas Verona,2020,DF,train,performance,target_role_performance_index,player_history_baseline,train,0.1077733207530889,0.00611851999985313,0.00611851999985313,0.10165480075323577,0.10165480075323577
pts:32467:368:ES1:2020,Ivan Rakitić,Sevilla FC,2020,MF,train,performance,target_role_performance_index,player_history_baseline,train,0.0186200129377294,0.07857695954914184,0.07857695954914184,-0.059956946611412446,0.059956946611412446
pts:332179:800:IT1:2020,Matteo Pessina,Atalanta BC,2020,MF,train,performance,target_role_performance_index,player_history_baseline,train,0.168074008265223,0.04458205192138849,0.04458205192138849,0.12349195634383452,0.12349195634383452
pts:340328:969:FR1:2020,Stephy Mavididi,Montpellier HSC,2020,FW,train,performance,target_role_performance_index,player_history_baseline,train,-0.135676210559173,-0.05109305060117067,-0.05109305060117067,-0.08458315995800234,0.08458315995800234
pts:40633:252:IT1:2020,Milan Badelj,Genoa CFC,2020,MF,train,performance,target_role_performance_index,player_history_baseline,train,0.1103432659308327,-0.05623724233387528,-0.05623724233387528,0.166580508264708,0.166580508264708
pts:43512:86:L1:2020,Ömer Toprak,SV Werder Bremen,2020,DF,train,performance,target_role_performance_index,player_history_baseline,train,0.0222320810772964,-0.041793278851319685,-0.041793278851319685,0.06402535992861608,0.06402535992861608
pts:43530:1237:GB1:2020,Adam Lallana,Brighton & Hove Albion,2020,MF,train,performance,target_role_performance_index,player_history_baseline,train,0.0335294164330063,-0.009043224119623702,-0.009043224119623702,0.04257264055263,0.04257264055263
pts:44162:131:ES1:2020,Miralem Pjanić,FC Barcelona,2020,MF,train,performance,target_role_performance_index,player_history_baseline,train,0.4661024794013784,0.3541547460488846,0.3541547460488846,0.1119477333524938,0.1119477333524938
pts:468002:379:GB1:2020,Ben Johnson,West Ham United,2020,DF,train,performance,target_role_performance_index,player_history_baseline,train,-0.1054774607363679,-0.018122883689271247,-0.018122883689271247,-0.08735457704709666,0.08735457704709666
pts:481834:1390:IT1:2020,Andrea Carboni,Cagliari Calcio,2020,DF,train,performance,target_role_performance_index,player_history_baseline,train,0.1583543771798709,-0.1307278317767606,-0.1307278317767606,0.2890822089566315,0.2890822089566315
pts:505194:1003:GB1:2020,Luke Thomas,Leicester City,2020,DF,train,performance,target_role_performance_index,player_history_baseline,train,-0.1326452195432096,-0.05242298124969649,-0.05242298124969649,-0.0802222382935131,0.0802222382935131
pts:527698:366:ES1:2020,Kike Pérez,Real Valladolid CF,2020,MF,train,performance,target_role_performance_index,player_history_baseline,train,-0.2012546686415215,-0.12769342522311242,-0.12769342522311242,-0.07356124341840908,0.07356124341840908
pts:56810:1038:IT1:2020,Adrien Silva,UC Sampdoria,2020,MF,train,performance,target_role_performance_index,player_history_baseline,train,-0.1856452628507144,-0.016728923270278962,-0.016728923270278962,-0.16891633958043542,0.16891633958043542
pts:56818:417:FR1:2020,Morgan Schneiderlin,OGC Nice,2020,MF,train,performance,target_role_performance_index,player_history_baseline,train,-0.2311907659698079,-0.21269570442547756,-0.21269570442547756,-0.018495061544330338,0.018495061544330338
pts:569866:681:ES1:2020,Roberto López,Real Sociedad,2020,MF,train,performance,target_role_performance_index,player_history_baseline,train,0.1248109659964475,0.19723401402620352,0.19723401402620352,-0.07242304802975602,0.07242304802975602
pts:57280:430:IT1:2020,Giacomo Bonaventura,ACF Fiorentina,2020,MF,train,performance,target_role_performance_index,player_history_baseline,train,-0.0124280663319996,0.10783765503609703,0.10783765503609703,-0.12026572136809663,0.12026572136809663
pts:58396:86:L1:2020,Christian Groß,SV Werder Bremen,2020,MF,train,performance,target_role_performance_index,player_history_baseline,train,-0.4321081644309462,-0.15072167459820143,-0.15072167459820143,-0.2813864898327447,0.2813864898327447
pts:60444:31:GB1:2020,Thiago Alcántara,Liverpool FC,2020,MF,train,performance,target_role_performance_index,player_history_baseline,train,0.3663567928617925,0.3177817440698137,0.3177817440698137,0.048575048791978825,0.048575048791978825
pts:60542:16795:ES1:2020,Maxime Gonalons,Granada CF,2020,MF,train,performance,target_role_performance_index,player_history_baseline,train,-0.2746644179978531,-0.1762865470410256,-0.1762865470410256,-0.09837787095682754,0.09837787095682754
pts:61253:430:IT1:2020,José Callejón,ACF Fiorentina,2020,FW,train,performance,target_role_performance_index,player_history_baseline,train,-0.4732179504159932,0.020931104140476595,0.020931104140476595,-0.4941490545564698,0.4941490545564698
pts:82009:162:FR1:2020,Kevin Volland,AS Monaco,2020,FW,train,performance,target_role_performance_index,player_history_baseline,train,0.2147989263625239,0.12010093579695648,0.12010093579695648,0.09469799056556742,0.09469799056556742
pts:88682:1041:FR1:2020,Mattia De Sciglio,Olympique Lyon,2020,DF,train,performance,target_role_performance_index,player_history_baseline,train,0.1045967989973708,-0.02768534185754289,-0.02768534185754289,0.1322821408549137,0.1322821408549137
pts:88683:252:IT1:2020,Mattia Destro,Genoa CFC,2020,FW,train,performance,target_role_performance_index,player_history_baseline,train,0.0648934635422133,-0.14221846557372542,-0.14221846557372542,0.20711192911593873,0.20711192911593873
pts:94201:89:L1:2020,Robin Knoche,1.FC Union Berlin,2020,DF,train,performance,target_role_performance_index,player_history_baseline,train,-0.1173941898552407,-0.05487089440742007,-0.05487089440742007,-0.06252329544782062,0.06252329544782062
pts:111630:368:ES1:2021,Érik Lamela,Sevilla FC,2021,FW,train,performance,target_role_performance_index,player_history_baseline,train,0.3417258592431989,0.03318074311638997,0.03318074311638997,0.30854511612680896,0.30854511612680896
pts:112935:3:L1:2021,Mark Uth,1.FC Köln,2021,MF,train,performance,target_role_performance_index,player_history_baseline,train,0.2769645573822479,0.0010296176765814784,0.0010296176765814784,0.2759349397056664,0.2759349397056664
pts:121477:379:GB1:2021,Craig Dawson,West Ham United,2021,DF,train,performance,target_role_performance_index,player_history_baseline,train,0.0539409100484652,-0.06860311111547253,-0.06860311111547253,0.12254402116393773,0.12254402116393773
pts:122797:417:FR1:2021,Andy Delort,OGC Nice,2021,FW,train,performance,target_role_performance_index,player_history_baseline,train,0.2198922388550678,0.10422052132077267,0.10422052132077267,0.11567171753429514,0.11567171753429514
pts:124715:252:IT1:2021,Nikola Maksimović,Genoa CFC,2021,DF,train,performance,target_role_performance_index,player_history_baseline,train,-0.0816290765926357,-0.1425227345354827,-0.1425227345354827,0.060893657942847,0.060893657942847
pts:126673:1025:IT1:2021,Adama Soumaoro,Bologna FC 1909,2021,DF,train,performance,target_role_performance_index,player_history_baseline,train,-0.1439177378434815,-0.16019551368605212,-0.16019551368605212,0.01627777584257062,0.01627777584257062
pts:127032:1050:ES1:2021,Serge Aurier,Villarreal CF,2021,DF,train,performance,target_role_performance_index,player_history_baseline,train,-0.0015989407983626,-0.01066720160642547,-0.01066720160642547,0.00906826080806287,0.00906826080806287
pts:130365:5:IT1:2021,Alessandro Florenzi,AC Milan,2021,DF,train,performance,target_role_performance_index,player_history_baseline,train,0.1894664109979056,0.18860604092741912,0.18860604092741912,0.000860370070486477,0.000860370070486477
pts:131951:276:IT1:2021,Kevin Lasagna,Hellas Verona,2021,MF,train,performance,target_role_performance_index,player_history_baseline,train,-0.0136922078930489,-0.07821693086562129,-0.07821693086562129,0.06452472297257239,0.06452472297257239
pts:134294:405:GB1:2021,Danny Ings,Aston Villa,2021,FW,train,performance,target_role_performance_index,player_history_baseline,train,-0.1457676404669584,0.11609012938913296,0.11609012938913296,-0.2618577698560913,0.2618577698560913
pts:135492:150:ES1:2021,Youssouf Sabaly,Real Betis Balompié,2021,DF,train,performance,target_role_performance_index,player_history_baseline,train,-0.0361071044456007,0.017305113629400945,0.017305113629400945,-0.05341221807500165,0.05341221807500165
pts:14086:405:GB1:2021,Ashley Young,Aston Villa,2021,DF,train,performance,target_role_performance_index,player_history_baseline,train,-0.2591771795718305,0.11029470748754458,0.11029470748754458,-0.36947188705937506,0.36947188705937506
pts:146752:276:IT1:2021,Gianluca Caprari,Hellas Verona,2021,MF,train,performance,target_role_performance_index,player_history_baseline,train,0.5492209074180977,0.1544289148369488,0.1544289148369488,0.39479199258114894,0.39479199258114894
pts:159844:24:L1:2021,Christopher Lenz,Eintracht Frankfurt,2021,DF,train,performance,target_role_performance_index,player_history_baseline,train,0.3047625210451571,0.0654548576153083,0.0654548576153083,0.23930766342984883,0.23930766342984883
pts:164770:985:GB1:2021,Raphaël Varane,Manchester United,2021,DF,train,performance,target_role_performance_index,player_history_baseline,train,0.0068166288182674,0.07511938961031303,0.07511938961031303,-0.06830276079204563,0.06830276079204563
pts:173900:1049:ES1:2021,Hélder Costa,Valencia CF,2021,MF,train,performance,target_role_performance_index,player_history_baseline,train,-0.1933665806632075,-0.07808434148318465,-0.07808434148318465,-0.11528223918002285,0.11528223918002285
pts:178313:667:FR1:2021,Jean-Eudes Aholou,RC Strasbourg Alsace,2021,MF,train,performance,target_role_performance_index,player_history_baseline,train,-0.2024012659748693,-0.16506743559662373,-0.16506743559662373,-0.03733383037824556,0.03733383037824556
pts:181378:273:FR1:2021,Gaëtan Laborde,Stade Rennais FC,2021,FW,train,performance,target_role_performance_index,player_history_baseline,train,0.1561903977378653,0.06631951498006954,0.06631951498006954,0.08987088275779577,0.08987088275779577
pts:182618:5:IT1:2021,Tiemoué Bakayoko,AC Milan,2021,MF,train,performance,target_role_performance_index,player_history_baseline,train,-0.2131398990837786,-0.11478067923530977,-0.11478067923530977,-0.09835921984846882,0.09835921984846882
pts:199369:3709:ES1:2021,Sandro Ramírez,Getafe CF,2021,FW,train,performance,target_role_performance_index,player_history_baseline,train,-0.2634356513108503,-0.013288489155280182,-0.013288489155280182,-0.2501471621555701,0.2501471621555701
pts:238752:1390:IT1:2021,Keita Baldé,Cagliari Calcio,2021,FW,train,performance,target_role_performance_index,player_history_baseline,train,-0.2689925277828365,0.07629198884080482,0.07629198884080482,-0.34528451662364135,0.34528451662364135
pts:25488:1038:IT1:2021,Antonio Candreva,UC Sampdoria,2021,MF,train,performance,target_role_performance_index,player_history_baseline,train,0.4489002926770559,0.1993270541378014,0.1993270541378014,0.24957323853925448,0.24957323853925448
pts:272261:276:IT1:2021,Antonín Barák,Hellas Verona,2021,MF,train,performance,target_role_performance_index,player_history_baseline,train,0.1859514658363216,0.06978107925104501,0.06978107925104501,0.11617038658527659,0.11617038658527659
pts:27389:667:FR1:2021,Kévin Gameiro,RC Strasbourg Alsace,2021,FW,train,performance,target_role_performance_index,player_history_baseline,train,0.1594682711175832,-0.13743442488153332,-0.13743442488153332,0.2969026959991165,0.2969026959991165
pts:279009:44:L1:2021,Marco Richter,Hertha BSC,2021,FW,train,performance,target_role_performance_index,player_history_baseline,train,-0.2359438982073742,0.051347852170898406,0.051347852170898406,-0.2872917503782726,0.2872917503782726
pts:310458:276:IT1:2021,Giangiacomo Magnani,Hellas Verona,2021,DF,train,performance,target_role_performance_index,player_history_baseline,train,0.1188697367430583,-0.16942710608778083,-0.16942710608778083,0.2882968428308391,0.2882968428308391
pts:315125:40:FR1:2021,Javairô Dilrosun,FC Girondins Bordeaux,2021,MF,train,performance,target_role_performance_index,player_history_baseline,train,0.2284914689086314,-0.07267824438778377,-0.07267824438778377,0.3011697132964152,0.3011697132964152
pts:319160:3709:ES1:2021,Jakub Jankto,Getafe CF,2021,DF,train,performance,target_role_performance_index,player_history_baseline,train,-0.345544785160429,-0.059422703883221614,-0.059422703883221614,-0.2861220812772074,0.2861220812772074
pts:344605:1003:GB1:2021,Boubakary Soumaré,Leicester City,2021,MF,train,performance,target_role_performance_index,player_history_baseline,train,-0.3375876882032144,0.035590759180093794,0.035590759180093794,-0.3731784473833082,0.3731784473833082
pts:352392:667:FR1:2021,Lucas Perrin,RC Strasbourg Alsace,2021,DF,train,performance,target_role_performance_index,player_history_baseline,train,0.183594828245179,0.027062676170652587,0.027062676170652587,0.15653215207452642,0.15653215207452642
pts:395083:1421:FR1:2021,Andrew Gravillon,Stade Reims,2021,DF,train,performance,target_role_performance_index,player_history_baseline,train,-0.108516498857627,-0.052285932425092066,-0.052285932425092066,-0.056230566432534934,0.056230566432534934
pts:471474:331:ES1:2021,Javi Martínez,CA Osasuna,2021,MF,train,performance,target_role_performance_index,player_history_baseline,train,-0.0932054086432752,-0.12883272731536174,-0.12883272731536174,0.035627318672086544,0.035627318672086544
pts:47713:969:FR1:2021,Mamadou Sakho,Montpellier HSC,2021,DF,train,performance,target_role_performance_index,player_history_baseline,train,0.061087696939246,-0.21233669540504493,-0.21233669540504493,0.27342439234429095,0.27342439234429095
pts:481084:1049:ES1:2021,Marcos André,Valencia CF,2021,FW,train,performance,target_role_performance_index,player_history_baseline,train,-0.2465551947252444,-0.04187687454716685,-0.04187687454716685,-0.20467832017807755,0.20467832017807755
pts:61842:29:GB1:2021,Andros Townsend,Everton FC,2021,MF,train,performance,target_role_performance_index,player_history_baseline,train,0.0990062878695013,-0.010842675258657616,-0.010842675258657616,0.10984896312815892,0.10984896312815892
pts:68864:1390:IT1:2021,Kevin Strootman,Cagliari Calcio,2021,MF,train,performance,target_role_performance_index,player_history_baseline,train,-0.4060157082122301,-0.11237276934892532,-0.11237276934892532,-0.2936429388633048,0.2936429388633048
pts:73185:1531:ES1:2021,Lucas Pérez,Elche CF,2021,FW,train,performance,target_role_performance_index,player_history_baseline,train,-0.4025994526039781,0.005440004749518525,0.005440004749518525,-0.4080394573534966,0.4080394573534966
pts:84765:1038:IT1:2021,Francesco Caputo,UC Sampdoria,2021,FW,train,performance,target_role_performance_index,player_history_baseline,train,-0.09480178746041,-0.027785605330205614,-0.027785605330205614,-0.06701618213020438,0.06701618213020438
pts:85383:2687:ES1:2021,Rubén Sobrino,Cádiz CF,2021,FW,train,performance,target_role_performance_index,player_history_baseline,train,-0.323480597360429,-0.17226664166393504,-0.17226664166393504,-0.15121395569649396,0.15121395569649396
pts:103565:969:FR1:2022,Wahbi Khazri,Montpellier HSC,2022,FW,validation,performance,target_role_performance_index,player_history_baseline,train,-0.1013394104690975,0.01743349172153854,0.01743349172153854,-0.11877290219063605,0.11877290219063605
pts:125614:3:L1:2022,Sargis Adamyan,1.FC Köln,2022,FW,validation,performance,target_role_performance_index,player_history_baseline,train,0.229805902355174,-0.04967799944681224,-0.04967799944681224,0.27948390180198623,0.27948390180198623
pts:128901:29:GB1:2022,Conor Coady,Everton FC,2022,DF,validation,performance,target_role_performance_index,player_history_baseline,train,-0.3785154630184046,-0.07822414282436205,-0.07822414282436205,-0.3002913201940426,0.3002913201940426
pts:130360:276:IT1:2022,Simone Verdi,Hellas Verona,2022,MF,validation,performance,target_role_performance_index,player_history_baseline,train,0.0169207875409273,0.1974637139085283,0.1974637139085283,-0.180542926367601,0.180542926367601
pts:131731:3522:IT1:2022,Mehdi Bourabia,Spezia Calcio,2022,MF,validation,performance,target_role_performance_index,player_history_baseline,train,-0.1826584389222718,-0.10116625744572078,-0.10116625744572078,-0.08149218147655102,0.08149218147655102
pts:143559:237:ES1:2022,Matija Nastasić,RCD Mallorca,2022,DF,validation,performance,target_role_performance_index,player_history_baseline,train,-0.1792306942126124,-0.14046591895382038,-0.14046591895382038,-0.03876477525879202,0.03876477525879202
pts:148368:5:IT1:2022,Divock Origi,AC Milan,2022,FW,validation,performance,target_role_performance_index,player_history_baseline,train,-0.3029384871997348,0.0779666910318019,0.0779666910318019,-0.3809051782315367,0.3809051782315367
pts:162038:367:ES1:2022,Raúl de Tomás,Rayo Vallecano,2022,FW,validation,performance,target_role_performance_index,player_history_baseline,train,0.0707166361944207,-0.002200406096289218,-0.002200406096289218,0.07291704229070992,0.07291704229070992
pts:164771:244:FR1:2022,Jordan Veretout,Olympique Marseille,2022,MF,validation,performance,target_role_performance_index,player_history_baseline,train,0.2243038876827403,0.10381344320929388,0.10381344320929388,0.12049044447344641,0.12049044447344641
pts:178313:667:FR1:2022,Jean-Eudes Aholou,RC Strasbourg Alsace,2022,MF,validation,performance,target_role_performance_index,player_history_baseline,train,-0.0843740642472896,-0.15470846351395157,-0.15470846351395157,0.07033439926666196,0.07033439926666196
pts:179635:80:L1:2022,Philipp Förster,VfL Bochum,2022,MF,validation,performance,target_role_performance_index,player_history_baseline,train,0.2497658783410802,0.08233338486241616,0.08233338486241616,0.167432493478664,0.167432493478664
pts:181378:417:FR1:2022,Gaëtan Laborde,OGC Nice,2022,FW,validation,performance,target_role_performance_index,player_history_baseline,train,0.2475454724224724,0.04677084136998891,0.04677084136998891,0.2007746310524835,0.2007746310524835
pts:195171:1049:ES1:2022,Samu Castillejo,Valencia CF,2022,FW,validation,performance,target_role_performance_index,player_history_baseline,train,0.1699031839183923,-0.07588666700324193,-0.07588666700324193,0.24578985092163422,0.24578985092163422
pts:197135:2687:ES1:2022,Joseba Zaldúa,Cádiz CF,2022,DF,validation,performance,target_role_performance_index,player_history_baseline,train,-0.1515728594397394,-0.0892088431479145,-0.0892088431479145,-0.06236401629182489,0.06236401629182489
pts:197470:3522:IT1:2022,Mattia Caldara,Spezia Calcio,2022,DF,validation,performance,target_role_performance_index,player_history_baseline,train,-0.053929175801981,-0.13204130337099648,-0.13204130337099648,0.07811212756901548,0.07811212756901548
pts:203842:3522:IT1:2022,Viktor Kovalenko,Spezia Calcio,2022,MF,validation,performance,target_role_performance_index,player_history_baseline,train,-0.3024909617593159,-0.10432295069438705,-0.10432295069438705,-0.19816801106492885,0.19816801106492885
pts:206912:826:FR1:2022,Jimmy Cabot,RC Lens,2022,DF,validation,performance,target_role_performance_index,player_history_baseline,train,0.5148515066458027,0.049818903589710715,0.049818903589710715,0.465032603056092,0.465032603056092
pts:212391:1531:ES1:2022,Roger Martí,Elche CF,2022,FW,validation,performance,target_role_performance_index,player_history_baseline,train,-0.5839693255127909,-0.08250118108757352,-0.08250118108757352,-0.5014681444252174,0.5014681444252174
pts:223725:3709:ES1:2022,Munir El Haddadi,Getafe CF,2022,MF,validation,performance,target_role_performance_index,player_history_baseline,train,-0.1047755637388992,-0.006253297259640446,-0.006253297259640446,-0.09852226647925874,0.09852226647925874
pts:238868:331:ES1:2022,Rubén Peña,CA Osasuna,2022,DF,validation,performance,target_role_performance_index,player_history_baseline,train,0.0208384231398112,0.017654563775952228,0.017654563775952228,0.0031838593638589714,0.0031838593638589714
pts:247250:2687:ES1:2022,Rubén Alcaraz,Cádiz CF,2022,MF,validation,performance,target_role_performance_index,player_history_baseline,train,-0.199243390393139,-0.03085541425144069,-0.03085541425144069,-0.16838797614169831,0.16838797614169831
pts:249126:1038:IT1:2022,Harry Winks,UC Sampdoria,2022,MF,validation,performance,target_role_performance_index,player_history_baseline,train,-0.2963272863330561,-0.014038693581000853,-0.014038693581000853,-0.28228859275205526,0.28228859275205526
pts:25488:380:IT1:2022,Antonio Candreva,US Salernitana 1919,2022,MF,validation,performance,target_role_performance_index,player_history_baseline,train,0.1284487868281881,0.138865355280923,0.138865355280923,-0.010416568452734892,0.010416568452734892
pts:272261:430:IT1:2022,Antonín Barák,ACF Fiorentina,2022,MF,validation,performance,target_role_performance_index,player_history_baseline,train,-0.2543604511855559,0.05181747496437828,0.05181747496437828,-0.30617792614993417,0.30617792614993417
pts:284884:940:ES1:2022,Óscar Rodríguez Arnaiz,Celta de Vigo,2022,MF,validation,performance,target_role_performance_index,player_history_baseline,train,0.0663230384924339,0.007110632961626808,0.007110632961626808,0.05921240553080709,0.05921240553080709
pts:296879:3:L1:2022,Steffen Tigges,1.FC Köln,2022,FW,validation,performance,target_role_performance_index,player_history_baseline,train,-0.2670915408350345,0.21426744500214776,0.21426744500214776,-0.4813589858371823,0.4813589858371823
pts:307519:2687:ES1:2022,Fede San Emeterio,Cádiz CF,2022,MF,validation,performance,target_role_performance_index,player_history_baseline,train,-0.5438644742544602,-0.2539690507002233,-0.2539690507002233,-0.28989542355423686,0.28989542355423686
pts:309944:749:IT1:2022,Tyronne Ebuehi,FC Empoli,2022,DF,validation,performance,target_role_performance_index,player_history_baseline,train,-0.3178260615169885,-0.13198697431056391,-0.13198697431056391,-0.18583908720642459,0.18583908720642459
pts:315332:39:L1:2022,Aymen Barkok,1.FSV Mainz 05,2022,MF,validation,performance,target_role_performance_index,player_history_baseline,train,-0.0225196482254529,-0.05165571900325855,-0.05165571900325855,0.02913607077780565,0.02913607077780565
pts:335147:380:IT1:2022,Junior Sambia,US Salernitana 1919,2022,DF,validation,performance,target_role_performance_index,player_history_baseline,train,0.0660470361924331,0.028044989739094535,0.028044989739094535,0.038002046453338566,0.038002046453338566
pts:352392:667:FR1:2022,Lucas Perrin,RC Strasbourg Alsace,2022,DF,validation,performance,target_role_performance_index,player_history_baseline,train,-0.0595903235360186,7.8137054462038e-05,7.8137054462038e-05,-0.059668460590480636,0.059668460590480636
pts:353796:380:IT1:2022,Giulio Maggiore,US Salernitana 1919,2022,MF,validation,performance,target_role_performance_index,player_history_baseline,train,-0.3593241145595071,-0.029536640153421816,-0.029536640153421816,-0.32978747440608525,0.32978747440608525
pts:364133:416:IT1:2022,Pietro Pellegri,Torino FC,2022,FW,validation,performance,target_role_performance_index,player_history_baseline,train,-0.2504288748753068,-0.1300102870506332,-0.1300102870506332,-0.1204185878246736,0.1204185878246736
pts:364857:969:FR1:2022,Falaye Sacko,Montpellier HSC,2022,DF,validation,performance,target_role_performance_index,player_history_baseline,train,-0.1183029864594844,-0.04415254264240237,-0.04415254264240237,-0.07415044381708202,0.07415044381708202
pts:395083:1421:FR1:2022,Andrew Gravillon,Stade Reims,2022,DF,validation,performance,target_role_performance_index,player_history_baseline,train,-0.0834131394023335,-0.028701698883817166,-0.028701698883817166,-0.05471144051851633,0.05471144051851633
pts:406806:380:IT1:2022,Emil Bohinen,US Salernitana 1919,2022,MF,validation,performance,target_role_performance_index,player_history_baseline,train,-0.1951160848070837,-0.13526415204764766,-0.13526415204764766,-0.05985193275943604,0.05985193275943604
pts:459655:380:IT1:2022,Matteo Lovato,US Salernitana 1919,2022,DF,validation,performance,target_role_performance_index,player_history_baseline,train,-0.3712782494072379,-0.07802955330186903,-0.07802955330186903,-0.29324869610536886,0.29324869610536886
pts:570817:1421:FR1:2022,Maxime Busi,Stade Reims,2022,DF,validation,performance,target_role_performance_index,player_history_baseline,train,0.0690291732653499,0.05937593434056179,0.05937593434056179,0.009653238924788102,0.009653238924788102
pts:60542:3524:FR1:2022,Maxime Gonalons,Clermont Foot 63,2022,MF,validation,performance,target_role_performance_index,player_history_baseline,train,-0.1998020065900159,-0.19733957044685296,-0.19733957044685296,-0.0024624361431629382,0.0024624361431629382
pts:623040:276:IT1:2022,Yayah Kallon,Hellas Verona,2022,MF,validation,performance,target_role_performance_index,player_history_baseline,train,-0.0488668645685657,-0.12025241733992806,-0.12025241733992806,0.07138555277136235,0.07138555277136235
pts:649452:244:FR1:2022,Issa Kaboré,Olympique Marseille,2022,DF,validation,performance,target_role_performance_index,player_history_baseline,train,0.1059164898846723,-0.050077400139568365,-0.050077400139568365,0.15599389002424066,0.15599389002424066
pts:74810:1148:GB1:2022,Ben Mee,Brentford FC,2022,DF,validation,performance,target_role_performance_index,player_history_baseline,train,-0.1890304924430426,-0.08934990120587796,-0.08934990120587796,-0.09968059123716463,0.09968059123716463
pts:80444:405:GB1:2022,Philippe Coutinho,Aston Villa,2022,MF,validation,performance,target_role_performance_index,player_history_baseline,train,0.0189460447791729,0.3145915684463122,0.3145915684463122,-0.2956455236671393,0.2956455236671393
pts:81999:714:ES1:2022,Joselu,RCD Espanyol Barcelona,2022,FW,validation,performance,target_role_performance_index,player_history_baseline,train,-0.109444842540966,-0.07041744501318023,-0.07041744501318023,-0.039027397527785765,0.039027397527785765
pts:84765:1038:IT1:2022,Francesco Caputo,UC Sampdoria,2022,FW,validation,performance,target_role_performance_index,player_history_baseline,train,-0.5978411031963797,-0.06511319703958157,-0.06511319703958157,-0.5327279061567982,0.5327279061567982
pts:88683:749:IT1:2022,Mattia Destro,FC Empoli,2022,FW,validation,performance,target_role_performance_index,player_history_baseline,train,-0.4700648022914896,-0.07998748607262772,-0.07998748607262772,-0.3900773162188619,0.3900773162188619
pts:127142:3911:FR1:2023,Jonas Martin,Stade Brestois 29,2023,MF,test,performance,target_role_performance_index,player_history_baseline,train_plus_validation,-0.00148130828891,-0.11585794841301655,-0.11585794841301655,0.11437664012410656,0.11437664012410656
pts:14086:29:GB1:2023,Ashley Young,Everton FC,2023,DF,test,performance,target_role_performance_index,player_history_baseline,train_plus_validation,-0.2625137035514288,-0.06120207689323718,-0.06120207689323718,-0.2013116266581916,0.2013116266581916
pts:148368:703:GB1:2023,Divock Origi,Nottingham Forest,2023,FW,test,performance,target_role_performance_index,player_history_baseline,train_plus_validation,-0.460832821440339,-0.07860663238722966,-0.07860663238722966,-0.38222618905310934,0.38222618905310934
pts:182618:1158:FR1:2023,Tiemoué Bakayoko,FC Lorient,2023,MF,test,performance,target_role_performance_index,player_history_baseline,train_plus_validation,-0.270841401120984,-0.17889766097972462,-0.17889766097972462,-0.09194374014125936,0.09194374014125936
pts:186988:167:L1:2023,Sven Michel,FC Augsburg,2023,FW,test,performance,target_role_performance_index,player_history_baseline,train_plus_validation,-0.2851671838153846,-0.0514046660229456,-0.0514046660229456,-0.23376251779243898,0.23376251779243898
pts:195171:6574:IT1:2023,Samu Castillejo,US Sassuolo,2023,FW,test,performance,target_role_performance_index,player_history_baseline,train_plus_validation,-0.0769929248487447,0.07061866634482881,0.07061866634482881,-0.14761159119357353,0.14761159119357353
pts:203842:749:IT1:2023,Viktor Kovalenko,FC Empoli,2023,MF,test,performance,target_role_performance_index,player_history_baseline,train_plus_validation,-0.3093495601868569,-0.12679733220478082,-0.12679733220478082,-0.18255222798207607,0.18255222798207607
pts:241076:749:IT1:2023,Emmanuel Gyasi,FC Empoli,2023,DF,test,performance,target_role_performance_index,player_history_baseline,train_plus_validation,-0.4470235837382667,-0.21468069866730735,-0.21468069866730735,-0.23234288507095938,0.23234288507095938
pts:251845:1049:ES1:2023,Sergi Canós,Valencia CF,2023,MF,test,performance,target_role_performance_index,player_history_baseline,train_plus_validation,-0.0881567218352155,0.014922476623871372,0.014922476623871372,-0.10307919845908688,0.10307919845908688
pts:25488:380:IT1:2023,Antonio Candreva,US Salernitana 1919,2023,MF,test,performance,target_role_performance_index,player_history_baseline,train_plus_validation,0.1326601085789186,0.019120788763736338,0.019120788763736338,0.11353931981518227,0.11353931981518227
pts:256429:2687:ES1:2023,Sergi Guardiola,Cádiz CF,2023,FW,test,performance,target_role_performance_index,player_history_baseline,train_plus_validation,-0.0728241703356003,-0.17830233411429838,-0.17830233411429838,0.10547816377869808,0.10547816377869808
pts:257751:749:IT1:2023,Simone Bastoni,FC Empoli,2023,MF,test,performance,target_role_performance_index,player_history_baseline,train_plus_validation,-0.2311391897703687,-0.081047291684556,-0.081047291684556,-0.1500918980858127,0.1500918980858127
pts:266795:2687:ES1:2023,Gonzalo Escalante,Cádiz CF,2023,MF,test,performance,target_role_performance_index,player_history_baseline,train_plus_validation,-0.3948103424541883,-0.12237779598604913,-0.12237779598604913,-0.27243254646813914,0.27243254646813914
pts:277635:2687:ES1:2023,Rominigue Kouamé,Cádiz CF,2023,MF,test,performance,target_role_performance_index,player_history_baseline,train_plus_validation,-0.3521209568556113,0.0011616544952874975,0.0011616544952874975,-0.3532826113508988,0.3532826113508988
pts:279009:39:L1:2023,Marco Richter,1.FSV Mainz 05,2023,MF,test,performance,target_role_performance_index,player_history_baseline,train_plus_validation,-0.0325745054200632,-0.012955156543606516,-0.012955156543606516,-0.019619348876456687,0.019619348876456687
pts:284884:3709:ES1:2023,Óscar Rodríguez Arnaiz,Getafe CF,2023,MF,test,performance,target_role_performance_index,player_history_baseline,train_plus_validation,0.1596021542337691,0.0322390247286444,0.0322390247286444,0.1273631295051247,0.1273631295051247
pts:286779:2687:ES1:2023,Jorge Meré,Cádiz CF,2023,DF,test,performance,target_role_performance_index,player_history_baseline,train_plus_validation,-0.4762030315375522,-0.2426151082426613,-0.2426151082426613,-0.23358792329489092,0.23358792329489092
pts:32113:2919:IT1:2023,Armando Izzo,AC Monza,2023,DF,test,performance,target_role_performance_index,player_history_baseline,train_plus_validation,-0.1022226370685662,-0.07761375551892069,-0.07761375551892069,-0.02460888154964551,0.02460888154964551
pts:332179:2919:IT1:2023,Matteo Pessina,AC Monza,2023,MF,test,performance,target_role_performance_index,player_history_baseline,train_plus_validation,-0.0809696478446083,0.006031203946801625,0.006031203946801625,-0.08700085179140993,0.08700085179140993
pts:344605:368:ES1:2023,Boubakary Soumaré,Sevilla FC,2023,MF,test,performance,target_role_performance_index,player_history_baseline,train_plus_validation,-0.4284249111224513,-0.16176761984027818,-0.16176761984027818,-0.2666572912821731,0.2666572912821731
pts:364857:969:FR1:2023,Falaye Sacko,Montpellier HSC,2023,DF,test,performance,target_role_performance_index,player_history_baseline,train_plus_validation,0.0187598712154383,-0.04200435594461379,-0.04200435594461379,0.06076422716005209,0.06076422716005209
pts:369267:3524:FR1:2023,Maximiliano Caufriez,Clermont Foot 63,2023,DF,test,performance,target_role_performance_index,player_history_baseline,train_plus_validation,-0.0587395565092398,-0.03994291895737595,-0.03994291895737595,-0.01879663755186385,0.01879663755186385
pts:377219:1049:ES1:2023,Selim Amallah,Valencia CF,2023,FW,test,performance,target_role_performance_index,player_history_baseline,train_plus_validation,-0.5279945220693149,0.04801108761961046,0.04801108761961046,-0.5760056096889253,0.5760056096889253
pts:396894:2687:ES1:2023,Maxi Gómez,Cádiz CF,2023,FW,test,performance,target_role_performance_index,player_history_baseline,train_plus_validation,-0.8032613982861265,-0.2648637976648199,-0.2648637976648199,-0.5383976006213067,0.5383976006213067
pts:399543:1005:IT1:2023,Remi Oudin,US Lecce,2023,MF,test,performance,target_role_performance_index,player_history_baseline,train_plus_validation,-0.0853559839110031,-0.0620046186048992,-0.0620046186048992,-0.023351365306103905,0.023351365306103905
pts:39983:89:L1:2023,Leonardo Bonucci,1.FC Union Berlin,2023,DF,test,performance,target_role_performance_index,player_history_baseline,train_plus_validation,-0.2693724630343981,-0.08134711316131771,-0.08134711316131771,-0.1880253498730804,0.1880253498730804
pts:42412:985:GB1:2023,Jonny Evans,Manchester United,2023,DF,test,performance,target_role_performance_index,player_history_baseline,train_plus_validation,-0.0482722990724062,-0.14752028026002362,-0.14752028026002362,0.09924798118761742,0.09924798118761742
pts:442805:3302:ES1:2023,Iddrisu Baba,UD Almería,2023,MF,test,performance,target_role_performance_index,player_history_baseline,train_plus_validation,-0.4866812707582281,-0.18289528972231506,-0.18289528972231506,-0.30378598103591303,0.30378598103591303
pts:456492:3:L1:2023,Faride Alidou,1.FC Köln,2023,FW,test,performance,target_role_performance_index,player_history_baseline,train_plus_validation,-0.2906456254362946,0.16262416985007427,0.16262416985007427,-0.45326979528636885,0.45326979528636885
pts:468066:6195:IT1:2023,Jens Cajuste,SSC Napoli,2023,MF,test,performance,target_role_performance_index,player_history_baseline,train_plus_validation,0.0216301521977361,0.06747035698196803,0.06747035698196803,-0.045840204784231925,0.045840204784231925
pts:489611:749:IT1:2023,Filippo Ranocchia,FC Empoli,2023,MF,test,performance,target_role_performance_index,player_history_baseline,train_plus_validation,-0.335205617493965,0.0717197683619229,0.0717197683619229,-0.4069253858558879,0.4069253858558879
pts:527698:367:ES1:2023,Kike Pérez,Rayo Vallecano,2023,MF,test,performance,target_role_performance_index,player_history_baseline,train_plus_validation,-0.132927502100232,-0.061383901602634974,-0.061383901602634974,-0.07154360049759702,0.07154360049759702
pts:55769:2919:IT1:2023,Danilo D'Ambrosio,AC Monza,2023,DF,test,performance,target_role_performance_index,player_history_baseline,train_plus_validation,-0.0111363817584316,0.002405678234863813,0.002405678234863813,-0.013542059993295413,0.013542059993295413
pts:66100:131:ES1:2023,Oriol Romeu,FC Barcelona,2023,MF,test,performance,target_role_performance_index,player_history_baseline,train_plus_validation,0.0424009057521834,-0.15173596229303446,-0.15173596229303446,0.19413686804521785,0.19413686804521785
pts:81999:418:ES1:2023,Joselu,Real Madrid,2023,FW,test,performance,target_role_performance_index,player_history_baseline,train_plus_validation,0.1171676941794814,-0.13772565259633401,-0.13772565259633401,0.25489334677581543,0.25489334677581543
pts:82009:89:L1:2023,Kevin Volland,1.FC Union Berlin,2023,FW,test,performance,target_role_performance_index,player_history_baseline,train_plus_validation,-0.1787266116176786,-0.039905709492046415,-0.039905709492046415,-0.1388209021256322,0.1388209021256322
pts:82048:1005:IT1:2023,Nicola Sansone,US Lecce,2023,FW,test,performance,target_role_performance_index,player_history_baseline,train_plus_validation,0.1944492591659974,-0.007792851171816981,-0.007792851171816981,0.20224211033781436,0.20224211033781436
pts:82503:367:ES1:2023,Aridane Hernández,Rayo Vallecano,2023,DF,test,performance,target_role_performance_index,player_history_baseline,train_plus_validation,-0.4059393287007372,-0.262757897779329,-0.262757897779329,-0.14318143092140817,0.14318143092140817
pts:84765:749:IT1:2023,Francesco Caputo,FC Empoli,2023,FW,test,performance,target_role_performance_index,player_history_baseline,train_plus_validation,-0.570834149022457,-0.17873624875280691,-0.17873624875280691,-0.3920979002696501,0.3920979002696501
pts:103565:618:FR1:2018,Wahbi Khazri,AS Saint-Étienne,2018,FW,train,performance,target_role_performance_index,strict_compatibility,train,0.3041539340089529,0.04848632382147605,0.04848632382147605,0.25566761018747686,0.25566761018747686
pts:111347:1038:IT1:2018,Lorenzo Tonelli,UC Sampdoria,2018,DF,train,performance,target_role_performance_index,strict_compatibility,train,0.1112075644029801,0.16450149795978408,0.16450149795978408,-0.05329393355680398,0.05329393355680398
pts:112935:33:L1:2018,Mark Uth,FC Schalke 04,2018,FW,train,performance,target_role_performance_index,strict_compatibility,train,-0.1841626894846911,-0.02882985984598276,-0.02882985984598276,-0.15533282963870834,0.15533282963870834
pts:122797:969:FR1:2018,Andy Delort,Montpellier HSC,2018,FW,train,performance,target_role_performance_index,strict_compatibility,train,0.1808325900482747,-0.011866332197265617,-0.011866332197265617,0.19269892224554033,0.19269892224554033
pts:124902:6574:IT1:2018,Khouma Babacar,US Sassuolo,2018,FW,train,performance,target_role_performance_index,strict_compatibility,train,0.0579374383596508,0.033224337397913487,0.033224337397913487,0.024713100961737317,0.024713100961737317
pts:126719:583:FR1:2018,Juan Bernat,Paris Saint-Germain,2018,DF,train,performance,target_role_performance_index,strict_compatibility,train,-0.0037102823770018,0.14554992101411088,0.14554992101411088,-0.14926020339111268,0.14926020339111268
pts:127076:82:L1:2018,Jérôme Roussillon,VfL Wolfsburg,2018,DF,train,performance,target_role_performance_index,strict_compatibility,train,0.1917052815835221,0.18503550598427362,0.18503550598427362,0.006669775599248473,0.006669775599248473
pts:129476:1010:GB1:2018,Gerard Deulofeu,Watford FC,2018,FW,train,performance,target_role_performance_index,strict_compatibility,train,0.3513178381269513,0.09515163159942926,0.09515163159942926,0.25616620652752203,0.25616620652752203
pts:130360:6195:IT1:2018,Simone Verdi,SSC Napoli,2018,MF,train,performance,target_role_performance_index,strict_compatibility,train,0.858747062429747,0.38584667934910655,0.38584667934910655,0.4729003830806404,0.4729003830806404
pts:134294:180:GB1:2018,Danny Ings,Southampton FC,2018,FW,train,performance,target_role_performance_index,strict_compatibility,train,0.1566569845740537,0.10095904108112802,0.10095904108112802,0.05569794349292567,0.05569794349292567
pts:163222:1038:IT1:2018,Grégoire Defrel,UC Sampdoria,2018,FW,train,performance,target_role_performance_index,strict_compatibility,train,0.0845164402134746,0.03245509904732121,0.03245509904732121,0.05206134116615339,0.05206134116615339
pts:170544:417:FR1:2018,Christophe Hérelle,OGC Nice,2018,DF,train,performance,target_role_performance_index,strict_compatibility,train,0.1370493414042787,-0.12611065339346558,-0.12611065339346558,0.2631599947977443,0.2631599947977443
pts:170953:1420:FR1:2018,Stéphane Bahoken,Angers SCO,2018,FW,train,performance,target_role_performance_index,strict_compatibility,train,-0.1691739755372407,-0.1037752162086877,-0.1037752162086877,-0.065398759328553,0.065398759328553
pts:178313:162:FR1:2018,Jean-Eudes Aholou,AS Monaco,2018,MF,train,performance,target_role_performance_index,strict_compatibility,train,-0.1574078128793666,-0.08094982739045582,-0.08094982739045582,-0.07645798548891077,0.07645798548891077
pts:181378:969:FR1:2018,Gaëtan Laborde,Montpellier HSC,2018,FW,train,performance,target_role_performance_index,strict_compatibility,train,0.0153341113872372,0.005942628263043785,0.005942628263043785,0.009391483124193415,0.009391483124193415
pts:182618:5:IT1:2018,Tiemoué Bakayoko,AC Milan,2018,MF,train,performance,target_role_performance_index,strict_compatibility,train,0.0393746985307545,-0.011631238957163458,-0.011631238957163458,0.05100593748791796,0.05100593748791796
pts:183031:416:IT1:2018,Koffi Djidji,Torino FC,2018,DF,train,performance,target_role_performance_index,strict_compatibility,train,-0.054465238894998,-0.14064918686169647,-0.14064918686169647,0.08618394796669848,0.08618394796669848
pts:195171:5:IT1:2018,Samu Castillejo,AC Milan,2018,FW,train,performance,target_role_performance_index,strict_compatibility,train,0.3635140814820244,0.23429998861970414,0.23429998861970414,0.12921409286232027,0.12921409286232027
pts:199258:2722:IT1:2018,Andrea Petagna,SPAL,2018,FW,train,performance,target_role_performance_index,strict_compatibility,train,0.0291936988125476,-0.014960043299639503,-0.014960043299639503,0.0441537421121871,0.0441537421121871
pts:199369:681:ES1:2018,Sandro Ramírez,Real Sociedad,2018,FW,train,performance,target_role_performance_index,strict_compatibility,train,-0.0482929090056028,-0.039178035748261494,-0.039178035748261494,-0.009114873257341304,0.009114873257341304
pts:236041:1416:FR1:2018,Alexis Blin,Amiens SC,2018,MF,train,performance,target_role_performance_index,strict_compatibility,train,-0.393372173666879,-0.20530068718121378,-0.20530068718121378,-0.1880714864856652,0.1880714864856652
pts:236400:1041:FR1:2018,Leo Dubois,Olympique Lyon,2018,DF,train,performance,target_role_performance_index,strict_compatibility,train,0.4817217129810304,0.3009741017194776,0.3009741017194776,0.1807476112615528,0.1807476112615528
pts:238752:46:IT1:2018,Keita Baldé,Inter Milan,2018,FW,train,performance,target_role_performance_index,strict_compatibility,train,0.7458406862200981,0.1180143260220765,0.1180143260220765,0.6278263601980216,0.6278263601980216
pts:241229:244:FR1:2018,Jordan Amavi,Olympique Marseille,2018,DF,train,performance,target_role_performance_index,strict_compatibility,train,0.369046608259886,0.1502392442366549,0.1502392442366549,0.2188073640232311,0.2188073640232311
pts:27389:1049:ES1:2018,Kévin Gameiro,Valencia CF,2018,FW,train,performance,target_role_performance_index,strict_compatibility,train,0.1686547492862924,0.06213476720955545,0.06213476720955545,0.10651998207673695,0.10651998207673695
pts:28140:415:FR1:2018,Max Gradel,FC Toulouse,2018,FW,train,performance,target_role_performance_index,strict_compatibility,train,0.158774980077241,0.07609320008340853,0.07609320008340853,0.08268177999383247,0.08268177999383247
pts:302215:31:GB1:2018,Naby Keïta,Liverpool FC,2018,MF,train,performance,target_role_performance_index,strict_compatibility,train,0.536592661802569,0.36994034580936386,0.36994034580936386,0.16665231599320518,0.16665231599320518
pts:302991:3368:ES1:2018,Erick Cabaco,Levante UD,2018,DF,train,performance,target_role_performance_index,strict_compatibility,train,-0.1029243790804078,-0.249652983647169,-0.249652983647169,0.1467286045667612,0.1467286045667612
pts:319160:1038:IT1:2018,Jakub Jankto,UC Sampdoria,2018,MF,train,performance,target_role_performance_index,strict_compatibility,train,-0.0625204558325272,0.05023887077760973,0.05023887077760973,-0.11275932661013693,0.11275932661013693
pts:32113:416:IT1:2018,Armando Izzo,Torino FC,2018,DF,train,performance,target_role_performance_index,strict_compatibility,train,0.2637033662654292,0.008313686265662769,0.008313686265662769,0.2553896799997664,0.2553896799997664
pts:335147:969:FR1:2018,Junior Sambia,Montpellier HSC,2018,MF,train,performance,target_role_performance_index,strict_compatibility,train,0.2556425980655456,0.03421744968106863,0.03421744968106863,0.221425148384477,0.221425148384477
pts:34322:11:GB1:2018,Sokratis Papastathopoulos,Arsenal FC,2018,DF,train,performance,target_role_performance_index,strict_compatibility,train,-0.1533580110437272,0.19102783723089306,0.19102783723089306,-0.34438584827462027,0.34438584827462027
pts:38607:6574:IT1:2018,Federico Di Francesco,US Sassuolo,2018,FW,train,performance,target_role_performance_index,strict_compatibility,train,-0.0288794149804055,-0.07652445914154855,-0.07652445914154855,0.047645044161143055,0.047645044161143055
pts:39983:506:IT1:2018,Leonardo Bonucci,Juventus FC,2018,DF,train,performance,target_role_performance_index,strict_compatibility,train,-0.1962002366866075,0.29053396840051177,0.29053396840051177,-0.4867342050871193,0.4867342050871193
pts:40633:398:IT1:2018,Milan Badelj,SS Lazio,2018,MF,train,performance,target_role_performance_index,strict_compatibility,train,0.1748605866813717,0.0974679822999711,0.0974679822999711,0.0773926043814006,0.0773926043814006
pts:42412:1003:GB1:2018,Jonny Evans,Leicester City,2018,DF,train,performance,target_role_performance_index,strict_compatibility,train,-0.1758134949208676,-0.00039920993942484453,-0.00039920993942484453,-0.17541428498144274,0.17541428498144274
pts:427161:667:FR1:2018,Lebo Mothiba,RC Strasbourg Alsace,2018,FW,train,performance,target_role_performance_index,strict_compatibility,train,-0.1138157845963087,-0.1122657076474205,-0.1122657076474205,-0.0015500769488882016,0.0015500769488882016
pts:432772:162:FR1:2018,Samuel Grandsir,AS Monaco,2018,FW,train,performance,target_role_performance_index,strict_compatibility,train,-0.5715698706972046,0.07367881465743722,0.07367881465743722,-0.6452486853546417,0.6452486853546417
pts:44059:252:IT1:2018,Ervin Zukanović,Genoa CFC,2018,DF,train,performance,target_role_performance_index,strict_compatibility,train,-0.1646222074008978,-0.03480141543976634,-0.03480141543976634,-0.12982079196113147,0.12982079196113147
pts:483573:1108:ES1:2018,Martin Agirregabiria,Deportivo Alavés,2018,DF,train,performance,target_role_performance_index,strict_compatibility,train,-0.1823934400953612,-0.21464056501639306,-0.21464056501639306,0.03224712492103185,0.03224712492103185
pts:56100:1237:GB1:2018,Leon Balogun,Brighton & Hove Albion,2018,DF,train,performance,target_role_performance_index,strict_compatibility,train,-0.4705336640970028,-0.28932096199945456,-0.28932096199945456,-0.18121270209754825,0.18121270209754825
pts:581781:2969:FR1:2018,Enzo Loiodice,Dijon FCO,2018,MF,train,performance,target_role_performance_index,strict_compatibility,train,-0.329793600679718,-0.16226783198717176,-0.16226783198717176,-0.16752576869254626,0.16752576869254626
pts:59631:162:FR1:2018,Nacer Chadli,AS Monaco,2018,MF,train,performance,target_role_performance_index,strict_compatibility,train,-0.2963145207082748,-0.07994061498419473,-0.07994061498419473,-0.21637390572408005,0.21637390572408005
pts:60542:368:ES1:2018,Maxime Gonalons,Sevilla FC,2018,MF,train,performance,target_role_performance_index,strict_compatibility,train,-0.4612730062133198,-0.003992559753705157,-0.003992559753705157,-0.45728044645961463,0.45728044645961463
pts:60577:416:IT1:2018,Nicolas Nkoulou,Torino FC,2018,DF,train,performance,target_role_performance_index,strict_compatibility,train,-0.3395372728886068,-0.14023827107565118,-0.14023827107565118,-0.19929900181295562,0.19929900181295562
pts:66934:873:GB1:2018,Cheikhou Kouyaté,Crystal Palace,2018,MF,train,performance,target_role_performance_index,strict_compatibility,train,-0.3611923432369344,-0.18964072956936703,-0.18964072956936703,-0.17155161366756735,0.17155161366756735
pts:68645:1237:GB1:2018,Martín Montoya,Brighton & Hove Albion,2018,DF,train,performance,target_role_performance_index,strict_compatibility,train,0.0048721877273013,-0.0007331424246896541,-0.0007331424246896541,0.005605330151990954,0.005605330151990954
pts:68864:244:FR1:2018,Kevin Strootman,Olympique Marseille,2018,MF,train,performance,target_role_performance_index,strict_compatibility,train,0.0307533693679612,0.13987721195844452,0.13987721195844452,-0.10912384259048333,0.10912384259048333
pts:73185:379:GB1:2018,Lucas Pérez,West Ham United,2018,FW,train,performance,target_role_performance_index,strict_compatibility,train,-0.1253034101652141,0.07802357768016258,0.07802357768016258,-0.20332698784537667,0.20332698784537667
pts:73734:12:IT1:2018,Steven Nzonzi,AS Roma,2018,MF,train,performance,target_role_performance_index,strict_compatibility,train,-0.1661321307659419,0.0709451719641614,0.0709451719641614,-0.2370773027301033,0.2370773027301033
pts:74228:12321:ES1:2018,Marc Muniesa,Girona FC,2018,DF,train,performance,target_role_performance_index,strict_compatibility,train,0.107708822398592,-0.027220587542580835,-0.027220587542580835,0.13492940994117283,0.13492940994117283
pts:88909:1038:IT1:2018,Riccardo Saponara,UC Sampdoria,2018,MF,train,performance,target_role_performance_index,strict_compatibility,train,0.7582978245178351,0.1119120238461727,0.1119120238461727,0.6463858006716624,0.6463858006716624
pts:95641:1108:ES1:2018,Darko Brašanac,Deportivo Alavés,2018,MF,train,performance,target_role_performance_index,strict_compatibility,train,-0.5510778079678423,-0.21121584568694174,-0.21121584568694174,-0.3398619622809006,0.3398619622809006
pts:99232:410:IT1:2018,Marco D'Alessandro,Udinese Calcio,2018,DF,train,performance,target_role_performance_index,strict_compatibility,train,0.1842969108733486,-0.0639518315358536,-0.0639518315358536,0.2482487424092022,0.2482487424092022
pts:101213:6574:IT1:2019,Pedro Obiang,US Sassuolo,2019,MF,train,performance,target_role_performance_index,strict_compatibility,train,-0.0979479214814999,-0.10023553844724163,-0.10023553844724163,0.002287616965741729,0.002287616965741729
pts:104752:6195:IT1:2019,Kostas Manolas,SSC Napoli,2019,DF,train,performance,target_role_performance_index,strict_compatibility,train,-0.2367578589613213,-0.008895762554014187,-0.008895762554014187,-0.2278620964073071,0.2278620964073071
pts:118284:969:FR1:2019,Jordan Ferri,Montpellier HSC,2019,MF,train,performance,target_role_performance_index,strict_compatibility,train,0.0697276421727726,0.10653263180864087,0.10653263180864087,-0.03680498963586827,0.03680498963586827
pts:122797:969:FR1:2019,Andy Delort,Montpellier HSC,2019,FW,train,performance,target_role_performance_index,strict_compatibility,train,0.173158741223359,0.06345764949813212,0.06345764949813212,0.10970109172522688,0.10970109172522688
pts:127156:969:FR1:2019,Téji Savanier,Montpellier HSC,2019,MF,train,performance,target_role_performance_index,strict_compatibility,train,0.3960058848195614,0.22203332868380107,0.22203332868380107,0.17397255613576032,0.17397255613576032
pts:130360:416:IT1:2019,Simone Verdi,Torino FC,2019,MF,train,performance,target_role_performance_index,strict_compatibility,train,0.2593490037520751,0.2249883257296586,0.2249883257296586,0.03436067802241649,0.03436067802241649
pts:131708:1244:ES1:2019,Kenneth Omeruo,CD Leganés,2019,DF,train,performance,target_role_performance_index,strict_compatibility,train,-0.1727434070068963,-0.20405585887612537,-0.20405585887612537,0.03131245186922907,0.03131245186922907
pts:134294:180:GB1:2019,Danny Ings,Southampton FC,2019,FW,train,performance,target_role_performance_index,strict_compatibility,train,0.3083376063063434,0.23407305759265243,0.23407305759265243,0.07426454871369095,0.07426454871369095
pts:146854:162:FR1:2019,Wissam Ben Yedder,AS Monaco,2019,FW,train,performance,target_role_performance_index,strict_compatibility,train,0.7814383174871057,0.2982496712359713,0.2982496712359713,0.4831886462511344,0.4831886462511344
pts:162056:3368:ES1:2019,Gonzalo Melero,Levante UD,2019,MF,train,performance,target_role_performance_index,strict_compatibility,train,-0.2311952698686556,-0.025140633914228567,-0.025140633914228567,-0.20605463595442702,0.20605463595442702
pts:163222:6574:IT1:2019,Grégoire Defrel,US Sassuolo,2019,FW,train,performance,target_role_performance_index,strict_compatibility,train,0.039103346138353,0.01592068401571082,0.01592068401571082,0.02318266212264218,0.02318266212264218
pts:164771:12:IT1:2019,Jordan Veretout,AS Roma,2019,MF,train,performance,target_role_performance_index,strict_compatibility,train,0.0423859915214062,0.12278377326972245,0.12278377326972245,-0.08039778174831624,0.08039778174831624
pts:165873:366:ES1:2019,Federico Barba,Real Valladolid CF,2019,DF,train,performance,target_role_performance_index,strict_compatibility,train,-0.0726684728501975,-0.19026647416756878,-0.19026647416756878,0.11759800131737129,0.11759800131737129
pts:167859:252:IT1:2019,Stefano Sturaro,Genoa CFC,2019,MF,train,performance,target_role_performance_index,strict_compatibility,train,-0.1928694845921172,0.008332116689425574,0.008332116689425574,-0.20120160128154277,0.20120160128154277
pts:176139:1025:IT1:2019,Mattia Bani,Bologna FC 1909,2019,DF,train,performance,target_role_performance_index,strict_compatibility,train,0.0445697839472838,-0.11943370393420333,-0.11943370393420333,0.16400348788148714,0.16400348788148714
pts:178313:618:FR1:2019,Jean-Eudes Aholou,AS Saint-Étienne,2019,MF,train,performance,target_role_performance_index,strict_compatibility,train,-0.0915549367537312,-0.1392063521625036,-0.1392063521625036,0.04765141540877239,0.04765141540877239
pts:182618:162:FR1:2019,Tiemoué Bakayoko,AS Monaco,2019,MF,train,performance,target_role_performance_index,strict_compatibility,train,-0.089304989026933,-0.06561681282274778,-0.06561681282274778,-0.023688176204185216,0.023688176204185216
pts:183031:416:IT1:2019,Koffi Djidji,Torino FC,2019,DF,train,performance,target_role_performance_index,strict_compatibility,train,0.1245697166140815,-0.12611247199540523,-0.12611247199540523,0.25068218860948677,0.25068218860948677
pts:199258:2722:IT1:2019,Andrea Petagna,SPAL,2019,FW,train,performance,target_role_performance_index,strict_compatibility,train,-0.1503420952518371,0.12074870040269566,0.12074870040269566,-0.27109079565453276,0.27109079565453276
pts:199369:366:ES1:2019,Sandro Ramírez,Real Valladolid CF,2019,FW,train,performance,target_role_performance_index,strict_compatibility,train,-0.1771960670539357,-0.04179063302853786,-0.04179063302853786,-0.13540543402539784,0.13540543402539784
pts:202278:273:FR1:2019,Flavien Tait,Stade Rennais FC,2019,MF,train,performance,target_role_performance_index,strict_compatibility,train,0.3816525343405798,0.41614573435886776,0.41614573435886776,-0.034493200018287984,0.034493200018287984
pts:203496:150:ES1:2019,Nabil Fekir,Real Betis Balompié,2019,MF,train,performance,target_role_performance_index,strict_compatibility,train,0.3894847136314213,0.30325991032206373,0.30325991032206373,0.08622480330935756,0.08622480330935756
pts:216179:46:IT1:2019,Stefano Sensi,Inter Milan,2019,MF,train,performance,target_role_performance_index,strict_compatibility,train,0.8155875503580285,0.8059416327294242,0.8059416327294242,0.009645917628604339,0.009645917628604339
pts:236041:1416:FR1:2019,Alexis Blin,Amiens SC,2019,MF,train,performance,target_role_performance_index,strict_compatibility,train,-0.4773761810971227,-0.37809991804554915,-0.37809991804554915,-0.09927626305157355,0.09927626305157355
pts:238868:1050:ES1:2019,Rubén Peña,Villarreal CF,2019,DF,train,performance,target_role_performance_index,strict_compatibility,train,0.1583142737873049,0.2785820491390563,0.2785820491390563,-0.12026777535175143,0.12026777535175143
pts:274484:1041:FR1:2019,Youssouf Koné,Olympique Lyon,2019,DF,train,performance,target_role_performance_index,strict_compatibility,train,-0.0862525597850108,0.13606907187074047,0.13606907187074047,-0.22232163165575125,0.22232163165575125
pts:288241:40:FR1:2019,Enock Kwateng,FC Girondins Bordeaux,2019,DF,train,performance,target_role_performance_index,strict_compatibility,train,0.3852162891055162,0.1422842997223181,0.1422842997223181,0.2429319893831981,0.2429319893831981
pts:319160:1038:IT1:2019,Jakub Jankto,UC Sampdoria,2019,MF,train,performance,target_role_performance_index,strict_compatibility,train,-0.0057360347569702,0.04480322264141287,0.04480322264141287,-0.050539257398383074,0.050539257398383074
pts:355501:12:IT1:2019,Amadou Diawara,AS Roma,2019,MF,train,performance,target_role_performance_index,strict_compatibility,train,-0.0985040563892463,0.12353220532743851,0.12353220532743851,-0.2220362617166848,0.2220362617166848
pts:38607:2722:IT1:2019,Federico Di Francesco,SPAL,2019,FW,train,performance,target_role_performance_index,strict_compatibility,train,-0.2011752222090324,0.0014927186324068774,0.0014927186324068774,-0.20266794084143927,0.20266794084143927
pts:396894:1049:ES1:2019,Maxi Gómez,Valencia CF,2019,FW,train,performance,target_role_performance_index,strict_compatibility,train,-0.3564033461795964,0.015002136224821832,0.015002136224821832,-0.37140548240441823,0.37140548240441823
pts:39728:16:L1:2019,Mats Hummels,Borussia Dortmund,2019,DF,train,performance,target_role_performance_index,strict_compatibility,train,0.3476476209553877,0.30941395460623006,0.30941395460623006,0.03823366634915765,0.03823366634915765
pts:40633:430:IT1:2019,Milan Badelj,ACF Fiorentina,2019,MF,train,performance,target_role_performance_index,strict_compatibility,train,-0.0978317981188221,0.003944116057618383,0.003944116057618383,-0.10177591417644048,0.10177591417644048
pts:43512:86:L1:2019,Ömer Toprak,SV Werder Bremen,2019,DF,train,performance,target_role_performance_index,strict_compatibility,train,-0.1269577621972743,-0.057049082179364816,-0.057049082179364816,-0.0699086800179095,0.0699086800179095
pts:44466:24:L1:2019,Sebastian Rode,Eintracht Frankfurt,2019,MF,train,performance,target_role_performance_index,strict_compatibility,train,0.1619466186989109,-0.11883621658783305,-0.11883621658783305,0.28078283528674397,0.28078283528674397
pts:635336:995:FR1:2019,Imran Louza,FC Nantes,2019,MF,train,performance,target_role_performance_index,strict_compatibility,train,-0.0188679270151286,-0.1541940309716908,-0.1541940309716908,0.1353261039565622,0.1353261039565622
pts:64598:714:ES1:2019,Bernardo Espinosa,RCD Espanyol Barcelona,2019,DF,train,performance,target_role_performance_index,strict_compatibility,train,-0.2992002742296205,-0.18504863519988266,-0.18504863519988266,-0.11415163902973782,0.11415163902973782
pts:65318:1049:ES1:2019,Jaume Costa,Valencia CF,2019,DF,train,performance,target_role_performance_index,strict_compatibility,train,0.0165796337229033,0.19905718936091027,0.19905718936091027,-0.18247755563800697,0.18247755563800697
pts:73185:1108:ES1:2019,Lucas Pérez,Deportivo Alavés,2019,FW,train,performance,target_role_performance_index,strict_compatibility,train,-0.0556790194566498,-0.06482071839534374,-0.06482071839534374,0.009141698938693946,0.009141698938693946
pts:74230:583:FR1:2019,Pablo Sarabia,Paris Saint-Germain,2019,FW,train,performance,target_role_performance_index,strict_compatibility,train,0.3612614105726639,0.4038650451783932,0.4038650451783932,-0.0426036346057293,0.0426036346057293
pts:80444:27:L1:2019,Philippe Coutinho,Bayern Munich,2019,MF,train,performance,target_role_performance_index,strict_compatibility,train,1.289308734238629,0.5419904485296714,0.5419904485296714,0.7473182857089575,0.7473182857089575
pts:81999:1108:ES1:2019,Joselu,Deportivo Alavés,2019,FW,train,performance,target_role_performance_index,strict_compatibility,train,-0.147739273911164,-0.1665770745105339,-0.1665770745105339,0.018837800599369903,0.018837800599369903
pts:82048:1025:IT1:2019,Nicola Sansone,Bologna FC 1909,2019,FW,train,performance,target_role_performance_index,strict_compatibility,train,0.1448567167740087,0.1602265299018453,0.1602265299018453,-0.015369813127836612,0.015369813127836612
pts:84765:6574:IT1:2019,Francesco Caputo,US Sassuolo,2019,FW,train,performance,target_role_performance_index,strict_compatibility,train,0.2577935631101145,0.0043785646996028875,0.0043785646996028875,0.25341499841051157,0.25341499841051157
pts:99232:2722:IT1:2019,Marco D'Alessandro,SPAL,2019,MF,train,performance,target_role_performance_index,strict_compatibility,train,-0.1851739538030094,0.1366915257389453,0.1366915257389453,-0.3218654795419547,0.3218654795419547
pts:111347:1038:IT1:2020,Lorenzo Tonelli,UC Sampdoria,2020,DF,train,performance,target_role_performance_index,strict_compatibility,train,-0.177224902008355,-0.19044273610634033,-0.19044273610634033,0.013217834097985326,0.013217834097985326
pts:111961:368:ES1:2020,Suso,Sevilla FC,2020,FW,train,performance,target_role_performance_index,strict_compatibility,train,0.151914257949752,0.2741988117529255,0.2741988117529255,-0.12228455380317349,0.12228455380317349
pts:121477:379:GB1:2020,Craig Dawson,West Ham United,2020,DF,train,performance,target_role_performance_index,strict_compatibility,train,-0.1805599188050434,-0.057640217161219004,-0.057640217161219004,-0.1229197016438244,0.1229197016438244
pts:129476:410:IT1:2020,Gerard Deulofeu,Udinese Calcio,2020,FW,train,performance,target_role_performance_index,strict_compatibility,train,0.1760773506879751,0.1450916755233173,0.1450916755233173,0.030985675164657778,0.030985675164657778
pts:130360:416:IT1:2020,Simone Verdi,Torino FC,2020,MF,train,performance,target_role_performance_index,strict_compatibility,train,0.4151171459776127,0.359880321584889,0.359880321584889,0.055236824392723705,0.055236824392723705
pts:130365:583:FR1:2020,Alessandro Florenzi,Paris Saint-Germain,2020,DF,train,performance,target_role_performance_index,strict_compatibility,train,-0.1316760190797646,0.16533920905222393,0.16533920905222393,-0.29701522813198855,0.29701522813198855
pts:148262:762:GB1:2020,Jeff Hendrick,Newcastle United,2020,MF,train,performance,target_role_performance_index,strict_compatibility,train,-0.4458372138545901,-0.19805934021867383,-0.19805934021867383,-0.24777787363591625,0.24777787363591625
pts:163222:6574:IT1:2020,Grégoire Defrel,US Sassuolo,2020,MF,train,performance,target_role_performance_index,strict_compatibility,train,-0.0100060454022935,0.02584608445420363,0.02584608445420363,-0.035852129856497134,0.035852129856497134
pts:164771:12:IT1:2020,Jordan Veretout,AS Roma,2020,MF,train,performance,target_role_performance_index,strict_compatibility,train,0.278775365176043,0.20298887804844018,0.20298887804844018,0.07578648712760283,0.07578648712760283
pts:170544:3911:FR1:2020,Christophe Hérelle,Stade Brestois 29,2020,DF,train,performance,target_role_performance_index,strict_compatibility,train,-0.04286835884112,-0.08555122526989806,-0.08555122526989806,0.042682866428778055,0.042682866428778055
pts:176139:252:IT1:2020,Mattia Bani,Genoa CFC,2020,DF,train,performance,target_role_performance_index,strict_compatibility,train,-0.0742120873492362,-0.06784685945595073,-0.06784685945595073,-0.0063652278932854744,0.0063652278932854744
pts:178313:667:FR1:2020,Jean-Eudes Aholou,RC Strasbourg Alsace,2020,MF,train,performance,target_role_performance_index,strict_compatibility,train,-0.2721736678560519,-0.17317557120454813,-0.17317557120454813,-0.09899809665150378,0.09899809665150378
pts:182618:6195:IT1:2020,Tiemoué Bakayoko,SSC Napoli,2020,MF,train,performance,target_role_performance_index,strict_compatibility,train,-0.1854948372213373,-0.024997938869663932,-0.024997938869663932,-0.16049689835167338,0.16049689835167338
pts:182875:995:FR1:2020,Jean-Charles Castelletto,FC Nantes,2020,DF,train,performance,target_role_performance_index,strict_compatibility,train,-0.0557615046160552,-0.16139136199900186,-0.16139136199900186,0.10562985738294667,0.10562985738294667
pts:216179:46:IT1:2020,Stefano Sensi,Inter Milan,2020,MF,train,performance,target_role_performance_index,strict_compatibility,train,0.4807442099471353,0.34973682460382904,0.34973682460382904,0.13100738534330625,0.13100738534330625
pts:238752:1038:IT1:2020,Keita Baldé,UC Sampdoria,2020,FW,train,performance,target_role_performance_index,strict_compatibility,train,0.4924283460286408,0.1488651581258442,0.1488651581258442,0.3435631879027966,0.3435631879027966
pts:251896:16795:ES1:2020,Jesús Vallejo,Granada CF,2020,DF,train,performance,target_role_performance_index,strict_compatibility,train,-0.3531716708681887,-0.1999689697790512,-0.1999689697790512,-0.15320270108913747,0.15320270108913747
pts:25488:1038:IT1:2020,Antonio Candreva,UC Sampdoria,2020,MF,train,performance,target_role_performance_index,strict_compatibility,train,0.6952764647873328,0.30810295077501565,0.30810295077501565,0.3871735140123172,0.3871735140123172
pts:265763:347:FR1:2020,Thierry Ambrose,FC Metz,2020,FW,train,performance,target_role_performance_index,strict_compatibility,train,-0.2971358220859208,-0.042696835257999485,-0.042696835257999485,-0.2544389868279213,0.2544389868279213
pts:266795:398:IT1:2020,Gonzalo Escalante,SS Lazio,2020,MF,train,performance,target_role_performance_index,strict_compatibility,train,0.0290418495740172,-0.09893439646621724,-0.09893439646621724,0.12797624604023444,0.12797624604023444
pts:272261:276:IT1:2020,Antonín Barák,Hellas Verona,2020,MF,train,performance,target_role_performance_index,strict_compatibility,train,0.066936033847214,0.05429766642649142,0.05429766642649142,0.01263836742072258,0.01263836742072258
pts:282349:33:L1:2020,Timo Becker,FC Schalke 04,2020,DF,train,performance,target_role_performance_index,strict_compatibility,train,-0.2408332294326028,-0.11121156186649012,-0.11121156186649012,-0.12962166756611268,0.12962166756611268
pts:284595:1038:IT1:2020,Tommaso Augello,UC Sampdoria,2020,DF,train,performance,target_role_performance_index,strict_compatibility,train,-0.0450889023654918,0.04157065255581449,0.04157065255581449,-0.08665955492130628,0.08665955492130628
pts:284884:368:ES1:2020,Óscar Rodríguez Arnaiz,Sevilla FC,2020,MF,train,performance,target_role_performance_index,strict_compatibility,train,0.2412389004284352,0.17532118289839124,0.17532118289839124,0.06591771753004397,0.06591771753004397
pts:310458:276:IT1:2020,Giangiacomo Magnani,Hellas Verona,2020,DF,train,performance,target_role_performance_index,strict_compatibility,train,0.1077733207530889,-0.0024805776421413413,-0.0024805776421413413,0.11025389839523024,0.11025389839523024
pts:32467:368:ES1:2020,Ivan Rakitić,Sevilla FC,2020,MF,train,performance,target_role_performance_index,strict_compatibility,train,0.0186200129377294,0.0025548601224129504,0.0025548601224129504,0.01606515281531645,0.01606515281531645
pts:332179:800:IT1:2020,Matteo Pessina,Atalanta BC,2020,MF,train,performance,target_role_performance_index,strict_compatibility,train,0.168074008265223,0.16885170181093176,0.16885170181093176,-0.0007776935457087519,0.0007776935457087519
pts:340328:969:FR1:2020,Stephy Mavididi,Montpellier HSC,2020,FW,train,performance,target_role_performance_index,strict_compatibility,train,-0.135676210559173,-0.10456377558137867,-0.10456377558137867,-0.03111243497779434,0.03111243497779434
pts:40633:252:IT1:2020,Milan Badelj,Genoa CFC,2020,MF,train,performance,target_role_performance_index,strict_compatibility,train,0.1103432659308327,-0.006323815652113953,-0.006323815652113953,0.11666708158294666,0.11666708158294666
pts:43512:86:L1:2020,Ömer Toprak,SV Werder Bremen,2020,DF,train,performance,target_role_performance_index,strict_compatibility,train,0.0222320810772964,-0.07877659218090069,-0.07877659218090069,0.1010086732581971,0.1010086732581971
pts:43530:1237:GB1:2020,Adam Lallana,Brighton & Hove Albion,2020,MF,train,performance,target_role_performance_index,strict_compatibility,train,0.0335294164330063,0.04877635784332428,0.04877635784332428,-0.015246941410317981,0.015246941410317981
pts:44162:131:ES1:2020,Miralem Pjanić,FC Barcelona,2020,MF,train,performance,target_role_performance_index,strict_compatibility,train,0.4661024794013784,0.34501051505420405,0.34501051505420405,0.12109196434717434,0.12109196434717434
pts:468002:379:GB1:2020,Ben Johnson,West Ham United,2020,DF,train,performance,target_role_performance_index,strict_compatibility,train,-0.1054774607363679,-0.027133556260932338,-0.027133556260932338,-0.07834390447543557,0.07834390447543557
pts:481834:1390:IT1:2020,Andrea Carboni,Cagliari Calcio,2020,DF,train,performance,target_role_performance_index,strict_compatibility,train,0.1583543771798709,-0.12767475734535372,-0.12767475734535372,0.2860291345252246,0.2860291345252246
pts:505194:1003:GB1:2020,Luke Thomas,Leicester City,2020,DF,train,performance,target_role_performance_index,strict_compatibility,train,-0.1326452195432096,0.016203619535303936,0.016203619535303936,-0.14884883907851354,0.14884883907851354
pts:527698:366:ES1:2020,Kike Pérez,Real Valladolid CF,2020,MF,train,performance,target_role_performance_index,strict_compatibility,train,-0.2012546686415215,-0.25682493502404624,-0.25682493502404624,0.05557026638252474,0.05557026638252474
pts:56810:1038:IT1:2020,Adrien Silva,UC Sampdoria,2020,MF,train,performance,target_role_performance_index,strict_compatibility,train,-0.1856452628507144,-0.015157029141327927,-0.015157029141327927,-0.17048823370938646,0.17048823370938646
pts:56818:417:FR1:2020,Morgan Schneiderlin,OGC Nice,2020,MF,train,performance,target_role_performance_index,strict_compatibility,train,-0.2311907659698079,-0.26047483945290095,-0.26047483945290095,0.02928407348309306,0.02928407348309306
pts:569866:681:ES1:2020,Roberto López,Real Sociedad,2020,MF,train,performance,target_role_performance_index,strict_compatibility,train,0.1248109659964475,0.14245367484545066,0.14245367484545066,-0.017642708849003153,0.017642708849003153
pts:57280:430:IT1:2020,Giacomo Bonaventura,ACF Fiorentina,2020,MF,train,performance,target_role_performance_index,strict_compatibility,train,-0.0124280663319996,0.10428277142703356,0.10428277142703356,-0.11671083775903315,0.11671083775903315
pts:58396:86:L1:2020,Christian Groß,SV Werder Bremen,2020,MF,train,performance,target_role_performance_index,strict_compatibility,train,-0.4321081644309462,-0.1760691230038093,-0.1760691230038093,-0.25603904142713685,0.25603904142713685
pts:60444:31:GB1:2020,Thiago Alcántara,Liverpool FC,2020,MF,train,performance,target_role_performance_index,strict_compatibility,train,0.3663567928617925,0.30791884725511076,0.30791884725511076,0.05843794560668175,0.05843794560668175
pts:60542:16795:ES1:2020,Maxime Gonalons,Granada CF,2020,MF,train,performance,target_role_performance_index,strict_compatibility,train,-0.2746644179978531,-0.13545315485243556,-0.13545315485243556,-0.13921126314541757,0.13921126314541757
pts:61253:430:IT1:2020,José Callejón,ACF Fiorentina,2020,FW,train,performance,target_role_performance_index,strict_compatibility,train,-0.4732179504159932,-0.027626199187463747,-0.027626199187463747,-0.44559175122852945,0.44559175122852945
pts:82009:162:FR1:2020,Kevin Volland,AS Monaco,2020,FW,train,performance,target_role_performance_index,strict_compatibility,train,0.2147989263625239,0.06521391556835668,0.06521391556835668,0.14958501079416722,0.14958501079416722
pts:88682:1041:FR1:2020,Mattia De Sciglio,Olympique Lyon,2020,DF,train,performance,target_role_performance_index,strict_compatibility,train,0.1045967989973708,-0.14274297851317938,-0.14274297851317938,0.2473397775105502,0.2473397775105502
pts:88683:252:IT1:2020,Mattia Destro,Genoa CFC,2020,FW,train,performance,target_role_performance_index,strict_compatibility,train,0.0648934635422133,-0.013728311437720828,-0.013728311437720828,0.07862177497993413,0.07862177497993413
pts:94201:89:L1:2020,Robin Knoche,1.FC Union Berlin,2020,DF,train,performance,target_role_performance_index,strict_compatibility,train,-0.1173941898552407,-0.11943706187218128,-0.11943706187218128,0.002042872016940589,0.002042872016940589
pts:111630:368:ES1:2021,Érik Lamela,Sevilla FC,2021,FW,train,performance,target_role_performance_index,strict_compatibility,train,0.3417258592431989,0.06920448823836894,0.06920448823836894,0.27252137100483,0.27252137100483
pts:112935:3:L1:2021,Mark Uth,1.FC Köln,2021,MF,train,performance,target_role_performance_index,strict_compatibility,train,0.2769645573822479,-0.08282497076695053,-0.08282497076695053,0.3597895281491984,0.3597895281491984
pts:121477:379:GB1:2021,Craig Dawson,West Ham United,2021,DF,train,performance,target_role_performance_index,strict_compatibility,train,0.0539409100484652,-0.11352146085301978,-0.11352146085301978,0.16746237090148497,0.16746237090148497
pts:122797:417:FR1:2021,Andy Delort,OGC Nice,2021,FW,train,performance,target_role_performance_index,strict_compatibility,train,0.2198922388550678,0.06317925968162531,0.06317925968162531,0.1567129791734425,0.1567129791734425
pts:124715:252:IT1:2021,Nikola Maksimović,Genoa CFC,2021,DF,train,performance,target_role_performance_index,strict_compatibility,train,-0.0816290765926357,-0.09544054760179807,-0.09544054760179807,0.013811471009162371,0.013811471009162371
pts:126673:1025:IT1:2021,Adama Soumaoro,Bologna FC 1909,2021,DF,train,performance,target_role_performance_index,strict_compatibility,train,-0.1439177378434815,-0.10108422102044803,-0.10108422102044803,-0.04283351682303346,0.04283351682303346
pts:127032:1050:ES1:2021,Serge Aurier,Villarreal CF,2021,DF,train,performance,target_role_performance_index,strict_compatibility,train,-0.0015989407983626,0.008464378919962153,0.008464378919962153,-0.010063319718324753,0.010063319718324753
pts:130365:5:IT1:2021,Alessandro Florenzi,AC Milan,2021,DF,train,performance,target_role_performance_index,strict_compatibility,train,0.1894664109979056,0.18251426799360426,0.18251426799360426,0.006952143004301331,0.006952143004301331
pts:131951:276:IT1:2021,Kevin Lasagna,Hellas Verona,2021,MF,train,performance,target_role_performance_index,strict_compatibility,train,-0.0136922078930489,-0.07900244039123863,-0.07900244039123863,0.06531023249818974,0.06531023249818974
pts:134294:405:GB1:2021,Danny Ings,Aston Villa,2021,FW,train,performance,target_role_performance_index,strict_compatibility,train,-0.1457676404669584,0.05675683828402331,0.05675683828402331,-0.2025244787509817,0.2025244787509817
pts:135492:150:ES1:2021,Youssouf Sabaly,Real Betis Balompié,2021,DF,train,performance,target_role_performance_index,strict_compatibility,train,-0.0361071044456007,-0.047965502732460585,-0.047965502732460585,0.011858398286859882,0.011858398286859882
pts:14086:405:GB1:2021,Ashley Young,Aston Villa,2021,DF,train,performance,target_role_performance_index,strict_compatibility,train,-0.2591771795718305,0.0951364290827552,0.0951364290827552,-0.3543136086545857,0.3543136086545857
pts:146752:276:IT1:2021,Gianluca Caprari,Hellas Verona,2021,MF,train,performance,target_role_performance_index,strict_compatibility,train,0.5492209074180977,0.15709588035089161,0.15709588035089161,0.3921250270672061,0.3921250270672061
pts:159844:24:L1:2021,Christopher Lenz,Eintracht Frankfurt,2021,DF,train,performance,target_role_performance_index,strict_compatibility,train,0.3047625210451571,0.07442732187921197,0.07442732187921197,0.23033519916594514,0.23033519916594514
pts:164770:985:GB1:2021,Raphaël Varane,Manchester United,2021,DF,train,performance,target_role_performance_index,strict_compatibility,train,0.0068166288182674,-0.010524563473784023,-0.010524563473784023,0.017341192292051423,0.017341192292051423
pts:173900:1049:ES1:2021,Hélder Costa,Valencia CF,2021,MF,train,performance,target_role_performance_index,strict_compatibility,train,-0.1933665806632075,-0.06933024936821909,-0.06933024936821909,-0.12403633129498841,0.12403633129498841
pts:178313:667:FR1:2021,Jean-Eudes Aholou,RC Strasbourg Alsace,2021,MF,train,performance,target_role_performance_index,strict_compatibility,train,-0.2024012659748693,-0.18109028136906635,-0.18109028136906635,-0.02131098460580294,0.02131098460580294
pts:181378:273:FR1:2021,Gaëtan Laborde,Stade Rennais FC,2021,FW,train,performance,target_role_performance_index,strict_compatibility,train,0.1561903977378653,0.0887731546658894,0.0887731546658894,0.0674172430719759,0.0674172430719759
pts:182618:5:IT1:2021,Tiemoué Bakayoko,AC Milan,2021,MF,train,performance,target_role_performance_index,strict_compatibility,train,-0.2131398990837786,-0.14364909146926927,-0.14364909146926927,-0.06949080761450932,0.06949080761450932
pts:199369:3709:ES1:2021,Sandro Ramírez,Getafe CF,2021,FW,train,performance,target_role_performance_index,strict_compatibility,train,-0.2634356513108503,-0.025534209013733964,-0.025534209013733964,-0.23790144229711632,0.23790144229711632
pts:238752:1390:IT1:2021,Keita Baldé,Cagliari Calcio,2021,FW,train,performance,target_role_performance_index,strict_compatibility,train,-0.2689925277828365,0.18874749179974226,0.18874749179974226,-0.45774001958257876,0.45774001958257876
pts:25488:1038:IT1:2021,Antonio Candreva,UC Sampdoria,2021,MF,train,performance,target_role_performance_index,strict_compatibility,train,0.4489002926770559,0.11066449362742692,0.11066449362742692,0.33823579904962897,0.33823579904962897
pts:272261:276:IT1:2021,Antonín Barák,Hellas Verona,2021,MF,train,performance,target_role_performance_index,strict_compatibility,train,0.1859514658363216,-0.024607214440873045,-0.024607214440873045,0.21055868027719465,0.21055868027719465
pts:27389:667:FR1:2021,Kévin Gameiro,RC Strasbourg Alsace,2021,FW,train,performance,target_role_performance_index,strict_compatibility,train,0.1594682711175832,-0.05821247856399267,-0.05821247856399267,0.21768074968157586,0.21768074968157586
pts:279009:44:L1:2021,Marco Richter,Hertha BSC,2021,FW,train,performance,target_role_performance_index,strict_compatibility,train,-0.2359438982073742,-0.00649690066174179,-0.00649690066174179,-0.2294469975456324,0.2294469975456324
pts:310458:276:IT1:2021,Giangiacomo Magnani,Hellas Verona,2021,DF,train,performance,target_role_performance_index,strict_compatibility,train,0.1188697367430583,-0.06083908026277321,-0.06083908026277321,0.17970881700583152,0.17970881700583152
pts:315125:40:FR1:2021,Javairô Dilrosun,FC Girondins Bordeaux,2021,MF,train,performance,target_role_performance_index,strict_compatibility,train,0.2284914689086314,-0.008751782510009652,-0.008751782510009652,0.23724325141864105,0.23724325141864105
pts:319160:3709:ES1:2021,Jakub Jankto,Getafe CF,2021,DF,train,performance,target_role_performance_index,strict_compatibility,train,-0.345544785160429,-0.21246867553902546,-0.21246867553902546,-0.13307610962140357,0.13307610962140357
pts:344605:1003:GB1:2021,Boubakary Soumaré,Leicester City,2021,MF,train,performance,target_role_performance_index,strict_compatibility,train,-0.3375876882032144,0.04582771083070748,0.04582771083070748,-0.38341539903392186,0.38341539903392186
pts:352392:667:FR1:2021,Lucas Perrin,RC Strasbourg Alsace,2021,DF,train,performance,target_role_performance_index,strict_compatibility,train,0.183594828245179,0.20624242271603008,0.20624242271603008,-0.022647594470851073,0.022647594470851073
pts:395083:1421:FR1:2021,Andrew Gravillon,Stade Reims,2021,DF,train,performance,target_role_performance_index,strict_compatibility,train,-0.108516498857627,-0.12415368669530133,-0.12415368669530133,0.01563718783767433,0.01563718783767433
pts:471474:331:ES1:2021,Javi Martínez,CA Osasuna,2021,MF,train,performance,target_role_performance_index,strict_compatibility,train,-0.0932054086432752,-0.17411576294170383,-0.17411576294170383,0.08091035429842863,0.08091035429842863
pts:47713:969:FR1:2021,Mamadou Sakho,Montpellier HSC,2021,DF,train,performance,target_role_performance_index,strict_compatibility,train,0.061087696939246,-0.14920832976233347,-0.14920832976233347,0.21029602670157949,0.21029602670157949
pts:481084:1049:ES1:2021,Marcos André,Valencia CF,2021,FW,train,performance,target_role_performance_index,strict_compatibility,train,-0.2465551947252444,-0.06862315218109304,-0.06862315218109304,-0.17793204254415135,0.17793204254415135
pts:61842:29:GB1:2021,Andros Townsend,Everton FC,2021,MF,train,performance,target_role_performance_index,strict_compatibility,train,0.0990062878695013,-0.0864908496843439,-0.0864908496843439,0.1854971375538452,0.1854971375538452
pts:68864:1390:IT1:2021,Kevin Strootman,Cagliari Calcio,2021,MF,train,performance,target_role_performance_index,strict_compatibility,train,-0.4060157082122301,-0.1477749465462303,-0.1477749465462303,-0.2582407616659998,0.2582407616659998
pts:73185:1531:ES1:2021,Lucas Pérez,Elche CF,2021,FW,train,performance,target_role_performance_index,strict_compatibility,train,-0.4025994526039781,-0.11939564376775003,-0.11939564376775003,-0.2832038088362281,0.2832038088362281
pts:84765:1038:IT1:2021,Francesco Caputo,UC Sampdoria,2021,FW,train,performance,target_role_performance_index,strict_compatibility,train,-0.09480178746041,-0.06243369190882879,-0.06243369190882879,-0.03236809555158121,0.03236809555158121
pts:85383:2687:ES1:2021,Rubén Sobrino,Cádiz CF,2021,FW,train,performance,target_role_performance_index,strict_compatibility,train,-0.323480597360429,-0.2360389783686894,-0.2360389783686894,-0.0874416189917396,0.0874416189917396
pts:103565:969:FR1:2022,Wahbi Khazri,Montpellier HSC,2022,FW,validation,performance,target_role_performance_index,strict_compatibility,train,-0.1013394104690975,-0.07576540166617216,-0.07576540166617216,-0.025574008802925347,0.025574008802925347
pts:125614:3:L1:2022,Sargis Adamyan,1.FC Köln,2022,FW,validation,performance,target_role_performance_index,strict_compatibility,train,0.229805902355174,-0.02400241828366949,-0.02400241828366949,0.2538083206388435,0.2538083206388435
pts:128901:29:GB1:2022,Conor Coady,Everton FC,2022,DF,validation,performance,target_role_performance_index,strict_compatibility,train,-0.3785154630184046,-0.21236927651623833,-0.21236927651623833,-0.16614618650216628,0.16614618650216628
pts:130360:276:IT1:2022,Simone Verdi,Hellas Verona,2022,MF,validation,performance,target_role_performance_index,strict_compatibility,train,0.0169207875409273,0.22392144048338106,0.22392144048338106,-0.20700065294245376,0.20700065294245376
pts:131731:3522:IT1:2022,Mehdi Bourabia,Spezia Calcio,2022,MF,validation,performance,target_role_performance_index,strict_compatibility,train,-0.1826584389222718,-0.23516516070407553,-0.23516516070407553,0.05250672178180374,0.05250672178180374
pts:143559:237:ES1:2022,Matija Nastasić,RCD Mallorca,2022,DF,validation,performance,target_role_performance_index,strict_compatibility,train,-0.1792306942126124,-0.2852301319351904,-0.2852301319351904,0.10599943772257803,0.10599943772257803
pts:148368:5:IT1:2022,Divock Origi,AC Milan,2022,FW,validation,performance,target_role_performance_index,strict_compatibility,train,-0.3029384871997348,0.04789082745688445,0.04789082745688445,-0.35082931465661926,0.35082931465661926
pts:162038:367:ES1:2022,Raúl de Tomás,Rayo Vallecano,2022,FW,validation,performance,target_role_performance_index,strict_compatibility,train,0.0707166361944207,-0.09991519607851934,-0.09991519607851934,0.17063183227294004,0.17063183227294004
pts:164771:244:FR1:2022,Jordan Veretout,Olympique Marseille,2022,MF,validation,performance,target_role_performance_index,strict_compatibility,train,0.2243038876827403,-0.16145690320782424,-0.16145690320782424,0.38576079089056453,0.38576079089056453
pts:178313:667:FR1:2022,Jean-Eudes Aholou,RC Strasbourg Alsace,2022,MF,validation,performance,target_role_performance_index,strict_compatibility,train,-0.0843740642472896,-0.21605268947677359,-0.21605268947677359,0.13167862522948398,0.13167862522948398
pts:179635:80:L1:2022,Philipp Förster,VfL Bochum,2022,MF,validation,performance,target_role_performance_index,strict_compatibility,train,0.2497658783410802,-0.0217431514101136,-0.0217431514101136,0.2715090297511938,0.2715090297511938
pts:181378:417:FR1:2022,Gaëtan Laborde,OGC Nice,2022,FW,validation,performance,target_role_performance_index,strict_compatibility,train,0.2475454724224724,-0.07408939065858747,-0.07408939065858747,0.3216348630810599,0.3216348630810599
pts:195171:1049:ES1:2022,Samu Castillejo,Valencia CF,2022,FW,validation,performance,target_role_performance_index,strict_compatibility,train,0.1699031839183923,-0.18156472113153885,-0.18156472113153885,0.35146790504993114,0.35146790504993114
pts:197135:2687:ES1:2022,Joseba Zaldúa,Cádiz CF,2022,DF,validation,performance,target_role_performance_index,strict_compatibility,train,-0.1515728594397394,-0.1768120018694241,-0.1768120018694241,0.025239142429684724,0.025239142429684724
pts:197470:3522:IT1:2022,Mattia Caldara,Spezia Calcio,2022,DF,validation,performance,target_role_performance_index,strict_compatibility,train,-0.053929175801981,-0.21687134667208652,-0.21687134667208652,0.1629421708701055,0.1629421708701055
pts:203842:3522:IT1:2022,Viktor Kovalenko,Spezia Calcio,2022,MF,validation,performance,target_role_performance_index,strict_compatibility,train,-0.3024909617593159,-0.20396683212853928,-0.20396683212853928,-0.09852412963077661,0.09852412963077661
pts:206912:826:FR1:2022,Jimmy Cabot,RC Lens,2022,DF,validation,performance,target_role_performance_index,strict_compatibility,train,0.5148515066458027,0.14093028527405774,0.14093028527405774,0.373921221371745,0.373921221371745
pts:212391:1531:ES1:2022,Roger Martí,Elche CF,2022,FW,validation,performance,target_role_performance_index,strict_compatibility,train,-0.5839693255127909,-0.10279715608146336,-0.10279715608146336,-0.48117216943132757,0.48117216943132757
pts:223725:3709:ES1:2022,Munir El Haddadi,Getafe CF,2022,MF,validation,performance,target_role_performance_index,strict_compatibility,train,-0.1047755637388992,-0.05741632622299857,-0.05741632622299857,-0.047359237515900626,0.047359237515900626
pts:238868:331:ES1:2022,Rubén Peña,CA Osasuna,2022,DF,validation,performance,target_role_performance_index,strict_compatibility,train,0.0208384231398112,-0.08971649968985163,-0.08971649968985163,0.11055492282966282,0.11055492282966282
pts:247250:2687:ES1:2022,Rubén Alcaraz,Cádiz CF,2022,MF,validation,performance,target_role_performance_index,strict_compatibility,train,-0.199243390393139,-0.2116229021031177,-0.2116229021031177,0.012379511709978697,0.012379511709978697
pts:249126:1038:IT1:2022,Harry Winks,UC Sampdoria,2022,MF,validation,performance,target_role_performance_index,strict_compatibility,train,-0.2963272863330561,-0.09151519042233616,-0.09151519042233616,-0.20481209591071994,0.20481209591071994
pts:25488:380:IT1:2022,Antonio Candreva,US Salernitana 1919,2022,MF,validation,performance,target_role_performance_index,strict_compatibility,train,0.1284487868281881,0.09922511087445718,0.09922511087445718,0.029223675953730932,0.029223675953730932
pts:272261:430:IT1:2022,Antonín Barák,ACF Fiorentina,2022,MF,validation,performance,target_role_performance_index,strict_compatibility,train,-0.2543604511855559,-0.10266363429910713,-0.10266363429910713,-0.15169681688644876,0.15169681688644876
pts:284884:940:ES1:2022,Óscar Rodríguez Arnaiz,Celta de Vigo,2022,MF,validation,performance,target_role_performance_index,strict_compatibility,train,0.0663230384924339,0.034678267368591996,0.034678267368591996,0.031644771123841904,0.031644771123841904
pts:296879:3:L1:2022,Steffen Tigges,1.FC Köln,2022,FW,validation,performance,target_role_performance_index,strict_compatibility,train,-0.2670915408350345,0.356427235965966,0.356427235965966,-0.6235187768010004,0.6235187768010004
pts:307519:2687:ES1:2022,Fede San Emeterio,Cádiz CF,2022,MF,validation,performance,target_role_performance_index,strict_compatibility,train,-0.5438644742544602,-0.24398845255831866,-0.24398845255831866,-0.29987602169614147,0.29987602169614147
pts:309944:749:IT1:2022,Tyronne Ebuehi,FC Empoli,2022,DF,validation,performance,target_role_performance_index,strict_compatibility,train,-0.3178260615169885,-0.13923202295005732,-0.13923202295005732,-0.17859403856693118,0.17859403856693118
pts:315332:39:L1:2022,Aymen Barkok,1.FSV Mainz 05,2022,MF,validation,performance,target_role_performance_index,strict_compatibility,train,-0.0225196482254529,-0.07774660672328934,-0.07774660672328934,0.055226958497836445,0.055226958497836445
pts:335147:380:IT1:2022,Junior Sambia,US Salernitana 1919,2022,DF,validation,performance,target_role_performance_index,strict_compatibility,train,0.0660470361924331,-0.019515800704858404,-0.019515800704858404,0.08556283689729151,0.08556283689729151
pts:352392:667:FR1:2022,Lucas Perrin,RC Strasbourg Alsace,2022,DF,validation,performance,target_role_performance_index,strict_compatibility,train,-0.0595903235360186,0.07685410089266481,0.07685410089266481,-0.1364444244286834,0.1364444244286834
pts:353796:380:IT1:2022,Giulio Maggiore,US Salernitana 1919,2022,MF,validation,performance,target_role_performance_index,strict_compatibility,train,-0.3593241145595071,-0.03414553890128258,-0.03414553890128258,-0.3251785756582245,0.3251785756582245
pts:364133:416:IT1:2022,Pietro Pellegri,Torino FC,2022,FW,validation,performance,target_role_performance_index,strict_compatibility,train,-0.2504288748753068,-0.034710691603600435,-0.034710691603600435,-0.21571818327170636,0.21571818327170636
pts:364857:969:FR1:2022,Falaye Sacko,Montpellier HSC,2022,DF,validation,performance,target_role_performance_index,strict_compatibility,train,-0.1183029864594844,-0.057354689914800985,-0.057354689914800985,-0.06094829654468341,0.06094829654468341
pts:395083:1421:FR1:2022,Andrew Gravillon,Stade Reims,2022,DF,validation,performance,target_role_performance_index,strict_compatibility,train,-0.0834131394023335,-0.1367443960174715,-0.1367443960174715,0.05333125661513799,0.05333125661513799
pts:406806:380:IT1:2022,Emil Bohinen,US Salernitana 1919,2022,MF,validation,performance,target_role_performance_index,strict_compatibility,train,-0.1951160848070837,-0.09042713588913044,-0.09042713588913044,-0.10468894891795326,0.10468894891795326
pts:459655:380:IT1:2022,Matteo Lovato,US Salernitana 1919,2022,DF,validation,performance,target_role_performance_index,strict_compatibility,train,-0.3712782494072379,-0.02299155214898581,-0.02299155214898581,-0.3482866972582521,0.3482866972582521
pts:570817:1421:FR1:2022,Maxime Busi,Stade Reims,2022,DF,validation,performance,target_role_performance_index,strict_compatibility,train,0.0690291732653499,0.004379594755757974,0.004379594755757974,0.06464957850959192,0.06464957850959192
pts:60542:3524:FR1:2022,Maxime Gonalons,Clermont Foot 63,2022,MF,validation,performance,target_role_performance_index,strict_compatibility,train,-0.1998020065900159,-0.21998652347556108,-0.21998652347556108,0.02018451688554518,0.02018451688554518
pts:623040:276:IT1:2022,Yayah Kallon,Hellas Verona,2022,MF,validation,performance,target_role_performance_index,strict_compatibility,train,-0.0488668645685657,0.02989135992952594,0.02989135992952594,-0.07875822449809164,0.07875822449809164
pts:649452:244:FR1:2022,Issa Kaboré,Olympique Marseille,2022,DF,validation,performance,target_role_performance_index,strict_compatibility,train,0.1059164898846723,-0.06098397414348021,-0.06098397414348021,0.1669004640281525,0.1669004640281525
pts:74810:1148:GB1:2022,Ben Mee,Brentford FC,2022,DF,validation,performance,target_role_performance_index,strict_compatibility,train,-0.1890304924430426,-0.2390001913262639,-0.2390001913262639,0.04996969888322131,0.04996969888322131
pts:80444:405:GB1:2022,Philippe Coutinho,Aston Villa,2022,MF,validation,performance,target_role_performance_index,strict_compatibility,train,0.0189460447791729,0.19873036399484426,0.19873036399484426,-0.17978431921567137,0.17978431921567137
pts:81999:714:ES1:2022,Joselu,RCD Espanyol Barcelona,2022,FW,validation,performance,target_role_performance_index,strict_compatibility,train,-0.109444842540966,-0.15690807276654486,-0.15690807276654486,0.04746323022557887,0.04746323022557887
pts:84765:1038:IT1:2022,Francesco Caputo,UC Sampdoria,2022,FW,validation,performance,target_role_performance_index,strict_compatibility,train,-0.5978411031963797,-0.17188553656213623,-0.17188553656213623,-0.4259555666342435,0.4259555666342435
pts:88683:749:IT1:2022,Mattia Destro,FC Empoli,2022,FW,validation,performance,target_role_performance_index,strict_compatibility,train,-0.4700648022914896,-0.10598390999067894,-0.10598390999067894,-0.36408089230081064,0.36408089230081064
pts:127142:3911:FR1:2023,Jonas Martin,Stade Brestois 29,2023,MF,test,performance,target_role_performance_index,strict_compatibility,train_plus_validation,-0.00148130828891,-0.271662711989868,-0.271662711989868,0.270181403700958,0.270181403700958
pts:14086:29:GB1:2023,Ashley Young,Everton FC,2023,DF,test,performance,target_role_performance_index,strict_compatibility,train_plus_validation,-0.2625137035514288,-0.10484459503733858,-0.10484459503733858,-0.15766910851409022,0.15766910851409022
pts:148368:703:GB1:2023,Divock Origi,Nottingham Forest,2023,FW,test,performance,target_role_performance_index,strict_compatibility,train_plus_validation,-0.460832821440339,-0.1547336131703734,-0.1547336131703734,-0.3060992082699656,0.3060992082699656
pts:182618:1158:FR1:2023,Tiemoué Bakayoko,FC Lorient,2023,MF,test,performance,target_role_performance_index,strict_compatibility,train_plus_validation,-0.270841401120984,-0.2796727825678201,-0.2796727825678201,0.008831381446836095,0.008831381446836095
pts:186988:167:L1:2023,Sven Michel,FC Augsburg,2023,FW,test,performance,target_role_performance_index,strict_compatibility,train_plus_validation,-0.2851671838153846,-0.002642062295143479,-0.002642062295143479,-0.2825251215202411,0.2825251215202411
pts:195171:6574:IT1:2023,Samu Castillejo,US Sassuolo,2023,FW,test,performance,target_role_performance_index,strict_compatibility,train_plus_validation,-0.0769929248487447,0.06994645354859458,0.06994645354859458,-0.14693937839733928,0.14693937839733928
pts:203842:749:IT1:2023,Viktor Kovalenko,FC Empoli,2023,MF,test,performance,target_role_performance_index,strict_compatibility,train_plus_validation,-0.3093495601868569,-0.11250097335503989,-0.11250097335503989,-0.196848586831817,0.196848586831817
pts:241076:749:IT1:2023,Emmanuel Gyasi,FC Empoli,2023,DF,test,performance,target_role_performance_index,strict_compatibility,train_plus_validation,-0.4470235837382667,-0.18599052401903324,-0.18599052401903324,-0.2610330597192335,0.2610330597192335
pts:251845:1049:ES1:2023,Sergi Canós,Valencia CF,2023,MF,test,performance,target_role_performance_index,strict_compatibility,train_plus_validation,-0.0881567218352155,0.04519586780674119,0.04519586780674119,-0.13335258964195668,0.13335258964195668
pts:25488:380:IT1:2023,Antonio Candreva,US Salernitana 1919,2023,MF,test,performance,target_role_performance_index,strict_compatibility,train_plus_validation,0.1326601085789186,-0.07162229403101651,-0.07162229403101651,0.20428240260993513,0.20428240260993513
pts:256429:2687:ES1:2023,Sergi Guardiola,Cádiz CF,2023,FW,test,performance,target_role_performance_index,strict_compatibility,train_plus_validation,-0.0728241703356003,-0.26580952641520234,-0.26580952641520234,0.19298535607960204,0.19298535607960204
pts:257751:749:IT1:2023,Simone Bastoni,FC Empoli,2023,MF,test,performance,target_role_performance_index,strict_compatibility,train_plus_validation,-0.2311391897703687,-0.13284116783058075,-0.13284116783058075,-0.09829802193978796,0.09829802193978796
pts:266795:2687:ES1:2023,Gonzalo Escalante,Cádiz CF,2023,MF,test,performance,target_role_performance_index,strict_compatibility,train_plus_validation,-0.3948103424541883,-0.29964227981653807,-0.29964227981653807,-0.09516806263765021,0.09516806263765021
pts:277635:2687:ES1:2023,Rominigue Kouamé,Cádiz CF,2023,MF,test,performance,target_role_performance_index,strict_compatibility,train_plus_validation,-0.3521209568556113,-0.09891058948073625,-0.09891058948073625,-0.253210367374875,0.253210367374875
pts:279009:39:L1:2023,Marco Richter,1.FSV Mainz 05,2023,MF,test,performance,target_role_performance_index,strict_compatibility,train_plus_validation,-0.0325745054200632,-0.07507650196002176,-0.07507650196002176,0.04250199653995856,0.04250199653995856
pts:284884:3709:ES1:2023,Óscar Rodríguez Arnaiz,Getafe CF,2023,MF,test,performance,target_role_performance_index,strict_compatibility,train_plus_validation,0.1596021542337691,-0.0718106520964546,-0.0718106520964546,0.2314128063302237,0.2314128063302237
pts:286779:2687:ES1:2023,Jorge Meré,Cádiz CF,2023,DF,test,performance,target_role_performance_index,strict_compatibility,train_plus_validation,-0.4762030315375522,-0.2911225623798317,-0.2911225623798317,-0.18508046915772053,0.18508046915772053
pts:32113:2919:IT1:2023,Armando Izzo,AC Monza,2023,DF,test,performance,target_role_performance_index,strict_compatibility,train_plus_validation,-0.1022226370685662,-0.16865170165578078,-0.16865170165578078,0.06642906458721458,0.06642906458721458
pts:332179:2919:IT1:2023,Matteo Pessina,AC Monza,2023,MF,test,performance,target_role_performance_index,strict_compatibility,train_plus_validation,-0.0809696478446083,-0.0443975766182433,-0.0443975766182433,-0.03657207122636501,0.03657207122636501
pts:344605:368:ES1:2023,Boubakary Soumaré,Sevilla FC,2023,MF,test,performance,target_role_performance_index,strict_compatibility,train_plus_validation,-0.4284249111224513,-0.1906783131993724,-0.1906783131993724,-0.2377465979230789,0.2377465979230789
pts:364857:969:FR1:2023,Falaye Sacko,Montpellier HSC,2023,DF,test,performance,target_role_performance_index,strict_compatibility,train_plus_validation,0.0187598712154383,0.0781930791924246,0.0781930791924246,-0.0594332079769863,0.0594332079769863
pts:369267:3524:FR1:2023,Maximiliano Caufriez,Clermont Foot 63,2023,DF,test,performance,target_role_performance_index,strict_compatibility,train_plus_validation,-0.0587395565092398,-0.09557698423157726,-0.09557698423157726,0.03683742772233746,0.03683742772233746
pts:377219:1049:ES1:2023,Selim Amallah,Valencia CF,2023,FW,test,performance,target_role_performance_index,strict_compatibility,train_plus_validation,-0.5279945220693149,0.0047039718010155026,0.0047039718010155026,-0.5326984938703303,0.5326984938703303
pts:396894:2687:ES1:2023,Maxi Gómez,Cádiz CF,2023,FW,test,performance,target_role_performance_index,strict_compatibility,train_plus_validation,-0.8032613982861265,-0.4859556995923652,-0.4859556995923652,-0.31730569869376135,0.31730569869376135
pts:399543:1005:IT1:2023,Remi Oudin,US Lecce,2023,MF,test,performance,target_role_performance_index,strict_compatibility,train_plus_validation,-0.0853559839110031,-0.14419408841631545,-0.14419408841631545,0.05883810450531235,0.05883810450531235
pts:39983:89:L1:2023,Leonardo Bonucci,1.FC Union Berlin,2023,DF,test,performance,target_role_performance_index,strict_compatibility,train_plus_validation,-0.2693724630343981,-0.29589004440055244,-0.29589004440055244,0.02651758136615434,0.02651758136615434
pts:42412:985:GB1:2023,Jonny Evans,Manchester United,2023,DF,test,performance,target_role_performance_index,strict_compatibility,train_plus_validation,-0.0482722990724062,-0.1845148388190179,-0.1845148388190179,0.1362425397466117,0.1362425397466117
pts:442805:3302:ES1:2023,Iddrisu Baba,UD Almería,2023,MF,test,performance,target_role_performance_index,strict_compatibility,train_plus_validation,-0.4866812707582281,-0.24695380196786695,-0.24695380196786695,-0.23972746879036114,0.23972746879036114
pts:456492:3:L1:2023,Faride Alidou,1.FC Köln,2023,FW,test,performance,target_role_performance_index,strict_compatibility,train_plus_validation,-0.2906456254362946,0.05159657558538663,0.05159657558538663,-0.3422422010216812,0.3422422010216812
pts:468066:6195:IT1:2023,Jens Cajuste,SSC Napoli,2023,MF,test,performance,target_role_performance_index,strict_compatibility,train_plus_validation,0.0216301521977361,0.10133032993537933,0.10133032993537933,-0.07970017773764322,0.07970017773764322
pts:489611:749:IT1:2023,Filippo Ranocchia,FC Empoli,2023,MF,test,performance,target_role_performance_index,strict_compatibility,train_plus_validation,-0.335205617493965,0.008511337912308396,0.008511337912308396,-0.3437169554062734,0.3437169554062734
pts:527698:367:ES1:2023,Kike Pérez,Rayo Vallecano,2023,MF,test,performance,target_role_performance_index,strict_compatibility,train_plus_validation,-0.132927502100232,-0.0920268656606468,-0.0920268656606468,-0.04090063643958519,0.04090063643958519
pts:55769:2919:IT1:2023,Danilo D'Ambrosio,AC Monza,2023,DF,test,performance,target_role_performance_index,strict_compatibility,train_plus_validation,-0.0111363817584316,-0.10225737961918731,-0.10225737961918731,0.09112099786075571,0.09112099786075571
pts:66100:131:ES1:2023,Oriol Romeu,FC Barcelona,2023,MF,test,performance,target_role_performance_index,strict_compatibility,train_plus_validation,0.0424009057521834,-0.21714719583132686,-0.21714719583132686,0.25954810158351027,0.25954810158351027
pts:81999:418:ES1:2023,Joselu,Real Madrid,2023,FW,test,performance,target_role_performance_index,strict_compatibility,train_plus_validation,0.1171676941794814,-0.15032743863792442,-0.15032743863792442,0.26749513281740583,0.26749513281740583
pts:82009:89:L1:2023,Kevin Volland,1.FC Union Berlin,2023,FW,test,performance,target_role_performance_index,strict_compatibility,train_plus_validation,-0.1787266116176786,-0.2080844139565658,-0.2080844139565658,0.029357802338887184,0.029357802338887184
pts:82048:1005:IT1:2023,Nicola Sansone,US Lecce,2023,FW,test,performance,target_role_performance_index,strict_compatibility,train_plus_validation,0.1944492591659974,-0.04385800017973917,-0.04385800017973917,0.23830725934573657,0.23830725934573657
pts:82503:367:ES1:2023,Aridane Hernández,Rayo Vallecano,2023,DF,test,performance,target_role_performance_index,strict_compatibility,train_plus_validation,-0.4059393287007372,-0.2634564996491297,-0.2634564996491297,-0.14248282905160747,0.14248282905160747
pts:84765:749:IT1:2023,Francesco Caputo,FC Empoli,2023,FW,test,performance,target_role_performance_index,strict_compatibility,train_plus_validation,-0.570834149022457,-0.3582055736317834,-0.3582055736317834,-0.2126285753906736,0.2126285753906736
pts:103565:618:FR1:2018,Wahbi Khazri,AS Saint-Étienne,2018,FW,train,adaptation,target_performance_change_rolling3,mean_only,train,0.2398746922186373,-0.03496171479267459,-0.03496171479267459,0.2748364070113119,0.2748364070113119
pts:112935:33:L1:2018,Mark Uth,FC Schalke 04,2018,FW,train,adaptation,target_performance_change_rolling3,mean_only,train,-0.417968773100556,-0.03496171479267459,-0.03496171479267459,-0.38300705830788145,0.38300705830788145
pts:122797:969:FR1:2018,Andy Delort,Montpellier HSC,2018,FW,train,adaptation,target_performance_change_rolling3,mean_only,train,0.3556032079460516,-0.03496171479267459,-0.03496171479267459,0.3905649227387262,0.3905649227387262
pts:124902:6574:IT1:2018,Khouma Babacar,US Sassuolo,2018,FW,train,adaptation,target_performance_change_rolling3,mean_only,train,-0.0453591631851475,-0.03496171479267459,-0.03496171479267459,-0.010397448392472912,0.010397448392472912
pts:126719:583:FR1:2018,Juan Bernat,Paris Saint-Germain,2018,DF,train,adaptation,target_performance_change_rolling3,mean_only,train,-0.135058193032193,-0.03496171479267459,-0.03496171479267459,-0.1000964782395184,0.1000964782395184
pts:127076:82:L1:2018,Jérôme Roussillon,VfL Wolfsburg,2018,DF,train,adaptation,target_performance_change_rolling3,mean_only,train,0.0685626280166585,-0.03496171479267459,-0.03496171479267459,0.10352434280933309,0.10352434280933309
pts:129476:1010:GB1:2018,Gerard Deulofeu,Watford FC,2018,FW,train,adaptation,target_performance_change_rolling3,mean_only,train,0.3077747629553146,-0.03496171479267459,-0.03496171479267459,0.34273647774798915,0.34273647774798915
pts:130360:6195:IT1:2018,Simone Verdi,SSC Napoli,2018,MF,train,adaptation,target_performance_change_rolling3,mean_only,train,0.6403492601405796,-0.03496171479267459,-0.03496171479267459,0.6753109749332542,0.6753109749332542
pts:163222:1038:IT1:2018,Grégoire Defrel,UC Sampdoria,2018,FW,train,adaptation,target_performance_change_rolling3,mean_only,train,0.1591687084396457,-0.03496171479267459,-0.03496171479267459,0.1941304232323203,0.1941304232323203
pts:170544:417:FR1:2018,Christophe Hérelle,OGC Nice,2018,DF,train,adaptation,target_performance_change_rolling3,mean_only,train,0.1820810523189177,-0.03496171479267459,-0.03496171479267459,0.2170427671115923,0.2170427671115923
pts:170953:1420:FR1:2018,Stéphane Bahoken,Angers SCO,2018,FW,train,adaptation,target_performance_change_rolling3,mean_only,train,0.0157135175541998,-0.03496171479267459,-0.03496171479267459,0.05067523234687439,0.05067523234687439
pts:178313:162:FR1:2018,Jean-Eudes Aholou,AS Monaco,2018,MF,train,adaptation,target_performance_change_rolling3,mean_only,train,0.0892569852369407,-0.03496171479267459,-0.03496171479267459,0.1242187000296153,0.1242187000296153
pts:181378:969:FR1:2018,Gaëtan Laborde,Montpellier HSC,2018,FW,train,adaptation,target_performance_change_rolling3,mean_only,train,0.1815079998110578,-0.03496171479267459,-0.03496171479267459,0.2164697146037324,0.2164697146037324
pts:182618:5:IT1:2018,Tiemoué Bakayoko,AC Milan,2018,MF,train,adaptation,target_performance_change_rolling3,mean_only,train,0.0877745430676954,-0.03496171479267459,-0.03496171479267459,0.12273625786036998,0.12273625786036998
pts:183031:416:IT1:2018,Koffi Djidji,Torino FC,2018,DF,train,adaptation,target_performance_change_rolling3,mean_only,train,0.0931288645156666,-0.03496171479267459,-0.03496171479267459,0.1280905793083412,0.1280905793083412
pts:195171:5:IT1:2018,Samu Castillejo,AC Milan,2018,FW,train,adaptation,target_performance_change_rolling3,mean_only,train,-0.0657596164449256,-0.03496171479267459,-0.03496171479267459,-0.030797901652251013,0.030797901652251013
pts:199258:2722:IT1:2018,Andrea Petagna,SPAL,2018,FW,train,adaptation,target_performance_change_rolling3,mean_only,train,0.006432434898274,-0.03496171479267459,-0.03496171479267459,0.04139414969094859,0.04139414969094859
pts:199369:681:ES1:2018,Sandro Ramírez,Real Sociedad,2018,FW,train,adaptation,target_performance_change_rolling3,mean_only,train,0.2004085916295001,-0.03496171479267459,-0.03496171479267459,0.23537030642217469,0.23537030642217469
pts:236041:1416:FR1:2018,Alexis Blin,Amiens SC,2018,MF,train,adaptation,target_performance_change_rolling3,mean_only,train,-0.1693716122883639,-0.03496171479267459,-0.03496171479267459,-0.1344098974956893,0.1344098974956893
pts:236400:1041:FR1:2018,Leo Dubois,Olympique Lyon,2018,DF,train,adaptation,target_performance_change_rolling3,mean_only,train,0.0894328945788299,-0.03496171479267459,-0.03496171479267459,0.12439460937150448,0.12439460937150448
pts:238752:46:IT1:2018,Keita Baldé,Inter Milan,2018,FW,train,adaptation,target_performance_change_rolling3,mean_only,train,0.5921157035050643,-0.03496171479267459,-0.03496171479267459,0.6270774182977389,0.6270774182977389
pts:241229:244:FR1:2018,Jordan Amavi,Olympique Marseille,2018,DF,train,adaptation,target_performance_change_rolling3,mean_only,train,0.0284280824636408,-0.03496171479267459,-0.03496171479267459,0.06338979725631538,0.06338979725631538
pts:27389:1049:ES1:2018,Kévin Gameiro,Valencia CF,2018,FW,train,adaptation,target_performance_change_rolling3,mean_only,train,0.1508166360204978,-0.03496171479267459,-0.03496171479267459,0.1857783508131724,0.1857783508131724
pts:28140:415:FR1:2018,Max Gradel,FC Toulouse,2018,FW,train,adaptation,target_performance_change_rolling3,mean_only,train,0.1192588917386566,-0.03496171479267459,-0.03496171479267459,0.15422060653133118,0.15422060653133118
pts:302215:31:GB1:2018,Naby Keïta,Liverpool FC,2018,MF,train,adaptation,target_performance_change_rolling3,mean_only,train,0.0592121704581427,-0.03496171479267459,-0.03496171479267459,0.0941738852508173,0.0941738852508173
pts:302991:3368:ES1:2018,Erick Cabaco,Levante UD,2018,DF,train,adaptation,target_performance_change_rolling3,mean_only,train,0.208749687232281,-0.03496171479267459,-0.03496171479267459,0.2437114020249556,0.2437114020249556
pts:319160:1038:IT1:2018,Jakub Jankto,UC Sampdoria,2018,MF,train,adaptation,target_performance_change_rolling3,mean_only,train,-0.1416990773812824,-0.03496171479267459,-0.03496171479267459,-0.1067373625886078,0.1067373625886078
pts:32113:416:IT1:2018,Armando Izzo,Torino FC,2018,DF,train,adaptation,target_performance_change_rolling3,mean_only,train,0.1342631242311552,-0.03496171479267459,-0.03496171479267459,0.1692248390238298,0.1692248390238298
pts:335147:969:FR1:2018,Junior Sambia,Montpellier HSC,2018,MF,train,adaptation,target_performance_change_rolling3,mean_only,train,0.1216146173183649,-0.03496171479267459,-0.03496171479267459,0.1565763321110395,0.1565763321110395
pts:34322:11:GB1:2018,Sokratis Papastathopoulos,Arsenal FC,2018,DF,train,adaptation,target_performance_change_rolling3,mean_only,train,-0.4922231689136674,-0.03496171479267459,-0.03496171479267459,-0.45726145412099284,0.45726145412099284
pts:38607:6574:IT1:2018,Federico Di Francesco,US Sassuolo,2018,FW,train,adaptation,target_performance_change_rolling3,mean_only,train,0.5367634431934599,-0.03496171479267459,-0.03496171479267459,0.5717251579861345,0.5717251579861345
pts:39983:506:IT1:2018,Leonardo Bonucci,Juventus FC,2018,DF,train,adaptation,target_performance_change_rolling3,mean_only,train,-0.2066418544205812,-0.03496171479267459,-0.03496171479267459,-0.1716801396279066,0.1716801396279066
pts:40633:398:IT1:2018,Milan Badelj,SS Lazio,2018,MF,train,adaptation,target_performance_change_rolling3,mean_only,train,-0.0345528901671884,-0.03496171479267459,-0.03496171479267459,0.0004088246254861927,0.0004088246254861927
pts:42412:1003:GB1:2018,Jonny Evans,Leicester City,2018,DF,train,adaptation,target_performance_change_rolling3,mean_only,train,-0.0053608033968254,-0.03496171479267459,-0.03496171479267459,0.02960091139584919,0.02960091139584919
pts:427161:667:FR1:2018,Lebo Mothiba,RC Strasbourg Alsace,2018,FW,train,adaptation,target_performance_change_rolling3,mean_only,train,0.0827879659328429,-0.03496171479267459,-0.03496171479267459,0.1177496807255175,0.1177496807255175
pts:432772:162:FR1:2018,Samuel Grandsir,AS Monaco,2018,FW,train,adaptation,target_performance_change_rolling3,mean_only,train,-0.4682797569064877,-0.03496171479267459,-0.03496171479267459,-0.43331804211381314,0.43331804211381314
pts:44059:252:IT1:2018,Ervin Zukanović,Genoa CFC,2018,DF,train,adaptation,target_performance_change_rolling3,mean_only,train,-0.2645285130193119,-0.03496171479267459,-0.03496171479267459,-0.2295667982266373,0.2295667982266373
pts:483573:1108:ES1:2018,Martin Agirregabiria,Deportivo Alavés,2018,DF,train,adaptation,target_performance_change_rolling3,mean_only,train,-0.0687938413006737,-0.03496171479267459,-0.03496171479267459,-0.03383212650799911,0.03383212650799911
pts:56100:1237:GB1:2018,Leon Balogun,Brighton & Hove Albion,2018,DF,train,adaptation,target_performance_change_rolling3,mean_only,train,-0.4885144518723414,-0.03496171479267459,-0.03496171479267459,-0.4535527370796668,0.4535527370796668
pts:60542:368:ES1:2018,Maxime Gonalons,Sevilla FC,2018,MF,train,adaptation,target_performance_change_rolling3,mean_only,train,-0.536243535453868,-0.03496171479267459,-0.03496171479267459,-0.5012818206611934,0.5012818206611934
pts:60577:416:IT1:2018,Nicolas Nkoulou,Torino FC,2018,DF,train,adaptation,target_performance_change_rolling3,mean_only,train,-0.1054111988463311,-0.03496171479267459,-0.03496171479267459,-0.0704494840536565,0.0704494840536565
pts:66934:873:GB1:2018,Cheikhou Kouyaté,Crystal Palace,2018,MF,train,adaptation,target_performance_change_rolling3,mean_only,train,-0.0070398177604146,-0.03496171479267459,-0.03496171479267459,0.02792189703225999,0.02792189703225999
pts:68645:1237:GB1:2018,Martín Montoya,Brighton & Hove Albion,2018,DF,train,adaptation,target_performance_change_rolling3,mean_only,train,-0.4082289096079252,-0.03496171479267459,-0.03496171479267459,-0.3732671948152506,0.3732671948152506
pts:68864:244:FR1:2018,Kevin Strootman,Olympique Marseille,2018,MF,train,adaptation,target_performance_change_rolling3,mean_only,train,-0.0666978327393492,-0.03496171479267459,-0.03496171479267459,-0.031736117946674615,0.031736117946674615
pts:73185:379:GB1:2018,Lucas Pérez,West Ham United,2018,FW,train,adaptation,target_performance_change_rolling3,mean_only,train,-0.2100535449774226,-0.03496171479267459,-0.03496171479267459,-0.175091830184748,0.175091830184748
pts:73734:12:IT1:2018,Steven Nzonzi,AS Roma,2018,MF,train,adaptation,target_performance_change_rolling3,mean_only,train,-0.1130404063138265,-0.03496171479267459,-0.03496171479267459,-0.0780786915211519,0.0780786915211519
pts:74228:12321:ES1:2018,Marc Muniesa,Girona FC,2018,DF,train,adaptation,target_performance_change_rolling3,mean_only,train,0.0864573448888994,-0.03496171479267459,-0.03496171479267459,0.12141905968157399,0.12141905968157399
pts:88909:1038:IT1:2018,Riccardo Saponara,UC Sampdoria,2018,MF,train,adaptation,target_performance_change_rolling3,mean_only,train,0.3920051558620592,-0.03496171479267459,-0.03496171479267459,0.42696687065473377,0.42696687065473377
pts:95641:1108:ES1:2018,Darko Brašanac,Deportivo Alavés,2018,MF,train,adaptation,target_performance_change_rolling3,mean_only,train,-0.367988216917004,-0.03496171479267459,-0.03496171479267459,-0.33302650212432944,0.33302650212432944
pts:99232:410:IT1:2018,Marco D'Alessandro,Udinese Calcio,2018,DF,train,adaptation,target_performance_change_rolling3,mean_only,train,0.1557399747876676,-0.03496171479267459,-0.03496171479267459,0.1907016895803422,0.1907016895803422
pts:101213:6574:IT1:2019,Pedro Obiang,US Sassuolo,2019,MF,train,adaptation,target_performance_change_rolling3,mean_only,train,0.0644518084044922,-0.03496171479267459,-0.03496171479267459,0.09941352319716679,0.09941352319716679
pts:104752:6195:IT1:2019,Kostas Manolas,SSC Napoli,2019,DF,train,adaptation,target_performance_change_rolling3,mean_only,train,-0.1755897204845911,-0.03496171479267459,-0.03496171479267459,-0.1406280056919165,0.1406280056919165
pts:118284:969:FR1:2019,Jordan Ferri,Montpellier HSC,2019,MF,train,adaptation,target_performance_change_rolling3,mean_only,train,-0.087587552821512,-0.03496171479267459,-0.03496171479267459,-0.052625838028837406,0.052625838028837406
pts:122797:969:FR1:2019,Andy Delort,Montpellier HSC,2019,FW,train,adaptation,target_performance_change_rolling3,mean_only,train,0.1446063061196765,-0.03496171479267459,-0.03496171479267459,0.1795680209123511,0.1795680209123511
pts:127156:969:FR1:2019,Téji Savanier,Montpellier HSC,2019,MF,train,adaptation,target_performance_change_rolling3,mean_only,train,-0.3841574058338453,-0.03496171479267459,-0.03496171479267459,-0.3491956910411707,0.3491956910411707
pts:130360:416:IT1:2019,Simone Verdi,Torino FC,2019,MF,train,adaptation,target_performance_change_rolling3,mean_only,train,-0.0867196790635629,-0.03496171479267459,-0.03496171479267459,-0.05175796427088831,0.05175796427088831
pts:131708:1244:ES1:2019,Kenneth Omeruo,CD Leganés,2019,DF,train,adaptation,target_performance_change_rolling3,mean_only,train,0.0890176259420824,-0.03496171479267459,-0.03496171479267459,0.123979340734757,0.123979340734757
pts:134294:180:GB1:2019,Danny Ings,Southampton FC,2019,FW,train,adaptation,target_performance_change_rolling3,mean_only,train,0.1566755385049976,-0.03496171479267459,-0.03496171479267459,0.1916372532976722,0.1916372532976722
pts:146854:162:FR1:2019,Wissam Ben Yedder,AS Monaco,2019,FW,train,adaptation,target_performance_change_rolling3,mean_only,train,0.2625371747611386,-0.03496171479267459,-0.03496171479267459,0.29749888955381315,0.29749888955381315
pts:162056:3368:ES1:2019,Gonzalo Melero,Levante UD,2019,MF,train,adaptation,target_performance_change_rolling3,mean_only,train,-0.3229641096890749,-0.03496171479267459,-0.03496171479267459,-0.28800239489640034,0.28800239489640034
pts:163222:6574:IT1:2019,Grégoire Defrel,US Sassuolo,2019,FW,train,adaptation,target_performance_change_rolling3,mean_only,train,-0.0180771083834685,-0.03496171479267459,-0.03496171479267459,0.01688460640920609,0.01688460640920609
pts:164771:12:IT1:2019,Jordan Veretout,AS Roma,2019,MF,train,adaptation,target_performance_change_rolling3,mean_only,train,-0.2274931029749058,-0.03496171479267459,-0.03496171479267459,-0.1925313881822312,0.1925313881822312
pts:165873:366:ES1:2019,Federico Barba,Real Valladolid CF,2019,DF,train,adaptation,target_performance_change_rolling3,mean_only,train,0.0413126250911732,-0.03496171479267459,-0.03496171479267459,0.0762743398838478,0.0762743398838478
pts:167859:252:IT1:2019,Stefano Sturaro,Genoa CFC,2019,MF,train,adaptation,target_performance_change_rolling3,mean_only,train,0.0442132710145645,-0.03496171479267459,-0.03496171479267459,0.07917498580723908,0.07917498580723908
pts:176139:1025:IT1:2019,Mattia Bani,Bologna FC 1909,2019,DF,train,adaptation,target_performance_change_rolling3,mean_only,train,0.047977658693667,-0.03496171479267459,-0.03496171479267459,0.08293937348634159,0.08293937348634159
pts:178313:618:FR1:2019,Jean-Eudes Aholou,AS Saint-Étienne,2019,MF,train,adaptation,target_performance_change_rolling3,mean_only,train,0.1315981585618627,-0.03496171479267459,-0.03496171479267459,0.16655987335453729,0.16655987335453729
pts:182618:162:FR1:2019,Tiemoué Bakayoko,AS Monaco,2019,MF,train,adaptation,target_performance_change_rolling3,mean_only,train,-0.08652728670792,-0.03496171479267459,-0.03496171479267459,-0.051565571915245405,0.051565571915245405
pts:183031:416:IT1:2019,Koffi Djidji,Torino FC,2019,DF,train,adaptation,target_performance_change_rolling3,mean_only,train,0.246541368374016,-0.03496171479267459,-0.03496171479267459,0.2815030831666906,0.2815030831666906
pts:199258:2722:IT1:2019,Andrea Petagna,SPAL,2019,FW,train,adaptation,target_performance_change_rolling3,mean_only,train,-0.1772971019444863,-0.03496171479267459,-0.03496171479267459,-0.1423353871518117,0.1423353871518117
pts:199369:366:ES1:2019,Sandro Ramírez,Real Valladolid CF,2019,FW,train,adaptation,target_performance_change_rolling3,mean_only,train,-0.0316316708915755,-0.03496171479267459,-0.03496171479267459,0.003330043901099089,0.003330043901099089
pts:202278:273:FR1:2019,Flavien Tait,Stade Rennais FC,2019,MF,train,adaptation,target_performance_change_rolling3,mean_only,train,-0.1070224901317553,-0.03496171479267459,-0.03496171479267459,-0.0720607753390807,0.0720607753390807
pts:203496:150:ES1:2019,Nabil Fekir,Real Betis Balompié,2019,MF,train,adaptation,target_performance_change_rolling3,mean_only,train,-0.4966413857185665,-0.03496171479267459,-0.03496171479267459,-0.4616796709258919,0.4616796709258919
pts:216179:46:IT1:2019,Stefano Sensi,Inter Milan,2019,MF,train,adaptation,target_performance_change_rolling3,mean_only,train,0.4763285480739661,-0.03496171479267459,-0.03496171479267459,0.5112902628666407,0.5112902628666407
pts:236041:1416:FR1:2019,Alexis Blin,Amiens SC,2019,MF,train,adaptation,target_performance_change_rolling3,mean_only,train,-0.166417542202136,-0.03496171479267459,-0.03496171479267459,-0.1314558274094614,0.1314558274094614
pts:238868:1050:ES1:2019,Rubén Peña,Villarreal CF,2019,DF,train,adaptation,target_performance_change_rolling3,mean_only,train,-0.1613994833059892,-0.03496171479267459,-0.03496171479267459,-0.1264377685133146,0.1264377685133146
pts:274484:1041:FR1:2019,Youssouf Koné,Olympique Lyon,2019,DF,train,adaptation,target_performance_change_rolling3,mean_only,train,-0.5757775121473301,-0.03496171479267459,-0.03496171479267459,-0.5408157973546555,0.5408157973546555
pts:288241:40:FR1:2019,Enock Kwateng,FC Girondins Bordeaux,2019,DF,train,adaptation,target_performance_change_rolling3,mean_only,train,0.1440644968583041,-0.03496171479267459,-0.03496171479267459,0.1790262116509787,0.1790262116509787
pts:319160:1038:IT1:2019,Jakub Jankto,UC Sampdoria,2019,MF,train,adaptation,target_performance_change_rolling3,mean_only,train,-0.0471883053192241,-0.03496171479267459,-0.03496171479267459,-0.012226590526549508,0.012226590526549508
pts:355501:12:IT1:2019,Amadou Diawara,AS Roma,2019,MF,train,adaptation,target_performance_change_rolling3,mean_only,train,-0.0497107849643413,-0.03496171479267459,-0.03496171479267459,-0.014749070171666712,0.014749070171666712
pts:38607:2722:IT1:2019,Federico Di Francesco,SPAL,2019,FW,train,adaptation,target_performance_change_rolling3,mean_only,train,0.1481509612969996,-0.03496171479267459,-0.03496171479267459,0.1831126760896742,0.1831126760896742
pts:396894:1049:ES1:2019,Maxi Gómez,Valencia CF,2019,FW,train,adaptation,target_performance_change_rolling3,mean_only,train,-0.3816209539833955,-0.03496171479267459,-0.03496171479267459,-0.34665923919072095,0.34665923919072095
pts:39728:16:L1:2019,Mats Hummels,Borussia Dortmund,2019,DF,train,adaptation,target_performance_change_rolling3,mean_only,train,-0.1982412139564918,-0.03496171479267459,-0.03496171479267459,-0.1632794991638172,0.1632794991638172
pts:40633:430:IT1:2019,Milan Badelj,ACF Fiorentina,2019,MF,train,adaptation,target_performance_change_rolling3,mean_only,train,-0.2959552269488364,-0.03496171479267459,-0.03496171479267459,-0.26099351215616184,0.26099351215616184
pts:43512:86:L1:2019,Ömer Toprak,SV Werder Bremen,2019,DF,train,adaptation,target_performance_change_rolling3,mean_only,train,-0.252400414633755,-0.03496171479267459,-0.03496171479267459,-0.2174386998410804,0.2174386998410804
pts:44466:24:L1:2019,Sebastian Rode,Eintracht Frankfurt,2019,MF,train,adaptation,target_performance_change_rolling3,mean_only,train,0.1926529723169489,-0.03496171479267459,-0.03496171479267459,0.2276146871096235,0.2276146871096235
pts:64598:714:ES1:2019,Bernardo Espinosa,RCD Espanyol Barcelona,2019,DF,train,adaptation,target_performance_change_rolling3,mean_only,train,-0.0342750252160778,-0.03496171479267459,-0.03496171479267459,0.0006866895765967884,0.0006866895765967884
pts:65318:1049:ES1:2019,Jaume Costa,Valencia CF,2019,DF,train,adaptation,target_performance_change_rolling3,mean_only,train,-0.2143575835561247,-0.03496171479267459,-0.03496171479267459,-0.1793958687634501,0.1793958687634501
pts:73185:1108:ES1:2019,Lucas Pérez,Deportivo Alavés,2019,FW,train,adaptation,target_performance_change_rolling3,mean_only,train,-0.1099354397626616,-0.03496171479267459,-0.03496171479267459,-0.074973724969987,0.074973724969987
pts:74230:583:FR1:2019,Pablo Sarabia,Paris Saint-Germain,2019,FW,train,adaptation,target_performance_change_rolling3,mean_only,train,-0.3166305200509742,-0.03496171479267459,-0.03496171479267459,-0.2816688052582996,0.2816688052582996
pts:80444:27:L1:2019,Philippe Coutinho,Bayern Munich,2019,MF,train,adaptation,target_performance_change_rolling3,mean_only,train,0.4110033363127139,-0.03496171479267459,-0.03496171479267459,0.4459650511053885,0.4459650511053885
pts:81999:1108:ES1:2019,Joselu,Deportivo Alavés,2019,FW,train,adaptation,target_performance_change_rolling3,mean_only,train,0.1974727291135953,-0.03496171479267459,-0.03496171479267459,0.2324344439062699,0.2324344439062699
pts:82048:1025:IT1:2019,Nicola Sansone,Bologna FC 1909,2019,FW,train,adaptation,target_performance_change_rolling3,mean_only,train,0.0403246975475381,-0.03496171479267459,-0.03496171479267459,0.07528641234021269,0.07528641234021269
pts:84765:6574:IT1:2019,Francesco Caputo,US Sassuolo,2019,FW,train,adaptation,target_performance_change_rolling3,mean_only,train,0.1903431030884826,-0.03496171479267459,-0.03496171479267459,0.2253048178811572,0.2253048178811572
pts:99232:2722:IT1:2019,Marco D'Alessandro,SPAL,2019,MF,train,adaptation,target_performance_change_rolling3,mean_only,train,-0.3054689759042786,-0.03496171479267459,-0.03496171479267459,-0.270507261111604,0.270507261111604
pts:111347:1038:IT1:2020,Lorenzo Tonelli,UC Sampdoria,2020,DF,train,adaptation,target_performance_change_rolling3,mean_only,train,-0.1602450745238204,-0.03496171479267459,-0.03496171479267459,-0.1252833597311458,0.1252833597311458
pts:111961:368:ES1:2020,Suso,Sevilla FC,2020,FW,train,adaptation,target_performance_change_rolling3,mean_only,train,-0.345377596081843,-0.03496171479267459,-0.03496171479267459,-0.3104158812891684,0.3104158812891684
pts:121477:379:GB1:2020,Craig Dawson,West Ham United,2020,DF,train,adaptation,target_performance_change_rolling3,mean_only,train,-0.1028312099515717,-0.03496171479267459,-0.03496171479267459,-0.06786949515889712,0.06786949515889712
pts:129476:410:IT1:2020,Gerard Deulofeu,Udinese Calcio,2020,FW,train,adaptation,target_performance_change_rolling3,mean_only,train,-0.043694823939311,-0.03496171479267459,-0.03496171479267459,-0.008733109146636407,0.008733109146636407
pts:130360:416:IT1:2020,Simone Verdi,Torino FC,2020,MF,train,adaptation,target_performance_change_rolling3,mean_only,train,0.101127316605723,-0.03496171479267459,-0.03496171479267459,0.1360890313983976,0.1360890313983976
pts:130365:583:FR1:2020,Alessandro Florenzi,Paris Saint-Germain,2020,DF,train,adaptation,target_performance_change_rolling3,mean_only,train,-0.4626884054734023,-0.03496171479267459,-0.03496171479267459,-0.4277266906807277,0.4277266906807277
pts:148262:762:GB1:2020,Jeff Hendrick,Newcastle United,2020,MF,train,adaptation,target_performance_change_rolling3,mean_only,train,0.078368314881946,-0.03496171479267459,-0.03496171479267459,0.11333002967462058,0.11333002967462058
pts:163222:6574:IT1:2020,Grégoire Defrel,US Sassuolo,2020,MF,train,adaptation,target_performance_change_rolling3,mean_only,train,-0.0625294110135474,-0.03496171479267459,-0.03496171479267459,-0.027567696220872816,0.027567696220872816
pts:164771:12:IT1:2020,Jordan Veretout,AS Roma,2020,MF,train,adaptation,target_performance_change_rolling3,mean_only,train,0.0770224089324963,-0.03496171479267459,-0.03496171479267459,0.11198412372517089,0.11198412372517089
pts:170544:3911:FR1:2020,Christophe Hérelle,Stade Brestois 29,2020,DF,train,adaptation,target_performance_change_rolling3,mean_only,train,-0.0930213726454391,-0.03496171479267459,-0.03496171479267459,-0.058059657852764505,0.058059657852764505
pts:176139:252:IT1:2020,Mattia Bani,Genoa CFC,2020,DF,train,adaptation,target_performance_change_rolling3,mean_only,train,-0.0880664709557912,-0.03496171479267459,-0.03496171479267459,-0.05310475616311661,0.05310475616311661
pts:178313:667:FR1:2020,Jean-Eudes Aholou,RC Strasbourg Alsace,2020,MF,train,adaptation,target_performance_change_rolling3,mean_only,train,-0.0666191375784485,-0.03496171479267459,-0.03496171479267459,-0.031657422785773916,0.031657422785773916
pts:182618:6195:IT1:2020,Tiemoué Bakayoko,SSC Napoli,2020,MF,train,adaptation,target_performance_change_rolling3,mean_only,train,-0.1585159624566825,-0.03496171479267459,-0.03496171479267459,-0.12355424766400791,0.12355424766400791
pts:182875:995:FR1:2020,Jean-Charles Castelletto,FC Nantes,2020,DF,train,adaptation,target_performance_change_rolling3,mean_only,train,0.1453335028525684,-0.03496171479267459,-0.03496171479267459,0.180295217645243,0.180295217645243
pts:216179:46:IT1:2020,Stefano Sensi,Inter Milan,2020,MF,train,adaptation,target_performance_change_rolling3,mean_only,train,0.0493049238682448,-0.03496171479267459,-0.03496171479267459,0.0842666386609194,0.0842666386609194
pts:238752:1038:IT1:2020,Keita Baldé,UC Sampdoria,2020,FW,train,adaptation,target_performance_change_rolling3,mean_only,train,0.1474362986430343,-0.03496171479267459,-0.03496171479267459,0.1823980134357089,0.1823980134357089
pts:251896:16795:ES1:2020,Jesús Vallejo,Granada CF,2020,DF,train,adaptation,target_performance_change_rolling3,mean_only,train,0.042875689707084,-0.03496171479267459,-0.03496171479267459,0.0778374044997586,0.0778374044997586
pts:25488:1038:IT1:2020,Antonio Candreva,UC Sampdoria,2020,MF,train,adaptation,target_performance_change_rolling3,mean_only,train,0.3741350521224479,-0.03496171479267459,-0.03496171479267459,0.4090967669151225,0.4090967669151225
pts:265763:347:FR1:2020,Thierry Ambrose,FC Metz,2020,FW,train,adaptation,target_performance_change_rolling3,mean_only,train,-0.2218424438519271,-0.03496171479267459,-0.03496171479267459,-0.18688072905925251,0.18688072905925251
pts:266795:398:IT1:2020,Gonzalo Escalante,SS Lazio,2020,MF,train,adaptation,target_performance_change_rolling3,mean_only,train,0.2789700925266794,-0.03496171479267459,-0.03496171479267459,0.313931807319354,0.313931807319354
pts:272261:276:IT1:2020,Antonín Barák,Hellas Verona,2020,MF,train,adaptation,target_performance_change_rolling3,mean_only,train,0.0035230540457626,-0.03496171479267459,-0.03496171479267459,0.03848476883843719,0.03848476883843719
pts:284595:1038:IT1:2020,Tommaso Augello,UC Sampdoria,2020,DF,train,adaptation,target_performance_change_rolling3,mean_only,train,-0.2552618868735743,-0.03496171479267459,-0.03496171479267459,-0.22030017208089972,0.22030017208089972
pts:284884:368:ES1:2020,Óscar Rodríguez Arnaiz,Sevilla FC,2020,MF,train,adaptation,target_performance_change_rolling3,mean_only,train,0.1136482020517777,-0.03496171479267459,-0.03496171479267459,0.1486099168444523,0.1486099168444523
pts:310458:276:IT1:2020,Giangiacomo Magnani,Hellas Verona,2020,DF,train,adaptation,target_performance_change_rolling3,mean_only,train,0.3195577884040475,-0.03496171479267459,-0.03496171479267459,0.3545195031967221,0.3545195031967221
pts:32467:368:ES1:2020,Ivan Rakitić,Sevilla FC,2020,MF,train,adaptation,target_performance_change_rolling3,mean_only,train,-0.2377510489976547,-0.03496171479267459,-0.03496171479267459,-0.2027893342049801,0.2027893342049801
pts:332179:800:IT1:2020,Matteo Pessina,Atalanta BC,2020,MF,train,adaptation,target_performance_change_rolling3,mean_only,train,0.1690730606792838,-0.03496171479267459,-0.03496171479267459,0.2040347754719584,0.2040347754719584
pts:340328:969:FR1:2020,Stephy Mavididi,Montpellier HSC,2020,FW,train,adaptation,target_performance_change_rolling3,mean_only,train,0.1655443766746656,-0.03496171479267459,-0.03496171479267459,0.2005060914673402,0.2005060914673402
pts:40633:252:IT1:2020,Milan Badelj,Genoa CFC,2020,MF,train,adaptation,target_performance_change_rolling3,mean_only,train,0.0046147621971165,-0.03496171479267459,-0.03496171479267459,0.03957647698979109,0.03957647698979109
pts:43512:86:L1:2020,Ömer Toprak,SV Werder Bremen,2020,DF,train,adaptation,target_performance_change_rolling3,mean_only,train,-0.0424679606344671,-0.03496171479267459,-0.03496171479267459,-0.007506245841792512,0.007506245841792512
pts:43530:1237:GB1:2020,Adam Lallana,Brighton & Hove Albion,2020,MF,train,adaptation,target_performance_change_rolling3,mean_only,train,-0.3282083142643893,-0.03496171479267459,-0.03496171479267459,-0.2932465994717147,0.2932465994717147
pts:44162:131:ES1:2020,Miralem Pjanić,FC Barcelona,2020,MF,train,adaptation,target_performance_change_rolling3,mean_only,train,0.0319548445841537,-0.03496171479267459,-0.03496171479267459,0.06691655937682829,0.06691655937682829
pts:56810:1038:IT1:2020,Adrien Silva,UC Sampdoria,2020,MF,train,adaptation,target_performance_change_rolling3,mean_only,train,-0.1111208070808729,-0.03496171479267459,-0.03496171479267459,-0.07615909228819831,0.07615909228819831
pts:56818:417:FR1:2020,Morgan Schneiderlin,OGC Nice,2020,MF,train,adaptation,target_performance_change_rolling3,mean_only,train,0.0733618988617646,-0.03496171479267459,-0.03496171479267459,0.10832361365443918,0.10832361365443918
pts:57280:430:IT1:2020,Giacomo Bonaventura,ACF Fiorentina,2020,MF,train,adaptation,target_performance_change_rolling3,mean_only,train,-0.4425780990165602,-0.03496171479267459,-0.03496171479267459,-0.40761638422388563,0.40761638422388563
pts:58396:86:L1:2020,Christian Groß,SV Werder Bremen,2020,MF,train,adaptation,target_performance_change_rolling3,mean_only,train,-0.5232577174268049,-0.03496171479267459,-0.03496171479267459,-0.48829600263413037,0.48829600263413037
pts:60444:31:GB1:2020,Thiago Alcántara,Liverpool FC,2020,MF,train,adaptation,target_performance_change_rolling3,mean_only,train,-0.2668045987618191,-0.03496171479267459,-0.03496171479267459,-0.23184288396914451,0.23184288396914451
pts:60542:16795:ES1:2020,Maxime Gonalons,Granada CF,2020,MF,train,adaptation,target_performance_change_rolling3,mean_only,train,-0.0527125553750807,-0.03496171479267459,-0.03496171479267459,-0.017750840582406106,0.017750840582406106
pts:61253:430:IT1:2020,José Callejón,ACF Fiorentina,2020,FW,train,adaptation,target_performance_change_rolling3,mean_only,train,-0.7902912764524179,-0.03496171479267459,-0.03496171479267459,-0.7553295616597433,0.7553295616597433
pts:82009:162:FR1:2020,Kevin Volland,AS Monaco,2020,FW,train,adaptation,target_performance_change_rolling3,mean_only,train,-0.0945310582366368,-0.03496171479267459,-0.03496171479267459,-0.059569343443962204,0.059569343443962204
pts:88682:1041:FR1:2020,Mattia De Sciglio,Olympique Lyon,2020,DF,train,adaptation,target_performance_change_rolling3,mean_only,train,-0.1538560966771119,-0.03496171479267459,-0.03496171479267459,-0.1188943818844373,0.1188943818844373
pts:88683:252:IT1:2020,Mattia Destro,Genoa CFC,2020,FW,train,adaptation,target_performance_change_rolling3,mean_only,train,0.1311054226554782,-0.03496171479267459,-0.03496171479267459,0.1660671374481528,0.1660671374481528
pts:94201:89:L1:2020,Robin Knoche,1.FC Union Berlin,2020,DF,train,adaptation,target_performance_change_rolling3,mean_only,train,-0.0952603201845785,-0.03496171479267459,-0.03496171479267459,-0.06029860539190391,0.06029860539190391
pts:111630:368:ES1:2021,Érik Lamela,Sevilla FC,2021,FW,train,adaptation,target_performance_change_rolling3,mean_only,train,-0.0188963694151357,-0.03496171479267459,-0.03496171479267459,0.01606534537753889,0.01606534537753889
pts:112935:3:L1:2021,Mark Uth,1.FC Köln,2021,MF,train,adaptation,target_performance_change_rolling3,mean_only,train,0.3090245503273784,-0.03496171479267459,-0.03496171479267459,0.343986265120053,0.343986265120053
pts:121477:379:GB1:2021,Craig Dawson,West Ham United,2021,DF,train,adaptation,target_performance_change_rolling3,mean_only,train,0.2000370177585911,-0.03496171479267459,-0.03496171479267459,0.2349987325512657,0.2349987325512657
pts:122797:417:FR1:2021,Andy Delort,OGC Nice,2021,FW,train,adaptation,target_performance_change_rolling3,mean_only,train,-0.068844762720197,-0.03496171479267459,-0.03496171479267459,-0.03388304792752241,0.03388304792752241
pts:124715:252:IT1:2021,Nikola Maksimović,Genoa CFC,2021,DF,train,adaptation,target_performance_change_rolling3,mean_only,train,-0.0297221524560169,-0.03496171479267459,-0.03496171479267459,0.005239562336657691,0.005239562336657691
pts:126673:1025:IT1:2021,Adama Soumaoro,Bologna FC 1909,2021,DF,train,adaptation,target_performance_change_rolling3,mean_only,train,0.0436969385344283,-0.03496171479267459,-0.03496171479267459,0.0786586533271029,0.0786586533271029
pts:127032:1050:ES1:2021,Serge Aurier,Villarreal CF,2021,DF,train,adaptation,target_performance_change_rolling3,mean_only,train,-0.2738727529721596,-0.03496171479267459,-0.03496171479267459,-0.23891103817948503,0.23891103817948503
pts:130365:5:IT1:2021,Alessandro Florenzi,AC Milan,2021,DF,train,adaptation,target_performance_change_rolling3,mean_only,train,0.0368509485457387,-0.03496171479267459,-0.03496171479267459,0.0718126633384133,0.0718126633384133
pts:131951:276:IT1:2021,Kevin Lasagna,Hellas Verona,2021,MF,train,adaptation,target_performance_change_rolling3,mean_only,train,0.1715485918481865,-0.03496171479267459,-0.03496171479267459,0.2065103066408611,0.2065103066408611
pts:134294:405:GB1:2021,Danny Ings,Aston Villa,2021,FW,train,adaptation,target_performance_change_rolling3,mean_only,train,-0.3433628569638522,-0.03496171479267459,-0.03496171479267459,-0.30840114217117764,0.30840114217117764
pts:135492:150:ES1:2021,Youssouf Sabaly,Real Betis Balompié,2021,DF,train,adaptation,target_performance_change_rolling3,mean_only,train,-0.0741214476912117,-0.03496171479267459,-0.03496171479267459,-0.039159732898537115,0.039159732898537115
pts:14086:405:GB1:2021,Ashley Young,Aston Villa,2021,DF,train,adaptation,target_performance_change_rolling3,mean_only,train,-0.3291422548089622,-0.03496171479267459,-0.03496171479267459,-0.29418054001628763,0.29418054001628763
pts:146752:276:IT1:2021,Gianluca Caprari,Hellas Verona,2021,MF,train,adaptation,target_performance_change_rolling3,mean_only,train,0.2913771932906803,-0.03496171479267459,-0.03496171479267459,0.32633890808335486,0.32633890808335486
pts:159844:24:L1:2021,Christopher Lenz,Eintracht Frankfurt,2021,DF,train,adaptation,target_performance_change_rolling3,mean_only,train,0.1388300551616847,-0.03496171479267459,-0.03496171479267459,0.1737917699543593,0.1737917699543593
pts:164770:985:GB1:2021,Raphaël Varane,Manchester United,2021,DF,train,adaptation,target_performance_change_rolling3,mean_only,train,0.1617807540543861,-0.03496171479267459,-0.03496171479267459,0.1967424688470607,0.1967424688470607
pts:173900:1049:ES1:2021,Hélder Costa,Valencia CF,2021,MF,train,adaptation,target_performance_change_rolling3,mean_only,train,-0.0423941902049454,-0.03496171479267459,-0.03496171479267459,-0.007432475412270809,0.007432475412270809
pts:178313:667:FR1:2021,Jean-Eudes Aholou,RC Strasbourg Alsace,2021,MF,train,adaptation,target_performance_change_rolling3,mean_only,train,0.0081367717293697,-0.03496171479267459,-0.03496171479267459,0.04309848652204429,0.04309848652204429
pts:181378:273:FR1:2021,Gaëtan Laborde,Stade Rennais FC,2021,FW,train,adaptation,target_performance_change_rolling3,mean_only,train,0.1000091848716493,-0.03496171479267459,-0.03496171479267459,0.13497089966432388,0.13497089966432388
pts:182618:5:IT1:2021,Tiemoué Bakayoko,AC Milan,2021,MF,train,adaptation,target_performance_change_rolling3,mean_only,train,-0.1417451873323183,-0.03496171479267459,-0.03496171479267459,-0.10678347253964371,0.10678347253964371
pts:199369:3709:ES1:2021,Sandro Ramírez,Getafe CF,2021,FW,train,adaptation,target_performance_change_rolling3,mean_only,train,-0.1549256896925995,-0.03496171479267459,-0.03496171479267459,-0.11996397489992491,0.11996397489992491
pts:238752:1390:IT1:2021,Keita Baldé,Cagliari Calcio,2021,FW,train,adaptation,target_performance_change_rolling3,mean_only,train,-0.7696291525242396,-0.03496171479267459,-0.03496171479267459,-0.734667437731565,0.734667437731565
pts:25488:1038:IT1:2021,Antonio Candreva,UC Sampdoria,2021,MF,train,adaptation,target_performance_change_rolling3,mean_only,train,-0.0496751145804981,-0.03496171479267459,-0.03496171479267459,-0.01471339978782351,0.01471339978782351
pts:272261:276:IT1:2021,Antonín Barák,Hellas Verona,2021,MF,train,adaptation,target_performance_change_rolling3,mean_only,train,0.1083614825949847,-0.03496171479267459,-0.03496171479267459,0.14332319738765928,0.14332319738765928
pts:27389:667:FR1:2021,Kévin Gameiro,RC Strasbourg Alsace,2021,FW,train,adaptation,target_performance_change_rolling3,mean_only,train,0.2640221532802772,-0.03496171479267459,-0.03496171479267459,0.2989838680729518,0.2989838680729518
pts:279009:44:L1:2021,Marco Richter,Hertha BSC,2021,FW,train,adaptation,target_performance_change_rolling3,mean_only,train,-0.2521820450672605,-0.03496171479267459,-0.03496171479267459,-0.2172203302745859,0.2172203302745859
pts:310458:276:IT1:2021,Giangiacomo Magnani,Hellas Verona,2021,DF,train,adaptation,target_performance_change_rolling3,mean_only,train,0.1838093290166244,-0.03496171479267459,-0.03496171479267459,0.218771043809299,0.218771043809299
pts:315125:40:FR1:2021,Javairô Dilrosun,FC Girondins Bordeaux,2021,MF,train,adaptation,target_performance_change_rolling3,mean_only,train,0.3794174038225146,-0.03496171479267459,-0.03496171479267459,0.41437911861518917,0.41437911861518917
pts:319160:3709:ES1:2021,Jakub Jankto,Getafe CF,2021,DF,train,adaptation,target_performance_change_rolling3,mean_only,train,-0.3038896360503351,-0.03496171479267459,-0.03496171479267459,-0.2689279212576605,0.2689279212576605
pts:344605:1003:GB1:2021,Boubakary Soumaré,Leicester City,2021,MF,train,adaptation,target_performance_change_rolling3,mean_only,train,-0.293585060735348,-0.03496171479267459,-0.03496171479267459,-0.25862334594267344,0.25862334594267344
pts:352392:667:FR1:2021,Lucas Perrin,RC Strasbourg Alsace,2021,DF,train,adaptation,target_performance_change_rolling3,mean_only,train,0.1004450861313367,-0.03496171479267459,-0.03496171479267459,0.13540680092401128,0.13540680092401128
pts:395083:1421:FR1:2021,Andrew Gravillon,Stade Reims,2021,DF,train,adaptation,target_performance_change_rolling3,mean_only,train,-0.1768185233762623,-0.03496171479267459,-0.03496171479267459,-0.1418568085835877,0.1418568085835877
pts:471474:331:ES1:2021,Javi Martínez,CA Osasuna,2021,MF,train,adaptation,target_performance_change_rolling3,mean_only,train,-0.0058432225156953,-0.03496171479267459,-0.03496171479267459,0.02911849227697929,0.02911849227697929
pts:47713:969:FR1:2021,Mamadou Sakho,Montpellier HSC,2021,DF,train,adaptation,target_performance_change_rolling3,mean_only,train,0.3104003212357712,-0.03496171479267459,-0.03496171479267459,0.3453620360284458,0.3453620360284458
pts:481084:1049:ES1:2021,Marcos André,Valencia CF,2021,FW,train,adaptation,target_performance_change_rolling3,mean_only,train,-0.085695189568433,-0.03496171479267459,-0.03496171479267459,-0.05073347477575841,0.05073347477575841
pts:61842:29:GB1:2021,Andros Townsend,Everton FC,2021,MF,train,adaptation,target_performance_change_rolling3,mean_only,train,0.1258798269564921,-0.03496171479267459,-0.03496171479267459,0.1608415417491667,0.1608415417491667
pts:68864:1390:IT1:2021,Kevin Strootman,Cagliari Calcio,2021,MF,train,adaptation,target_performance_change_rolling3,mean_only,train,-0.4600864621906792,-0.03496171479267459,-0.03496171479267459,-0.42512474739800465,0.42512474739800465
pts:73185:1531:ES1:2021,Lucas Pérez,Elche CF,2021,FW,train,adaptation,target_performance_change_rolling3,mean_only,train,-0.3613825771765214,-0.03496171479267459,-0.03496171479267459,-0.3264208623838468,0.3264208623838468
pts:84765:1038:IT1:2021,Francesco Caputo,UC Sampdoria,2021,FW,train,adaptation,target_performance_change_rolling3,mean_only,train,-0.2593267284151302,-0.03496171479267459,-0.03496171479267459,-0.22436501362245562,0.22436501362245562
pts:85383:2687:ES1:2021,Rubén Sobrino,Cádiz CF,2021,FW,train,adaptation,target_performance_change_rolling3,mean_only,train,0.0511377703447791,-0.03496171479267459,-0.03496171479267459,0.08609948513745369,0.08609948513745369
pts:103565:969:FR1:2022,Wahbi Khazri,Montpellier HSC,2022,FW,validation,adaptation,target_performance_change_rolling3,mean_only,train,-0.065267702535298,-0.03496171479267459,-0.03496171479267459,-0.030305987742623407,0.030305987742623407
pts:125614:3:L1:2022,Sargis Adamyan,1.FC Köln,2022,FW,validation,adaptation,target_performance_change_rolling3,mean_only,train,-0.1562139828746485,-0.03496171479267459,-0.03496171479267459,-0.1212522680819739,0.1212522680819739
pts:128901:29:GB1:2022,Conor Coady,Everton FC,2022,DF,validation,adaptation,target_performance_change_rolling3,mean_only,train,-0.0718663032536295,-0.03496171479267459,-0.03496171479267459,-0.03690458846095491,0.03690458846095491
pts:130360:276:IT1:2022,Simone Verdi,Hellas Verona,2022,MF,validation,adaptation,target_performance_change_rolling3,mean_only,train,-0.348745305429942,-0.03496171479267459,-0.03496171479267459,-0.3137835906372674,0.3137835906372674
pts:131731:3522:IT1:2022,Mehdi Bourabia,Spezia Calcio,2022,MF,validation,adaptation,target_performance_change_rolling3,mean_only,train,-0.274881564542312,-0.03496171479267459,-0.03496171479267459,-0.2399198497496374,0.2399198497496374
pts:143559:237:ES1:2022,Matija Nastasić,RCD Mallorca,2022,DF,validation,adaptation,target_performance_change_rolling3,mean_only,train,-0.1807799077815512,-0.03496171479267459,-0.03496171479267459,-0.1458181929888766,0.1458181929888766
pts:148368:5:IT1:2022,Divock Origi,AC Milan,2022,FW,validation,adaptation,target_performance_change_rolling3,mean_only,train,-0.4602246633090365,-0.03496171479267459,-0.03496171479267459,-0.4252629485163619,0.4252629485163619
pts:162038:367:ES1:2022,Raúl de Tomás,Rayo Vallecano,2022,FW,validation,adaptation,target_performance_change_rolling3,mean_only,train,0.0021505518044391,-0.03496171479267459,-0.03496171479267459,0.03711226659711369,0.03711226659711369
pts:164771:244:FR1:2022,Jordan Veretout,Olympique Marseille,2022,MF,validation,adaptation,target_performance_change_rolling3,mean_only,train,0.0294158994378627,-0.03496171479267459,-0.03496171479267459,0.06437761423053728,0.06437761423053728
pts:178313:667:FR1:2022,Jean-Eudes Aholou,RC Strasbourg Alsace,2022,MF,validation,adaptation,target_performance_change_rolling3,mean_only,train,0.1389904076473191,-0.03496171479267459,-0.03496171479267459,0.1739521224399937,0.1739521224399937
pts:179635:80:L1:2022,Philipp Förster,VfL Bochum,2022,MF,validation,adaptation,target_performance_change_rolling3,mean_only,train,-0.0759771058282916,-0.03496171479267459,-0.03496171479267459,-0.041015391035617015,0.041015391035617015
pts:181378:417:FR1:2022,Gaëtan Laborde,OGC Nice,2022,FW,validation,adaptation,target_performance_change_rolling3,mean_only,train,0.1297824910633713,-0.03496171479267459,-0.03496171479267459,0.1647442058560459,0.1647442058560459
pts:195171:1049:ES1:2022,Samu Castillejo,Valencia CF,2022,FW,validation,adaptation,target_performance_change_rolling3,mean_only,train,0.1139537495219848,-0.03496171479267459,-0.03496171479267459,0.14891546431465938,0.14891546431465938
pts:197135:2687:ES1:2022,Joseba Zaldúa,Cádiz CF,2022,DF,validation,adaptation,target_performance_change_rolling3,mean_only,train,-0.1966888785248662,-0.03496171479267459,-0.03496171479267459,-0.1617271637321916,0.1617271637321916
pts:197470:3522:IT1:2022,Mattia Caldara,Spezia Calcio,2022,DF,validation,adaptation,target_performance_change_rolling3,mean_only,train,-0.077923208685984,-0.03496171479267459,-0.03496171479267459,-0.04296149389330941,0.04296149389330941
pts:203842:3522:IT1:2022,Viktor Kovalenko,Spezia Calcio,2022,MF,validation,adaptation,target_performance_change_rolling3,mean_only,train,-0.0991017129136835,-0.03496171479267459,-0.03496171479267459,-0.0641399981210089,0.0641399981210089
pts:206912:826:FR1:2022,Jimmy Cabot,RC Lens,2022,DF,validation,adaptation,target_performance_change_rolling3,mean_only,train,0.4927791373368049,-0.03496171479267459,-0.03496171479267459,0.5277408521294795,0.5277408521294795
pts:212391:1531:ES1:2022,Roger Martí,Elche CF,2022,FW,validation,adaptation,target_performance_change_rolling3,mean_only,train,-0.408475759930714,-0.03496171479267459,-0.03496171479267459,-0.37351404513803943,0.37351404513803943
pts:223725:3709:ES1:2022,Munir El Haddadi,Getafe CF,2022,MF,validation,adaptation,target_performance_change_rolling3,mean_only,train,-0.2837424517584549,-0.03496171479267459,-0.03496171479267459,-0.24878073696578032,0.24878073696578032
pts:238868:331:ES1:2022,Rubén Peña,CA Osasuna,2022,DF,validation,adaptation,target_performance_change_rolling3,mean_only,train,-0.0906240035011467,-0.03496171479267459,-0.03496171479267459,-0.05566228870847211,0.05566228870847211
pts:247250:2687:ES1:2022,Rubén Alcaraz,Cádiz CF,2022,MF,validation,adaptation,target_performance_change_rolling3,mean_only,train,-0.0916219090248877,-0.03496171479267459,-0.03496171479267459,-0.056660194232213114,0.056660194232213114
pts:249126:1038:IT1:2022,Harry Winks,UC Sampdoria,2022,MF,validation,adaptation,target_performance_change_rolling3,mean_only,train,-0.2543287325570038,-0.03496171479267459,-0.03496171479267459,-0.21936701776432918,0.21936701776432918
pts:25488:380:IT1:2022,Antonio Candreva,US Salernitana 1919,2022,MF,validation,adaptation,target_performance_change_rolling3,mean_only,train,-0.3395647130939653,-0.03496171479267459,-0.03496171479267459,-0.30460299830129073,0.30460299830129073
pts:272261:430:IT1:2022,Antonín Barák,ACF Fiorentina,2022,MF,validation,adaptation,target_performance_change_rolling3,mean_only,train,-0.3939064372670646,-0.03496171479267459,-0.03496171479267459,-0.35894472247439,0.35894472247439
pts:284884:940:ES1:2022,Óscar Rodríguez Arnaiz,Celta de Vigo,2022,MF,validation,adaptation,target_performance_change_rolling3,mean_only,train,-0.0441478042212386,-0.03496171479267459,-0.03496171479267459,-0.009186089428564012,0.009186089428564012
pts:307519:2687:ES1:2022,Fede San Emeterio,Cádiz CF,2022,MF,validation,adaptation,target_performance_change_rolling3,mean_only,train,0.0758238241456358,-0.03496171479267459,-0.03496171479267459,0.11078553893831039,0.11078553893831039
pts:309944:749:IT1:2022,Tyronne Ebuehi,FC Empoli,2022,DF,validation,adaptation,target_performance_change_rolling3,mean_only,train,-0.139923653603911,-0.03496171479267459,-0.03496171479267459,-0.10496193881123642,0.10496193881123642
pts:315332:39:L1:2022,Aymen Barkok,1.FSV Mainz 05,2022,MF,validation,adaptation,target_performance_change_rolling3,mean_only,train,-0.3919282355545924,-0.03496171479267459,-0.03496171479267459,-0.3569665207619178,0.3569665207619178
pts:335147:380:IT1:2022,Junior Sambia,US Salernitana 1919,2022,DF,validation,adaptation,target_performance_change_rolling3,mean_only,train,0.0426841986898496,-0.03496171479267459,-0.03496171479267459,0.0776459134825242,0.0776459134825242
pts:352392:667:FR1:2022,Lucas Perrin,RC Strasbourg Alsace,2022,DF,validation,adaptation,target_performance_change_rolling3,mean_only,train,-0.2220188055554143,-0.03496171479267459,-0.03496171479267459,-0.18705709076273971,0.18705709076273971
pts:353796:380:IT1:2022,Giulio Maggiore,US Salernitana 1919,2022,MF,validation,adaptation,target_performance_change_rolling3,mean_only,train,-0.2043443764643362,-0.03496171479267459,-0.03496171479267459,-0.1693826616716616,0.1693826616716616
pts:364857:969:FR1:2022,Falaye Sacko,Montpellier HSC,2022,DF,validation,adaptation,target_performance_change_rolling3,mean_only,train,-0.2909280280748714,-0.03496171479267459,-0.03496171479267459,-0.2559663132821968,0.2559663132821968
pts:395083:1421:FR1:2022,Andrew Gravillon,Stade Reims,2022,DF,validation,adaptation,target_performance_change_rolling3,mean_only,train,-0.0660542727459472,-0.03496171479267459,-0.03496171479267459,-0.031092557953272613,0.031092557953272613
pts:406806:380:IT1:2022,Emil Bohinen,US Salernitana 1919,2022,MF,validation,adaptation,target_performance_change_rolling3,mean_only,train,-0.0367205916433892,-0.03496171479267459,-0.03496171479267459,-0.0017588768507146094,0.0017588768507146094
pts:459655:380:IT1:2022,Matteo Lovato,US Salernitana 1919,2022,DF,validation,adaptation,target_performance_change_rolling3,mean_only,train,-0.2430612429570898,-0.03496171479267459,-0.03496171479267459,-0.2080995281644152,0.2080995281644152
pts:570817:1421:FR1:2022,Maxime Busi,Stade Reims,2022,DF,validation,adaptation,target_performance_change_rolling3,mean_only,train,0.1436561156165357,-0.03496171479267459,-0.03496171479267459,0.1786178304092103,0.1786178304092103
pts:60542:3524:FR1:2022,Maxime Gonalons,Clermont Foot 63,2022,MF,validation,adaptation,target_performance_change_rolling3,mean_only,train,0.0892651643851665,-0.03496171479267459,-0.03496171479267459,0.12422687917784109,0.12422687917784109
pts:623040:276:IT1:2022,Yayah Kallon,Hellas Verona,2022,MF,validation,adaptation,target_performance_change_rolling3,mean_only,train,0.3206613757079805,-0.03496171479267459,-0.03496171479267459,0.35562309050065505,0.35562309050065505
pts:649452:244:FR1:2022,Issa Kaboré,Olympique Marseille,2022,DF,validation,adaptation,target_performance_change_rolling3,mean_only,train,0.4151138919753643,-0.03496171479267459,-0.03496171479267459,0.45007560676803887,0.45007560676803887
pts:74810:1148:GB1:2022,Ben Mee,Brentford FC,2022,DF,validation,adaptation,target_performance_change_rolling3,mean_only,train,-0.0600540762585164,-0.03496171479267459,-0.03496171479267459,-0.02509236146584181,0.02509236146584181
pts:80444:405:GB1:2022,Philippe Coutinho,Aston Villa,2022,MF,validation,adaptation,target_performance_change_rolling3,mean_only,train,-0.8754599361446828,-0.03496171479267459,-0.03496171479267459,-0.8404982213520081,0.8404982213520081
pts:81999:714:ES1:2022,Joselu,RCD Espanyol Barcelona,2022,FW,validation,adaptation,target_performance_change_rolling3,mean_only,train,0.0144701611073243,-0.03496171479267459,-0.03496171479267459,0.04943187589999889,0.04943187589999889
pts:84765:1038:IT1:2022,Francesco Caputo,UC Sampdoria,2022,FW,validation,adaptation,target_performance_change_rolling3,mean_only,train,-0.7095853960671082,-0.03496171479267459,-0.03496171479267459,-0.6746236812744336,0.6746236812744336
pts:88683:749:IT1:2022,Mattia Destro,FC Empoli,2022,FW,validation,adaptation,target_performance_change_rolling3,mean_only,train,-0.4022248883318742,-0.03496171479267459,-0.03496171479267459,-0.3672631735391996,0.3672631735391996
pts:127142:3911:FR1:2023,Jonas Martin,Stade Brestois 29,2023,MF,test,adaptation,target_performance_change_rolling3,mean_only,train_plus_validation,0.199932418287754,-0.053269126806912634,-0.053269126806912634,0.25320154509466664,0.25320154509466664
pts:14086:29:GB1:2023,Ashley Young,Everton FC,2023,DF,test,adaptation,target_performance_change_rolling3,mean_only,train_plus_validation,-0.1046816901388783,-0.053269126806912634,-0.053269126806912634,-0.05141256333196567,0.05141256333196567
pts:148368:703:GB1:2023,Divock Origi,Nottingham Forest,2023,FW,test,adaptation,target_performance_change_rolling3,mean_only,train_plus_validation,-0.350191151829079,-0.053269126806912634,-0.053269126806912634,-0.29692202502216636,0.29692202502216636
pts:182618:1158:FR1:2023,Tiemoué Bakayoko,FC Lorient,2023,MF,test,adaptation,target_performance_change_rolling3,mean_only,train_plus_validation,-0.0766793594113085,-0.053269126806912634,-0.053269126806912634,-0.02341023260439587,0.02341023260439587
pts:186988:167:L1:2023,Sven Michel,FC Augsburg,2023,FW,test,adaptation,target_performance_change_rolling3,mean_only,train_plus_validation,-0.287314347760895,-0.053269126806912634,-0.053269126806912634,-0.23404522095398234,0.23404522095398234
pts:195171:6574:IT1:2023,Samu Castillejo,US Sassuolo,2023,FW,test,adaptation,target_performance_change_rolling3,mean_only,train_plus_validation,-0.0645188026274248,-0.053269126806912634,-0.053269126806912634,-0.011249675820512173,0.011249675820512173
pts:203842:749:IT1:2023,Viktor Kovalenko,FC Empoli,2023,MF,test,adaptation,target_performance_change_rolling3,mean_only,train_plus_validation,-0.0769652559879418,-0.053269126806912634,-0.053269126806912634,-0.02369612918102916,0.02369612918102916
pts:241076:749:IT1:2023,Emmanuel Gyasi,FC Empoli,2023,DF,test,adaptation,target_performance_change_rolling3,mean_only,train_plus_validation,-0.012725018319465,-0.053269126806912634,-0.053269126806912634,0.04054410848744763,0.04054410848744763
pts:251845:1049:ES1:2023,Sergi Canós,Valencia CF,2023,MF,test,adaptation,target_performance_change_rolling3,mean_only,train_plus_validation,0.1974871293902005,-0.053269126806912634,-0.053269126806912634,0.2507562561971131,0.2507562561971131
pts:25488:380:IT1:2023,Antonio Candreva,US Salernitana 1919,2023,MF,test,adaptation,target_performance_change_rolling3,mean_only,train_plus_validation,-0.2855361728636738,-0.053269126806912634,-0.053269126806912634,-0.23226704605676113,0.23226704605676113
pts:256429:2687:ES1:2023,Sergi Guardiola,Cádiz CF,2023,FW,test,adaptation,target_performance_change_rolling3,mean_only,train_plus_validation,0.2994416558074126,-0.053269126806912634,-0.053269126806912634,0.35271078261432526,0.35271078261432526
pts:257751:749:IT1:2023,Simone Bastoni,FC Empoli,2023,MF,test,adaptation,target_performance_change_rolling3,mean_only,train_plus_validation,-0.3979580837772979,-0.053269126806912634,-0.053269126806912634,-0.34468895697038526,0.34468895697038526
pts:266795:2687:ES1:2023,Gonzalo Escalante,Cádiz CF,2023,MF,test,adaptation,target_performance_change_rolling3,mean_only,train_plus_validation,-0.2787586157786729,-0.053269126806912634,-0.053269126806912634,-0.22548948897176024,0.22548948897176024
pts:277635:2687:ES1:2023,Rominigue Kouamé,Cádiz CF,2023,MF,test,adaptation,target_performance_change_rolling3,mean_only,train_plus_validation,-0.2786858512152025,-0.053269126806912634,-0.053269126806912634,-0.22541672440828986,0.22541672440828986
pts:279009:39:L1:2023,Marco Richter,1.FSV Mainz 05,2023,MF,test,adaptation,target_performance_change_rolling3,mean_only,train_plus_validation,-0.0066963363472967,-0.053269126806912634,-0.053269126806912634,0.04657279045961593,0.04657279045961593
pts:284884:3709:ES1:2023,Óscar Rodríguez Arnaiz,Getafe CF,2023,MF,test,adaptation,target_performance_change_rolling3,mean_only,train_plus_validation,0.138314456030665,-0.053269126806912634,-0.053269126806912634,0.19158358283757765,0.19158358283757765
pts:286779:2687:ES1:2023,Jorge Meré,Cádiz CF,2023,DF,test,adaptation,target_performance_change_rolling3,mean_only,train_plus_validation,-0.2645497207136195,-0.053269126806912634,-0.053269126806912634,-0.21128059390670684,0.21128059390670684
pts:32113:2919:IT1:2023,Armando Izzo,AC Monza,2023,DF,test,adaptation,target_performance_change_rolling3,mean_only,train_plus_validation,-0.2235624287163614,-0.053269126806912634,-0.053269126806912634,-0.17029330190944875,0.17029330190944875
pts:332179:2919:IT1:2023,Matteo Pessina,AC Monza,2023,MF,test,adaptation,target_performance_change_rolling3,mean_only,train_plus_validation,-0.1800895198517044,-0.053269126806912634,-0.053269126806912634,-0.12682039304479176,0.12682039304479176
pts:344605:368:ES1:2023,Boubakary Soumaré,Sevilla FC,2023,MF,test,adaptation,target_performance_change_rolling3,mean_only,train_plus_validation,-0.225396285114436,-0.053269126806912634,-0.053269126806912634,-0.17212715830752334,0.17212715830752334
pts:364857:969:FR1:2023,Falaye Sacko,Montpellier HSC,2023,DF,test,adaptation,target_performance_change_rolling3,mean_only,train_plus_validation,0.0773003092530134,-0.053269126806912634,-0.053269126806912634,0.13056943605992605,0.13056943605992605
pts:369267:3524:FR1:2023,Maximiliano Caufriez,Clermont Foot 63,2023,DF,test,adaptation,target_performance_change_rolling3,mean_only,train_plus_validation,-0.0566201725752046,-0.053269126806912634,-0.053269126806912634,-0.0033510457682919687,0.0033510457682919687
pts:396894:2687:ES1:2023,Maxi Gómez,Cádiz CF,2023,FW,test,adaptation,target_performance_change_rolling3,mean_only,train_plus_validation,-0.4558377059360294,-0.053269126806912634,-0.053269126806912634,-0.40256857912911675,0.40256857912911675
pts:399543:1005:IT1:2023,Remi Oudin,US Lecce,2023,MF,test,adaptation,target_performance_change_rolling3,mean_only,train_plus_validation,-0.0049132996493213,-0.053269126806912634,-0.053269126806912634,0.04835582715759133,0.04835582715759133
pts:39983:89:L1:2023,Leonardo Bonucci,1.FC Union Berlin,2023,DF,test,adaptation,target_performance_change_rolling3,mean_only,train_plus_validation,-0.1984989865244591,-0.053269126806912634,-0.053269126806912634,-0.14522985971754648,0.14522985971754648
pts:42412:985:GB1:2023,Jonny Evans,Manchester United,2023,DF,test,adaptation,target_performance_change_rolling3,mean_only,train_plus_validation,-0.0360646535182127,-0.053269126806912634,-0.053269126806912634,0.017204473288699937,0.017204473288699937
pts:442805:3302:ES1:2023,Iddrisu Baba,UD Almería,2023,MF,test,adaptation,target_performance_change_rolling3,mean_only,train_plus_validation,-0.0026114023730305,-0.053269126806912634,-0.053269126806912634,0.05065772443388213,0.05065772443388213
pts:468066:6195:IT1:2023,Jens Cajuste,SSC Napoli,2023,MF,test,adaptation,target_performance_change_rolling3,mean_only,train_plus_validation,-0.1041449128315753,-0.053269126806912634,-0.053269126806912634,-0.05087578602466267,0.05087578602466267
pts:489611:749:IT1:2023,Filippo Ranocchia,FC Empoli,2023,MF,test,adaptation,target_performance_change_rolling3,mean_only,train_plus_validation,-0.5067162282653327,-0.053269126806912634,-0.053269126806912634,-0.45344710145842004,0.45344710145842004
pts:527698:367:ES1:2023,Kike Pérez,Rayo Vallecano,2023,MF,test,adaptation,target_performance_change_rolling3,mean_only,train_plus_validation,-0.0777746289101895,-0.053269126806912634,-0.053269126806912634,-0.02450550210327687,0.02450550210327687
pts:55769:2919:IT1:2023,Danilo D'Ambrosio,AC Monza,2023,DF,test,adaptation,target_performance_change_rolling3,mean_only,train_plus_validation,-0.2014496156131925,-0.053269126806912634,-0.053269126806912634,-0.14818048880627988,0.14818048880627988
pts:66100:131:ES1:2023,Oriol Romeu,FC Barcelona,2023,MF,test,adaptation,target_performance_change_rolling3,mean_only,train_plus_validation,0.2021692217948489,-0.053269126806912634,-0.053269126806912634,0.2554383486017615,0.2554383486017615
pts:81999:418:ES1:2023,Joselu,Real Madrid,2023,FW,test,adaptation,target_performance_change_rolling3,mean_only,train_plus_validation,0.2290948556760739,-0.053269126806912634,-0.053269126806912634,0.28236398248298655,0.28236398248298655
pts:82009:89:L1:2023,Kevin Volland,1.FC Union Berlin,2023,FW,test,adaptation,target_performance_change_rolling3,mean_only,train_plus_validation,-0.3287167629939035,-0.053269126806912634,-0.053269126806912634,-0.27544763618699086,0.27544763618699086
pts:82048:1005:IT1:2023,Nicola Sansone,US Lecce,2023,FW,test,adaptation,target_performance_change_rolling3,mean_only,train_plus_validation,0.0209029403373568,-0.053269126806912634,-0.053269126806912634,0.07417206714426944,0.07417206714426944
pts:82503:367:ES1:2023,Aridane Hernández,Rayo Vallecano,2023,DF,test,adaptation,target_performance_change_rolling3,mean_only,train_plus_validation,-0.2510862445566679,-0.053269126806912634,-0.053269126806912634,-0.19781711774975524,0.19781711774975524
pts:84765:749:IT1:2023,Francesco Caputo,FC Empoli,2023,FW,test,adaptation,target_performance_change_rolling3,mean_only,train_plus_validation,-0.4354163096820352,-0.053269126806912634,-0.053269126806912634,-0.38214718287512256,0.38214718287512256
pts:103565:618:FR1:2018,Wahbi Khazri,AS Saint-Étienne,2018,FW,train,adaptation,target_performance_change_rolling3,player_history_baseline,train,0.2398746922186373,-0.0372623948280747,-0.0372623948280747,0.277137087046712,0.277137087046712
pts:112935:33:L1:2018,Mark Uth,FC Schalke 04,2018,FW,train,adaptation,target_performance_change_rolling3,player_history_baseline,train,-0.417968773100556,-0.014486095910241154,-0.014486095910241154,-0.4034826771903149,0.4034826771903149
pts:122797:969:FR1:2018,Andy Delort,Montpellier HSC,2018,FW,train,adaptation,target_performance_change_rolling3,player_history_baseline,train,0.3556032079460516,0.0015126779961574868,0.0015126779961574868,0.3540905299498941,0.3540905299498941
pts:124902:6574:IT1:2018,Khouma Babacar,US Sassuolo,2018,FW,train,adaptation,target_performance_change_rolling3,player_history_baseline,train,-0.0453591631851475,0.04179260966008804,0.04179260966008804,-0.08715177284523554,0.08715177284523554
pts:126719:583:FR1:2018,Juan Bernat,Paris Saint-Germain,2018,DF,train,adaptation,target_performance_change_rolling3,player_history_baseline,train,-0.135058193032193,-0.007997090465896136,-0.007997090465896136,-0.12706110256629685,0.12706110256629685
pts:127076:82:L1:2018,Jérôme Roussillon,VfL Wolfsburg,2018,DF,train,adaptation,target_performance_change_rolling3,player_history_baseline,train,0.0685626280166585,-0.05196772007034356,-0.05196772007034356,0.12053034808700205,0.12053034808700205
pts:129476:1010:GB1:2018,Gerard Deulofeu,Watford FC,2018,FW,train,adaptation,target_performance_change_rolling3,player_history_baseline,train,0.3077747629553146,0.038698513061378344,0.038698513061378344,0.26907624989393625,0.26907624989393625
pts:130360:6195:IT1:2018,Simone Verdi,SSC Napoli,2018,MF,train,adaptation,target_performance_change_rolling3,player_history_baseline,train,0.6403492601405796,-0.056942957633992874,-0.056942957633992874,0.6972922177745724,0.6972922177745724
pts:163222:1038:IT1:2018,Grégoire Defrel,UC Sampdoria,2018,FW,train,adaptation,target_performance_change_rolling3,player_history_baseline,train,0.1591687084396457,0.0076753680318718195,0.0076753680318718195,0.15149334040777387,0.15149334040777387
pts:170544:417:FR1:2018,Christophe Hérelle,OGC Nice,2018,DF,train,adaptation,target_performance_change_rolling3,player_history_baseline,train,0.1820810523189177,-0.022502371466826446,-0.022502371466826446,0.20458342378574412,0.20458342378574412
pts:170953:1420:FR1:2018,Stéphane Bahoken,Angers SCO,2018,FW,train,adaptation,target_performance_change_rolling3,player_history_baseline,train,0.0157135175541998,0.03963862915981629,0.03963862915981629,-0.023925111605616486,0.023925111605616486
pts:178313:162:FR1:2018,Jean-Eudes Aholou,AS Monaco,2018,MF,train,adaptation,target_performance_change_rolling3,player_history_baseline,train,0.0892569852369407,-0.002678408517514899,-0.002678408517514899,0.0919353937544556,0.0919353937544556
pts:181378:969:FR1:2018,Gaëtan Laborde,Montpellier HSC,2018,FW,train,adaptation,target_performance_change_rolling3,player_history_baseline,train,0.1815079998110578,0.055800095527422315,0.055800095527422315,0.12570790428363549,0.12570790428363549
pts:182618:5:IT1:2018,Tiemoué Bakayoko,AC Milan,2018,MF,train,adaptation,target_performance_change_rolling3,player_history_baseline,train,0.0877745430676954,-0.016264985781500763,-0.016264985781500763,0.10403952884919616,0.10403952884919616
pts:183031:416:IT1:2018,Koffi Djidji,Torino FC,2018,DF,train,adaptation,target_performance_change_rolling3,player_history_baseline,train,0.0931288645156666,0.01654923001469301,0.01654923001469301,0.07657963450097359,0.07657963450097359
pts:195171:5:IT1:2018,Samu Castillejo,AC Milan,2018,FW,train,adaptation,target_performance_change_rolling3,player_history_baseline,train,-0.0657596164449256,0.00989009012531368,0.00989009012531368,-0.07564970657023928,0.07564970657023928
pts:199258:2722:IT1:2018,Andrea Petagna,SPAL,2018,FW,train,adaptation,target_performance_change_rolling3,player_history_baseline,train,0.006432434898274,0.03419647098957405,0.03419647098957405,-0.027764036091300046,0.027764036091300046
pts:199369:681:ES1:2018,Sandro Ramírez,Real Sociedad,2018,FW,train,adaptation,target_performance_change_rolling3,player_history_baseline,train,0.2004085916295001,0.0525448818593209,0.0525448818593209,0.14786370977017918,0.14786370977017918
pts:236041:1416:FR1:2018,Alexis Blin,Amiens SC,2018,MF,train,adaptation,target_performance_change_rolling3,player_history_baseline,train,-0.1693716122883639,0.009929991199899853,0.009929991199899853,-0.17930160348826374,0.17930160348826374
pts:236400:1041:FR1:2018,Leo Dubois,Olympique Lyon,2018,DF,train,adaptation,target_performance_change_rolling3,player_history_baseline,train,0.0894328945788299,-0.1357936451708238,-0.1357936451708238,0.22522653974965368,0.22522653974965368
pts:238752:46:IT1:2018,Keita Baldé,Inter Milan,2018,FW,train,adaptation,target_performance_change_rolling3,player_history_baseline,train,0.5921157035050643,0.036629472250207344,0.036629472250207344,0.555486231254857,0.555486231254857
pts:241229:244:FR1:2018,Jordan Amavi,Olympique Marseille,2018,DF,train,adaptation,target_performance_change_rolling3,player_history_baseline,train,0.0284280824636408,-0.03777981900963779,-0.03777981900963779,0.0662079014732786,0.0662079014732786
pts:27389:1049:ES1:2018,Kévin Gameiro,Valencia CF,2018,FW,train,adaptation,target_performance_change_rolling3,player_history_baseline,train,0.1508166360204978,0.025878238978479177,0.025878238978479177,0.12493839704201862,0.12493839704201862
pts:28140:415:FR1:2018,Max Gradel,FC Toulouse,2018,FW,train,adaptation,target_performance_change_rolling3,player_history_baseline,train,0.1192588917386566,-0.1013504333843494,-0.1013504333843494,0.22060932512300602,0.22060932512300602
pts:302215:31:GB1:2018,Naby Keïta,Liverpool FC,2018,MF,train,adaptation,target_performance_change_rolling3,player_history_baseline,train,0.0592121704581427,0.044969069575548075,0.044969069575548075,0.014243100882594624,0.014243100882594624
pts:302991:3368:ES1:2018,Erick Cabaco,Levante UD,2018,DF,train,adaptation,target_performance_change_rolling3,player_history_baseline,train,0.208749687232281,0.07894220996218648,0.07894220996218648,0.1298074772700945,0.1298074772700945
pts:319160:1038:IT1:2018,Jakub Jankto,UC Sampdoria,2018,MF,train,adaptation,target_performance_change_rolling3,player_history_baseline,train,-0.1416990773812824,-0.00020818097120148954,-0.00020818097120148954,-0.14149089641008092,0.14149089641008092
pts:32113:416:IT1:2018,Armando Izzo,Torino FC,2018,DF,train,adaptation,target_performance_change_rolling3,player_history_baseline,train,0.1342631242311552,-0.031625449685355765,-0.031625449685355765,0.16588857391651096,0.16588857391651096
pts:335147:969:FR1:2018,Junior Sambia,Montpellier HSC,2018,MF,train,adaptation,target_performance_change_rolling3,player_history_baseline,train,0.1216146173183649,-0.0011260871714961207,-0.0011260871714961207,0.12274070448986102,0.12274070448986102
pts:34322:11:GB1:2018,Sokratis Papastathopoulos,Arsenal FC,2018,DF,train,adaptation,target_performance_change_rolling3,player_history_baseline,train,-0.4922231689136674,-0.12548878419661777,-0.12548878419661777,-0.36673438471704967,0.36673438471704967
pts:38607:6574:IT1:2018,Federico Di Francesco,US Sassuolo,2018,FW,train,adaptation,target_performance_change_rolling3,player_history_baseline,train,0.5367634431934599,0.03720378457954552,0.03720378457954552,0.4995596586139144,0.4995596586139144
pts:39983:506:IT1:2018,Leonardo Bonucci,Juventus FC,2018,DF,train,adaptation,target_performance_change_rolling3,player_history_baseline,train,-0.2066418544205812,-0.13707537171440157,-0.13707537171440157,-0.06956648270617963,0.06956648270617963
pts:40633:398:IT1:2018,Milan Badelj,SS Lazio,2018,MF,train,adaptation,target_performance_change_rolling3,player_history_baseline,train,-0.0345528901671884,-0.13676264268596025,-0.13676264268596025,0.10220975251877185,0.10220975251877185
pts:42412:1003:GB1:2018,Jonny Evans,Leicester City,2018,DF,train,adaptation,target_performance_change_rolling3,player_history_baseline,train,-0.0053608033968254,-0.03371713342680637,-0.03371713342680637,0.02835633002998097,0.02835633002998097
pts:427161:667:FR1:2018,Lebo Mothiba,RC Strasbourg Alsace,2018,FW,train,adaptation,target_performance_change_rolling3,player_history_baseline,train,0.0827879659328429,0.08086217081083841,0.08086217081083841,0.0019257951220044978,0.0019257951220044978
pts:432772:162:FR1:2018,Samuel Grandsir,AS Monaco,2018,FW,train,adaptation,target_performance_change_rolling3,player_history_baseline,train,-0.4682797569064877,-0.034748648241418545,-0.034748648241418545,-0.43353110866506916,0.43353110866506916
pts:44059:252:IT1:2018,Ervin Zukanović,Genoa CFC,2018,DF,train,adaptation,target_performance_change_rolling3,player_history_baseline,train,-0.2645285130193119,-0.11899027108114754,-0.11899027108114754,-0.14553824193816436,0.14553824193816436
pts:483573:1108:ES1:2018,Martin Agirregabiria,Deportivo Alavés,2018,DF,train,adaptation,target_performance_change_rolling3,player_history_baseline,train,-0.0687938413006737,0.028766665001214435,0.028766665001214435,-0.09756050630188814,0.09756050630188814
pts:56100:1237:GB1:2018,Leon Balogun,Brighton & Hove Albion,2018,DF,train,adaptation,target_performance_change_rolling3,player_history_baseline,train,-0.4885144518723414,0.00726929648180806,0.00726929648180806,-0.49578374835414946,0.49578374835414946
pts:60542:368:ES1:2018,Maxime Gonalons,Sevilla FC,2018,MF,train,adaptation,target_performance_change_rolling3,player_history_baseline,train,-0.536243535453868,-0.1207995094738617,-0.1207995094738617,-0.41544402598000635,0.41544402598000635
pts:60577:416:IT1:2018,Nicolas Nkoulou,Torino FC,2018,DF,train,adaptation,target_performance_change_rolling3,player_history_baseline,train,-0.1054111988463311,-0.014885691839976994,-0.014885691839976994,-0.0905255070063541,0.0905255070063541
pts:66934:873:GB1:2018,Cheikhou Kouyaté,Crystal Palace,2018,MF,train,adaptation,target_performance_change_rolling3,player_history_baseline,train,-0.0070398177604146,0.0026703591886460126,0.0026703591886460126,-0.009710176949060612,0.009710176949060612
pts:68645:1237:GB1:2018,Martín Montoya,Brighton & Hove Albion,2018,DF,train,adaptation,target_performance_change_rolling3,player_history_baseline,train,-0.4082289096079252,-0.0787618869227488,-0.0787618869227488,-0.32946702268517636,0.32946702268517636
pts:68864:244:FR1:2018,Kevin Strootman,Olympique Marseille,2018,MF,train,adaptation,target_performance_change_rolling3,player_history_baseline,train,-0.0666978327393492,-0.07681443083939536,-0.07681443083939536,0.010116598100046156,0.010116598100046156
pts:73185:379:GB1:2018,Lucas Pérez,West Ham United,2018,FW,train,adaptation,target_performance_change_rolling3,player_history_baseline,train,-0.2100535449774226,-0.06927844590464027,-0.06927844590464027,-0.14077509907278232,0.14077509907278232
pts:73734:12:IT1:2018,Steven Nzonzi,AS Roma,2018,MF,train,adaptation,target_performance_change_rolling3,player_history_baseline,train,-0.1130404063138265,-0.07332637124359803,-0.07332637124359803,-0.03971403507022847,0.03971403507022847
pts:74228:12321:ES1:2018,Marc Muniesa,Girona FC,2018,DF,train,adaptation,target_performance_change_rolling3,player_history_baseline,train,0.0864573448888994,-0.03165847596146924,-0.03165847596146924,0.11811582085036865,0.11811582085036865
pts:88909:1038:IT1:2018,Riccardo Saponara,UC Sampdoria,2018,MF,train,adaptation,target_performance_change_rolling3,player_history_baseline,train,0.3920051558620592,-0.0508915453191076,-0.0508915453191076,0.4428967011811668,0.4428967011811668
pts:95641:1108:ES1:2018,Darko Brašanac,Deportivo Alavés,2018,MF,train,adaptation,target_performance_change_rolling3,player_history_baseline,train,-0.367988216917004,0.021371584350411504,0.021371584350411504,-0.38935980126741554,0.38935980126741554
pts:99232:410:IT1:2018,Marco D'Alessandro,Udinese Calcio,2018,DF,train,adaptation,target_performance_change_rolling3,player_history_baseline,train,0.1557399747876676,0.02566660762451696,0.02566660762451696,0.13007336716315065,0.13007336716315065
pts:101213:6574:IT1:2019,Pedro Obiang,US Sassuolo,2019,MF,train,adaptation,target_performance_change_rolling3,player_history_baseline,train,0.0644518084044922,-0.008556300903797016,-0.008556300903797016,0.07300810930828922,0.07300810930828922
pts:104752:6195:IT1:2019,Kostas Manolas,SSC Napoli,2019,DF,train,adaptation,target_performance_change_rolling3,player_history_baseline,train,-0.1755897204845911,0.04250768835547871,0.04250768835547871,-0.2180974088400698,0.2180974088400698
pts:118284:969:FR1:2019,Jordan Ferri,Montpellier HSC,2019,MF,train,adaptation,target_performance_change_rolling3,player_history_baseline,train,-0.087587552821512,-0.08862800357439118,-0.08862800357439118,0.0010404507528791879,0.0010404507528791879
pts:122797:969:FR1:2019,Andy Delort,Montpellier HSC,2019,FW,train,adaptation,target_performance_change_rolling3,player_history_baseline,train,0.1446063061196765,-0.025787071296532533,-0.025787071296532533,0.17039337741620905,0.17039337741620905
pts:127156:969:FR1:2019,Téji Savanier,Montpellier HSC,2019,MF,train,adaptation,target_performance_change_rolling3,player_history_baseline,train,-0.3841574058338453,-0.15065038387713428,-0.15065038387713428,-0.233507021956711,0.233507021956711
pts:130360:416:IT1:2019,Simone Verdi,Torino FC,2019,MF,train,adaptation,target_performance_change_rolling3,player_history_baseline,train,-0.0867196790635629,-0.06438810082775179,-0.06438810082775179,-0.02233157823581111,0.02233157823581111
pts:131708:1244:ES1:2019,Kenneth Omeruo,CD Leganés,2019,DF,train,adaptation,target_performance_change_rolling3,player_history_baseline,train,0.0890176259420824,0.024016733569105102,0.024016733569105102,0.06500089237297729,0.06500089237297729
pts:134294:180:GB1:2019,Danny Ings,Southampton FC,2019,FW,train,adaptation,target_performance_change_rolling3,player_history_baseline,train,0.1566755385049976,0.023541092074677458,0.023541092074677458,0.13313444643032013,0.13313444643032013
pts:146854:162:FR1:2019,Wissam Ben Yedder,AS Monaco,2019,FW,train,adaptation,target_performance_change_rolling3,player_history_baseline,train,0.2625371747611386,0.012579692417156715,0.012579692417156715,0.24995748234398185,0.24995748234398185
pts:162056:3368:ES1:2019,Gonzalo Melero,Levante UD,2019,MF,train,adaptation,target_performance_change_rolling3,player_history_baseline,train,-0.3229641096890749,-0.02827932817953909,-0.02827932817953909,-0.2946847815095358,0.2946847815095358
pts:163222:6574:IT1:2019,Grégoire Defrel,US Sassuolo,2019,FW,train,adaptation,target_performance_change_rolling3,player_history_baseline,train,-0.0180771083834685,-0.011941930206409351,-0.011941930206409351,-0.00613517817705915,0.00613517817705915
pts:164771:12:IT1:2019,Jordan Veretout,AS Roma,2019,MF,train,adaptation,target_performance_change_rolling3,player_history_baseline,train,-0.2274931029749058,-0.11719772690902713,-0.11719772690902713,-0.11029537606587866,0.11029537606587866
pts:165873:366:ES1:2019,Federico Barba,Real Valladolid CF,2019,DF,train,adaptation,target_performance_change_rolling3,player_history_baseline,train,0.0413126250911732,-0.03158902113272433,-0.03158902113272433,0.07290164622389753,0.07290164622389753
pts:167859:252:IT1:2019,Stefano Sturaro,Genoa CFC,2019,MF,train,adaptation,target_performance_change_rolling3,player_history_baseline,train,0.0442132710145645,0.09223853533824969,0.09223853533824969,-0.04802526432368519,0.04802526432368519
pts:176139:1025:IT1:2019,Mattia Bani,Bologna FC 1909,2019,DF,train,adaptation,target_performance_change_rolling3,player_history_baseline,train,0.047977658693667,0.03420055245202596,0.03420055245202596,0.013777106241641038,0.013777106241641038
pts:178313:618:FR1:2019,Jean-Eudes Aholou,AS Saint-Étienne,2019,MF,train,adaptation,target_performance_change_rolling3,player_history_baseline,train,0.1315981585618627,0.011152539650195366,0.011152539650195366,0.12044561891166733,0.12044561891166733
pts:182618:162:FR1:2019,Tiemoué Bakayoko,AS Monaco,2019,MF,train,adaptation,target_performance_change_rolling3,player_history_baseline,train,-0.08652728670792,-0.02829775657954549,-0.02829775657954549,-0.05822953012837451,0.05822953012837451
pts:183031:416:IT1:2019,Koffi Djidji,Torino FC,2019,DF,train,adaptation,target_performance_change_rolling3,player_history_baseline,train,0.246541368374016,0.03421269596156156,0.03421269596156156,0.21232867241245443,0.21232867241245443
pts:199258:2722:IT1:2019,Andrea Petagna,SPAL,2019,FW,train,adaptation,target_performance_change_rolling3,player_history_baseline,train,-0.1772971019444863,0.033959886702239324,0.033959886702239324,-0.21125698864672562,0.21125698864672562
pts:199369:366:ES1:2019,Sandro Ramírez,Real Valladolid CF,2019,FW,train,adaptation,target_performance_change_rolling3,player_history_baseline,train,-0.0316316708915755,0.06855061128306147,0.06855061128306147,-0.10018228217463698,0.10018228217463698
pts:202278:273:FR1:2019,Flavien Tait,Stade Rennais FC,2019,MF,train,adaptation,target_performance_change_rolling3,player_history_baseline,train,-0.1070224901317553,-0.06837221926468501,-0.06837221926468501,-0.03865027086707029,0.03865027086707029
pts:203496:150:ES1:2019,Nabil Fekir,Real Betis Balompié,2019,MF,train,adaptation,target_performance_change_rolling3,player_history_baseline,train,-0.4966413857185665,-0.07279497243430764,-0.07279497243430764,-0.4238464132842588,0.4238464132842588
pts:216179:46:IT1:2019,Stefano Sensi,Inter Milan,2019,MF,train,adaptation,target_performance_change_rolling3,player_history_baseline,train,0.4763285480739661,-0.07069610783368706,-0.07069610783368706,0.5470246559076531,0.5470246559076531
pts:236041:1416:FR1:2019,Alexis Blin,Amiens SC,2019,MF,train,adaptation,target_performance_change_rolling3,player_history_baseline,train,-0.166417542202136,0.02141133864240774,0.02141133864240774,-0.18782888084454374,0.18782888084454374
pts:238868:1050:ES1:2019,Rubén Peña,Villarreal CF,2019,DF,train,adaptation,target_performance_change_rolling3,player_history_baseline,train,-0.1613994833059892,-0.12820306667843337,-0.12820306667843337,-0.03319641662755582,0.03319641662755582
pts:274484:1041:FR1:2019,Youssouf Koné,Olympique Lyon,2019,DF,train,adaptation,target_performance_change_rolling3,player_history_baseline,train,-0.5757775121473301,-0.07941346115274067,-0.07941346115274067,-0.4963640509945894,0.4963640509945894
pts:288241:40:FR1:2019,Enock Kwateng,FC Girondins Bordeaux,2019,DF,train,adaptation,target_performance_change_rolling3,player_history_baseline,train,0.1440644968583041,0.0030317221382928083,0.0030317221382928083,0.1410327747200113,0.1410327747200113
pts:319160:1038:IT1:2019,Jakub Jankto,UC Sampdoria,2019,MF,train,adaptation,target_performance_change_rolling3,player_history_baseline,train,-0.0471883053192241,0.0396899704598861,0.0396899704598861,-0.0868782757791102,0.0868782757791102
pts:355501:12:IT1:2019,Amadou Diawara,AS Roma,2019,MF,train,adaptation,target_performance_change_rolling3,player_history_baseline,train,-0.0497107849643413,0.002899267756771226,0.002899267756771226,-0.05261005272111253,0.05261005272111253
pts:38607:2722:IT1:2019,Federico Di Francesco,SPAL,2019,FW,train,adaptation,target_performance_change_rolling3,player_history_baseline,train,0.1481509612969996,0.04373004771519775,0.04373004771519775,0.10442091358180183,0.10442091358180183
pts:396894:1049:ES1:2019,Maxi Gómez,Valencia CF,2019,FW,train,adaptation,target_performance_change_rolling3,player_history_baseline,train,-0.3816209539833955,0.06505139354478562,0.06505139354478562,-0.44667234752818114,0.44667234752818114
pts:39728:16:L1:2019,Mats Hummels,Borussia Dortmund,2019,DF,train,adaptation,target_performance_change_rolling3,player_history_baseline,train,-0.1982412139564918,-0.15123215263053913,-0.15123215263053913,-0.04700906132595267,0.04700906132595267
pts:40633:430:IT1:2019,Milan Badelj,ACF Fiorentina,2019,MF,train,adaptation,target_performance_change_rolling3,player_history_baseline,train,-0.2959552269488364,-0.1037156811256782,-0.1037156811256782,-0.19223954582315822,0.19223954582315822
pts:43512:86:L1:2019,Ömer Toprak,SV Werder Bremen,2019,DF,train,adaptation,target_performance_change_rolling3,player_history_baseline,train,-0.252400414633755,-0.0887739977890998,-0.0887739977890998,-0.1636264168446552,0.1636264168446552
pts:44466:24:L1:2019,Sebastian Rode,Eintracht Frankfurt,2019,MF,train,adaptation,target_performance_change_rolling3,player_history_baseline,train,0.1926529723169489,-0.05142502788945512,-0.05142502788945512,0.24407800020640402,0.24407800020640402
pts:64598:714:ES1:2019,Bernardo Espinosa,RCD Espanyol Barcelona,2019,DF,train,adaptation,target_performance_change_rolling3,player_history_baseline,train,-0.0342750252160778,0.01693420481576772,0.01693420481576772,-0.05120923003184552,0.05120923003184552
pts:65318:1049:ES1:2019,Jaume Costa,Valencia CF,2019,DF,train,adaptation,target_performance_change_rolling3,player_history_baseline,train,-0.2143575835561247,-0.1047967778026826,-0.1047967778026826,-0.1095608057534421,0.1095608057534421
pts:73185:1108:ES1:2019,Lucas Pérez,Deportivo Alavés,2019,FW,train,adaptation,target_performance_change_rolling3,player_history_baseline,train,-0.1099354397626616,-0.021199160431487115,-0.021199160431487115,-0.08873627933117448,0.08873627933117448
pts:74230:583:FR1:2019,Pablo Sarabia,Paris Saint-Germain,2019,FW,train,adaptation,target_performance_change_rolling3,player_history_baseline,train,-0.3166305200509742,-0.07454244733895177,-0.07454244733895177,-0.24208807271202243,0.24208807271202243
pts:80444:27:L1:2019,Philippe Coutinho,Bayern Munich,2019,MF,train,adaptation,target_performance_change_rolling3,player_history_baseline,train,0.4110033363127139,-0.12294935484373243,-0.12294935484373243,0.5339526911564463,0.5339526911564463
pts:81999:1108:ES1:2019,Joselu,Deportivo Alavés,2019,FW,train,adaptation,target_performance_change_rolling3,player_history_baseline,train,0.1974727291135953,0.041147548753171136,0.041147548753171136,0.15632518036042417,0.15632518036042417
pts:82048:1025:IT1:2019,Nicola Sansone,Bologna FC 1909,2019,FW,train,adaptation,target_performance_change_rolling3,player_history_baseline,train,0.0403246975475381,-0.02217011248278495,-0.02217011248278495,0.06249481003032305,0.06249481003032305
pts:84765:6574:IT1:2019,Francesco Caputo,US Sassuolo,2019,FW,train,adaptation,target_performance_change_rolling3,player_history_baseline,train,0.1903431030884826,-0.03390175367699686,-0.03390175367699686,0.22424485676547945,0.22424485676547945
pts:99232:2722:IT1:2019,Marco D'Alessandro,SPAL,2019,MF,train,adaptation,target_performance_change_rolling3,player_history_baseline,train,-0.3054689759042786,-0.01710460717953796,-0.01710460717953796,-0.2883643687247406,0.2883643687247406
pts:111347:1038:IT1:2020,Lorenzo Tonelli,UC Sampdoria,2020,DF,train,adaptation,target_performance_change_rolling3,player_history_baseline,train,-0.1602450745238204,-0.12232640334491374,-0.12232640334491374,-0.037918671178906654,0.037918671178906654
pts:111961:368:ES1:2020,Suso,Sevilla FC,2020,FW,train,adaptation,target_performance_change_rolling3,player_history_baseline,train,-0.345377596081843,-0.17567941452794558,-0.17567941452794558,-0.1696981815538974,0.1696981815538974
pts:121477:379:GB1:2020,Craig Dawson,West Ham United,2020,DF,train,adaptation,target_performance_change_rolling3,player_history_baseline,train,-0.1028312099515717,-0.05182409931239252,-0.05182409931239252,-0.05100711063917918,0.05100711063917918
pts:129476:410:IT1:2020,Gerard Deulofeu,Udinese Calcio,2020,FW,train,adaptation,target_performance_change_rolling3,player_history_baseline,train,-0.043694823939311,-0.10098992664573389,-0.10098992664573389,0.05729510270642289,0.05729510270642289
pts:130360:416:IT1:2020,Simone Verdi,Torino FC,2020,MF,train,adaptation,target_performance_change_rolling3,player_history_baseline,train,0.101127316605723,-0.05321995225765127,-0.05321995225765127,0.15434726886337427,0.15434726886337427
pts:130365:583:FR1:2020,Alessandro Florenzi,Paris Saint-Germain,2020,DF,train,adaptation,target_performance_change_rolling3,player_history_baseline,train,-0.4626884054734023,-0.21530963671842554,-0.21530963671842554,-0.24737876875497675,0.24737876875497675
pts:148262:762:GB1:2020,Jeff Hendrick,Newcastle United,2020,MF,train,adaptation,target_performance_change_rolling3,player_history_baseline,train,0.078368314881946,0.03749962499916922,0.03749962499916922,0.040868689882776775,0.040868689882776775
pts:163222:6574:IT1:2020,Grégoire Defrel,US Sassuolo,2020,MF,train,adaptation,target_performance_change_rolling3,player_history_baseline,train,-0.0625294110135474,-0.051192192563849354,-0.051192192563849354,-0.011337218449698053,0.011337218449698053
pts:164771:12:IT1:2020,Jordan Veretout,AS Roma,2020,MF,train,adaptation,target_performance_change_rolling3,player_history_baseline,train,0.0770224089324963,-0.10098740043237023,-0.10098740043237023,0.17800980936486654,0.17800980936486654
pts:170544:3911:FR1:2020,Christophe Hérelle,Stade Brestois 29,2020,DF,train,adaptation,target_performance_change_rolling3,player_history_baseline,train,-0.0930213726454391,-0.011651353411688905,-0.011651353411688905,-0.08137001923375019,0.08137001923375019
pts:176139:252:IT1:2020,Mattia Bani,Genoa CFC,2020,DF,train,adaptation,target_performance_change_rolling3,player_history_baseline,train,-0.0880664709557912,0.008984336751713028,0.008984336751713028,-0.09705080770750424,0.09705080770750424
pts:178313:667:FR1:2020,Jean-Eudes Aholou,RC Strasbourg Alsace,2020,MF,train,adaptation,target_performance_change_rolling3,player_history_baseline,train,-0.0666191375784485,0.015111036277521812,0.015111036277521812,-0.08173017385597031,0.08173017385597031
pts:182618:6195:IT1:2020,Tiemoué Bakayoko,SSC Napoli,2020,MF,train,adaptation,target_performance_change_rolling3,player_history_baseline,train,-0.1585159624566825,-0.03803943526768867,-0.03803943526768867,-0.12047652718899383,0.12047652718899383
pts:182875:995:FR1:2020,Jean-Charles Castelletto,FC Nantes,2020,DF,train,adaptation,target_performance_change_rolling3,player_history_baseline,train,0.1453335028525684,-0.0054987188853530995,-0.0054987188853530995,0.15083222173792152,0.15083222173792152
pts:216179:46:IT1:2020,Stefano Sensi,Inter Milan,2020,MF,train,adaptation,target_performance_change_rolling3,player_history_baseline,train,0.0493049238682448,-0.0788780972604329,-0.0788780972604329,0.12818302112867772,0.12818302112867772
pts:238752:1038:IT1:2020,Keita Baldé,UC Sampdoria,2020,FW,train,adaptation,target_performance_change_rolling3,player_history_baseline,train,0.1474362986430343,-0.017318486512807776,-0.017318486512807776,0.16475478515584208,0.16475478515584208
pts:251896:16795:ES1:2020,Jesús Vallejo,Granada CF,2020,DF,train,adaptation,target_performance_change_rolling3,player_history_baseline,train,0.042875689707084,0.04624076302097067,0.04624076302097067,-0.00336507331388667,0.00336507331388667
pts:25488:1038:IT1:2020,Antonio Candreva,UC Sampdoria,2020,MF,train,adaptation,target_performance_change_rolling3,player_history_baseline,train,0.3741350521224479,-0.1809634711426711,-0.1809634711426711,0.555098523265119,0.555098523265119
pts:265763:347:FR1:2020,Thierry Ambrose,FC Metz,2020,FW,train,adaptation,target_performance_change_rolling3,player_history_baseline,train,-0.2218424438519271,-0.024071398447022392,-0.024071398447022392,-0.19777104540490473,0.19777104540490473
pts:266795:398:IT1:2020,Gonzalo Escalante,SS Lazio,2020,MF,train,adaptation,target_performance_change_rolling3,player_history_baseline,train,0.2789700925266794,-0.014018943054279524,-0.014018943054279524,0.29298903558095896,0.29298903558095896
pts:272261:276:IT1:2020,Antonín Barák,Hellas Verona,2020,MF,train,adaptation,target_performance_change_rolling3,player_history_baseline,train,0.0035230540457626,-0.020726749235645166,-0.020726749235645166,0.024249803281407765,0.024249803281407765
pts:284595:1038:IT1:2020,Tommaso Augello,UC Sampdoria,2020,DF,train,adaptation,target_performance_change_rolling3,player_history_baseline,train,-0.2552618868735743,-0.08280056381212217,-0.08280056381212217,-0.17246132306145215,0.17246132306145215
pts:284884:368:ES1:2020,Óscar Rodríguez Arnaiz,Sevilla FC,2020,MF,train,adaptation,target_performance_change_rolling3,player_history_baseline,train,0.1136482020517777,0.041016167261895616,0.041016167261895616,0.07263203478988209,0.07263203478988209
pts:310458:276:IT1:2020,Giangiacomo Magnani,Hellas Verona,2020,DF,train,adaptation,target_performance_change_rolling3,player_history_baseline,train,0.3195577884040475,0.10481682800444053,0.10481682800444053,0.214740960399607,0.214740960399607
pts:32467:368:ES1:2020,Ivan Rakitić,Sevilla FC,2020,MF,train,adaptation,target_performance_change_rolling3,player_history_baseline,train,-0.2377510489976547,-0.18404323089368896,-0.18404323089368896,-0.05370781810396574,0.05370781810396574
pts:332179:800:IT1:2020,Matteo Pessina,Atalanta BC,2020,MF,train,adaptation,target_performance_change_rolling3,player_history_baseline,train,0.1690730606792838,-0.02584957218352115,-0.02584957218352115,0.19492263286280495,0.19492263286280495
pts:340328:969:FR1:2020,Stephy Mavididi,Montpellier HSC,2020,FW,train,adaptation,target_performance_change_rolling3,player_history_baseline,train,0.1655443766746656,0.0578462727228932,0.0578462727228932,0.1076981039517724,0.1076981039517724
pts:40633:252:IT1:2020,Milan Badelj,Genoa CFC,2020,MF,train,adaptation,target_performance_change_rolling3,player_history_baseline,train,0.0046147621971165,-0.13802611931130712,-0.13802611931130712,0.14264088150842363,0.14264088150842363
pts:43512:86:L1:2020,Ömer Toprak,SV Werder Bremen,2020,DF,train,adaptation,target_performance_change_rolling3,player_history_baseline,train,-0.0424679606344671,-0.07520365741479804,-0.07520365741479804,0.03273569678033093,0.03273569678033093
pts:43530:1237:GB1:2020,Adam Lallana,Brighton & Hove Albion,2020,MF,train,adaptation,target_performance_change_rolling3,player_history_baseline,train,-0.3282083142643893,-0.1546508927675833,-0.1546508927675833,-0.173557421496806,0.173557421496806
pts:44162:131:ES1:2020,Miralem Pjanić,FC Barcelona,2020,MF,train,adaptation,target_performance_change_rolling3,player_history_baseline,train,0.0319548445841537,-0.10191842380300645,-0.10191842380300645,0.13387326838716015,0.13387326838716015
pts:56810:1038:IT1:2020,Adrien Silva,UC Sampdoria,2020,MF,train,adaptation,target_performance_change_rolling3,player_history_baseline,train,-0.1111208070808729,-0.09972111104501219,-0.09972111104501219,-0.011399696035860704,0.011399696035860704
pts:56818:417:FR1:2020,Morgan Schneiderlin,OGC Nice,2020,MF,train,adaptation,target_performance_change_rolling3,player_history_baseline,train,0.0733618988617646,-0.03970966786753368,-0.03970966786753368,0.11307156672929827,0.11307156672929827
pts:57280:430:IT1:2020,Giacomo Bonaventura,ACF Fiorentina,2020,MF,train,adaptation,target_performance_change_rolling3,player_history_baseline,train,-0.4425780990165602,-0.12361375527433918,-0.12361375527433918,-0.31896434374222105,0.31896434374222105
pts:58396:86:L1:2020,Christian Groß,SV Werder Bremen,2020,MF,train,adaptation,target_performance_change_rolling3,player_history_baseline,train,-0.5232577174268049,-0.05435267275304258,-0.05435267275304258,-0.4689050446737624,0.4689050446737624
pts:60444:31:GB1:2020,Thiago Alcántara,Liverpool FC,2020,MF,train,adaptation,target_performance_change_rolling3,player_history_baseline,train,-0.2668045987618191,-0.23056011905197263,-0.23056011905197263,-0.03624447970984648,0.03624447970984648
pts:60542:16795:ES1:2020,Maxime Gonalons,Granada CF,2020,MF,train,adaptation,target_performance_change_rolling3,player_history_baseline,train,-0.0527125553750807,-0.10442793746377357,-0.10442793746377357,0.05171538208869288,0.05171538208869288
pts:61253:430:IT1:2020,José Callejón,ACF Fiorentina,2020,FW,train,adaptation,target_performance_change_rolling3,player_history_baseline,train,-0.7902912764524179,-0.11938635317298243,-0.11938635317298243,-0.6709049232794355,0.6709049232794355
pts:82009:162:FR1:2020,Kevin Volland,AS Monaco,2020,FW,train,adaptation,target_performance_change_rolling3,player_history_baseline,train,-0.0945310582366368,-0.0390236794300092,-0.0390236794300092,-0.055507378806627594,0.055507378806627594
pts:88682:1041:FR1:2020,Mattia De Sciglio,Olympique Lyon,2020,DF,train,adaptation,target_performance_change_rolling3,player_history_baseline,train,-0.1538560966771119,-0.09983737163601619,-0.09983737163601619,-0.0540187250410957,0.0540187250410957
pts:88683:252:IT1:2020,Mattia Destro,Genoa CFC,2020,FW,train,adaptation,target_performance_change_rolling3,player_history_baseline,train,0.1311054226554782,-0.0006213967926454594,-0.0006213967926454594,0.13172681944812364,0.13172681944812364
pts:94201:89:L1:2020,Robin Knoche,1.FC Union Berlin,2020,DF,train,adaptation,target_performance_change_rolling3,player_history_baseline,train,-0.0952603201845785,-0.07013157255511779,-0.07013157255511779,-0.025128747629460713,0.025128747629460713
pts:111630:368:ES1:2021,Érik Lamela,Sevilla FC,2021,FW,train,adaptation,target_performance_change_rolling3,player_history_baseline,train,-0.0188963694151357,-0.12104519936161376,-0.12104519936161376,0.10214882994647806,0.10214882994647806
pts:112935:3:L1:2021,Mark Uth,1.FC Köln,2021,MF,train,adaptation,target_performance_change_rolling3,player_history_baseline,train,0.3090245503273784,-0.013345791253689235,-0.013345791253689235,0.32237034158106764,0.32237034158106764
pts:121477:379:GB1:2021,Craig Dawson,West Ham United,2021,DF,train,adaptation,target_performance_change_rolling3,player_history_baseline,train,0.2000370177585911,-0.0042656109282768265,-0.0042656109282768265,0.2043026286868679,0.2043026286868679
pts:122797:417:FR1:2021,Andy Delort,OGC Nice,2021,FW,train,adaptation,target_performance_change_rolling3,player_history_baseline,train,-0.068844762720197,-0.03426025365291108,-0.03426025365291108,-0.034584509067285926,0.034584509067285926
pts:124715:252:IT1:2021,Nikola Maksimović,Genoa CFC,2021,DF,train,adaptation,target_performance_change_rolling3,player_history_baseline,train,-0.0297221524560169,-0.06498685809206932,-0.06498685809206932,0.03526470563605242,0.03526470563605242
pts:126673:1025:IT1:2021,Adama Soumaoro,Bologna FC 1909,2021,DF,train,adaptation,target_performance_change_rolling3,player_history_baseline,train,0.0436969385344283,0.039256183479160024,0.039256183479160024,0.004440755055268274,0.004440755055268274
pts:127032:1050:ES1:2021,Serge Aurier,Villarreal CF,2021,DF,train,adaptation,target_performance_change_rolling3,player_history_baseline,train,-0.2738727529721596,-0.11095485990605072,-0.11095485990605072,-0.1629178930661089,0.1629178930661089
pts:130365:5:IT1:2021,Alessandro Florenzi,AC Milan,2021,DF,train,adaptation,target_performance_change_rolling3,player_history_baseline,train,0.0368509485457387,-0.11037927897812283,-0.11037927897812283,0.14723022752386153,0.14723022752386153
pts:131951:276:IT1:2021,Kevin Lasagna,Hellas Verona,2021,MF,train,adaptation,target_performance_change_rolling3,player_history_baseline,train,0.1715485918481865,0.017289066892431253,0.017289066892431253,0.15425952495575523,0.15425952495575523
pts:134294:405:GB1:2021,Danny Ings,Aston Villa,2021,FW,train,adaptation,target_performance_change_rolling3,player_history_baseline,train,-0.3433628569638522,-0.011783031027131338,-0.011783031027131338,-0.33157982593672086,0.33157982593672086
pts:135492:150:ES1:2021,Youssouf Sabaly,Real Betis Balompié,2021,DF,train,adaptation,target_performance_change_rolling3,player_history_baseline,train,-0.0741214476912117,-0.11261618409961699,-0.11261618409961699,0.03849473640840528,0.03849473640840528
pts:14086:405:GB1:2021,Ashley Young,Aston Villa,2021,DF,train,adaptation,target_performance_change_rolling3,player_history_baseline,train,-0.3291422548089622,-0.11883015196060626,-0.11883015196060626,-0.21031210284835594,0.21031210284835594
pts:146752:276:IT1:2021,Gianluca Caprari,Hellas Verona,2021,MF,train,adaptation,target_performance_change_rolling3,player_history_baseline,train,0.2913771932906803,-0.03615993337044709,-0.03615993337044709,0.3275371266611274,0.3275371266611274
pts:159844:24:L1:2021,Christopher Lenz,Eintracht Frankfurt,2021,DF,train,adaptation,target_performance_change_rolling3,player_history_baseline,train,0.1388300551616847,-0.036961149706349075,-0.036961149706349075,0.1757912048680338,0.1757912048680338
pts:164770:985:GB1:2021,Raphaël Varane,Manchester United,2021,DF,train,adaptation,target_performance_change_rolling3,player_history_baseline,train,0.1617807540543861,0.04347711885889672,0.04347711885889672,0.11830363519548939,0.11830363519548939
pts:173900:1049:ES1:2021,Hélder Costa,Valencia CF,2021,MF,train,adaptation,target_performance_change_rolling3,player_history_baseline,train,-0.0423941902049454,-0.009016785866006061,-0.009016785866006061,-0.033377404338939334,0.033377404338939334
pts:178313:667:FR1:2021,Jean-Eudes Aholou,RC Strasbourg Alsace,2021,MF,train,adaptation,target_performance_change_rolling3,player_history_baseline,train,0.0081367717293697,-0.04447752002256003,-0.04447752002256003,0.05261429175192973,0.05261429175192973
pts:181378:273:FR1:2021,Gaëtan Laborde,Stade Rennais FC,2021,FW,train,adaptation,target_performance_change_rolling3,player_history_baseline,train,0.1000091848716493,-0.008495756752153097,-0.008495756752153097,0.10850494162380239,0.10850494162380239
pts:182618:5:IT1:2021,Tiemoué Bakayoko,AC Milan,2021,MF,train,adaptation,target_performance_change_rolling3,player_history_baseline,train,-0.1417451873323183,-0.056114420714448165,-0.056114420714448165,-0.08563076661787014,0.08563076661787014
pts:199369:3709:ES1:2021,Sandro Ramírez,Getafe CF,2021,FW,train,adaptation,target_performance_change_rolling3,player_history_baseline,train,-0.1549256896925995,-0.025785889653443663,-0.025785889653443663,-0.12913980003915584,0.12913980003915584
pts:238752:1390:IT1:2021,Keita Baldé,Cagliari Calcio,2021,FW,train,adaptation,target_performance_change_rolling3,player_history_baseline,train,-0.7696291525242396,-0.07883359955792626,-0.07883359955792626,-0.6907955529663133,0.6907955529663133
pts:25488:1038:IT1:2021,Antonio Candreva,UC Sampdoria,2021,MF,train,adaptation,target_performance_change_rolling3,player_history_baseline,train,-0.0496751145804981,-0.25536344294375385,-0.25536344294375385,0.20568832836325573,0.20568832836325573
pts:272261:276:IT1:2021,Antonín Barák,Hellas Verona,2021,MF,train,adaptation,target_performance_change_rolling3,player_history_baseline,train,0.1083614825949847,-0.029862999763603633,-0.029862999763603633,0.13822448235858834,0.13822448235858834
pts:27389:667:FR1:2021,Kévin Gameiro,RC Strasbourg Alsace,2021,FW,train,adaptation,target_performance_change_rolling3,player_history_baseline,train,0.2640221532802772,-0.03963331598773233,-0.03963331598773233,0.30365546926800957,0.30365546926800957
pts:279009:44:L1:2021,Marco Richter,Hertha BSC,2021,FW,train,adaptation,target_performance_change_rolling3,player_history_baseline,train,-0.2521820450672605,-0.02357747639511132,-0.02357747639511132,-0.22860456867214918,0.22860456867214918
pts:310458:276:IT1:2021,Giangiacomo Magnani,Hellas Verona,2021,DF,train,adaptation,target_performance_change_rolling3,player_history_baseline,train,0.1838093290166244,0.04786410167649927,0.04786410167649927,0.13594522734012512,0.13594522734012512
pts:315125:40:FR1:2021,Javairô Dilrosun,FC Girondins Bordeaux,2021,MF,train,adaptation,target_performance_change_rolling3,player_history_baseline,train,0.3794174038225146,-0.005431329258813598,-0.005431329258813598,0.3848487330813282,0.3848487330813282
pts:319160:3709:ES1:2021,Jakub Jankto,Getafe CF,2021,DF,train,adaptation,target_performance_change_rolling3,player_history_baseline,train,-0.3038896360503351,-0.022284589726361055,-0.022284589726361055,-0.28160504632397404,0.28160504632397404
pts:344605:1003:GB1:2021,Boubakary Soumaré,Leicester City,2021,MF,train,adaptation,target_performance_change_rolling3,player_history_baseline,train,-0.293585060735348,-0.08033292395294692,-0.08033292395294692,-0.2132521367824011,0.2132521367824011
pts:352392:667:FR1:2021,Lucas Perrin,RC Strasbourg Alsace,2021,DF,train,adaptation,target_performance_change_rolling3,player_history_baseline,train,0.1004450861313367,0.048216214679817675,0.048216214679817675,0.05222887145151902,0.05222887145151902
pts:395083:1421:FR1:2021,Andrew Gravillon,Stade Reims,2021,DF,train,adaptation,target_performance_change_rolling3,player_history_baseline,train,-0.1768185233762623,0.003034251597441265,0.003034251597441265,-0.17985277497370356,0.17985277497370356
pts:471474:331:ES1:2021,Javi Martínez,CA Osasuna,2021,MF,train,adaptation,target_performance_change_rolling3,player_history_baseline,train,-0.0058432225156953,0.08779596850069096,0.08779596850069096,-0.09363919101638626,0.09363919101638626
pts:47713:969:FR1:2021,Mamadou Sakho,Montpellier HSC,2021,DF,train,adaptation,target_performance_change_rolling3,player_history_baseline,train,0.3104003212357712,-0.009529875321500725,-0.009529875321500725,0.31993019655727195,0.31993019655727195
pts:481084:1049:ES1:2021,Marcos André,Valencia CF,2021,FW,train,adaptation,target_performance_change_rolling3,player_history_baseline,train,-0.085695189568433,0.06287889598127164,0.06287889598127164,-0.14857408554970464,0.14857408554970464
pts:61842:29:GB1:2021,Andros Townsend,Everton FC,2021,MF,train,adaptation,target_performance_change_rolling3,player_history_baseline,train,0.1258798269564921,-0.07596401769238775,-0.07596401769238775,0.20184384464887986,0.20184384464887986
pts:68864:1390:IT1:2021,Kevin Strootman,Cagliari Calcio,2021,MF,train,adaptation,target_performance_change_rolling3,player_history_baseline,train,-0.4600864621906792,-0.10893610256194583,-0.10893610256194583,-0.3511503596287334,0.3511503596287334
pts:73185:1531:ES1:2021,Lucas Pérez,Elche CF,2021,FW,train,adaptation,target_performance_change_rolling3,player_history_baseline,train,-0.3613825771765214,-0.11132575185840785,-0.11132575185840785,-0.2500568253181136,0.2500568253181136
pts:84765:1038:IT1:2021,Francesco Caputo,UC Sampdoria,2021,FW,train,adaptation,target_performance_change_rolling3,player_history_baseline,train,-0.2593267284151302,-0.011536056520451109,-0.011536056520451109,-0.2477906718946791,0.2477906718946791
pts:85383:2687:ES1:2021,Rubén Sobrino,Cádiz CF,2021,FW,train,adaptation,target_performance_change_rolling3,player_history_baseline,train,0.0511377703447791,-0.033425631455943794,-0.033425631455943794,0.08456340180072289,0.08456340180072289
pts:103565:969:FR1:2022,Wahbi Khazri,Montpellier HSC,2022,FW,validation,adaptation,target_performance_change_rolling3,player_history_baseline,train,-0.065267702535298,-0.11349554781873239,-0.11349554781873239,0.04822784528343439,0.04822784528343439
pts:125614:3:L1:2022,Sargis Adamyan,1.FC Köln,2022,FW,validation,adaptation,target_performance_change_rolling3,player_history_baseline,train,-0.1562139828746485,-0.07136809487192128,-0.07136809487192128,-0.08484588800272722,0.08484588800272722
pts:128901:29:GB1:2022,Conor Coady,Everton FC,2022,DF,validation,adaptation,target_performance_change_rolling3,player_history_baseline,train,-0.0718663032536295,-0.022721260072498146,-0.022721260072498146,-0.04914504318113135,0.04914504318113135
pts:130360:276:IT1:2022,Simone Verdi,Hellas Verona,2022,MF,validation,adaptation,target_performance_change_rolling3,player_history_baseline,train,-0.348745305429942,-0.0934167162379249,-0.0934167162379249,-0.25532858919201706,0.25532858919201706
pts:131731:3522:IT1:2022,Mehdi Bourabia,Spezia Calcio,2022,MF,validation,adaptation,target_performance_change_rolling3,player_history_baseline,train,-0.274881564542312,-0.09360650469550102,-0.09360650469550102,-0.18127505984681097,0.18127505984681097
pts:143559:237:ES1:2022,Matija Nastasić,RCD Mallorca,2022,DF,validation,adaptation,target_performance_change_rolling3,player_history_baseline,train,-0.1807799077815512,-0.018680616029608004,-0.018680616029608004,-0.1620992917519432,0.1620992917519432
pts:148368:5:IT1:2022,Divock Origi,AC Milan,2022,FW,validation,adaptation,target_performance_change_rolling3,player_history_baseline,train,-0.4602246633090365,0.03316042413576078,0.03316042413576078,-0.49338508744479725,0.49338508744479725
pts:162038:367:ES1:2022,Raúl de Tomás,Rayo Vallecano,2022,FW,validation,adaptation,target_performance_change_rolling3,player_history_baseline,train,0.0021505518044391,-0.05398363199305141,-0.05398363199305141,0.05613418379749051,0.05613418379749051
pts:164771:244:FR1:2022,Jordan Veretout,Olympique Marseille,2022,MF,validation,adaptation,target_performance_change_rolling3,player_history_baseline,train,0.0294158994378627,-0.10891243842778123,-0.10891243842778123,0.1383283378656439,0.1383283378656439
pts:178313:667:FR1:2022,Jean-Eudes Aholou,RC Strasbourg Alsace,2022,MF,validation,adaptation,target_performance_change_rolling3,player_history_baseline,train,0.1389904076473191,0.00945309102809476,0.00945309102809476,0.12953731661922435,0.12953731661922435
pts:179635:80:L1:2022,Philipp Förster,VfL Bochum,2022,MF,validation,adaptation,target_performance_change_rolling3,player_history_baseline,train,-0.0759771058282916,-0.039930729236711295,-0.039930729236711295,-0.03604637659158031,0.03604637659158031
pts:181378:417:FR1:2022,Gaëtan Laborde,OGC Nice,2022,FW,validation,adaptation,target_performance_change_rolling3,player_history_baseline,train,0.1297824910633713,-0.024024354847318616,-0.024024354847318616,0.15380684591068994,0.15380684591068994
pts:195171:1049:ES1:2022,Samu Castillejo,Valencia CF,2022,FW,validation,adaptation,target_performance_change_rolling3,player_history_baseline,train,0.1139537495219848,-0.12643940876883977,-0.12643940876883977,0.24039315829082458,0.24039315829082458
pts:197135:2687:ES1:2022,Joseba Zaldúa,Cádiz CF,2022,DF,validation,adaptation,target_performance_change_rolling3,player_history_baseline,train,-0.1966888785248662,-0.04677292687645586,-0.04677292687645586,-0.14991595164841032,0.14991595164841032
pts:197470:3522:IT1:2022,Mattia Caldara,Spezia Calcio,2022,DF,validation,adaptation,target_performance_change_rolling3,player_history_baseline,train,-0.077923208685984,-0.03573361510238668,-0.03573361510238668,-0.04218959358359732,0.04218959358359732
pts:203842:3522:IT1:2022,Viktor Kovalenko,Spezia Calcio,2022,MF,validation,adaptation,target_performance_change_rolling3,player_history_baseline,train,-0.0991017129136835,0.012217503432009752,0.012217503432009752,-0.11131921634569325,0.11131921634569325
pts:206912:826:FR1:2022,Jimmy Cabot,RC Lens,2022,DF,validation,adaptation,target_performance_change_rolling3,player_history_baseline,train,0.4927791373368049,-0.06475965587744807,-0.06475965587744807,0.5575387932142529,0.5575387932142529
pts:212391:1531:ES1:2022,Roger Martí,Elche CF,2022,FW,validation,adaptation,target_performance_change_rolling3,player_history_baseline,train,-0.408475759930714,-0.01799348851860804,-0.01799348851860804,-0.39048227141210595,0.39048227141210595
pts:223725:3709:ES1:2022,Munir El Haddadi,Getafe CF,2022,MF,validation,adaptation,target_performance_change_rolling3,player_history_baseline,train,-0.2837424517584549,-0.055925071360476156,-0.055925071360476156,-0.22781738039797877,0.22781738039797877
pts:238868:331:ES1:2022,Rubén Peña,CA Osasuna,2022,DF,validation,adaptation,target_performance_change_rolling3,player_history_baseline,train,-0.0906240035011467,-0.058958932300603,-0.058958932300603,-0.0316650712005437,0.0316650712005437
pts:247250:2687:ES1:2022,Rubén Alcaraz,Cádiz CF,2022,MF,validation,adaptation,target_performance_change_rolling3,player_history_baseline,train,-0.0916219090248877,-0.08009153859353192,-0.08009153859353192,-0.011530370431355783,0.011530370431355783
pts:249126:1038:IT1:2022,Harry Winks,UC Sampdoria,2022,MF,validation,adaptation,target_performance_change_rolling3,player_history_baseline,train,-0.2543287325570038,-0.07750694991083455,-0.07750694991083455,-0.1768217826461692,0.1768217826461692
pts:25488:380:IT1:2022,Antonio Candreva,US Salernitana 1919,2022,MF,validation,adaptation,target_performance_change_rolling3,player_history_baseline,train,-0.3395647130939653,-0.27007557814181915,-0.27007557814181915,-0.06948913495214615,0.06948913495214615
pts:272261:430:IT1:2022,Antonín Barák,ACF Fiorentina,2022,MF,validation,adaptation,target_performance_change_rolling3,player_history_baseline,train,-0.3939064372670646,-0.07978953922525087,-0.07978953922525087,-0.31411689804181375,0.31411689804181375
pts:284884:940:ES1:2022,Óscar Rodríguez Arnaiz,Celta de Vigo,2022,MF,validation,adaptation,target_performance_change_rolling3,player_history_baseline,train,-0.0441478042212386,-0.04112101876037162,-0.04112101876037162,-0.0030267854608669806,0.0030267854608669806
pts:307519:2687:ES1:2022,Fede San Emeterio,Cádiz CF,2022,MF,validation,adaptation,target_performance_change_rolling3,player_history_baseline,train,0.0758238241456358,0.06792429344157733,0.06792429344157733,0.007899530704058466,0.007899530704058466
pts:309944:749:IT1:2022,Tyronne Ebuehi,FC Empoli,2022,DF,validation,adaptation,target_performance_change_rolling3,player_history_baseline,train,-0.139923653603911,0.017720444871240117,0.017720444871240117,-0.15764409847515112,0.15764409847515112
pts:315332:39:L1:2022,Aymen Barkok,1.FSV Mainz 05,2022,MF,validation,adaptation,target_performance_change_rolling3,player_history_baseline,train,-0.3919282355545924,0.009982050293152127,0.009982050293152127,-0.4019102858477445,0.4019102858477445
pts:335147:380:IT1:2022,Junior Sambia,US Salernitana 1919,2022,DF,validation,adaptation,target_performance_change_rolling3,player_history_baseline,train,0.0426841986898496,-0.10737854907220298,-0.10737854907220298,0.15006274776205258,0.15006274776205258
pts:352392:667:FR1:2022,Lucas Perrin,RC Strasbourg Alsace,2022,DF,validation,adaptation,target_performance_change_rolling3,player_history_baseline,train,-0.2220188055554143,-0.09227827090448193,-0.09227827090448193,-0.12974053465093238,0.12974053465093238
pts:353796:380:IT1:2022,Giulio Maggiore,US Salernitana 1919,2022,MF,validation,adaptation,target_performance_change_rolling3,player_history_baseline,train,-0.2043443764643362,0.005872175395945624,0.005872175395945624,-0.21021655186028182,0.21021655186028182
pts:364857:969:FR1:2022,Falaye Sacko,Montpellier HSC,2022,DF,validation,adaptation,target_performance_change_rolling3,player_history_baseline,train,-0.2909280280748714,-0.04876150716694659,-0.04876150716694659,-0.2421665209079248,0.2421665209079248
pts:395083:1421:FR1:2022,Andrew Gravillon,Stade Reims,2022,DF,validation,adaptation,target_performance_change_rolling3,player_history_baseline,train,-0.0660542727459472,0.011368431380777151,0.011368431380777151,-0.07742270412672436,0.07742270412672436
pts:406806:380:IT1:2022,Emil Bohinen,US Salernitana 1919,2022,MF,validation,adaptation,target_performance_change_rolling3,player_history_baseline,train,-0.0367205916433892,0.032347184213222475,0.032347184213222475,-0.06906777585661167,0.06906777585661167
pts:459655:380:IT1:2022,Matteo Lovato,US Salernitana 1919,2022,DF,validation,adaptation,target_performance_change_rolling3,player_history_baseline,train,-0.2430612429570898,0.07128071549379539,0.07128071549379539,-0.3143419584508852,0.3143419584508852
pts:570817:1421:FR1:2022,Maxime Busi,Stade Reims,2022,DF,validation,adaptation,target_performance_change_rolling3,player_history_baseline,train,0.1436561156165357,0.003661361402688759,0.003661361402688759,0.13999475421384694,0.13999475421384694
pts:60542:3524:FR1:2022,Maxime Gonalons,Clermont Foot 63,2022,MF,validation,adaptation,target_performance_change_rolling3,player_history_baseline,train,0.0892651643851665,-0.07348705353249632,-0.07348705353249632,0.1627522179176628,0.1627522179176628
pts:623040:276:IT1:2022,Yayah Kallon,Hellas Verona,2022,MF,validation,adaptation,target_performance_change_rolling3,player_history_baseline,train,0.3206613757079805,0.07156614487095081,0.07156614487095081,0.24909523083702967,0.24909523083702967
pts:649452:244:FR1:2022,Issa Kaboré,Olympique Marseille,2022,DF,validation,adaptation,target_performance_change_rolling3,player_history_baseline,train,0.4151138919753643,0.04236238077397853,0.04236238077397853,0.3727515112013858,0.3727515112013858
pts:74810:1148:GB1:2022,Ben Mee,Brentford FC,2022,DF,validation,adaptation,target_performance_change_rolling3,player_history_baseline,train,-0.0600540762585164,-0.023964541169983724,-0.023964541169983724,-0.03608953508853267,0.03608953508853267
pts:80444:405:GB1:2022,Philippe Coutinho,Aston Villa,2022,MF,validation,adaptation,target_performance_change_rolling3,player_history_baseline,train,-0.8754599361446828,-0.2101991639130894,-0.2101991639130894,-0.6652607722315933,0.6652607722315933
pts:81999:714:ES1:2022,Joselu,RCD Espanyol Barcelona,2022,FW,validation,adaptation,target_performance_change_rolling3,player_history_baseline,train,0.0144701611073243,-0.04611805429836542,-0.04611805429836542,0.06058821540568972,0.06058821540568972
pts:84765:1038:IT1:2022,Francesco Caputo,UC Sampdoria,2022,FW,validation,adaptation,target_performance_change_rolling3,player_history_baseline,train,-0.7095853960671082,-0.050486205937744645,-0.050486205937744645,-0.6590991901293636,0.6590991901293636
pts:88683:749:IT1:2022,Mattia Destro,FC Empoli,2022,FW,validation,adaptation,target_performance_change_rolling3,player_history_baseline,train,-0.4022248883318742,-0.028651718529486975,-0.028651718529486975,-0.3735731698023872,0.3735731698023872
pts:127142:3911:FR1:2023,Jonas Martin,Stade Brestois 29,2023,MF,test,adaptation,target_performance_change_rolling3,player_history_baseline,train_plus_validation,0.199932418287754,-0.18401087765721647,-0.18401087765721647,0.38394329594497045,0.38394329594497045
pts:14086:29:GB1:2023,Ashley Young,Everton FC,2023,DF,test,adaptation,target_performance_change_rolling3,player_history_baseline,train_plus_validation,-0.1046816901388783,-0.2366042794468804,-0.2366042794468804,0.1319225893080021,0.1319225893080021
pts:148368:703:GB1:2023,Divock Origi,Nottingham Forest,2023,FW,test,adaptation,target_performance_change_rolling3,player_history_baseline,train_plus_validation,-0.350191151829079,-0.10064201951588943,-0.10064201951588943,-0.2495491323131896,0.2495491323131896
pts:182618:1158:FR1:2023,Tiemoué Bakayoko,FC Lorient,2023,MF,test,adaptation,target_performance_change_rolling3,player_history_baseline,train_plus_validation,-0.0766793594113085,-0.05817787047723849,-0.05817787047723849,-0.018501488934070012,0.018501488934070012
pts:186988:167:L1:2023,Sven Michel,FC Augsburg,2023,FW,test,adaptation,target_performance_change_rolling3,player_history_baseline,train_plus_validation,-0.287314347760895,-0.062998522902351,-0.062998522902351,-0.22431582485854398,0.22431582485854398
pts:195171:6574:IT1:2023,Samu Castillejo,US Sassuolo,2023,FW,test,adaptation,target_performance_change_rolling3,player_history_baseline,train_plus_validation,-0.0645188026274248,-0.14517433515892814,-0.14517433515892814,0.08065553253150333,0.08065553253150333
pts:203842:749:IT1:2023,Viktor Kovalenko,FC Empoli,2023,MF,test,adaptation,target_performance_change_rolling3,player_history_baseline,train_plus_validation,-0.0769652559879418,0.021432962973193484,0.021432962973193484,-0.09839821896113528,0.09839821896113528
pts:241076:749:IT1:2023,Emmanuel Gyasi,FC Empoli,2023,DF,test,adaptation,target_performance_change_rolling3,player_history_baseline,train_plus_validation,-0.012725018319465,-0.010561760689383207,-0.010561760689383207,-0.002163257630081794,0.002163257630081794
pts:251845:1049:ES1:2023,Sergi Canós,Valencia CF,2023,MF,test,adaptation,target_performance_change_rolling3,player_history_baseline,train_plus_validation,0.1974871293902005,-0.01098957827741695,-0.01098957827741695,0.20847670766761744,0.20847670766761744
pts:25488:380:IT1:2023,Antonio Candreva,US Salernitana 1919,2023,MF,test,adaptation,target_performance_change_rolling3,player_history_baseline,train_plus_validation,-0.2855361728636738,-0.24132329854271045,-0.24132329854271045,-0.044212874320963325,0.044212874320963325
pts:256429:2687:ES1:2023,Sergi Guardiola,Cádiz CF,2023,FW,test,adaptation,target_performance_change_rolling3,player_history_baseline,train_plus_validation,0.2994416558074126,-0.06067040338620132,-0.06067040338620132,0.36011205919361394,0.36011205919361394
pts:257751:749:IT1:2023,Simone Bastoni,FC Empoli,2023,MF,test,adaptation,target_performance_change_rolling3,player_history_baseline,train_plus_validation,-0.3979580837772979,-0.11381304519273963,-0.11381304519273963,-0.2841450385845583,0.2841450385845583
pts:266795:2687:ES1:2023,Gonzalo Escalante,Cádiz CF,2023,MF,test,adaptation,target_performance_change_rolling3,player_history_baseline,train_plus_validation,-0.2787586157786729,-0.11334172270154788,-0.11334172270154788,-0.165416893077125,0.165416893077125
pts:277635:2687:ES1:2023,Rominigue Kouamé,Cádiz CF,2023,MF,test,adaptation,target_performance_change_rolling3,player_history_baseline,train_plus_validation,-0.2786858512152025,-0.05054633332855091,-0.05054633332855091,-0.2281395178866516,0.2281395178866516
pts:279009:39:L1:2023,Marco Richter,1.FSV Mainz 05,2023,MF,test,adaptation,target_performance_change_rolling3,player_history_baseline,train_plus_validation,-0.0066963363472967,-0.057816504224169,-0.057816504224169,0.0511201678768723,0.0511201678768723
pts:284884:3709:ES1:2023,Óscar Rodríguez Arnaiz,Getafe CF,2023,MF,test,adaptation,target_performance_change_rolling3,player_history_baseline,train_plus_validation,0.138314456030665,-0.1130007946856074,-0.1130007946856074,0.2513152507162724,0.2513152507162724
pts:286779:2687:ES1:2023,Jorge Meré,Cádiz CF,2023,DF,test,adaptation,target_performance_change_rolling3,player_history_baseline,train_plus_validation,-0.2645497207136195,0.013718613910727512,0.013718613910727512,-0.27826833462434697,0.27826833462434697
pts:32113:2919:IT1:2023,Armando Izzo,AC Monza,2023,DF,test,adaptation,target_performance_change_rolling3,player_history_baseline,train_plus_validation,-0.2235624287163614,-0.11360556780182945,-0.11360556780182945,-0.10995686091453194,0.10995686091453194
pts:332179:2919:IT1:2023,Matteo Pessina,AC Monza,2023,MF,test,adaptation,target_performance_change_rolling3,player_history_baseline,train_plus_validation,-0.1800895198517044,-0.11629826659928692,-0.11629826659928692,-0.06379125325241748,0.06379125325241748
pts:344605:368:ES1:2023,Boubakary Soumaré,Sevilla FC,2023,MF,test,adaptation,target_performance_change_rolling3,player_history_baseline,train_plus_validation,-0.225396285114436,-0.040731619575925485,-0.040731619575925485,-0.18466466553851052,0.18466466553851052
pts:364857:969:FR1:2023,Falaye Sacko,Montpellier HSC,2023,DF,test,adaptation,target_performance_change_rolling3,player_history_baseline,train_plus_validation,0.0773003092530134,0.013714820536124037,0.013714820536124037,0.06358548871688936,0.06358548871688936
pts:369267:3524:FR1:2023,Maximiliano Caufriez,Clermont Foot 63,2023,DF,test,adaptation,target_performance_change_rolling3,player_history_baseline,train_plus_validation,-0.0566201725752046,-0.03765670710627045,-0.03765670710627045,-0.018963465468934154,0.018963465468934154
pts:396894:2687:ES1:2023,Maxi Gómez,Cádiz CF,2023,FW,test,adaptation,target_performance_change_rolling3,player_history_baseline,train_plus_validation,-0.4558377059360294,0.07371442841945737,0.07371442841945737,-0.5295521343554868,0.5295521343554868
pts:399543:1005:IT1:2023,Remi Oudin,US Lecce,2023,MF,test,adaptation,target_performance_change_rolling3,player_history_baseline,train_plus_validation,-0.0049132996493213,-0.10442602944070181,-0.10442602944070181,0.09951272979138051,0.09951272979138051
pts:39983:89:L1:2023,Leonardo Bonucci,1.FC Union Berlin,2023,DF,test,adaptation,target_performance_change_rolling3,player_history_baseline,train_plus_validation,-0.1984989865244591,-0.17427518932688774,-0.17427518932688774,-0.024223797197571367,0.024223797197571367
pts:42412:985:GB1:2023,Jonny Evans,Manchester United,2023,DF,test,adaptation,target_performance_change_rolling3,player_history_baseline,train_plus_validation,-0.0360646535182127,-0.1499604513404938,-0.1499604513404938,0.1138957978222811,0.1138957978222811
pts:442805:3302:ES1:2023,Iddrisu Baba,UD Almería,2023,MF,test,adaptation,target_performance_change_rolling3,player_history_baseline,train_plus_validation,-0.0026114023730305,0.020501738267816094,0.020501738267816094,-0.023113140640846595,0.023113140640846595
pts:468066:6195:IT1:2023,Jens Cajuste,SSC Napoli,2023,MF,test,adaptation,target_performance_change_rolling3,player_history_baseline,train_plus_validation,-0.1041449128315753,-0.005104407283200926,-0.005104407283200926,-0.09904050554837437,0.09904050554837437
pts:489611:749:IT1:2023,Filippo Ranocchia,FC Empoli,2023,MF,test,adaptation,target_performance_change_rolling3,player_history_baseline,train_plus_validation,-0.5067162282653327,-0.022733408488501215,-0.022733408488501215,-0.4839828197768315,0.4839828197768315
pts:527698:367:ES1:2023,Kike Pérez,Rayo Vallecano,2023,MF,test,adaptation,target_performance_change_rolling3,player_history_baseline,train_plus_validation,-0.0777746289101895,-0.08404434775348928,-0.08404434775348928,0.006269718843299771,0.006269718843299771
pts:55769:2919:IT1:2023,Danilo D'Ambrosio,AC Monza,2023,DF,test,adaptation,target_performance_change_rolling3,player_history_baseline,train_plus_validation,-0.2014496156131925,-0.2301894838063882,-0.2301894838063882,0.02873986819319571,0.02873986819319571
pts:66100:131:ES1:2023,Oriol Romeu,FC Barcelona,2023,MF,test,adaptation,target_performance_change_rolling3,player_history_baseline,train_plus_validation,0.2021692217948489,-0.14522866120223318,-0.14522866120223318,0.3473978829970821,0.3473978829970821
pts:81999:418:ES1:2023,Joselu,Real Madrid,2023,FW,test,adaptation,target_performance_change_rolling3,player_history_baseline,train_plus_validation,0.2290948556760739,-0.0642970768085338,-0.0642970768085338,0.2933919324846077,0.2933919324846077
pts:82009:89:L1:2023,Kevin Volland,1.FC Union Berlin,2023,FW,test,adaptation,target_performance_change_rolling3,player_history_baseline,train_plus_validation,-0.3287167629939035,-0.10133667097787871,-0.10133667097787871,-0.2273800920160248,0.2273800920160248
pts:82048:1005:IT1:2023,Nicola Sansone,US Lecce,2023,FW,test,adaptation,target_performance_change_rolling3,player_history_baseline,train_plus_validation,0.0209029403373568,-0.15537080797515146,-0.15537080797515146,0.17627374831250825,0.17627374831250825
pts:82503:367:ES1:2023,Aridane Hernández,Rayo Vallecano,2023,DF,test,adaptation,target_performance_change_rolling3,player_history_baseline,train_plus_validation,-0.2510862445566679,-0.05459187659885988,-0.05459187659885988,-0.196494367957808,0.196494367957808
pts:84765:749:IT1:2023,Francesco Caputo,FC Empoli,2023,FW,test,adaptation,target_performance_change_rolling3,player_history_baseline,train_plus_validation,-0.4354163096820352,-0.12014631344285898,-0.12014631344285898,-0.31526999623917623,0.31526999623917623
pts:103565:618:FR1:2018,Wahbi Khazri,AS Saint-Étienne,2018,FW,train,adaptation,target_performance_change_rolling3,strict_compatibility,train,0.2398746922186373,0.045286132767170105,0.045286132767170105,0.1945885594514672,0.1945885594514672
pts:112935:33:L1:2018,Mark Uth,FC Schalke 04,2018,FW,train,adaptation,target_performance_change_rolling3,strict_compatibility,train,-0.417968773100556,-0.1036857683605793,-0.1036857683605793,-0.3142830047399767,0.3142830047399767
pts:122797:969:FR1:2018,Andy Delort,Montpellier HSC,2018,FW,train,adaptation,target_performance_change_rolling3,strict_compatibility,train,0.3556032079460516,0.14935627218782907,0.14935627218782907,0.20624693575822253,0.20624693575822253
pts:124902:6574:IT1:2018,Khouma Babacar,US Sassuolo,2018,FW,train,adaptation,target_performance_change_rolling3,strict_compatibility,train,-0.0453591631851475,0.05042728169696816,0.05042728169696816,-0.09578644488211566,0.09578644488211566
pts:126719:583:FR1:2018,Juan Bernat,Paris Saint-Germain,2018,DF,train,adaptation,target_performance_change_rolling3,strict_compatibility,train,-0.135058193032193,0.03932162182680415,0.03932162182680415,-0.17437981485899715,0.17437981485899715
pts:127076:82:L1:2018,Jérôme Roussillon,VfL Wolfsburg,2018,DF,train,adaptation,target_performance_change_rolling3,strict_compatibility,train,0.0685626280166585,-0.040176485966589584,-0.040176485966589584,0.10873911398324808,0.10873911398324808
pts:129476:1010:GB1:2018,Gerard Deulofeu,Watford FC,2018,FW,train,adaptation,target_performance_change_rolling3,strict_compatibility,train,0.3077747629553146,0.10454840272010099,0.10454840272010099,0.2032263602352136,0.2032263602352136
pts:130360:6195:IT1:2018,Simone Verdi,SSC Napoli,2018,MF,train,adaptation,target_performance_change_rolling3,strict_compatibility,train,0.6403492601405796,0.18060500930735882,0.18060500930735882,0.4597442508332208,0.4597442508332208
pts:163222:1038:IT1:2018,Grégoire Defrel,UC Sampdoria,2018,FW,train,adaptation,target_performance_change_rolling3,strict_compatibility,train,0.1591687084396457,0.1287131770066823,0.1287131770066823,0.030455531432963395,0.030455531432963395
pts:170544:417:FR1:2018,Christophe Hérelle,OGC Nice,2018,DF,train,adaptation,target_performance_change_rolling3,strict_compatibility,train,0.1820810523189177,-0.023927301164755,-0.023927301164755,0.2060083534836727,0.2060083534836727
pts:170953:1420:FR1:2018,Stéphane Bahoken,Angers SCO,2018,FW,train,adaptation,target_performance_change_rolling3,strict_compatibility,train,0.0157135175541998,-0.009822898999309885,-0.009822898999309885,0.025536416553509685,0.025536416553509685
pts:178313:162:FR1:2018,Jean-Eudes Aholou,AS Monaco,2018,MF,train,adaptation,target_performance_change_rolling3,strict_compatibility,train,0.0892569852369407,-0.11020553545435324,-0.11020553545435324,0.19946252069129394,0.19946252069129394
pts:181378:969:FR1:2018,Gaëtan Laborde,Montpellier HSC,2018,FW,train,adaptation,target_performance_change_rolling3,strict_compatibility,train,0.1815079998110578,0.18527138827721273,0.18527138827721273,-0.0037633884661549266,0.0037633884661549266
pts:182618:5:IT1:2018,Tiemoué Bakayoko,AC Milan,2018,MF,train,adaptation,target_performance_change_rolling3,strict_compatibility,train,0.0877745430676954,0.02267319638801668,0.02267319638801668,0.06510134667967872,0.06510134667967872
pts:183031:416:IT1:2018,Koffi Djidji,Torino FC,2018,DF,train,adaptation,target_performance_change_rolling3,strict_compatibility,train,0.0931288645156666,0.08034824578015937,0.08034824578015937,0.012780618735507232,0.012780618735507232
pts:195171:5:IT1:2018,Samu Castillejo,AC Milan,2018,FW,train,adaptation,target_performance_change_rolling3,strict_compatibility,train,-0.0657596164449256,0.04204848823920831,0.04204848823920831,-0.1078081046841339,0.1078081046841339
pts:199258:2722:IT1:2018,Andrea Petagna,SPAL,2018,FW,train,adaptation,target_performance_change_rolling3,strict_compatibility,train,0.006432434898274,0.04936077157731666,0.04936077157731666,-0.04292833667904266,0.04292833667904266
pts:199369:681:ES1:2018,Sandro Ramírez,Real Sociedad,2018,FW,train,adaptation,target_performance_change_rolling3,strict_compatibility,train,0.2004085916295001,0.14094152192269185,0.14094152192269185,0.059467069706808234,0.059467069706808234
pts:236041:1416:FR1:2018,Alexis Blin,Amiens SC,2018,MF,train,adaptation,target_performance_change_rolling3,strict_compatibility,train,-0.1693716122883639,-0.17150427379966166,-0.17150427379966166,0.002132661511297762,0.002132661511297762
pts:236400:1041:FR1:2018,Leo Dubois,Olympique Lyon,2018,DF,train,adaptation,target_performance_change_rolling3,strict_compatibility,train,0.0894328945788299,-0.0978505234319472,-0.0978505234319472,0.18728341801077708,0.18728341801077708
pts:238752:46:IT1:2018,Keita Baldé,Inter Milan,2018,FW,train,adaptation,target_performance_change_rolling3,strict_compatibility,train,0.5921157035050643,0.21303034871937163,0.21303034871937163,0.3790853547856926,0.3790853547856926
pts:241229:244:FR1:2018,Jordan Amavi,Olympique Marseille,2018,DF,train,adaptation,target_performance_change_rolling3,strict_compatibility,train,0.0284280824636408,-0.03117973557209856,-0.03117973557209856,0.05960781803573936,0.05960781803573936
pts:27389:1049:ES1:2018,Kévin Gameiro,Valencia CF,2018,FW,train,adaptation,target_performance_change_rolling3,strict_compatibility,train,0.1508166360204978,0.09468349126778791,0.09468349126778791,0.05613314475270989,0.05613314475270989
pts:28140:415:FR1:2018,Max Gradel,FC Toulouse,2018,FW,train,adaptation,target_performance_change_rolling3,strict_compatibility,train,0.1192588917386566,0.005689219097714651,0.005689219097714651,0.11356967264094195,0.11356967264094195
pts:302215:31:GB1:2018,Naby Keïta,Liverpool FC,2018,MF,train,adaptation,target_performance_change_rolling3,strict_compatibility,train,0.0592121704581427,0.0876659792833282,0.0876659792833282,-0.0284538088251855,0.0284538088251855
pts:302991:3368:ES1:2018,Erick Cabaco,Levante UD,2018,DF,train,adaptation,target_performance_change_rolling3,strict_compatibility,train,0.208749687232281,0.05860654889588703,0.05860654889588703,0.15014313833639395,0.15014313833639395
pts:319160:1038:IT1:2018,Jakub Jankto,UC Sampdoria,2018,MF,train,adaptation,target_performance_change_rolling3,strict_compatibility,train,-0.1416990773812824,0.0674733855678786,0.0674733855678786,-0.209172462949161,0.209172462949161
pts:32113:416:IT1:2018,Armando Izzo,Torino FC,2018,DF,train,adaptation,target_performance_change_rolling3,strict_compatibility,train,0.1342631242311552,-0.06694833434608649,-0.06694833434608649,0.20121145857724168,0.20121145857724168
pts:335147:969:FR1:2018,Junior Sambia,Montpellier HSC,2018,MF,train,adaptation,target_performance_change_rolling3,strict_compatibility,train,0.1216146173183649,0.01842953626093708,0.01842953626093708,0.10318508105742782,0.10318508105742782
pts:34322:11:GB1:2018,Sokratis Papastathopoulos,Arsenal FC,2018,DF,train,adaptation,target_performance_change_rolling3,strict_compatibility,train,-0.4922231689136674,-0.1729780241510311,-0.1729780241510311,-0.3192451447626363,0.3192451447626363
pts:38607:6574:IT1:2018,Federico Di Francesco,US Sassuolo,2018,FW,train,adaptation,target_performance_change_rolling3,strict_compatibility,train,0.5367634431934599,0.15100694477410326,0.15100694477410326,0.38575649841935666,0.38575649841935666
pts:39983:506:IT1:2018,Leonardo Bonucci,Juventus FC,2018,DF,train,adaptation,target_performance_change_rolling3,strict_compatibility,train,-0.2066418544205812,-0.07502220808097582,-0.07502220808097582,-0.13161964633960538,0.13161964633960538
pts:40633:398:IT1:2018,Milan Badelj,SS Lazio,2018,MF,train,adaptation,target_performance_change_rolling3,strict_compatibility,train,-0.0345528901671884,-0.08019938455471444,-0.08019938455471444,0.04564649438752604,0.04564649438752604
pts:42412:1003:GB1:2018,Jonny Evans,Leicester City,2018,DF,train,adaptation,target_performance_change_rolling3,strict_compatibility,train,-0.0053608033968254,-0.020991136147247375,-0.020991136147247375,0.015630332750421975,0.015630332750421975
pts:427161:667:FR1:2018,Lebo Mothiba,RC Strasbourg Alsace,2018,FW,train,adaptation,target_performance_change_rolling3,strict_compatibility,train,0.0827879659328429,0.07554420297866435,0.07554420297866435,0.007243762954178556,0.007243762954178556
pts:432772:162:FR1:2018,Samuel Grandsir,AS Monaco,2018,FW,train,adaptation,target_performance_change_rolling3,strict_compatibility,train,-0.4682797569064877,-0.0532016690873901,-0.0532016690873901,-0.4150780878190976,0.4150780878190976
pts:44059:252:IT1:2018,Ervin Zukanović,Genoa CFC,2018,DF,train,adaptation,target_performance_change_rolling3,strict_compatibility,train,-0.2645285130193119,-0.1877059216857259,-0.1877059216857259,-0.07682259133358602,0.07682259133358602
pts:483573:1108:ES1:2018,Martin Agirregabiria,Deportivo Alavés,2018,DF,train,adaptation,target_performance_change_rolling3,strict_compatibility,train,-0.0687938413006737,-0.16090293416104995,-0.16090293416104995,0.09210909286037625,0.09210909286037625
pts:56100:1237:GB1:2018,Leon Balogun,Brighton & Hove Albion,2018,DF,train,adaptation,target_performance_change_rolling3,strict_compatibility,train,-0.4885144518723414,-0.11325274222604603,-0.11325274222604603,-0.37526170964629535,0.37526170964629535
pts:60542:368:ES1:2018,Maxime Gonalons,Sevilla FC,2018,MF,train,adaptation,target_performance_change_rolling3,strict_compatibility,train,-0.536243535453868,-0.2625170688352369,-0.2625170688352369,-0.27372646661863115,0.27372646661863115
pts:60577:416:IT1:2018,Nicolas Nkoulou,Torino FC,2018,DF,train,adaptation,target_performance_change_rolling3,strict_compatibility,train,-0.1054111988463311,-0.03461029462057934,-0.03461029462057934,-0.07080090422575176,0.07080090422575176
pts:66934:873:GB1:2018,Cheikhou Kouyaté,Crystal Palace,2018,MF,train,adaptation,target_performance_change_rolling3,strict_compatibility,train,-0.0070398177604146,-0.052846841328644305,-0.052846841328644305,0.0458070235682297,0.0458070235682297
pts:68645:1237:GB1:2018,Martín Montoya,Brighton & Hove Albion,2018,DF,train,adaptation,target_performance_change_rolling3,strict_compatibility,train,-0.4082289096079252,-0.21947260424287326,-0.21947260424287326,-0.18875630536505192,0.18875630536505192
pts:68864:244:FR1:2018,Kevin Strootman,Olympique Marseille,2018,MF,train,adaptation,target_performance_change_rolling3,strict_compatibility,train,-0.0666978327393492,-0.10769607883874988,-0.10769607883874988,0.04099824609940067,0.04099824609940067
pts:73185:379:GB1:2018,Lucas Pérez,West Ham United,2018,FW,train,adaptation,target_performance_change_rolling3,strict_compatibility,train,-0.2100535449774226,0.00625875116301744,0.00625875116301744,-0.21631229614044004,0.21631229614044004
pts:73734:12:IT1:2018,Steven Nzonzi,AS Roma,2018,MF,train,adaptation,target_performance_change_rolling3,strict_compatibility,train,-0.1130404063138265,-0.05574994427172046,-0.05574994427172046,-0.05729046204210604,0.05729046204210604
pts:74228:12321:ES1:2018,Marc Muniesa,Girona FC,2018,DF,train,adaptation,target_performance_change_rolling3,strict_compatibility,train,0.0864573448888994,-0.029998663241054973,-0.029998663241054973,0.11645600812995438,0.11645600812995438
pts:88909:1038:IT1:2018,Riccardo Saponara,UC Sampdoria,2018,MF,train,adaptation,target_performance_change_rolling3,strict_compatibility,train,0.3920051558620592,0.033942528660982456,0.033942528660982456,0.35806262720107673,0.35806262720107673
pts:95641:1108:ES1:2018,Darko Brašanac,Deportivo Alavés,2018,MF,train,adaptation,target_performance_change_rolling3,strict_compatibility,train,-0.367988216917004,-0.1379347410219045,-0.1379347410219045,-0.2300534758950995,0.2300534758950995
pts:99232:410:IT1:2018,Marco D'Alessandro,Udinese Calcio,2018,DF,train,adaptation,target_performance_change_rolling3,strict_compatibility,train,0.1557399747876676,0.007449047579593769,0.007449047579593769,0.14829092720807382,0.14829092720807382
pts:101213:6574:IT1:2019,Pedro Obiang,US Sassuolo,2019,MF,train,adaptation,target_performance_change_rolling3,strict_compatibility,train,0.0644518084044922,-0.07659877926190871,-0.07659877926190871,0.1410505876664009,0.1410505876664009
pts:104752:6195:IT1:2019,Kostas Manolas,SSC Napoli,2019,DF,train,adaptation,target_performance_change_rolling3,strict_compatibility,train,-0.1755897204845911,-0.06537379508736652,-0.06537379508736652,-0.11021592539722458,0.11021592539722458
pts:118284:969:FR1:2019,Jordan Ferri,Montpellier HSC,2019,MF,train,adaptation,target_performance_change_rolling3,strict_compatibility,train,-0.087587552821512,-0.004867796517083741,-0.004867796517083741,-0.08271975630442825,0.08271975630442825
pts:122797:969:FR1:2019,Andy Delort,Montpellier HSC,2019,FW,train,adaptation,target_performance_change_rolling3,strict_compatibility,train,0.1446063061196765,0.04189434698051681,0.04189434698051681,0.1027119591391597,0.1027119591391597
pts:127156:969:FR1:2019,Téji Savanier,Montpellier HSC,2019,MF,train,adaptation,target_performance_change_rolling3,strict_compatibility,train,-0.3841574058338453,-0.1505822684106838,-0.1505822684106838,-0.23357513742316147,0.23357513742316147
pts:130360:416:IT1:2019,Simone Verdi,Torino FC,2019,MF,train,adaptation,target_performance_change_rolling3,strict_compatibility,train,-0.0867196790635629,-0.14239281329951242,-0.14239281329951242,0.05567313423594952,0.05567313423594952
pts:131708:1244:ES1:2019,Kenneth Omeruo,CD Leganés,2019,DF,train,adaptation,target_performance_change_rolling3,strict_compatibility,train,0.0890176259420824,0.09530100593928259,0.09530100593928259,-0.006283379997200189,0.006283379997200189
pts:134294:180:GB1:2019,Danny Ings,Southampton FC,2019,FW,train,adaptation,target_performance_change_rolling3,strict_compatibility,train,0.1566755385049976,0.013407009568705462,0.013407009568705462,0.14326852893629213,0.14326852893629213
pts:146854:162:FR1:2019,Wissam Ben Yedder,AS Monaco,2019,FW,train,adaptation,target_performance_change_rolling3,strict_compatibility,train,0.2625371747611386,-0.006897498148515542,-0.006897498148515542,0.2694346729096541,0.2694346729096541
pts:162056:3368:ES1:2019,Gonzalo Melero,Levante UD,2019,MF,train,adaptation,target_performance_change_rolling3,strict_compatibility,train,-0.3229641096890749,-0.10925602410189722,-0.10925602410189722,-0.2137080855871777,0.2137080855871777
pts:163222:6574:IT1:2019,Grégoire Defrel,US Sassuolo,2019,FW,train,adaptation,target_performance_change_rolling3,strict_compatibility,train,-0.0180771083834685,-0.1379332484786286,-0.1379332484786286,0.11985614009516009,0.11985614009516009
pts:164771:12:IT1:2019,Jordan Veretout,AS Roma,2019,MF,train,adaptation,target_performance_change_rolling3,strict_compatibility,train,-0.2274931029749058,-0.17321156981739744,-0.17321156981739744,-0.05428153315750836,0.05428153315750836
pts:165873:366:ES1:2019,Federico Barba,Real Valladolid CF,2019,DF,train,adaptation,target_performance_change_rolling3,strict_compatibility,train,0.0413126250911732,-0.15280085211122946,-0.15280085211122946,0.19411347720240266,0.19411347720240266
pts:167859:252:IT1:2019,Stefano Sturaro,Genoa CFC,2019,MF,train,adaptation,target_performance_change_rolling3,strict_compatibility,train,0.0442132710145645,0.16260625090418027,0.16260625090418027,-0.11839297988961577,0.11839297988961577
pts:176139:1025:IT1:2019,Mattia Bani,Bologna FC 1909,2019,DF,train,adaptation,target_performance_change_rolling3,strict_compatibility,train,0.047977658693667,0.07155004513307317,0.07155004513307317,-0.023572386439406172,0.023572386439406172
pts:178313:618:FR1:2019,Jean-Eudes Aholou,AS Saint-Étienne,2019,MF,train,adaptation,target_performance_change_rolling3,strict_compatibility,train,0.1315981585618627,0.10450603109721554,0.10450603109721554,0.027092127464647148,0.027092127464647148
pts:182618:162:FR1:2019,Tiemoué Bakayoko,AS Monaco,2019,MF,train,adaptation,target_performance_change_rolling3,strict_compatibility,train,-0.08652728670792,-0.1838900672149047,-0.1838900672149047,0.0973627805069847,0.0973627805069847
pts:183031:416:IT1:2019,Koffi Djidji,Torino FC,2019,DF,train,adaptation,target_performance_change_rolling3,strict_compatibility,train,0.246541368374016,-0.001699544634528774,-0.001699544634528774,0.24824091300854478,0.24824091300854478
pts:199258:2722:IT1:2019,Andrea Petagna,SPAL,2019,FW,train,adaptation,target_performance_change_rolling3,strict_compatibility,train,-0.1772971019444863,0.028619824569582376,0.028619824569582376,-0.20591692651406868,0.20591692651406868
pts:199369:366:ES1:2019,Sandro Ramírez,Real Valladolid CF,2019,FW,train,adaptation,target_performance_change_rolling3,strict_compatibility,train,-0.0316316708915755,0.08347241197000041,0.08347241197000041,-0.11510408286157592,0.11510408286157592
pts:202278:273:FR1:2019,Flavien Tait,Stade Rennais FC,2019,MF,train,adaptation,target_performance_change_rolling3,strict_compatibility,train,-0.1070224901317553,-0.11503154880947644,-0.11503154880947644,0.008009058677721143,0.008009058677721143
pts:203496:150:ES1:2019,Nabil Fekir,Real Betis Balompié,2019,MF,train,adaptation,target_performance_change_rolling3,strict_compatibility,train,-0.4966413857185665,-0.356493485342873,-0.356493485342873,-0.14014790037569347,0.14014790037569347
pts:216179:46:IT1:2019,Stefano Sensi,Inter Milan,2019,MF,train,adaptation,target_performance_change_rolling3,strict_compatibility,train,0.4763285480739661,0.4726574280131321,0.4726574280131321,0.0036711200608339767,0.0036711200608339767
pts:236041:1416:FR1:2019,Alexis Blin,Amiens SC,2019,MF,train,adaptation,target_performance_change_rolling3,strict_compatibility,train,-0.166417542202136,-0.08907930938871542,-0.08907930938871542,-0.07733823281342059,0.07733823281342059
pts:238868:1050:ES1:2019,Rubén Peña,Villarreal CF,2019,DF,train,adaptation,target_performance_change_rolling3,strict_compatibility,train,-0.1613994833059892,-0.1446634485145456,-0.1446634485145456,-0.016736034791443588,0.016736034791443588
pts:274484:1041:FR1:2019,Youssouf Koné,Olympique Lyon,2019,DF,train,adaptation,target_performance_change_rolling3,strict_compatibility,train,-0.5757775121473301,-0.16614688922866974,-0.16614688922866974,-0.40963062291866037,0.40963062291866037
pts:288241:40:FR1:2019,Enock Kwateng,FC Girondins Bordeaux,2019,DF,train,adaptation,target_performance_change_rolling3,strict_compatibility,train,0.1440644968583041,0.08655005679326588,0.08655005679326588,0.057514440065038225,0.057514440065038225
pts:319160:1038:IT1:2019,Jakub Jankto,UC Sampdoria,2019,MF,train,adaptation,target_performance_change_rolling3,strict_compatibility,train,-0.0471883053192241,-0.01488323019256202,-0.01488323019256202,-0.03230507512666208,0.03230507512666208
pts:355501:12:IT1:2019,Amadou Diawara,AS Roma,2019,MF,train,adaptation,target_performance_change_rolling3,strict_compatibility,train,-0.0497107849643413,-0.0048014143671004615,-0.0048014143671004615,-0.044909370597240844,0.044909370597240844
pts:38607:2722:IT1:2019,Federico Di Francesco,SPAL,2019,FW,train,adaptation,target_performance_change_rolling3,strict_compatibility,train,0.1481509612969996,0.14850371001316603,0.14850371001316603,-0.00035274871616644554,0.00035274871616644554
pts:396894:1049:ES1:2019,Maxi Gómez,Valencia CF,2019,FW,train,adaptation,target_performance_change_rolling3,strict_compatibility,train,-0.3816209539833955,-0.0034612964586392195,-0.0034612964586392195,-0.3781596575247563,0.3781596575247563
pts:39728:16:L1:2019,Mats Hummels,Borussia Dortmund,2019,DF,train,adaptation,target_performance_change_rolling3,strict_compatibility,train,-0.1982412139564918,-0.2087309217469053,-0.2087309217469053,0.0104897077904135,0.0104897077904135
pts:40633:430:IT1:2019,Milan Badelj,ACF Fiorentina,2019,MF,train,adaptation,target_performance_change_rolling3,strict_compatibility,train,-0.2959552269488364,-0.2589398033792394,-0.2589398033792394,-0.03701542356959703,0.03701542356959703
pts:43512:86:L1:2019,Ömer Toprak,SV Werder Bremen,2019,DF,train,adaptation,target_performance_change_rolling3,strict_compatibility,train,-0.252400414633755,-0.13876584282845794,-0.13876584282845794,-0.11363457180529707,0.11363457180529707
pts:44466:24:L1:2019,Sebastian Rode,Eintracht Frankfurt,2019,MF,train,adaptation,target_performance_change_rolling3,strict_compatibility,train,0.1926529723169489,-0.04222948553017347,-0.04222948553017347,0.23488245784712236,0.23488245784712236
pts:64598:714:ES1:2019,Bernardo Espinosa,RCD Espanyol Barcelona,2019,DF,train,adaptation,target_performance_change_rolling3,strict_compatibility,train,-0.0342750252160778,0.003147495427273078,0.003147495427273078,-0.03742252064335088,0.03742252064335088
pts:65318:1049:ES1:2019,Jaume Costa,Valencia CF,2019,DF,train,adaptation,target_performance_change_rolling3,strict_compatibility,train,-0.2143575835561247,-0.07419852898822965,-0.07419852898822965,-0.14015905456789504,0.14015905456789504
pts:73185:1108:ES1:2019,Lucas Pérez,Deportivo Alavés,2019,FW,train,adaptation,target_performance_change_rolling3,strict_compatibility,train,-0.1099354397626616,-0.10441747713807811,-0.10441747713807811,-0.005517962624583483,0.005517962624583483
pts:74230:583:FR1:2019,Pablo Sarabia,Paris Saint-Germain,2019,FW,train,adaptation,target_performance_change_rolling3,strict_compatibility,train,-0.3166305200509742,-0.1981613628384857,-0.1981613628384857,-0.11846915721248849,0.11846915721248849
pts:80444:27:L1:2019,Philippe Coutinho,Bayern Munich,2019,MF,train,adaptation,target_performance_change_rolling3,strict_compatibility,train,0.4110033363127139,0.10158332264528677,0.10158332264528677,0.3094200136674271,0.3094200136674271
pts:81999:1108:ES1:2019,Joselu,Deportivo Alavés,2019,FW,train,adaptation,target_performance_change_rolling3,strict_compatibility,train,0.1974727291135953,0.03583934178015288,0.03583934178015288,0.16163338733344243,0.16163338733344243
pts:82048:1025:IT1:2019,Nicola Sansone,Bologna FC 1909,2019,FW,train,adaptation,target_performance_change_rolling3,strict_compatibility,train,0.0403246975475381,0.12372888523586056,0.12372888523586056,-0.08340418768832247,0.08340418768832247
pts:84765:6574:IT1:2019,Francesco Caputo,US Sassuolo,2019,FW,train,adaptation,target_performance_change_rolling3,strict_compatibility,train,0.1903431030884826,0.06895413587043533,0.06895413587043533,0.12138896721804726,0.12138896721804726
pts:99232:2722:IT1:2019,Marco D'Alessandro,SPAL,2019,MF,train,adaptation,target_performance_change_rolling3,strict_compatibility,train,-0.3054689759042786,-0.024494529999912206,-0.024494529999912206,-0.2809744459043664,0.2809744459043664
pts:111347:1038:IT1:2020,Lorenzo Tonelli,UC Sampdoria,2020,DF,train,adaptation,target_performance_change_rolling3,strict_compatibility,train,-0.1602450745238204,-0.3197155988961201,-0.3197155988961201,0.15947052437229972,0.15947052437229972
pts:111961:368:ES1:2020,Suso,Sevilla FC,2020,FW,train,adaptation,target_performance_change_rolling3,strict_compatibility,train,-0.345377596081843,-0.23963857622792706,-0.23963857622792706,-0.10573901985391593,0.10573901985391593
pts:121477:379:GB1:2020,Craig Dawson,West Ham United,2020,DF,train,adaptation,target_performance_change_rolling3,strict_compatibility,train,-0.1028312099515717,-0.019282347965253455,-0.019282347965253455,-0.08354886198631825,0.08354886198631825
pts:129476:410:IT1:2020,Gerard Deulofeu,Udinese Calcio,2020,FW,train,adaptation,target_performance_change_rolling3,strict_compatibility,train,-0.043694823939311,-0.05844887441665461,-0.05844887441665461,0.014754050477343614,0.014754050477343614
pts:130360:416:IT1:2020,Simone Verdi,Torino FC,2020,MF,train,adaptation,target_performance_change_rolling3,strict_compatibility,train,0.101127316605723,0.10808055472307768,0.10808055472307768,-0.006953238117354682,0.006953238117354682
pts:130365:583:FR1:2020,Alessandro Florenzi,Paris Saint-Germain,2020,DF,train,adaptation,target_performance_change_rolling3,strict_compatibility,train,-0.4626884054734023,-0.3236223004502168,-0.3236223004502168,-0.1390661050231855,0.1390661050231855
pts:148262:762:GB1:2020,Jeff Hendrick,Newcastle United,2020,MF,train,adaptation,target_performance_change_rolling3,strict_compatibility,train,0.078368314881946,0.12892521001327176,0.12892521001327176,-0.05055689513132576,0.05055689513132576
pts:163222:6574:IT1:2020,Grégoire Defrel,US Sassuolo,2020,MF,train,adaptation,target_performance_change_rolling3,strict_compatibility,train,-0.0625294110135474,-0.0832590774696427,-0.0832590774696427,0.020729666456095294,0.020729666456095294
pts:164771:12:IT1:2020,Jordan Veretout,AS Roma,2020,MF,train,adaptation,target_performance_change_rolling3,strict_compatibility,train,0.0770224089324963,-0.027556210990879706,-0.027556210990879706,0.10457861992337601,0.10457861992337601
pts:170544:3911:FR1:2020,Christophe Hérelle,Stade Brestois 29,2020,DF,train,adaptation,target_performance_change_rolling3,strict_compatibility,train,-0.0930213726454391,-0.0833203462057076,-0.0833203462057076,-0.009701026439731503,0.009701026439731503
pts:176139:252:IT1:2020,Mattia Bani,Genoa CFC,2020,DF,train,adaptation,target_performance_change_rolling3,strict_compatibility,train,-0.0880664709557912,0.02949474459856264,0.02949474459856264,-0.11756121555435384,0.11756121555435384
pts:178313:667:FR1:2020,Jean-Eudes Aholou,RC Strasbourg Alsace,2020,MF,train,adaptation,target_performance_change_rolling3,strict_compatibility,train,-0.0666191375784485,-0.05657111152395464,-0.05657111152395464,-0.01004802605449387,0.01004802605449387
pts:182618:6195:IT1:2020,Tiemoué Bakayoko,SSC Napoli,2020,MF,train,adaptation,target_performance_change_rolling3,strict_compatibility,train,-0.1585159624566825,-0.021938801737318183,-0.021938801737318183,-0.13657716071936432,0.13657716071936432
pts:182875:995:FR1:2020,Jean-Charles Castelletto,FC Nantes,2020,DF,train,adaptation,target_performance_change_rolling3,strict_compatibility,train,0.1453335028525684,-0.04942437854858999,-0.04942437854858999,0.1947578814011584,0.1947578814011584
pts:216179:46:IT1:2020,Stefano Sensi,Inter Milan,2020,MF,train,adaptation,target_performance_change_rolling3,strict_compatibility,train,0.0493049238682448,0.04308205629287674,0.04308205629287674,0.006222867575368066,0.006222867575368066
pts:238752:1038:IT1:2020,Keita Baldé,UC Sampdoria,2020,FW,train,adaptation,target_performance_change_rolling3,strict_compatibility,train,0.1474362986430343,0.055037367137262184,0.055037367137262184,0.09239893150577214,0.09239893150577214
pts:251896:16795:ES1:2020,Jesús Vallejo,Granada CF,2020,DF,train,adaptation,target_performance_change_rolling3,strict_compatibility,train,0.042875689707084,0.06972885007584356,0.06972885007584356,-0.026853160368759565,0.026853160368759565
pts:25488:1038:IT1:2020,Antonio Candreva,UC Sampdoria,2020,MF,train,adaptation,target_performance_change_rolling3,strict_compatibility,train,0.3741350521224479,-0.11633113280028462,-0.11633113280028462,0.49046618492273253,0.49046618492273253
pts:265763:347:FR1:2020,Thierry Ambrose,FC Metz,2020,FW,train,adaptation,target_performance_change_rolling3,strict_compatibility,train,-0.2218424438519271,-0.12308781089195059,-0.12308781089195059,-0.09875463295997652,0.09875463295997652
pts:266795:398:IT1:2020,Gonzalo Escalante,SS Lazio,2020,MF,train,adaptation,target_performance_change_rolling3,strict_compatibility,train,0.2789700925266794,0.09461189173748524,0.09461189173748524,0.18435820078919418,0.18435820078919418
pts:272261:276:IT1:2020,Antonín Barák,Hellas Verona,2020,MF,train,adaptation,target_performance_change_rolling3,strict_compatibility,train,0.0035230540457626,-0.018299368416610853,-0.018299368416610853,0.021822422462373453,0.021822422462373453
pts:284595:1038:IT1:2020,Tommaso Augello,UC Sampdoria,2020,DF,train,adaptation,target_performance_change_rolling3,strict_compatibility,train,-0.2552618868735743,-0.2648617994477736,-0.2648617994477736,0.009599912574199287,0.009599912574199287
pts:284884:368:ES1:2020,Óscar Rodríguez Arnaiz,Sevilla FC,2020,MF,train,adaptation,target_performance_change_rolling3,strict_compatibility,train,0.1136482020517777,0.15606204684468358,0.15606204684468358,-0.042413844792905886,0.042413844792905886
pts:310458:276:IT1:2020,Giangiacomo Magnani,Hellas Verona,2020,DF,train,adaptation,target_performance_change_rolling3,strict_compatibility,train,0.3195577884040475,0.22561893026615557,0.22561893026615557,0.09393885813789196,0.09393885813789196
pts:32467:368:ES1:2020,Ivan Rakitić,Sevilla FC,2020,MF,train,adaptation,target_performance_change_rolling3,strict_compatibility,train,-0.2377510489976547,-0.2569290822783744,-0.2569290822783744,0.01917803328071971,0.01917803328071971
pts:332179:800:IT1:2020,Matteo Pessina,Atalanta BC,2020,MF,train,adaptation,target_performance_change_rolling3,strict_compatibility,train,0.1690730606792838,0.1413177551855087,0.1413177551855087,0.027755305493775084,0.027755305493775084
pts:340328:969:FR1:2020,Stephy Mavididi,Montpellier HSC,2020,FW,train,adaptation,target_performance_change_rolling3,strict_compatibility,train,0.1655443766746656,0.1986615085148284,0.1986615085148284,-0.033117131840162795,0.033117131840162795
pts:40633:252:IT1:2020,Milan Badelj,Genoa CFC,2020,MF,train,adaptation,target_performance_change_rolling3,strict_compatibility,train,0.0046147621971165,-0.1129105637092559,-0.1129105637092559,0.1175253259063724,0.1175253259063724
pts:43512:86:L1:2020,Ömer Toprak,SV Werder Bremen,2020,DF,train,adaptation,target_performance_change_rolling3,strict_compatibility,train,-0.0424679606344671,-0.04736886573879588,-0.04736886573879588,0.004900905104328779,0.004900905104328779
pts:43530:1237:GB1:2020,Adam Lallana,Brighton & Hove Albion,2020,MF,train,adaptation,target_performance_change_rolling3,strict_compatibility,train,-0.3282083142643893,-0.2982789203639017,-0.2982789203639017,-0.0299293939004876,0.0299293939004876
pts:44162:131:ES1:2020,Miralem Pjanić,FC Barcelona,2020,MF,train,adaptation,target_performance_change_rolling3,strict_compatibility,train,0.0319548445841537,-0.06623111582109584,-0.06623111582109584,0.09818596040524954,0.09818596040524954
pts:56810:1038:IT1:2020,Adrien Silva,UC Sampdoria,2020,MF,train,adaptation,target_performance_change_rolling3,strict_compatibility,train,-0.1111208070808729,-0.07823620454585338,-0.07823620454585338,-0.032884602535019514,0.032884602535019514
pts:56818:417:FR1:2020,Morgan Schneiderlin,OGC Nice,2020,MF,train,adaptation,target_performance_change_rolling3,strict_compatibility,train,0.0733618988617646,-0.031040031677851476,-0.031040031677851476,0.10440193053961608,0.10440193053961608
pts:57280:430:IT1:2020,Giacomo Bonaventura,ACF Fiorentina,2020,MF,train,adaptation,target_performance_change_rolling3,strict_compatibility,train,-0.4425780990165602,-0.2745918043595037,-0.2745918043595037,-0.1679862946570565,0.1679862946570565
pts:58396:86:L1:2020,Christian Groß,SV Werder Bremen,2020,MF,train,adaptation,target_performance_change_rolling3,strict_compatibility,train,-0.5232577174268049,-0.14064492760914712,-0.14064492760914712,-0.3826127898176578,0.3826127898176578
pts:60444:31:GB1:2020,Thiago Alcántara,Liverpool FC,2020,MF,train,adaptation,target_performance_change_rolling3,strict_compatibility,train,-0.2668045987618191,-0.2860385968598033,-0.2860385968598033,0.019233998097984206,0.019233998097984206
pts:60542:16795:ES1:2020,Maxime Gonalons,Granada CF,2020,MF,train,adaptation,target_performance_change_rolling3,strict_compatibility,train,-0.0527125553750807,-0.014150620466193958,-0.014150620466193958,-0.038561934908886736,0.038561934908886736
pts:61253:430:IT1:2020,José Callejón,ACF Fiorentina,2020,FW,train,adaptation,target_performance_change_rolling3,strict_compatibility,train,-0.7902912764524179,-0.28640568802172317,-0.28640568802172317,-0.5038855884306948,0.5038855884306948
pts:82009:162:FR1:2020,Kevin Volland,AS Monaco,2020,FW,train,adaptation,target_performance_change_rolling3,strict_compatibility,train,-0.0945310582366368,-0.12463569100730595,-0.12463569100730595,0.03010463277066916,0.03010463277066916
pts:88682:1041:FR1:2020,Mattia De Sciglio,Olympique Lyon,2020,DF,train,adaptation,target_performance_change_rolling3,strict_compatibility,train,-0.1538560966771119,-0.21240894760269186,-0.21240894760269186,0.05855285092557996,0.05855285092557996
pts:88683:252:IT1:2020,Mattia Destro,Genoa CFC,2020,FW,train,adaptation,target_performance_change_rolling3,strict_compatibility,train,0.1311054226554782,0.10678388344096973,0.10678388344096973,0.02432153921450847,0.02432153921450847
pts:94201:89:L1:2020,Robin Knoche,1.FC Union Berlin,2020,DF,train,adaptation,target_performance_change_rolling3,strict_compatibility,train,-0.0952603201845785,-0.10848442989865348,-0.10848442989865348,0.013224109714074977,0.013224109714074977
pts:111630:368:ES1:2021,Érik Lamela,Sevilla FC,2021,FW,train,adaptation,target_performance_change_rolling3,strict_compatibility,train,-0.0188963694151357,-0.2063480509909954,-0.2063480509909954,0.1874516815758597,0.1874516815758597
pts:112935:3:L1:2021,Mark Uth,1.FC Köln,2021,MF,train,adaptation,target_performance_change_rolling3,strict_compatibility,train,0.3090245503273784,-0.03332133661189401,-0.03332133661189401,0.3423458869392724,0.3423458869392724
pts:121477:379:GB1:2021,Craig Dawson,West Ham United,2021,DF,train,adaptation,target_performance_change_rolling3,strict_compatibility,train,0.2000370177585911,-0.012906044678288608,-0.012906044678288608,0.2129430624368797,0.2129430624368797
pts:122797:417:FR1:2021,Andy Delort,OGC Nice,2021,FW,train,adaptation,target_performance_change_rolling3,strict_compatibility,train,-0.068844762720197,-0.03066379046087412,-0.03066379046087412,-0.03818097225932288,0.03818097225932288
pts:124715:252:IT1:2021,Nikola Maksimović,Genoa CFC,2021,DF,train,adaptation,target_performance_change_rolling3,strict_compatibility,train,-0.0297221524560169,0.004821109398537575,0.004821109398537575,-0.034543261854554475,0.034543261854554475
pts:126673:1025:IT1:2021,Adama Soumaoro,Bologna FC 1909,2021,DF,train,adaptation,target_performance_change_rolling3,strict_compatibility,train,0.0436969385344283,0.1658680013728022,0.1658680013728022,-0.1221710628383739,0.1221710628383739
pts:127032:1050:ES1:2021,Serge Aurier,Villarreal CF,2021,DF,train,adaptation,target_performance_change_rolling3,strict_compatibility,train,-0.2738727529721596,-0.20535480874947665,-0.20535480874947665,-0.06851794422268298,0.06851794422268298
pts:130365:5:IT1:2021,Alessandro Florenzi,AC Milan,2021,DF,train,adaptation,target_performance_change_rolling3,strict_compatibility,train,0.0368509485457387,-0.0953900668852469,-0.0953900668852469,0.1322410154309856,0.1322410154309856
pts:131951:276:IT1:2021,Kevin Lasagna,Hellas Verona,2021,MF,train,adaptation,target_performance_change_rolling3,strict_compatibility,train,0.1715485918481865,0.04734600818575244,0.04734600818575244,0.12420258366243406,0.12420258366243406
pts:134294:405:GB1:2021,Danny Ings,Aston Villa,2021,FW,train,adaptation,target_performance_change_rolling3,strict_compatibility,train,-0.3433628569638522,-0.0756262980412388,-0.0756262980412388,-0.2677365589226134,0.2677365589226134
pts:135492:150:ES1:2021,Youssouf Sabaly,Real Betis Balompié,2021,DF,train,adaptation,target_performance_change_rolling3,strict_compatibility,train,-0.0741214476912117,-0.20131655758914946,-0.20131655758914946,0.12719510989793775,0.12719510989793775
pts:14086:405:GB1:2021,Ashley Young,Aston Villa,2021,DF,train,adaptation,target_performance_change_rolling3,strict_compatibility,train,-0.3291422548089622,-0.0889696974993518,-0.0889696974993518,-0.2401725573096104,0.2401725573096104
pts:146752:276:IT1:2021,Gianluca Caprari,Hellas Verona,2021,MF,train,adaptation,target_performance_change_rolling3,strict_compatibility,train,0.2913771932906803,0.13345262056248033,0.13345262056248033,0.15792457272819996,0.15792457272819996
pts:159844:24:L1:2021,Christopher Lenz,Eintracht Frankfurt,2021,DF,train,adaptation,target_performance_change_rolling3,strict_compatibility,train,0.1388300551616847,0.03880927826626151,0.03880927826626151,0.10002077689542319,0.10002077689542319
pts:164770:985:GB1:2021,Raphaël Varane,Manchester United,2021,DF,train,adaptation,target_performance_change_rolling3,strict_compatibility,train,0.1617807540543861,0.003503244643775834,0.003503244643775834,0.15827750941061028,0.15827750941061028
pts:173900:1049:ES1:2021,Hélder Costa,Valencia CF,2021,MF,train,adaptation,target_performance_change_rolling3,strict_compatibility,train,-0.0423941902049454,0.005460346256976473,0.005460346256976473,-0.04785453646192187,0.04785453646192187
pts:178313:667:FR1:2021,Jean-Eudes Aholou,RC Strasbourg Alsace,2021,MF,train,adaptation,target_performance_change_rolling3,strict_compatibility,train,0.0081367717293697,-0.0019177034489732958,-0.0019177034489732958,0.010054475178342995,0.010054475178342995
pts:181378:273:FR1:2021,Gaëtan Laborde,Stade Rennais FC,2021,FW,train,adaptation,target_performance_change_rolling3,strict_compatibility,train,0.1000091848716493,0.020060730297128765,0.020060730297128765,0.07994845457452053,0.07994845457452053
pts:182618:5:IT1:2021,Tiemoué Bakayoko,AC Milan,2021,MF,train,adaptation,target_performance_change_rolling3,strict_compatibility,train,-0.1417451873323183,-0.15703366068837984,-0.15703366068837984,0.015288473356061538,0.015288473356061538
pts:199369:3709:ES1:2021,Sandro Ramírez,Getafe CF,2021,FW,train,adaptation,target_performance_change_rolling3,strict_compatibility,train,-0.1549256896925995,-0.01589687670857158,-0.01589687670857158,-0.13902881298402792,0.13902881298402792
pts:238752:1390:IT1:2021,Keita Baldé,Cagliari Calcio,2021,FW,train,adaptation,target_performance_change_rolling3,strict_compatibility,train,-0.7696291525242396,-0.04225007190614634,-0.04225007190614634,-0.7273790806180932,0.7273790806180932
pts:25488:1038:IT1:2021,Antonio Candreva,UC Sampdoria,2021,MF,train,adaptation,target_performance_change_rolling3,strict_compatibility,train,-0.0496751145804981,-0.2393726984552494,-0.2393726984552494,0.18969758387475127,0.18969758387475127
pts:272261:276:IT1:2021,Antonín Barák,Hellas Verona,2021,MF,train,adaptation,target_performance_change_rolling3,strict_compatibility,train,0.1083614825949847,0.0380261719652201,0.0380261719652201,0.07033531062976459,0.07033531062976459
pts:27389:667:FR1:2021,Kévin Gameiro,RC Strasbourg Alsace,2021,FW,train,adaptation,target_performance_change_rolling3,strict_compatibility,train,0.2640221532802772,0.07846397152778783,0.07846397152778783,0.1855581817524894,0.1855581817524894
pts:279009:44:L1:2021,Marco Richter,Hertha BSC,2021,FW,train,adaptation,target_performance_change_rolling3,strict_compatibility,train,-0.2521820450672605,-0.061971294317132206,-0.061971294317132206,-0.19021075075012828,0.19021075075012828
pts:310458:276:IT1:2021,Giangiacomo Magnani,Hellas Verona,2021,DF,train,adaptation,target_performance_change_rolling3,strict_compatibility,train,0.1838093290166244,0.21913899590123206,0.21913899590123206,-0.035329666884607674,0.035329666884607674
pts:315125:40:FR1:2021,Javairô Dilrosun,FC Girondins Bordeaux,2021,MF,train,adaptation,target_performance_change_rolling3,strict_compatibility,train,0.3794174038225146,0.07309493954097601,0.07309493954097601,0.3063224642815386,0.3063224642815386
pts:319160:3709:ES1:2021,Jakub Jankto,Getafe CF,2021,DF,train,adaptation,target_performance_change_rolling3,strict_compatibility,train,-0.3038896360503351,-0.20342808749640692,-0.20342808749640692,-0.10046154855392816,0.10046154855392816
pts:344605:1003:GB1:2021,Boubakary Soumaré,Leicester City,2021,MF,train,adaptation,target_performance_change_rolling3,strict_compatibility,train,-0.293585060735348,-0.12501422630203962,-0.12501422630203962,-0.1685708344333084,0.1685708344333084
pts:352392:667:FR1:2021,Lucas Perrin,RC Strasbourg Alsace,2021,DF,train,adaptation,target_performance_change_rolling3,strict_compatibility,train,0.1004450861313367,0.16339897397296244,0.16339897397296244,-0.06295388784162574,0.06295388784162574
pts:395083:1421:FR1:2021,Andrew Gravillon,Stade Reims,2021,DF,train,adaptation,target_performance_change_rolling3,strict_compatibility,train,-0.1768185233762623,-0.16715383544944984,-0.16715383544944984,-0.009664687926812465,0.009664687926812465
pts:471474:331:ES1:2021,Javi Martínez,CA Osasuna,2021,MF,train,adaptation,target_performance_change_rolling3,strict_compatibility,train,-0.0058432225156953,0.06117418846461083,0.06117418846461083,-0.06701741098030613,0.06701741098030613
pts:47713:969:FR1:2021,Mamadou Sakho,Montpellier HSC,2021,DF,train,adaptation,target_performance_change_rolling3,strict_compatibility,train,0.3104003212357712,0.16692449215970825,0.16692449215970825,0.14347582907606296,0.14347582907606296
pts:481084:1049:ES1:2021,Marcos André,Valencia CF,2021,FW,train,adaptation,target_performance_change_rolling3,strict_compatibility,train,-0.085695189568433,0.03506571439010026,0.03506571439010026,-0.12076090395853326,0.12076090395853326
pts:61842:29:GB1:2021,Andros Townsend,Everton FC,2021,MF,train,adaptation,target_performance_change_rolling3,strict_compatibility,train,0.1258798269564921,-0.18800365208738765,-0.18800365208738765,0.31388347904387975,0.31388347904387975
pts:68864:1390:IT1:2021,Kevin Strootman,Cagliari Calcio,2021,MF,train,adaptation,target_performance_change_rolling3,strict_compatibility,train,-0.4600864621906792,-0.2929156222717346,-0.2929156222717346,-0.1671708399189446,0.1671708399189446
pts:73185:1531:ES1:2021,Lucas Pérez,Elche CF,2021,FW,train,adaptation,target_performance_change_rolling3,strict_compatibility,train,-0.3613825771765214,-0.1883602892323241,-0.1883602892323241,-0.1730222879441973,0.1730222879441973
pts:84765:1038:IT1:2021,Francesco Caputo,UC Sampdoria,2021,FW,train,adaptation,target_performance_change_rolling3,strict_compatibility,train,-0.2593267284151302,-0.04843963648763859,-0.04843963648763859,-0.2108870919274916,0.2108870919274916
pts:85383:2687:ES1:2021,Rubén Sobrino,Cádiz CF,2021,FW,train,adaptation,target_performance_change_rolling3,strict_compatibility,train,0.0511377703447791,-0.02101167361268115,-0.02101167361268115,0.07214944395746026,0.07214944395746026
pts:103565:969:FR1:2022,Wahbi Khazri,Montpellier HSC,2022,FW,validation,adaptation,target_performance_change_rolling3,strict_compatibility,train,-0.065267702535298,-0.07351865440461947,-0.07351865440461947,0.008250951869321468,0.008250951869321468
pts:125614:3:L1:2022,Sargis Adamyan,1.FC Köln,2022,FW,validation,adaptation,target_performance_change_rolling3,strict_compatibility,train,-0.1562139828746485,-0.05420133299882926,-0.05420133299882926,-0.10201264987581923,0.10201264987581923
pts:128901:29:GB1:2022,Conor Coady,Everton FC,2022,DF,validation,adaptation,target_performance_change_rolling3,strict_compatibility,train,-0.0718663032536295,-0.08422779723231172,-0.08422779723231172,0.01236149397868222,0.01236149397868222
pts:130360:276:IT1:2022,Simone Verdi,Hellas Verona,2022,MF,validation,adaptation,target_performance_change_rolling3,strict_compatibility,train,-0.348745305429942,0.02613554967124601,0.02613554967124601,-0.37488085510118796,0.37488085510118796
pts:131731:3522:IT1:2022,Mehdi Bourabia,Spezia Calcio,2022,MF,validation,adaptation,target_performance_change_rolling3,strict_compatibility,train,-0.274881564542312,-0.21272359698081028,-0.21272359698081028,-0.062157967561501715,0.062157967561501715
pts:143559:237:ES1:2022,Matija Nastasić,RCD Mallorca,2022,DF,validation,adaptation,target_performance_change_rolling3,strict_compatibility,train,-0.1807799077815512,-0.12549959799175764,-0.12549959799175764,-0.055280309789793564,0.055280309789793564
pts:148368:5:IT1:2022,Divock Origi,AC Milan,2022,FW,validation,adaptation,target_performance_change_rolling3,strict_compatibility,train,-0.4602246633090365,0.06790315698911942,0.06790315698911942,-0.5281278202981559,0.5281278202981559
pts:162038:367:ES1:2022,Raúl de Tomás,Rayo Vallecano,2022,FW,validation,adaptation,target_performance_change_rolling3,strict_compatibility,train,0.0021505518044391,-0.03061074522093353,-0.03061074522093353,0.03276129702537263,0.03276129702537263
pts:164771:244:FR1:2022,Jordan Veretout,Olympique Marseille,2022,MF,validation,adaptation,target_performance_change_rolling3,strict_compatibility,train,0.0294158994378627,-0.3822180445526057,-0.3822180445526057,0.41163394399046843,0.41163394399046843
pts:178313:667:FR1:2022,Jean-Eudes Aholou,RC Strasbourg Alsace,2022,MF,validation,adaptation,target_performance_change_rolling3,strict_compatibility,train,0.1389904076473191,0.05456627018458369,0.05456627018458369,0.08442413746273542,0.08442413746273542
pts:179635:80:L1:2022,Philipp Förster,VfL Bochum,2022,MF,validation,adaptation,target_performance_change_rolling3,strict_compatibility,train,-0.0759771058282916,-0.12613398116803176,-0.12613398116803176,0.050156875339740156,0.050156875339740156
pts:181378:417:FR1:2022,Gaëtan Laborde,OGC Nice,2022,FW,validation,adaptation,target_performance_change_rolling3,strict_compatibility,train,0.1297824910633713,-0.16467048454803987,-0.16467048454803987,0.29445297561141115,0.29445297561141115
pts:195171:1049:ES1:2022,Samu Castillejo,Valencia CF,2022,FW,validation,adaptation,target_performance_change_rolling3,strict_compatibility,train,0.1139537495219848,-0.4167972387747695,-0.4167972387747695,0.5307509882967543,0.5307509882967543
pts:197135:2687:ES1:2022,Joseba Zaldúa,Cádiz CF,2022,DF,validation,adaptation,target_performance_change_rolling3,strict_compatibility,train,-0.1966888785248662,-0.14592769413419404,-0.14592769413419404,-0.05076118439067215,0.05076118439067215
pts:197470:3522:IT1:2022,Mattia Caldara,Spezia Calcio,2022,DF,validation,adaptation,target_performance_change_rolling3,strict_compatibility,train,-0.077923208685984,-0.10381401632394477,-0.10381401632394477,0.02589080763796077,0.02589080763796077
pts:203842:3522:IT1:2022,Viktor Kovalenko,Spezia Calcio,2022,MF,validation,adaptation,target_performance_change_rolling3,strict_compatibility,train,-0.0991017129136835,-0.05342030310088825,-0.05342030310088825,-0.04568140981279525,0.04568140981279525
pts:206912:826:FR1:2022,Jimmy Cabot,RC Lens,2022,DF,validation,adaptation,target_performance_change_rolling3,strict_compatibility,train,0.4927791373368049,0.08859938244711787,0.08859938244711787,0.40417975488968705,0.40417975488968705
pts:212391:1531:ES1:2022,Roger Martí,Elche CF,2022,FW,validation,adaptation,target_performance_change_rolling3,strict_compatibility,train,-0.408475759930714,0.02549102926732586,0.02549102926732586,-0.4339667891980399,0.4339667891980399
pts:223725:3709:ES1:2022,Munir El Haddadi,Getafe CF,2022,MF,validation,adaptation,target_performance_change_rolling3,strict_compatibility,train,-0.2837424517584549,-0.08028441319628957,-0.08028441319628957,-0.20345803856216535,0.20345803856216535
pts:238868:331:ES1:2022,Rubén Peña,CA Osasuna,2022,DF,validation,adaptation,target_performance_change_rolling3,strict_compatibility,train,-0.0906240035011467,-0.0661399194134388,-0.0661399194134388,-0.0244840840877079,0.0244840840877079
pts:247250:2687:ES1:2022,Rubén Alcaraz,Cádiz CF,2022,MF,validation,adaptation,target_performance_change_rolling3,strict_compatibility,train,-0.0916219090248877,-0.25429638686906303,-0.25429638686906303,0.16267447784417532,0.16267447784417532
pts:249126:1038:IT1:2022,Harry Winks,UC Sampdoria,2022,MF,validation,adaptation,target_performance_change_rolling3,strict_compatibility,train,-0.2543287325570038,-0.2067979806080674,-0.2067979806080674,-0.047530751948936384,0.047530751948936384
pts:25488:380:IT1:2022,Antonio Candreva,US Salernitana 1919,2022,MF,validation,adaptation,target_performance_change_rolling3,strict_compatibility,train,-0.3395647130939653,-0.2638242131543765,-0.2638242131543765,-0.07574049993958881,0.07574049993958881
pts:272261:430:IT1:2022,Antonín Barák,ACF Fiorentina,2022,MF,validation,adaptation,target_performance_change_rolling3,strict_compatibility,train,-0.3939064372670646,-0.17469777387427438,-0.17469777387427438,-0.21920866339279022,0.21920866339279022
pts:284884:940:ES1:2022,Óscar Rodríguez Arnaiz,Celta de Vigo,2022,MF,validation,adaptation,target_performance_change_rolling3,strict_compatibility,train,-0.0441478042212386,0.06467092649638262,0.06467092649638262,-0.10881873071762121,0.10881873071762121
pts:307519:2687:ES1:2022,Fede San Emeterio,Cádiz CF,2022,MF,validation,adaptation,target_performance_change_rolling3,strict_compatibility,train,0.0758238241456358,0.07834319124444311,0.07834319124444311,-0.002519367098807318,0.002519367098807318
pts:309944:749:IT1:2022,Tyronne Ebuehi,FC Empoli,2022,DF,validation,adaptation,target_performance_change_rolling3,strict_compatibility,train,-0.139923653603911,-0.04316162139730542,-0.04316162139730542,-0.09676203220660559,0.09676203220660559
pts:315332:39:L1:2022,Aymen Barkok,1.FSV Mainz 05,2022,MF,validation,adaptation,target_performance_change_rolling3,strict_compatibility,train,-0.3919282355545924,0.1597571023255317,0.1597571023255317,-0.5516853378801241,0.5516853378801241
pts:335147:380:IT1:2022,Junior Sambia,US Salernitana 1919,2022,DF,validation,adaptation,target_performance_change_rolling3,strict_compatibility,train,0.0426841986898496,-0.09333723407610153,-0.09333723407610153,0.13602143276595113,0.13602143276595113
pts:352392:667:FR1:2022,Lucas Perrin,RC Strasbourg Alsace,2022,DF,validation,adaptation,target_performance_change_rolling3,strict_compatibility,train,-0.2220188055554143,-0.11208017798610986,-0.11208017798610986,-0.10993862756930445,0.10993862756930445
pts:353796:380:IT1:2022,Giulio Maggiore,US Salernitana 1919,2022,MF,validation,adaptation,target_performance_change_rolling3,strict_compatibility,train,-0.2043443764643362,0.012773762945466088,0.012773762945466088,-0.2171181394098023,0.2171181394098023
pts:364857:969:FR1:2022,Falaye Sacko,Montpellier HSC,2022,DF,validation,adaptation,target_performance_change_rolling3,strict_compatibility,train,-0.2909280280748714,-0.11281188189863325,-0.11281188189863325,-0.17811614617623814,0.17811614617623814
pts:395083:1421:FR1:2022,Andrew Gravillon,Stade Reims,2022,DF,validation,adaptation,target_performance_change_rolling3,strict_compatibility,train,-0.0660542727459472,-0.12401661209727635,-0.12401661209727635,0.05796233935132915,0.05796233935132915
pts:406806:380:IT1:2022,Emil Bohinen,US Salernitana 1919,2022,MF,validation,adaptation,target_performance_change_rolling3,strict_compatibility,train,-0.0367205916433892,0.07189451683181602,0.07189451683181602,-0.10861510847520522,0.10861510847520522
pts:459655:380:IT1:2022,Matteo Lovato,US Salernitana 1919,2022,DF,validation,adaptation,target_performance_change_rolling3,strict_compatibility,train,-0.2430612429570898,0.18318664236999352,0.18318664236999352,-0.42624788532708335,0.42624788532708335
pts:570817:1421:FR1:2022,Maxime Busi,Stade Reims,2022,DF,validation,adaptation,target_performance_change_rolling3,strict_compatibility,train,0.1436561156165357,-0.06654934955956329,-0.06654934955956329,0.210205465176099,0.210205465176099
pts:60542:3524:FR1:2022,Maxime Gonalons,Clermont Foot 63,2022,MF,validation,adaptation,target_performance_change_rolling3,strict_compatibility,train,0.0892651643851665,-0.02103898190677014,-0.02103898190677014,0.11030414629193665,0.11030414629193665
pts:623040:276:IT1:2022,Yayah Kallon,Hellas Verona,2022,MF,validation,adaptation,target_performance_change_rolling3,strict_compatibility,train,0.3206613757079805,0.20001681357295029,0.20001681357295029,0.12064456213503019,0.12064456213503019
pts:649452:244:FR1:2022,Issa Kaboré,Olympique Marseille,2022,DF,validation,adaptation,target_performance_change_rolling3,strict_compatibility,train,0.4151138919753643,0.15158192615591104,0.15158192615591104,0.26353196581945326,0.26353196581945326
pts:74810:1148:GB1:2022,Ben Mee,Brentford FC,2022,DF,validation,adaptation,target_performance_change_rolling3,strict_compatibility,train,-0.0600540762585164,-0.12020506813790954,-0.12020506813790954,0.06015099187939314,0.06015099187939314
pts:80444:405:GB1:2022,Philippe Coutinho,Aston Villa,2022,MF,validation,adaptation,target_performance_change_rolling3,strict_compatibility,train,-0.8754599361446828,-0.48414953243240527,-0.48414953243240527,-0.3913104037122775,0.3913104037122775
pts:81999:714:ES1:2022,Joselu,RCD Espanyol Barcelona,2022,FW,validation,adaptation,target_performance_change_rolling3,strict_compatibility,train,0.0144701611073243,0.003830381827424581,0.003830381827424581,0.010639779279899718,0.010639779279899718
pts:84765:1038:IT1:2022,Francesco Caputo,UC Sampdoria,2022,FW,validation,adaptation,target_performance_change_rolling3,strict_compatibility,train,-0.7095853960671082,-0.2585999921637993,-0.2585999921637993,-0.45098540390330893,0.45098540390330893
pts:88683:749:IT1:2022,Mattia Destro,FC Empoli,2022,FW,validation,adaptation,target_performance_change_rolling3,strict_compatibility,train,-0.4022248883318742,0.0012679497093327635,0.0012679497093327635,-0.40349283804120695,0.40349283804120695
pts:127142:3911:FR1:2023,Jonas Martin,Stade Brestois 29,2023,MF,test,adaptation,target_performance_change_rolling3,strict_compatibility,train_plus_validation,0.199932418287754,-0.35252981133151984,-0.35252981133151984,0.5524622296192738,0.5524622296192738
pts:14086:29:GB1:2023,Ashley Young,Everton FC,2023,DF,test,adaptation,target_performance_change_rolling3,strict_compatibility,train_plus_validation,-0.1046816901388783,-0.3193454959572488,-0.3193454959572488,0.21466380581837052,0.21466380581837052
pts:148368:703:GB1:2023,Divock Origi,Nottingham Forest,2023,FW,test,adaptation,target_performance_change_rolling3,strict_compatibility,train_plus_validation,-0.350191151829079,-0.32215371728476905,-0.32215371728476905,-0.028037434544309958,0.028037434544309958
pts:182618:1158:FR1:2023,Tiemoué Bakayoko,FC Lorient,2023,MF,test,adaptation,target_performance_change_rolling3,strict_compatibility,train_plus_validation,-0.0766793594113085,-0.26436936084105817,-0.26436936084105817,0.18769000142974968,0.18769000142974968
pts:186988:167:L1:2023,Sven Michel,FC Augsburg,2023,FW,test,adaptation,target_performance_change_rolling3,strict_compatibility,train_plus_validation,-0.287314347760895,0.13758045613543074,0.13758045613543074,-0.4248948038963257,0.4248948038963257
pts:195171:6574:IT1:2023,Samu Castillejo,US Sassuolo,2023,FW,test,adaptation,target_performance_change_rolling3,strict_compatibility,train_plus_validation,-0.0645188026274248,-0.09823587967589482,-0.09823587967589482,0.03371707704847002,0.03371707704847002
pts:203842:749:IT1:2023,Viktor Kovalenko,FC Empoli,2023,MF,test,adaptation,target_performance_change_rolling3,strict_compatibility,train_plus_validation,-0.0769652559879418,0.04720503937345061,0.04720503937345061,-0.1241702953613924,0.1241702953613924
pts:241076:749:IT1:2023,Emmanuel Gyasi,FC Empoli,2023,DF,test,adaptation,target_performance_change_rolling3,strict_compatibility,train_plus_validation,-0.012725018319465,0.170942335289691,0.170942335289691,-0.18366735360915598,0.18366735360915598
pts:251845:1049:ES1:2023,Sergi Canós,Valencia CF,2023,MF,test,adaptation,target_performance_change_rolling3,strict_compatibility,train_plus_validation,0.1974871293902005,0.1790566160887045,0.1790566160887045,0.018430513301496004,0.018430513301496004
pts:25488:380:IT1:2023,Antonio Candreva,US Salernitana 1919,2023,MF,test,adaptation,target_performance_change_rolling3,strict_compatibility,train_plus_validation,-0.2855361728636738,-0.22823890667209223,-0.22823890667209223,-0.05729726619158154,0.05729726619158154
pts:256429:2687:ES1:2023,Sergi Guardiola,Cádiz CF,2023,FW,test,adaptation,target_performance_change_rolling3,strict_compatibility,train_plus_validation,0.2994416558074126,-0.09150726606559197,-0.09150726606559197,0.39094892187300456,0.39094892187300456
pts:257751:749:IT1:2023,Simone Bastoni,FC Empoli,2023,MF,test,adaptation,target_performance_change_rolling3,strict_compatibility,train_plus_validation,-0.3979580837772979,-0.27057031590527275,-0.27057031590527275,-0.12738776787202516,0.12738776787202516
pts:266795:2687:ES1:2023,Gonzalo Escalante,Cádiz CF,2023,MF,test,adaptation,target_performance_change_rolling3,strict_compatibility,train_plus_validation,-0.2787586157786729,-0.19764287605343273,-0.19764287605343273,-0.08111573972524017,0.08111573972524017
pts:277635:2687:ES1:2023,Rominigue Kouamé,Cádiz CF,2023,MF,test,adaptation,target_performance_change_rolling3,strict_compatibility,train_plus_validation,-0.2786858512152025,-0.13106939152104663,-0.13106939152104663,-0.14761645969415588,0.14761645969415588
pts:279009:39:L1:2023,Marco Richter,1.FSV Mainz 05,2023,MF,test,adaptation,target_performance_change_rolling3,strict_compatibility,train_plus_validation,-0.0066963363472967,-0.08018636779536402,-0.08018636779536402,0.07349003144806732,0.07349003144806732
pts:284884:3709:ES1:2023,Óscar Rodríguez Arnaiz,Getafe CF,2023,MF,test,adaptation,target_performance_change_rolling3,strict_compatibility,train_plus_validation,0.138314456030665,-0.10977257862944378,-0.10977257862944378,0.24808703466010879,0.24808703466010879
pts:286779:2687:ES1:2023,Jorge Meré,Cádiz CF,2023,DF,test,adaptation,target_performance_change_rolling3,strict_compatibility,train_plus_validation,-0.2645497207136195,0.06755437042551303,0.06755437042551303,-0.33210409113913253,0.33210409113913253
pts:32113:2919:IT1:2023,Armando Izzo,AC Monza,2023,DF,test,adaptation,target_performance_change_rolling3,strict_compatibility,train_plus_validation,-0.2235624287163614,-0.2008787919505427,-0.2008787919505427,-0.022683636765818693,0.022683636765818693
pts:332179:2919:IT1:2023,Matteo Pessina,AC Monza,2023,MF,test,adaptation,target_performance_change_rolling3,strict_compatibility,train_plus_validation,-0.1800895198517044,-0.23617132258849755,-0.23617132258849755,0.05608180273679314,0.05608180273679314
pts:344605:368:ES1:2023,Boubakary Soumaré,Sevilla FC,2023,MF,test,adaptation,target_performance_change_rolling3,strict_compatibility,train_plus_validation,-0.225396285114436,-0.12144862360060374,-0.12144862360060374,-0.10394766151383225,0.10394766151383225
pts:364857:969:FR1:2023,Falaye Sacko,Montpellier HSC,2023,DF,test,adaptation,target_performance_change_rolling3,strict_compatibility,train_plus_validation,0.0773003092530134,0.04682569649241926,0.04682569649241926,0.03047461276059414,0.03047461276059414
pts:369267:3524:FR1:2023,Maximiliano Caufriez,Clermont Foot 63,2023,DF,test,adaptation,target_performance_change_rolling3,strict_compatibility,train_plus_validation,-0.0566201725752046,-0.16318042786387235,-0.16318042786387235,0.10656025528866775,0.10656025528866775
pts:396894:2687:ES1:2023,Maxi Gómez,Cádiz CF,2023,FW,test,adaptation,target_performance_change_rolling3,strict_compatibility,train_plus_validation,-0.4558377059360294,-0.04046789234588599,-0.04046789234588599,-0.4153698135901434,0.4153698135901434
pts:399543:1005:IT1:2023,Remi Oudin,US Lecce,2023,MF,test,adaptation,target_performance_change_rolling3,strict_compatibility,train_plus_validation,-0.0049132996493213,-0.1578014014393188,-0.1578014014393188,0.1528881017899975,0.1528881017899975
pts:39983:89:L1:2023,Leonardo Bonucci,1.FC Union Berlin,2023,DF,test,adaptation,target_performance_change_rolling3,strict_compatibility,train_plus_validation,-0.1984989865244591,-0.28298398381458906,-0.28298398381458906,0.08448499729012995,0.08448499729012995
pts:42412:985:GB1:2023,Jonny Evans,Manchester United,2023,DF,test,adaptation,target_performance_change_rolling3,strict_compatibility,train_plus_validation,-0.0360646535182127,-0.27818048769967746,-0.27818048769967746,0.24211583418146476,0.24211583418146476
pts:442805:3302:ES1:2023,Iddrisu Baba,UD Almería,2023,MF,test,adaptation,target_performance_change_rolling3,strict_compatibility,train_plus_validation,-0.0026114023730305,0.025270532890701553,0.025270532890701553,-0.027881935263732054,0.027881935263732054
pts:468066:6195:IT1:2023,Jens Cajuste,SSC Napoli,2023,MF,test,adaptation,target_performance_change_rolling3,strict_compatibility,train_plus_validation,-0.1041449128315753,0.06761604621569352,0.06761604621569352,-0.17176095904726882,0.17176095904726882
pts:489611:749:IT1:2023,Filippo Ranocchia,FC Empoli,2023,MF,test,adaptation,target_performance_change_rolling3,strict_compatibility,train_plus_validation,-0.5067162282653327,-0.11214878636114861,-0.11214878636114861,-0.3945674419041841,0.3945674419041841
pts:527698:367:ES1:2023,Kike Pérez,Rayo Vallecano,2023,MF,test,adaptation,target_performance_change_rolling3,strict_compatibility,train_plus_validation,-0.0777746289101895,-0.05213532182837133,-0.05213532182837133,-0.025639307081818177,0.025639307081818177
pts:55769:2919:IT1:2023,Danilo D'Ambrosio,AC Monza,2023,DF,test,adaptation,target_performance_change_rolling3,strict_compatibility,train_plus_validation,-0.2014496156131925,-0.4301855044922449,-0.4301855044922449,0.2287358888790524,0.2287358888790524
pts:66100:131:ES1:2023,Oriol Romeu,FC Barcelona,2023,MF,test,adaptation,target_performance_change_rolling3,strict_compatibility,train_plus_validation,0.2021692217948489,-0.1527142836359732,-0.1527142836359732,0.3548835054308221,0.3548835054308221
pts:81999:418:ES1:2023,Joselu,Real Madrid,2023,FW,test,adaptation,target_performance_change_rolling3,strict_compatibility,train_plus_validation,0.2290948556760739,0.034540142031449006,0.034540142031449006,0.1945547136446249,0.1945547136446249
pts:82009:89:L1:2023,Kevin Volland,1.FC Union Berlin,2023,FW,test,adaptation,target_performance_change_rolling3,strict_compatibility,train_plus_validation,-0.3287167629939035,-0.21099983325615335,-0.21099983325615335,-0.11771692973775016,0.11771692973775016
pts:82048:1005:IT1:2023,Nicola Sansone,US Lecce,2023,FW,test,adaptation,target_performance_change_rolling3,strict_compatibility,train_plus_validation,0.0209029403373568,-0.10305048632869929,-0.10305048632869929,0.12395342666605609,0.12395342666605609
pts:82503:367:ES1:2023,Aridane Hernández,Rayo Vallecano,2023,DF,test,adaptation,target_performance_change_rolling3,strict_compatibility,train_plus_validation,-0.2510862445566679,0.11697697206360043,0.11697697206360043,-0.3680632166202683,0.3680632166202683
pts:84765:749:IT1:2023,Francesco Caputo,FC Empoli,2023,FW,test,adaptation,target_performance_change_rolling3,strict_compatibility,train_plus_validation,-0.4354163096820352,-0.3669157762841442,-0.3669157762841442,-0.06850053339789103,0.06850053339789103
