condition_order,filter_condition,target_key,canonical_performance_id
1,primary_policy,opportunity,pts:236041:1416:FR1:2018
1,primary_policy,opportunity,pts:199258:2722:IT1:2018
1,primary_policy,opportunity,pts:122797:969:FR1:2018
1,primary_policy,opportunity,pts:32113:416:IT1:2018
1,primary_policy,opportunity,pts:66934:873:GB1:2018
1,primary_policy,opportunity,pts:170544:417:FR1:2018
1,primary_policy,opportunity,pts:134294:180:GB1:2018
1,primary_policy,opportunity,pts:95641:1108:ES1:2018
1,primary_policy,opportunity,pts:581781:2969:FR1:2018
1,primary_policy,opportunity,pts:302991:3368:ES1:2018
1,primary_policy,opportunity,pts:44059:252:IT1:2018
1,primary_policy,opportunity,pts:38607:6574:IT1:2018
1,primary_policy,opportunity,pts:181378:969:FR1:2018
1,primary_policy,opportunity,pts:129476:1010:GB1:2018
1,primary_policy,opportunity,pts:163222:1038:IT1:2018
1,primary_policy,opportunity,pts:70245:3709:ES1:2018
1,primary_policy,opportunity,pts:281755:3709:ES1:2018
1,primary_policy,opportunity,pts:319160:1038:IT1:2018
1,primary_policy,opportunity,pts:178313:162:FR1:2018
1,primary_policy,opportunity,pts:42412:1003:GB1:2018
1,primary_policy,opportunity,pts:241229:244:FR1:2018
1,primary_policy,opportunity,pts:126719:583:FR1:2018
1,primary_policy,opportunity,pts:335147:969:FR1:2018
1,primary_policy,opportunity,pts:127076:82:L1:2018
1,primary_policy,opportunity,pts:238752:46:IT1:2018
1,primary_policy,opportunity,pts:68864:244:FR1:2018
1,primary_policy,opportunity,pts:124902:6574:IT1:2018
1,primary_policy,opportunity,pts:183031:416:IT1:2018
1,primary_policy,opportunity,pts:27389:1049:ES1:2018
1,primary_policy,opportunity,pts:427161:667:FR1:2018
1,primary_policy,opportunity,pts:236400:1041:FR1:2018
1,primary_policy,opportunity,pts:56100:1237:GB1:2018
1,primary_policy,opportunity,pts:39983:506:IT1:2018
1,primary_policy,opportunity,pts:111347:1038:IT1:2018
1,primary_policy,opportunity,pts:73185:379:GB1:2018
1,primary_policy,opportunity,pts:74228:12321:ES1:2018
1,primary_policy,opportunity,pts:99232:410:IT1:2018
1,primary_policy,opportunity,pts:112935:33:L1:2018
1,primary_policy,opportunity,pts:483573:1108:ES1:2018
1,primary_policy,opportunity,pts:68645:1237:GB1:2018
1,primary_policy,opportunity,pts:28140:415:FR1:2018
1,primary_policy,opportunity,pts:60542:368:ES1:2018
1,primary_policy,opportunity,pts:40633:398:IT1:2018
1,primary_policy,opportunity,pts:302215:31:GB1:2018
1,primary_policy,opportunity,pts:59631:162:FR1:2018
1,primary_policy,opportunity,pts:60577:416:IT1:2018
1,primary_policy,opportunity,pts:88909:1038:IT1:2018
1,primary_policy,opportunity,pts:195171:5:IT1:2018
1,primary_policy,opportunity,pts:432772:162:FR1:2018
1,primary_policy,opportunity,pts:199369:681:ES1:2018
1,primary_policy,opportunity,pts:130360:6195:IT1:2018
1,primary_policy,opportunity,pts:34322:11:GB1:2018
1,primary_policy,opportunity,pts:73734:12:IT1:2018
1,primary_policy,opportunity,pts:170953:1420:FR1:2018
1,primary_policy,opportunity,pts:182618:5:IT1:2018
1,primary_policy,opportunity,pts:103565:618:FR1:2018
1,primary_policy,opportunity,pts:236041:1416:FR1:2019
1,primary_policy,opportunity,pts:355501:12:IT1:2019
1,primary_policy,opportunity,pts:199258:2722:IT1:2019
1,primary_policy,opportunity,pts:122797:969:FR1:2019
1,primary_policy,opportunity,pts:64598:714:ES1:2019
1,primary_policy,opportunity,pts:134294:180:GB1:2019
1,primary_policy,opportunity,pts:288241:40:FR1:2019
1,primary_policy,opportunity,pts:165873:366:ES1:2019
1,primary_policy,opportunity,pts:38607:2722:IT1:2019
1,primary_policy,opportunity,pts:202278:273:FR1:2019
1,primary_policy,opportunity,pts:84765:6574:IT1:2019
1,primary_policy,opportunity,pts:162056:3368:ES1:2019
1,primary_policy,opportunity,pts:163222:6574:IT1:2019
1,primary_policy,opportunity,pts:635336:995:FR1:2019
1,primary_policy,opportunity,pts:319160:1038:IT1:2019
1,primary_policy,opportunity,pts:65318:1049:ES1:2019
1,primary_policy,opportunity,pts:178313:618:FR1:2019
1,primary_policy,opportunity,pts:251896:543:GB1:2019
1,primary_policy,opportunity,pts:127142:273:FR1:2019
1,primary_policy,opportunity,pts:118284:969:FR1:2019
1,primary_policy,opportunity,pts:164771:12:IT1:2019
1,primary_policy,opportunity,pts:81999:1108:ES1:2019
1,primary_policy,opportunity,pts:131708:1244:ES1:2019
1,primary_policy,opportunity,pts:183031:416:IT1:2019
1,primary_policy,opportunity,pts:104752:6195:IT1:2019
1,primary_policy,opportunity,pts:73185:1108:ES1:2019
1,primary_policy,opportunity,pts:99232:2722:IT1:2019
1,primary_policy,opportunity,pts:39728:16:L1:2019
1,primary_policy,opportunity,pts:176139:1025:IT1:2019
1,primary_policy,opportunity,pts:396894:1049:ES1:2019
1,primary_policy,opportunity,pts:40633:430:IT1:2019
1,primary_policy,opportunity,pts:203496:150:ES1:2019
1,primary_policy,opportunity,pts:82048:1025:IT1:2019
1,primary_policy,opportunity,pts:74230:583:FR1:2019
1,primary_policy,opportunity,pts:101213:6574:IT1:2019
1,primary_policy,opportunity,pts:80444:27:L1:2019
1,primary_policy,opportunity,pts:314295:167:L1:2019
1,primary_policy,opportunity,pts:88909:252:IT1:2019
1,primary_policy,opportunity,pts:238868:1050:ES1:2019
1,primary_policy,opportunity,pts:199369:366:ES1:2019
1,primary_policy,opportunity,pts:44466:24:L1:2019
1,primary_policy,opportunity,pts:130360:416:IT1:2019
1,primary_policy,opportunity,pts:216179:46:IT1:2019
1,primary_policy,opportunity,pts:167859:252:IT1:2019
1,primary_policy,opportunity,pts:182618:162:FR1:2019
1,primary_policy,opportunity,pts:127156:969:FR1:2019
1,primary_policy,opportunity,pts:146854:162:FR1:2019
1,primary_policy,opportunity,pts:274484:1041:FR1:2019
1,primary_policy,opportunity,pts:43512:86:L1:2019
1,primary_policy,opportunity,pts:43530:1237:GB1:2020
1,primary_policy,opportunity,pts:56810:1038:IT1:2020
1,primary_policy,opportunity,pts:130365:583:FR1:2020
1,primary_policy,opportunity,pts:184894:430:IT1:2020
1,primary_policy,opportunity,pts:481834:1390:IT1:2020
1,primary_policy,opportunity,pts:25488:1038:IT1:2020
1,primary_policy,opportunity,pts:272261:276:IT1:2020
1,primary_policy,opportunity,pts:468002:379:GB1:2020
1,primary_policy,opportunity,pts:58396:86:L1:2020
1,primary_policy,opportunity,pts:170544:3911:FR1:2020
1,primary_policy,opportunity,pts:121477:379:GB1:2020
1,primary_policy,opportunity,pts:129476:410:IT1:2020
1,primary_policy,opportunity,pts:57280:430:IT1:2020
1,primary_policy,opportunity,pts:310458:276:IT1:2020
1,primary_policy,opportunity,pts:266795:398:IT1:2020
1,primary_policy,opportunity,pts:163222:6574:IT1:2020
1,primary_policy,opportunity,pts:32467:368:ES1:2020
1,primary_policy,opportunity,pts:182875:995:FR1:2020
1,primary_policy,opportunity,pts:178313:667:FR1:2020
1,primary_policy,opportunity,pts:148262:762:GB1:2020
1,primary_policy,opportunity,pts:251896:16795:ES1:2020
1,primary_policy,opportunity,pts:164771:12:IT1:2020
1,primary_policy,opportunity,pts:61253:430:IT1:2020
1,primary_policy,opportunity,pts:238752:1038:IT1:2020
1,primary_policy,opportunity,pts:82009:162:FR1:2020
1,primary_policy,opportunity,pts:527698:366:ES1:2020
1,primary_policy,opportunity,pts:111347:1038:IT1:2020
1,primary_policy,opportunity,pts:505194:1003:GB1:2020
1,primary_policy,opportunity,pts:68645:150:ES1:2020
1,primary_policy,opportunity,pts:332179:800:IT1:2020
1,primary_policy,opportunity,pts:176139:252:IT1:2020
1,primary_policy,opportunity,pts:88682:1041:FR1:2020
1,primary_policy,opportunity,pts:88683:252:IT1:2020
1,primary_policy,opportunity,pts:60542:16795:ES1:2020
1,primary_policy,opportunity,pts:40633:252:IT1:2020
1,primary_policy,opportunity,pts:44162:131:ES1:2020
1,primary_policy,opportunity,pts:56818:417:FR1:2020
1,primary_policy,opportunity,pts:569866:681:ES1:2020
1,primary_policy,opportunity,pts:94201:89:L1:2020
1,primary_policy,opportunity,pts:130360:416:IT1:2020
1,primary_policy,opportunity,pts:216179:46:IT1:2020
1,primary_policy,opportunity,pts:340328:969:FR1:2020
1,primary_policy,opportunity,pts:111961:368:ES1:2020
1,primary_policy,opportunity,pts:60444:31:GB1:2020
1,primary_policy,opportunity,pts:265763:347:FR1:2020
1,primary_policy,opportunity,pts:182618:6195:IT1:2020
1,primary_policy,opportunity,pts:282349:33:L1:2020
1,primary_policy,opportunity,pts:284595:1038:IT1:2020
1,primary_policy,opportunity,pts:284884:368:ES1:2020
1,primary_policy,opportunity,pts:43512:86:L1:2020
1,primary_policy,opportunity,pts:126673:1025:IT1:2021
1,primary_policy,opportunity,pts:130365:5:IT1:2021
1,primary_policy,opportunity,pts:395083:1421:FR1:2021
1,primary_policy,opportunity,pts:61842:29:GB1:2021
1,primary_policy,opportunity,pts:122797:417:FR1:2021
1,primary_policy,opportunity,pts:25488:1038:IT1:2021
1,primary_policy,opportunity,pts:272261:276:IT1:2021
1,primary_policy,opportunity,pts:14086:405:GB1:2021
1,primary_policy,opportunity,pts:344605:1003:GB1:2021
1,primary_policy,opportunity,pts:159844:24:L1:2021
1,primary_policy,opportunity,pts:121477:379:GB1:2021
1,primary_policy,opportunity,pts:134294:405:GB1:2021
1,primary_policy,opportunity,pts:562049:12:IT1:2021
1,primary_policy,opportunity,pts:84765:1038:IT1:2021
1,primary_policy,opportunity,pts:181378:273:FR1:2021
1,primary_policy,opportunity,pts:310458:276:IT1:2021
1,primary_policy,opportunity,pts:146752:276:IT1:2021
1,primary_policy,opportunity,pts:173900:1049:ES1:2021
1,primary_policy,opportunity,pts:319160:3709:ES1:2021
1,primary_policy,opportunity,pts:315125:40:FR1:2021
1,primary_policy,opportunity,pts:471474:331:ES1:2021
1,primary_policy,opportunity,pts:178313:667:FR1:2021
1,primary_policy,opportunity,pts:238752:1390:IT1:2021
1,primary_policy,opportunity,pts:131951:276:IT1:2021
1,primary_policy,opportunity,pts:94137:89:L1:2021
1,primary_policy,opportunity,pts:68864:1390:IT1:2021
1,primary_policy,opportunity,pts:27389:667:FR1:2021
1,primary_policy,opportunity,pts:309393:10:L1:2021
1,primary_policy,opportunity,pts:352392:667:FR1:2021
1,primary_policy,opportunity,pts:73185:1531:ES1:2021
1,primary_policy,opportunity,pts:47713:969:FR1:2021
1,primary_policy,opportunity,pts:279009:44:L1:2021
1,primary_policy,opportunity,pts:481084:1049:ES1:2021
1,primary_policy,opportunity,pts:112935:3:L1:2021
1,primary_policy,opportunity,pts:143559:430:IT1:2021
1,primary_policy,opportunity,pts:459655:800:IT1:2021
1,primary_policy,opportunity,pts:131731:3522:IT1:2021
1,primary_policy,opportunity,pts:85393:1025:IT1:2021
1,primary_policy,opportunity,pts:124715:252:IT1:2021
1,primary_policy,opportunity,pts:164770:985:GB1:2021
1,primary_policy,opportunity,pts:85383:2687:ES1:2021
1,primary_policy,opportunity,pts:199369:3709:ES1:2021
1,primary_policy,opportunity,pts:127032:1050:ES1:2021
1,primary_policy,opportunity,pts:182618:5:IT1:2021
1,primary_policy,opportunity,pts:67082:3709:ES1:2021
1,primary_policy,opportunity,pts:135492:150:ES1:2021
1,primary_policy,opportunity,pts:111630:368:ES1:2021
1,primary_policy,opportunity,pts:327863:1082:FR1:2022
1,primary_policy,opportunity,pts:130365:5:IT1:2022
1,primary_policy,opportunity,pts:395083:1421:FR1:2022
1,primary_policy,opportunity,pts:25488:380:IT1:2022
1,primary_policy,opportunity,pts:272261:430:IT1:2022
1,primary_policy,opportunity,pts:315332:39:L1:2022
1,primary_policy,opportunity,pts:74810:1148:GB1:2022
1,primary_policy,opportunity,pts:128901:29:GB1:2022
1,primary_policy,opportunity,pts:148368:5:IT1:2022
1,primary_policy,opportunity,pts:406806:380:IT1:2022
1,primary_policy,opportunity,pts:364857:969:FR1:2022
1,primary_policy,opportunity,pts:307519:2687:ES1:2022
1,primary_policy,opportunity,pts:84765:1038:IT1:2022
1,primary_policy,opportunity,pts:181378:417:FR1:2022
1,primary_policy,opportunity,pts:353796:380:IT1:2022
1,primary_policy,opportunity,pts:249126:1038:IT1:2022
1,primary_policy,opportunity,pts:649452:244:FR1:2022
1,primary_policy,opportunity,pts:178313:667:FR1:2022
1,primary_policy,opportunity,pts:206912:826:FR1:2022
1,primary_policy,opportunity,pts:127142:1082:FR1:2022
1,primary_policy,opportunity,pts:241229:3709:ES1:2022
1,primary_policy,opportunity,pts:164771:244:FR1:2022
1,primary_policy,opportunity,pts:197135:2687:ES1:2022
1,primary_policy,opportunity,pts:81999:714:ES1:2022
1,primary_policy,opportunity,pts:335147:380:IT1:2022
1,primary_policy,opportunity,pts:352392:667:FR1:2022
1,primary_policy,opportunity,pts:814976:1421:FR1:2022
1,primary_policy,opportunity,pts:143559:237:ES1:2022
1,primary_policy,opportunity,pts:459655:380:IT1:2022
1,primary_policy,opportunity,pts:197470:3522:IT1:2022
1,primary_policy,opportunity,pts:88683:749:IT1:2022
1,primary_policy,opportunity,pts:570817:1421:FR1:2022
1,primary_policy,opportunity,pts:60542:3524:FR1:2022
1,primary_policy,opportunity,pts:131731:3522:IT1:2022
1,primary_policy,opportunity,pts:855158:995:FR1:2022
1,primary_policy,opportunity,pts:223725:3709:ES1:2022
1,primary_policy,opportunity,pts:179635:80:L1:2022
1,primary_policy,opportunity,pts:80444:405:GB1:2022
1,primary_policy,opportunity,pts:364133:416:IT1:2022
1,primary_policy,opportunity,pts:162038:367:ES1:2022
1,primary_policy,opportunity,pts:212391:1531:ES1:2022
1,primary_policy,opportunity,pts:247250:2687:ES1:2022
1,primary_policy,opportunity,pts:238868:331:ES1:2022
1,primary_policy,opportunity,pts:195171:1049:ES1:2022
1,primary_policy,opportunity,pts:125614:3:L1:2022
1,primary_policy,opportunity,pts:130360:276:IT1:2022
1,primary_policy,opportunity,pts:296879:3:L1:2022
1,primary_policy,opportunity,pts:309944:749:IT1:2022
1,primary_policy,opportunity,pts:203842:3522:IT1:2022
1,primary_policy,opportunity,pts:103565:969:FR1:2022
1,primary_policy,opportunity,pts:623040:276:IT1:2022
1,primary_policy,opportunity,pts:284884:940:ES1:2022
1,primary_policy,opportunity,pts:895480:621:ES1:2023
1,primary_policy,opportunity,pts:25488:380:IT1:2023
1,primary_policy,opportunity,pts:82503:367:ES1:2023
1,primary_policy,opportunity,pts:32113:2919:IT1:2023
1,primary_policy,opportunity,pts:14086:29:GB1:2023
1,primary_policy,opportunity,pts:344605:368:ES1:2023
1,primary_policy,opportunity,pts:159844:23826:L1:2023
1,primary_policy,opportunity,pts:55769:2919:IT1:2023
1,primary_policy,opportunity,pts:670848:379:GB1:2023
1,primary_policy,opportunity,pts:148368:703:GB1:2023
1,primary_policy,opportunity,pts:241076:749:IT1:2023
1,primary_policy,opportunity,pts:357072:826:FR1:2023
1,primary_policy,opportunity,pts:364857:969:FR1:2023
1,primary_policy,opportunity,pts:456492:3:L1:2023
1,primary_policy,opportunity,pts:489611:749:IT1:2023
1,primary_policy,opportunity,pts:84765:749:IT1:2023
1,primary_policy,opportunity,pts:146752:2919:IT1:2023
1,primary_policy,opportunity,pts:88684:2919:IT1:2023
1,primary_policy,opportunity,pts:266795:2687:ES1:2023
1,primary_policy,opportunity,pts:490223:3302:ES1:2023
1,primary_policy,opportunity,pts:442805:3302:ES1:2023
1,primary_policy,opportunity,pts:468066:6195:IT1:2023
1,primary_policy,opportunity,pts:127142:3911:FR1:2023
1,primary_policy,opportunity,pts:42412:985:GB1:2023
1,primary_policy,opportunity,pts:241229:3911:FR1:2023
1,primary_policy,opportunity,pts:286779:2687:ES1:2023
1,primary_policy,opportunity,pts:81999:418:ES1:2023
1,primary_policy,opportunity,pts:93704:39:L1:2023
1,primary_policy,opportunity,pts:585700:150:ES1:2023
1,primary_policy,opportunity,pts:82009:89:L1:2023
1,primary_policy,opportunity,pts:527698:367:ES1:2023
1,primary_policy,opportunity,pts:39983:89:L1:2023
1,primary_policy,opportunity,pts:240219:1005:IT1:2023
1,primary_policy,opportunity,pts:279009:39:L1:2023
1,primary_policy,opportunity,pts:332179:2919:IT1:2023
1,primary_policy,opportunity,pts:396894:2687:ES1:2023
1,primary_policy,opportunity,pts:369267:3524:FR1:2023
1,primary_policy,opportunity,pts:307924:167:L1:2023
1,primary_policy,opportunity,pts:307924:533:L1:2023
1,primary_policy,opportunity,pts:302215:86:L1:2023
1,primary_policy,opportunity,pts:82048:1005:IT1:2023
1,primary_policy,opportunity,pts:66100:131:ES1:2023
1,primary_policy,opportunity,pts:20005:2919:IT1:2023
1,primary_policy,opportunity,pts:429901:1041:FR1:2023
1,primary_policy,opportunity,pts:399543:1005:IT1:2023
1,primary_policy,opportunity,pts:88909:276:IT1:2023
1,primary_policy,opportunity,pts:277635:2687:ES1:2023
1,primary_policy,opportunity,pts:195171:6574:IT1:2023
1,primary_policy,opportunity,pts:126540:1082:FR1:2023
1,primary_policy,opportunity,pts:377219:1049:ES1:2023
1,primary_policy,opportunity,pts:251845:1049:ES1:2023
1,primary_policy,opportunity,pts:256429:2687:ES1:2023
1,primary_policy,opportunity,pts:257751:749:IT1:2023
1,primary_policy,opportunity,pts:1004618:995:FR1:2023
1,primary_policy,opportunity,pts:186988:167:L1:2023
1,primary_policy,opportunity,pts:182618:1158:FR1:2023
1,primary_policy,opportunity,pts:203842:749:IT1:2023
1,primary_policy,opportunity,pts:284884:3709:ES1:2023
1,primary_policy,performance,pts:236041:1416:FR1:2018
1,primary_policy,performance,pts:199258:2722:IT1:2018
1,primary_policy,performance,pts:122797:969:FR1:2018
1,primary_policy,performance,pts:32113:416:IT1:2018
1,primary_policy,performance,pts:66934:873:GB1:2018
1,primary_policy,performance,pts:170544:417:FR1:2018
1,primary_policy,performance,pts:134294:180:GB1:2018
1,primary_policy,performance,pts:95641:1108:ES1:2018
1,primary_policy,performance,pts:581781:2969:FR1:2018
1,primary_policy,performance,pts:302991:3368:ES1:2018
1,primary_policy,performance,pts:44059:252:IT1:2018
1,primary_policy,performance,pts:38607:6574:IT1:2018
1,primary_policy,performance,pts:181378:969:FR1:2018
1,primary_policy,performance,pts:129476:1010:GB1:2018
1,primary_policy,performance,pts:163222:1038:IT1:2018
1,primary_policy,performance,pts:319160:1038:IT1:2018
1,primary_policy,performance,pts:178313:162:FR1:2018
1,primary_policy,performance,pts:42412:1003:GB1:2018
1,primary_policy,performance,pts:241229:244:FR1:2018
1,primary_policy,performance,pts:126719:583:FR1:2018
1,primary_policy,performance,pts:335147:969:FR1:2018
1,primary_policy,performance,pts:127076:82:L1:2018
1,primary_policy,performance,pts:238752:46:IT1:2018
1,primary_policy,performance,pts:68864:244:FR1:2018
1,primary_policy,performance,pts:124902:6574:IT1:2018
1,primary_policy,performance,pts:183031:416:IT1:2018
1,primary_policy,performance,pts:27389:1049:ES1:2018
1,primary_policy,performance,pts:427161:667:FR1:2018
1,primary_policy,performance,pts:236400:1041:FR1:2018
1,primary_policy,performance,pts:56100:1237:GB1:2018
1,primary_policy,performance,pts:39983:506:IT1:2018
1,primary_policy,performance,pts:111347:1038:IT1:2018
1,primary_policy,performance,pts:73185:379:GB1:2018
1,primary_policy,performance,pts:74228:12321:ES1:2018
1,primary_policy,performance,pts:99232:410:IT1:2018
1,primary_policy,performance,pts:112935:33:L1:2018
1,primary_policy,performance,pts:483573:1108:ES1:2018
1,primary_policy,performance,pts:68645:1237:GB1:2018
1,primary_policy,performance,pts:28140:415:FR1:2018
1,primary_policy,performance,pts:60542:368:ES1:2018
1,primary_policy,performance,pts:40633:398:IT1:2018
1,primary_policy,performance,pts:302215:31:GB1:2018
1,primary_policy,performance,pts:59631:162:FR1:2018
1,primary_policy,performance,pts:60577:416:IT1:2018
1,primary_policy,performance,pts:88909:1038:IT1:2018
1,primary_policy,performance,pts:195171:5:IT1:2018
1,primary_policy,performance,pts:432772:162:FR1:2018
1,primary_policy,performance,pts:199369:681:ES1:2018
1,primary_policy,performance,pts:130360:6195:IT1:2018
1,primary_policy,performance,pts:34322:11:GB1:2018
1,primary_policy,performance,pts:73734:12:IT1:2018
1,primary_policy,performance,pts:170953:1420:FR1:2018
1,primary_policy,performance,pts:182618:5:IT1:2018
1,primary_policy,performance,pts:103565:618:FR1:2018
1,primary_policy,performance,pts:236041:1416:FR1:2019
1,primary_policy,performance,pts:355501:12:IT1:2019
1,primary_policy,performance,pts:199258:2722:IT1:2019
1,primary_policy,performance,pts:122797:969:FR1:2019
1,primary_policy,performance,pts:64598:714:ES1:2019
1,primary_policy,performance,pts:134294:180:GB1:2019
1,primary_policy,performance,pts:288241:40:FR1:2019
1,primary_policy,performance,pts:165873:366:ES1:2019
1,primary_policy,performance,pts:38607:2722:IT1:2019
1,primary_policy,performance,pts:202278:273:FR1:2019
1,primary_policy,performance,pts:84765:6574:IT1:2019
1,primary_policy,performance,pts:162056:3368:ES1:2019
1,primary_policy,performance,pts:163222:6574:IT1:2019
1,primary_policy,performance,pts:635336:995:FR1:2019
1,primary_policy,performance,pts:319160:1038:IT1:2019
1,primary_policy,performance,pts:65318:1049:ES1:2019
1,primary_policy,performance,pts:178313:618:FR1:2019
1,primary_policy,performance,pts:118284:969:FR1:2019
1,primary_policy,performance,pts:164771:12:IT1:2019
1,primary_policy,performance,pts:81999:1108:ES1:2019
1,primary_policy,performance,pts:131708:1244:ES1:2019
1,primary_policy,performance,pts:183031:416:IT1:2019
1,primary_policy,performance,pts:104752:6195:IT1:2019
1,primary_policy,performance,pts:73185:1108:ES1:2019
1,primary_policy,performance,pts:99232:2722:IT1:2019
1,primary_policy,performance,pts:39728:16:L1:2019
1,primary_policy,performance,pts:176139:1025:IT1:2019
1,primary_policy,performance,pts:396894:1049:ES1:2019
1,primary_policy,performance,pts:40633:430:IT1:2019
1,primary_policy,performance,pts:203496:150:ES1:2019
1,primary_policy,performance,pts:82048:1025:IT1:2019
1,primary_policy,performance,pts:74230:583:FR1:2019
1,primary_policy,performance,pts:101213:6574:IT1:2019
1,primary_policy,performance,pts:80444:27:L1:2019
1,primary_policy,performance,pts:238868:1050:ES1:2019
1,primary_policy,performance,pts:199369:366:ES1:2019
1,primary_policy,performance,pts:44466:24:L1:2019
1,primary_policy,performance,pts:130360:416:IT1:2019
1,primary_policy,performance,pts:216179:46:IT1:2019
1,primary_policy,performance,pts:167859:252:IT1:2019
1,primary_policy,performance,pts:182618:162:FR1:2019
1,primary_policy,performance,pts:127156:969:FR1:2019
1,primary_policy,performance,pts:146854:162:FR1:2019
1,primary_policy,performance,pts:274484:1041:FR1:2019
1,primary_policy,performance,pts:43512:86:L1:2019
1,primary_policy,performance,pts:43530:1237:GB1:2020
1,primary_policy,performance,pts:56810:1038:IT1:2020
1,primary_policy,performance,pts:130365:583:FR1:2020
1,primary_policy,performance,pts:481834:1390:IT1:2020
1,primary_policy,performance,pts:25488:1038:IT1:2020
1,primary_policy,performance,pts:272261:276:IT1:2020
1,primary_policy,performance,pts:468002:379:GB1:2020
1,primary_policy,performance,pts:58396:86:L1:2020
1,primary_policy,performance,pts:170544:3911:FR1:2020
1,primary_policy,performance,pts:121477:379:GB1:2020
1,primary_policy,performance,pts:129476:410:IT1:2020
1,primary_policy,performance,pts:57280:430:IT1:2020
1,primary_policy,performance,pts:310458:276:IT1:2020
1,primary_policy,performance,pts:266795:398:IT1:2020
1,primary_policy,performance,pts:163222:6574:IT1:2020
1,primary_policy,performance,pts:32467:368:ES1:2020
1,primary_policy,performance,pts:182875:995:FR1:2020
1,primary_policy,performance,pts:178313:667:FR1:2020
1,primary_policy,performance,pts:148262:762:GB1:2020
1,primary_policy,performance,pts:251896:16795:ES1:2020
1,primary_policy,performance,pts:164771:12:IT1:2020
1,primary_policy,performance,pts:61253:430:IT1:2020
1,primary_policy,performance,pts:238752:1038:IT1:2020
1,primary_policy,performance,pts:82009:162:FR1:2020
1,primary_policy,performance,pts:527698:366:ES1:2020
1,primary_policy,performance,pts:111347:1038:IT1:2020
1,primary_policy,performance,pts:505194:1003:GB1:2020
1,primary_policy,performance,pts:332179:800:IT1:2020
1,primary_policy,performance,pts:176139:252:IT1:2020
1,primary_policy,performance,pts:88682:1041:FR1:2020
1,primary_policy,performance,pts:88683:252:IT1:2020
1,primary_policy,performance,pts:60542:16795:ES1:2020
1,primary_policy,performance,pts:40633:252:IT1:2020
1,primary_policy,performance,pts:44162:131:ES1:2020
1,primary_policy,performance,pts:56818:417:FR1:2020
1,primary_policy,performance,pts:569866:681:ES1:2020
1,primary_policy,performance,pts:94201:89:L1:2020
1,primary_policy,performance,pts:130360:416:IT1:2020
1,primary_policy,performance,pts:216179:46:IT1:2020
1,primary_policy,performance,pts:340328:969:FR1:2020
1,primary_policy,performance,pts:111961:368:ES1:2020
1,primary_policy,performance,pts:60444:31:GB1:2020
1,primary_policy,performance,pts:265763:347:FR1:2020
1,primary_policy,performance,pts:182618:6195:IT1:2020
1,primary_policy,performance,pts:282349:33:L1:2020
1,primary_policy,performance,pts:284595:1038:IT1:2020
1,primary_policy,performance,pts:284884:368:ES1:2020
1,primary_policy,performance,pts:43512:86:L1:2020
1,primary_policy,performance,pts:126673:1025:IT1:2021
1,primary_policy,performance,pts:130365:5:IT1:2021
1,primary_policy,performance,pts:395083:1421:FR1:2021
1,primary_policy,performance,pts:61842:29:GB1:2021
1,primary_policy,performance,pts:122797:417:FR1:2021
1,primary_policy,performance,pts:25488:1038:IT1:2021
1,primary_policy,performance,pts:272261:276:IT1:2021
1,primary_policy,performance,pts:14086:405:GB1:2021
1,primary_policy,performance,pts:344605:1003:GB1:2021
1,primary_policy,performance,pts:159844:24:L1:2021
1,primary_policy,performance,pts:121477:379:GB1:2021
1,primary_policy,performance,pts:134294:405:GB1:2021
1,primary_policy,performance,pts:84765:1038:IT1:2021
1,primary_policy,performance,pts:181378:273:FR1:2021
1,primary_policy,performance,pts:310458:276:IT1:2021
1,primary_policy,performance,pts:146752:276:IT1:2021
1,primary_policy,performance,pts:173900:1049:ES1:2021
1,primary_policy,performance,pts:319160:3709:ES1:2021
1,primary_policy,performance,pts:315125:40:FR1:2021
1,primary_policy,performance,pts:471474:331:ES1:2021
1,primary_policy,performance,pts:178313:667:FR1:2021
1,primary_policy,performance,pts:238752:1390:IT1:2021
1,primary_policy,performance,pts:131951:276:IT1:2021
1,primary_policy,performance,pts:68864:1390:IT1:2021
1,primary_policy,performance,pts:27389:667:FR1:2021
1,primary_policy,performance,pts:352392:667:FR1:2021
1,primary_policy,performance,pts:73185:1531:ES1:2021
1,primary_policy,performance,pts:47713:969:FR1:2021
1,primary_policy,performance,pts:279009:44:L1:2021
1,primary_policy,performance,pts:481084:1049:ES1:2021
1,primary_policy,performance,pts:112935:3:L1:2021
1,primary_policy,performance,pts:124715:252:IT1:2021
1,primary_policy,performance,pts:164770:985:GB1:2021
1,primary_policy,performance,pts:85383:2687:ES1:2021
1,primary_policy,performance,pts:199369:3709:ES1:2021
1,primary_policy,performance,pts:127032:1050:ES1:2021
1,primary_policy,performance,pts:182618:5:IT1:2021
1,primary_policy,performance,pts:135492:150:ES1:2021
1,primary_policy,performance,pts:111630:368:ES1:2021
1,primary_policy,performance,pts:395083:1421:FR1:2022
1,primary_policy,performance,pts:25488:380:IT1:2022
1,primary_policy,performance,pts:272261:430:IT1:2022
1,primary_policy,performance,pts:315332:39:L1:2022
1,primary_policy,performance,pts:74810:1148:GB1:2022
1,primary_policy,performance,pts:128901:29:GB1:2022
1,primary_policy,performance,pts:148368:5:IT1:2022
1,primary_policy,performance,pts:406806:380:IT1:2022
1,primary_policy,performance,pts:364857:969:FR1:2022
1,primary_policy,performance,pts:307519:2687:ES1:2022
1,primary_policy,performance,pts:84765:1038:IT1:2022
1,primary_policy,performance,pts:181378:417:FR1:2022
1,primary_policy,performance,pts:353796:380:IT1:2022
1,primary_policy,performance,pts:249126:1038:IT1:2022
1,primary_policy,performance,pts:649452:244:FR1:2022
1,primary_policy,performance,pts:178313:667:FR1:2022
1,primary_policy,performance,pts:206912:826:FR1:2022
1,primary_policy,performance,pts:164771:244:FR1:2022
1,primary_policy,performance,pts:197135:2687:ES1:2022
1,primary_policy,performance,pts:81999:714:ES1:2022
1,primary_policy,performance,pts:335147:380:IT1:2022
1,primary_policy,performance,pts:352392:667:FR1:2022
1,primary_policy,performance,pts:143559:237:ES1:2022
1,primary_policy,performance,pts:459655:380:IT1:2022
1,primary_policy,performance,pts:197470:3522:IT1:2022
1,primary_policy,performance,pts:88683:749:IT1:2022
1,primary_policy,performance,pts:570817:1421:FR1:2022
1,primary_policy,performance,pts:60542:3524:FR1:2022
1,primary_policy,performance,pts:131731:3522:IT1:2022
1,primary_policy,performance,pts:223725:3709:ES1:2022
1,primary_policy,performance,pts:179635:80:L1:2022
1,primary_policy,performance,pts:80444:405:GB1:2022
1,primary_policy,performance,pts:364133:416:IT1:2022
1,primary_policy,performance,pts:162038:367:ES1:2022
1,primary_policy,performance,pts:212391:1531:ES1:2022
1,primary_policy,performance,pts:247250:2687:ES1:2022
1,primary_policy,performance,pts:238868:331:ES1:2022
1,primary_policy,performance,pts:195171:1049:ES1:2022
1,primary_policy,performance,pts:125614:3:L1:2022
1,primary_policy,performance,pts:130360:276:IT1:2022
1,primary_policy,performance,pts:296879:3:L1:2022
1,primary_policy,performance,pts:309944:749:IT1:2022
1,primary_policy,performance,pts:203842:3522:IT1:2022
1,primary_policy,performance,pts:103565:969:FR1:2022
1,primary_policy,performance,pts:623040:276:IT1:2022
1,primary_policy,performance,pts:284884:940:ES1:2022
1,primary_policy,performance,pts:25488:380:IT1:2023
1,primary_policy,performance,pts:82503:367:ES1:2023
1,primary_policy,performance,pts:32113:2919:IT1:2023
1,primary_policy,performance,pts:14086:29:GB1:2023
1,primary_policy,performance,pts:344605:368:ES1:2023
1,primary_policy,performance,pts:55769:2919:IT1:2023
1,primary_policy,performance,pts:148368:703:GB1:2023
1,primary_policy,performance,pts:241076:749:IT1:2023
1,primary_policy,performance,pts:364857:969:FR1:2023
1,primary_policy,performance,pts:456492:3:L1:2023
1,primary_policy,performance,pts:489611:749:IT1:2023
1,primary_policy,performance,pts:84765:749:IT1:2023
1,primary_policy,performance,pts:266795:2687:ES1:2023
1,primary_policy,performance,pts:442805:3302:ES1:2023
1,primary_policy,performance,pts:468066:6195:IT1:2023
1,primary_policy,performance,pts:127142:3911:FR1:2023
1,primary_policy,performance,pts:42412:985:GB1:2023
1,primary_policy,performance,pts:286779:2687:ES1:2023
1,primary_policy,performance,pts:81999:418:ES1:2023
1,primary_policy,performance,pts:82009:89:L1:2023
1,primary_policy,performance,pts:527698:367:ES1:2023
1,primary_policy,performance,pts:39983:89:L1:2023
1,primary_policy,performance,pts:279009:39:L1:2023
1,primary_policy,performance,pts:332179:2919:IT1:2023
1,primary_policy,performance,pts:396894:2687:ES1:2023
1,primary_policy,performance,pts:369267:3524:FR1:2023
1,primary_policy,performance,pts:82048:1005:IT1:2023
1,primary_policy,performance,pts:66100:131:ES1:2023
1,primary_policy,performance,pts:399543:1005:IT1:2023
1,primary_policy,performance,pts:277635:2687:ES1:2023
1,primary_policy,performance,pts:195171:6574:IT1:2023
1,primary_policy,performance,pts:377219:1049:ES1:2023
1,primary_policy,performance,pts:251845:1049:ES1:2023
1,primary_policy,performance,pts:256429:2687:ES1:2023
1,primary_policy,performance,pts:257751:749:IT1:2023
1,primary_policy,performance,pts:186988:167:L1:2023
1,primary_policy,performance,pts:182618:1158:FR1:2023
1,primary_policy,performance,pts:203842:749:IT1:2023
1,primary_policy,performance,pts:284884:3709:ES1:2023
1,primary_policy,adaptation,pts:236041:1416:FR1:2018
1,primary_policy,adaptation,pts:199258:2722:IT1:2018
1,primary_policy,adaptation,pts:122797:969:FR1:2018
1,primary_policy,adaptation,pts:32113:416:IT1:2018
1,primary_policy,adaptation,pts:66934:873:GB1:2018
1,primary_policy,adaptation,pts:170544:417:FR1:2018
1,primary_policy,adaptation,pts:95641:1108:ES1:2018
1,primary_policy,adaptation,pts:302991:3368:ES1:2018
1,primary_policy,adaptation,pts:44059:252:IT1:2018
1,primary_policy,adaptation,pts:38607:6574:IT1:2018
1,primary_policy,adaptation,pts:181378:969:FR1:2018
1,primary_policy,adaptation,pts:129476:1010:GB1:2018
1,primary_policy,adaptation,pts:163222:1038:IT1:2018
1,primary_policy,adaptation,pts:319160:1038:IT1:2018
1,primary_policy,adaptation,pts:178313:162:FR1:2018
1,primary_policy,adaptation,pts:42412:1003:GB1:2018
1,primary_policy,adaptation,pts:241229:244:FR1:2018
1,primary_policy,adaptation,pts:126719:583:FR1:2018
1,primary_policy,adaptation,pts:335147:969:FR1:2018
1,primary_policy,adaptation,pts:127076:82:L1:2018
1,primary_policy,adaptation,pts:238752:46:IT1:2018
1,primary_policy,adaptation,pts:68864:244:FR1:2018
1,primary_policy,adaptation,pts:124902:6574:IT1:2018
1,primary_policy,adaptation,pts:183031:416:IT1:2018
1,primary_policy,adaptation,pts:27389:1049:ES1:2018
1,primary_policy,adaptation,pts:427161:667:FR1:2018
1,primary_policy,adaptation,pts:236400:1041:FR1:2018
1,primary_policy,adaptation,pts:56100:1237:GB1:2018
1,primary_policy,adaptation,pts:39983:506:IT1:2018
1,primary_policy,adaptation,pts:73185:379:GB1:2018
1,primary_policy,adaptation,pts:74228:12321:ES1:2018
1,primary_policy,adaptation,pts:99232:410:IT1:2018
1,primary_policy,adaptation,pts:112935:33:L1:2018
1,primary_policy,adaptation,pts:483573:1108:ES1:2018
1,primary_policy,adaptation,pts:68645:1237:GB1:2018
1,primary_policy,adaptation,pts:28140:415:FR1:2018
1,primary_policy,adaptation,pts:60542:368:ES1:2018
1,primary_policy,adaptation,pts:40633:398:IT1:2018
1,primary_policy,adaptation,pts:302215:31:GB1:2018
1,primary_policy,adaptation,pts:60577:416:IT1:2018
1,primary_policy,adaptation,pts:88909:1038:IT1:2018
1,primary_policy,adaptation,pts:195171:5:IT1:2018
1,primary_policy,adaptation,pts:432772:162:FR1:2018
1,primary_policy,adaptation,pts:199369:681:ES1:2018
1,primary_policy,adaptation,pts:130360:6195:IT1:2018
1,primary_policy,adaptation,pts:34322:11:GB1:2018
1,primary_policy,adaptation,pts:73734:12:IT1:2018
1,primary_policy,adaptation,pts:170953:1420:FR1:2018
1,primary_policy,adaptation,pts:182618:5:IT1:2018
1,primary_policy,adaptation,pts:103565:618:FR1:2018
1,primary_policy,adaptation,pts:236041:1416:FR1:2019
1,primary_policy,adaptation,pts:355501:12:IT1:2019
1,primary_policy,adaptation,pts:199258:2722:IT1:2019
1,primary_policy,adaptation,pts:122797:969:FR1:2019
1,primary_policy,adaptation,pts:64598:714:ES1:2019
1,primary_policy,adaptation,pts:134294:180:GB1:2019
1,primary_policy,adaptation,pts:288241:40:FR1:2019
1,primary_policy,adaptation,pts:165873:366:ES1:2019
1,primary_policy,adaptation,pts:38607:2722:IT1:2019
1,primary_policy,adaptation,pts:202278:273:FR1:2019
1,primary_policy,adaptation,pts:84765:6574:IT1:2019
1,primary_policy,adaptation,pts:162056:3368:ES1:2019
1,primary_policy,adaptation,pts:163222:6574:IT1:2019
1,primary_policy,adaptation,pts:319160:1038:IT1:2019
1,primary_policy,adaptation,pts:65318:1049:ES1:2019
1,primary_policy,adaptation,pts:178313:618:FR1:2019
1,primary_policy,adaptation,pts:118284:969:FR1:2019
1,primary_policy,adaptation,pts:164771:12:IT1:2019
1,primary_policy,adaptation,pts:81999:1108:ES1:2019
1,primary_policy,adaptation,pts:131708:1244:ES1:2019
1,primary_policy,adaptation,pts:183031:416:IT1:2019
1,primary_policy,adaptation,pts:104752:6195:IT1:2019
1,primary_policy,adaptation,pts:73185:1108:ES1:2019
1,primary_policy,adaptation,pts:99232:2722:IT1:2019
1,primary_policy,adaptation,pts:39728:16:L1:2019
1,primary_policy,adaptation,pts:176139:1025:IT1:2019
1,primary_policy,adaptation,pts:396894:1049:ES1:2019
1,primary_policy,adaptation,pts:40633:430:IT1:2019
1,primary_policy,adaptation,pts:203496:150:ES1:2019
1,primary_policy,adaptation,pts:82048:1025:IT1:2019
1,primary_policy,adaptation,pts:74230:583:FR1:2019
1,primary_policy,adaptation,pts:101213:6574:IT1:2019
1,primary_policy,adaptation,pts:80444:27:L1:2019
1,primary_policy,adaptation,pts:238868:1050:ES1:2019
1,primary_policy,adaptation,pts:199369:366:ES1:2019
1,primary_policy,adaptation,pts:44466:24:L1:2019
1,primary_policy,adaptation,pts:130360:416:IT1:2019
1,primary_policy,adaptation,pts:216179:46:IT1:2019
1,primary_policy,adaptation,pts:167859:252:IT1:2019
1,primary_policy,adaptation,pts:182618:162:FR1:2019
1,primary_policy,adaptation,pts:127156:969:FR1:2019
1,primary_policy,adaptation,pts:146854:162:FR1:2019
1,primary_policy,adaptation,pts:274484:1041:FR1:2019
1,primary_policy,adaptation,pts:43512:86:L1:2019
1,primary_policy,adaptation,pts:43530:1237:GB1:2020
1,primary_policy,adaptation,pts:56810:1038:IT1:2020
1,primary_policy,adaptation,pts:130365:583:FR1:2020
1,primary_policy,adaptation,pts:25488:1038:IT1:2020
1,primary_policy,adaptation,pts:272261:276:IT1:2020
1,primary_policy,adaptation,pts:58396:86:L1:2020
1,primary_policy,adaptation,pts:170544:3911:FR1:2020
1,primary_policy,adaptation,pts:121477:379:GB1:2020
1,primary_policy,adaptation,pts:129476:410:IT1:2020
1,primary_policy,adaptation,pts:57280:430:IT1:2020
1,primary_policy,adaptation,pts:310458:276:IT1:2020
1,primary_policy,adaptation,pts:266795:398:IT1:2020
1,primary_policy,adaptation,pts:163222:6574:IT1:2020
1,primary_policy,adaptation,pts:32467:368:ES1:2020
1,primary_policy,adaptation,pts:182875:995:FR1:2020
1,primary_policy,adaptation,pts:178313:667:FR1:2020
1,primary_policy,adaptation,pts:148262:762:GB1:2020
1,primary_policy,adaptation,pts:251896:16795:ES1:2020
1,primary_policy,adaptation,pts:164771:12:IT1:2020
1,primary_policy,adaptation,pts:61253:430:IT1:2020
1,primary_policy,adaptation,pts:238752:1038:IT1:2020
1,primary_policy,adaptation,pts:82009:162:FR1:2020
1,primary_policy,adaptation,pts:111347:1038:IT1:2020
1,primary_policy,adaptation,pts:332179:800:IT1:2020
1,primary_policy,adaptation,pts:176139:252:IT1:2020
1,primary_policy,adaptation,pts:88682:1041:FR1:2020
1,primary_policy,adaptation,pts:88683:252:IT1:2020
1,primary_policy,adaptation,pts:60542:16795:ES1:2020
1,primary_policy,adaptation,pts:40633:252:IT1:2020
1,primary_policy,adaptation,pts:44162:131:ES1:2020
1,primary_policy,adaptation,pts:56818:417:FR1:2020
1,primary_policy,adaptation,pts:94201:89:L1:2020
1,primary_policy,adaptation,pts:130360:416:IT1:2020
1,primary_policy,adaptation,pts:216179:46:IT1:2020
1,primary_policy,adaptation,pts:340328:969:FR1:2020
1,primary_policy,adaptation,pts:111961:368:ES1:2020
1,primary_policy,adaptation,pts:60444:31:GB1:2020
1,primary_policy,adaptation,pts:265763:347:FR1:2020
1,primary_policy,adaptation,pts:182618:6195:IT1:2020
1,primary_policy,adaptation,pts:284595:1038:IT1:2020
1,primary_policy,adaptation,pts:284884:368:ES1:2020
1,primary_policy,adaptation,pts:43512:86:L1:2020
1,primary_policy,adaptation,pts:126673:1025:IT1:2021
1,primary_policy,adaptation,pts:130365:5:IT1:2021
1,primary_policy,adaptation,pts:395083:1421:FR1:2021
1,primary_policy,adaptation,pts:61842:29:GB1:2021
1,primary_policy,adaptation,pts:122797:417:FR1:2021
1,primary_policy,adaptation,pts:25488:1038:IT1:2021
1,primary_policy,adaptation,pts:272261:276:IT1:2021
1,primary_policy,adaptation,pts:14086:405:GB1:2021
1,primary_policy,adaptation,pts:344605:1003:GB1:2021
1,primary_policy,adaptation,pts:159844:24:L1:2021
1,primary_policy,adaptation,pts:121477:379:GB1:2021
1,primary_policy,adaptation,pts:134294:405:GB1:2021
1,primary_policy,adaptation,pts:84765:1038:IT1:2021
1,primary_policy,adaptation,pts:181378:273:FR1:2021
1,primary_policy,adaptation,pts:310458:276:IT1:2021
1,primary_policy,adaptation,pts:146752:276:IT1:2021
1,primary_policy,adaptation,pts:173900:1049:ES1:2021
1,primary_policy,adaptation,pts:319160:3709:ES1:2021
1,primary_policy,adaptation,pts:315125:40:FR1:2021
1,primary_policy,adaptation,pts:471474:331:ES1:2021
1,primary_policy,adaptation,pts:178313:667:FR1:2021
1,primary_policy,adaptation,pts:238752:1390:IT1:2021
1,primary_policy,adaptation,pts:131951:276:IT1:2021
1,primary_policy,adaptation,pts:68864:1390:IT1:2021
1,primary_policy,adaptation,pts:27389:667:FR1:2021
1,primary_policy,adaptation,pts:352392:667:FR1:2021
1,primary_policy,adaptation,pts:73185:1531:ES1:2021
1,primary_policy,adaptation,pts:47713:969:FR1:2021
1,primary_policy,adaptation,pts:279009:44:L1:2021
1,primary_policy,adaptation,pts:481084:1049:ES1:2021
1,primary_policy,adaptation,pts:112935:3:L1:2021
1,primary_policy,adaptation,pts:124715:252:IT1:2021
1,primary_policy,adaptation,pts:164770:985:GB1:2021
1,primary_policy,adaptation,pts:85383:2687:ES1:2021
1,primary_policy,adaptation,pts:199369:3709:ES1:2021
1,primary_policy,adaptation,pts:127032:1050:ES1:2021
1,primary_policy,adaptation,pts:182618:5:IT1:2021
1,primary_policy,adaptation,pts:135492:150:ES1:2021
1,primary_policy,adaptation,pts:111630:368:ES1:2021
1,primary_policy,adaptation,pts:395083:1421:FR1:2022
1,primary_policy,adaptation,pts:25488:380:IT1:2022
1,primary_policy,adaptation,pts:272261:430:IT1:2022
1,primary_policy,adaptation,pts:315332:39:L1:2022
1,primary_policy,adaptation,pts:74810:1148:GB1:2022
1,primary_policy,adaptation,pts:128901:29:GB1:2022
1,primary_policy,adaptation,pts:148368:5:IT1:2022
1,primary_policy,adaptation,pts:406806:380:IT1:2022
1,primary_policy,adaptation,pts:364857:969:FR1:2022
1,primary_policy,adaptation,pts:307519:2687:ES1:2022
1,primary_policy,adaptation,pts:84765:1038:IT1:2022
1,primary_policy,adaptation,pts:181378:417:FR1:2022
1,primary_policy,adaptation,pts:353796:380:IT1:2022
1,primary_policy,adaptation,pts:249126:1038:IT1:2022
1,primary_policy,adaptation,pts:649452:244:FR1:2022
1,primary_policy,adaptation,pts:178313:667:FR1:2022
1,primary_policy,adaptation,pts:206912:826:FR1:2022
1,primary_policy,adaptation,pts:164771:244:FR1:2022
1,primary_policy,adaptation,pts:197135:2687:ES1:2022
1,primary_policy,adaptation,pts:81999:714:ES1:2022
1,primary_policy,adaptation,pts:335147:380:IT1:2022
1,primary_policy,adaptation,pts:352392:667:FR1:2022
1,primary_policy,adaptation,pts:143559:237:ES1:2022
1,primary_policy,adaptation,pts:459655:380:IT1:2022
1,primary_policy,adaptation,pts:197470:3522:IT1:2022
1,primary_policy,adaptation,pts:88683:749:IT1:2022
1,primary_policy,adaptation,pts:570817:1421:FR1:2022
1,primary_policy,adaptation,pts:60542:3524:FR1:2022
1,primary_policy,adaptation,pts:131731:3522:IT1:2022
1,primary_policy,adaptation,pts:223725:3709:ES1:2022
1,primary_policy,adaptation,pts:179635:80:L1:2022
1,primary_policy,adaptation,pts:80444:405:GB1:2022
1,primary_policy,adaptation,pts:162038:367:ES1:2022
1,primary_policy,adaptation,pts:212391:1531:ES1:2022
1,primary_policy,adaptation,pts:247250:2687:ES1:2022
1,primary_policy,adaptation,pts:238868:331:ES1:2022
1,primary_policy,adaptation,pts:195171:1049:ES1:2022
1,primary_policy,adaptation,pts:125614:3:L1:2022
1,primary_policy,adaptation,pts:130360:276:IT1:2022
1,primary_policy,adaptation,pts:309944:749:IT1:2022
1,primary_policy,adaptation,pts:203842:3522:IT1:2022
1,primary_policy,adaptation,pts:103565:969:FR1:2022
1,primary_policy,adaptation,pts:623040:276:IT1:2022
1,primary_policy,adaptation,pts:284884:940:ES1:2022
1,primary_policy,adaptation,pts:25488:380:IT1:2023
1,primary_policy,adaptation,pts:82503:367:ES1:2023
1,primary_policy,adaptation,pts:32113:2919:IT1:2023
1,primary_policy,adaptation,pts:14086:29:GB1:2023
1,primary_policy,adaptation,pts:344605:368:ES1:2023
1,primary_policy,adaptation,pts:55769:2919:IT1:2023
1,primary_policy,adaptation,pts:148368:703:GB1:2023
1,primary_policy,adaptation,pts:241076:749:IT1:2023
1,primary_policy,adaptation,pts:364857:969:FR1:2023
1,primary_policy,adaptation,pts:489611:749:IT1:2023
1,primary_policy,adaptation,pts:84765:749:IT1:2023
1,primary_policy,adaptation,pts:266795:2687:ES1:2023
1,primary_policy,adaptation,pts:442805:3302:ES1:2023
1,primary_policy,adaptation,pts:468066:6195:IT1:2023
1,primary_policy,adaptation,pts:127142:3911:FR1:2023
1,primary_policy,adaptation,pts:42412:985:GB1:2023
1,primary_policy,adaptation,pts:286779:2687:ES1:2023
1,primary_policy,adaptation,pts:81999:418:ES1:2023
1,primary_policy,adaptation,pts:82009:89:L1:2023
1,primary_policy,adaptation,pts:527698:367:ES1:2023
1,primary_policy,adaptation,pts:39983:89:L1:2023
1,primary_policy,adaptation,pts:279009:39:L1:2023
1,primary_policy,adaptation,pts:332179:2919:IT1:2023
1,primary_policy,adaptation,pts:396894:2687:ES1:2023
1,primary_policy,adaptation,pts:369267:3524:FR1:2023
1,primary_policy,adaptation,pts:82048:1005:IT1:2023
1,primary_policy,adaptation,pts:66100:131:ES1:2023
1,primary_policy,adaptation,pts:399543:1005:IT1:2023
1,primary_policy,adaptation,pts:277635:2687:ES1:2023
1,primary_policy,adaptation,pts:195171:6574:IT1:2023
1,primary_policy,adaptation,pts:251845:1049:ES1:2023
1,primary_policy,adaptation,pts:256429:2687:ES1:2023
1,primary_policy,adaptation,pts:257751:749:IT1:2023
1,primary_policy,adaptation,pts:186988:167:L1:2023
1,primary_policy,adaptation,pts:182618:1158:FR1:2023
1,primary_policy,adaptation,pts:203842:749:IT1:2023
1,primary_policy,adaptation,pts:284884:3709:ES1:2023
2,all_season_arrivals,opportunity,pts:56810:162:FR1:2018
2,all_season_arrivals,opportunity,pts:236041:1416:FR1:2018
2,all_season_arrivals,opportunity,pts:199258:2722:IT1:2018
2,all_season_arrivals,opportunity,pts:122797:969:FR1:2018
2,all_season_arrivals,opportunity,pts:32113:416:IT1:2018
2,all_season_arrivals,opportunity,pts:66934:873:GB1:2018
2,all_season_arrivals,opportunity,pts:170544:417:FR1:2018
2,all_season_arrivals,opportunity,pts:134294:180:GB1:2018
2,all_season_arrivals,opportunity,pts:95641:1108:ES1:2018
2,all_season_arrivals,opportunity,pts:191987:995:FR1:2018
2,all_season_arrivals,opportunity,pts:581781:2969:FR1:2018
2,all_season_arrivals,opportunity,pts:302991:3368:ES1:2018
2,all_season_arrivals,opportunity,pts:44059:252:IT1:2018
2,all_season_arrivals,opportunity,pts:38607:6574:IT1:2018
2,all_season_arrivals,opportunity,pts:181378:969:FR1:2018
2,all_season_arrivals,opportunity,pts:129476:1010:GB1:2018
2,all_season_arrivals,opportunity,pts:163222:1038:IT1:2018
2,all_season_arrivals,opportunity,pts:70245:3709:ES1:2018
2,all_season_arrivals,opportunity,pts:281755:3709:ES1:2018
2,all_season_arrivals,opportunity,pts:319160:1038:IT1:2018
2,all_season_arrivals,opportunity,pts:178313:162:FR1:2018
2,all_season_arrivals,opportunity,pts:42412:1003:GB1:2018
2,all_season_arrivals,opportunity,pts:241229:244:FR1:2018
2,all_season_arrivals,opportunity,pts:126719:583:FR1:2018
2,all_season_arrivals,opportunity,pts:335147:969:FR1:2018
2,all_season_arrivals,opportunity,pts:127076:82:L1:2018
2,all_season_arrivals,opportunity,pts:238752:46:IT1:2018
2,all_season_arrivals,opportunity,pts:197126:621:ES1:2018
2,all_season_arrivals,opportunity,pts:68864:244:FR1:2018
2,all_season_arrivals,opportunity,pts:124902:6574:IT1:2018
2,all_season_arrivals,opportunity,pts:183031:416:IT1:2018
2,all_season_arrivals,opportunity,pts:27389:1049:ES1:2018
2,all_season_arrivals,opportunity,pts:427161:667:FR1:2018
2,all_season_arrivals,opportunity,pts:236400:1041:FR1:2018
2,all_season_arrivals,opportunity,pts:56100:1237:GB1:2018
2,all_season_arrivals,opportunity,pts:39983:506:IT1:2018
2,all_season_arrivals,opportunity,pts:111347:1038:IT1:2018
2,all_season_arrivals,opportunity,pts:73185:379:GB1:2018
2,all_season_arrivals,opportunity,pts:74228:12321:ES1:2018
2,all_season_arrivals,opportunity,pts:99232:410:IT1:2018
2,all_season_arrivals,opportunity,pts:45146:244:FR1:2018
2,all_season_arrivals,opportunity,pts:112935:33:L1:2018
2,all_season_arrivals,opportunity,pts:483573:1108:ES1:2018
2,all_season_arrivals,opportunity,pts:68645:1237:GB1:2018
2,all_season_arrivals,opportunity,pts:28140:415:FR1:2018
2,all_season_arrivals,opportunity,pts:60542:368:ES1:2018
2,all_season_arrivals,opportunity,pts:40633:398:IT1:2018
2,all_season_arrivals,opportunity,pts:223725:368:ES1:2018
2,all_season_arrivals,opportunity,pts:302215:31:GB1:2018
2,all_season_arrivals,opportunity,pts:59631:162:FR1:2018
2,all_season_arrivals,opportunity,pts:82048:1025:IT1:2018
2,all_season_arrivals,opportunity,pts:60577:416:IT1:2018
2,all_season_arrivals,opportunity,pts:136610:855:FR1:2018
2,all_season_arrivals,opportunity,pts:314295:167:L1:2018
2,all_season_arrivals,opportunity,pts:88909:1038:IT1:2018
2,all_season_arrivals,opportunity,pts:85383:1049:ES1:2018
2,all_season_arrivals,opportunity,pts:195171:5:IT1:2018
2,all_season_arrivals,opportunity,pts:432772:162:FR1:2018
2,all_season_arrivals,opportunity,pts:432772:667:FR1:2018
2,all_season_arrivals,opportunity,pts:199369:681:ES1:2018
2,all_season_arrivals,opportunity,pts:130360:6195:IT1:2018
2,all_season_arrivals,opportunity,pts:34322:11:GB1:2018
2,all_season_arrivals,opportunity,pts:167859:252:IT1:2018
2,all_season_arrivals,opportunity,pts:73734:12:IT1:2018
2,all_season_arrivals,opportunity,pts:170953:1420:FR1:2018
2,all_season_arrivals,opportunity,pts:238716:1420:FR1:2018
2,all_season_arrivals,opportunity,pts:182618:5:IT1:2018
2,all_season_arrivals,opportunity,pts:126687:995:FR1:2018
2,all_season_arrivals,opportunity,pts:65467:1050:ES1:2018
2,all_season_arrivals,opportunity,pts:103565:618:FR1:2018
2,all_season_arrivals,opportunity,pts:126673:252:IT1:2019
2,all_season_arrivals,opportunity,pts:288318:714:ES1:2019
2,all_season_arrivals,opportunity,pts:130365:1049:ES1:2019
2,all_season_arrivals,opportunity,pts:236041:1416:FR1:2019
2,all_season_arrivals,opportunity,pts:184894:430:IT1:2019
2,all_season_arrivals,opportunity,pts:355501:12:IT1:2019
2,all_season_arrivals,opportunity,pts:199258:2722:IT1:2019
2,all_season_arrivals,opportunity,pts:122797:969:FR1:2019
2,all_season_arrivals,opportunity,pts:14086:46:IT1:2019
2,all_season_arrivals,opportunity,pts:64598:714:ES1:2019
2,all_season_arrivals,opportunity,pts:134294:180:GB1:2019
2,all_season_arrivals,opportunity,pts:208167:38:L1:2019
2,all_season_arrivals,opportunity,pts:82070:6195:IT1:2019
2,all_season_arrivals,opportunity,pts:288241:40:FR1:2019
2,all_season_arrivals,opportunity,pts:302991:3709:ES1:2019
2,all_season_arrivals,opportunity,pts:44059:2722:IT1:2019
2,all_season_arrivals,opportunity,pts:165873:366:ES1:2019
2,all_season_arrivals,opportunity,pts:38607:2722:IT1:2019
2,all_season_arrivals,opportunity,pts:202278:273:FR1:2019
2,all_season_arrivals,opportunity,pts:84765:6574:IT1:2019
2,all_season_arrivals,opportunity,pts:146752:130:IT1:2019
2,all_season_arrivals,opportunity,pts:162056:3368:ES1:2019
2,all_season_arrivals,opportunity,pts:163222:6574:IT1:2019
2,all_season_arrivals,opportunity,pts:635336:995:FR1:2019
2,all_season_arrivals,opportunity,pts:319160:1038:IT1:2019
2,all_season_arrivals,opportunity,pts:65318:1049:ES1:2019
2,all_season_arrivals,opportunity,pts:178313:618:FR1:2019
2,all_season_arrivals,opportunity,pts:251896:543:GB1:2019
2,all_season_arrivals,opportunity,pts:127142:273:FR1:2019
2,all_season_arrivals,opportunity,pts:118284:969:FR1:2019
2,all_season_arrivals,opportunity,pts:164771:12:IT1:2019
2,all_season_arrivals,opportunity,pts:81999:1108:ES1:2019
2,all_season_arrivals,opportunity,pts:131708:1244:ES1:2019
2,all_season_arrivals,opportunity,pts:84435:86:L1:2019
2,all_season_arrivals,opportunity,pts:183031:416:IT1:2019
2,all_season_arrivals,opportunity,pts:104752:6195:IT1:2019
2,all_season_arrivals,opportunity,pts:111347:1038:IT1:2019
2,all_season_arrivals,opportunity,pts:73185:1108:ES1:2019
2,all_season_arrivals,opportunity,pts:99232:2722:IT1:2019
2,all_season_arrivals,opportunity,pts:39728:16:L1:2019
2,all_season_arrivals,opportunity,pts:176139:1025:IT1:2019
2,all_season_arrivals,opportunity,pts:396894:1049:ES1:2019
2,all_season_arrivals,opportunity,pts:40633:430:IT1:2019
2,all_season_arrivals,opportunity,pts:203496:150:ES1:2019
2,all_season_arrivals,opportunity,pts:82048:1025:IT1:2019
2,all_season_arrivals,opportunity,pts:74230:583:FR1:2019
2,all_season_arrivals,opportunity,pts:101213:6574:IT1:2019
2,all_season_arrivals,opportunity,pts:80444:27:L1:2019
2,all_season_arrivals,opportunity,pts:162038:714:ES1:2019
2,all_season_arrivals,opportunity,pts:314295:167:L1:2019
2,all_season_arrivals,opportunity,pts:399543:40:FR1:2019
2,all_season_arrivals,opportunity,pts:88909:252:IT1:2019
2,all_season_arrivals,opportunity,pts:99352:40:FR1:2019
2,all_season_arrivals,opportunity,pts:238868:1050:ES1:2019
2,all_season_arrivals,opportunity,pts:199369:366:ES1:2019
2,all_season_arrivals,opportunity,pts:44466:24:L1:2019
2,all_season_arrivals,opportunity,pts:130360:416:IT1:2019
2,all_season_arrivals,opportunity,pts:216179:46:IT1:2019
2,all_season_arrivals,opportunity,pts:167859:252:IT1:2019
2,all_season_arrivals,opportunity,pts:73734:273:FR1:2019
2,all_season_arrivals,opportunity,pts:111961:368:ES1:2019
2,all_season_arrivals,opportunity,pts:182618:162:FR1:2019
2,all_season_arrivals,opportunity,pts:127156:969:FR1:2019
2,all_season_arrivals,opportunity,pts:146854:162:FR1:2019
2,all_season_arrivals,opportunity,pts:274484:1041:FR1:2019
2,all_season_arrivals,opportunity,pts:43512:86:L1:2019
2,all_season_arrivals,opportunity,pts:43530:1237:GB1:2020
2,all_season_arrivals,opportunity,pts:126673:1025:IT1:2020
2,all_season_arrivals,opportunity,pts:56810:1038:IT1:2020
2,all_season_arrivals,opportunity,pts:130365:583:FR1:2020
2,all_season_arrivals,opportunity,pts:184894:1390:IT1:2020
2,all_season_arrivals,opportunity,pts:184894:430:IT1:2020
2,all_season_arrivals,opportunity,pts:481834:1390:IT1:2020
2,all_season_arrivals,opportunity,pts:25488:1038:IT1:2020
2,all_season_arrivals,opportunity,pts:272261:276:IT1:2020
2,all_season_arrivals,opportunity,pts:468002:379:GB1:2020
2,all_season_arrivals,opportunity,pts:216464:681:ES1:2020
2,all_season_arrivals,opportunity,pts:58396:86:L1:2020
2,all_season_arrivals,opportunity,pts:170544:3911:FR1:2020
2,all_season_arrivals,opportunity,pts:121477:379:GB1:2020
2,all_season_arrivals,opportunity,pts:129476:410:IT1:2020
2,all_season_arrivals,opportunity,pts:57280:430:IT1:2020
2,all_season_arrivals,opportunity,pts:310458:276:IT1:2020
2,all_season_arrivals,opportunity,pts:266795:398:IT1:2020
2,all_season_arrivals,opportunity,pts:163222:6574:IT1:2020
2,all_season_arrivals,opportunity,pts:32467:368:ES1:2020
2,all_season_arrivals,opportunity,pts:251848:1108:ES1:2020
2,all_season_arrivals,opportunity,pts:182875:995:FR1:2020
2,all_season_arrivals,opportunity,pts:178313:667:FR1:2020
2,all_season_arrivals,opportunity,pts:148262:762:GB1:2020
2,all_season_arrivals,opportunity,pts:251896:16795:ES1:2020
2,all_season_arrivals,opportunity,pts:164771:12:IT1:2020
2,all_season_arrivals,opportunity,pts:61253:430:IT1:2020
2,all_season_arrivals,opportunity,pts:238752:1038:IT1:2020
2,all_season_arrivals,opportunity,pts:197126:366:ES1:2020
2,all_season_arrivals,opportunity,pts:131951:276:IT1:2020
2,all_season_arrivals,opportunity,pts:68864:252:IT1:2020
2,all_season_arrivals,opportunity,pts:82009:162:FR1:2020
2,all_season_arrivals,opportunity,pts:527698:366:ES1:2020
2,all_season_arrivals,opportunity,pts:111347:1038:IT1:2020
2,all_season_arrivals,opportunity,pts:505194:1003:GB1:2020
2,all_season_arrivals,opportunity,pts:68645:150:ES1:2020
2,all_season_arrivals,opportunity,pts:332179:800:IT1:2020
2,all_season_arrivals,opportunity,pts:176139:130:IT1:2020
2,all_season_arrivals,opportunity,pts:176139:252:IT1:2020
2,all_season_arrivals,opportunity,pts:88682:1041:FR1:2020
2,all_season_arrivals,opportunity,pts:88683:252:IT1:2020
2,all_season_arrivals,opportunity,pts:60542:16795:ES1:2020
2,all_season_arrivals,opportunity,pts:40633:252:IT1:2020
2,all_season_arrivals,opportunity,pts:44162:131:ES1:2020
2,all_season_arrivals,opportunity,pts:56818:417:FR1:2020
2,all_season_arrivals,opportunity,pts:20005:368:ES1:2020
2,all_season_arrivals,opportunity,pts:569866:681:ES1:2020
2,all_season_arrivals,opportunity,pts:94201:89:L1:2020
2,all_season_arrivals,opportunity,pts:130360:416:IT1:2020
2,all_season_arrivals,opportunity,pts:216179:46:IT1:2020
2,all_season_arrivals,opportunity,pts:167859:276:IT1:2020
2,all_season_arrivals,opportunity,pts:340328:969:FR1:2020
2,all_season_arrivals,opportunity,pts:111961:368:ES1:2020
2,all_season_arrivals,opportunity,pts:60444:31:GB1:2020
2,all_season_arrivals,opportunity,pts:265763:347:FR1:2020
2,all_season_arrivals,opportunity,pts:182618:6195:IT1:2020
2,all_season_arrivals,opportunity,pts:282349:33:L1:2020
2,all_season_arrivals,opportunity,pts:315131:15:L1:2020
2,all_season_arrivals,opportunity,pts:284595:1038:IT1:2020
2,all_season_arrivals,opportunity,pts:63494:1050:ES1:2020
2,all_season_arrivals,opportunity,pts:284884:368:ES1:2020
2,all_season_arrivals,opportunity,pts:43512:86:L1:2020
2,all_season_arrivals,opportunity,pts:126673:1025:IT1:2021
2,all_season_arrivals,opportunity,pts:130365:5:IT1:2021
2,all_season_arrivals,opportunity,pts:395083:1421:FR1:2021
2,all_season_arrivals,opportunity,pts:61842:29:GB1:2021
2,all_season_arrivals,opportunity,pts:122797:417:FR1:2021
2,all_season_arrivals,opportunity,pts:25488:1038:IT1:2021
2,all_season_arrivals,opportunity,pts:272261:276:IT1:2021
2,all_season_arrivals,opportunity,pts:14086:405:GB1:2021
2,all_season_arrivals,opportunity,pts:344605:1003:GB1:2021
2,all_season_arrivals,opportunity,pts:215118:405:GB1:2021
2,all_season_arrivals,opportunity,pts:159844:24:L1:2021
2,all_season_arrivals,opportunity,pts:121477:379:GB1:2021
2,all_season_arrivals,opportunity,pts:134883:1390:IT1:2021
2,all_season_arrivals,opportunity,pts:134294:405:GB1:2021
2,all_season_arrivals,opportunity,pts:207929:29:GB1:2021
2,all_season_arrivals,opportunity,pts:562049:12:IT1:2021
2,all_season_arrivals,opportunity,pts:90681:618:FR1:2021
2,all_season_arrivals,opportunity,pts:307519:2687:ES1:2021
2,all_season_arrivals,opportunity,pts:84765:1038:IT1:2021
2,all_season_arrivals,opportunity,pts:181378:273:FR1:2021
2,all_season_arrivals,opportunity,pts:310458:1038:IT1:2021
2,all_season_arrivals,opportunity,pts:310458:276:IT1:2021
2,all_season_arrivals,opportunity,pts:146752:276:IT1:2021
2,all_season_arrivals,opportunity,pts:266795:1108:ES1:2021
2,all_season_arrivals,opportunity,pts:173900:1049:ES1:2021
2,all_season_arrivals,opportunity,pts:319160:3709:ES1:2021
2,all_season_arrivals,opportunity,pts:315125:40:FR1:2021
2,all_season_arrivals,opportunity,pts:471474:331:ES1:2021
2,all_season_arrivals,opportunity,pts:178313:667:FR1:2021
2,all_season_arrivals,opportunity,pts:241229:417:FR1:2021
2,all_season_arrivals,opportunity,pts:93704:40:FR1:2021
2,all_season_arrivals,opportunity,pts:238752:1390:IT1:2021
2,all_season_arrivals,opportunity,pts:131951:276:IT1:2021
2,all_season_arrivals,opportunity,pts:94137:89:L1:2021
2,all_season_arrivals,opportunity,pts:68864:1390:IT1:2021
2,all_season_arrivals,opportunity,pts:527698:1531:ES1:2021
2,all_season_arrivals,opportunity,pts:27389:667:FR1:2021
2,all_season_arrivals,opportunity,pts:309393:10:L1:2021
2,all_season_arrivals,opportunity,pts:352392:667:FR1:2021
2,all_season_arrivals,opportunity,pts:73185:1531:ES1:2021
2,all_season_arrivals,opportunity,pts:73185:2687:ES1:2021
2,all_season_arrivals,opportunity,pts:47713:969:FR1:2021
2,all_season_arrivals,opportunity,pts:527350:1108:ES1:2021
2,all_season_arrivals,opportunity,pts:279009:44:L1:2021
2,all_season_arrivals,opportunity,pts:481084:1049:ES1:2021
2,all_season_arrivals,opportunity,pts:112935:3:L1:2021
2,all_season_arrivals,opportunity,pts:143559:430:IT1:2021
2,all_season_arrivals,opportunity,pts:459655:1390:IT1:2021
2,all_season_arrivals,opportunity,pts:459655:800:IT1:2021
2,all_season_arrivals,opportunity,pts:570817:1421:FR1:2021
2,all_season_arrivals,opportunity,pts:131731:3522:IT1:2021
2,all_season_arrivals,opportunity,pts:85393:1025:IT1:2021
2,all_season_arrivals,opportunity,pts:124715:252:IT1:2021
2,all_season_arrivals,opportunity,pts:80444:405:GB1:2021
2,all_season_arrivals,opportunity,pts:164770:985:GB1:2021
2,all_season_arrivals,opportunity,pts:247250:2687:ES1:2021
2,all_season_arrivals,opportunity,pts:85383:2687:ES1:2021
2,all_season_arrivals,opportunity,pts:199369:3709:ES1:2021
2,all_season_arrivals,opportunity,pts:127032:1050:ES1:2021
2,all_season_arrivals,opportunity,pts:216179:1038:IT1:2021
2,all_season_arrivals,opportunity,pts:182618:5:IT1:2021
2,all_season_arrivals,opportunity,pts:67082:3709:ES1:2021
2,all_season_arrivals,opportunity,pts:135492:150:ES1:2021
2,all_season_arrivals,opportunity,pts:111630:368:ES1:2021
2,all_season_arrivals,opportunity,pts:284884:3709:ES1:2021
2,all_season_arrivals,opportunity,pts:327863:1082:FR1:2022
2,all_season_arrivals,opportunity,pts:130365:5:IT1:2022
2,all_season_arrivals,opportunity,pts:750886:1095:FR1:2022
2,all_season_arrivals,opportunity,pts:395083:1421:FR1:2022
2,all_season_arrivals,opportunity,pts:395083:416:IT1:2022
2,all_season_arrivals,opportunity,pts:122797:995:FR1:2022
2,all_season_arrivals,opportunity,pts:25488:380:IT1:2022
2,all_season_arrivals,opportunity,pts:272261:430:IT1:2022
2,all_season_arrivals,opportunity,pts:315332:39:L1:2022
2,all_season_arrivals,opportunity,pts:74810:1148:GB1:2022
2,all_season_arrivals,opportunity,pts:128901:29:GB1:2022
2,all_season_arrivals,opportunity,pts:121477:543:GB1:2022
2,all_season_arrivals,opportunity,pts:134294:379:GB1:2022
2,all_season_arrivals,opportunity,pts:148368:5:IT1:2022
2,all_season_arrivals,opportunity,pts:216599:380:IT1:2022
2,all_season_arrivals,opportunity,pts:406806:380:IT1:2022
2,all_season_arrivals,opportunity,pts:364857:969:FR1:2022
2,all_season_arrivals,opportunity,pts:126656:1420:FR1:2022
2,all_season_arrivals,opportunity,pts:307519:2687:ES1:2022
2,all_season_arrivals,opportunity,pts:84765:1038:IT1:2022
2,all_season_arrivals,opportunity,pts:84765:749:IT1:2022
2,all_season_arrivals,opportunity,pts:181378:417:FR1:2022
2,all_season_arrivals,opportunity,pts:79377:79:L1:2022
2,all_season_arrivals,opportunity,pts:353796:380:IT1:2022
2,all_season_arrivals,opportunity,pts:266795:2687:ES1:2022
2,all_season_arrivals,opportunity,pts:249126:1038:IT1:2022
2,all_season_arrivals,opportunity,pts:649452:244:FR1:2022
2,all_season_arrivals,opportunity,pts:178313:667:FR1:2022
2,all_season_arrivals,opportunity,pts:206912:826:FR1:2022
2,all_season_arrivals,opportunity,pts:124732:533:L1:2022
2,all_season_arrivals,opportunity,pts:127142:1082:FR1:2022
2,all_season_arrivals,opportunity,pts:241229:3709:ES1:2022
2,all_season_arrivals,opportunity,pts:164771:244:FR1:2022
2,all_season_arrivals,opportunity,pts:286779:2687:ES1:2022
2,all_season_arrivals,opportunity,pts:197135:2687:ES1:2022
2,all_season_arrivals,opportunity,pts:81999:714:ES1:2022
2,all_season_arrivals,opportunity,pts:335147:380:IT1:2022
2,all_season_arrivals,opportunity,pts:127076:89:L1:2022
2,all_season_arrivals,opportunity,pts:352392:667:FR1:2022
2,all_season_arrivals,opportunity,pts:814976:1421:FR1:2022
2,all_season_arrivals,opportunity,pts:143559:237:ES1:2022
2,all_season_arrivals,opportunity,pts:459655:380:IT1:2022
2,all_season_arrivals,opportunity,pts:197470:3522:IT1:2022
2,all_season_arrivals,opportunity,pts:88683:749:IT1:2022
2,all_season_arrivals,opportunity,pts:570817:1421:FR1:2022
2,all_season_arrivals,opportunity,pts:60542:3524:FR1:2022
2,all_season_arrivals,opportunity,pts:131731:3522:IT1:2022
2,all_season_arrivals,opportunity,pts:855158:995:FR1:2022
2,all_season_arrivals,opportunity,pts:223725:3709:ES1:2022
2,all_season_arrivals,opportunity,pts:74230:543:GB1:2022
2,all_season_arrivals,opportunity,pts:179635:80:L1:2022
2,all_season_arrivals,opportunity,pts:80444:405:GB1:2022
2,all_season_arrivals,opportunity,pts:364133:416:IT1:2022
2,all_season_arrivals,opportunity,pts:162038:367:ES1:2022
2,all_season_arrivals,opportunity,pts:212391:1531:ES1:2022
2,all_season_arrivals,opportunity,pts:212391:2687:ES1:2022
2,all_season_arrivals,opportunity,pts:247250:2687:ES1:2022
2,all_season_arrivals,opportunity,pts:238868:331:ES1:2022
2,all_season_arrivals,opportunity,pts:195171:1049:ES1:2022
2,all_season_arrivals,opportunity,pts:125614:3:L1:2022
2,all_season_arrivals,opportunity,pts:256429:2687:ES1:2022
2,all_season_arrivals,opportunity,pts:130360:276:IT1:2022
2,all_season_arrivals,opportunity,pts:296879:3:L1:2022
2,all_season_arrivals,opportunity,pts:387234:3522:IT1:2022
2,all_season_arrivals,opportunity,pts:309944:749:IT1:2022
2,all_season_arrivals,opportunity,pts:203842:3522:IT1:2022
2,all_season_arrivals,opportunity,pts:103565:969:FR1:2022
2,all_season_arrivals,opportunity,pts:623040:276:IT1:2022
2,all_season_arrivals,opportunity,pts:284884:940:ES1:2022
2,all_season_arrivals,opportunity,pts:895480:621:ES1:2023
2,all_season_arrivals,opportunity,pts:25488:380:IT1:2023
2,all_season_arrivals,opportunity,pts:82503:367:ES1:2023
2,all_season_arrivals,opportunity,pts:32113:2919:IT1:2023
2,all_season_arrivals,opportunity,pts:14086:29:GB1:2023
2,all_season_arrivals,opportunity,pts:315145:273:FR1:2023
2,all_season_arrivals,opportunity,pts:344605:368:ES1:2023
2,all_season_arrivals,opportunity,pts:159844:23826:L1:2023
2,all_season_arrivals,opportunity,pts:55769:2919:IT1:2023
2,all_season_arrivals,opportunity,pts:73926:430:IT1:2023
2,all_season_arrivals,opportunity,pts:670848:379:GB1:2023
2,all_season_arrivals,opportunity,pts:148368:703:GB1:2023
2,all_season_arrivals,opportunity,pts:241076:749:IT1:2023
2,all_season_arrivals,opportunity,pts:357072:826:FR1:2023
2,all_season_arrivals,opportunity,pts:364857:969:FR1:2023
2,all_season_arrivals,opportunity,pts:456492:3:L1:2023
2,all_season_arrivals,opportunity,pts:489611:749:IT1:2023
2,all_season_arrivals,opportunity,pts:84765:749:IT1:2023
2,all_season_arrivals,opportunity,pts:146752:2919:IT1:2023
2,all_season_arrivals,opportunity,pts:88684:2919:IT1:2023
2,all_season_arrivals,opportunity,pts:266795:2687:ES1:2023
2,all_season_arrivals,opportunity,pts:490223:3302:ES1:2023
2,all_season_arrivals,opportunity,pts:442805:3302:ES1:2023
2,all_season_arrivals,opportunity,pts:162029:940:ES1:2023
2,all_season_arrivals,opportunity,pts:468066:6195:IT1:2023
2,all_season_arrivals,opportunity,pts:127142:3911:FR1:2023
2,all_season_arrivals,opportunity,pts:42412:985:GB1:2023
2,all_season_arrivals,opportunity,pts:241229:3911:FR1:2023
2,all_season_arrivals,opportunity,pts:286779:2687:ES1:2023
2,all_season_arrivals,opportunity,pts:81999:418:ES1:2023
2,all_season_arrivals,opportunity,pts:93704:39:L1:2023
2,all_season_arrivals,opportunity,pts:585700:150:ES1:2023
2,all_season_arrivals,opportunity,pts:26485:380:IT1:2023
2,all_season_arrivals,opportunity,pts:84435:89:L1:2023
2,all_season_arrivals,opportunity,pts:82009:89:L1:2023
2,all_season_arrivals,opportunity,pts:527698:367:ES1:2023
2,all_season_arrivals,opportunity,pts:39983:89:L1:2023
2,all_season_arrivals,opportunity,pts:240219:1005:IT1:2023
2,all_season_arrivals,opportunity,pts:279009:39:L1:2023
2,all_season_arrivals,opportunity,pts:459655:416:IT1:2023
2,all_season_arrivals,opportunity,pts:332179:2919:IT1:2023
2,all_season_arrivals,opportunity,pts:396894:2687:ES1:2023
2,all_season_arrivals,opportunity,pts:369267:3524:FR1:2023
2,all_season_arrivals,opportunity,pts:307924:167:L1:2023
2,all_season_arrivals,opportunity,pts:307924:533:L1:2023
2,all_season_arrivals,opportunity,pts:302215:86:L1:2023
2,all_season_arrivals,opportunity,pts:82048:1005:IT1:2023
2,all_season_arrivals,opportunity,pts:66100:131:ES1:2023
2,all_season_arrivals,opportunity,pts:20005:2919:IT1:2023
2,all_season_arrivals,opportunity,pts:429901:1041:FR1:2023
2,all_season_arrivals,opportunity,pts:399543:1005:IT1:2023
2,all_season_arrivals,opportunity,pts:88909:276:IT1:2023
2,all_season_arrivals,opportunity,pts:277635:2687:ES1:2023
2,all_season_arrivals,opportunity,pts:195171:6574:IT1:2023
2,all_season_arrivals,opportunity,pts:126540:1082:FR1:2023
2,all_season_arrivals,opportunity,pts:377219:1049:ES1:2023
2,all_season_arrivals,opportunity,pts:251845:1049:ES1:2023
2,all_season_arrivals,opportunity,pts:256429:2687:ES1:2023
2,all_season_arrivals,opportunity,pts:355627:1421:FR1:2023
2,all_season_arrivals,opportunity,pts:257751:749:IT1:2023
2,all_season_arrivals,opportunity,pts:1004618:995:FR1:2023
2,all_season_arrivals,opportunity,pts:186988:167:L1:2023
2,all_season_arrivals,opportunity,pts:387234:749:IT1:2023
2,all_season_arrivals,opportunity,pts:182618:1158:FR1:2023
2,all_season_arrivals,opportunity,pts:203842:749:IT1:2023
2,all_season_arrivals,opportunity,pts:284884:3709:ES1:2023
2,all_season_arrivals,performance,pts:56810:162:FR1:2018
2,all_season_arrivals,performance,pts:236041:1416:FR1:2018
2,all_season_arrivals,performance,pts:199258:2722:IT1:2018
2,all_season_arrivals,performance,pts:122797:969:FR1:2018
2,all_season_arrivals,performance,pts:32113:416:IT1:2018
2,all_season_arrivals,performance,pts:66934:873:GB1:2018
2,all_season_arrivals,performance,pts:170544:417:FR1:2018
2,all_season_arrivals,performance,pts:134294:180:GB1:2018
2,all_season_arrivals,performance,pts:95641:1108:ES1:2018
2,all_season_arrivals,performance,pts:191987:995:FR1:2018
2,all_season_arrivals,performance,pts:581781:2969:FR1:2018
2,all_season_arrivals,performance,pts:302991:3368:ES1:2018
2,all_season_arrivals,performance,pts:44059:252:IT1:2018
2,all_season_arrivals,performance,pts:38607:6574:IT1:2018
2,all_season_arrivals,performance,pts:181378:969:FR1:2018
2,all_season_arrivals,performance,pts:129476:1010:GB1:2018
2,all_season_arrivals,performance,pts:163222:1038:IT1:2018
2,all_season_arrivals,performance,pts:319160:1038:IT1:2018
2,all_season_arrivals,performance,pts:178313:162:FR1:2018
2,all_season_arrivals,performance,pts:42412:1003:GB1:2018
2,all_season_arrivals,performance,pts:241229:244:FR1:2018
2,all_season_arrivals,performance,pts:126719:583:FR1:2018
2,all_season_arrivals,performance,pts:335147:969:FR1:2018
2,all_season_arrivals,performance,pts:127076:82:L1:2018
2,all_season_arrivals,performance,pts:238752:46:IT1:2018
2,all_season_arrivals,performance,pts:68864:244:FR1:2018
2,all_season_arrivals,performance,pts:124902:6574:IT1:2018
2,all_season_arrivals,performance,pts:183031:416:IT1:2018
2,all_season_arrivals,performance,pts:27389:1049:ES1:2018
2,all_season_arrivals,performance,pts:427161:667:FR1:2018
2,all_season_arrivals,performance,pts:236400:1041:FR1:2018
2,all_season_arrivals,performance,pts:56100:1237:GB1:2018
2,all_season_arrivals,performance,pts:39983:506:IT1:2018
2,all_season_arrivals,performance,pts:111347:1038:IT1:2018
2,all_season_arrivals,performance,pts:73185:379:GB1:2018
2,all_season_arrivals,performance,pts:74228:12321:ES1:2018
2,all_season_arrivals,performance,pts:99232:410:IT1:2018
2,all_season_arrivals,performance,pts:45146:244:FR1:2018
2,all_season_arrivals,performance,pts:112935:33:L1:2018
2,all_season_arrivals,performance,pts:483573:1108:ES1:2018
2,all_season_arrivals,performance,pts:68645:1237:GB1:2018
2,all_season_arrivals,performance,pts:28140:415:FR1:2018
2,all_season_arrivals,performance,pts:60542:368:ES1:2018
2,all_season_arrivals,performance,pts:40633:398:IT1:2018
2,all_season_arrivals,performance,pts:223725:368:ES1:2018
2,all_season_arrivals,performance,pts:302215:31:GB1:2018
2,all_season_arrivals,performance,pts:59631:162:FR1:2018
2,all_season_arrivals,performance,pts:82048:1025:IT1:2018
2,all_season_arrivals,performance,pts:60577:416:IT1:2018
2,all_season_arrivals,performance,pts:314295:167:L1:2018
2,all_season_arrivals,performance,pts:88909:1038:IT1:2018
2,all_season_arrivals,performance,pts:195171:5:IT1:2018
2,all_season_arrivals,performance,pts:432772:162:FR1:2018
2,all_season_arrivals,performance,pts:199369:681:ES1:2018
2,all_season_arrivals,performance,pts:130360:6195:IT1:2018
2,all_season_arrivals,performance,pts:34322:11:GB1:2018
2,all_season_arrivals,performance,pts:73734:12:IT1:2018
2,all_season_arrivals,performance,pts:170953:1420:FR1:2018
2,all_season_arrivals,performance,pts:238716:1420:FR1:2018
2,all_season_arrivals,performance,pts:182618:5:IT1:2018
2,all_season_arrivals,performance,pts:65467:1050:ES1:2018
2,all_season_arrivals,performance,pts:103565:618:FR1:2018
2,all_season_arrivals,performance,pts:126673:252:IT1:2019
2,all_season_arrivals,performance,pts:288318:714:ES1:2019
2,all_season_arrivals,performance,pts:130365:1049:ES1:2019
2,all_season_arrivals,performance,pts:236041:1416:FR1:2019
2,all_season_arrivals,performance,pts:184894:430:IT1:2019
2,all_season_arrivals,performance,pts:355501:12:IT1:2019
2,all_season_arrivals,performance,pts:199258:2722:IT1:2019
2,all_season_arrivals,performance,pts:122797:969:FR1:2019
2,all_season_arrivals,performance,pts:14086:46:IT1:2019
2,all_season_arrivals,performance,pts:64598:714:ES1:2019
2,all_season_arrivals,performance,pts:134294:180:GB1:2019
2,all_season_arrivals,performance,pts:208167:38:L1:2019
2,all_season_arrivals,performance,pts:82070:6195:IT1:2019
2,all_season_arrivals,performance,pts:288241:40:FR1:2019
2,all_season_arrivals,performance,pts:165873:366:ES1:2019
2,all_season_arrivals,performance,pts:38607:2722:IT1:2019
2,all_season_arrivals,performance,pts:202278:273:FR1:2019
2,all_season_arrivals,performance,pts:84765:6574:IT1:2019
2,all_season_arrivals,performance,pts:146752:130:IT1:2019
2,all_season_arrivals,performance,pts:162056:3368:ES1:2019
2,all_season_arrivals,performance,pts:163222:6574:IT1:2019
2,all_season_arrivals,performance,pts:635336:995:FR1:2019
2,all_season_arrivals,performance,pts:319160:1038:IT1:2019
2,all_season_arrivals,performance,pts:65318:1049:ES1:2019
2,all_season_arrivals,performance,pts:178313:618:FR1:2019
2,all_season_arrivals,performance,pts:118284:969:FR1:2019
2,all_season_arrivals,performance,pts:164771:12:IT1:2019
2,all_season_arrivals,performance,pts:81999:1108:ES1:2019
2,all_season_arrivals,performance,pts:131708:1244:ES1:2019
2,all_season_arrivals,performance,pts:84435:86:L1:2019
2,all_season_arrivals,performance,pts:183031:416:IT1:2019
2,all_season_arrivals,performance,pts:104752:6195:IT1:2019
2,all_season_arrivals,performance,pts:111347:1038:IT1:2019
2,all_season_arrivals,performance,pts:73185:1108:ES1:2019
2,all_season_arrivals,performance,pts:99232:2722:IT1:2019
2,all_season_arrivals,performance,pts:39728:16:L1:2019
2,all_season_arrivals,performance,pts:176139:1025:IT1:2019
2,all_season_arrivals,performance,pts:396894:1049:ES1:2019
2,all_season_arrivals,performance,pts:40633:430:IT1:2019
2,all_season_arrivals,performance,pts:203496:150:ES1:2019
2,all_season_arrivals,performance,pts:82048:1025:IT1:2019
2,all_season_arrivals,performance,pts:74230:583:FR1:2019
2,all_season_arrivals,performance,pts:101213:6574:IT1:2019
2,all_season_arrivals,performance,pts:80444:27:L1:2019
2,all_season_arrivals,performance,pts:162038:714:ES1:2019
2,all_season_arrivals,performance,pts:399543:40:FR1:2019
2,all_season_arrivals,performance,pts:238868:1050:ES1:2019
2,all_season_arrivals,performance,pts:199369:366:ES1:2019
2,all_season_arrivals,performance,pts:44466:24:L1:2019
2,all_season_arrivals,performance,pts:130360:416:IT1:2019
2,all_season_arrivals,performance,pts:216179:46:IT1:2019
2,all_season_arrivals,performance,pts:167859:252:IT1:2019
2,all_season_arrivals,performance,pts:111961:368:ES1:2019
2,all_season_arrivals,performance,pts:182618:162:FR1:2019
2,all_season_arrivals,performance,pts:127156:969:FR1:2019
2,all_season_arrivals,performance,pts:146854:162:FR1:2019
2,all_season_arrivals,performance,pts:274484:1041:FR1:2019
2,all_season_arrivals,performance,pts:43512:86:L1:2019
2,all_season_arrivals,performance,pts:43530:1237:GB1:2020
2,all_season_arrivals,performance,pts:126673:1025:IT1:2020
2,all_season_arrivals,performance,pts:56810:1038:IT1:2020
2,all_season_arrivals,performance,pts:130365:583:FR1:2020
2,all_season_arrivals,performance,pts:184894:1390:IT1:2020
2,all_season_arrivals,performance,pts:481834:1390:IT1:2020
2,all_season_arrivals,performance,pts:25488:1038:IT1:2020
2,all_season_arrivals,performance,pts:272261:276:IT1:2020
2,all_season_arrivals,performance,pts:468002:379:GB1:2020
2,all_season_arrivals,performance,pts:58396:86:L1:2020
2,all_season_arrivals,performance,pts:170544:3911:FR1:2020
2,all_season_arrivals,performance,pts:121477:379:GB1:2020
2,all_season_arrivals,performance,pts:129476:410:IT1:2020
2,all_season_arrivals,performance,pts:57280:430:IT1:2020
2,all_season_arrivals,performance,pts:310458:276:IT1:2020
2,all_season_arrivals,performance,pts:266795:398:IT1:2020
2,all_season_arrivals,performance,pts:163222:6574:IT1:2020
2,all_season_arrivals,performance,pts:32467:368:ES1:2020
2,all_season_arrivals,performance,pts:182875:995:FR1:2020
2,all_season_arrivals,performance,pts:178313:667:FR1:2020
2,all_season_arrivals,performance,pts:148262:762:GB1:2020
2,all_season_arrivals,performance,pts:251896:16795:ES1:2020
2,all_season_arrivals,performance,pts:164771:12:IT1:2020
2,all_season_arrivals,performance,pts:61253:430:IT1:2020
2,all_season_arrivals,performance,pts:238752:1038:IT1:2020
2,all_season_arrivals,performance,pts:197126:366:ES1:2020
2,all_season_arrivals,performance,pts:131951:276:IT1:2020
2,all_season_arrivals,performance,pts:68864:252:IT1:2020
2,all_season_arrivals,performance,pts:82009:162:FR1:2020
2,all_season_arrivals,performance,pts:527698:366:ES1:2020
2,all_season_arrivals,performance,pts:111347:1038:IT1:2020
2,all_season_arrivals,performance,pts:505194:1003:GB1:2020
2,all_season_arrivals,performance,pts:332179:800:IT1:2020
2,all_season_arrivals,performance,pts:176139:130:IT1:2020
2,all_season_arrivals,performance,pts:176139:252:IT1:2020
2,all_season_arrivals,performance,pts:88682:1041:FR1:2020
2,all_season_arrivals,performance,pts:88683:252:IT1:2020
2,all_season_arrivals,performance,pts:60542:16795:ES1:2020
2,all_season_arrivals,performance,pts:40633:252:IT1:2020
2,all_season_arrivals,performance,pts:44162:131:ES1:2020
2,all_season_arrivals,performance,pts:56818:417:FR1:2020
2,all_season_arrivals,performance,pts:20005:368:ES1:2020
2,all_season_arrivals,performance,pts:569866:681:ES1:2020
2,all_season_arrivals,performance,pts:94201:89:L1:2020
2,all_season_arrivals,performance,pts:130360:416:IT1:2020
2,all_season_arrivals,performance,pts:216179:46:IT1:2020
2,all_season_arrivals,performance,pts:340328:969:FR1:2020
2,all_season_arrivals,performance,pts:111961:368:ES1:2020
2,all_season_arrivals,performance,pts:60444:31:GB1:2020
2,all_season_arrivals,performance,pts:265763:347:FR1:2020
2,all_season_arrivals,performance,pts:182618:6195:IT1:2020
2,all_season_arrivals,performance,pts:282349:33:L1:2020
2,all_season_arrivals,performance,pts:284595:1038:IT1:2020
2,all_season_arrivals,performance,pts:63494:1050:ES1:2020
2,all_season_arrivals,performance,pts:284884:368:ES1:2020
2,all_season_arrivals,performance,pts:43512:86:L1:2020
2,all_season_arrivals,performance,pts:126673:1025:IT1:2021
2,all_season_arrivals,performance,pts:130365:5:IT1:2021
2,all_season_arrivals,performance,pts:395083:1421:FR1:2021
2,all_season_arrivals,performance,pts:61842:29:GB1:2021
2,all_season_arrivals,performance,pts:122797:417:FR1:2021
2,all_season_arrivals,performance,pts:25488:1038:IT1:2021
2,all_season_arrivals,performance,pts:272261:276:IT1:2021
2,all_season_arrivals,performance,pts:14086:405:GB1:2021
2,all_season_arrivals,performance,pts:344605:1003:GB1:2021
2,all_season_arrivals,performance,pts:215118:405:GB1:2021
2,all_season_arrivals,performance,pts:159844:24:L1:2021
2,all_season_arrivals,performance,pts:121477:379:GB1:2021
2,all_season_arrivals,performance,pts:134294:405:GB1:2021
2,all_season_arrivals,performance,pts:90681:618:FR1:2021
2,all_season_arrivals,performance,pts:307519:2687:ES1:2021
2,all_season_arrivals,performance,pts:84765:1038:IT1:2021
2,all_season_arrivals,performance,pts:181378:273:FR1:2021
2,all_season_arrivals,performance,pts:310458:276:IT1:2021
2,all_season_arrivals,performance,pts:146752:276:IT1:2021
2,all_season_arrivals,performance,pts:266795:1108:ES1:2021
2,all_season_arrivals,performance,pts:173900:1049:ES1:2021
2,all_season_arrivals,performance,pts:319160:3709:ES1:2021
2,all_season_arrivals,performance,pts:315125:40:FR1:2021
2,all_season_arrivals,performance,pts:471474:331:ES1:2021
2,all_season_arrivals,performance,pts:178313:667:FR1:2021
2,all_season_arrivals,performance,pts:93704:40:FR1:2021
2,all_season_arrivals,performance,pts:238752:1390:IT1:2021
2,all_season_arrivals,performance,pts:131951:276:IT1:2021
2,all_season_arrivals,performance,pts:68864:1390:IT1:2021
2,all_season_arrivals,performance,pts:527698:1531:ES1:2021
2,all_season_arrivals,performance,pts:27389:667:FR1:2021
2,all_season_arrivals,performance,pts:352392:667:FR1:2021
2,all_season_arrivals,performance,pts:73185:1531:ES1:2021
2,all_season_arrivals,performance,pts:73185:2687:ES1:2021
2,all_season_arrivals,performance,pts:47713:969:FR1:2021
2,all_season_arrivals,performance,pts:279009:44:L1:2021
2,all_season_arrivals,performance,pts:481084:1049:ES1:2021
2,all_season_arrivals,performance,pts:112935:3:L1:2021
2,all_season_arrivals,performance,pts:459655:1390:IT1:2021
2,all_season_arrivals,performance,pts:570817:1421:FR1:2021
2,all_season_arrivals,performance,pts:124715:252:IT1:2021
2,all_season_arrivals,performance,pts:80444:405:GB1:2021
2,all_season_arrivals,performance,pts:164770:985:GB1:2021
2,all_season_arrivals,performance,pts:247250:2687:ES1:2021
2,all_season_arrivals,performance,pts:85383:2687:ES1:2021
2,all_season_arrivals,performance,pts:199369:3709:ES1:2021
2,all_season_arrivals,performance,pts:127032:1050:ES1:2021
2,all_season_arrivals,performance,pts:216179:1038:IT1:2021
2,all_season_arrivals,performance,pts:182618:5:IT1:2021
2,all_season_arrivals,performance,pts:135492:150:ES1:2021
2,all_season_arrivals,performance,pts:111630:368:ES1:2021
2,all_season_arrivals,performance,pts:284884:3709:ES1:2021
2,all_season_arrivals,performance,pts:395083:1421:FR1:2022
2,all_season_arrivals,performance,pts:122797:995:FR1:2022
2,all_season_arrivals,performance,pts:25488:380:IT1:2022
2,all_season_arrivals,performance,pts:272261:430:IT1:2022
2,all_season_arrivals,performance,pts:315332:39:L1:2022
2,all_season_arrivals,performance,pts:74810:1148:GB1:2022
2,all_season_arrivals,performance,pts:128901:29:GB1:2022
2,all_season_arrivals,performance,pts:121477:543:GB1:2022
2,all_season_arrivals,performance,pts:134294:379:GB1:2022
2,all_season_arrivals,performance,pts:148368:5:IT1:2022
2,all_season_arrivals,performance,pts:406806:380:IT1:2022
2,all_season_arrivals,performance,pts:364857:969:FR1:2022
2,all_season_arrivals,performance,pts:126656:1420:FR1:2022
2,all_season_arrivals,performance,pts:307519:2687:ES1:2022
2,all_season_arrivals,performance,pts:84765:1038:IT1:2022
2,all_season_arrivals,performance,pts:84765:749:IT1:2022
2,all_season_arrivals,performance,pts:181378:417:FR1:2022
2,all_season_arrivals,performance,pts:79377:79:L1:2022
2,all_season_arrivals,performance,pts:353796:380:IT1:2022
2,all_season_arrivals,performance,pts:266795:2687:ES1:2022
2,all_season_arrivals,performance,pts:249126:1038:IT1:2022
2,all_season_arrivals,performance,pts:649452:244:FR1:2022
2,all_season_arrivals,performance,pts:178313:667:FR1:2022
2,all_season_arrivals,performance,pts:206912:826:FR1:2022
2,all_season_arrivals,performance,pts:124732:533:L1:2022
2,all_season_arrivals,performance,pts:164771:244:FR1:2022
2,all_season_arrivals,performance,pts:286779:2687:ES1:2022
2,all_season_arrivals,performance,pts:197135:2687:ES1:2022
2,all_season_arrivals,performance,pts:81999:714:ES1:2022
2,all_season_arrivals,performance,pts:335147:380:IT1:2022
2,all_season_arrivals,performance,pts:127076:89:L1:2022
2,all_season_arrivals,performance,pts:352392:667:FR1:2022
2,all_season_arrivals,performance,pts:143559:237:ES1:2022
2,all_season_arrivals,performance,pts:459655:380:IT1:2022
2,all_season_arrivals,performance,pts:197470:3522:IT1:2022
2,all_season_arrivals,performance,pts:88683:749:IT1:2022
2,all_season_arrivals,performance,pts:570817:1421:FR1:2022
2,all_season_arrivals,performance,pts:60542:3524:FR1:2022
2,all_season_arrivals,performance,pts:131731:3522:IT1:2022
2,all_season_arrivals,performance,pts:223725:3709:ES1:2022
2,all_season_arrivals,performance,pts:74230:543:GB1:2022
2,all_season_arrivals,performance,pts:179635:80:L1:2022
2,all_season_arrivals,performance,pts:80444:405:GB1:2022
2,all_season_arrivals,performance,pts:364133:416:IT1:2022
2,all_season_arrivals,performance,pts:162038:367:ES1:2022
2,all_season_arrivals,performance,pts:212391:1531:ES1:2022
2,all_season_arrivals,performance,pts:212391:2687:ES1:2022
2,all_season_arrivals,performance,pts:247250:2687:ES1:2022
2,all_season_arrivals,performance,pts:238868:331:ES1:2022
2,all_season_arrivals,performance,pts:195171:1049:ES1:2022
2,all_season_arrivals,performance,pts:125614:3:L1:2022
2,all_season_arrivals,performance,pts:256429:2687:ES1:2022
2,all_season_arrivals,performance,pts:130360:276:IT1:2022
2,all_season_arrivals,performance,pts:296879:3:L1:2022
2,all_season_arrivals,performance,pts:309944:749:IT1:2022
2,all_season_arrivals,performance,pts:203842:3522:IT1:2022
2,all_season_arrivals,performance,pts:103565:969:FR1:2022
2,all_season_arrivals,performance,pts:623040:276:IT1:2022
2,all_season_arrivals,performance,pts:284884:940:ES1:2022
2,all_season_arrivals,performance,pts:25488:380:IT1:2023
2,all_season_arrivals,performance,pts:82503:367:ES1:2023
2,all_season_arrivals,performance,pts:32113:2919:IT1:2023
2,all_season_arrivals,performance,pts:14086:29:GB1:2023
2,all_season_arrivals,performance,pts:315145:273:FR1:2023
2,all_season_arrivals,performance,pts:344605:368:ES1:2023
2,all_season_arrivals,performance,pts:55769:2919:IT1:2023
2,all_season_arrivals,performance,pts:148368:703:GB1:2023
2,all_season_arrivals,performance,pts:241076:749:IT1:2023
2,all_season_arrivals,performance,pts:364857:969:FR1:2023
2,all_season_arrivals,performance,pts:456492:3:L1:2023
2,all_season_arrivals,performance,pts:489611:749:IT1:2023
2,all_season_arrivals,performance,pts:84765:749:IT1:2023
2,all_season_arrivals,performance,pts:266795:2687:ES1:2023
2,all_season_arrivals,performance,pts:442805:3302:ES1:2023
2,all_season_arrivals,performance,pts:162029:940:ES1:2023
2,all_season_arrivals,performance,pts:468066:6195:IT1:2023
2,all_season_arrivals,performance,pts:127142:3911:FR1:2023
2,all_season_arrivals,performance,pts:42412:985:GB1:2023
2,all_season_arrivals,performance,pts:286779:2687:ES1:2023
2,all_season_arrivals,performance,pts:81999:418:ES1:2023
2,all_season_arrivals,performance,pts:84435:89:L1:2023
2,all_season_arrivals,performance,pts:82009:89:L1:2023
2,all_season_arrivals,performance,pts:527698:367:ES1:2023
2,all_season_arrivals,performance,pts:39983:89:L1:2023
2,all_season_arrivals,performance,pts:279009:39:L1:2023
2,all_season_arrivals,performance,pts:459655:416:IT1:2023
2,all_season_arrivals,performance,pts:332179:2919:IT1:2023
2,all_season_arrivals,performance,pts:396894:2687:ES1:2023
2,all_season_arrivals,performance,pts:369267:3524:FR1:2023
2,all_season_arrivals,performance,pts:82048:1005:IT1:2023
2,all_season_arrivals,performance,pts:66100:131:ES1:2023
2,all_season_arrivals,performance,pts:399543:1005:IT1:2023
2,all_season_arrivals,performance,pts:277635:2687:ES1:2023
2,all_season_arrivals,performance,pts:195171:6574:IT1:2023
2,all_season_arrivals,performance,pts:377219:1049:ES1:2023
2,all_season_arrivals,performance,pts:251845:1049:ES1:2023
2,all_season_arrivals,performance,pts:256429:2687:ES1:2023
2,all_season_arrivals,performance,pts:355627:1421:FR1:2023
2,all_season_arrivals,performance,pts:257751:749:IT1:2023
2,all_season_arrivals,performance,pts:186988:167:L1:2023
2,all_season_arrivals,performance,pts:387234:749:IT1:2023
2,all_season_arrivals,performance,pts:182618:1158:FR1:2023
2,all_season_arrivals,performance,pts:203842:749:IT1:2023
2,all_season_arrivals,performance,pts:284884:3709:ES1:2023
2,all_season_arrivals,adaptation,pts:56810:162:FR1:2018
2,all_season_arrivals,adaptation,pts:236041:1416:FR1:2018
2,all_season_arrivals,adaptation,pts:199258:2722:IT1:2018
2,all_season_arrivals,adaptation,pts:122797:969:FR1:2018
2,all_season_arrivals,adaptation,pts:32113:416:IT1:2018
2,all_season_arrivals,adaptation,pts:66934:873:GB1:2018
2,all_season_arrivals,adaptation,pts:170544:417:FR1:2018
2,all_season_arrivals,adaptation,pts:95641:1108:ES1:2018
2,all_season_arrivals,adaptation,pts:191987:995:FR1:2018
2,all_season_arrivals,adaptation,pts:302991:3368:ES1:2018
2,all_season_arrivals,adaptation,pts:44059:252:IT1:2018
2,all_season_arrivals,adaptation,pts:38607:6574:IT1:2018
2,all_season_arrivals,adaptation,pts:181378:969:FR1:2018
2,all_season_arrivals,adaptation,pts:129476:1010:GB1:2018
2,all_season_arrivals,adaptation,pts:163222:1038:IT1:2018
2,all_season_arrivals,adaptation,pts:319160:1038:IT1:2018
2,all_season_arrivals,adaptation,pts:178313:162:FR1:2018
2,all_season_arrivals,adaptation,pts:42412:1003:GB1:2018
2,all_season_arrivals,adaptation,pts:241229:244:FR1:2018
2,all_season_arrivals,adaptation,pts:126719:583:FR1:2018
2,all_season_arrivals,adaptation,pts:335147:969:FR1:2018
2,all_season_arrivals,adaptation,pts:127076:82:L1:2018
2,all_season_arrivals,adaptation,pts:238752:46:IT1:2018
2,all_season_arrivals,adaptation,pts:68864:244:FR1:2018
2,all_season_arrivals,adaptation,pts:124902:6574:IT1:2018
2,all_season_arrivals,adaptation,pts:183031:416:IT1:2018
2,all_season_arrivals,adaptation,pts:27389:1049:ES1:2018
2,all_season_arrivals,adaptation,pts:427161:667:FR1:2018
2,all_season_arrivals,adaptation,pts:236400:1041:FR1:2018
2,all_season_arrivals,adaptation,pts:56100:1237:GB1:2018
2,all_season_arrivals,adaptation,pts:39983:506:IT1:2018
2,all_season_arrivals,adaptation,pts:73185:379:GB1:2018
2,all_season_arrivals,adaptation,pts:74228:12321:ES1:2018
2,all_season_arrivals,adaptation,pts:99232:410:IT1:2018
2,all_season_arrivals,adaptation,pts:45146:244:FR1:2018
2,all_season_arrivals,adaptation,pts:112935:33:L1:2018
2,all_season_arrivals,adaptation,pts:483573:1108:ES1:2018
2,all_season_arrivals,adaptation,pts:68645:1237:GB1:2018
2,all_season_arrivals,adaptation,pts:28140:415:FR1:2018
2,all_season_arrivals,adaptation,pts:60542:368:ES1:2018
2,all_season_arrivals,adaptation,pts:40633:398:IT1:2018
2,all_season_arrivals,adaptation,pts:223725:368:ES1:2018
2,all_season_arrivals,adaptation,pts:302215:31:GB1:2018
2,all_season_arrivals,adaptation,pts:82048:1025:IT1:2018
2,all_season_arrivals,adaptation,pts:60577:416:IT1:2018
2,all_season_arrivals,adaptation,pts:314295:167:L1:2018
2,all_season_arrivals,adaptation,pts:88909:1038:IT1:2018
2,all_season_arrivals,adaptation,pts:195171:5:IT1:2018
2,all_season_arrivals,adaptation,pts:432772:162:FR1:2018
2,all_season_arrivals,adaptation,pts:199369:681:ES1:2018
2,all_season_arrivals,adaptation,pts:130360:6195:IT1:2018
2,all_season_arrivals,adaptation,pts:34322:11:GB1:2018
2,all_season_arrivals,adaptation,pts:73734:12:IT1:2018
2,all_season_arrivals,adaptation,pts:170953:1420:FR1:2018
2,all_season_arrivals,adaptation,pts:238716:1420:FR1:2018
2,all_season_arrivals,adaptation,pts:182618:5:IT1:2018
2,all_season_arrivals,adaptation,pts:65467:1050:ES1:2018
2,all_season_arrivals,adaptation,pts:103565:618:FR1:2018
2,all_season_arrivals,adaptation,pts:126673:252:IT1:2019
2,all_season_arrivals,adaptation,pts:288318:714:ES1:2019
2,all_season_arrivals,adaptation,pts:130365:1049:ES1:2019
2,all_season_arrivals,adaptation,pts:236041:1416:FR1:2019
2,all_season_arrivals,adaptation,pts:184894:430:IT1:2019
2,all_season_arrivals,adaptation,pts:355501:12:IT1:2019
2,all_season_arrivals,adaptation,pts:199258:2722:IT1:2019
2,all_season_arrivals,adaptation,pts:122797:969:FR1:2019
2,all_season_arrivals,adaptation,pts:14086:46:IT1:2019
2,all_season_arrivals,adaptation,pts:64598:714:ES1:2019
2,all_season_arrivals,adaptation,pts:134294:180:GB1:2019
2,all_season_arrivals,adaptation,pts:208167:38:L1:2019
2,all_season_arrivals,adaptation,pts:82070:6195:IT1:2019
2,all_season_arrivals,adaptation,pts:288241:40:FR1:2019
2,all_season_arrivals,adaptation,pts:165873:366:ES1:2019
2,all_season_arrivals,adaptation,pts:38607:2722:IT1:2019
2,all_season_arrivals,adaptation,pts:202278:273:FR1:2019
2,all_season_arrivals,adaptation,pts:84765:6574:IT1:2019
2,all_season_arrivals,adaptation,pts:146752:130:IT1:2019
2,all_season_arrivals,adaptation,pts:162056:3368:ES1:2019
2,all_season_arrivals,adaptation,pts:163222:6574:IT1:2019
2,all_season_arrivals,adaptation,pts:319160:1038:IT1:2019
2,all_season_arrivals,adaptation,pts:65318:1049:ES1:2019
2,all_season_arrivals,adaptation,pts:178313:618:FR1:2019
2,all_season_arrivals,adaptation,pts:118284:969:FR1:2019
2,all_season_arrivals,adaptation,pts:164771:12:IT1:2019
2,all_season_arrivals,adaptation,pts:81999:1108:ES1:2019
2,all_season_arrivals,adaptation,pts:131708:1244:ES1:2019
2,all_season_arrivals,adaptation,pts:84435:86:L1:2019
2,all_season_arrivals,adaptation,pts:183031:416:IT1:2019
2,all_season_arrivals,adaptation,pts:104752:6195:IT1:2019
2,all_season_arrivals,adaptation,pts:111347:1038:IT1:2019
2,all_season_arrivals,adaptation,pts:73185:1108:ES1:2019
2,all_season_arrivals,adaptation,pts:99232:2722:IT1:2019
2,all_season_arrivals,adaptation,pts:39728:16:L1:2019
2,all_season_arrivals,adaptation,pts:176139:1025:IT1:2019
2,all_season_arrivals,adaptation,pts:396894:1049:ES1:2019
2,all_season_arrivals,adaptation,pts:40633:430:IT1:2019
2,all_season_arrivals,adaptation,pts:203496:150:ES1:2019
2,all_season_arrivals,adaptation,pts:82048:1025:IT1:2019
2,all_season_arrivals,adaptation,pts:74230:583:FR1:2019
2,all_season_arrivals,adaptation,pts:101213:6574:IT1:2019
2,all_season_arrivals,adaptation,pts:80444:27:L1:2019
2,all_season_arrivals,adaptation,pts:162038:714:ES1:2019
2,all_season_arrivals,adaptation,pts:399543:40:FR1:2019
2,all_season_arrivals,adaptation,pts:238868:1050:ES1:2019
2,all_season_arrivals,adaptation,pts:199369:366:ES1:2019
2,all_season_arrivals,adaptation,pts:44466:24:L1:2019
2,all_season_arrivals,adaptation,pts:130360:416:IT1:2019
2,all_season_arrivals,adaptation,pts:216179:46:IT1:2019
2,all_season_arrivals,adaptation,pts:167859:252:IT1:2019
2,all_season_arrivals,adaptation,pts:111961:368:ES1:2019
2,all_season_arrivals,adaptation,pts:182618:162:FR1:2019
2,all_season_arrivals,adaptation,pts:127156:969:FR1:2019
2,all_season_arrivals,adaptation,pts:146854:162:FR1:2019
2,all_season_arrivals,adaptation,pts:274484:1041:FR1:2019
2,all_season_arrivals,adaptation,pts:43512:86:L1:2019
2,all_season_arrivals,adaptation,pts:43530:1237:GB1:2020
2,all_season_arrivals,adaptation,pts:126673:1025:IT1:2020
2,all_season_arrivals,adaptation,pts:56810:1038:IT1:2020
2,all_season_arrivals,adaptation,pts:130365:583:FR1:2020
2,all_season_arrivals,adaptation,pts:184894:1390:IT1:2020
2,all_season_arrivals,adaptation,pts:25488:1038:IT1:2020
2,all_season_arrivals,adaptation,pts:272261:276:IT1:2020
2,all_season_arrivals,adaptation,pts:58396:86:L1:2020
2,all_season_arrivals,adaptation,pts:170544:3911:FR1:2020
2,all_season_arrivals,adaptation,pts:121477:379:GB1:2020
2,all_season_arrivals,adaptation,pts:129476:410:IT1:2020
2,all_season_arrivals,adaptation,pts:57280:430:IT1:2020
2,all_season_arrivals,adaptation,pts:310458:276:IT1:2020
2,all_season_arrivals,adaptation,pts:266795:398:IT1:2020
2,all_season_arrivals,adaptation,pts:163222:6574:IT1:2020
2,all_season_arrivals,adaptation,pts:32467:368:ES1:2020
2,all_season_arrivals,adaptation,pts:182875:995:FR1:2020
2,all_season_arrivals,adaptation,pts:178313:667:FR1:2020
2,all_season_arrivals,adaptation,pts:148262:762:GB1:2020
2,all_season_arrivals,adaptation,pts:251896:16795:ES1:2020
2,all_season_arrivals,adaptation,pts:164771:12:IT1:2020
2,all_season_arrivals,adaptation,pts:61253:430:IT1:2020
2,all_season_arrivals,adaptation,pts:238752:1038:IT1:2020
2,all_season_arrivals,adaptation,pts:197126:366:ES1:2020
2,all_season_arrivals,adaptation,pts:131951:276:IT1:2020
2,all_season_arrivals,adaptation,pts:68864:252:IT1:2020
2,all_season_arrivals,adaptation,pts:82009:162:FR1:2020
2,all_season_arrivals,adaptation,pts:111347:1038:IT1:2020
2,all_season_arrivals,adaptation,pts:332179:800:IT1:2020
2,all_season_arrivals,adaptation,pts:176139:130:IT1:2020
2,all_season_arrivals,adaptation,pts:176139:252:IT1:2020
2,all_season_arrivals,adaptation,pts:88682:1041:FR1:2020
2,all_season_arrivals,adaptation,pts:88683:252:IT1:2020
2,all_season_arrivals,adaptation,pts:60542:16795:ES1:2020
2,all_season_arrivals,adaptation,pts:40633:252:IT1:2020
2,all_season_arrivals,adaptation,pts:44162:131:ES1:2020
2,all_season_arrivals,adaptation,pts:56818:417:FR1:2020
2,all_season_arrivals,adaptation,pts:20005:368:ES1:2020
2,all_season_arrivals,adaptation,pts:94201:89:L1:2020
2,all_season_arrivals,adaptation,pts:130360:416:IT1:2020
2,all_season_arrivals,adaptation,pts:216179:46:IT1:2020
2,all_season_arrivals,adaptation,pts:340328:969:FR1:2020
2,all_season_arrivals,adaptation,pts:111961:368:ES1:2020
2,all_season_arrivals,adaptation,pts:60444:31:GB1:2020
2,all_season_arrivals,adaptation,pts:265763:347:FR1:2020
2,all_season_arrivals,adaptation,pts:182618:6195:IT1:2020
2,all_season_arrivals,adaptation,pts:284595:1038:IT1:2020
2,all_season_arrivals,adaptation,pts:63494:1050:ES1:2020
2,all_season_arrivals,adaptation,pts:284884:368:ES1:2020
2,all_season_arrivals,adaptation,pts:43512:86:L1:2020
2,all_season_arrivals,adaptation,pts:126673:1025:IT1:2021
2,all_season_arrivals,adaptation,pts:130365:5:IT1:2021
2,all_season_arrivals,adaptation,pts:395083:1421:FR1:2021
2,all_season_arrivals,adaptation,pts:61842:29:GB1:2021
2,all_season_arrivals,adaptation,pts:122797:417:FR1:2021
2,all_season_arrivals,adaptation,pts:25488:1038:IT1:2021
2,all_season_arrivals,adaptation,pts:272261:276:IT1:2021
2,all_season_arrivals,adaptation,pts:14086:405:GB1:2021
2,all_season_arrivals,adaptation,pts:344605:1003:GB1:2021
2,all_season_arrivals,adaptation,pts:215118:405:GB1:2021
2,all_season_arrivals,adaptation,pts:159844:24:L1:2021
2,all_season_arrivals,adaptation,pts:121477:379:GB1:2021
2,all_season_arrivals,adaptation,pts:134294:405:GB1:2021
2,all_season_arrivals,adaptation,pts:90681:618:FR1:2021
2,all_season_arrivals,adaptation,pts:307519:2687:ES1:2021
2,all_season_arrivals,adaptation,pts:84765:1038:IT1:2021
2,all_season_arrivals,adaptation,pts:181378:273:FR1:2021
2,all_season_arrivals,adaptation,pts:310458:276:IT1:2021
2,all_season_arrivals,adaptation,pts:146752:276:IT1:2021
2,all_season_arrivals,adaptation,pts:266795:1108:ES1:2021
2,all_season_arrivals,adaptation,pts:173900:1049:ES1:2021
2,all_season_arrivals,adaptation,pts:319160:3709:ES1:2021
2,all_season_arrivals,adaptation,pts:315125:40:FR1:2021
2,all_season_arrivals,adaptation,pts:471474:331:ES1:2021
2,all_season_arrivals,adaptation,pts:178313:667:FR1:2021
2,all_season_arrivals,adaptation,pts:93704:40:FR1:2021
2,all_season_arrivals,adaptation,pts:238752:1390:IT1:2021
2,all_season_arrivals,adaptation,pts:131951:276:IT1:2021
2,all_season_arrivals,adaptation,pts:68864:1390:IT1:2021
2,all_season_arrivals,adaptation,pts:527698:1531:ES1:2021
2,all_season_arrivals,adaptation,pts:27389:667:FR1:2021
2,all_season_arrivals,adaptation,pts:352392:667:FR1:2021
2,all_season_arrivals,adaptation,pts:73185:1531:ES1:2021
2,all_season_arrivals,adaptation,pts:73185:2687:ES1:2021
2,all_season_arrivals,adaptation,pts:47713:969:FR1:2021
2,all_season_arrivals,adaptation,pts:279009:44:L1:2021
2,all_season_arrivals,adaptation,pts:481084:1049:ES1:2021
2,all_season_arrivals,adaptation,pts:112935:3:L1:2021
2,all_season_arrivals,adaptation,pts:459655:1390:IT1:2021
2,all_season_arrivals,adaptation,pts:570817:1421:FR1:2021
2,all_season_arrivals,adaptation,pts:124715:252:IT1:2021
2,all_season_arrivals,adaptation,pts:80444:405:GB1:2021
2,all_season_arrivals,adaptation,pts:164770:985:GB1:2021
2,all_season_arrivals,adaptation,pts:247250:2687:ES1:2021
2,all_season_arrivals,adaptation,pts:85383:2687:ES1:2021
2,all_season_arrivals,adaptation,pts:199369:3709:ES1:2021
2,all_season_arrivals,adaptation,pts:127032:1050:ES1:2021
2,all_season_arrivals,adaptation,pts:216179:1038:IT1:2021
2,all_season_arrivals,adaptation,pts:182618:5:IT1:2021
2,all_season_arrivals,adaptation,pts:135492:150:ES1:2021
2,all_season_arrivals,adaptation,pts:111630:368:ES1:2021
2,all_season_arrivals,adaptation,pts:284884:3709:ES1:2021
2,all_season_arrivals,adaptation,pts:395083:1421:FR1:2022
2,all_season_arrivals,adaptation,pts:122797:995:FR1:2022
2,all_season_arrivals,adaptation,pts:25488:380:IT1:2022
2,all_season_arrivals,adaptation,pts:272261:430:IT1:2022
2,all_season_arrivals,adaptation,pts:315332:39:L1:2022
2,all_season_arrivals,adaptation,pts:74810:1148:GB1:2022
2,all_season_arrivals,adaptation,pts:128901:29:GB1:2022
2,all_season_arrivals,adaptation,pts:121477:543:GB1:2022
2,all_season_arrivals,adaptation,pts:134294:379:GB1:2022
2,all_season_arrivals,adaptation,pts:148368:5:IT1:2022
2,all_season_arrivals,adaptation,pts:406806:380:IT1:2022
2,all_season_arrivals,adaptation,pts:364857:969:FR1:2022
2,all_season_arrivals,adaptation,pts:126656:1420:FR1:2022
2,all_season_arrivals,adaptation,pts:307519:2687:ES1:2022
2,all_season_arrivals,adaptation,pts:84765:1038:IT1:2022
2,all_season_arrivals,adaptation,pts:84765:749:IT1:2022
2,all_season_arrivals,adaptation,pts:181378:417:FR1:2022
2,all_season_arrivals,adaptation,pts:79377:79:L1:2022
2,all_season_arrivals,adaptation,pts:353796:380:IT1:2022
2,all_season_arrivals,adaptation,pts:266795:2687:ES1:2022
2,all_season_arrivals,adaptation,pts:249126:1038:IT1:2022
2,all_season_arrivals,adaptation,pts:649452:244:FR1:2022
2,all_season_arrivals,adaptation,pts:178313:667:FR1:2022
2,all_season_arrivals,adaptation,pts:206912:826:FR1:2022
2,all_season_arrivals,adaptation,pts:124732:533:L1:2022
2,all_season_arrivals,adaptation,pts:164771:244:FR1:2022
2,all_season_arrivals,adaptation,pts:286779:2687:ES1:2022
2,all_season_arrivals,adaptation,pts:197135:2687:ES1:2022
2,all_season_arrivals,adaptation,pts:81999:714:ES1:2022
2,all_season_arrivals,adaptation,pts:335147:380:IT1:2022
2,all_season_arrivals,adaptation,pts:127076:89:L1:2022
2,all_season_arrivals,adaptation,pts:352392:667:FR1:2022
2,all_season_arrivals,adaptation,pts:143559:237:ES1:2022
2,all_season_arrivals,adaptation,pts:459655:380:IT1:2022
2,all_season_arrivals,adaptation,pts:197470:3522:IT1:2022
2,all_season_arrivals,adaptation,pts:88683:749:IT1:2022
2,all_season_arrivals,adaptation,pts:570817:1421:FR1:2022
2,all_season_arrivals,adaptation,pts:60542:3524:FR1:2022
2,all_season_arrivals,adaptation,pts:131731:3522:IT1:2022
2,all_season_arrivals,adaptation,pts:223725:3709:ES1:2022
2,all_season_arrivals,adaptation,pts:74230:543:GB1:2022
2,all_season_arrivals,adaptation,pts:179635:80:L1:2022
2,all_season_arrivals,adaptation,pts:80444:405:GB1:2022
2,all_season_arrivals,adaptation,pts:162038:367:ES1:2022
2,all_season_arrivals,adaptation,pts:212391:1531:ES1:2022
2,all_season_arrivals,adaptation,pts:212391:2687:ES1:2022
2,all_season_arrivals,adaptation,pts:247250:2687:ES1:2022
2,all_season_arrivals,adaptation,pts:238868:331:ES1:2022
2,all_season_arrivals,adaptation,pts:195171:1049:ES1:2022
2,all_season_arrivals,adaptation,pts:125614:3:L1:2022
2,all_season_arrivals,adaptation,pts:256429:2687:ES1:2022
2,all_season_arrivals,adaptation,pts:130360:276:IT1:2022
2,all_season_arrivals,adaptation,pts:309944:749:IT1:2022
2,all_season_arrivals,adaptation,pts:203842:3522:IT1:2022
2,all_season_arrivals,adaptation,pts:103565:969:FR1:2022
2,all_season_arrivals,adaptation,pts:623040:276:IT1:2022
2,all_season_arrivals,adaptation,pts:284884:940:ES1:2022
2,all_season_arrivals,adaptation,pts:25488:380:IT1:2023
2,all_season_arrivals,adaptation,pts:82503:367:ES1:2023
2,all_season_arrivals,adaptation,pts:32113:2919:IT1:2023
2,all_season_arrivals,adaptation,pts:14086:29:GB1:2023
2,all_season_arrivals,adaptation,pts:315145:273:FR1:2023
2,all_season_arrivals,adaptation,pts:344605:368:ES1:2023
2,all_season_arrivals,adaptation,pts:55769:2919:IT1:2023
2,all_season_arrivals,adaptation,pts:148368:703:GB1:2023
2,all_season_arrivals,adaptation,pts:241076:749:IT1:2023
2,all_season_arrivals,adaptation,pts:364857:969:FR1:2023
2,all_season_arrivals,adaptation,pts:489611:749:IT1:2023
2,all_season_arrivals,adaptation,pts:84765:749:IT1:2023
2,all_season_arrivals,adaptation,pts:266795:2687:ES1:2023
2,all_season_arrivals,adaptation,pts:442805:3302:ES1:2023
2,all_season_arrivals,adaptation,pts:162029:940:ES1:2023
2,all_season_arrivals,adaptation,pts:468066:6195:IT1:2023
2,all_season_arrivals,adaptation,pts:127142:3911:FR1:2023
2,all_season_arrivals,adaptation,pts:42412:985:GB1:2023
2,all_season_arrivals,adaptation,pts:286779:2687:ES1:2023
2,all_season_arrivals,adaptation,pts:81999:418:ES1:2023
2,all_season_arrivals,adaptation,pts:84435:89:L1:2023
2,all_season_arrivals,adaptation,pts:82009:89:L1:2023
2,all_season_arrivals,adaptation,pts:527698:367:ES1:2023
2,all_season_arrivals,adaptation,pts:39983:89:L1:2023
2,all_season_arrivals,adaptation,pts:279009:39:L1:2023
2,all_season_arrivals,adaptation,pts:459655:416:IT1:2023
2,all_season_arrivals,adaptation,pts:332179:2919:IT1:2023
2,all_season_arrivals,adaptation,pts:396894:2687:ES1:2023
2,all_season_arrivals,adaptation,pts:369267:3524:FR1:2023
2,all_season_arrivals,adaptation,pts:82048:1005:IT1:2023
2,all_season_arrivals,adaptation,pts:66100:131:ES1:2023
2,all_season_arrivals,adaptation,pts:399543:1005:IT1:2023
2,all_season_arrivals,adaptation,pts:277635:2687:ES1:2023
2,all_season_arrivals,adaptation,pts:195171:6574:IT1:2023
2,all_season_arrivals,adaptation,pts:251845:1049:ES1:2023
2,all_season_arrivals,adaptation,pts:256429:2687:ES1:2023
2,all_season_arrivals,adaptation,pts:355627:1421:FR1:2023
2,all_season_arrivals,adaptation,pts:257751:749:IT1:2023
2,all_season_arrivals,adaptation,pts:186988:167:L1:2023
2,all_season_arrivals,adaptation,pts:387234:749:IT1:2023
2,all_season_arrivals,adaptation,pts:182618:1158:FR1:2023
2,all_season_arrivals,adaptation,pts:203842:749:IT1:2023
2,all_season_arrivals,adaptation,pts:284884:3709:ES1:2023
3,no_destination_minutes_threshold,opportunity,pts:236041:1416:FR1:2018
3,no_destination_minutes_threshold,opportunity,pts:199258:2722:IT1:2018
3,no_destination_minutes_threshold,opportunity,pts:122797:969:FR1:2018
3,no_destination_minutes_threshold,opportunity,pts:32113:416:IT1:2018
3,no_destination_minutes_threshold,opportunity,pts:66934:873:GB1:2018
3,no_destination_minutes_threshold,opportunity,pts:170544:417:FR1:2018
3,no_destination_minutes_threshold,opportunity,pts:134294:180:GB1:2018
3,no_destination_minutes_threshold,opportunity,pts:95641:1108:ES1:2018
3,no_destination_minutes_threshold,opportunity,pts:581781:2969:FR1:2018
3,no_destination_minutes_threshold,opportunity,pts:302991:3368:ES1:2018
3,no_destination_minutes_threshold,opportunity,pts:44059:252:IT1:2018
3,no_destination_minutes_threshold,opportunity,pts:38607:6574:IT1:2018
3,no_destination_minutes_threshold,opportunity,pts:181378:969:FR1:2018
3,no_destination_minutes_threshold,opportunity,pts:129476:1010:GB1:2018
3,no_destination_minutes_threshold,opportunity,pts:163222:1038:IT1:2018
3,no_destination_minutes_threshold,opportunity,pts:70245:3709:ES1:2018
3,no_destination_minutes_threshold,opportunity,pts:281755:3709:ES1:2018
3,no_destination_minutes_threshold,opportunity,pts:319160:1038:IT1:2018
3,no_destination_minutes_threshold,opportunity,pts:178313:162:FR1:2018
3,no_destination_minutes_threshold,opportunity,pts:42412:1003:GB1:2018
3,no_destination_minutes_threshold,opportunity,pts:241229:244:FR1:2018
3,no_destination_minutes_threshold,opportunity,pts:126719:583:FR1:2018
3,no_destination_minutes_threshold,opportunity,pts:335147:969:FR1:2018
3,no_destination_minutes_threshold,opportunity,pts:127076:82:L1:2018
3,no_destination_minutes_threshold,opportunity,pts:238752:46:IT1:2018
3,no_destination_minutes_threshold,opportunity,pts:68864:244:FR1:2018
3,no_destination_minutes_threshold,opportunity,pts:124902:6574:IT1:2018
3,no_destination_minutes_threshold,opportunity,pts:183031:416:IT1:2018
3,no_destination_minutes_threshold,opportunity,pts:27389:1049:ES1:2018
3,no_destination_minutes_threshold,opportunity,pts:427161:667:FR1:2018
3,no_destination_minutes_threshold,opportunity,pts:236400:1041:FR1:2018
3,no_destination_minutes_threshold,opportunity,pts:56100:1237:GB1:2018
3,no_destination_minutes_threshold,opportunity,pts:39983:506:IT1:2018
3,no_destination_minutes_threshold,opportunity,pts:111347:1038:IT1:2018
3,no_destination_minutes_threshold,opportunity,pts:73185:379:GB1:2018
3,no_destination_minutes_threshold,opportunity,pts:74228:12321:ES1:2018
3,no_destination_minutes_threshold,opportunity,pts:99232:410:IT1:2018
3,no_destination_minutes_threshold,opportunity,pts:112935:33:L1:2018
3,no_destination_minutes_threshold,opportunity,pts:483573:1108:ES1:2018
3,no_destination_minutes_threshold,opportunity,pts:68645:1237:GB1:2018
3,no_destination_minutes_threshold,opportunity,pts:28140:415:FR1:2018
3,no_destination_minutes_threshold,opportunity,pts:60542:368:ES1:2018
3,no_destination_minutes_threshold,opportunity,pts:40633:398:IT1:2018
3,no_destination_minutes_threshold,opportunity,pts:302215:31:GB1:2018
3,no_destination_minutes_threshold,opportunity,pts:59631:162:FR1:2018
3,no_destination_minutes_threshold,opportunity,pts:60577:416:IT1:2018
3,no_destination_minutes_threshold,opportunity,pts:88909:1038:IT1:2018
3,no_destination_minutes_threshold,opportunity,pts:195171:5:IT1:2018
3,no_destination_minutes_threshold,opportunity,pts:432772:162:FR1:2018
3,no_destination_minutes_threshold,opportunity,pts:199369:681:ES1:2018
3,no_destination_minutes_threshold,opportunity,pts:130360:6195:IT1:2018
3,no_destination_minutes_threshold,opportunity,pts:34322:11:GB1:2018
3,no_destination_minutes_threshold,opportunity,pts:73734:12:IT1:2018
3,no_destination_minutes_threshold,opportunity,pts:170953:1420:FR1:2018
3,no_destination_minutes_threshold,opportunity,pts:182618:5:IT1:2018
3,no_destination_minutes_threshold,opportunity,pts:103565:618:FR1:2018
3,no_destination_minutes_threshold,opportunity,pts:236041:1416:FR1:2019
3,no_destination_minutes_threshold,opportunity,pts:355501:12:IT1:2019
3,no_destination_minutes_threshold,opportunity,pts:199258:2722:IT1:2019
3,no_destination_minutes_threshold,opportunity,pts:122797:969:FR1:2019
3,no_destination_minutes_threshold,opportunity,pts:64598:714:ES1:2019
3,no_destination_minutes_threshold,opportunity,pts:134294:180:GB1:2019
3,no_destination_minutes_threshold,opportunity,pts:288241:40:FR1:2019
3,no_destination_minutes_threshold,opportunity,pts:165873:366:ES1:2019
3,no_destination_minutes_threshold,opportunity,pts:38607:2722:IT1:2019
3,no_destination_minutes_threshold,opportunity,pts:202278:273:FR1:2019
3,no_destination_minutes_threshold,opportunity,pts:84765:6574:IT1:2019
3,no_destination_minutes_threshold,opportunity,pts:162056:3368:ES1:2019
3,no_destination_minutes_threshold,opportunity,pts:163222:6574:IT1:2019
3,no_destination_minutes_threshold,opportunity,pts:635336:995:FR1:2019
3,no_destination_minutes_threshold,opportunity,pts:319160:1038:IT1:2019
3,no_destination_minutes_threshold,opportunity,pts:65318:1049:ES1:2019
3,no_destination_minutes_threshold,opportunity,pts:178313:618:FR1:2019
3,no_destination_minutes_threshold,opportunity,pts:251896:543:GB1:2019
3,no_destination_minutes_threshold,opportunity,pts:127142:273:FR1:2019
3,no_destination_minutes_threshold,opportunity,pts:118284:969:FR1:2019
3,no_destination_minutes_threshold,opportunity,pts:164771:12:IT1:2019
3,no_destination_minutes_threshold,opportunity,pts:81999:1108:ES1:2019
3,no_destination_minutes_threshold,opportunity,pts:131708:1244:ES1:2019
3,no_destination_minutes_threshold,opportunity,pts:183031:416:IT1:2019
3,no_destination_minutes_threshold,opportunity,pts:104752:6195:IT1:2019
3,no_destination_minutes_threshold,opportunity,pts:73185:1108:ES1:2019
3,no_destination_minutes_threshold,opportunity,pts:99232:2722:IT1:2019
3,no_destination_minutes_threshold,opportunity,pts:39728:16:L1:2019
3,no_destination_minutes_threshold,opportunity,pts:176139:1025:IT1:2019
3,no_destination_minutes_threshold,opportunity,pts:396894:1049:ES1:2019
3,no_destination_minutes_threshold,opportunity,pts:40633:430:IT1:2019
3,no_destination_minutes_threshold,opportunity,pts:203496:150:ES1:2019
3,no_destination_minutes_threshold,opportunity,pts:82048:1025:IT1:2019
3,no_destination_minutes_threshold,opportunity,pts:74230:583:FR1:2019
3,no_destination_minutes_threshold,opportunity,pts:101213:6574:IT1:2019
3,no_destination_minutes_threshold,opportunity,pts:80444:27:L1:2019
3,no_destination_minutes_threshold,opportunity,pts:314295:167:L1:2019
3,no_destination_minutes_threshold,opportunity,pts:88909:252:IT1:2019
3,no_destination_minutes_threshold,opportunity,pts:238868:1050:ES1:2019
3,no_destination_minutes_threshold,opportunity,pts:199369:366:ES1:2019
3,no_destination_minutes_threshold,opportunity,pts:44466:24:L1:2019
3,no_destination_minutes_threshold,opportunity,pts:130360:416:IT1:2019
3,no_destination_minutes_threshold,opportunity,pts:216179:46:IT1:2019
3,no_destination_minutes_threshold,opportunity,pts:167859:252:IT1:2019
3,no_destination_minutes_threshold,opportunity,pts:182618:162:FR1:2019
3,no_destination_minutes_threshold,opportunity,pts:127156:969:FR1:2019
3,no_destination_minutes_threshold,opportunity,pts:146854:162:FR1:2019
3,no_destination_minutes_threshold,opportunity,pts:274484:1041:FR1:2019
3,no_destination_minutes_threshold,opportunity,pts:43512:86:L1:2019
3,no_destination_minutes_threshold,opportunity,pts:43530:1237:GB1:2020
3,no_destination_minutes_threshold,opportunity,pts:56810:1038:IT1:2020
3,no_destination_minutes_threshold,opportunity,pts:130365:583:FR1:2020
3,no_destination_minutes_threshold,opportunity,pts:184894:430:IT1:2020
3,no_destination_minutes_threshold,opportunity,pts:481834:1390:IT1:2020
3,no_destination_minutes_threshold,opportunity,pts:25488:1038:IT1:2020
3,no_destination_minutes_threshold,opportunity,pts:272261:276:IT1:2020
3,no_destination_minutes_threshold,opportunity,pts:468002:379:GB1:2020
3,no_destination_minutes_threshold,opportunity,pts:58396:86:L1:2020
3,no_destination_minutes_threshold,opportunity,pts:170544:3911:FR1:2020
3,no_destination_minutes_threshold,opportunity,pts:121477:379:GB1:2020
3,no_destination_minutes_threshold,opportunity,pts:129476:410:IT1:2020
3,no_destination_minutes_threshold,opportunity,pts:57280:430:IT1:2020
3,no_destination_minutes_threshold,opportunity,pts:310458:276:IT1:2020
3,no_destination_minutes_threshold,opportunity,pts:266795:398:IT1:2020
3,no_destination_minutes_threshold,opportunity,pts:163222:6574:IT1:2020
3,no_destination_minutes_threshold,opportunity,pts:32467:368:ES1:2020
3,no_destination_minutes_threshold,opportunity,pts:182875:995:FR1:2020
3,no_destination_minutes_threshold,opportunity,pts:178313:667:FR1:2020
3,no_destination_minutes_threshold,opportunity,pts:148262:762:GB1:2020
3,no_destination_minutes_threshold,opportunity,pts:251896:16795:ES1:2020
3,no_destination_minutes_threshold,opportunity,pts:164771:12:IT1:2020
3,no_destination_minutes_threshold,opportunity,pts:61253:430:IT1:2020
3,no_destination_minutes_threshold,opportunity,pts:238752:1038:IT1:2020
3,no_destination_minutes_threshold,opportunity,pts:82009:162:FR1:2020
3,no_destination_minutes_threshold,opportunity,pts:527698:366:ES1:2020
3,no_destination_minutes_threshold,opportunity,pts:111347:1038:IT1:2020
3,no_destination_minutes_threshold,opportunity,pts:505194:1003:GB1:2020
3,no_destination_minutes_threshold,opportunity,pts:68645:150:ES1:2020
3,no_destination_minutes_threshold,opportunity,pts:332179:800:IT1:2020
3,no_destination_minutes_threshold,opportunity,pts:176139:252:IT1:2020
3,no_destination_minutes_threshold,opportunity,pts:88682:1041:FR1:2020
3,no_destination_minutes_threshold,opportunity,pts:88683:252:IT1:2020
3,no_destination_minutes_threshold,opportunity,pts:60542:16795:ES1:2020
3,no_destination_minutes_threshold,opportunity,pts:40633:252:IT1:2020
3,no_destination_minutes_threshold,opportunity,pts:44162:131:ES1:2020
3,no_destination_minutes_threshold,opportunity,pts:56818:417:FR1:2020
3,no_destination_minutes_threshold,opportunity,pts:569866:681:ES1:2020
3,no_destination_minutes_threshold,opportunity,pts:94201:89:L1:2020
3,no_destination_minutes_threshold,opportunity,pts:130360:416:IT1:2020
3,no_destination_minutes_threshold,opportunity,pts:216179:46:IT1:2020
3,no_destination_minutes_threshold,opportunity,pts:340328:969:FR1:2020
3,no_destination_minutes_threshold,opportunity,pts:111961:368:ES1:2020
3,no_destination_minutes_threshold,opportunity,pts:60444:31:GB1:2020
3,no_destination_minutes_threshold,opportunity,pts:265763:347:FR1:2020
3,no_destination_minutes_threshold,opportunity,pts:182618:6195:IT1:2020
3,no_destination_minutes_threshold,opportunity,pts:282349:33:L1:2020
3,no_destination_minutes_threshold,opportunity,pts:284595:1038:IT1:2020
3,no_destination_minutes_threshold,opportunity,pts:284884:368:ES1:2020
3,no_destination_minutes_threshold,opportunity,pts:43512:86:L1:2020
3,no_destination_minutes_threshold,opportunity,pts:126673:1025:IT1:2021
3,no_destination_minutes_threshold,opportunity,pts:130365:5:IT1:2021
3,no_destination_minutes_threshold,opportunity,pts:395083:1421:FR1:2021
3,no_destination_minutes_threshold,opportunity,pts:61842:29:GB1:2021
3,no_destination_minutes_threshold,opportunity,pts:122797:417:FR1:2021
3,no_destination_minutes_threshold,opportunity,pts:25488:1038:IT1:2021
3,no_destination_minutes_threshold,opportunity,pts:272261:276:IT1:2021
3,no_destination_minutes_threshold,opportunity,pts:14086:405:GB1:2021
3,no_destination_minutes_threshold,opportunity,pts:344605:1003:GB1:2021
3,no_destination_minutes_threshold,opportunity,pts:159844:24:L1:2021
3,no_destination_minutes_threshold,opportunity,pts:121477:379:GB1:2021
3,no_destination_minutes_threshold,opportunity,pts:134294:405:GB1:2021
3,no_destination_minutes_threshold,opportunity,pts:562049:12:IT1:2021
3,no_destination_minutes_threshold,opportunity,pts:84765:1038:IT1:2021
3,no_destination_minutes_threshold,opportunity,pts:181378:273:FR1:2021
3,no_destination_minutes_threshold,opportunity,pts:310458:276:IT1:2021
3,no_destination_minutes_threshold,opportunity,pts:146752:276:IT1:2021
3,no_destination_minutes_threshold,opportunity,pts:173900:1049:ES1:2021
3,no_destination_minutes_threshold,opportunity,pts:319160:3709:ES1:2021
3,no_destination_minutes_threshold,opportunity,pts:315125:40:FR1:2021
3,no_destination_minutes_threshold,opportunity,pts:471474:331:ES1:2021
3,no_destination_minutes_threshold,opportunity,pts:178313:667:FR1:2021
3,no_destination_minutes_threshold,opportunity,pts:238752:1390:IT1:2021
3,no_destination_minutes_threshold,opportunity,pts:131951:276:IT1:2021
3,no_destination_minutes_threshold,opportunity,pts:94137:89:L1:2021
3,no_destination_minutes_threshold,opportunity,pts:68864:1390:IT1:2021
3,no_destination_minutes_threshold,opportunity,pts:27389:667:FR1:2021
3,no_destination_minutes_threshold,opportunity,pts:309393:10:L1:2021
3,no_destination_minutes_threshold,opportunity,pts:352392:667:FR1:2021
3,no_destination_minutes_threshold,opportunity,pts:73185:1531:ES1:2021
3,no_destination_minutes_threshold,opportunity,pts:47713:969:FR1:2021
3,no_destination_minutes_threshold,opportunity,pts:279009:44:L1:2021
3,no_destination_minutes_threshold,opportunity,pts:481084:1049:ES1:2021
3,no_destination_minutes_threshold,opportunity,pts:112935:3:L1:2021
3,no_destination_minutes_threshold,opportunity,pts:143559:430:IT1:2021
3,no_destination_minutes_threshold,opportunity,pts:459655:800:IT1:2021
3,no_destination_minutes_threshold,opportunity,pts:131731:3522:IT1:2021
3,no_destination_minutes_threshold,opportunity,pts:85393:1025:IT1:2021
3,no_destination_minutes_threshold,opportunity,pts:124715:252:IT1:2021
3,no_destination_minutes_threshold,opportunity,pts:164770:985:GB1:2021
3,no_destination_minutes_threshold,opportunity,pts:85383:2687:ES1:2021
3,no_destination_minutes_threshold,opportunity,pts:199369:3709:ES1:2021
3,no_destination_minutes_threshold,opportunity,pts:127032:1050:ES1:2021
3,no_destination_minutes_threshold,opportunity,pts:182618:5:IT1:2021
3,no_destination_minutes_threshold,opportunity,pts:67082:3709:ES1:2021
3,no_destination_minutes_threshold,opportunity,pts:135492:150:ES1:2021
3,no_destination_minutes_threshold,opportunity,pts:111630:368:ES1:2021
3,no_destination_minutes_threshold,opportunity,pts:327863:1082:FR1:2022
3,no_destination_minutes_threshold,opportunity,pts:130365:5:IT1:2022
3,no_destination_minutes_threshold,opportunity,pts:395083:1421:FR1:2022
3,no_destination_minutes_threshold,opportunity,pts:25488:380:IT1:2022
3,no_destination_minutes_threshold,opportunity,pts:272261:430:IT1:2022
3,no_destination_minutes_threshold,opportunity,pts:315332:39:L1:2022
3,no_destination_minutes_threshold,opportunity,pts:74810:1148:GB1:2022
3,no_destination_minutes_threshold,opportunity,pts:128901:29:GB1:2022
3,no_destination_minutes_threshold,opportunity,pts:148368:5:IT1:2022
3,no_destination_minutes_threshold,opportunity,pts:406806:380:IT1:2022
3,no_destination_minutes_threshold,opportunity,pts:364857:969:FR1:2022
3,no_destination_minutes_threshold,opportunity,pts:307519:2687:ES1:2022
3,no_destination_minutes_threshold,opportunity,pts:84765:1038:IT1:2022
3,no_destination_minutes_threshold,opportunity,pts:181378:417:FR1:2022
3,no_destination_minutes_threshold,opportunity,pts:353796:380:IT1:2022
3,no_destination_minutes_threshold,opportunity,pts:249126:1038:IT1:2022
3,no_destination_minutes_threshold,opportunity,pts:649452:244:FR1:2022
3,no_destination_minutes_threshold,opportunity,pts:178313:667:FR1:2022
3,no_destination_minutes_threshold,opportunity,pts:206912:826:FR1:2022
3,no_destination_minutes_threshold,opportunity,pts:127142:1082:FR1:2022
3,no_destination_minutes_threshold,opportunity,pts:241229:3709:ES1:2022
3,no_destination_minutes_threshold,opportunity,pts:164771:244:FR1:2022
3,no_destination_minutes_threshold,opportunity,pts:197135:2687:ES1:2022
3,no_destination_minutes_threshold,opportunity,pts:81999:714:ES1:2022
3,no_destination_minutes_threshold,opportunity,pts:335147:380:IT1:2022
3,no_destination_minutes_threshold,opportunity,pts:352392:667:FR1:2022
3,no_destination_minutes_threshold,opportunity,pts:814976:1421:FR1:2022
3,no_destination_minutes_threshold,opportunity,pts:143559:237:ES1:2022
3,no_destination_minutes_threshold,opportunity,pts:459655:380:IT1:2022
3,no_destination_minutes_threshold,opportunity,pts:197470:3522:IT1:2022
3,no_destination_minutes_threshold,opportunity,pts:88683:749:IT1:2022
3,no_destination_minutes_threshold,opportunity,pts:570817:1421:FR1:2022
3,no_destination_minutes_threshold,opportunity,pts:60542:3524:FR1:2022
3,no_destination_minutes_threshold,opportunity,pts:131731:3522:IT1:2022
3,no_destination_minutes_threshold,opportunity,pts:855158:995:FR1:2022
3,no_destination_minutes_threshold,opportunity,pts:223725:3709:ES1:2022
3,no_destination_minutes_threshold,opportunity,pts:179635:80:L1:2022
3,no_destination_minutes_threshold,opportunity,pts:80444:405:GB1:2022
3,no_destination_minutes_threshold,opportunity,pts:364133:416:IT1:2022
3,no_destination_minutes_threshold,opportunity,pts:162038:367:ES1:2022
3,no_destination_minutes_threshold,opportunity,pts:212391:1531:ES1:2022
3,no_destination_minutes_threshold,opportunity,pts:247250:2687:ES1:2022
3,no_destination_minutes_threshold,opportunity,pts:238868:331:ES1:2022
3,no_destination_minutes_threshold,opportunity,pts:195171:1049:ES1:2022
3,no_destination_minutes_threshold,opportunity,pts:125614:3:L1:2022
3,no_destination_minutes_threshold,opportunity,pts:130360:276:IT1:2022
3,no_destination_minutes_threshold,opportunity,pts:296879:3:L1:2022
3,no_destination_minutes_threshold,opportunity,pts:309944:749:IT1:2022
3,no_destination_minutes_threshold,opportunity,pts:203842:3522:IT1:2022
3,no_destination_minutes_threshold,opportunity,pts:103565:969:FR1:2022
3,no_destination_minutes_threshold,opportunity,pts:623040:276:IT1:2022
3,no_destination_minutes_threshold,opportunity,pts:284884:940:ES1:2022
3,no_destination_minutes_threshold,opportunity,pts:895480:621:ES1:2023
3,no_destination_minutes_threshold,opportunity,pts:25488:380:IT1:2023
3,no_destination_minutes_threshold,opportunity,pts:82503:367:ES1:2023
3,no_destination_minutes_threshold,opportunity,pts:32113:2919:IT1:2023
3,no_destination_minutes_threshold,opportunity,pts:14086:29:GB1:2023
3,no_destination_minutes_threshold,opportunity,pts:344605:368:ES1:2023
3,no_destination_minutes_threshold,opportunity,pts:159844:23826:L1:2023
3,no_destination_minutes_threshold,opportunity,pts:55769:2919:IT1:2023
3,no_destination_minutes_threshold,opportunity,pts:670848:379:GB1:2023
3,no_destination_minutes_threshold,opportunity,pts:148368:703:GB1:2023
3,no_destination_minutes_threshold,opportunity,pts:241076:749:IT1:2023
3,no_destination_minutes_threshold,opportunity,pts:357072:826:FR1:2023
3,no_destination_minutes_threshold,opportunity,pts:364857:969:FR1:2023
3,no_destination_minutes_threshold,opportunity,pts:456492:3:L1:2023
3,no_destination_minutes_threshold,opportunity,pts:489611:749:IT1:2023
3,no_destination_minutes_threshold,opportunity,pts:84765:749:IT1:2023
3,no_destination_minutes_threshold,opportunity,pts:146752:2919:IT1:2023
3,no_destination_minutes_threshold,opportunity,pts:88684:2919:IT1:2023
3,no_destination_minutes_threshold,opportunity,pts:266795:2687:ES1:2023
3,no_destination_minutes_threshold,opportunity,pts:490223:3302:ES1:2023
3,no_destination_minutes_threshold,opportunity,pts:442805:3302:ES1:2023
3,no_destination_minutes_threshold,opportunity,pts:468066:6195:IT1:2023
3,no_destination_minutes_threshold,opportunity,pts:127142:3911:FR1:2023
3,no_destination_minutes_threshold,opportunity,pts:42412:985:GB1:2023
3,no_destination_minutes_threshold,opportunity,pts:241229:3911:FR1:2023
3,no_destination_minutes_threshold,opportunity,pts:286779:2687:ES1:2023
3,no_destination_minutes_threshold,opportunity,pts:81999:418:ES1:2023
3,no_destination_minutes_threshold,opportunity,pts:93704:39:L1:2023
3,no_destination_minutes_threshold,opportunity,pts:585700:150:ES1:2023
3,no_destination_minutes_threshold,opportunity,pts:82009:89:L1:2023
3,no_destination_minutes_threshold,opportunity,pts:527698:367:ES1:2023
3,no_destination_minutes_threshold,opportunity,pts:39983:89:L1:2023
3,no_destination_minutes_threshold,opportunity,pts:240219:1005:IT1:2023
3,no_destination_minutes_threshold,opportunity,pts:279009:39:L1:2023
3,no_destination_minutes_threshold,opportunity,pts:332179:2919:IT1:2023
3,no_destination_minutes_threshold,opportunity,pts:396894:2687:ES1:2023
3,no_destination_minutes_threshold,opportunity,pts:369267:3524:FR1:2023
3,no_destination_minutes_threshold,opportunity,pts:307924:167:L1:2023
3,no_destination_minutes_threshold,opportunity,pts:307924:533:L1:2023
3,no_destination_minutes_threshold,opportunity,pts:302215:86:L1:2023
3,no_destination_minutes_threshold,opportunity,pts:82048:1005:IT1:2023
3,no_destination_minutes_threshold,opportunity,pts:66100:131:ES1:2023
3,no_destination_minutes_threshold,opportunity,pts:20005:2919:IT1:2023
3,no_destination_minutes_threshold,opportunity,pts:429901:1041:FR1:2023
3,no_destination_minutes_threshold,opportunity,pts:399543:1005:IT1:2023
3,no_destination_minutes_threshold,opportunity,pts:88909:276:IT1:2023
3,no_destination_minutes_threshold,opportunity,pts:277635:2687:ES1:2023
3,no_destination_minutes_threshold,opportunity,pts:195171:6574:IT1:2023
3,no_destination_minutes_threshold,opportunity,pts:126540:1082:FR1:2023
3,no_destination_minutes_threshold,opportunity,pts:377219:1049:ES1:2023
3,no_destination_minutes_threshold,opportunity,pts:251845:1049:ES1:2023
3,no_destination_minutes_threshold,opportunity,pts:256429:2687:ES1:2023
3,no_destination_minutes_threshold,opportunity,pts:257751:749:IT1:2023
3,no_destination_minutes_threshold,opportunity,pts:1004618:995:FR1:2023
3,no_destination_minutes_threshold,opportunity,pts:186988:167:L1:2023
3,no_destination_minutes_threshold,opportunity,pts:182618:1158:FR1:2023
3,no_destination_minutes_threshold,opportunity,pts:203842:749:IT1:2023
3,no_destination_minutes_threshold,opportunity,pts:284884:3709:ES1:2023
3,no_destination_minutes_threshold,performance,pts:236041:1416:FR1:2018
3,no_destination_minutes_threshold,performance,pts:199258:2722:IT1:2018
3,no_destination_minutes_threshold,performance,pts:122797:969:FR1:2018
3,no_destination_minutes_threshold,performance,pts:32113:416:IT1:2018
3,no_destination_minutes_threshold,performance,pts:66934:873:GB1:2018
3,no_destination_minutes_threshold,performance,pts:170544:417:FR1:2018
3,no_destination_minutes_threshold,performance,pts:134294:180:GB1:2018
3,no_destination_minutes_threshold,performance,pts:95641:1108:ES1:2018
3,no_destination_minutes_threshold,performance,pts:581781:2969:FR1:2018
3,no_destination_minutes_threshold,performance,pts:302991:3368:ES1:2018
3,no_destination_minutes_threshold,performance,pts:44059:252:IT1:2018
3,no_destination_minutes_threshold,performance,pts:38607:6574:IT1:2018
3,no_destination_minutes_threshold,performance,pts:181378:969:FR1:2018
3,no_destination_minutes_threshold,performance,pts:129476:1010:GB1:2018
3,no_destination_minutes_threshold,performance,pts:163222:1038:IT1:2018
3,no_destination_minutes_threshold,performance,pts:70245:3709:ES1:2018
3,no_destination_minutes_threshold,performance,pts:281755:3709:ES1:2018
3,no_destination_minutes_threshold,performance,pts:319160:1038:IT1:2018
3,no_destination_minutes_threshold,performance,pts:178313:162:FR1:2018
3,no_destination_minutes_threshold,performance,pts:42412:1003:GB1:2018
3,no_destination_minutes_threshold,performance,pts:241229:244:FR1:2018
3,no_destination_minutes_threshold,performance,pts:126719:583:FR1:2018
3,no_destination_minutes_threshold,performance,pts:335147:969:FR1:2018
3,no_destination_minutes_threshold,performance,pts:127076:82:L1:2018
3,no_destination_minutes_threshold,performance,pts:238752:46:IT1:2018
3,no_destination_minutes_threshold,performance,pts:68864:244:FR1:2018
3,no_destination_minutes_threshold,performance,pts:124902:6574:IT1:2018
3,no_destination_minutes_threshold,performance,pts:183031:416:IT1:2018
3,no_destination_minutes_threshold,performance,pts:27389:1049:ES1:2018
3,no_destination_minutes_threshold,performance,pts:427161:667:FR1:2018
3,no_destination_minutes_threshold,performance,pts:236400:1041:FR1:2018
3,no_destination_minutes_threshold,performance,pts:56100:1237:GB1:2018
3,no_destination_minutes_threshold,performance,pts:39983:506:IT1:2018
3,no_destination_minutes_threshold,performance,pts:111347:1038:IT1:2018
3,no_destination_minutes_threshold,performance,pts:73185:379:GB1:2018
3,no_destination_minutes_threshold,performance,pts:74228:12321:ES1:2018
3,no_destination_minutes_threshold,performance,pts:99232:410:IT1:2018
3,no_destination_minutes_threshold,performance,pts:112935:33:L1:2018
3,no_destination_minutes_threshold,performance,pts:483573:1108:ES1:2018
3,no_destination_minutes_threshold,performance,pts:68645:1237:GB1:2018
3,no_destination_minutes_threshold,performance,pts:28140:415:FR1:2018
3,no_destination_minutes_threshold,performance,pts:60542:368:ES1:2018
3,no_destination_minutes_threshold,performance,pts:40633:398:IT1:2018
3,no_destination_minutes_threshold,performance,pts:302215:31:GB1:2018
3,no_destination_minutes_threshold,performance,pts:59631:162:FR1:2018
3,no_destination_minutes_threshold,performance,pts:60577:416:IT1:2018
3,no_destination_minutes_threshold,performance,pts:88909:1038:IT1:2018
3,no_destination_minutes_threshold,performance,pts:195171:5:IT1:2018
3,no_destination_minutes_threshold,performance,pts:432772:162:FR1:2018
3,no_destination_minutes_threshold,performance,pts:199369:681:ES1:2018
3,no_destination_minutes_threshold,performance,pts:130360:6195:IT1:2018
3,no_destination_minutes_threshold,performance,pts:34322:11:GB1:2018
3,no_destination_minutes_threshold,performance,pts:73734:12:IT1:2018
3,no_destination_minutes_threshold,performance,pts:170953:1420:FR1:2018
3,no_destination_minutes_threshold,performance,pts:182618:5:IT1:2018
3,no_destination_minutes_threshold,performance,pts:103565:618:FR1:2018
3,no_destination_minutes_threshold,performance,pts:236041:1416:FR1:2019
3,no_destination_minutes_threshold,performance,pts:355501:12:IT1:2019
3,no_destination_minutes_threshold,performance,pts:199258:2722:IT1:2019
3,no_destination_minutes_threshold,performance,pts:122797:969:FR1:2019
3,no_destination_minutes_threshold,performance,pts:64598:714:ES1:2019
3,no_destination_minutes_threshold,performance,pts:134294:180:GB1:2019
3,no_destination_minutes_threshold,performance,pts:288241:40:FR1:2019
3,no_destination_minutes_threshold,performance,pts:165873:366:ES1:2019
3,no_destination_minutes_threshold,performance,pts:38607:2722:IT1:2019
3,no_destination_minutes_threshold,performance,pts:202278:273:FR1:2019
3,no_destination_minutes_threshold,performance,pts:84765:6574:IT1:2019
3,no_destination_minutes_threshold,performance,pts:162056:3368:ES1:2019
3,no_destination_minutes_threshold,performance,pts:163222:6574:IT1:2019
3,no_destination_minutes_threshold,performance,pts:635336:995:FR1:2019
3,no_destination_minutes_threshold,performance,pts:319160:1038:IT1:2019
3,no_destination_minutes_threshold,performance,pts:65318:1049:ES1:2019
3,no_destination_minutes_threshold,performance,pts:178313:618:FR1:2019
3,no_destination_minutes_threshold,performance,pts:251896:543:GB1:2019
3,no_destination_minutes_threshold,performance,pts:127142:273:FR1:2019
3,no_destination_minutes_threshold,performance,pts:118284:969:FR1:2019
3,no_destination_minutes_threshold,performance,pts:164771:12:IT1:2019
3,no_destination_minutes_threshold,performance,pts:81999:1108:ES1:2019
3,no_destination_minutes_threshold,performance,pts:131708:1244:ES1:2019
3,no_destination_minutes_threshold,performance,pts:183031:416:IT1:2019
3,no_destination_minutes_threshold,performance,pts:104752:6195:IT1:2019
3,no_destination_minutes_threshold,performance,pts:73185:1108:ES1:2019
3,no_destination_minutes_threshold,performance,pts:99232:2722:IT1:2019
3,no_destination_minutes_threshold,performance,pts:39728:16:L1:2019
3,no_destination_minutes_threshold,performance,pts:176139:1025:IT1:2019
3,no_destination_minutes_threshold,performance,pts:396894:1049:ES1:2019
3,no_destination_minutes_threshold,performance,pts:40633:430:IT1:2019
3,no_destination_minutes_threshold,performance,pts:203496:150:ES1:2019
3,no_destination_minutes_threshold,performance,pts:82048:1025:IT1:2019
3,no_destination_minutes_threshold,performance,pts:74230:583:FR1:2019
3,no_destination_minutes_threshold,performance,pts:101213:6574:IT1:2019
3,no_destination_minutes_threshold,performance,pts:80444:27:L1:2019
3,no_destination_minutes_threshold,performance,pts:314295:167:L1:2019
3,no_destination_minutes_threshold,performance,pts:88909:252:IT1:2019
3,no_destination_minutes_threshold,performance,pts:238868:1050:ES1:2019
3,no_destination_minutes_threshold,performance,pts:199369:366:ES1:2019
3,no_destination_minutes_threshold,performance,pts:44466:24:L1:2019
3,no_destination_minutes_threshold,performance,pts:130360:416:IT1:2019
3,no_destination_minutes_threshold,performance,pts:216179:46:IT1:2019
3,no_destination_minutes_threshold,performance,pts:167859:252:IT1:2019
3,no_destination_minutes_threshold,performance,pts:182618:162:FR1:2019
3,no_destination_minutes_threshold,performance,pts:127156:969:FR1:2019
3,no_destination_minutes_threshold,performance,pts:146854:162:FR1:2019
3,no_destination_minutes_threshold,performance,pts:274484:1041:FR1:2019
3,no_destination_minutes_threshold,performance,pts:43512:86:L1:2019
3,no_destination_minutes_threshold,performance,pts:43530:1237:GB1:2020
3,no_destination_minutes_threshold,performance,pts:56810:1038:IT1:2020
3,no_destination_minutes_threshold,performance,pts:130365:583:FR1:2020
3,no_destination_minutes_threshold,performance,pts:184894:430:IT1:2020
3,no_destination_minutes_threshold,performance,pts:481834:1390:IT1:2020
3,no_destination_minutes_threshold,performance,pts:25488:1038:IT1:2020
3,no_destination_minutes_threshold,performance,pts:272261:276:IT1:2020
3,no_destination_minutes_threshold,performance,pts:468002:379:GB1:2020
3,no_destination_minutes_threshold,performance,pts:58396:86:L1:2020
3,no_destination_minutes_threshold,performance,pts:170544:3911:FR1:2020
3,no_destination_minutes_threshold,performance,pts:121477:379:GB1:2020
3,no_destination_minutes_threshold,performance,pts:129476:410:IT1:2020
3,no_destination_minutes_threshold,performance,pts:57280:430:IT1:2020
3,no_destination_minutes_threshold,performance,pts:310458:276:IT1:2020
3,no_destination_minutes_threshold,performance,pts:266795:398:IT1:2020
3,no_destination_minutes_threshold,performance,pts:163222:6574:IT1:2020
3,no_destination_minutes_threshold,performance,pts:32467:368:ES1:2020
3,no_destination_minutes_threshold,performance,pts:182875:995:FR1:2020
3,no_destination_minutes_threshold,performance,pts:178313:667:FR1:2020
3,no_destination_minutes_threshold,performance,pts:148262:762:GB1:2020
3,no_destination_minutes_threshold,performance,pts:251896:16795:ES1:2020
3,no_destination_minutes_threshold,performance,pts:164771:12:IT1:2020
3,no_destination_minutes_threshold,performance,pts:61253:430:IT1:2020
3,no_destination_minutes_threshold,performance,pts:238752:1038:IT1:2020
3,no_destination_minutes_threshold,performance,pts:82009:162:FR1:2020
3,no_destination_minutes_threshold,performance,pts:527698:366:ES1:2020
3,no_destination_minutes_threshold,performance,pts:111347:1038:IT1:2020
3,no_destination_minutes_threshold,performance,pts:505194:1003:GB1:2020
3,no_destination_minutes_threshold,performance,pts:68645:150:ES1:2020
3,no_destination_minutes_threshold,performance,pts:332179:800:IT1:2020
3,no_destination_minutes_threshold,performance,pts:176139:252:IT1:2020
3,no_destination_minutes_threshold,performance,pts:88682:1041:FR1:2020
3,no_destination_minutes_threshold,performance,pts:88683:252:IT1:2020
3,no_destination_minutes_threshold,performance,pts:60542:16795:ES1:2020
3,no_destination_minutes_threshold,performance,pts:40633:252:IT1:2020
3,no_destination_minutes_threshold,performance,pts:44162:131:ES1:2020
3,no_destination_minutes_threshold,performance,pts:56818:417:FR1:2020
3,no_destination_minutes_threshold,performance,pts:569866:681:ES1:2020
3,no_destination_minutes_threshold,performance,pts:94201:89:L1:2020
3,no_destination_minutes_threshold,performance,pts:130360:416:IT1:2020
3,no_destination_minutes_threshold,performance,pts:216179:46:IT1:2020
3,no_destination_minutes_threshold,performance,pts:340328:969:FR1:2020
3,no_destination_minutes_threshold,performance,pts:111961:368:ES1:2020
3,no_destination_minutes_threshold,performance,pts:60444:31:GB1:2020
3,no_destination_minutes_threshold,performance,pts:265763:347:FR1:2020
3,no_destination_minutes_threshold,performance,pts:182618:6195:IT1:2020
3,no_destination_minutes_threshold,performance,pts:282349:33:L1:2020
3,no_destination_minutes_threshold,performance,pts:284595:1038:IT1:2020
3,no_destination_minutes_threshold,performance,pts:284884:368:ES1:2020
3,no_destination_minutes_threshold,performance,pts:43512:86:L1:2020
3,no_destination_minutes_threshold,performance,pts:126673:1025:IT1:2021
3,no_destination_minutes_threshold,performance,pts:130365:5:IT1:2021
3,no_destination_minutes_threshold,performance,pts:395083:1421:FR1:2021
3,no_destination_minutes_threshold,performance,pts:61842:29:GB1:2021
3,no_destination_minutes_threshold,performance,pts:122797:417:FR1:2021
3,no_destination_minutes_threshold,performance,pts:25488:1038:IT1:2021
3,no_destination_minutes_threshold,performance,pts:272261:276:IT1:2021
3,no_destination_minutes_threshold,performance,pts:14086:405:GB1:2021
3,no_destination_minutes_threshold,performance,pts:344605:1003:GB1:2021
3,no_destination_minutes_threshold,performance,pts:159844:24:L1:2021
3,no_destination_minutes_threshold,performance,pts:121477:379:GB1:2021
3,no_destination_minutes_threshold,performance,pts:134294:405:GB1:2021
3,no_destination_minutes_threshold,performance,pts:562049:12:IT1:2021
3,no_destination_minutes_threshold,performance,pts:84765:1038:IT1:2021
3,no_destination_minutes_threshold,performance,pts:181378:273:FR1:2021
3,no_destination_minutes_threshold,performance,pts:310458:276:IT1:2021
3,no_destination_minutes_threshold,performance,pts:146752:276:IT1:2021
3,no_destination_minutes_threshold,performance,pts:173900:1049:ES1:2021
3,no_destination_minutes_threshold,performance,pts:319160:3709:ES1:2021
3,no_destination_minutes_threshold,performance,pts:315125:40:FR1:2021
3,no_destination_minutes_threshold,performance,pts:471474:331:ES1:2021
3,no_destination_minutes_threshold,performance,pts:178313:667:FR1:2021
3,no_destination_minutes_threshold,performance,pts:238752:1390:IT1:2021
3,no_destination_minutes_threshold,performance,pts:131951:276:IT1:2021
3,no_destination_minutes_threshold,performance,pts:94137:89:L1:2021
3,no_destination_minutes_threshold,performance,pts:68864:1390:IT1:2021
3,no_destination_minutes_threshold,performance,pts:27389:667:FR1:2021
3,no_destination_minutes_threshold,performance,pts:309393:10:L1:2021
3,no_destination_minutes_threshold,performance,pts:352392:667:FR1:2021
3,no_destination_minutes_threshold,performance,pts:73185:1531:ES1:2021
3,no_destination_minutes_threshold,performance,pts:47713:969:FR1:2021
3,no_destination_minutes_threshold,performance,pts:279009:44:L1:2021
3,no_destination_minutes_threshold,performance,pts:481084:1049:ES1:2021
3,no_destination_minutes_threshold,performance,pts:112935:3:L1:2021
3,no_destination_minutes_threshold,performance,pts:143559:430:IT1:2021
3,no_destination_minutes_threshold,performance,pts:459655:800:IT1:2021
3,no_destination_minutes_threshold,performance,pts:131731:3522:IT1:2021
3,no_destination_minutes_threshold,performance,pts:85393:1025:IT1:2021
3,no_destination_minutes_threshold,performance,pts:124715:252:IT1:2021
3,no_destination_minutes_threshold,performance,pts:164770:985:GB1:2021
3,no_destination_minutes_threshold,performance,pts:85383:2687:ES1:2021
3,no_destination_minutes_threshold,performance,pts:199369:3709:ES1:2021
3,no_destination_minutes_threshold,performance,pts:127032:1050:ES1:2021
3,no_destination_minutes_threshold,performance,pts:182618:5:IT1:2021
3,no_destination_minutes_threshold,performance,pts:67082:3709:ES1:2021
3,no_destination_minutes_threshold,performance,pts:135492:150:ES1:2021
3,no_destination_minutes_threshold,performance,pts:111630:368:ES1:2021
3,no_destination_minutes_threshold,performance,pts:327863:1082:FR1:2022
3,no_destination_minutes_threshold,performance,pts:130365:5:IT1:2022
3,no_destination_minutes_threshold,performance,pts:395083:1421:FR1:2022
3,no_destination_minutes_threshold,performance,pts:25488:380:IT1:2022
3,no_destination_minutes_threshold,performance,pts:272261:430:IT1:2022
3,no_destination_minutes_threshold,performance,pts:315332:39:L1:2022
3,no_destination_minutes_threshold,performance,pts:74810:1148:GB1:2022
3,no_destination_minutes_threshold,performance,pts:128901:29:GB1:2022
3,no_destination_minutes_threshold,performance,pts:148368:5:IT1:2022
3,no_destination_minutes_threshold,performance,pts:406806:380:IT1:2022
3,no_destination_minutes_threshold,performance,pts:364857:969:FR1:2022
3,no_destination_minutes_threshold,performance,pts:307519:2687:ES1:2022
3,no_destination_minutes_threshold,performance,pts:84765:1038:IT1:2022
3,no_destination_minutes_threshold,performance,pts:181378:417:FR1:2022
3,no_destination_minutes_threshold,performance,pts:353796:380:IT1:2022
3,no_destination_minutes_threshold,performance,pts:249126:1038:IT1:2022
3,no_destination_minutes_threshold,performance,pts:649452:244:FR1:2022
3,no_destination_minutes_threshold,performance,pts:178313:667:FR1:2022
3,no_destination_minutes_threshold,performance,pts:206912:826:FR1:2022
3,no_destination_minutes_threshold,performance,pts:127142:1082:FR1:2022
3,no_destination_minutes_threshold,performance,pts:241229:3709:ES1:2022
3,no_destination_minutes_threshold,performance,pts:164771:244:FR1:2022
3,no_destination_minutes_threshold,performance,pts:197135:2687:ES1:2022
3,no_destination_minutes_threshold,performance,pts:81999:714:ES1:2022
3,no_destination_minutes_threshold,performance,pts:335147:380:IT1:2022
3,no_destination_minutes_threshold,performance,pts:352392:667:FR1:2022
3,no_destination_minutes_threshold,performance,pts:814976:1421:FR1:2022
3,no_destination_minutes_threshold,performance,pts:143559:237:ES1:2022
3,no_destination_minutes_threshold,performance,pts:459655:380:IT1:2022
3,no_destination_minutes_threshold,performance,pts:197470:3522:IT1:2022
3,no_destination_minutes_threshold,performance,pts:88683:749:IT1:2022
3,no_destination_minutes_threshold,performance,pts:570817:1421:FR1:2022
3,no_destination_minutes_threshold,performance,pts:60542:3524:FR1:2022
3,no_destination_minutes_threshold,performance,pts:131731:3522:IT1:2022
3,no_destination_minutes_threshold,performance,pts:855158:995:FR1:2022
3,no_destination_minutes_threshold,performance,pts:223725:3709:ES1:2022
3,no_destination_minutes_threshold,performance,pts:179635:80:L1:2022
3,no_destination_minutes_threshold,performance,pts:80444:405:GB1:2022
3,no_destination_minutes_threshold,performance,pts:364133:416:IT1:2022
3,no_destination_minutes_threshold,performance,pts:162038:367:ES1:2022
3,no_destination_minutes_threshold,performance,pts:212391:1531:ES1:2022
3,no_destination_minutes_threshold,performance,pts:247250:2687:ES1:2022
3,no_destination_minutes_threshold,performance,pts:238868:331:ES1:2022
3,no_destination_minutes_threshold,performance,pts:195171:1049:ES1:2022
3,no_destination_minutes_threshold,performance,pts:125614:3:L1:2022
3,no_destination_minutes_threshold,performance,pts:130360:276:IT1:2022
3,no_destination_minutes_threshold,performance,pts:296879:3:L1:2022
3,no_destination_minutes_threshold,performance,pts:309944:749:IT1:2022
3,no_destination_minutes_threshold,performance,pts:203842:3522:IT1:2022
3,no_destination_minutes_threshold,performance,pts:103565:969:FR1:2022
3,no_destination_minutes_threshold,performance,pts:623040:276:IT1:2022
3,no_destination_minutes_threshold,performance,pts:284884:940:ES1:2022
3,no_destination_minutes_threshold,performance,pts:895480:621:ES1:2023
3,no_destination_minutes_threshold,performance,pts:25488:380:IT1:2023
3,no_destination_minutes_threshold,performance,pts:82503:367:ES1:2023
3,no_destination_minutes_threshold,performance,pts:32113:2919:IT1:2023
3,no_destination_minutes_threshold,performance,pts:14086:29:GB1:2023
3,no_destination_minutes_threshold,performance,pts:344605:368:ES1:2023
3,no_destination_minutes_threshold,performance,pts:159844:23826:L1:2023
3,no_destination_minutes_threshold,performance,pts:55769:2919:IT1:2023
3,no_destination_minutes_threshold,performance,pts:670848:379:GB1:2023
3,no_destination_minutes_threshold,performance,pts:148368:703:GB1:2023
3,no_destination_minutes_threshold,performance,pts:241076:749:IT1:2023
3,no_destination_minutes_threshold,performance,pts:357072:826:FR1:2023
3,no_destination_minutes_threshold,performance,pts:364857:969:FR1:2023
3,no_destination_minutes_threshold,performance,pts:456492:3:L1:2023
3,no_destination_minutes_threshold,performance,pts:489611:749:IT1:2023
3,no_destination_minutes_threshold,performance,pts:84765:749:IT1:2023
3,no_destination_minutes_threshold,performance,pts:146752:2919:IT1:2023
3,no_destination_minutes_threshold,performance,pts:88684:2919:IT1:2023
3,no_destination_minutes_threshold,performance,pts:266795:2687:ES1:2023
3,no_destination_minutes_threshold,performance,pts:490223:3302:ES1:2023
3,no_destination_minutes_threshold,performance,pts:442805:3302:ES1:2023
3,no_destination_minutes_threshold,performance,pts:468066:6195:IT1:2023
3,no_destination_minutes_threshold,performance,pts:127142:3911:FR1:2023
3,no_destination_minutes_threshold,performance,pts:42412:985:GB1:2023
3,no_destination_minutes_threshold,performance,pts:241229:3911:FR1:2023
3,no_destination_minutes_threshold,performance,pts:286779:2687:ES1:2023
3,no_destination_minutes_threshold,performance,pts:81999:418:ES1:2023
3,no_destination_minutes_threshold,performance,pts:93704:39:L1:2023
3,no_destination_minutes_threshold,performance,pts:585700:150:ES1:2023
3,no_destination_minutes_threshold,performance,pts:82009:89:L1:2023
3,no_destination_minutes_threshold,performance,pts:527698:367:ES1:2023
3,no_destination_minutes_threshold,performance,pts:39983:89:L1:2023
3,no_destination_minutes_threshold,performance,pts:240219:1005:IT1:2023
3,no_destination_minutes_threshold,performance,pts:279009:39:L1:2023
3,no_destination_minutes_threshold,performance,pts:332179:2919:IT1:2023
3,no_destination_minutes_threshold,performance,pts:396894:2687:ES1:2023
3,no_destination_minutes_threshold,performance,pts:369267:3524:FR1:2023
3,no_destination_minutes_threshold,performance,pts:307924:167:L1:2023
3,no_destination_minutes_threshold,performance,pts:307924:533:L1:2023
3,no_destination_minutes_threshold,performance,pts:302215:86:L1:2023
3,no_destination_minutes_threshold,performance,pts:82048:1005:IT1:2023
3,no_destination_minutes_threshold,performance,pts:66100:131:ES1:2023
3,no_destination_minutes_threshold,performance,pts:20005:2919:IT1:2023
3,no_destination_minutes_threshold,performance,pts:429901:1041:FR1:2023
3,no_destination_minutes_threshold,performance,pts:399543:1005:IT1:2023
3,no_destination_minutes_threshold,performance,pts:88909:276:IT1:2023
3,no_destination_minutes_threshold,performance,pts:277635:2687:ES1:2023
3,no_destination_minutes_threshold,performance,pts:195171:6574:IT1:2023
3,no_destination_minutes_threshold,performance,pts:126540:1082:FR1:2023
3,no_destination_minutes_threshold,performance,pts:377219:1049:ES1:2023
3,no_destination_minutes_threshold,performance,pts:251845:1049:ES1:2023
3,no_destination_minutes_threshold,performance,pts:256429:2687:ES1:2023
3,no_destination_minutes_threshold,performance,pts:257751:749:IT1:2023
3,no_destination_minutes_threshold,performance,pts:1004618:995:FR1:2023
3,no_destination_minutes_threshold,performance,pts:186988:167:L1:2023
3,no_destination_minutes_threshold,performance,pts:182618:1158:FR1:2023
3,no_destination_minutes_threshold,performance,pts:203842:749:IT1:2023
3,no_destination_minutes_threshold,performance,pts:284884:3709:ES1:2023
3,no_destination_minutes_threshold,adaptation,pts:236041:1416:FR1:2018
3,no_destination_minutes_threshold,adaptation,pts:199258:2722:IT1:2018
3,no_destination_minutes_threshold,adaptation,pts:122797:969:FR1:2018
3,no_destination_minutes_threshold,adaptation,pts:32113:416:IT1:2018
3,no_destination_minutes_threshold,adaptation,pts:66934:873:GB1:2018
3,no_destination_minutes_threshold,adaptation,pts:170544:417:FR1:2018
3,no_destination_minutes_threshold,adaptation,pts:95641:1108:ES1:2018
3,no_destination_minutes_threshold,adaptation,pts:302991:3368:ES1:2018
3,no_destination_minutes_threshold,adaptation,pts:44059:252:IT1:2018
3,no_destination_minutes_threshold,adaptation,pts:38607:6574:IT1:2018
3,no_destination_minutes_threshold,adaptation,pts:181378:969:FR1:2018
3,no_destination_minutes_threshold,adaptation,pts:129476:1010:GB1:2018
3,no_destination_minutes_threshold,adaptation,pts:163222:1038:IT1:2018
3,no_destination_minutes_threshold,adaptation,pts:70245:3709:ES1:2018
3,no_destination_minutes_threshold,adaptation,pts:281755:3709:ES1:2018
3,no_destination_minutes_threshold,adaptation,pts:319160:1038:IT1:2018
3,no_destination_minutes_threshold,adaptation,pts:178313:162:FR1:2018
3,no_destination_minutes_threshold,adaptation,pts:42412:1003:GB1:2018
3,no_destination_minutes_threshold,adaptation,pts:241229:244:FR1:2018
3,no_destination_minutes_threshold,adaptation,pts:126719:583:FR1:2018
3,no_destination_minutes_threshold,adaptation,pts:335147:969:FR1:2018
3,no_destination_minutes_threshold,adaptation,pts:127076:82:L1:2018
3,no_destination_minutes_threshold,adaptation,pts:238752:46:IT1:2018
3,no_destination_minutes_threshold,adaptation,pts:68864:244:FR1:2018
3,no_destination_minutes_threshold,adaptation,pts:124902:6574:IT1:2018
3,no_destination_minutes_threshold,adaptation,pts:183031:416:IT1:2018
3,no_destination_minutes_threshold,adaptation,pts:27389:1049:ES1:2018
3,no_destination_minutes_threshold,adaptation,pts:427161:667:FR1:2018
3,no_destination_minutes_threshold,adaptation,pts:236400:1041:FR1:2018
3,no_destination_minutes_threshold,adaptation,pts:56100:1237:GB1:2018
3,no_destination_minutes_threshold,adaptation,pts:39983:506:IT1:2018
3,no_destination_minutes_threshold,adaptation,pts:73185:379:GB1:2018
3,no_destination_minutes_threshold,adaptation,pts:74228:12321:ES1:2018
3,no_destination_minutes_threshold,adaptation,pts:99232:410:IT1:2018
3,no_destination_minutes_threshold,adaptation,pts:112935:33:L1:2018
3,no_destination_minutes_threshold,adaptation,pts:483573:1108:ES1:2018
3,no_destination_minutes_threshold,adaptation,pts:68645:1237:GB1:2018
3,no_destination_minutes_threshold,adaptation,pts:28140:415:FR1:2018
3,no_destination_minutes_threshold,adaptation,pts:60542:368:ES1:2018
3,no_destination_minutes_threshold,adaptation,pts:40633:398:IT1:2018
3,no_destination_minutes_threshold,adaptation,pts:302215:31:GB1:2018
3,no_destination_minutes_threshold,adaptation,pts:60577:416:IT1:2018
3,no_destination_minutes_threshold,adaptation,pts:88909:1038:IT1:2018
3,no_destination_minutes_threshold,adaptation,pts:195171:5:IT1:2018
3,no_destination_minutes_threshold,adaptation,pts:432772:162:FR1:2018
3,no_destination_minutes_threshold,adaptation,pts:199369:681:ES1:2018
3,no_destination_minutes_threshold,adaptation,pts:130360:6195:IT1:2018
3,no_destination_minutes_threshold,adaptation,pts:34322:11:GB1:2018
3,no_destination_minutes_threshold,adaptation,pts:73734:12:IT1:2018
3,no_destination_minutes_threshold,adaptation,pts:170953:1420:FR1:2018
3,no_destination_minutes_threshold,adaptation,pts:182618:5:IT1:2018
3,no_destination_minutes_threshold,adaptation,pts:103565:618:FR1:2018
3,no_destination_minutes_threshold,adaptation,pts:236041:1416:FR1:2019
3,no_destination_minutes_threshold,adaptation,pts:355501:12:IT1:2019
3,no_destination_minutes_threshold,adaptation,pts:199258:2722:IT1:2019
3,no_destination_minutes_threshold,adaptation,pts:122797:969:FR1:2019
3,no_destination_minutes_threshold,adaptation,pts:64598:714:ES1:2019
3,no_destination_minutes_threshold,adaptation,pts:134294:180:GB1:2019
3,no_destination_minutes_threshold,adaptation,pts:288241:40:FR1:2019
3,no_destination_minutes_threshold,adaptation,pts:165873:366:ES1:2019
3,no_destination_minutes_threshold,adaptation,pts:38607:2722:IT1:2019
3,no_destination_minutes_threshold,adaptation,pts:202278:273:FR1:2019
3,no_destination_minutes_threshold,adaptation,pts:84765:6574:IT1:2019
3,no_destination_minutes_threshold,adaptation,pts:162056:3368:ES1:2019
3,no_destination_minutes_threshold,adaptation,pts:163222:6574:IT1:2019
3,no_destination_minutes_threshold,adaptation,pts:319160:1038:IT1:2019
3,no_destination_minutes_threshold,adaptation,pts:65318:1049:ES1:2019
3,no_destination_minutes_threshold,adaptation,pts:178313:618:FR1:2019
3,no_destination_minutes_threshold,adaptation,pts:251896:543:GB1:2019
3,no_destination_minutes_threshold,adaptation,pts:127142:273:FR1:2019
3,no_destination_minutes_threshold,adaptation,pts:118284:969:FR1:2019
3,no_destination_minutes_threshold,adaptation,pts:164771:12:IT1:2019
3,no_destination_minutes_threshold,adaptation,pts:81999:1108:ES1:2019
3,no_destination_minutes_threshold,adaptation,pts:131708:1244:ES1:2019
3,no_destination_minutes_threshold,adaptation,pts:183031:416:IT1:2019
3,no_destination_minutes_threshold,adaptation,pts:104752:6195:IT1:2019
3,no_destination_minutes_threshold,adaptation,pts:73185:1108:ES1:2019
3,no_destination_minutes_threshold,adaptation,pts:99232:2722:IT1:2019
3,no_destination_minutes_threshold,adaptation,pts:39728:16:L1:2019
3,no_destination_minutes_threshold,adaptation,pts:176139:1025:IT1:2019
3,no_destination_minutes_threshold,adaptation,pts:396894:1049:ES1:2019
3,no_destination_minutes_threshold,adaptation,pts:40633:430:IT1:2019
3,no_destination_minutes_threshold,adaptation,pts:203496:150:ES1:2019
3,no_destination_minutes_threshold,adaptation,pts:82048:1025:IT1:2019
3,no_destination_minutes_threshold,adaptation,pts:74230:583:FR1:2019
3,no_destination_minutes_threshold,adaptation,pts:101213:6574:IT1:2019
3,no_destination_minutes_threshold,adaptation,pts:80444:27:L1:2019
3,no_destination_minutes_threshold,adaptation,pts:314295:167:L1:2019
3,no_destination_minutes_threshold,adaptation,pts:88909:252:IT1:2019
3,no_destination_minutes_threshold,adaptation,pts:238868:1050:ES1:2019
3,no_destination_minutes_threshold,adaptation,pts:199369:366:ES1:2019
3,no_destination_minutes_threshold,adaptation,pts:44466:24:L1:2019
3,no_destination_minutes_threshold,adaptation,pts:130360:416:IT1:2019
3,no_destination_minutes_threshold,adaptation,pts:216179:46:IT1:2019
3,no_destination_minutes_threshold,adaptation,pts:167859:252:IT1:2019
3,no_destination_minutes_threshold,adaptation,pts:182618:162:FR1:2019
3,no_destination_minutes_threshold,adaptation,pts:127156:969:FR1:2019
3,no_destination_minutes_threshold,adaptation,pts:146854:162:FR1:2019
3,no_destination_minutes_threshold,adaptation,pts:274484:1041:FR1:2019
3,no_destination_minutes_threshold,adaptation,pts:43512:86:L1:2019
3,no_destination_minutes_threshold,adaptation,pts:43530:1237:GB1:2020
3,no_destination_minutes_threshold,adaptation,pts:56810:1038:IT1:2020
3,no_destination_minutes_threshold,adaptation,pts:130365:583:FR1:2020
3,no_destination_minutes_threshold,adaptation,pts:184894:430:IT1:2020
3,no_destination_minutes_threshold,adaptation,pts:25488:1038:IT1:2020
3,no_destination_minutes_threshold,adaptation,pts:272261:276:IT1:2020
3,no_destination_minutes_threshold,adaptation,pts:58396:86:L1:2020
3,no_destination_minutes_threshold,adaptation,pts:170544:3911:FR1:2020
3,no_destination_minutes_threshold,adaptation,pts:121477:379:GB1:2020
3,no_destination_minutes_threshold,adaptation,pts:129476:410:IT1:2020
3,no_destination_minutes_threshold,adaptation,pts:57280:430:IT1:2020
3,no_destination_minutes_threshold,adaptation,pts:310458:276:IT1:2020
3,no_destination_minutes_threshold,adaptation,pts:266795:398:IT1:2020
3,no_destination_minutes_threshold,adaptation,pts:163222:6574:IT1:2020
3,no_destination_minutes_threshold,adaptation,pts:32467:368:ES1:2020
3,no_destination_minutes_threshold,adaptation,pts:182875:995:FR1:2020
3,no_destination_minutes_threshold,adaptation,pts:178313:667:FR1:2020
3,no_destination_minutes_threshold,adaptation,pts:148262:762:GB1:2020
3,no_destination_minutes_threshold,adaptation,pts:251896:16795:ES1:2020
3,no_destination_minutes_threshold,adaptation,pts:164771:12:IT1:2020
3,no_destination_minutes_threshold,adaptation,pts:61253:430:IT1:2020
3,no_destination_minutes_threshold,adaptation,pts:238752:1038:IT1:2020
3,no_destination_minutes_threshold,adaptation,pts:82009:162:FR1:2020
3,no_destination_minutes_threshold,adaptation,pts:111347:1038:IT1:2020
3,no_destination_minutes_threshold,adaptation,pts:68645:150:ES1:2020
3,no_destination_minutes_threshold,adaptation,pts:332179:800:IT1:2020
3,no_destination_minutes_threshold,adaptation,pts:176139:252:IT1:2020
3,no_destination_minutes_threshold,adaptation,pts:88682:1041:FR1:2020
3,no_destination_minutes_threshold,adaptation,pts:88683:252:IT1:2020
3,no_destination_minutes_threshold,adaptation,pts:60542:16795:ES1:2020
3,no_destination_minutes_threshold,adaptation,pts:40633:252:IT1:2020
3,no_destination_minutes_threshold,adaptation,pts:44162:131:ES1:2020
3,no_destination_minutes_threshold,adaptation,pts:56818:417:FR1:2020
3,no_destination_minutes_threshold,adaptation,pts:94201:89:L1:2020
3,no_destination_minutes_threshold,adaptation,pts:130360:416:IT1:2020
3,no_destination_minutes_threshold,adaptation,pts:216179:46:IT1:2020
3,no_destination_minutes_threshold,adaptation,pts:340328:969:FR1:2020
3,no_destination_minutes_threshold,adaptation,pts:111961:368:ES1:2020
3,no_destination_minutes_threshold,adaptation,pts:60444:31:GB1:2020
3,no_destination_minutes_threshold,adaptation,pts:265763:347:FR1:2020
3,no_destination_minutes_threshold,adaptation,pts:182618:6195:IT1:2020
3,no_destination_minutes_threshold,adaptation,pts:284595:1038:IT1:2020
3,no_destination_minutes_threshold,adaptation,pts:284884:368:ES1:2020
3,no_destination_minutes_threshold,adaptation,pts:43512:86:L1:2020
3,no_destination_minutes_threshold,adaptation,pts:126673:1025:IT1:2021
3,no_destination_minutes_threshold,adaptation,pts:130365:5:IT1:2021
3,no_destination_minutes_threshold,adaptation,pts:395083:1421:FR1:2021
3,no_destination_minutes_threshold,adaptation,pts:61842:29:GB1:2021
3,no_destination_minutes_threshold,adaptation,pts:122797:417:FR1:2021
3,no_destination_minutes_threshold,adaptation,pts:25488:1038:IT1:2021
3,no_destination_minutes_threshold,adaptation,pts:272261:276:IT1:2021
3,no_destination_minutes_threshold,adaptation,pts:14086:405:GB1:2021
3,no_destination_minutes_threshold,adaptation,pts:344605:1003:GB1:2021
3,no_destination_minutes_threshold,adaptation,pts:159844:24:L1:2021
3,no_destination_minutes_threshold,adaptation,pts:121477:379:GB1:2021
3,no_destination_minutes_threshold,adaptation,pts:134294:405:GB1:2021
3,no_destination_minutes_threshold,adaptation,pts:84765:1038:IT1:2021
3,no_destination_minutes_threshold,adaptation,pts:181378:273:FR1:2021
3,no_destination_minutes_threshold,adaptation,pts:310458:276:IT1:2021
3,no_destination_minutes_threshold,adaptation,pts:146752:276:IT1:2021
3,no_destination_minutes_threshold,adaptation,pts:173900:1049:ES1:2021
3,no_destination_minutes_threshold,adaptation,pts:319160:3709:ES1:2021
3,no_destination_minutes_threshold,adaptation,pts:315125:40:FR1:2021
3,no_destination_minutes_threshold,adaptation,pts:471474:331:ES1:2021
3,no_destination_minutes_threshold,adaptation,pts:178313:667:FR1:2021
3,no_destination_minutes_threshold,adaptation,pts:238752:1390:IT1:2021
3,no_destination_minutes_threshold,adaptation,pts:131951:276:IT1:2021
3,no_destination_minutes_threshold,adaptation,pts:94137:89:L1:2021
3,no_destination_minutes_threshold,adaptation,pts:68864:1390:IT1:2021
3,no_destination_minutes_threshold,adaptation,pts:27389:667:FR1:2021
3,no_destination_minutes_threshold,adaptation,pts:309393:10:L1:2021
3,no_destination_minutes_threshold,adaptation,pts:352392:667:FR1:2021
3,no_destination_minutes_threshold,adaptation,pts:73185:1531:ES1:2021
3,no_destination_minutes_threshold,adaptation,pts:47713:969:FR1:2021
3,no_destination_minutes_threshold,adaptation,pts:279009:44:L1:2021
3,no_destination_minutes_threshold,adaptation,pts:481084:1049:ES1:2021
3,no_destination_minutes_threshold,adaptation,pts:112935:3:L1:2021
3,no_destination_minutes_threshold,adaptation,pts:143559:430:IT1:2021
3,no_destination_minutes_threshold,adaptation,pts:459655:800:IT1:2021
3,no_destination_minutes_threshold,adaptation,pts:131731:3522:IT1:2021
3,no_destination_minutes_threshold,adaptation,pts:85393:1025:IT1:2021
3,no_destination_minutes_threshold,adaptation,pts:124715:252:IT1:2021
3,no_destination_minutes_threshold,adaptation,pts:164770:985:GB1:2021
3,no_destination_minutes_threshold,adaptation,pts:85383:2687:ES1:2021
3,no_destination_minutes_threshold,adaptation,pts:199369:3709:ES1:2021
3,no_destination_minutes_threshold,adaptation,pts:127032:1050:ES1:2021
3,no_destination_minutes_threshold,adaptation,pts:182618:5:IT1:2021
3,no_destination_minutes_threshold,adaptation,pts:67082:3709:ES1:2021
3,no_destination_minutes_threshold,adaptation,pts:135492:150:ES1:2021
3,no_destination_minutes_threshold,adaptation,pts:111630:368:ES1:2021
3,no_destination_minutes_threshold,adaptation,pts:327863:1082:FR1:2022
3,no_destination_minutes_threshold,adaptation,pts:130365:5:IT1:2022
3,no_destination_minutes_threshold,adaptation,pts:395083:1421:FR1:2022
3,no_destination_minutes_threshold,adaptation,pts:25488:380:IT1:2022
3,no_destination_minutes_threshold,adaptation,pts:272261:430:IT1:2022
3,no_destination_minutes_threshold,adaptation,pts:315332:39:L1:2022
3,no_destination_minutes_threshold,adaptation,pts:74810:1148:GB1:2022
3,no_destination_minutes_threshold,adaptation,pts:128901:29:GB1:2022
3,no_destination_minutes_threshold,adaptation,pts:148368:5:IT1:2022
3,no_destination_minutes_threshold,adaptation,pts:406806:380:IT1:2022
3,no_destination_minutes_threshold,adaptation,pts:364857:969:FR1:2022
3,no_destination_minutes_threshold,adaptation,pts:307519:2687:ES1:2022
3,no_destination_minutes_threshold,adaptation,pts:84765:1038:IT1:2022
3,no_destination_minutes_threshold,adaptation,pts:181378:417:FR1:2022
3,no_destination_minutes_threshold,adaptation,pts:353796:380:IT1:2022
3,no_destination_minutes_threshold,adaptation,pts:249126:1038:IT1:2022
3,no_destination_minutes_threshold,adaptation,pts:649452:244:FR1:2022
3,no_destination_minutes_threshold,adaptation,pts:178313:667:FR1:2022
3,no_destination_minutes_threshold,adaptation,pts:206912:826:FR1:2022
3,no_destination_minutes_threshold,adaptation,pts:127142:1082:FR1:2022
3,no_destination_minutes_threshold,adaptation,pts:241229:3709:ES1:2022
3,no_destination_minutes_threshold,adaptation,pts:164771:244:FR1:2022
3,no_destination_minutes_threshold,adaptation,pts:197135:2687:ES1:2022
3,no_destination_minutes_threshold,adaptation,pts:81999:714:ES1:2022
3,no_destination_minutes_threshold,adaptation,pts:335147:380:IT1:2022
3,no_destination_minutes_threshold,adaptation,pts:352392:667:FR1:2022
3,no_destination_minutes_threshold,adaptation,pts:143559:237:ES1:2022
3,no_destination_minutes_threshold,adaptation,pts:459655:380:IT1:2022
3,no_destination_minutes_threshold,adaptation,pts:197470:3522:IT1:2022
3,no_destination_minutes_threshold,adaptation,pts:88683:749:IT1:2022
3,no_destination_minutes_threshold,adaptation,pts:570817:1421:FR1:2022
3,no_destination_minutes_threshold,adaptation,pts:60542:3524:FR1:2022
3,no_destination_minutes_threshold,adaptation,pts:131731:3522:IT1:2022
3,no_destination_minutes_threshold,adaptation,pts:223725:3709:ES1:2022
3,no_destination_minutes_threshold,adaptation,pts:179635:80:L1:2022
3,no_destination_minutes_threshold,adaptation,pts:80444:405:GB1:2022
3,no_destination_minutes_threshold,adaptation,pts:162038:367:ES1:2022
3,no_destination_minutes_threshold,adaptation,pts:212391:1531:ES1:2022
3,no_destination_minutes_threshold,adaptation,pts:247250:2687:ES1:2022
3,no_destination_minutes_threshold,adaptation,pts:238868:331:ES1:2022
3,no_destination_minutes_threshold,adaptation,pts:195171:1049:ES1:2022
3,no_destination_minutes_threshold,adaptation,pts:125614:3:L1:2022
3,no_destination_minutes_threshold,adaptation,pts:130360:276:IT1:2022
3,no_destination_minutes_threshold,adaptation,pts:309944:749:IT1:2022
3,no_destination_minutes_threshold,adaptation,pts:203842:3522:IT1:2022
3,no_destination_minutes_threshold,adaptation,pts:103565:969:FR1:2022
3,no_destination_minutes_threshold,adaptation,pts:623040:276:IT1:2022
3,no_destination_minutes_threshold,adaptation,pts:284884:940:ES1:2022
3,no_destination_minutes_threshold,adaptation,pts:25488:380:IT1:2023
3,no_destination_minutes_threshold,adaptation,pts:82503:367:ES1:2023
3,no_destination_minutes_threshold,adaptation,pts:32113:2919:IT1:2023
3,no_destination_minutes_threshold,adaptation,pts:14086:29:GB1:2023
3,no_destination_minutes_threshold,adaptation,pts:344605:368:ES1:2023
3,no_destination_minutes_threshold,adaptation,pts:159844:23826:L1:2023
3,no_destination_minutes_threshold,adaptation,pts:55769:2919:IT1:2023
3,no_destination_minutes_threshold,adaptation,pts:148368:703:GB1:2023
3,no_destination_minutes_threshold,adaptation,pts:241076:749:IT1:2023
3,no_destination_minutes_threshold,adaptation,pts:357072:826:FR1:2023
3,no_destination_minutes_threshold,adaptation,pts:364857:969:FR1:2023
3,no_destination_minutes_threshold,adaptation,pts:489611:749:IT1:2023
3,no_destination_minutes_threshold,adaptation,pts:84765:749:IT1:2023
3,no_destination_minutes_threshold,adaptation,pts:146752:2919:IT1:2023
3,no_destination_minutes_threshold,adaptation,pts:266795:2687:ES1:2023
3,no_destination_minutes_threshold,adaptation,pts:490223:3302:ES1:2023
3,no_destination_minutes_threshold,adaptation,pts:442805:3302:ES1:2023
3,no_destination_minutes_threshold,adaptation,pts:468066:6195:IT1:2023
3,no_destination_minutes_threshold,adaptation,pts:127142:3911:FR1:2023
3,no_destination_minutes_threshold,adaptation,pts:42412:985:GB1:2023
3,no_destination_minutes_threshold,adaptation,pts:241229:3911:FR1:2023
3,no_destination_minutes_threshold,adaptation,pts:286779:2687:ES1:2023
3,no_destination_minutes_threshold,adaptation,pts:81999:418:ES1:2023
3,no_destination_minutes_threshold,adaptation,pts:93704:39:L1:2023
3,no_destination_minutes_threshold,adaptation,pts:82009:89:L1:2023
3,no_destination_minutes_threshold,adaptation,pts:527698:367:ES1:2023
3,no_destination_minutes_threshold,adaptation,pts:39983:89:L1:2023
3,no_destination_minutes_threshold,adaptation,pts:240219:1005:IT1:2023
3,no_destination_minutes_threshold,adaptation,pts:279009:39:L1:2023
3,no_destination_minutes_threshold,adaptation,pts:332179:2919:IT1:2023
3,no_destination_minutes_threshold,adaptation,pts:396894:2687:ES1:2023
3,no_destination_minutes_threshold,adaptation,pts:369267:3524:FR1:2023
3,no_destination_minutes_threshold,adaptation,pts:307924:167:L1:2023
3,no_destination_minutes_threshold,adaptation,pts:307924:533:L1:2023
3,no_destination_minutes_threshold,adaptation,pts:302215:86:L1:2023
3,no_destination_minutes_threshold,adaptation,pts:82048:1005:IT1:2023
3,no_destination_minutes_threshold,adaptation,pts:66100:131:ES1:2023
3,no_destination_minutes_threshold,adaptation,pts:20005:2919:IT1:2023
3,no_destination_minutes_threshold,adaptation,pts:429901:1041:FR1:2023
3,no_destination_minutes_threshold,adaptation,pts:399543:1005:IT1:2023
3,no_destination_minutes_threshold,adaptation,pts:88909:276:IT1:2023
3,no_destination_minutes_threshold,adaptation,pts:277635:2687:ES1:2023
3,no_destination_minutes_threshold,adaptation,pts:195171:6574:IT1:2023
3,no_destination_minutes_threshold,adaptation,pts:126540:1082:FR1:2023
3,no_destination_minutes_threshold,adaptation,pts:251845:1049:ES1:2023
3,no_destination_minutes_threshold,adaptation,pts:256429:2687:ES1:2023
3,no_destination_minutes_threshold,adaptation,pts:257751:749:IT1:2023
3,no_destination_minutes_threshold,adaptation,pts:186988:167:L1:2023
3,no_destination_minutes_threshold,adaptation,pts:182618:1158:FR1:2023
3,no_destination_minutes_threshold,adaptation,pts:203842:749:IT1:2023
3,no_destination_minutes_threshold,adaptation,pts:284884:3709:ES1:2023
4,all_roles,opportunity,pts:236041:1416:FR1:2018
4,all_roles,opportunity,pts:163568:2722:IT1:2018
4,all_roles,opportunity,pts:199258:2722:IT1:2018
4,all_roles,opportunity,pts:122797:969:FR1:2018
4,all_roles,opportunity,pts:44062:13:ES1:2018
4,all_roles,opportunity,pts:22141:12:IT1:2018
4,all_roles,opportunity,pts:32113:416:IT1:2018
4,all_roles,opportunity,pts:66934:873:GB1:2018
4,all_roles,opportunity,pts:170544:417:FR1:2018
4,all_roles,opportunity,pts:134294:180:GB1:2018
4,all_roles,opportunity,pts:95641:1108:ES1:2018
4,all_roles,opportunity,pts:581781:2969:FR1:2018
4,all_roles,opportunity,pts:302991:3368:ES1:2018
4,all_roles,opportunity,pts:44059:252:IT1:2018
4,all_roles,opportunity,pts:38607:6574:IT1:2018
4,all_roles,opportunity,pts:181378:969:FR1:2018
4,all_roles,opportunity,pts:129476:1010:GB1:2018
4,all_roles,opportunity,pts:163222:1038:IT1:2018
4,all_roles,opportunity,pts:70245:3709:ES1:2018
4,all_roles,opportunity,pts:281755:3709:ES1:2018
4,all_roles,opportunity,pts:319160:1038:IT1:2018
4,all_roles,opportunity,pts:178313:162:FR1:2018
4,all_roles,opportunity,pts:40204:1132:GB1:2018
4,all_roles,opportunity,pts:42412:1003:GB1:2018
4,all_roles,opportunity,pts:241229:244:FR1:2018
4,all_roles,opportunity,pts:126719:583:FR1:2018
4,all_roles,opportunity,pts:335147:969:FR1:2018
4,all_roles,opportunity,pts:127076:82:L1:2018
4,all_roles,opportunity,pts:238752:46:IT1:2018
4,all_roles,opportunity,pts:68864:244:FR1:2018
4,all_roles,opportunity,pts:124902:6574:IT1:2018
4,all_roles,opportunity,pts:183031:416:IT1:2018
4,all_roles,opportunity,pts:27389:1049:ES1:2018
4,all_roles,opportunity,pts:427161:667:FR1:2018
4,all_roles,opportunity,pts:236400:1041:FR1:2018
4,all_roles,opportunity,pts:56100:1237:GB1:2018
4,all_roles,opportunity,pts:39983:506:IT1:2018
4,all_roles,opportunity,pts:111347:1038:IT1:2018
4,all_roles,opportunity,pts:73185:379:GB1:2018
4,all_roles,opportunity,pts:74228:12321:ES1:2018
4,all_roles,opportunity,pts:99232:410:IT1:2018
4,all_roles,opportunity,pts:112935:33:L1:2018
4,all_roles,opportunity,pts:483573:1108:ES1:2018
4,all_roles,opportunity,pts:68645:1237:GB1:2018
4,all_roles,opportunity,pts:28140:415:FR1:2018
4,all_roles,opportunity,pts:60542:368:ES1:2018
4,all_roles,opportunity,pts:40633:398:IT1:2018
4,all_roles,opportunity,pts:302215:31:GB1:2018
4,all_roles,opportunity,pts:59631:162:FR1:2018
4,all_roles,opportunity,pts:60577:416:IT1:2018
4,all_roles,opportunity,pts:7825:5:IT1:2018
4,all_roles,opportunity,pts:88909:1038:IT1:2018
4,all_roles,opportunity,pts:195171:5:IT1:2018
4,all_roles,opportunity,pts:432772:162:FR1:2018
4,all_roles,opportunity,pts:199369:681:ES1:2018
4,all_roles,opportunity,pts:130360:6195:IT1:2018
4,all_roles,opportunity,pts:34322:11:GB1:2018
4,all_roles,opportunity,pts:73734:12:IT1:2018
4,all_roles,opportunity,pts:170953:1420:FR1:2018
4,all_roles,opportunity,pts:182618:5:IT1:2018
4,all_roles,opportunity,pts:103565:618:FR1:2018
4,all_roles,opportunity,pts:236041:1416:FR1:2019
4,all_roles,opportunity,pts:163568:2969:FR1:2019
4,all_roles,opportunity,pts:355501:12:IT1:2019
4,all_roles,opportunity,pts:199258:2722:IT1:2019
4,all_roles,opportunity,pts:122797:969:FR1:2019
4,all_roles,opportunity,pts:64598:714:ES1:2019
4,all_roles,opportunity,pts:134294:180:GB1:2019
4,all_roles,opportunity,pts:288241:40:FR1:2019
4,all_roles,opportunity,pts:165873:366:ES1:2019
4,all_roles,opportunity,pts:38607:2722:IT1:2019
4,all_roles,opportunity,pts:202278:273:FR1:2019
4,all_roles,opportunity,pts:84765:6574:IT1:2019
4,all_roles,opportunity,pts:162056:3368:ES1:2019
4,all_roles,opportunity,pts:163222:6574:IT1:2019
4,all_roles,opportunity,pts:635336:995:FR1:2019
4,all_roles,opportunity,pts:319160:1038:IT1:2019
4,all_roles,opportunity,pts:65318:1049:ES1:2019
4,all_roles,opportunity,pts:178313:618:FR1:2019
4,all_roles,opportunity,pts:251896:543:GB1:2019
4,all_roles,opportunity,pts:127142:273:FR1:2019
4,all_roles,opportunity,pts:118284:969:FR1:2019
4,all_roles,opportunity,pts:164771:12:IT1:2019
4,all_roles,opportunity,pts:81999:1108:ES1:2019
4,all_roles,opportunity,pts:251892:1244:ES1:2019
4,all_roles,opportunity,pts:131708:1244:ES1:2019
4,all_roles,opportunity,pts:183031:416:IT1:2019
4,all_roles,opportunity,pts:104752:6195:IT1:2019
4,all_roles,opportunity,pts:73185:1108:ES1:2019
4,all_roles,opportunity,pts:99232:2722:IT1:2019
4,all_roles,opportunity,pts:39728:16:L1:2019
4,all_roles,opportunity,pts:176139:1025:IT1:2019
4,all_roles,opportunity,pts:396894:1049:ES1:2019
4,all_roles,opportunity,pts:40633:430:IT1:2019
4,all_roles,opportunity,pts:203496:150:ES1:2019
4,all_roles,opportunity,pts:82048:1025:IT1:2019
4,all_roles,opportunity,pts:74230:583:FR1:2019
4,all_roles,opportunity,pts:101213:6574:IT1:2019
4,all_roles,opportunity,pts:80444:27:L1:2019
4,all_roles,opportunity,pts:314295:167:L1:2019
4,all_roles,opportunity,pts:88909:252:IT1:2019
4,all_roles,opportunity,pts:238868:1050:ES1:2019
4,all_roles,opportunity,pts:199369:366:ES1:2019
4,all_roles,opportunity,pts:44466:24:L1:2019
4,all_roles,opportunity,pts:207302:583:FR1:2019
4,all_roles,opportunity,pts:130360:416:IT1:2019
4,all_roles,opportunity,pts:216179:46:IT1:2019
4,all_roles,opportunity,pts:167859:252:IT1:2019
4,all_roles,opportunity,pts:182618:162:FR1:2019
4,all_roles,opportunity,pts:127156:969:FR1:2019
4,all_roles,opportunity,pts:146854:162:FR1:2019
4,all_roles,opportunity,pts:274484:1041:FR1:2019
4,all_roles,opportunity,pts:43512:86:L1:2019
4,all_roles,opportunity,pts:43530:1237:GB1:2020
4,all_roles,opportunity,pts:56810:1038:IT1:2020
4,all_roles,opportunity,pts:130365:583:FR1:2020
4,all_roles,opportunity,pts:184894:430:IT1:2020
4,all_roles,opportunity,pts:163568:273:FR1:2020
4,all_roles,opportunity,pts:481834:1390:IT1:2020
4,all_roles,opportunity,pts:41323:89:L1:2020
4,all_roles,opportunity,pts:25488:1038:IT1:2020
4,all_roles,opportunity,pts:272261:276:IT1:2020
4,all_roles,opportunity,pts:468002:379:GB1:2020
4,all_roles,opportunity,pts:58396:86:L1:2020
4,all_roles,opportunity,pts:170544:3911:FR1:2020
4,all_roles,opportunity,pts:40423:150:ES1:2020
4,all_roles,opportunity,pts:121477:379:GB1:2020
4,all_roles,opportunity,pts:129476:410:IT1:2020
4,all_roles,opportunity,pts:57280:430:IT1:2020
4,all_roles,opportunity,pts:310458:276:IT1:2020
4,all_roles,opportunity,pts:266795:398:IT1:2020
4,all_roles,opportunity,pts:163222:6574:IT1:2020
4,all_roles,opportunity,pts:32467:368:ES1:2020
4,all_roles,opportunity,pts:182875:995:FR1:2020
4,all_roles,opportunity,pts:178313:667:FR1:2020
4,all_roles,opportunity,pts:148262:762:GB1:2020
4,all_roles,opportunity,pts:251896:16795:ES1:2020
4,all_roles,opportunity,pts:164771:12:IT1:2020
4,all_roles,opportunity,pts:61253:430:IT1:2020
4,all_roles,opportunity,pts:238752:1038:IT1:2020
4,all_roles,opportunity,pts:82009:162:FR1:2020
4,all_roles,opportunity,pts:527698:366:ES1:2020
4,all_roles,opportunity,pts:111347:1038:IT1:2020
4,all_roles,opportunity,pts:99254:130:IT1:2020
4,all_roles,opportunity,pts:505194:1003:GB1:2020
4,all_roles,opportunity,pts:68645:150:ES1:2020
4,all_roles,opportunity,pts:332179:800:IT1:2020
4,all_roles,opportunity,pts:176139:252:IT1:2020
4,all_roles,opportunity,pts:88682:1041:FR1:2020
4,all_roles,opportunity,pts:88683:252:IT1:2020
4,all_roles,opportunity,pts:60542:16795:ES1:2020
4,all_roles,opportunity,pts:40633:252:IT1:2020
4,all_roles,opportunity,pts:44162:131:ES1:2020
4,all_roles,opportunity,pts:56818:417:FR1:2020
4,all_roles,opportunity,pts:318507:1420:FR1:2020
4,all_roles,opportunity,pts:7825:398:IT1:2020
4,all_roles,opportunity,pts:569866:681:ES1:2020
4,all_roles,opportunity,pts:94201:89:L1:2020
4,all_roles,opportunity,pts:207302:583:FR1:2020
4,all_roles,opportunity,pts:130360:416:IT1:2020
4,all_roles,opportunity,pts:216179:46:IT1:2020
4,all_roles,opportunity,pts:340328:969:FR1:2020
4,all_roles,opportunity,pts:111961:368:ES1:2020
4,all_roles,opportunity,pts:60444:31:GB1:2020
4,all_roles,opportunity,pts:265763:347:FR1:2020
4,all_roles,opportunity,pts:182618:6195:IT1:2020
4,all_roles,opportunity,pts:282349:33:L1:2020
4,all_roles,opportunity,pts:284595:1038:IT1:2020
4,all_roles,opportunity,pts:284884:368:ES1:2020
4,all_roles,opportunity,pts:43512:86:L1:2020
4,all_roles,opportunity,pts:126673:1025:IT1:2021
4,all_roles,opportunity,pts:130365:5:IT1:2021
4,all_roles,opportunity,pts:395083:1421:FR1:2021
4,all_roles,opportunity,pts:61842:29:GB1:2021
4,all_roles,opportunity,pts:122797:417:FR1:2021
4,all_roles,opportunity,pts:25488:1038:IT1:2021
4,all_roles,opportunity,pts:272261:276:IT1:2021
4,all_roles,opportunity,pts:14086:405:GB1:2021
4,all_roles,opportunity,pts:344605:1003:GB1:2021
4,all_roles,opportunity,pts:159844:24:L1:2021
4,all_roles,opportunity,pts:121477:379:GB1:2021
4,all_roles,opportunity,pts:134294:405:GB1:2021
4,all_roles,opportunity,pts:562049:12:IT1:2021
4,all_roles,opportunity,pts:84765:1038:IT1:2021
4,all_roles,opportunity,pts:181378:273:FR1:2021
4,all_roles,opportunity,pts:310458:276:IT1:2021
4,all_roles,opportunity,pts:146752:276:IT1:2021
4,all_roles,opportunity,pts:173900:1049:ES1:2021
4,all_roles,opportunity,pts:319160:3709:ES1:2021
4,all_roles,opportunity,pts:315125:40:FR1:2021
4,all_roles,opportunity,pts:471474:331:ES1:2021
4,all_roles,opportunity,pts:178313:667:FR1:2021
4,all_roles,opportunity,pts:238752:1390:IT1:2021
4,all_roles,opportunity,pts:131951:276:IT1:2021
4,all_roles,opportunity,pts:94137:89:L1:2021
4,all_roles,opportunity,pts:68864:1390:IT1:2021
4,all_roles,opportunity,pts:27389:667:FR1:2021
4,all_roles,opportunity,pts:309393:10:L1:2021
4,all_roles,opportunity,pts:352392:667:FR1:2021
4,all_roles,opportunity,pts:73185:1531:ES1:2021
4,all_roles,opportunity,pts:47713:969:FR1:2021
4,all_roles,opportunity,pts:279009:44:L1:2021
4,all_roles,opportunity,pts:481084:1049:ES1:2021
4,all_roles,opportunity,pts:112935:3:L1:2021
4,all_roles,opportunity,pts:143559:430:IT1:2021
4,all_roles,opportunity,pts:459655:800:IT1:2021
4,all_roles,opportunity,pts:131731:3522:IT1:2021
4,all_roles,opportunity,pts:85393:1025:IT1:2021
4,all_roles,opportunity,pts:124715:252:IT1:2021
4,all_roles,opportunity,pts:164770:985:GB1:2021
4,all_roles,opportunity,pts:85383:2687:ES1:2021
4,all_roles,opportunity,pts:45026:12:IT1:2021
4,all_roles,opportunity,pts:25508:252:IT1:2021
4,all_roles,opportunity,pts:199369:3709:ES1:2021
4,all_roles,opportunity,pts:127032:1050:ES1:2021
4,all_roles,opportunity,pts:182618:5:IT1:2021
4,all_roles,opportunity,pts:67082:3709:ES1:2021
4,all_roles,opportunity,pts:135492:150:ES1:2021
4,all_roles,opportunity,pts:111630:368:ES1:2021
4,all_roles,opportunity,pts:327863:1082:FR1:2022
4,all_roles,opportunity,pts:130365:5:IT1:2022
4,all_roles,opportunity,pts:395083:1421:FR1:2022
4,all_roles,opportunity,pts:25488:380:IT1:2022
4,all_roles,opportunity,pts:272261:430:IT1:2022
4,all_roles,opportunity,pts:315332:39:L1:2022
4,all_roles,opportunity,pts:74810:1148:GB1:2022
4,all_roles,opportunity,pts:128901:29:GB1:2022
4,all_roles,opportunity,pts:148368:5:IT1:2022
4,all_roles,opportunity,pts:406806:380:IT1:2022
4,all_roles,opportunity,pts:364857:969:FR1:2022
4,all_roles,opportunity,pts:307519:2687:ES1:2022
4,all_roles,opportunity,pts:84765:1038:IT1:2022
4,all_roles,opportunity,pts:181378:417:FR1:2022
4,all_roles,opportunity,pts:353796:380:IT1:2022
4,all_roles,opportunity,pts:249126:1038:IT1:2022
4,all_roles,opportunity,pts:649452:244:FR1:2022
4,all_roles,opportunity,pts:178313:667:FR1:2022
4,all_roles,opportunity,pts:206912:826:FR1:2022
4,all_roles,opportunity,pts:127142:1082:FR1:2022
4,all_roles,opportunity,pts:241229:3709:ES1:2022
4,all_roles,opportunity,pts:164771:244:FR1:2022
4,all_roles,opportunity,pts:197135:2687:ES1:2022
4,all_roles,opportunity,pts:81999:714:ES1:2022
4,all_roles,opportunity,pts:335147:380:IT1:2022
4,all_roles,opportunity,pts:352392:667:FR1:2022
4,all_roles,opportunity,pts:99254:380:IT1:2022
4,all_roles,opportunity,pts:814976:1421:FR1:2022
4,all_roles,opportunity,pts:143559:237:ES1:2022
4,all_roles,opportunity,pts:459655:380:IT1:2022
4,all_roles,opportunity,pts:197470:3522:IT1:2022
4,all_roles,opportunity,pts:88683:749:IT1:2022
4,all_roles,opportunity,pts:570817:1421:FR1:2022
4,all_roles,opportunity,pts:60542:3524:FR1:2022
4,all_roles,opportunity,pts:131731:3522:IT1:2022
4,all_roles,opportunity,pts:855158:995:FR1:2022
4,all_roles,opportunity,pts:223725:3709:ES1:2022
4,all_roles,opportunity,pts:7825:1050:ES1:2022
4,all_roles,opportunity,pts:179635:80:L1:2022
4,all_roles,opportunity,pts:80444:405:GB1:2022
4,all_roles,opportunity,pts:364133:416:IT1:2022
4,all_roles,opportunity,pts:162038:367:ES1:2022
4,all_roles,opportunity,pts:212391:1531:ES1:2022
4,all_roles,opportunity,pts:247250:2687:ES1:2022
4,all_roles,opportunity,pts:238868:331:ES1:2022
4,all_roles,opportunity,pts:195171:1049:ES1:2022
4,all_roles,opportunity,pts:125614:3:L1:2022
4,all_roles,opportunity,pts:130360:276:IT1:2022
4,all_roles,opportunity,pts:296879:3:L1:2022
4,all_roles,opportunity,pts:23951:273:FR1:2022
4,all_roles,opportunity,pts:309944:749:IT1:2022
4,all_roles,opportunity,pts:203842:3522:IT1:2022
4,all_roles,opportunity,pts:103565:969:FR1:2022
4,all_roles,opportunity,pts:623040:276:IT1:2022
4,all_roles,opportunity,pts:284884:940:ES1:2022
4,all_roles,opportunity,pts:895480:621:ES1:2023
4,all_roles,opportunity,pts:12907:6574:IT1:2023
4,all_roles,opportunity,pts:25488:380:IT1:2023
4,all_roles,opportunity,pts:82503:367:ES1:2023
4,all_roles,opportunity,pts:32113:2919:IT1:2023
4,all_roles,opportunity,pts:14086:29:GB1:2023
4,all_roles,opportunity,pts:22628:380:IT1:2023
4,all_roles,opportunity,pts:344605:368:ES1:2023
4,all_roles,opportunity,pts:159844:23826:L1:2023
4,all_roles,opportunity,pts:55769:2919:IT1:2023
4,all_roles,opportunity,pts:670848:379:GB1:2023
4,all_roles,opportunity,pts:148368:703:GB1:2023
4,all_roles,opportunity,pts:241076:749:IT1:2023
4,all_roles,opportunity,pts:357072:826:FR1:2023
4,all_roles,opportunity,pts:364857:969:FR1:2023
4,all_roles,opportunity,pts:456492:3:L1:2023
4,all_roles,opportunity,pts:489611:749:IT1:2023
4,all_roles,opportunity,pts:84765:749:IT1:2023
4,all_roles,opportunity,pts:146752:2919:IT1:2023
4,all_roles,opportunity,pts:88684:2919:IT1:2023
4,all_roles,opportunity,pts:266795:2687:ES1:2023
4,all_roles,opportunity,pts:490223:3302:ES1:2023
4,all_roles,opportunity,pts:442805:3302:ES1:2023
4,all_roles,opportunity,pts:468066:6195:IT1:2023
4,all_roles,opportunity,pts:127142:3911:FR1:2023
4,all_roles,opportunity,pts:42412:985:GB1:2023
4,all_roles,opportunity,pts:241229:3911:FR1:2023
4,all_roles,opportunity,pts:286779:2687:ES1:2023
4,all_roles,opportunity,pts:81999:418:ES1:2023
4,all_roles,opportunity,pts:93704:39:L1:2023
4,all_roles,opportunity,pts:585700:150:ES1:2023
4,all_roles,opportunity,pts:82009:89:L1:2023
4,all_roles,opportunity,pts:527698:367:ES1:2023
4,all_roles,opportunity,pts:39983:89:L1:2023
4,all_roles,opportunity,pts:240219:1005:IT1:2023
4,all_roles,opportunity,pts:279009:39:L1:2023
4,all_roles,opportunity,pts:332179:2919:IT1:2023
4,all_roles,opportunity,pts:396894:2687:ES1:2023
4,all_roles,opportunity,pts:369267:3524:FR1:2023
4,all_roles,opportunity,pts:307924:167:L1:2023
4,all_roles,opportunity,pts:307924:533:L1:2023
4,all_roles,opportunity,pts:302215:86:L1:2023
4,all_roles,opportunity,pts:82048:1005:IT1:2023
4,all_roles,opportunity,pts:66100:131:ES1:2023
4,all_roles,opportunity,pts:20005:2919:IT1:2023
4,all_roles,opportunity,pts:429901:1041:FR1:2023
4,all_roles,opportunity,pts:399543:1005:IT1:2023
4,all_roles,opportunity,pts:88909:276:IT1:2023
4,all_roles,opportunity,pts:277635:2687:ES1:2023
4,all_roles,opportunity,pts:195171:6574:IT1:2023
4,all_roles,opportunity,pts:126540:1082:FR1:2023
4,all_roles,opportunity,pts:377219:1049:ES1:2023
4,all_roles,opportunity,pts:251845:1049:ES1:2023
4,all_roles,opportunity,pts:256429:2687:ES1:2023
4,all_roles,opportunity,pts:257751:749:IT1:2023
4,all_roles,opportunity,pts:1004618:995:FR1:2023
4,all_roles,opportunity,pts:186988:167:L1:2023
4,all_roles,opportunity,pts:182618:1158:FR1:2023
4,all_roles,opportunity,pts:203842:749:IT1:2023
4,all_roles,opportunity,pts:33781:1082:FR1:2023
4,all_roles,opportunity,pts:284884:3709:ES1:2023
4,all_roles,performance,pts:236041:1416:FR1:2018
4,all_roles,performance,pts:199258:2722:IT1:2018
4,all_roles,performance,pts:122797:969:FR1:2018
4,all_roles,performance,pts:32113:416:IT1:2018
4,all_roles,performance,pts:66934:873:GB1:2018
4,all_roles,performance,pts:170544:417:FR1:2018
4,all_roles,performance,pts:134294:180:GB1:2018
4,all_roles,performance,pts:95641:1108:ES1:2018
4,all_roles,performance,pts:581781:2969:FR1:2018
4,all_roles,performance,pts:302991:3368:ES1:2018
4,all_roles,performance,pts:44059:252:IT1:2018
4,all_roles,performance,pts:38607:6574:IT1:2018
4,all_roles,performance,pts:181378:969:FR1:2018
4,all_roles,performance,pts:129476:1010:GB1:2018
4,all_roles,performance,pts:163222:1038:IT1:2018
4,all_roles,performance,pts:319160:1038:IT1:2018
4,all_roles,performance,pts:178313:162:FR1:2018
4,all_roles,performance,pts:42412:1003:GB1:2018
4,all_roles,performance,pts:241229:244:FR1:2018
4,all_roles,performance,pts:126719:583:FR1:2018
4,all_roles,performance,pts:335147:969:FR1:2018
4,all_roles,performance,pts:127076:82:L1:2018
4,all_roles,performance,pts:238752:46:IT1:2018
4,all_roles,performance,pts:68864:244:FR1:2018
4,all_roles,performance,pts:124902:6574:IT1:2018
4,all_roles,performance,pts:183031:416:IT1:2018
4,all_roles,performance,pts:27389:1049:ES1:2018
4,all_roles,performance,pts:427161:667:FR1:2018
4,all_roles,performance,pts:236400:1041:FR1:2018
4,all_roles,performance,pts:56100:1237:GB1:2018
4,all_roles,performance,pts:39983:506:IT1:2018
4,all_roles,performance,pts:111347:1038:IT1:2018
4,all_roles,performance,pts:73185:379:GB1:2018
4,all_roles,performance,pts:74228:12321:ES1:2018
4,all_roles,performance,pts:99232:410:IT1:2018
4,all_roles,performance,pts:112935:33:L1:2018
4,all_roles,performance,pts:483573:1108:ES1:2018
4,all_roles,performance,pts:68645:1237:GB1:2018
4,all_roles,performance,pts:28140:415:FR1:2018
4,all_roles,performance,pts:60542:368:ES1:2018
4,all_roles,performance,pts:40633:398:IT1:2018
4,all_roles,performance,pts:302215:31:GB1:2018
4,all_roles,performance,pts:59631:162:FR1:2018
4,all_roles,performance,pts:60577:416:IT1:2018
4,all_roles,performance,pts:88909:1038:IT1:2018
4,all_roles,performance,pts:195171:5:IT1:2018
4,all_roles,performance,pts:432772:162:FR1:2018
4,all_roles,performance,pts:199369:681:ES1:2018
4,all_roles,performance,pts:130360:6195:IT1:2018
4,all_roles,performance,pts:34322:11:GB1:2018
4,all_roles,performance,pts:73734:12:IT1:2018
4,all_roles,performance,pts:170953:1420:FR1:2018
4,all_roles,performance,pts:182618:5:IT1:2018
4,all_roles,performance,pts:103565:618:FR1:2018
4,all_roles,performance,pts:236041:1416:FR1:2019
4,all_roles,performance,pts:355501:12:IT1:2019
4,all_roles,performance,pts:199258:2722:IT1:2019
4,all_roles,performance,pts:122797:969:FR1:2019
4,all_roles,performance,pts:64598:714:ES1:2019
4,all_roles,performance,pts:134294:180:GB1:2019
4,all_roles,performance,pts:288241:40:FR1:2019
4,all_roles,performance,pts:165873:366:ES1:2019
4,all_roles,performance,pts:38607:2722:IT1:2019
4,all_roles,performance,pts:202278:273:FR1:2019
4,all_roles,performance,pts:84765:6574:IT1:2019
4,all_roles,performance,pts:162056:3368:ES1:2019
4,all_roles,performance,pts:163222:6574:IT1:2019
4,all_roles,performance,pts:635336:995:FR1:2019
4,all_roles,performance,pts:319160:1038:IT1:2019
4,all_roles,performance,pts:65318:1049:ES1:2019
4,all_roles,performance,pts:178313:618:FR1:2019
4,all_roles,performance,pts:118284:969:FR1:2019
4,all_roles,performance,pts:164771:12:IT1:2019
4,all_roles,performance,pts:81999:1108:ES1:2019
4,all_roles,performance,pts:131708:1244:ES1:2019
4,all_roles,performance,pts:183031:416:IT1:2019
4,all_roles,performance,pts:104752:6195:IT1:2019
4,all_roles,performance,pts:73185:1108:ES1:2019
4,all_roles,performance,pts:99232:2722:IT1:2019
4,all_roles,performance,pts:39728:16:L1:2019
4,all_roles,performance,pts:176139:1025:IT1:2019
4,all_roles,performance,pts:396894:1049:ES1:2019
4,all_roles,performance,pts:40633:430:IT1:2019
4,all_roles,performance,pts:203496:150:ES1:2019
4,all_roles,performance,pts:82048:1025:IT1:2019
4,all_roles,performance,pts:74230:583:FR1:2019
4,all_roles,performance,pts:101213:6574:IT1:2019
4,all_roles,performance,pts:80444:27:L1:2019
4,all_roles,performance,pts:238868:1050:ES1:2019
4,all_roles,performance,pts:199369:366:ES1:2019
4,all_roles,performance,pts:44466:24:L1:2019
4,all_roles,performance,pts:130360:416:IT1:2019
4,all_roles,performance,pts:216179:46:IT1:2019
4,all_roles,performance,pts:167859:252:IT1:2019
4,all_roles,performance,pts:182618:162:FR1:2019
4,all_roles,performance,pts:127156:969:FR1:2019
4,all_roles,performance,pts:146854:162:FR1:2019
4,all_roles,performance,pts:274484:1041:FR1:2019
4,all_roles,performance,pts:43512:86:L1:2019
4,all_roles,performance,pts:43530:1237:GB1:2020
4,all_roles,performance,pts:56810:1038:IT1:2020
4,all_roles,performance,pts:130365:583:FR1:2020
4,all_roles,performance,pts:481834:1390:IT1:2020
4,all_roles,performance,pts:25488:1038:IT1:2020
4,all_roles,performance,pts:272261:276:IT1:2020
4,all_roles,performance,pts:468002:379:GB1:2020
4,all_roles,performance,pts:58396:86:L1:2020
4,all_roles,performance,pts:170544:3911:FR1:2020
4,all_roles,performance,pts:121477:379:GB1:2020
4,all_roles,performance,pts:129476:410:IT1:2020
4,all_roles,performance,pts:57280:430:IT1:2020
4,all_roles,performance,pts:310458:276:IT1:2020
4,all_roles,performance,pts:266795:398:IT1:2020
4,all_roles,performance,pts:163222:6574:IT1:2020
4,all_roles,performance,pts:32467:368:ES1:2020
4,all_roles,performance,pts:182875:995:FR1:2020
4,all_roles,performance,pts:178313:667:FR1:2020
4,all_roles,performance,pts:148262:762:GB1:2020
4,all_roles,performance,pts:251896:16795:ES1:2020
4,all_roles,performance,pts:164771:12:IT1:2020
4,all_roles,performance,pts:61253:430:IT1:2020
4,all_roles,performance,pts:238752:1038:IT1:2020
4,all_roles,performance,pts:82009:162:FR1:2020
4,all_roles,performance,pts:527698:366:ES1:2020
4,all_roles,performance,pts:111347:1038:IT1:2020
4,all_roles,performance,pts:505194:1003:GB1:2020
4,all_roles,performance,pts:332179:800:IT1:2020
4,all_roles,performance,pts:176139:252:IT1:2020
4,all_roles,performance,pts:88682:1041:FR1:2020
4,all_roles,performance,pts:88683:252:IT1:2020
4,all_roles,performance,pts:60542:16795:ES1:2020
4,all_roles,performance,pts:40633:252:IT1:2020
4,all_roles,performance,pts:44162:131:ES1:2020
4,all_roles,performance,pts:56818:417:FR1:2020
4,all_roles,performance,pts:569866:681:ES1:2020
4,all_roles,performance,pts:94201:89:L1:2020
4,all_roles,performance,pts:130360:416:IT1:2020
4,all_roles,performance,pts:216179:46:IT1:2020
4,all_roles,performance,pts:340328:969:FR1:2020
4,all_roles,performance,pts:111961:368:ES1:2020
4,all_roles,performance,pts:60444:31:GB1:2020
4,all_roles,performance,pts:265763:347:FR1:2020
4,all_roles,performance,pts:182618:6195:IT1:2020
4,all_roles,performance,pts:282349:33:L1:2020
4,all_roles,performance,pts:284595:1038:IT1:2020
4,all_roles,performance,pts:284884:368:ES1:2020
4,all_roles,performance,pts:43512:86:L1:2020
4,all_roles,performance,pts:126673:1025:IT1:2021
4,all_roles,performance,pts:130365:5:IT1:2021
4,all_roles,performance,pts:395083:1421:FR1:2021
4,all_roles,performance,pts:61842:29:GB1:2021
4,all_roles,performance,pts:122797:417:FR1:2021
4,all_roles,performance,pts:25488:1038:IT1:2021
4,all_roles,performance,pts:272261:276:IT1:2021
4,all_roles,performance,pts:14086:405:GB1:2021
4,all_roles,performance,pts:344605:1003:GB1:2021
4,all_roles,performance,pts:159844:24:L1:2021
4,all_roles,performance,pts:121477:379:GB1:2021
4,all_roles,performance,pts:134294:405:GB1:2021
4,all_roles,performance,pts:84765:1038:IT1:2021
4,all_roles,performance,pts:181378:273:FR1:2021
4,all_roles,performance,pts:310458:276:IT1:2021
4,all_roles,performance,pts:146752:276:IT1:2021
4,all_roles,performance,pts:173900:1049:ES1:2021
4,all_roles,performance,pts:319160:3709:ES1:2021
4,all_roles,performance,pts:315125:40:FR1:2021
4,all_roles,performance,pts:471474:331:ES1:2021
4,all_roles,performance,pts:178313:667:FR1:2021
4,all_roles,performance,pts:238752:1390:IT1:2021
4,all_roles,performance,pts:131951:276:IT1:2021
4,all_roles,performance,pts:68864:1390:IT1:2021
4,all_roles,performance,pts:27389:667:FR1:2021
4,all_roles,performance,pts:352392:667:FR1:2021
4,all_roles,performance,pts:73185:1531:ES1:2021
4,all_roles,performance,pts:47713:969:FR1:2021
4,all_roles,performance,pts:279009:44:L1:2021
4,all_roles,performance,pts:481084:1049:ES1:2021
4,all_roles,performance,pts:112935:3:L1:2021
4,all_roles,performance,pts:124715:252:IT1:2021
4,all_roles,performance,pts:164770:985:GB1:2021
4,all_roles,performance,pts:85383:2687:ES1:2021
4,all_roles,performance,pts:199369:3709:ES1:2021
4,all_roles,performance,pts:127032:1050:ES1:2021
4,all_roles,performance,pts:182618:5:IT1:2021
4,all_roles,performance,pts:135492:150:ES1:2021
4,all_roles,performance,pts:111630:368:ES1:2021
4,all_roles,performance,pts:395083:1421:FR1:2022
4,all_roles,performance,pts:25488:380:IT1:2022
4,all_roles,performance,pts:272261:430:IT1:2022
4,all_roles,performance,pts:315332:39:L1:2022
4,all_roles,performance,pts:74810:1148:GB1:2022
4,all_roles,performance,pts:128901:29:GB1:2022
4,all_roles,performance,pts:148368:5:IT1:2022
4,all_roles,performance,pts:406806:380:IT1:2022
4,all_roles,performance,pts:364857:969:FR1:2022
4,all_roles,performance,pts:307519:2687:ES1:2022
4,all_roles,performance,pts:84765:1038:IT1:2022
4,all_roles,performance,pts:181378:417:FR1:2022
4,all_roles,performance,pts:353796:380:IT1:2022
4,all_roles,performance,pts:249126:1038:IT1:2022
4,all_roles,performance,pts:649452:244:FR1:2022
4,all_roles,performance,pts:178313:667:FR1:2022
4,all_roles,performance,pts:206912:826:FR1:2022
4,all_roles,performance,pts:164771:244:FR1:2022
4,all_roles,performance,pts:197135:2687:ES1:2022
4,all_roles,performance,pts:81999:714:ES1:2022
4,all_roles,performance,pts:335147:380:IT1:2022
4,all_roles,performance,pts:352392:667:FR1:2022
4,all_roles,performance,pts:143559:237:ES1:2022
4,all_roles,performance,pts:459655:380:IT1:2022
4,all_roles,performance,pts:197470:3522:IT1:2022
4,all_roles,performance,pts:88683:749:IT1:2022
4,all_roles,performance,pts:570817:1421:FR1:2022
4,all_roles,performance,pts:60542:3524:FR1:2022
4,all_roles,performance,pts:131731:3522:IT1:2022
4,all_roles,performance,pts:223725:3709:ES1:2022
4,all_roles,performance,pts:179635:80:L1:2022
4,all_roles,performance,pts:80444:405:GB1:2022
4,all_roles,performance,pts:364133:416:IT1:2022
4,all_roles,performance,pts:162038:367:ES1:2022
4,all_roles,performance,pts:212391:1531:ES1:2022
4,all_roles,performance,pts:247250:2687:ES1:2022
4,all_roles,performance,pts:238868:331:ES1:2022
4,all_roles,performance,pts:195171:1049:ES1:2022
4,all_roles,performance,pts:125614:3:L1:2022
4,all_roles,performance,pts:130360:276:IT1:2022
4,all_roles,performance,pts:296879:3:L1:2022
4,all_roles,performance,pts:309944:749:IT1:2022
4,all_roles,performance,pts:203842:3522:IT1:2022
4,all_roles,performance,pts:103565:969:FR1:2022
4,all_roles,performance,pts:623040:276:IT1:2022
4,all_roles,performance,pts:284884:940:ES1:2022
4,all_roles,performance,pts:25488:380:IT1:2023
4,all_roles,performance,pts:82503:367:ES1:2023
4,all_roles,performance,pts:32113:2919:IT1:2023
4,all_roles,performance,pts:14086:29:GB1:2023
4,all_roles,performance,pts:344605:368:ES1:2023
4,all_roles,performance,pts:55769:2919:IT1:2023
4,all_roles,performance,pts:148368:703:GB1:2023
4,all_roles,performance,pts:241076:749:IT1:2023
4,all_roles,performance,pts:364857:969:FR1:2023
4,all_roles,performance,pts:456492:3:L1:2023
4,all_roles,performance,pts:489611:749:IT1:2023
4,all_roles,performance,pts:84765:749:IT1:2023
4,all_roles,performance,pts:266795:2687:ES1:2023
4,all_roles,performance,pts:442805:3302:ES1:2023
4,all_roles,performance,pts:468066:6195:IT1:2023
4,all_roles,performance,pts:127142:3911:FR1:2023
4,all_roles,performance,pts:42412:985:GB1:2023
4,all_roles,performance,pts:286779:2687:ES1:2023
4,all_roles,performance,pts:81999:418:ES1:2023
4,all_roles,performance,pts:82009:89:L1:2023
4,all_roles,performance,pts:527698:367:ES1:2023
4,all_roles,performance,pts:39983:89:L1:2023
4,all_roles,performance,pts:279009:39:L1:2023
4,all_roles,performance,pts:332179:2919:IT1:2023
4,all_roles,performance,pts:396894:2687:ES1:2023
4,all_roles,performance,pts:369267:3524:FR1:2023
4,all_roles,performance,pts:82048:1005:IT1:2023
4,all_roles,performance,pts:66100:131:ES1:2023
4,all_roles,performance,pts:399543:1005:IT1:2023
4,all_roles,performance,pts:277635:2687:ES1:2023
4,all_roles,performance,pts:195171:6574:IT1:2023
4,all_roles,performance,pts:377219:1049:ES1:2023
4,all_roles,performance,pts:251845:1049:ES1:2023
4,all_roles,performance,pts:256429:2687:ES1:2023
4,all_roles,performance,pts:257751:749:IT1:2023
4,all_roles,performance,pts:186988:167:L1:2023
4,all_roles,performance,pts:182618:1158:FR1:2023
4,all_roles,performance,pts:203842:749:IT1:2023
4,all_roles,performance,pts:284884:3709:ES1:2023
4,all_roles,adaptation,pts:236041:1416:FR1:2018
4,all_roles,adaptation,pts:199258:2722:IT1:2018
4,all_roles,adaptation,pts:122797:969:FR1:2018
4,all_roles,adaptation,pts:32113:416:IT1:2018
4,all_roles,adaptation,pts:66934:873:GB1:2018
4,all_roles,adaptation,pts:170544:417:FR1:2018
4,all_roles,adaptation,pts:95641:1108:ES1:2018
4,all_roles,adaptation,pts:302991:3368:ES1:2018
4,all_roles,adaptation,pts:44059:252:IT1:2018
4,all_roles,adaptation,pts:38607:6574:IT1:2018
4,all_roles,adaptation,pts:181378:969:FR1:2018
4,all_roles,adaptation,pts:129476:1010:GB1:2018
4,all_roles,adaptation,pts:163222:1038:IT1:2018
4,all_roles,adaptation,pts:319160:1038:IT1:2018
4,all_roles,adaptation,pts:178313:162:FR1:2018
4,all_roles,adaptation,pts:42412:1003:GB1:2018
4,all_roles,adaptation,pts:241229:244:FR1:2018
4,all_roles,adaptation,pts:126719:583:FR1:2018
4,all_roles,adaptation,pts:335147:969:FR1:2018
4,all_roles,adaptation,pts:127076:82:L1:2018
4,all_roles,adaptation,pts:238752:46:IT1:2018
4,all_roles,adaptation,pts:68864:244:FR1:2018
4,all_roles,adaptation,pts:124902:6574:IT1:2018
4,all_roles,adaptation,pts:183031:416:IT1:2018
4,all_roles,adaptation,pts:27389:1049:ES1:2018
4,all_roles,adaptation,pts:427161:667:FR1:2018
4,all_roles,adaptation,pts:236400:1041:FR1:2018
4,all_roles,adaptation,pts:56100:1237:GB1:2018
4,all_roles,adaptation,pts:39983:506:IT1:2018
4,all_roles,adaptation,pts:73185:379:GB1:2018
4,all_roles,adaptation,pts:74228:12321:ES1:2018
4,all_roles,adaptation,pts:99232:410:IT1:2018
4,all_roles,adaptation,pts:112935:33:L1:2018
4,all_roles,adaptation,pts:483573:1108:ES1:2018
4,all_roles,adaptation,pts:68645:1237:GB1:2018
4,all_roles,adaptation,pts:28140:415:FR1:2018
4,all_roles,adaptation,pts:60542:368:ES1:2018
4,all_roles,adaptation,pts:40633:398:IT1:2018
4,all_roles,adaptation,pts:302215:31:GB1:2018
4,all_roles,adaptation,pts:60577:416:IT1:2018
4,all_roles,adaptation,pts:88909:1038:IT1:2018
4,all_roles,adaptation,pts:195171:5:IT1:2018
4,all_roles,adaptation,pts:432772:162:FR1:2018
4,all_roles,adaptation,pts:199369:681:ES1:2018
4,all_roles,adaptation,pts:130360:6195:IT1:2018
4,all_roles,adaptation,pts:34322:11:GB1:2018
4,all_roles,adaptation,pts:73734:12:IT1:2018
4,all_roles,adaptation,pts:170953:1420:FR1:2018
4,all_roles,adaptation,pts:182618:5:IT1:2018
4,all_roles,adaptation,pts:103565:618:FR1:2018
4,all_roles,adaptation,pts:236041:1416:FR1:2019
4,all_roles,adaptation,pts:355501:12:IT1:2019
4,all_roles,adaptation,pts:199258:2722:IT1:2019
4,all_roles,adaptation,pts:122797:969:FR1:2019
4,all_roles,adaptation,pts:64598:714:ES1:2019
4,all_roles,adaptation,pts:134294:180:GB1:2019
4,all_roles,adaptation,pts:288241:40:FR1:2019
4,all_roles,adaptation,pts:165873:366:ES1:2019
4,all_roles,adaptation,pts:38607:2722:IT1:2019
4,all_roles,adaptation,pts:202278:273:FR1:2019
4,all_roles,adaptation,pts:84765:6574:IT1:2019
4,all_roles,adaptation,pts:162056:3368:ES1:2019
4,all_roles,adaptation,pts:163222:6574:IT1:2019
4,all_roles,adaptation,pts:319160:1038:IT1:2019
4,all_roles,adaptation,pts:65318:1049:ES1:2019
4,all_roles,adaptation,pts:178313:618:FR1:2019
4,all_roles,adaptation,pts:118284:969:FR1:2019
4,all_roles,adaptation,pts:164771:12:IT1:2019
4,all_roles,adaptation,pts:81999:1108:ES1:2019
4,all_roles,adaptation,pts:131708:1244:ES1:2019
4,all_roles,adaptation,pts:183031:416:IT1:2019
4,all_roles,adaptation,pts:104752:6195:IT1:2019
4,all_roles,adaptation,pts:73185:1108:ES1:2019
4,all_roles,adaptation,pts:99232:2722:IT1:2019
4,all_roles,adaptation,pts:39728:16:L1:2019
4,all_roles,adaptation,pts:176139:1025:IT1:2019
4,all_roles,adaptation,pts:396894:1049:ES1:2019
4,all_roles,adaptation,pts:40633:430:IT1:2019
4,all_roles,adaptation,pts:203496:150:ES1:2019
4,all_roles,adaptation,pts:82048:1025:IT1:2019
4,all_roles,adaptation,pts:74230:583:FR1:2019
4,all_roles,adaptation,pts:101213:6574:IT1:2019
4,all_roles,adaptation,pts:80444:27:L1:2019
4,all_roles,adaptation,pts:238868:1050:ES1:2019
4,all_roles,adaptation,pts:199369:366:ES1:2019
4,all_roles,adaptation,pts:44466:24:L1:2019
4,all_roles,adaptation,pts:130360:416:IT1:2019
4,all_roles,adaptation,pts:216179:46:IT1:2019
4,all_roles,adaptation,pts:167859:252:IT1:2019
4,all_roles,adaptation,pts:182618:162:FR1:2019
4,all_roles,adaptation,pts:127156:969:FR1:2019
4,all_roles,adaptation,pts:146854:162:FR1:2019
4,all_roles,adaptation,pts:274484:1041:FR1:2019
4,all_roles,adaptation,pts:43512:86:L1:2019
4,all_roles,adaptation,pts:43530:1237:GB1:2020
4,all_roles,adaptation,pts:56810:1038:IT1:2020
4,all_roles,adaptation,pts:130365:583:FR1:2020
4,all_roles,adaptation,pts:25488:1038:IT1:2020
4,all_roles,adaptation,pts:272261:276:IT1:2020
4,all_roles,adaptation,pts:58396:86:L1:2020
4,all_roles,adaptation,pts:170544:3911:FR1:2020
4,all_roles,adaptation,pts:121477:379:GB1:2020
4,all_roles,adaptation,pts:129476:410:IT1:2020
4,all_roles,adaptation,pts:57280:430:IT1:2020
4,all_roles,adaptation,pts:310458:276:IT1:2020
4,all_roles,adaptation,pts:266795:398:IT1:2020
4,all_roles,adaptation,pts:163222:6574:IT1:2020
4,all_roles,adaptation,pts:32467:368:ES1:2020
4,all_roles,adaptation,pts:182875:995:FR1:2020
4,all_roles,adaptation,pts:178313:667:FR1:2020
4,all_roles,adaptation,pts:148262:762:GB1:2020
4,all_roles,adaptation,pts:251896:16795:ES1:2020
4,all_roles,adaptation,pts:164771:12:IT1:2020
4,all_roles,adaptation,pts:61253:430:IT1:2020
4,all_roles,adaptation,pts:238752:1038:IT1:2020
4,all_roles,adaptation,pts:82009:162:FR1:2020
4,all_roles,adaptation,pts:111347:1038:IT1:2020
4,all_roles,adaptation,pts:332179:800:IT1:2020
4,all_roles,adaptation,pts:176139:252:IT1:2020
4,all_roles,adaptation,pts:88682:1041:FR1:2020
4,all_roles,adaptation,pts:88683:252:IT1:2020
4,all_roles,adaptation,pts:60542:16795:ES1:2020
4,all_roles,adaptation,pts:40633:252:IT1:2020
4,all_roles,adaptation,pts:44162:131:ES1:2020
4,all_roles,adaptation,pts:56818:417:FR1:2020
4,all_roles,adaptation,pts:94201:89:L1:2020
4,all_roles,adaptation,pts:130360:416:IT1:2020
4,all_roles,adaptation,pts:216179:46:IT1:2020
4,all_roles,adaptation,pts:340328:969:FR1:2020
4,all_roles,adaptation,pts:111961:368:ES1:2020
4,all_roles,adaptation,pts:60444:31:GB1:2020
4,all_roles,adaptation,pts:265763:347:FR1:2020
4,all_roles,adaptation,pts:182618:6195:IT1:2020
4,all_roles,adaptation,pts:284595:1038:IT1:2020
4,all_roles,adaptation,pts:284884:368:ES1:2020
4,all_roles,adaptation,pts:43512:86:L1:2020
4,all_roles,adaptation,pts:126673:1025:IT1:2021
4,all_roles,adaptation,pts:130365:5:IT1:2021
4,all_roles,adaptation,pts:395083:1421:FR1:2021
4,all_roles,adaptation,pts:61842:29:GB1:2021
4,all_roles,adaptation,pts:122797:417:FR1:2021
4,all_roles,adaptation,pts:25488:1038:IT1:2021
4,all_roles,adaptation,pts:272261:276:IT1:2021
4,all_roles,adaptation,pts:14086:405:GB1:2021
4,all_roles,adaptation,pts:344605:1003:GB1:2021
4,all_roles,adaptation,pts:159844:24:L1:2021
4,all_roles,adaptation,pts:121477:379:GB1:2021
4,all_roles,adaptation,pts:134294:405:GB1:2021
4,all_roles,adaptation,pts:84765:1038:IT1:2021
4,all_roles,adaptation,pts:181378:273:FR1:2021
4,all_roles,adaptation,pts:310458:276:IT1:2021
4,all_roles,adaptation,pts:146752:276:IT1:2021
4,all_roles,adaptation,pts:173900:1049:ES1:2021
4,all_roles,adaptation,pts:319160:3709:ES1:2021
4,all_roles,adaptation,pts:315125:40:FR1:2021
4,all_roles,adaptation,pts:471474:331:ES1:2021
4,all_roles,adaptation,pts:178313:667:FR1:2021
4,all_roles,adaptation,pts:238752:1390:IT1:2021
4,all_roles,adaptation,pts:131951:276:IT1:2021
4,all_roles,adaptation,pts:68864:1390:IT1:2021
4,all_roles,adaptation,pts:27389:667:FR1:2021
4,all_roles,adaptation,pts:352392:667:FR1:2021
4,all_roles,adaptation,pts:73185:1531:ES1:2021
4,all_roles,adaptation,pts:47713:969:FR1:2021
4,all_roles,adaptation,pts:279009:44:L1:2021
4,all_roles,adaptation,pts:481084:1049:ES1:2021
4,all_roles,adaptation,pts:112935:3:L1:2021
4,all_roles,adaptation,pts:124715:252:IT1:2021
4,all_roles,adaptation,pts:164770:985:GB1:2021
4,all_roles,adaptation,pts:85383:2687:ES1:2021
4,all_roles,adaptation,pts:199369:3709:ES1:2021
4,all_roles,adaptation,pts:127032:1050:ES1:2021
4,all_roles,adaptation,pts:182618:5:IT1:2021
4,all_roles,adaptation,pts:135492:150:ES1:2021
4,all_roles,adaptation,pts:111630:368:ES1:2021
4,all_roles,adaptation,pts:395083:1421:FR1:2022
4,all_roles,adaptation,pts:25488:380:IT1:2022
4,all_roles,adaptation,pts:272261:430:IT1:2022
4,all_roles,adaptation,pts:315332:39:L1:2022
4,all_roles,adaptation,pts:74810:1148:GB1:2022
4,all_roles,adaptation,pts:128901:29:GB1:2022
4,all_roles,adaptation,pts:148368:5:IT1:2022
4,all_roles,adaptation,pts:406806:380:IT1:2022
4,all_roles,adaptation,pts:364857:969:FR1:2022
4,all_roles,adaptation,pts:307519:2687:ES1:2022
4,all_roles,adaptation,pts:84765:1038:IT1:2022
4,all_roles,adaptation,pts:181378:417:FR1:2022
4,all_roles,adaptation,pts:353796:380:IT1:2022
4,all_roles,adaptation,pts:249126:1038:IT1:2022
4,all_roles,adaptation,pts:649452:244:FR1:2022
4,all_roles,adaptation,pts:178313:667:FR1:2022
4,all_roles,adaptation,pts:206912:826:FR1:2022
4,all_roles,adaptation,pts:164771:244:FR1:2022
4,all_roles,adaptation,pts:197135:2687:ES1:2022
4,all_roles,adaptation,pts:81999:714:ES1:2022
4,all_roles,adaptation,pts:335147:380:IT1:2022
4,all_roles,adaptation,pts:352392:667:FR1:2022
4,all_roles,adaptation,pts:143559:237:ES1:2022
4,all_roles,adaptation,pts:459655:380:IT1:2022
4,all_roles,adaptation,pts:197470:3522:IT1:2022
4,all_roles,adaptation,pts:88683:749:IT1:2022
4,all_roles,adaptation,pts:570817:1421:FR1:2022
4,all_roles,adaptation,pts:60542:3524:FR1:2022
4,all_roles,adaptation,pts:131731:3522:IT1:2022
4,all_roles,adaptation,pts:223725:3709:ES1:2022
4,all_roles,adaptation,pts:179635:80:L1:2022
4,all_roles,adaptation,pts:80444:405:GB1:2022
4,all_roles,adaptation,pts:162038:367:ES1:2022
4,all_roles,adaptation,pts:212391:1531:ES1:2022
4,all_roles,adaptation,pts:247250:2687:ES1:2022
4,all_roles,adaptation,pts:238868:331:ES1:2022
4,all_roles,adaptation,pts:195171:1049:ES1:2022
4,all_roles,adaptation,pts:125614:3:L1:2022
4,all_roles,adaptation,pts:130360:276:IT1:2022
4,all_roles,adaptation,pts:309944:749:IT1:2022
4,all_roles,adaptation,pts:203842:3522:IT1:2022
4,all_roles,adaptation,pts:103565:969:FR1:2022
4,all_roles,adaptation,pts:623040:276:IT1:2022
4,all_roles,adaptation,pts:284884:940:ES1:2022
4,all_roles,adaptation,pts:25488:380:IT1:2023
4,all_roles,adaptation,pts:82503:367:ES1:2023
4,all_roles,adaptation,pts:32113:2919:IT1:2023
4,all_roles,adaptation,pts:14086:29:GB1:2023
4,all_roles,adaptation,pts:344605:368:ES1:2023
4,all_roles,adaptation,pts:55769:2919:IT1:2023
4,all_roles,adaptation,pts:148368:703:GB1:2023
4,all_roles,adaptation,pts:241076:749:IT1:2023
4,all_roles,adaptation,pts:364857:969:FR1:2023
4,all_roles,adaptation,pts:489611:749:IT1:2023
4,all_roles,adaptation,pts:84765:749:IT1:2023
4,all_roles,adaptation,pts:266795:2687:ES1:2023
4,all_roles,adaptation,pts:442805:3302:ES1:2023
4,all_roles,adaptation,pts:468066:6195:IT1:2023
4,all_roles,adaptation,pts:127142:3911:FR1:2023
4,all_roles,adaptation,pts:42412:985:GB1:2023
4,all_roles,adaptation,pts:286779:2687:ES1:2023
4,all_roles,adaptation,pts:81999:418:ES1:2023
4,all_roles,adaptation,pts:82009:89:L1:2023
4,all_roles,adaptation,pts:527698:367:ES1:2023
4,all_roles,adaptation,pts:39983:89:L1:2023
4,all_roles,adaptation,pts:279009:39:L1:2023
4,all_roles,adaptation,pts:332179:2919:IT1:2023
4,all_roles,adaptation,pts:396894:2687:ES1:2023
4,all_roles,adaptation,pts:369267:3524:FR1:2023
4,all_roles,adaptation,pts:82048:1005:IT1:2023
4,all_roles,adaptation,pts:66100:131:ES1:2023
4,all_roles,adaptation,pts:399543:1005:IT1:2023
4,all_roles,adaptation,pts:277635:2687:ES1:2023
4,all_roles,adaptation,pts:195171:6574:IT1:2023
4,all_roles,adaptation,pts:251845:1049:ES1:2023
4,all_roles,adaptation,pts:256429:2687:ES1:2023
4,all_roles,adaptation,pts:257751:749:IT1:2023
4,all_roles,adaptation,pts:186988:167:L1:2023
4,all_roles,adaptation,pts:182618:1158:FR1:2023
4,all_roles,adaptation,pts:203842:749:IT1:2023
4,all_roles,adaptation,pts:284884:3709:ES1:2023
5,fully_relaxed,opportunity,pts:56810:162:FR1:2018
5,fully_relaxed,opportunity,pts:236041:1416:FR1:2018
5,fully_relaxed,opportunity,pts:163568:2722:IT1:2018
5,fully_relaxed,opportunity,pts:199258:2722:IT1:2018
5,fully_relaxed,opportunity,pts:122797:969:FR1:2018
5,fully_relaxed,opportunity,pts:44062:13:ES1:2018
5,fully_relaxed,opportunity,pts:22141:12:IT1:2018
5,fully_relaxed,opportunity,pts:32113:416:IT1:2018
5,fully_relaxed,opportunity,pts:66934:873:GB1:2018
5,fully_relaxed,opportunity,pts:170544:417:FR1:2018
5,fully_relaxed,opportunity,pts:134294:180:GB1:2018
5,fully_relaxed,opportunity,pts:95641:1108:ES1:2018
5,fully_relaxed,opportunity,pts:191987:995:FR1:2018
5,fully_relaxed,opportunity,pts:581781:2969:FR1:2018
5,fully_relaxed,opportunity,pts:302991:3368:ES1:2018
5,fully_relaxed,opportunity,pts:44059:252:IT1:2018
5,fully_relaxed,opportunity,pts:38607:6574:IT1:2018
5,fully_relaxed,opportunity,pts:181378:969:FR1:2018
5,fully_relaxed,opportunity,pts:129476:1010:GB1:2018
5,fully_relaxed,opportunity,pts:163222:1038:IT1:2018
5,fully_relaxed,opportunity,pts:70245:3709:ES1:2018
5,fully_relaxed,opportunity,pts:281755:3709:ES1:2018
5,fully_relaxed,opportunity,pts:319160:1038:IT1:2018
5,fully_relaxed,opportunity,pts:178313:162:FR1:2018
5,fully_relaxed,opportunity,pts:40204:1132:GB1:2018
5,fully_relaxed,opportunity,pts:42412:1003:GB1:2018
5,fully_relaxed,opportunity,pts:241229:244:FR1:2018
5,fully_relaxed,opportunity,pts:126719:583:FR1:2018
5,fully_relaxed,opportunity,pts:335147:969:FR1:2018
5,fully_relaxed,opportunity,pts:127076:82:L1:2018
5,fully_relaxed,opportunity,pts:238752:46:IT1:2018
5,fully_relaxed,opportunity,pts:197126:621:ES1:2018
5,fully_relaxed,opportunity,pts:68864:244:FR1:2018
5,fully_relaxed,opportunity,pts:124902:6574:IT1:2018
5,fully_relaxed,opportunity,pts:183031:416:IT1:2018
5,fully_relaxed,opportunity,pts:27389:1049:ES1:2018
5,fully_relaxed,opportunity,pts:427161:667:FR1:2018
5,fully_relaxed,opportunity,pts:236400:1041:FR1:2018
5,fully_relaxed,opportunity,pts:56100:1237:GB1:2018
5,fully_relaxed,opportunity,pts:39983:506:IT1:2018
5,fully_relaxed,opportunity,pts:111347:1038:IT1:2018
5,fully_relaxed,opportunity,pts:73185:379:GB1:2018
5,fully_relaxed,opportunity,pts:74228:12321:ES1:2018
5,fully_relaxed,opportunity,pts:99232:410:IT1:2018
5,fully_relaxed,opportunity,pts:45146:244:FR1:2018
5,fully_relaxed,opportunity,pts:112935:33:L1:2018
5,fully_relaxed,opportunity,pts:483573:1108:ES1:2018
5,fully_relaxed,opportunity,pts:68645:1237:GB1:2018
5,fully_relaxed,opportunity,pts:28140:415:FR1:2018
5,fully_relaxed,opportunity,pts:60542:368:ES1:2018
5,fully_relaxed,opportunity,pts:40633:398:IT1:2018
5,fully_relaxed,opportunity,pts:223725:368:ES1:2018
5,fully_relaxed,opportunity,pts:302215:31:GB1:2018
5,fully_relaxed,opportunity,pts:59631:162:FR1:2018
5,fully_relaxed,opportunity,pts:82048:1025:IT1:2018
5,fully_relaxed,opportunity,pts:60577:416:IT1:2018
5,fully_relaxed,opportunity,pts:136610:855:FR1:2018
5,fully_relaxed,opportunity,pts:7825:5:IT1:2018
5,fully_relaxed,opportunity,pts:314295:167:L1:2018
5,fully_relaxed,opportunity,pts:88909:1038:IT1:2018
5,fully_relaxed,opportunity,pts:85383:1049:ES1:2018
5,fully_relaxed,opportunity,pts:195171:5:IT1:2018
5,fully_relaxed,opportunity,pts:432772:162:FR1:2018
5,fully_relaxed,opportunity,pts:432772:667:FR1:2018
5,fully_relaxed,opportunity,pts:199369:681:ES1:2018
5,fully_relaxed,opportunity,pts:130360:6195:IT1:2018
5,fully_relaxed,opportunity,pts:34322:11:GB1:2018
5,fully_relaxed,opportunity,pts:167859:252:IT1:2018
5,fully_relaxed,opportunity,pts:73734:12:IT1:2018
5,fully_relaxed,opportunity,pts:170953:1420:FR1:2018
5,fully_relaxed,opportunity,pts:238716:1420:FR1:2018
5,fully_relaxed,opportunity,pts:182618:5:IT1:2018
5,fully_relaxed,opportunity,pts:126687:995:FR1:2018
5,fully_relaxed,opportunity,pts:65467:1050:ES1:2018
5,fully_relaxed,opportunity,pts:103565:618:FR1:2018
5,fully_relaxed,opportunity,pts:126673:252:IT1:2019
5,fully_relaxed,opportunity,pts:288318:714:ES1:2019
5,fully_relaxed,opportunity,pts:130365:1049:ES1:2019
5,fully_relaxed,opportunity,pts:236041:1416:FR1:2019
5,fully_relaxed,opportunity,pts:184894:430:IT1:2019
5,fully_relaxed,opportunity,pts:163568:2969:FR1:2019
5,fully_relaxed,opportunity,pts:355501:12:IT1:2019
5,fully_relaxed,opportunity,pts:199258:2722:IT1:2019
5,fully_relaxed,opportunity,pts:122797:969:FR1:2019
5,fully_relaxed,opportunity,pts:14086:46:IT1:2019
5,fully_relaxed,opportunity,pts:33873:5:IT1:2019
5,fully_relaxed,opportunity,pts:64598:714:ES1:2019
5,fully_relaxed,opportunity,pts:134294:180:GB1:2019
5,fully_relaxed,opportunity,pts:208167:38:L1:2019
5,fully_relaxed,opportunity,pts:82070:6195:IT1:2019
5,fully_relaxed,opportunity,pts:288241:40:FR1:2019
5,fully_relaxed,opportunity,pts:302991:3709:ES1:2019
5,fully_relaxed,opportunity,pts:44059:2722:IT1:2019
5,fully_relaxed,opportunity,pts:165873:366:ES1:2019
5,fully_relaxed,opportunity,pts:38607:2722:IT1:2019
5,fully_relaxed,opportunity,pts:202278:273:FR1:2019
5,fully_relaxed,opportunity,pts:84765:6574:IT1:2019
5,fully_relaxed,opportunity,pts:146752:130:IT1:2019
5,fully_relaxed,opportunity,pts:162056:3368:ES1:2019
5,fully_relaxed,opportunity,pts:163222:6574:IT1:2019
5,fully_relaxed,opportunity,pts:635336:995:FR1:2019
5,fully_relaxed,opportunity,pts:319160:1038:IT1:2019
5,fully_relaxed,opportunity,pts:65318:1049:ES1:2019
5,fully_relaxed,opportunity,pts:178313:618:FR1:2019
5,fully_relaxed,opportunity,pts:251896:543:GB1:2019
5,fully_relaxed,opportunity,pts:127142:273:FR1:2019
5,fully_relaxed,opportunity,pts:118284:969:FR1:2019
5,fully_relaxed,opportunity,pts:164771:12:IT1:2019
5,fully_relaxed,opportunity,pts:81999:1108:ES1:2019
5,fully_relaxed,opportunity,pts:251892:1244:ES1:2019
5,fully_relaxed,opportunity,pts:131708:1244:ES1:2019
5,fully_relaxed,opportunity,pts:84435:86:L1:2019
5,fully_relaxed,opportunity,pts:183031:416:IT1:2019
5,fully_relaxed,opportunity,pts:104752:6195:IT1:2019
5,fully_relaxed,opportunity,pts:111347:1038:IT1:2019
5,fully_relaxed,opportunity,pts:73185:1108:ES1:2019
5,fully_relaxed,opportunity,pts:99232:2722:IT1:2019
5,fully_relaxed,opportunity,pts:39728:16:L1:2019
5,fully_relaxed,opportunity,pts:176139:1025:IT1:2019
5,fully_relaxed,opportunity,pts:396894:1049:ES1:2019
5,fully_relaxed,opportunity,pts:40633:430:IT1:2019
5,fully_relaxed,opportunity,pts:203496:150:ES1:2019
5,fully_relaxed,opportunity,pts:82048:1025:IT1:2019
5,fully_relaxed,opportunity,pts:74230:583:FR1:2019
5,fully_relaxed,opportunity,pts:101213:6574:IT1:2019
5,fully_relaxed,opportunity,pts:80444:27:L1:2019
5,fully_relaxed,opportunity,pts:162038:714:ES1:2019
5,fully_relaxed,opportunity,pts:314295:167:L1:2019
5,fully_relaxed,opportunity,pts:399543:40:FR1:2019
5,fully_relaxed,opportunity,pts:88909:252:IT1:2019
5,fully_relaxed,opportunity,pts:99352:40:FR1:2019
5,fully_relaxed,opportunity,pts:238868:1050:ES1:2019
5,fully_relaxed,opportunity,pts:199369:366:ES1:2019
5,fully_relaxed,opportunity,pts:44466:24:L1:2019
5,fully_relaxed,opportunity,pts:207302:583:FR1:2019
5,fully_relaxed,opportunity,pts:130360:416:IT1:2019
5,fully_relaxed,opportunity,pts:216179:46:IT1:2019
5,fully_relaxed,opportunity,pts:167859:252:IT1:2019
5,fully_relaxed,opportunity,pts:73734:273:FR1:2019
5,fully_relaxed,opportunity,pts:111961:368:ES1:2019
5,fully_relaxed,opportunity,pts:182618:162:FR1:2019
5,fully_relaxed,opportunity,pts:127156:969:FR1:2019
5,fully_relaxed,opportunity,pts:146854:162:FR1:2019
5,fully_relaxed,opportunity,pts:274484:1041:FR1:2019
5,fully_relaxed,opportunity,pts:43512:86:L1:2019
5,fully_relaxed,opportunity,pts:43530:1237:GB1:2020
5,fully_relaxed,opportunity,pts:126673:1025:IT1:2020
5,fully_relaxed,opportunity,pts:56810:1038:IT1:2020
5,fully_relaxed,opportunity,pts:130365:583:FR1:2020
5,fully_relaxed,opportunity,pts:184894:1390:IT1:2020
5,fully_relaxed,opportunity,pts:184894:430:IT1:2020
5,fully_relaxed,opportunity,pts:163568:273:FR1:2020
5,fully_relaxed,opportunity,pts:481834:1390:IT1:2020
5,fully_relaxed,opportunity,pts:41323:89:L1:2020
5,fully_relaxed,opportunity,pts:25488:1038:IT1:2020
5,fully_relaxed,opportunity,pts:272261:276:IT1:2020
5,fully_relaxed,opportunity,pts:468002:379:GB1:2020
5,fully_relaxed,opportunity,pts:216464:681:ES1:2020
5,fully_relaxed,opportunity,pts:58396:86:L1:2020
5,fully_relaxed,opportunity,pts:170544:3911:FR1:2020
5,fully_relaxed,opportunity,pts:40423:150:ES1:2020
5,fully_relaxed,opportunity,pts:121477:379:GB1:2020
5,fully_relaxed,opportunity,pts:129476:410:IT1:2020
5,fully_relaxed,opportunity,pts:57280:430:IT1:2020
5,fully_relaxed,opportunity,pts:310458:276:IT1:2020
5,fully_relaxed,opportunity,pts:266795:398:IT1:2020
5,fully_relaxed,opportunity,pts:163222:6574:IT1:2020
5,fully_relaxed,opportunity,pts:32467:368:ES1:2020
5,fully_relaxed,opportunity,pts:251848:1108:ES1:2020
5,fully_relaxed,opportunity,pts:182875:995:FR1:2020
5,fully_relaxed,opportunity,pts:178313:667:FR1:2020
5,fully_relaxed,opportunity,pts:148262:762:GB1:2020
5,fully_relaxed,opportunity,pts:251896:16795:ES1:2020
5,fully_relaxed,opportunity,pts:164771:12:IT1:2020
5,fully_relaxed,opportunity,pts:61253:430:IT1:2020
5,fully_relaxed,opportunity,pts:238752:1038:IT1:2020
5,fully_relaxed,opportunity,pts:197126:366:ES1:2020
5,fully_relaxed,opportunity,pts:131951:276:IT1:2020
5,fully_relaxed,opportunity,pts:68864:252:IT1:2020
5,fully_relaxed,opportunity,pts:82009:162:FR1:2020
5,fully_relaxed,opportunity,pts:527698:366:ES1:2020
5,fully_relaxed,opportunity,pts:111347:1038:IT1:2020
5,fully_relaxed,opportunity,pts:99254:130:IT1:2020
5,fully_relaxed,opportunity,pts:505194:1003:GB1:2020
5,fully_relaxed,opportunity,pts:68645:150:ES1:2020
5,fully_relaxed,opportunity,pts:332179:800:IT1:2020
5,fully_relaxed,opportunity,pts:176139:130:IT1:2020
5,fully_relaxed,opportunity,pts:176139:252:IT1:2020
5,fully_relaxed,opportunity,pts:88682:1041:FR1:2020
5,fully_relaxed,opportunity,pts:88683:252:IT1:2020
5,fully_relaxed,opportunity,pts:60542:16795:ES1:2020
5,fully_relaxed,opportunity,pts:40633:252:IT1:2020
5,fully_relaxed,opportunity,pts:44162:131:ES1:2020
5,fully_relaxed,opportunity,pts:56818:417:FR1:2020
5,fully_relaxed,opportunity,pts:20005:368:ES1:2020
5,fully_relaxed,opportunity,pts:318507:1420:FR1:2020
5,fully_relaxed,opportunity,pts:7825:398:IT1:2020
5,fully_relaxed,opportunity,pts:569866:681:ES1:2020
5,fully_relaxed,opportunity,pts:94201:89:L1:2020
5,fully_relaxed,opportunity,pts:207302:583:FR1:2020
5,fully_relaxed,opportunity,pts:130360:416:IT1:2020
5,fully_relaxed,opportunity,pts:216179:46:IT1:2020
5,fully_relaxed,opportunity,pts:167859:276:IT1:2020
5,fully_relaxed,opportunity,pts:340328:969:FR1:2020
5,fully_relaxed,opportunity,pts:111961:368:ES1:2020
5,fully_relaxed,opportunity,pts:60444:31:GB1:2020
5,fully_relaxed,opportunity,pts:265763:347:FR1:2020
5,fully_relaxed,opportunity,pts:182618:6195:IT1:2020
5,fully_relaxed,opportunity,pts:282349:33:L1:2020
5,fully_relaxed,opportunity,pts:315131:15:L1:2020
5,fully_relaxed,opportunity,pts:284595:1038:IT1:2020
5,fully_relaxed,opportunity,pts:63494:1050:ES1:2020
5,fully_relaxed,opportunity,pts:284884:368:ES1:2020
5,fully_relaxed,opportunity,pts:43512:86:L1:2020
5,fully_relaxed,opportunity,pts:126673:1025:IT1:2021
5,fully_relaxed,opportunity,pts:130365:5:IT1:2021
5,fully_relaxed,opportunity,pts:395083:1421:FR1:2021
5,fully_relaxed,opportunity,pts:61842:29:GB1:2021
5,fully_relaxed,opportunity,pts:122797:417:FR1:2021
5,fully_relaxed,opportunity,pts:25488:1038:IT1:2021
5,fully_relaxed,opportunity,pts:272261:276:IT1:2021
5,fully_relaxed,opportunity,pts:14086:405:GB1:2021
5,fully_relaxed,opportunity,pts:344605:1003:GB1:2021
5,fully_relaxed,opportunity,pts:215118:405:GB1:2021
5,fully_relaxed,opportunity,pts:159844:24:L1:2021
5,fully_relaxed,opportunity,pts:121477:379:GB1:2021
5,fully_relaxed,opportunity,pts:134883:1390:IT1:2021
5,fully_relaxed,opportunity,pts:134294:405:GB1:2021
5,fully_relaxed,opportunity,pts:207929:29:GB1:2021
5,fully_relaxed,opportunity,pts:562049:12:IT1:2021
5,fully_relaxed,opportunity,pts:90681:618:FR1:2021
5,fully_relaxed,opportunity,pts:307519:2687:ES1:2021
5,fully_relaxed,opportunity,pts:84765:1038:IT1:2021
5,fully_relaxed,opportunity,pts:181378:273:FR1:2021
5,fully_relaxed,opportunity,pts:310458:1038:IT1:2021
5,fully_relaxed,opportunity,pts:310458:276:IT1:2021
5,fully_relaxed,opportunity,pts:146752:276:IT1:2021
5,fully_relaxed,opportunity,pts:266795:1108:ES1:2021
5,fully_relaxed,opportunity,pts:173900:1049:ES1:2021
5,fully_relaxed,opportunity,pts:319160:3709:ES1:2021
5,fully_relaxed,opportunity,pts:315125:40:FR1:2021
5,fully_relaxed,opportunity,pts:471474:331:ES1:2021
5,fully_relaxed,opportunity,pts:178313:667:FR1:2021
5,fully_relaxed,opportunity,pts:241229:417:FR1:2021
5,fully_relaxed,opportunity,pts:93704:40:FR1:2021
5,fully_relaxed,opportunity,pts:238752:1390:IT1:2021
5,fully_relaxed,opportunity,pts:131951:276:IT1:2021
5,fully_relaxed,opportunity,pts:94137:89:L1:2021
5,fully_relaxed,opportunity,pts:68864:1390:IT1:2021
5,fully_relaxed,opportunity,pts:527698:1531:ES1:2021
5,fully_relaxed,opportunity,pts:27389:667:FR1:2021
5,fully_relaxed,opportunity,pts:309393:10:L1:2021
5,fully_relaxed,opportunity,pts:352392:667:FR1:2021
5,fully_relaxed,opportunity,pts:73185:1531:ES1:2021
5,fully_relaxed,opportunity,pts:73185:2687:ES1:2021
5,fully_relaxed,opportunity,pts:47713:969:FR1:2021
5,fully_relaxed,opportunity,pts:527350:1108:ES1:2021
5,fully_relaxed,opportunity,pts:279009:44:L1:2021
5,fully_relaxed,opportunity,pts:481084:1049:ES1:2021
5,fully_relaxed,opportunity,pts:112935:3:L1:2021
5,fully_relaxed,opportunity,pts:143559:430:IT1:2021
5,fully_relaxed,opportunity,pts:459655:1390:IT1:2021
5,fully_relaxed,opportunity,pts:459655:800:IT1:2021
5,fully_relaxed,opportunity,pts:570817:1421:FR1:2021
5,fully_relaxed,opportunity,pts:131731:3522:IT1:2021
5,fully_relaxed,opportunity,pts:85393:1025:IT1:2021
5,fully_relaxed,opportunity,pts:124715:252:IT1:2021
5,fully_relaxed,opportunity,pts:318507:618:FR1:2021
5,fully_relaxed,opportunity,pts:80444:405:GB1:2021
5,fully_relaxed,opportunity,pts:164770:985:GB1:2021
5,fully_relaxed,opportunity,pts:247250:2687:ES1:2021
5,fully_relaxed,opportunity,pts:85383:2687:ES1:2021
5,fully_relaxed,opportunity,pts:45026:12:IT1:2021
5,fully_relaxed,opportunity,pts:25508:252:IT1:2021
5,fully_relaxed,opportunity,pts:199369:3709:ES1:2021
5,fully_relaxed,opportunity,pts:127032:1050:ES1:2021
5,fully_relaxed,opportunity,pts:216179:1038:IT1:2021
5,fully_relaxed,opportunity,pts:182618:5:IT1:2021
5,fully_relaxed,opportunity,pts:67082:3709:ES1:2021
5,fully_relaxed,opportunity,pts:135492:150:ES1:2021
5,fully_relaxed,opportunity,pts:111630:368:ES1:2021
5,fully_relaxed,opportunity,pts:284884:3709:ES1:2021
5,fully_relaxed,opportunity,pts:327863:1082:FR1:2022
5,fully_relaxed,opportunity,pts:130365:5:IT1:2022
5,fully_relaxed,opportunity,pts:750886:1095:FR1:2022
5,fully_relaxed,opportunity,pts:395083:1421:FR1:2022
5,fully_relaxed,opportunity,pts:395083:416:IT1:2022
5,fully_relaxed,opportunity,pts:122797:995:FR1:2022
5,fully_relaxed,opportunity,pts:25488:380:IT1:2022
5,fully_relaxed,opportunity,pts:272261:430:IT1:2022
5,fully_relaxed,opportunity,pts:315332:39:L1:2022
5,fully_relaxed,opportunity,pts:74810:1148:GB1:2022
5,fully_relaxed,opportunity,pts:128901:29:GB1:2022
5,fully_relaxed,opportunity,pts:121477:543:GB1:2022
5,fully_relaxed,opportunity,pts:134294:379:GB1:2022
5,fully_relaxed,opportunity,pts:148368:5:IT1:2022
5,fully_relaxed,opportunity,pts:216599:380:IT1:2022
5,fully_relaxed,opportunity,pts:406806:380:IT1:2022
5,fully_relaxed,opportunity,pts:364857:969:FR1:2022
5,fully_relaxed,opportunity,pts:126656:1420:FR1:2022
5,fully_relaxed,opportunity,pts:307519:2687:ES1:2022
5,fully_relaxed,opportunity,pts:84765:1038:IT1:2022
5,fully_relaxed,opportunity,pts:84765:749:IT1:2022
5,fully_relaxed,opportunity,pts:181378:417:FR1:2022
5,fully_relaxed,opportunity,pts:79377:79:L1:2022
5,fully_relaxed,opportunity,pts:353796:380:IT1:2022
5,fully_relaxed,opportunity,pts:266795:2687:ES1:2022
5,fully_relaxed,opportunity,pts:249126:1038:IT1:2022
5,fully_relaxed,opportunity,pts:649452:244:FR1:2022
5,fully_relaxed,opportunity,pts:178313:667:FR1:2022
5,fully_relaxed,opportunity,pts:206912:826:FR1:2022
5,fully_relaxed,opportunity,pts:124732:533:L1:2022
5,fully_relaxed,opportunity,pts:127142:1082:FR1:2022
5,fully_relaxed,opportunity,pts:241229:3709:ES1:2022
5,fully_relaxed,opportunity,pts:164771:244:FR1:2022
5,fully_relaxed,opportunity,pts:286779:2687:ES1:2022
5,fully_relaxed,opportunity,pts:197135:2687:ES1:2022
5,fully_relaxed,opportunity,pts:81999:714:ES1:2022
5,fully_relaxed,opportunity,pts:335147:380:IT1:2022
5,fully_relaxed,opportunity,pts:127076:89:L1:2022
5,fully_relaxed,opportunity,pts:352392:667:FR1:2022
5,fully_relaxed,opportunity,pts:99254:380:IT1:2022
5,fully_relaxed,opportunity,pts:814976:1421:FR1:2022
5,fully_relaxed,opportunity,pts:143559:237:ES1:2022
5,fully_relaxed,opportunity,pts:459655:380:IT1:2022
5,fully_relaxed,opportunity,pts:197470:3522:IT1:2022
5,fully_relaxed,opportunity,pts:88683:749:IT1:2022
5,fully_relaxed,opportunity,pts:570817:1421:FR1:2022
5,fully_relaxed,opportunity,pts:60542:3524:FR1:2022
5,fully_relaxed,opportunity,pts:131731:3522:IT1:2022
5,fully_relaxed,opportunity,pts:855158:995:FR1:2022
5,fully_relaxed,opportunity,pts:223725:3709:ES1:2022
5,fully_relaxed,opportunity,pts:74230:543:GB1:2022
5,fully_relaxed,opportunity,pts:7825:1050:ES1:2022
5,fully_relaxed,opportunity,pts:179635:80:L1:2022
5,fully_relaxed,opportunity,pts:80444:405:GB1:2022
5,fully_relaxed,opportunity,pts:364133:416:IT1:2022
5,fully_relaxed,opportunity,pts:162038:367:ES1:2022
5,fully_relaxed,opportunity,pts:212391:1531:ES1:2022
5,fully_relaxed,opportunity,pts:212391:2687:ES1:2022
5,fully_relaxed,opportunity,pts:247250:2687:ES1:2022
5,fully_relaxed,opportunity,pts:238868:331:ES1:2022
5,fully_relaxed,opportunity,pts:25508:430:IT1:2022
5,fully_relaxed,opportunity,pts:195171:1049:ES1:2022
5,fully_relaxed,opportunity,pts:125614:3:L1:2022
5,fully_relaxed,opportunity,pts:256429:2687:ES1:2022
5,fully_relaxed,opportunity,pts:130360:276:IT1:2022
5,fully_relaxed,opportunity,pts:296879:3:L1:2022
5,fully_relaxed,opportunity,pts:23951:273:FR1:2022
5,fully_relaxed,opportunity,pts:387234:3522:IT1:2022
5,fully_relaxed,opportunity,pts:309944:749:IT1:2022
5,fully_relaxed,opportunity,pts:203842:3522:IT1:2022
5,fully_relaxed,opportunity,pts:103565:969:FR1:2022
5,fully_relaxed,opportunity,pts:623040:276:IT1:2022
5,fully_relaxed,opportunity,pts:284884:940:ES1:2022
5,fully_relaxed,opportunity,pts:895480:621:ES1:2023
5,fully_relaxed,opportunity,pts:12907:6574:IT1:2023
5,fully_relaxed,opportunity,pts:25488:380:IT1:2023
5,fully_relaxed,opportunity,pts:82503:367:ES1:2023
5,fully_relaxed,opportunity,pts:32113:2919:IT1:2023
5,fully_relaxed,opportunity,pts:14086:29:GB1:2023
5,fully_relaxed,opportunity,pts:315145:273:FR1:2023
5,fully_relaxed,opportunity,pts:22628:380:IT1:2023
5,fully_relaxed,opportunity,pts:344605:368:ES1:2023
5,fully_relaxed,opportunity,pts:159844:23826:L1:2023
5,fully_relaxed,opportunity,pts:55769:2919:IT1:2023
5,fully_relaxed,opportunity,pts:73926:430:IT1:2023
5,fully_relaxed,opportunity,pts:670848:379:GB1:2023
5,fully_relaxed,opportunity,pts:148368:703:GB1:2023
5,fully_relaxed,opportunity,pts:241076:749:IT1:2023
5,fully_relaxed,opportunity,pts:357072:826:FR1:2023
5,fully_relaxed,opportunity,pts:364857:969:FR1:2023
5,fully_relaxed,opportunity,pts:456492:3:L1:2023
5,fully_relaxed,opportunity,pts:489611:749:IT1:2023
5,fully_relaxed,opportunity,pts:84765:749:IT1:2023
5,fully_relaxed,opportunity,pts:146752:2919:IT1:2023
5,fully_relaxed,opportunity,pts:88684:2919:IT1:2023
5,fully_relaxed,opportunity,pts:266795:2687:ES1:2023
5,fully_relaxed,opportunity,pts:490223:3302:ES1:2023
5,fully_relaxed,opportunity,pts:442805:3302:ES1:2023
5,fully_relaxed,opportunity,pts:162029:940:ES1:2023
5,fully_relaxed,opportunity,pts:468066:6195:IT1:2023
5,fully_relaxed,opportunity,pts:127142:3911:FR1:2023
5,fully_relaxed,opportunity,pts:42412:985:GB1:2023
5,fully_relaxed,opportunity,pts:241229:3911:FR1:2023
5,fully_relaxed,opportunity,pts:286779:2687:ES1:2023
5,fully_relaxed,opportunity,pts:81999:418:ES1:2023
5,fully_relaxed,opportunity,pts:93704:39:L1:2023
5,fully_relaxed,opportunity,pts:585700:150:ES1:2023
5,fully_relaxed,opportunity,pts:26485:380:IT1:2023
5,fully_relaxed,opportunity,pts:84435:89:L1:2023
5,fully_relaxed,opportunity,pts:82009:89:L1:2023
5,fully_relaxed,opportunity,pts:527698:367:ES1:2023
5,fully_relaxed,opportunity,pts:39983:89:L1:2023
5,fully_relaxed,opportunity,pts:240219:1005:IT1:2023
5,fully_relaxed,opportunity,pts:279009:39:L1:2023
5,fully_relaxed,opportunity,pts:459655:416:IT1:2023
5,fully_relaxed,opportunity,pts:332179:2919:IT1:2023
5,fully_relaxed,opportunity,pts:396894:2687:ES1:2023
5,fully_relaxed,opportunity,pts:369267:3524:FR1:2023
5,fully_relaxed,opportunity,pts:307924:167:L1:2023
5,fully_relaxed,opportunity,pts:307924:533:L1:2023
5,fully_relaxed,opportunity,pts:302215:86:L1:2023
5,fully_relaxed,opportunity,pts:82048:1005:IT1:2023
5,fully_relaxed,opportunity,pts:66100:131:ES1:2023
5,fully_relaxed,opportunity,pts:20005:2919:IT1:2023
5,fully_relaxed,opportunity,pts:429901:1041:FR1:2023
5,fully_relaxed,opportunity,pts:399543:1005:IT1:2023
5,fully_relaxed,opportunity,pts:88909:276:IT1:2023
5,fully_relaxed,opportunity,pts:277635:2687:ES1:2023
5,fully_relaxed,opportunity,pts:195171:6574:IT1:2023
5,fully_relaxed,opportunity,pts:126540:1082:FR1:2023
5,fully_relaxed,opportunity,pts:377219:1049:ES1:2023
5,fully_relaxed,opportunity,pts:251845:1049:ES1:2023
5,fully_relaxed,opportunity,pts:256429:2687:ES1:2023
5,fully_relaxed,opportunity,pts:355627:1421:FR1:2023
5,fully_relaxed,opportunity,pts:257751:749:IT1:2023
5,fully_relaxed,opportunity,pts:1004618:995:FR1:2023
5,fully_relaxed,opportunity,pts:186988:167:L1:2023
5,fully_relaxed,opportunity,pts:387234:749:IT1:2023
5,fully_relaxed,opportunity,pts:182618:1158:FR1:2023
5,fully_relaxed,opportunity,pts:203842:749:IT1:2023
5,fully_relaxed,opportunity,pts:33781:1082:FR1:2023
5,fully_relaxed,opportunity,pts:284884:3709:ES1:2023
5,fully_relaxed,performance,pts:56810:162:FR1:2018
5,fully_relaxed,performance,pts:236041:1416:FR1:2018
5,fully_relaxed,performance,pts:199258:2722:IT1:2018
5,fully_relaxed,performance,pts:122797:969:FR1:2018
5,fully_relaxed,performance,pts:32113:416:IT1:2018
5,fully_relaxed,performance,pts:66934:873:GB1:2018
5,fully_relaxed,performance,pts:170544:417:FR1:2018
5,fully_relaxed,performance,pts:134294:180:GB1:2018
5,fully_relaxed,performance,pts:95641:1108:ES1:2018
5,fully_relaxed,performance,pts:191987:995:FR1:2018
5,fully_relaxed,performance,pts:581781:2969:FR1:2018
5,fully_relaxed,performance,pts:302991:3368:ES1:2018
5,fully_relaxed,performance,pts:44059:252:IT1:2018
5,fully_relaxed,performance,pts:38607:6574:IT1:2018
5,fully_relaxed,performance,pts:181378:969:FR1:2018
5,fully_relaxed,performance,pts:129476:1010:GB1:2018
5,fully_relaxed,performance,pts:163222:1038:IT1:2018
5,fully_relaxed,performance,pts:70245:3709:ES1:2018
5,fully_relaxed,performance,pts:281755:3709:ES1:2018
5,fully_relaxed,performance,pts:319160:1038:IT1:2018
5,fully_relaxed,performance,pts:178313:162:FR1:2018
5,fully_relaxed,performance,pts:42412:1003:GB1:2018
5,fully_relaxed,performance,pts:241229:244:FR1:2018
5,fully_relaxed,performance,pts:126719:583:FR1:2018
5,fully_relaxed,performance,pts:335147:969:FR1:2018
5,fully_relaxed,performance,pts:127076:82:L1:2018
5,fully_relaxed,performance,pts:238752:46:IT1:2018
5,fully_relaxed,performance,pts:197126:621:ES1:2018
5,fully_relaxed,performance,pts:68864:244:FR1:2018
5,fully_relaxed,performance,pts:124902:6574:IT1:2018
5,fully_relaxed,performance,pts:183031:416:IT1:2018
5,fully_relaxed,performance,pts:27389:1049:ES1:2018
5,fully_relaxed,performance,pts:427161:667:FR1:2018
5,fully_relaxed,performance,pts:236400:1041:FR1:2018
5,fully_relaxed,performance,pts:56100:1237:GB1:2018
5,fully_relaxed,performance,pts:39983:506:IT1:2018
5,fully_relaxed,performance,pts:111347:1038:IT1:2018
5,fully_relaxed,performance,pts:73185:379:GB1:2018
5,fully_relaxed,performance,pts:74228:12321:ES1:2018
5,fully_relaxed,performance,pts:99232:410:IT1:2018
5,fully_relaxed,performance,pts:45146:244:FR1:2018
5,fully_relaxed,performance,pts:112935:33:L1:2018
5,fully_relaxed,performance,pts:483573:1108:ES1:2018
5,fully_relaxed,performance,pts:68645:1237:GB1:2018
5,fully_relaxed,performance,pts:28140:415:FR1:2018
5,fully_relaxed,performance,pts:60542:368:ES1:2018
5,fully_relaxed,performance,pts:40633:398:IT1:2018
5,fully_relaxed,performance,pts:223725:368:ES1:2018
5,fully_relaxed,performance,pts:302215:31:GB1:2018
5,fully_relaxed,performance,pts:59631:162:FR1:2018
5,fully_relaxed,performance,pts:82048:1025:IT1:2018
5,fully_relaxed,performance,pts:60577:416:IT1:2018
5,fully_relaxed,performance,pts:136610:855:FR1:2018
5,fully_relaxed,performance,pts:314295:167:L1:2018
5,fully_relaxed,performance,pts:88909:1038:IT1:2018
5,fully_relaxed,performance,pts:85383:1049:ES1:2018
5,fully_relaxed,performance,pts:195171:5:IT1:2018
5,fully_relaxed,performance,pts:432772:162:FR1:2018
5,fully_relaxed,performance,pts:432772:667:FR1:2018
5,fully_relaxed,performance,pts:199369:681:ES1:2018
5,fully_relaxed,performance,pts:130360:6195:IT1:2018
5,fully_relaxed,performance,pts:34322:11:GB1:2018
5,fully_relaxed,performance,pts:167859:252:IT1:2018
5,fully_relaxed,performance,pts:73734:12:IT1:2018
5,fully_relaxed,performance,pts:170953:1420:FR1:2018
5,fully_relaxed,performance,pts:238716:1420:FR1:2018
5,fully_relaxed,performance,pts:182618:5:IT1:2018
5,fully_relaxed,performance,pts:126687:995:FR1:2018
5,fully_relaxed,performance,pts:65467:1050:ES1:2018
5,fully_relaxed,performance,pts:103565:618:FR1:2018
5,fully_relaxed,performance,pts:126673:252:IT1:2019
5,fully_relaxed,performance,pts:288318:714:ES1:2019
5,fully_relaxed,performance,pts:130365:1049:ES1:2019
5,fully_relaxed,performance,pts:236041:1416:FR1:2019
5,fully_relaxed,performance,pts:184894:430:IT1:2019
5,fully_relaxed,performance,pts:355501:12:IT1:2019
5,fully_relaxed,performance,pts:199258:2722:IT1:2019
5,fully_relaxed,performance,pts:122797:969:FR1:2019
5,fully_relaxed,performance,pts:14086:46:IT1:2019
5,fully_relaxed,performance,pts:64598:714:ES1:2019
5,fully_relaxed,performance,pts:134294:180:GB1:2019
5,fully_relaxed,performance,pts:208167:38:L1:2019
5,fully_relaxed,performance,pts:82070:6195:IT1:2019
5,fully_relaxed,performance,pts:288241:40:FR1:2019
5,fully_relaxed,performance,pts:302991:3709:ES1:2019
5,fully_relaxed,performance,pts:44059:2722:IT1:2019
5,fully_relaxed,performance,pts:165873:366:ES1:2019
5,fully_relaxed,performance,pts:38607:2722:IT1:2019
5,fully_relaxed,performance,pts:202278:273:FR1:2019
5,fully_relaxed,performance,pts:84765:6574:IT1:2019
5,fully_relaxed,performance,pts:146752:130:IT1:2019
5,fully_relaxed,performance,pts:162056:3368:ES1:2019
5,fully_relaxed,performance,pts:163222:6574:IT1:2019
5,fully_relaxed,performance,pts:635336:995:FR1:2019
5,fully_relaxed,performance,pts:319160:1038:IT1:2019
5,fully_relaxed,performance,pts:65318:1049:ES1:2019
5,fully_relaxed,performance,pts:178313:618:FR1:2019
5,fully_relaxed,performance,pts:251896:543:GB1:2019
5,fully_relaxed,performance,pts:127142:273:FR1:2019
5,fully_relaxed,performance,pts:118284:969:FR1:2019
5,fully_relaxed,performance,pts:164771:12:IT1:2019
5,fully_relaxed,performance,pts:81999:1108:ES1:2019
5,fully_relaxed,performance,pts:131708:1244:ES1:2019
5,fully_relaxed,performance,pts:84435:86:L1:2019
5,fully_relaxed,performance,pts:183031:416:IT1:2019
5,fully_relaxed,performance,pts:104752:6195:IT1:2019
5,fully_relaxed,performance,pts:111347:1038:IT1:2019
5,fully_relaxed,performance,pts:73185:1108:ES1:2019
5,fully_relaxed,performance,pts:99232:2722:IT1:2019
5,fully_relaxed,performance,pts:39728:16:L1:2019
5,fully_relaxed,performance,pts:176139:1025:IT1:2019
5,fully_relaxed,performance,pts:396894:1049:ES1:2019
5,fully_relaxed,performance,pts:40633:430:IT1:2019
5,fully_relaxed,performance,pts:203496:150:ES1:2019
5,fully_relaxed,performance,pts:82048:1025:IT1:2019
5,fully_relaxed,performance,pts:74230:583:FR1:2019
5,fully_relaxed,performance,pts:101213:6574:IT1:2019
5,fully_relaxed,performance,pts:80444:27:L1:2019
5,fully_relaxed,performance,pts:162038:714:ES1:2019
5,fully_relaxed,performance,pts:314295:167:L1:2019
5,fully_relaxed,performance,pts:399543:40:FR1:2019
5,fully_relaxed,performance,pts:88909:252:IT1:2019
5,fully_relaxed,performance,pts:99352:40:FR1:2019
5,fully_relaxed,performance,pts:238868:1050:ES1:2019
5,fully_relaxed,performance,pts:199369:366:ES1:2019
5,fully_relaxed,performance,pts:44466:24:L1:2019
5,fully_relaxed,performance,pts:130360:416:IT1:2019
5,fully_relaxed,performance,pts:216179:46:IT1:2019
5,fully_relaxed,performance,pts:167859:252:IT1:2019
5,fully_relaxed,performance,pts:73734:273:FR1:2019
5,fully_relaxed,performance,pts:111961:368:ES1:2019
5,fully_relaxed,performance,pts:182618:162:FR1:2019
5,fully_relaxed,performance,pts:127156:969:FR1:2019
5,fully_relaxed,performance,pts:146854:162:FR1:2019
5,fully_relaxed,performance,pts:274484:1041:FR1:2019
5,fully_relaxed,performance,pts:43512:86:L1:2019
5,fully_relaxed,performance,pts:43530:1237:GB1:2020
5,fully_relaxed,performance,pts:126673:1025:IT1:2020
5,fully_relaxed,performance,pts:56810:1038:IT1:2020
5,fully_relaxed,performance,pts:130365:583:FR1:2020
5,fully_relaxed,performance,pts:184894:1390:IT1:2020
5,fully_relaxed,performance,pts:184894:430:IT1:2020
5,fully_relaxed,performance,pts:481834:1390:IT1:2020
5,fully_relaxed,performance,pts:25488:1038:IT1:2020
5,fully_relaxed,performance,pts:272261:276:IT1:2020
5,fully_relaxed,performance,pts:468002:379:GB1:2020
5,fully_relaxed,performance,pts:216464:681:ES1:2020
5,fully_relaxed,performance,pts:58396:86:L1:2020
5,fully_relaxed,performance,pts:170544:3911:FR1:2020
5,fully_relaxed,performance,pts:121477:379:GB1:2020
5,fully_relaxed,performance,pts:129476:410:IT1:2020
5,fully_relaxed,performance,pts:57280:430:IT1:2020
5,fully_relaxed,performance,pts:310458:276:IT1:2020
5,fully_relaxed,performance,pts:266795:398:IT1:2020
5,fully_relaxed,performance,pts:163222:6574:IT1:2020
5,fully_relaxed,performance,pts:32467:368:ES1:2020
5,fully_relaxed,performance,pts:251848:1108:ES1:2020
5,fully_relaxed,performance,pts:182875:995:FR1:2020
5,fully_relaxed,performance,pts:178313:667:FR1:2020
5,fully_relaxed,performance,pts:148262:762:GB1:2020
5,fully_relaxed,performance,pts:251896:16795:ES1:2020
5,fully_relaxed,performance,pts:164771:12:IT1:2020
5,fully_relaxed,performance,pts:61253:430:IT1:2020
5,fully_relaxed,performance,pts:238752:1038:IT1:2020
5,fully_relaxed,performance,pts:197126:366:ES1:2020
5,fully_relaxed,performance,pts:131951:276:IT1:2020
5,fully_relaxed,performance,pts:68864:252:IT1:2020
5,fully_relaxed,performance,pts:82009:162:FR1:2020
5,fully_relaxed,performance,pts:527698:366:ES1:2020
5,fully_relaxed,performance,pts:111347:1038:IT1:2020
5,fully_relaxed,performance,pts:505194:1003:GB1:2020
5,fully_relaxed,performance,pts:68645:150:ES1:2020
5,fully_relaxed,performance,pts:332179:800:IT1:2020
5,fully_relaxed,performance,pts:176139:130:IT1:2020
5,fully_relaxed,performance,pts:176139:252:IT1:2020
5,fully_relaxed,performance,pts:88682:1041:FR1:2020
5,fully_relaxed,performance,pts:88683:252:IT1:2020
5,fully_relaxed,performance,pts:60542:16795:ES1:2020
5,fully_relaxed,performance,pts:40633:252:IT1:2020
5,fully_relaxed,performance,pts:44162:131:ES1:2020
5,fully_relaxed,performance,pts:56818:417:FR1:2020
5,fully_relaxed,performance,pts:20005:368:ES1:2020
5,fully_relaxed,performance,pts:569866:681:ES1:2020
5,fully_relaxed,performance,pts:94201:89:L1:2020
5,fully_relaxed,performance,pts:130360:416:IT1:2020
5,fully_relaxed,performance,pts:216179:46:IT1:2020
5,fully_relaxed,performance,pts:167859:276:IT1:2020
5,fully_relaxed,performance,pts:340328:969:FR1:2020
5,fully_relaxed,performance,pts:111961:368:ES1:2020
5,fully_relaxed,performance,pts:60444:31:GB1:2020
5,fully_relaxed,performance,pts:265763:347:FR1:2020
5,fully_relaxed,performance,pts:182618:6195:IT1:2020
5,fully_relaxed,performance,pts:282349:33:L1:2020
5,fully_relaxed,performance,pts:315131:15:L1:2020
5,fully_relaxed,performance,pts:284595:1038:IT1:2020
5,fully_relaxed,performance,pts:63494:1050:ES1:2020
5,fully_relaxed,performance,pts:284884:368:ES1:2020
5,fully_relaxed,performance,pts:43512:86:L1:2020
5,fully_relaxed,performance,pts:126673:1025:IT1:2021
5,fully_relaxed,performance,pts:130365:5:IT1:2021
5,fully_relaxed,performance,pts:395083:1421:FR1:2021
5,fully_relaxed,performance,pts:61842:29:GB1:2021
5,fully_relaxed,performance,pts:122797:417:FR1:2021
5,fully_relaxed,performance,pts:25488:1038:IT1:2021
5,fully_relaxed,performance,pts:272261:276:IT1:2021
5,fully_relaxed,performance,pts:14086:405:GB1:2021
5,fully_relaxed,performance,pts:344605:1003:GB1:2021
5,fully_relaxed,performance,pts:215118:405:GB1:2021
5,fully_relaxed,performance,pts:159844:24:L1:2021
5,fully_relaxed,performance,pts:121477:379:GB1:2021
5,fully_relaxed,performance,pts:134883:1390:IT1:2021
5,fully_relaxed,performance,pts:134294:405:GB1:2021
5,fully_relaxed,performance,pts:207929:29:GB1:2021
5,fully_relaxed,performance,pts:562049:12:IT1:2021
5,fully_relaxed,performance,pts:90681:618:FR1:2021
5,fully_relaxed,performance,pts:307519:2687:ES1:2021
5,fully_relaxed,performance,pts:84765:1038:IT1:2021
5,fully_relaxed,performance,pts:181378:273:FR1:2021
5,fully_relaxed,performance,pts:310458:1038:IT1:2021
5,fully_relaxed,performance,pts:310458:276:IT1:2021
5,fully_relaxed,performance,pts:146752:276:IT1:2021
5,fully_relaxed,performance,pts:266795:1108:ES1:2021
5,fully_relaxed,performance,pts:173900:1049:ES1:2021
5,fully_relaxed,performance,pts:319160:3709:ES1:2021
5,fully_relaxed,performance,pts:315125:40:FR1:2021
5,fully_relaxed,performance,pts:471474:331:ES1:2021
5,fully_relaxed,performance,pts:178313:667:FR1:2021
5,fully_relaxed,performance,pts:241229:417:FR1:2021
5,fully_relaxed,performance,pts:93704:40:FR1:2021
5,fully_relaxed,performance,pts:238752:1390:IT1:2021
5,fully_relaxed,performance,pts:131951:276:IT1:2021
5,fully_relaxed,performance,pts:94137:89:L1:2021
5,fully_relaxed,performance,pts:68864:1390:IT1:2021
5,fully_relaxed,performance,pts:527698:1531:ES1:2021
5,fully_relaxed,performance,pts:27389:667:FR1:2021
5,fully_relaxed,performance,pts:309393:10:L1:2021
5,fully_relaxed,performance,pts:352392:667:FR1:2021
5,fully_relaxed,performance,pts:73185:1531:ES1:2021
5,fully_relaxed,performance,pts:73185:2687:ES1:2021
5,fully_relaxed,performance,pts:47713:969:FR1:2021
5,fully_relaxed,performance,pts:527350:1108:ES1:2021
5,fully_relaxed,performance,pts:279009:44:L1:2021
5,fully_relaxed,performance,pts:481084:1049:ES1:2021
5,fully_relaxed,performance,pts:112935:3:L1:2021
5,fully_relaxed,performance,pts:143559:430:IT1:2021
5,fully_relaxed,performance,pts:459655:1390:IT1:2021
5,fully_relaxed,performance,pts:459655:800:IT1:2021
5,fully_relaxed,performance,pts:570817:1421:FR1:2021
5,fully_relaxed,performance,pts:131731:3522:IT1:2021
5,fully_relaxed,performance,pts:85393:1025:IT1:2021
5,fully_relaxed,performance,pts:124715:252:IT1:2021
5,fully_relaxed,performance,pts:80444:405:GB1:2021
5,fully_relaxed,performance,pts:164770:985:GB1:2021
5,fully_relaxed,performance,pts:247250:2687:ES1:2021
5,fully_relaxed,performance,pts:85383:2687:ES1:2021
5,fully_relaxed,performance,pts:199369:3709:ES1:2021
5,fully_relaxed,performance,pts:127032:1050:ES1:2021
5,fully_relaxed,performance,pts:216179:1038:IT1:2021
5,fully_relaxed,performance,pts:182618:5:IT1:2021
5,fully_relaxed,performance,pts:67082:3709:ES1:2021
5,fully_relaxed,performance,pts:135492:150:ES1:2021
5,fully_relaxed,performance,pts:111630:368:ES1:2021
5,fully_relaxed,performance,pts:284884:3709:ES1:2021
5,fully_relaxed,performance,pts:327863:1082:FR1:2022
5,fully_relaxed,performance,pts:130365:5:IT1:2022
5,fully_relaxed,performance,pts:750886:1095:FR1:2022
5,fully_relaxed,performance,pts:395083:1421:FR1:2022
5,fully_relaxed,performance,pts:395083:416:IT1:2022
5,fully_relaxed,performance,pts:122797:995:FR1:2022
5,fully_relaxed,performance,pts:25488:380:IT1:2022
5,fully_relaxed,performance,pts:272261:430:IT1:2022
5,fully_relaxed,performance,pts:315332:39:L1:2022
5,fully_relaxed,performance,pts:74810:1148:GB1:2022
5,fully_relaxed,performance,pts:128901:29:GB1:2022
5,fully_relaxed,performance,pts:121477:543:GB1:2022
5,fully_relaxed,performance,pts:134294:379:GB1:2022
5,fully_relaxed,performance,pts:148368:5:IT1:2022
5,fully_relaxed,performance,pts:216599:380:IT1:2022
5,fully_relaxed,performance,pts:406806:380:IT1:2022
5,fully_relaxed,performance,pts:364857:969:FR1:2022
5,fully_relaxed,performance,pts:126656:1420:FR1:2022
5,fully_relaxed,performance,pts:307519:2687:ES1:2022
5,fully_relaxed,performance,pts:84765:1038:IT1:2022
5,fully_relaxed,performance,pts:84765:749:IT1:2022
5,fully_relaxed,performance,pts:181378:417:FR1:2022
5,fully_relaxed,performance,pts:79377:79:L1:2022
5,fully_relaxed,performance,pts:353796:380:IT1:2022
5,fully_relaxed,performance,pts:266795:2687:ES1:2022
5,fully_relaxed,performance,pts:249126:1038:IT1:2022
5,fully_relaxed,performance,pts:649452:244:FR1:2022
5,fully_relaxed,performance,pts:178313:667:FR1:2022
5,fully_relaxed,performance,pts:206912:826:FR1:2022
5,fully_relaxed,performance,pts:124732:533:L1:2022
5,fully_relaxed,performance,pts:127142:1082:FR1:2022
5,fully_relaxed,performance,pts:241229:3709:ES1:2022
5,fully_relaxed,performance,pts:164771:244:FR1:2022
5,fully_relaxed,performance,pts:286779:2687:ES1:2022
5,fully_relaxed,performance,pts:197135:2687:ES1:2022
5,fully_relaxed,performance,pts:81999:714:ES1:2022
5,fully_relaxed,performance,pts:335147:380:IT1:2022
5,fully_relaxed,performance,pts:127076:89:L1:2022
5,fully_relaxed,performance,pts:352392:667:FR1:2022
5,fully_relaxed,performance,pts:814976:1421:FR1:2022
5,fully_relaxed,performance,pts:143559:237:ES1:2022
5,fully_relaxed,performance,pts:459655:380:IT1:2022
5,fully_relaxed,performance,pts:197470:3522:IT1:2022
5,fully_relaxed,performance,pts:88683:749:IT1:2022
5,fully_relaxed,performance,pts:570817:1421:FR1:2022
5,fully_relaxed,performance,pts:60542:3524:FR1:2022
5,fully_relaxed,performance,pts:131731:3522:IT1:2022
5,fully_relaxed,performance,pts:855158:995:FR1:2022
5,fully_relaxed,performance,pts:223725:3709:ES1:2022
5,fully_relaxed,performance,pts:74230:543:GB1:2022
5,fully_relaxed,performance,pts:179635:80:L1:2022
5,fully_relaxed,performance,pts:80444:405:GB1:2022
5,fully_relaxed,performance,pts:364133:416:IT1:2022
5,fully_relaxed,performance,pts:162038:367:ES1:2022
5,fully_relaxed,performance,pts:212391:1531:ES1:2022
5,fully_relaxed,performance,pts:212391:2687:ES1:2022
5,fully_relaxed,performance,pts:247250:2687:ES1:2022
5,fully_relaxed,performance,pts:238868:331:ES1:2022
5,fully_relaxed,performance,pts:195171:1049:ES1:2022
5,fully_relaxed,performance,pts:125614:3:L1:2022
5,fully_relaxed,performance,pts:256429:2687:ES1:2022
5,fully_relaxed,performance,pts:130360:276:IT1:2022
5,fully_relaxed,performance,pts:296879:3:L1:2022
5,fully_relaxed,performance,pts:387234:3522:IT1:2022
5,fully_relaxed,performance,pts:309944:749:IT1:2022
5,fully_relaxed,performance,pts:203842:3522:IT1:2022
5,fully_relaxed,performance,pts:103565:969:FR1:2022
5,fully_relaxed,performance,pts:623040:276:IT1:2022
5,fully_relaxed,performance,pts:284884:940:ES1:2022
5,fully_relaxed,performance,pts:895480:621:ES1:2023
5,fully_relaxed,performance,pts:25488:380:IT1:2023
5,fully_relaxed,performance,pts:82503:367:ES1:2023
5,fully_relaxed,performance,pts:32113:2919:IT1:2023
5,fully_relaxed,performance,pts:14086:29:GB1:2023
5,fully_relaxed,performance,pts:315145:273:FR1:2023
5,fully_relaxed,performance,pts:344605:368:ES1:2023
5,fully_relaxed,performance,pts:159844:23826:L1:2023
5,fully_relaxed,performance,pts:55769:2919:IT1:2023
5,fully_relaxed,performance,pts:73926:430:IT1:2023
5,fully_relaxed,performance,pts:670848:379:GB1:2023
5,fully_relaxed,performance,pts:148368:703:GB1:2023
5,fully_relaxed,performance,pts:241076:749:IT1:2023
5,fully_relaxed,performance,pts:357072:826:FR1:2023
5,fully_relaxed,performance,pts:364857:969:FR1:2023
5,fully_relaxed,performance,pts:456492:3:L1:2023
5,fully_relaxed,performance,pts:489611:749:IT1:2023
5,fully_relaxed,performance,pts:84765:749:IT1:2023
5,fully_relaxed,performance,pts:146752:2919:IT1:2023
5,fully_relaxed,performance,pts:88684:2919:IT1:2023
5,fully_relaxed,performance,pts:266795:2687:ES1:2023
5,fully_relaxed,performance,pts:490223:3302:ES1:2023
5,fully_relaxed,performance,pts:442805:3302:ES1:2023
5,fully_relaxed,performance,pts:162029:940:ES1:2023
5,fully_relaxed,performance,pts:468066:6195:IT1:2023
5,fully_relaxed,performance,pts:127142:3911:FR1:2023
5,fully_relaxed,performance,pts:42412:985:GB1:2023
5,fully_relaxed,performance,pts:241229:3911:FR1:2023
5,fully_relaxed,performance,pts:286779:2687:ES1:2023
5,fully_relaxed,performance,pts:81999:418:ES1:2023
5,fully_relaxed,performance,pts:93704:39:L1:2023
5,fully_relaxed,performance,pts:585700:150:ES1:2023
5,fully_relaxed,performance,pts:26485:380:IT1:2023
5,fully_relaxed,performance,pts:84435:89:L1:2023
5,fully_relaxed,performance,pts:82009:89:L1:2023
5,fully_relaxed,performance,pts:527698:367:ES1:2023
5,fully_relaxed,performance,pts:39983:89:L1:2023
5,fully_relaxed,performance,pts:240219:1005:IT1:2023
5,fully_relaxed,performance,pts:279009:39:L1:2023
5,fully_relaxed,performance,pts:459655:416:IT1:2023
5,fully_relaxed,performance,pts:332179:2919:IT1:2023
5,fully_relaxed,performance,pts:396894:2687:ES1:2023
5,fully_relaxed,performance,pts:369267:3524:FR1:2023
5,fully_relaxed,performance,pts:307924:167:L1:2023
5,fully_relaxed,performance,pts:307924:533:L1:2023
5,fully_relaxed,performance,pts:302215:86:L1:2023
5,fully_relaxed,performance,pts:82048:1005:IT1:2023
5,fully_relaxed,performance,pts:66100:131:ES1:2023
5,fully_relaxed,performance,pts:20005:2919:IT1:2023
5,fully_relaxed,performance,pts:429901:1041:FR1:2023
5,fully_relaxed,performance,pts:399543:1005:IT1:2023
5,fully_relaxed,performance,pts:88909:276:IT1:2023
5,fully_relaxed,performance,pts:277635:2687:ES1:2023
5,fully_relaxed,performance,pts:195171:6574:IT1:2023
5,fully_relaxed,performance,pts:126540:1082:FR1:2023
5,fully_relaxed,performance,pts:377219:1049:ES1:2023
5,fully_relaxed,performance,pts:251845:1049:ES1:2023
5,fully_relaxed,performance,pts:256429:2687:ES1:2023
5,fully_relaxed,performance,pts:355627:1421:FR1:2023
5,fully_relaxed,performance,pts:257751:749:IT1:2023
5,fully_relaxed,performance,pts:1004618:995:FR1:2023
5,fully_relaxed,performance,pts:186988:167:L1:2023
5,fully_relaxed,performance,pts:387234:749:IT1:2023
5,fully_relaxed,performance,pts:182618:1158:FR1:2023
5,fully_relaxed,performance,pts:203842:749:IT1:2023
5,fully_relaxed,performance,pts:284884:3709:ES1:2023
5,fully_relaxed,adaptation,pts:56810:162:FR1:2018
5,fully_relaxed,adaptation,pts:236041:1416:FR1:2018
5,fully_relaxed,adaptation,pts:199258:2722:IT1:2018
5,fully_relaxed,adaptation,pts:122797:969:FR1:2018
5,fully_relaxed,adaptation,pts:32113:416:IT1:2018
5,fully_relaxed,adaptation,pts:66934:873:GB1:2018
5,fully_relaxed,adaptation,pts:170544:417:FR1:2018
5,fully_relaxed,adaptation,pts:95641:1108:ES1:2018
5,fully_relaxed,adaptation,pts:191987:995:FR1:2018
5,fully_relaxed,adaptation,pts:302991:3368:ES1:2018
5,fully_relaxed,adaptation,pts:44059:252:IT1:2018
5,fully_relaxed,adaptation,pts:38607:6574:IT1:2018
5,fully_relaxed,adaptation,pts:181378:969:FR1:2018
5,fully_relaxed,adaptation,pts:129476:1010:GB1:2018
5,fully_relaxed,adaptation,pts:163222:1038:IT1:2018
5,fully_relaxed,adaptation,pts:70245:3709:ES1:2018
5,fully_relaxed,adaptation,pts:281755:3709:ES1:2018
5,fully_relaxed,adaptation,pts:319160:1038:IT1:2018
5,fully_relaxed,adaptation,pts:178313:162:FR1:2018
5,fully_relaxed,adaptation,pts:42412:1003:GB1:2018
5,fully_relaxed,adaptation,pts:241229:244:FR1:2018
5,fully_relaxed,adaptation,pts:126719:583:FR1:2018
5,fully_relaxed,adaptation,pts:335147:969:FR1:2018
5,fully_relaxed,adaptation,pts:127076:82:L1:2018
5,fully_relaxed,adaptation,pts:238752:46:IT1:2018
5,fully_relaxed,adaptation,pts:68864:244:FR1:2018
5,fully_relaxed,adaptation,pts:124902:6574:IT1:2018
5,fully_relaxed,adaptation,pts:183031:416:IT1:2018
5,fully_relaxed,adaptation,pts:27389:1049:ES1:2018
5,fully_relaxed,adaptation,pts:427161:667:FR1:2018
5,fully_relaxed,adaptation,pts:236400:1041:FR1:2018
5,fully_relaxed,adaptation,pts:56100:1237:GB1:2018
5,fully_relaxed,adaptation,pts:39983:506:IT1:2018
5,fully_relaxed,adaptation,pts:73185:379:GB1:2018
5,fully_relaxed,adaptation,pts:74228:12321:ES1:2018
5,fully_relaxed,adaptation,pts:99232:410:IT1:2018
5,fully_relaxed,adaptation,pts:45146:244:FR1:2018
5,fully_relaxed,adaptation,pts:112935:33:L1:2018
5,fully_relaxed,adaptation,pts:483573:1108:ES1:2018
5,fully_relaxed,adaptation,pts:68645:1237:GB1:2018
5,fully_relaxed,adaptation,pts:28140:415:FR1:2018
5,fully_relaxed,adaptation,pts:60542:368:ES1:2018
5,fully_relaxed,adaptation,pts:40633:398:IT1:2018
5,fully_relaxed,adaptation,pts:223725:368:ES1:2018
5,fully_relaxed,adaptation,pts:302215:31:GB1:2018
5,fully_relaxed,adaptation,pts:82048:1025:IT1:2018
5,fully_relaxed,adaptation,pts:60577:416:IT1:2018
5,fully_relaxed,adaptation,pts:136610:855:FR1:2018
5,fully_relaxed,adaptation,pts:314295:167:L1:2018
5,fully_relaxed,adaptation,pts:88909:1038:IT1:2018
5,fully_relaxed,adaptation,pts:85383:1049:ES1:2018
5,fully_relaxed,adaptation,pts:195171:5:IT1:2018
5,fully_relaxed,adaptation,pts:432772:162:FR1:2018
5,fully_relaxed,adaptation,pts:432772:667:FR1:2018
5,fully_relaxed,adaptation,pts:199369:681:ES1:2018
5,fully_relaxed,adaptation,pts:130360:6195:IT1:2018
5,fully_relaxed,adaptation,pts:34322:11:GB1:2018
5,fully_relaxed,adaptation,pts:167859:252:IT1:2018
5,fully_relaxed,adaptation,pts:73734:12:IT1:2018
5,fully_relaxed,adaptation,pts:170953:1420:FR1:2018
5,fully_relaxed,adaptation,pts:238716:1420:FR1:2018
5,fully_relaxed,adaptation,pts:182618:5:IT1:2018
5,fully_relaxed,adaptation,pts:126687:995:FR1:2018
5,fully_relaxed,adaptation,pts:65467:1050:ES1:2018
5,fully_relaxed,adaptation,pts:103565:618:FR1:2018
5,fully_relaxed,adaptation,pts:126673:252:IT1:2019
5,fully_relaxed,adaptation,pts:288318:714:ES1:2019
5,fully_relaxed,adaptation,pts:130365:1049:ES1:2019
5,fully_relaxed,adaptation,pts:236041:1416:FR1:2019
5,fully_relaxed,adaptation,pts:184894:430:IT1:2019
5,fully_relaxed,adaptation,pts:355501:12:IT1:2019
5,fully_relaxed,adaptation,pts:199258:2722:IT1:2019
5,fully_relaxed,adaptation,pts:122797:969:FR1:2019
5,fully_relaxed,adaptation,pts:14086:46:IT1:2019
5,fully_relaxed,adaptation,pts:64598:714:ES1:2019
5,fully_relaxed,adaptation,pts:134294:180:GB1:2019
5,fully_relaxed,adaptation,pts:208167:38:L1:2019
5,fully_relaxed,adaptation,pts:82070:6195:IT1:2019
5,fully_relaxed,adaptation,pts:288241:40:FR1:2019
5,fully_relaxed,adaptation,pts:302991:3709:ES1:2019
5,fully_relaxed,adaptation,pts:44059:2722:IT1:2019
5,fully_relaxed,adaptation,pts:165873:366:ES1:2019
5,fully_relaxed,adaptation,pts:38607:2722:IT1:2019
5,fully_relaxed,adaptation,pts:202278:273:FR1:2019
5,fully_relaxed,adaptation,pts:84765:6574:IT1:2019
5,fully_relaxed,adaptation,pts:146752:130:IT1:2019
5,fully_relaxed,adaptation,pts:162056:3368:ES1:2019
5,fully_relaxed,adaptation,pts:163222:6574:IT1:2019
5,fully_relaxed,adaptation,pts:319160:1038:IT1:2019
5,fully_relaxed,adaptation,pts:65318:1049:ES1:2019
5,fully_relaxed,adaptation,pts:178313:618:FR1:2019
5,fully_relaxed,adaptation,pts:251896:543:GB1:2019
5,fully_relaxed,adaptation,pts:127142:273:FR1:2019
5,fully_relaxed,adaptation,pts:118284:969:FR1:2019
5,fully_relaxed,adaptation,pts:164771:12:IT1:2019
5,fully_relaxed,adaptation,pts:81999:1108:ES1:2019
5,fully_relaxed,adaptation,pts:131708:1244:ES1:2019
5,fully_relaxed,adaptation,pts:84435:86:L1:2019
5,fully_relaxed,adaptation,pts:183031:416:IT1:2019
5,fully_relaxed,adaptation,pts:104752:6195:IT1:2019
5,fully_relaxed,adaptation,pts:111347:1038:IT1:2019
5,fully_relaxed,adaptation,pts:73185:1108:ES1:2019
5,fully_relaxed,adaptation,pts:99232:2722:IT1:2019
5,fully_relaxed,adaptation,pts:39728:16:L1:2019
5,fully_relaxed,adaptation,pts:176139:1025:IT1:2019
5,fully_relaxed,adaptation,pts:396894:1049:ES1:2019
5,fully_relaxed,adaptation,pts:40633:430:IT1:2019
5,fully_relaxed,adaptation,pts:203496:150:ES1:2019
5,fully_relaxed,adaptation,pts:82048:1025:IT1:2019
5,fully_relaxed,adaptation,pts:74230:583:FR1:2019
5,fully_relaxed,adaptation,pts:101213:6574:IT1:2019
5,fully_relaxed,adaptation,pts:80444:27:L1:2019
5,fully_relaxed,adaptation,pts:162038:714:ES1:2019
5,fully_relaxed,adaptation,pts:314295:167:L1:2019
5,fully_relaxed,adaptation,pts:399543:40:FR1:2019
5,fully_relaxed,adaptation,pts:88909:252:IT1:2019
5,fully_relaxed,adaptation,pts:99352:40:FR1:2019
5,fully_relaxed,adaptation,pts:238868:1050:ES1:2019
5,fully_relaxed,adaptation,pts:199369:366:ES1:2019
5,fully_relaxed,adaptation,pts:44466:24:L1:2019
5,fully_relaxed,adaptation,pts:130360:416:IT1:2019
5,fully_relaxed,adaptation,pts:216179:46:IT1:2019
5,fully_relaxed,adaptation,pts:167859:252:IT1:2019
5,fully_relaxed,adaptation,pts:73734:273:FR1:2019
5,fully_relaxed,adaptation,pts:111961:368:ES1:2019
5,fully_relaxed,adaptation,pts:182618:162:FR1:2019
5,fully_relaxed,adaptation,pts:127156:969:FR1:2019
5,fully_relaxed,adaptation,pts:146854:162:FR1:2019
5,fully_relaxed,adaptation,pts:274484:1041:FR1:2019
5,fully_relaxed,adaptation,pts:43512:86:L1:2019
5,fully_relaxed,adaptation,pts:43530:1237:GB1:2020
5,fully_relaxed,adaptation,pts:126673:1025:IT1:2020
5,fully_relaxed,adaptation,pts:56810:1038:IT1:2020
5,fully_relaxed,adaptation,pts:130365:583:FR1:2020
5,fully_relaxed,adaptation,pts:184894:1390:IT1:2020
5,fully_relaxed,adaptation,pts:184894:430:IT1:2020
5,fully_relaxed,adaptation,pts:25488:1038:IT1:2020
5,fully_relaxed,adaptation,pts:272261:276:IT1:2020
5,fully_relaxed,adaptation,pts:216464:681:ES1:2020
5,fully_relaxed,adaptation,pts:58396:86:L1:2020
5,fully_relaxed,adaptation,pts:170544:3911:FR1:2020
5,fully_relaxed,adaptation,pts:121477:379:GB1:2020
5,fully_relaxed,adaptation,pts:129476:410:IT1:2020
5,fully_relaxed,adaptation,pts:57280:430:IT1:2020
5,fully_relaxed,adaptation,pts:310458:276:IT1:2020
5,fully_relaxed,adaptation,pts:266795:398:IT1:2020
5,fully_relaxed,adaptation,pts:163222:6574:IT1:2020
5,fully_relaxed,adaptation,pts:32467:368:ES1:2020
5,fully_relaxed,adaptation,pts:251848:1108:ES1:2020
5,fully_relaxed,adaptation,pts:182875:995:FR1:2020
5,fully_relaxed,adaptation,pts:178313:667:FR1:2020
5,fully_relaxed,adaptation,pts:148262:762:GB1:2020
5,fully_relaxed,adaptation,pts:251896:16795:ES1:2020
5,fully_relaxed,adaptation,pts:164771:12:IT1:2020
5,fully_relaxed,adaptation,pts:61253:430:IT1:2020
5,fully_relaxed,adaptation,pts:238752:1038:IT1:2020
5,fully_relaxed,adaptation,pts:197126:366:ES1:2020
5,fully_relaxed,adaptation,pts:131951:276:IT1:2020
5,fully_relaxed,adaptation,pts:68864:252:IT1:2020
5,fully_relaxed,adaptation,pts:82009:162:FR1:2020
5,fully_relaxed,adaptation,pts:111347:1038:IT1:2020
5,fully_relaxed,adaptation,pts:68645:150:ES1:2020
5,fully_relaxed,adaptation,pts:332179:800:IT1:2020
5,fully_relaxed,adaptation,pts:176139:130:IT1:2020
5,fully_relaxed,adaptation,pts:176139:252:IT1:2020
5,fully_relaxed,adaptation,pts:88682:1041:FR1:2020
5,fully_relaxed,adaptation,pts:88683:252:IT1:2020
5,fully_relaxed,adaptation,pts:60542:16795:ES1:2020
5,fully_relaxed,adaptation,pts:40633:252:IT1:2020
5,fully_relaxed,adaptation,pts:44162:131:ES1:2020
5,fully_relaxed,adaptation,pts:56818:417:FR1:2020
5,fully_relaxed,adaptation,pts:20005:368:ES1:2020
5,fully_relaxed,adaptation,pts:94201:89:L1:2020
5,fully_relaxed,adaptation,pts:130360:416:IT1:2020
5,fully_relaxed,adaptation,pts:216179:46:IT1:2020
5,fully_relaxed,adaptation,pts:167859:276:IT1:2020
5,fully_relaxed,adaptation,pts:340328:969:FR1:2020
5,fully_relaxed,adaptation,pts:111961:368:ES1:2020
5,fully_relaxed,adaptation,pts:60444:31:GB1:2020
5,fully_relaxed,adaptation,pts:265763:347:FR1:2020
5,fully_relaxed,adaptation,pts:182618:6195:IT1:2020
5,fully_relaxed,adaptation,pts:315131:15:L1:2020
5,fully_relaxed,adaptation,pts:284595:1038:IT1:2020
5,fully_relaxed,adaptation,pts:63494:1050:ES1:2020
5,fully_relaxed,adaptation,pts:284884:368:ES1:2020
5,fully_relaxed,adaptation,pts:43512:86:L1:2020
5,fully_relaxed,adaptation,pts:126673:1025:IT1:2021
5,fully_relaxed,adaptation,pts:130365:5:IT1:2021
5,fully_relaxed,adaptation,pts:395083:1421:FR1:2021
5,fully_relaxed,adaptation,pts:61842:29:GB1:2021
5,fully_relaxed,adaptation,pts:122797:417:FR1:2021
5,fully_relaxed,adaptation,pts:25488:1038:IT1:2021
5,fully_relaxed,adaptation,pts:272261:276:IT1:2021
5,fully_relaxed,adaptation,pts:14086:405:GB1:2021
5,fully_relaxed,adaptation,pts:344605:1003:GB1:2021
5,fully_relaxed,adaptation,pts:215118:405:GB1:2021
5,fully_relaxed,adaptation,pts:159844:24:L1:2021
5,fully_relaxed,adaptation,pts:121477:379:GB1:2021
5,fully_relaxed,adaptation,pts:134883:1390:IT1:2021
5,fully_relaxed,adaptation,pts:134294:405:GB1:2021
5,fully_relaxed,adaptation,pts:207929:29:GB1:2021
5,fully_relaxed,adaptation,pts:90681:618:FR1:2021
5,fully_relaxed,adaptation,pts:307519:2687:ES1:2021
5,fully_relaxed,adaptation,pts:84765:1038:IT1:2021
5,fully_relaxed,adaptation,pts:181378:273:FR1:2021
5,fully_relaxed,adaptation,pts:310458:1038:IT1:2021
5,fully_relaxed,adaptation,pts:310458:276:IT1:2021
5,fully_relaxed,adaptation,pts:146752:276:IT1:2021
5,fully_relaxed,adaptation,pts:266795:1108:ES1:2021
5,fully_relaxed,adaptation,pts:173900:1049:ES1:2021
5,fully_relaxed,adaptation,pts:319160:3709:ES1:2021
5,fully_relaxed,adaptation,pts:315125:40:FR1:2021
5,fully_relaxed,adaptation,pts:471474:331:ES1:2021
5,fully_relaxed,adaptation,pts:178313:667:FR1:2021
5,fully_relaxed,adaptation,pts:241229:417:FR1:2021
5,fully_relaxed,adaptation,pts:93704:40:FR1:2021
5,fully_relaxed,adaptation,pts:238752:1390:IT1:2021
5,fully_relaxed,adaptation,pts:131951:276:IT1:2021
5,fully_relaxed,adaptation,pts:94137:89:L1:2021
5,fully_relaxed,adaptation,pts:68864:1390:IT1:2021
5,fully_relaxed,adaptation,pts:527698:1531:ES1:2021
5,fully_relaxed,adaptation,pts:27389:667:FR1:2021
5,fully_relaxed,adaptation,pts:309393:10:L1:2021
5,fully_relaxed,adaptation,pts:352392:667:FR1:2021
5,fully_relaxed,adaptation,pts:73185:1531:ES1:2021
5,fully_relaxed,adaptation,pts:73185:2687:ES1:2021
5,fully_relaxed,adaptation,pts:47713:969:FR1:2021
5,fully_relaxed,adaptation,pts:527350:1108:ES1:2021
5,fully_relaxed,adaptation,pts:279009:44:L1:2021
5,fully_relaxed,adaptation,pts:481084:1049:ES1:2021
5,fully_relaxed,adaptation,pts:112935:3:L1:2021
5,fully_relaxed,adaptation,pts:143559:430:IT1:2021
5,fully_relaxed,adaptation,pts:459655:1390:IT1:2021
5,fully_relaxed,adaptation,pts:459655:800:IT1:2021
5,fully_relaxed,adaptation,pts:570817:1421:FR1:2021
5,fully_relaxed,adaptation,pts:131731:3522:IT1:2021
5,fully_relaxed,adaptation,pts:85393:1025:IT1:2021
5,fully_relaxed,adaptation,pts:124715:252:IT1:2021
5,fully_relaxed,adaptation,pts:80444:405:GB1:2021
5,fully_relaxed,adaptation,pts:164770:985:GB1:2021
5,fully_relaxed,adaptation,pts:247250:2687:ES1:2021
5,fully_relaxed,adaptation,pts:85383:2687:ES1:2021
5,fully_relaxed,adaptation,pts:199369:3709:ES1:2021
5,fully_relaxed,adaptation,pts:127032:1050:ES1:2021
5,fully_relaxed,adaptation,pts:216179:1038:IT1:2021
5,fully_relaxed,adaptation,pts:182618:5:IT1:2021
5,fully_relaxed,adaptation,pts:67082:3709:ES1:2021
5,fully_relaxed,adaptation,pts:135492:150:ES1:2021
5,fully_relaxed,adaptation,pts:111630:368:ES1:2021
5,fully_relaxed,adaptation,pts:284884:3709:ES1:2021
5,fully_relaxed,adaptation,pts:327863:1082:FR1:2022
5,fully_relaxed,adaptation,pts:130365:5:IT1:2022
5,fully_relaxed,adaptation,pts:395083:1421:FR1:2022
5,fully_relaxed,adaptation,pts:395083:416:IT1:2022
5,fully_relaxed,adaptation,pts:122797:995:FR1:2022
5,fully_relaxed,adaptation,pts:25488:380:IT1:2022
5,fully_relaxed,adaptation,pts:272261:430:IT1:2022
5,fully_relaxed,adaptation,pts:315332:39:L1:2022
5,fully_relaxed,adaptation,pts:74810:1148:GB1:2022
5,fully_relaxed,adaptation,pts:128901:29:GB1:2022
5,fully_relaxed,adaptation,pts:121477:543:GB1:2022
5,fully_relaxed,adaptation,pts:134294:379:GB1:2022
5,fully_relaxed,adaptation,pts:148368:5:IT1:2022
5,fully_relaxed,adaptation,pts:216599:380:IT1:2022
5,fully_relaxed,adaptation,pts:406806:380:IT1:2022
5,fully_relaxed,adaptation,pts:364857:969:FR1:2022
5,fully_relaxed,adaptation,pts:126656:1420:FR1:2022
5,fully_relaxed,adaptation,pts:307519:2687:ES1:2022
5,fully_relaxed,adaptation,pts:84765:1038:IT1:2022
5,fully_relaxed,adaptation,pts:84765:749:IT1:2022
5,fully_relaxed,adaptation,pts:181378:417:FR1:2022
5,fully_relaxed,adaptation,pts:79377:79:L1:2022
5,fully_relaxed,adaptation,pts:353796:380:IT1:2022
5,fully_relaxed,adaptation,pts:266795:2687:ES1:2022
5,fully_relaxed,adaptation,pts:249126:1038:IT1:2022
5,fully_relaxed,adaptation,pts:649452:244:FR1:2022
5,fully_relaxed,adaptation,pts:178313:667:FR1:2022
5,fully_relaxed,adaptation,pts:206912:826:FR1:2022
5,fully_relaxed,adaptation,pts:124732:533:L1:2022
5,fully_relaxed,adaptation,pts:127142:1082:FR1:2022
5,fully_relaxed,adaptation,pts:241229:3709:ES1:2022
5,fully_relaxed,adaptation,pts:164771:244:FR1:2022
5,fully_relaxed,adaptation,pts:286779:2687:ES1:2022
5,fully_relaxed,adaptation,pts:197135:2687:ES1:2022
5,fully_relaxed,adaptation,pts:81999:714:ES1:2022
5,fully_relaxed,adaptation,pts:335147:380:IT1:2022
5,fully_relaxed,adaptation,pts:127076:89:L1:2022
5,fully_relaxed,adaptation,pts:352392:667:FR1:2022
5,fully_relaxed,adaptation,pts:143559:237:ES1:2022
5,fully_relaxed,adaptation,pts:459655:380:IT1:2022
5,fully_relaxed,adaptation,pts:197470:3522:IT1:2022
5,fully_relaxed,adaptation,pts:88683:749:IT1:2022
5,fully_relaxed,adaptation,pts:570817:1421:FR1:2022
5,fully_relaxed,adaptation,pts:60542:3524:FR1:2022
5,fully_relaxed,adaptation,pts:131731:3522:IT1:2022
5,fully_relaxed,adaptation,pts:223725:3709:ES1:2022
5,fully_relaxed,adaptation,pts:74230:543:GB1:2022
5,fully_relaxed,adaptation,pts:179635:80:L1:2022
5,fully_relaxed,adaptation,pts:80444:405:GB1:2022
5,fully_relaxed,adaptation,pts:162038:367:ES1:2022
5,fully_relaxed,adaptation,pts:212391:1531:ES1:2022
5,fully_relaxed,adaptation,pts:212391:2687:ES1:2022
5,fully_relaxed,adaptation,pts:247250:2687:ES1:2022
5,fully_relaxed,adaptation,pts:238868:331:ES1:2022
5,fully_relaxed,adaptation,pts:195171:1049:ES1:2022
5,fully_relaxed,adaptation,pts:125614:3:L1:2022
5,fully_relaxed,adaptation,pts:256429:2687:ES1:2022
5,fully_relaxed,adaptation,pts:130360:276:IT1:2022
5,fully_relaxed,adaptation,pts:387234:3522:IT1:2022
5,fully_relaxed,adaptation,pts:309944:749:IT1:2022
5,fully_relaxed,adaptation,pts:203842:3522:IT1:2022
5,fully_relaxed,adaptation,pts:103565:969:FR1:2022
5,fully_relaxed,adaptation,pts:623040:276:IT1:2022
5,fully_relaxed,adaptation,pts:284884:940:ES1:2022
5,fully_relaxed,adaptation,pts:25488:380:IT1:2023
5,fully_relaxed,adaptation,pts:82503:367:ES1:2023
5,fully_relaxed,adaptation,pts:32113:2919:IT1:2023
5,fully_relaxed,adaptation,pts:14086:29:GB1:2023
5,fully_relaxed,adaptation,pts:315145:273:FR1:2023
5,fully_relaxed,adaptation,pts:344605:368:ES1:2023
5,fully_relaxed,adaptation,pts:159844:23826:L1:2023
5,fully_relaxed,adaptation,pts:55769:2919:IT1:2023
5,fully_relaxed,adaptation,pts:73926:430:IT1:2023
5,fully_relaxed,adaptation,pts:148368:703:GB1:2023
5,fully_relaxed,adaptation,pts:241076:749:IT1:2023
5,fully_relaxed,adaptation,pts:357072:826:FR1:2023
5,fully_relaxed,adaptation,pts:364857:969:FR1:2023
5,fully_relaxed,adaptation,pts:489611:749:IT1:2023
5,fully_relaxed,adaptation,pts:84765:749:IT1:2023
5,fully_relaxed,adaptation,pts:146752:2919:IT1:2023
5,fully_relaxed,adaptation,pts:266795:2687:ES1:2023
5,fully_relaxed,adaptation,pts:490223:3302:ES1:2023
5,fully_relaxed,adaptation,pts:442805:3302:ES1:2023
5,fully_relaxed,adaptation,pts:162029:940:ES1:2023
5,fully_relaxed,adaptation,pts:468066:6195:IT1:2023
5,fully_relaxed,adaptation,pts:127142:3911:FR1:2023
5,fully_relaxed,adaptation,pts:42412:985:GB1:2023
5,fully_relaxed,adaptation,pts:241229:3911:FR1:2023
5,fully_relaxed,adaptation,pts:286779:2687:ES1:2023
5,fully_relaxed,adaptation,pts:81999:418:ES1:2023
5,fully_relaxed,adaptation,pts:93704:39:L1:2023
5,fully_relaxed,adaptation,pts:26485:380:IT1:2023
5,fully_relaxed,adaptation,pts:84435:89:L1:2023
5,fully_relaxed,adaptation,pts:82009:89:L1:2023
5,fully_relaxed,adaptation,pts:527698:367:ES1:2023
5,fully_relaxed,adaptation,pts:39983:89:L1:2023
5,fully_relaxed,adaptation,pts:240219:1005:IT1:2023
5,fully_relaxed,adaptation,pts:279009:39:L1:2023
5,fully_relaxed,adaptation,pts:459655:416:IT1:2023
5,fully_relaxed,adaptation,pts:332179:2919:IT1:2023
5,fully_relaxed,adaptation,pts:396894:2687:ES1:2023
5,fully_relaxed,adaptation,pts:369267:3524:FR1:2023
5,fully_relaxed,adaptation,pts:307924:167:L1:2023
5,fully_relaxed,adaptation,pts:307924:533:L1:2023
5,fully_relaxed,adaptation,pts:302215:86:L1:2023
5,fully_relaxed,adaptation,pts:82048:1005:IT1:2023
5,fully_relaxed,adaptation,pts:66100:131:ES1:2023
5,fully_relaxed,adaptation,pts:20005:2919:IT1:2023
5,fully_relaxed,adaptation,pts:429901:1041:FR1:2023
5,fully_relaxed,adaptation,pts:399543:1005:IT1:2023
5,fully_relaxed,adaptation,pts:88909:276:IT1:2023
5,fully_relaxed,adaptation,pts:277635:2687:ES1:2023
5,fully_relaxed,adaptation,pts:195171:6574:IT1:2023
5,fully_relaxed,adaptation,pts:126540:1082:FR1:2023
5,fully_relaxed,adaptation,pts:251845:1049:ES1:2023
5,fully_relaxed,adaptation,pts:256429:2687:ES1:2023
5,fully_relaxed,adaptation,pts:355627:1421:FR1:2023
5,fully_relaxed,adaptation,pts:257751:749:IT1:2023
5,fully_relaxed,adaptation,pts:186988:167:L1:2023
5,fully_relaxed,adaptation,pts:387234:749:IT1:2023
5,fully_relaxed,adaptation,pts:182618:1158:FR1:2023
5,fully_relaxed,adaptation,pts:203842:749:IT1:2023
5,fully_relaxed,adaptation,pts:284884:3709:ES1:2023
