manifest,row,field,source,root_relative_path_exists
Data/processed/business_metric_product/source_manifest.csv,2,source_file,Data/processed/business_metric_translation_audit/translated_historical_profiles.csv,True
Data/processed/business_metric_product/source_manifest.csv,3,source_file,Data/processed/business_metric_translation_audit/historical_business_profile_cases.csv,True
Data/processed/business_metric_product/source_manifest.csv,4,source_file,Data/processed/business_metric_translation_audit/business_metric_catalog.csv,True
Data/processed/business_metric_product/source_manifest.csv,5,source_file,Data/processed/business_metric_translation_audit/independent_verification.json,True
Data/processed/business_metric_product/source_manifest.csv,6,source_file,Data/processed/integrated_contract_profile/independent_verification.json,True
Data/processed/business_metric_product/source_manifest.csv,7,source_file,Data/processed/integrated_contract_profile/historical_integrated_profiles.csv,True
Data/processed/business_metric_product/source_manifest.csv,8,source_file,models/business_metric_engine.py,True
Data/processed/business_metric_translation_audit/source_manifest.csv,2,source_file,Data/processed/frozen_contract_sources/phase1_5_2026-08-11/contract_extension_integration/extension_modeling_master.csv,True
Data/processed/business_metric_translation_audit/source_manifest.csv,3,source_file,Data/processed/extension_opportunity_diagnostic/model_predictions.csv,True
Data/processed/business_metric_translation_audit/source_manifest.csv,4,source_file,Data/processed/extension_opportunity_diagnostic/independent_verification.json,True
Data/processed/business_metric_translation_audit/source_manifest.csv,5,source_file,Data/processed/extension_survival_diagnostic/survival_predictions.csv,True
Data/processed/business_metric_translation_audit/source_manifest.csv,6,source_file,Data/processed/extension_survival_diagnostic/independent_verification.json,True
Data/processed/business_metric_translation_audit/source_manifest.csv,7,source_file,Data/processed/extension_value_preservation_diagnostic/value_predictions.csv,True
Data/processed/business_metric_translation_audit/source_manifest.csv,8,source_file,Data/processed/extension_value_preservation_diagnostic/independent_verification.json,True
Data/processed/business_metric_translation_audit/source_manifest.csv,9,source_file,Data/processed/contract_financial_exposure_benchmark/benchmark_predictions.csv,True
Data/processed/business_metric_translation_audit/source_manifest.csv,10,source_file,Data/processed/contract_financial_exposure_benchmark/independent_verification.json,True
Data/processed/business_metric_translation_audit/source_manifest.csv,11,source_file,Data/processed/integrated_contract_profile/historical_integrated_profiles.csv,True
Data/processed/business_metric_translation_audit/source_manifest.csv,12,source_file,Data/processed/integrated_contract_profile/integration_evaluation_cohort.csv,True
Data/processed/business_metric_translation_audit/source_manifest.csv,13,source_file,Data/processed/integrated_contract_profile/historical_case_studies.csv,True
Data/processed/business_metric_translation_audit/source_manifest.csv,14,source_file,Data/processed/integrated_contract_profile/independent_verification.json,True
Data/processed/canonical_integration/source_manifest.csv,2,source_file,Data/processed/integration_crosswalks/player_identity_crosswalk.csv,True
Data/processed/canonical_integration/source_manifest.csv,3,source_file,Data/processed/integration_crosswalks/club_identity_crosswalk.csv,True
Data/processed/canonical_integration/source_manifest.csv,4,source_file,Data/processed/integration_crosswalks/fbref_player_crosswalk.csv,True
Data/processed/canonical_integration/source_manifest.csv,5,source_file,Data/processed/integration_crosswalks/fbref_club_crosswalk.csv,True
Data/processed/canonical_integration/source_manifest.csv,6,source_file,Data/processed/transfermarkt_clean/tables/players_clean.csv,True
Data/processed/canonical_integration/source_manifest.csv,7,source_file,Data/processed/transfermarkt_clean/tables/clubs_clean.csv,True
Data/processed/canonical_integration/source_manifest.csv,8,source_file,Data/processed/transfermarkt_clean/tables/competitions_clean.csv,True
Data/processed/canonical_integration/source_manifest.csv,9,source_file,Data/processed/transfermarkt_clean/tables/player_valuations_clean.csv,True
Data/processed/canonical_integration/source_manifest.csv,10,source_file,Data/processed/transfermarkt_clean/tables/transfers_clean.csv,True
Data/processed/canonical_integration/source_manifest.csv,11,source_file,Data/processed/football_datalake_clean/tables/player_profiles_clean.csv,True
Data/processed/canonical_integration/source_manifest.csv,12,source_file,Data/processed/football_datalake_clean/tables/team_details_clean.csv,True
Data/processed/canonical_integration/source_manifest.csv,13,source_file,Data/processed/football_datalake_clean/tables/player_market_value_clean.csv,True
Data/processed/canonical_integration/source_manifest.csv,14,source_file,Data/processed/football_datalake_clean/tables/transfer_history_clean.csv,True
Data/processed/canonical_performance/source_manifest.csv,2,source_file,Data/processed/fbref_2017_2024_clean/fbref_player_squad_season_clean.csv,False
Data/processed/canonical_performance/source_manifest.csv,3,source_file,Data/processed/transfermarkt_clean/tables/games_clean.csv,True
Data/processed/canonical_performance/source_manifest.csv,4,source_file,Data/processed/transfermarkt_clean/tables/appearances_clean.csv,True
Data/processed/canonical_performance/source_manifest.csv,5,source_file,Data/processed/transfermarkt_clean/tables/game_lineups_clean.csv,True
Data/processed/canonical_performance/source_manifest.csv,6,source_file,Data/processed/football_datalake_clean/tables/player_performances_clean.csv,True
Data/processed/canonical_performance/source_manifest.csv,7,source_file,Data/processed/canonical_integration/canonical_player_dimension.csv,True
Data/processed/canonical_performance/source_manifest.csv,8,source_file,Data/processed/canonical_integration/canonical_club_dimension.csv,True
Data/processed/canonical_performance/source_manifest.csv,9,source_file,Data/processed/integration_crosswalks/competition_crosswalk.csv,True
Data/processed/canonical_performance/source_manifest.csv,10,source_file,Data/processed/integration_crosswalks/fbref_player_crosswalk.csv,True
Data/processed/canonical_performance/source_manifest.csv,11,source_file,Data/processed/integration_crosswalks/fbref_club_season_crosswalk.csv,True
Data/processed/capital_at_risk_integration/source_manifest.csv,2,source,Data/processed/financial_module_feasibility/financial_event_audit.csv,True
Data/processed/capital_at_risk_integration/source_manifest.csv,3,source,Data/processed/financial_module_feasibility/independent_verification.json,True
Data/processed/capital_at_risk_integration/source_manifest.csv,4,source,Data/processed/market_value_calibration_experiment/calibrated_predictions.csv,True
Data/processed/capital_at_risk_integration/source_manifest.csv,5,source,Data/processed/market_value_calibration_experiment/independent_verification.json,True
Data/processed/capital_at_risk_integration/source_manifest.csv,6,source,Data/processed/paid_transfer_underutilization_model/underutilization_predictions.csv,True
Data/processed/capital_at_risk_integration/source_manifest.csv,7,source,Data/processed/paid_transfer_underutilization_model/independent_verification.json,True
Data/processed/capital_at_risk_integration/source_manifest.csv,8,source,Data/processed/paid_transfer_underutilization_refinement/classification_predictions.csv,True
Data/processed/capital_at_risk_integration/source_manifest.csv,9,source,Data/processed/paid_transfer_underutilization_refinement/independent_verification.json,True
Data/processed/capital_at_risk_integration/source_manifest.csv,10,source,Data/processed/fee_benchmarking_model/fee_benchmark_predictions.csv,True
Data/processed/capital_at_risk_integration/source_manifest.csv,11,source,Data/processed/fee_benchmarking_model/independent_verification.json,True
Data/processed/capology_club_financial_context/source_manifest.csv,2,source_relative_path,Data/leagues/bundesliga/Payrolls/bundesliga_payroll_2014_2015_capology.csv,True
Data/processed/capology_club_financial_context/source_manifest.csv,3,source_relative_path,Data/leagues/bundesliga/Payrolls/bundesliga_payroll_2015_2016_capology.csv,True
Data/processed/capology_club_financial_context/source_manifest.csv,4,source_relative_path,Data/leagues/bundesliga/Payrolls/bundesliga_payroll_2016_2017_capology.csv,True
Data/processed/capology_club_financial_context/source_manifest.csv,5,source_relative_path,Data/leagues/bundesliga/Payrolls/bundesliga_payroll_2017_2018_capology.csv,True
Data/processed/capology_club_financial_context/source_manifest.csv,6,source_relative_path,Data/leagues/bundesliga/Payrolls/bundesliga_payroll_2018_2019_capology.csv,True
Data/processed/capology_club_financial_context/source_manifest.csv,7,source_relative_path,Data/leagues/bundesliga/Payrolls/bundesliga_payroll_2019_2020_capology.csv,True
Data/processed/capology_club_financial_context/source_manifest.csv,8,source_relative_path,Data/leagues/bundesliga/Payrolls/bundesliga_payroll_2020_2021_capology.csv,True
Data/processed/capology_club_financial_context/source_manifest.csv,9,source_relative_path,Data/leagues/bundesliga/Payrolls/bundesliga_payroll_2021_2022_capology.csv,True
Data/processed/capology_club_financial_context/source_manifest.csv,10,source_relative_path,Data/leagues/bundesliga/Payrolls/bundesliga_payroll_2022_2023_capology.csv,True
Data/processed/capology_club_financial_context/source_manifest.csv,11,source_relative_path,Data/leagues/bundesliga/Payrolls/bundesliga_payroll_2023_2024_capology.csv,True
Data/processed/capology_club_financial_context/source_manifest.csv,12,source_relative_path,Data/leagues/bundesliga/Payrolls/bundesliga_payroll_2024_2025_capology.csv,True
Data/processed/capology_club_financial_context/source_manifest.csv,13,source_relative_path,Data/leagues/la liga/Payrolls/laliga_payroll_2014_2015_capology.csv,True
Data/processed/capology_club_financial_context/source_manifest.csv,14,source_relative_path,Data/leagues/la liga/Payrolls/laliga_payroll_2015_2016_capology.csv,True
Data/processed/capology_club_financial_context/source_manifest.csv,15,source_relative_path,Data/leagues/la liga/Payrolls/laliga_payroll_2016_2017_capology.csv,True
Data/processed/capology_club_financial_context/source_manifest.csv,16,source_relative_path,Data/leagues/la liga/Payrolls/laliga_payroll_2017_2018_capology.csv,True
Data/processed/capology_club_financial_context/source_manifest.csv,17,source_relative_path,Data/leagues/la liga/Payrolls/laliga_payroll_2018_2019_capology.csv,True
Data/processed/capology_club_financial_context/source_manifest.csv,18,source_relative_path,Data/leagues/la liga/Payrolls/laliga_payroll_2019_2020_capology.csv,True
Data/processed/capology_club_financial_context/source_manifest.csv,19,source_relative_path,Data/leagues/la liga/Payrolls/laliga_payroll_2020_2021_capology.csv,True
Data/processed/capology_club_financial_context/source_manifest.csv,20,source_relative_path,Data/leagues/la liga/Payrolls/laliga_payroll_2021_2022_capology.csv,True
Data/processed/capology_club_financial_context/source_manifest.csv,21,source_relative_path,Data/leagues/la liga/Payrolls/laliga_payroll_2022_2023_capology.csv,True
Data/processed/capology_club_financial_context/source_manifest.csv,22,source_relative_path,Data/leagues/la liga/Payrolls/laliga_payroll_2023_2024_capology.csv,True
Data/processed/capology_club_financial_context/source_manifest.csv,23,source_relative_path,Data/leagues/la liga/Payrolls/laliga_payroll_2024_2025_capology.csv,True
Data/processed/capology_club_financial_context/source_manifest.csv,24,source_relative_path,Data/leagues/ligue1/Payrolls/ligue1_payroll_2014_2015_capology.csv,True
Data/processed/capology_club_financial_context/source_manifest.csv,25,source_relative_path,Data/leagues/ligue1/Payrolls/ligue1_payroll_2015_2016_capology.csv,True
Data/processed/capology_club_financial_context/source_manifest.csv,26,source_relative_path,Data/leagues/ligue1/Payrolls/ligue1_payroll_2016_2017_capology.csv,True
Data/processed/capology_club_financial_context/source_manifest.csv,27,source_relative_path,Data/leagues/ligue1/Payrolls/ligue1_payroll_2017_2018_capology.csv,True
Data/processed/capology_club_financial_context/source_manifest.csv,28,source_relative_path,Data/leagues/ligue1/Payrolls/ligue1_payroll_2018_2019_capology.csv,True
Data/processed/capology_club_financial_context/source_manifest.csv,29,source_relative_path,Data/leagues/ligue1/Payrolls/ligue1_payroll_2019_2020_capology.csv,True
Data/processed/capology_club_financial_context/source_manifest.csv,30,source_relative_path,Data/leagues/ligue1/Payrolls/ligue1_payroll_2020_2021_capology.csv,True
Data/processed/capology_club_financial_context/source_manifest.csv,31,source_relative_path,Data/leagues/ligue1/Payrolls/ligue1_payroll_2021_2022_capology.csv,True
Data/processed/capology_club_financial_context/source_manifest.csv,32,source_relative_path,Data/leagues/ligue1/Payrolls/ligue1_payroll_2022_2023_capology.csv,True
Data/processed/capology_club_financial_context/source_manifest.csv,33,source_relative_path,Data/leagues/ligue1/Payrolls/ligue1_payroll_2023_2024_capology.csv,True
Data/processed/capology_club_financial_context/source_manifest.csv,34,source_relative_path,Data/leagues/ligue1/Payrolls/ligue1_payroll_2024_2025_capology.csv,True
Data/processed/capology_club_financial_context/source_manifest.csv,35,source_relative_path,Data/leagues/premier league/Payrolls/PremierLeague_payrolls_2014_2015_capology.csv,True
Data/processed/capology_club_financial_context/source_manifest.csv,36,source_relative_path,Data/leagues/premier league/Payrolls/PremierLeague_payrolls_2015_2016_capology.csv,True
Data/processed/capology_club_financial_context/source_manifest.csv,37,source_relative_path,Data/leagues/premier league/Payrolls/PremierLeague_payrolls_2016_2017_capology.csv,True
Data/processed/capology_club_financial_context/source_manifest.csv,38,source_relative_path,Data/leagues/premier league/Payrolls/PremierLeague_payrolls_2017_2018_capology.csv,True
Data/processed/capology_club_financial_context/source_manifest.csv,39,source_relative_path,Data/leagues/premier league/Payrolls/PremierLeague_payrolls_2018_2019_capology.csv,True
Data/processed/capology_club_financial_context/source_manifest.csv,40,source_relative_path,Data/leagues/premier league/Payrolls/PremierLeague_payrolls_2019_2020_capology.csv,True
Data/processed/capology_club_financial_context/source_manifest.csv,41,source_relative_path,Data/leagues/premier league/Payrolls/PremierLeague_payrolls_2020_2021_capology.csv,True
Data/processed/capology_club_financial_context/source_manifest.csv,42,source_relative_path,Data/leagues/premier league/Payrolls/PremierLeague_payrolls_2021_2022_capology.csv,True
Data/processed/capology_club_financial_context/source_manifest.csv,43,source_relative_path,Data/leagues/premier league/Payrolls/PremierLeague_payrolls_2022_2023_capology.csv,True
Data/processed/capology_club_financial_context/source_manifest.csv,44,source_relative_path,Data/leagues/premier league/Payrolls/PremierLeague_payrolls_2023_2024_capology.csv,True
Data/processed/capology_club_financial_context/source_manifest.csv,45,source_relative_path,Data/leagues/premier league/Payrolls/PremierLeague_payrolls_2024_2025_capology.csv,True
Data/processed/capology_club_financial_context/source_manifest.csv,46,source_relative_path,Data/leagues/serie a/Payrolls/SeriaA_payrolls_2014_2015_capology.csv,True
Data/processed/capology_club_financial_context/source_manifest.csv,47,source_relative_path,Data/leagues/serie a/Payrolls/SeriaA_payrolls_2015_2016_capology.csv,True
Data/processed/capology_club_financial_context/source_manifest.csv,48,source_relative_path,Data/leagues/serie a/Payrolls/SeriaA_payrolls_2016_2017_capology.csv,True
Data/processed/capology_club_financial_context/source_manifest.csv,49,source_relative_path,Data/leagues/serie a/Payrolls/SeriaA_payrolls_2017_2018_capology.csv,True
Data/processed/capology_club_financial_context/source_manifest.csv,50,source_relative_path,Data/leagues/serie a/Payrolls/SeriaA_payrolls_2018_2019_capology.csv,True
Data/processed/capology_club_financial_context/source_manifest.csv,51,source_relative_path,Data/leagues/serie a/Payrolls/SeriaA_payrolls_2019_2020_capology.csv,True
Data/processed/capology_club_financial_context/source_manifest.csv,52,source_relative_path,Data/leagues/serie a/Payrolls/SeriaA_payrolls_2020_2021_capology.csv,True
Data/processed/capology_club_financial_context/source_manifest.csv,53,source_relative_path,Data/leagues/serie a/Payrolls/SeriaA_payrolls_2021_2022_capology.csv,True
Data/processed/capology_club_financial_context/source_manifest.csv,54,source_relative_path,Data/leagues/serie a/Payrolls/SeriaA_payrolls_2022_2023_capology.csv,True
Data/processed/capology_club_financial_context/source_manifest.csv,55,source_relative_path,Data/leagues/serie a/Payrolls/SeriaA_payrolls_2023_2024_capology.csv,True
Data/processed/capology_club_financial_context/source_manifest.csv,56,source_relative_path,Data/leagues/serie a/Payrolls/SeriaA_payrolls_2024_2025_capology.csv,True
Data/processed/capology_club_financial_context/source_manifest.csv,57,source_relative_path,Data/leagues/bundesliga/TransferWindows/bundesliga_Twindow_2014_2015_capology.csv,True
Data/processed/capology_club_financial_context/source_manifest.csv,58,source_relative_path,Data/leagues/bundesliga/TransferWindows/bundesliga_Twindow_2015_2016_capology.csv,True
Data/processed/capology_club_financial_context/source_manifest.csv,59,source_relative_path,Data/leagues/bundesliga/TransferWindows/bundesliga_Twindow_2016_2017_capology.csv,True
Data/processed/capology_club_financial_context/source_manifest.csv,60,source_relative_path,Data/leagues/bundesliga/TransferWindows/bundesliga_Twindow_2017_2018_capology.csv,True
Data/processed/capology_club_financial_context/source_manifest.csv,61,source_relative_path,Data/leagues/bundesliga/TransferWindows/bundesliga_Twindow_2018_2019_capology.csv,True
Data/processed/capology_club_financial_context/source_manifest.csv,62,source_relative_path,Data/leagues/bundesliga/TransferWindows/bundesliga_Twindow_2019_2020_capology.csv,True
Data/processed/capology_club_financial_context/source_manifest.csv,63,source_relative_path,Data/leagues/bundesliga/TransferWindows/bundesliga_Twindow_2020_2021_capology.csv,True
Data/processed/capology_club_financial_context/source_manifest.csv,64,source_relative_path,Data/leagues/bundesliga/TransferWindows/bundesliga_Twindow_2021_2022_capology.csv,True
Data/processed/capology_club_financial_context/source_manifest.csv,65,source_relative_path,Data/leagues/bundesliga/TransferWindows/bundesliga_Twindow_2022_2023_capology.csv,True
Data/processed/capology_club_financial_context/source_manifest.csv,66,source_relative_path,Data/leagues/bundesliga/TransferWindows/bundesliga_Twindow_2023_2024_capology.csv,True
Data/processed/capology_club_financial_context/source_manifest.csv,67,source_relative_path,Data/leagues/bundesliga/TransferWindows/bundesliga_Twindow_2024_2025_capology.csv,True
Data/processed/capology_club_financial_context/source_manifest.csv,68,source_relative_path,Data/leagues/la liga/TransferWindows/laliga_TWindow_2014_2015_capology.csv,True
Data/processed/capology_club_financial_context/source_manifest.csv,69,source_relative_path,Data/leagues/la liga/TransferWindows/laliga_TWindow_2015_2016_capology.csv,True
Data/processed/capology_club_financial_context/source_manifest.csv,70,source_relative_path,Data/leagues/la liga/TransferWindows/laliga_TWindow_2016_2017_capology.csv,True
Data/processed/capology_club_financial_context/source_manifest.csv,71,source_relative_path,Data/leagues/la liga/TransferWindows/laliga_TWindow_2017_2018_capology.csv,True
Data/processed/capology_club_financial_context/source_manifest.csv,72,source_relative_path,Data/leagues/la liga/TransferWindows/laliga_TWindow_2018_2019_capology.csv,True
Data/processed/capology_club_financial_context/source_manifest.csv,73,source_relative_path,Data/leagues/la liga/TransferWindows/laliga_TWindow_2019_2020_capology.csv,True
Data/processed/capology_club_financial_context/source_manifest.csv,74,source_relative_path,Data/leagues/la liga/TransferWindows/laliga_TWindow_2020_2021_capology.csv,True
Data/processed/capology_club_financial_context/source_manifest.csv,75,source_relative_path,Data/leagues/la liga/TransferWindows/laliga_TWindow_2021_2022_capology.csv,True
Data/processed/capology_club_financial_context/source_manifest.csv,76,source_relative_path,Data/leagues/la liga/TransferWindows/laliga_TWindow_2022_2023_capology.csv,True
Data/processed/capology_club_financial_context/source_manifest.csv,77,source_relative_path,Data/leagues/la liga/TransferWindows/laliga_TWindow_2023_2024_capology.csv,True
Data/processed/capology_club_financial_context/source_manifest.csv,78,source_relative_path,Data/leagues/la liga/TransferWindows/laliga_TWindow_2024_2025_capology.csv,True
Data/processed/capology_club_financial_context/source_manifest.csv,79,source_relative_path,Data/leagues/ligue1/TransferWindows/ligue1_TWindow_2014_2015_capology.csv,True
Data/processed/capology_club_financial_context/source_manifest.csv,80,source_relative_path,Data/leagues/ligue1/TransferWindows/ligue1_TWindow_2015_2016_capology.csv,True
Data/processed/capology_club_financial_context/source_manifest.csv,81,source_relative_path,Data/leagues/ligue1/TransferWindows/ligue1_TWindow_2016_2017_capology.csv,True
Data/processed/capology_club_financial_context/source_manifest.csv,82,source_relative_path,Data/leagues/ligue1/TransferWindows/ligue1_TWindow_2017_2018_capology.csv,True
Data/processed/capology_club_financial_context/source_manifest.csv,83,source_relative_path,Data/leagues/ligue1/TransferWindows/ligue1_TWindow_2018_2019_capology.csv,True
Data/processed/capology_club_financial_context/source_manifest.csv,84,source_relative_path,Data/leagues/ligue1/TransferWindows/ligue1_TWindow_2019_2020_capology.csv,True
Data/processed/capology_club_financial_context/source_manifest.csv,85,source_relative_path,Data/leagues/ligue1/TransferWindows/ligue1_TWindow_2020_2021_capology.csv,True
Data/processed/capology_club_financial_context/source_manifest.csv,86,source_relative_path,Data/leagues/ligue1/TransferWindows/ligue1_TWindow_2021_2022_capology.csv,True
Data/processed/capology_club_financial_context/source_manifest.csv,87,source_relative_path,Data/leagues/ligue1/TransferWindows/ligue1_TWindow_2022_2023_capology.csv,True
Data/processed/capology_club_financial_context/source_manifest.csv,88,source_relative_path,Data/leagues/ligue1/TransferWindows/ligue1_TWindow_2023_2024_capology.csv,True
Data/processed/capology_club_financial_context/source_manifest.csv,89,source_relative_path,Data/leagues/ligue1/TransferWindows/ligue1_TWindow_2024_2025_capology.csv,True
Data/processed/capology_club_financial_context/source_manifest.csv,90,source_relative_path,Data/leagues/premier league/TransferWindows/PremierLeague_Twindow_2014_2015_capology.csv,True
Data/processed/capology_club_financial_context/source_manifest.csv,91,source_relative_path,Data/leagues/premier league/TransferWindows/PremierLeague_Twindow_2015_2016_capology.csv,True
Data/processed/capology_club_financial_context/source_manifest.csv,92,source_relative_path,Data/leagues/premier league/TransferWindows/PremierLeague_Twindow_2016_2017_capology.csv,True
Data/processed/capology_club_financial_context/source_manifest.csv,93,source_relative_path,Data/leagues/premier league/TransferWindows/PremierLeague_Twindow_2017_2018_capology.csv,True
Data/processed/capology_club_financial_context/source_manifest.csv,94,source_relative_path,Data/leagues/premier league/TransferWindows/PremierLeague_Twindow_2018_2019_capology.csv,True
Data/processed/capology_club_financial_context/source_manifest.csv,95,source_relative_path,Data/leagues/premier league/TransferWindows/PremierLeague_Twindow_2019_2020_capology.csv,True
Data/processed/capology_club_financial_context/source_manifest.csv,96,source_relative_path,Data/leagues/premier league/TransferWindows/PremierLeague_Twindow_2020_2021_capology.csv,True
Data/processed/capology_club_financial_context/source_manifest.csv,97,source_relative_path,Data/leagues/premier league/TransferWindows/PremierLeague_Twindow_2021_2022_capology.csv,True
Data/processed/capology_club_financial_context/source_manifest.csv,98,source_relative_path,Data/leagues/premier league/TransferWindows/PremierLeague_Twindow_2022_2023_capology.csv,True
Data/processed/capology_club_financial_context/source_manifest.csv,99,source_relative_path,Data/leagues/premier league/TransferWindows/PremierLeague_Twindow_2023_2024_capology.csv,True
Data/processed/capology_club_financial_context/source_manifest.csv,100,source_relative_path,Data/leagues/premier league/TransferWindows/PremierLeague_Twindow_2024_2025_capology.csv,True
Data/processed/capology_club_financial_context/source_manifest.csv,101,source_relative_path,Data/leagues/serie a/TransferWindows/SeriaA_TWindows_2014_2015_capology.csv,True
Data/processed/capology_club_financial_context/source_manifest.csv,102,source_relative_path,Data/leagues/serie a/TransferWindows/SeriaA_TWindows_2015_2016_capology.csv,True
Data/processed/capology_club_financial_context/source_manifest.csv,103,source_relative_path,Data/leagues/serie a/TransferWindows/SeriaA_TWindows_2016_2017_capology.csv,True
Data/processed/capology_club_financial_context/source_manifest.csv,104,source_relative_path,Data/leagues/serie a/TransferWindows/SeriaA_TWindows_2017_2018_capology.csv,True
Data/processed/capology_club_financial_context/source_manifest.csv,105,source_relative_path,Data/leagues/serie a/TransferWindows/SeriaA_TWindows_2018_2019_capology.csv,True
Data/processed/capology_club_financial_context/source_manifest.csv,106,source_relative_path,Data/leagues/serie a/TransferWindows/SeriaA_TWindows_2019_2020_capology.csv,True
Data/processed/capology_club_financial_context/source_manifest.csv,107,source_relative_path,Data/leagues/serie a/TransferWindows/SeriaA_TWindows_2020_2021_capology.csv,True
Data/processed/capology_club_financial_context/source_manifest.csv,108,source_relative_path,Data/leagues/serie a/TransferWindows/SeriaA_TWindows_2021_2022_capology.csv,True
Data/processed/capology_club_financial_context/source_manifest.csv,109,source_relative_path,Data/leagues/serie a/TransferWindows/SeriaA_TWindows_2022_2023_capology.csv,True
Data/processed/capology_club_financial_context/source_manifest.csv,110,source_relative_path,Data/leagues/serie a/TransferWindows/SeriaA_TWindows_2023_2024_capology.csv,True
Data/processed/capology_club_financial_context/source_manifest.csv,111,source_relative_path,Data/leagues/serie a/TransferWindows/SeriaA_TWindows_2024_2025_capology.csv,True
Data/processed/capology_club_financial_context_audit/source_manifest.csv,2,source_relative_path,Data/leagues/bundesliga/Payrolls/bundesliga_payroll_2014_2015_capology.csv,True
Data/processed/capology_club_financial_context_audit/source_manifest.csv,3,source_relative_path,Data/leagues/bundesliga/Payrolls/bundesliga_payroll_2015_2016_capology.csv,True
Data/processed/capology_club_financial_context_audit/source_manifest.csv,4,source_relative_path,Data/leagues/bundesliga/Payrolls/bundesliga_payroll_2016_2017_capology.csv,True
Data/processed/capology_club_financial_context_audit/source_manifest.csv,5,source_relative_path,Data/leagues/bundesliga/Payrolls/bundesliga_payroll_2017_2018_capology.csv,True
Data/processed/capology_club_financial_context_audit/source_manifest.csv,6,source_relative_path,Data/leagues/bundesliga/Payrolls/bundesliga_payroll_2018_2019_capology.csv,True
Data/processed/capology_club_financial_context_audit/source_manifest.csv,7,source_relative_path,Data/leagues/bundesliga/Payrolls/bundesliga_payroll_2019_2020_capology.csv,True
Data/processed/capology_club_financial_context_audit/source_manifest.csv,8,source_relative_path,Data/leagues/bundesliga/Payrolls/bundesliga_payroll_2020_2021_capology.csv,True
Data/processed/capology_club_financial_context_audit/source_manifest.csv,9,source_relative_path,Data/leagues/bundesliga/Payrolls/bundesliga_payroll_2021_2022_capology.csv,True
Data/processed/capology_club_financial_context_audit/source_manifest.csv,10,source_relative_path,Data/leagues/bundesliga/Payrolls/bundesliga_payroll_2022_2023_capology.csv,True
Data/processed/capology_club_financial_context_audit/source_manifest.csv,11,source_relative_path,Data/leagues/bundesliga/Payrolls/bundesliga_payroll_2023_2024_capology.csv,True
Data/processed/capology_club_financial_context_audit/source_manifest.csv,12,source_relative_path,Data/leagues/bundesliga/Payrolls/bundesliga_payroll_2024_2025_capology.csv,True
Data/processed/capology_club_financial_context_audit/source_manifest.csv,13,source_relative_path,Data/leagues/la liga/Payrolls/laliga_payroll_2014_2015_capology.csv,True
Data/processed/capology_club_financial_context_audit/source_manifest.csv,14,source_relative_path,Data/leagues/la liga/Payrolls/laliga_payroll_2015_2016_capology.csv,True
Data/processed/capology_club_financial_context_audit/source_manifest.csv,15,source_relative_path,Data/leagues/la liga/Payrolls/laliga_payroll_2016_2017_capology.csv,True
Data/processed/capology_club_financial_context_audit/source_manifest.csv,16,source_relative_path,Data/leagues/la liga/Payrolls/laliga_payroll_2017_2018_capology.csv,True
Data/processed/capology_club_financial_context_audit/source_manifest.csv,17,source_relative_path,Data/leagues/la liga/Payrolls/laliga_payroll_2018_2019_capology.csv,True
Data/processed/capology_club_financial_context_audit/source_manifest.csv,18,source_relative_path,Data/leagues/la liga/Payrolls/laliga_payroll_2019_2020_capology.csv,True
Data/processed/capology_club_financial_context_audit/source_manifest.csv,19,source_relative_path,Data/leagues/la liga/Payrolls/laliga_payroll_2020_2021_capology.csv,True
Data/processed/capology_club_financial_context_audit/source_manifest.csv,20,source_relative_path,Data/leagues/la liga/Payrolls/laliga_payroll_2021_2022_capology.csv,True
Data/processed/capology_club_financial_context_audit/source_manifest.csv,21,source_relative_path,Data/leagues/la liga/Payrolls/laliga_payroll_2022_2023_capology.csv,True
Data/processed/capology_club_financial_context_audit/source_manifest.csv,22,source_relative_path,Data/leagues/la liga/Payrolls/laliga_payroll_2023_2024_capology.csv,True
Data/processed/capology_club_financial_context_audit/source_manifest.csv,23,source_relative_path,Data/leagues/la liga/Payrolls/laliga_payroll_2024_2025_capology.csv,True
Data/processed/capology_club_financial_context_audit/source_manifest.csv,24,source_relative_path,Data/leagues/ligue1/Payrolls/ligue1_payroll_2014_2015_capology.csv,True
Data/processed/capology_club_financial_context_audit/source_manifest.csv,25,source_relative_path,Data/leagues/ligue1/Payrolls/ligue1_payroll_2015_2016_capology.csv,True
Data/processed/capology_club_financial_context_audit/source_manifest.csv,26,source_relative_path,Data/leagues/ligue1/Payrolls/ligue1_payroll_2016_2017_capology.csv,True
Data/processed/capology_club_financial_context_audit/source_manifest.csv,27,source_relative_path,Data/leagues/ligue1/Payrolls/ligue1_payroll_2017_2018_capology.csv,True
Data/processed/capology_club_financial_context_audit/source_manifest.csv,28,source_relative_path,Data/leagues/ligue1/Payrolls/ligue1_payroll_2018_2019_capology.csv,True
Data/processed/capology_club_financial_context_audit/source_manifest.csv,29,source_relative_path,Data/leagues/ligue1/Payrolls/ligue1_payroll_2019_2020_capology.csv,True
Data/processed/capology_club_financial_context_audit/source_manifest.csv,30,source_relative_path,Data/leagues/ligue1/Payrolls/ligue1_payroll_2020_2021_capology.csv,True
Data/processed/capology_club_financial_context_audit/source_manifest.csv,31,source_relative_path,Data/leagues/ligue1/Payrolls/ligue1_payroll_2021_2022_capology.csv,True
Data/processed/capology_club_financial_context_audit/source_manifest.csv,32,source_relative_path,Data/leagues/ligue1/Payrolls/ligue1_payroll_2022_2023_capology.csv,True
Data/processed/capology_club_financial_context_audit/source_manifest.csv,33,source_relative_path,Data/leagues/ligue1/Payrolls/ligue1_payroll_2023_2024_capology.csv,True
Data/processed/capology_club_financial_context_audit/source_manifest.csv,34,source_relative_path,Data/leagues/ligue1/Payrolls/ligue1_payroll_2024_2025_capology.csv,True
Data/processed/capology_club_financial_context_audit/source_manifest.csv,35,source_relative_path,Data/leagues/premier league/Payrolls/PremierLeague_payrolls_2014_2015_capology.csv,True
Data/processed/capology_club_financial_context_audit/source_manifest.csv,36,source_relative_path,Data/leagues/premier league/Payrolls/PremierLeague_payrolls_2015_2016_capology.csv,True
Data/processed/capology_club_financial_context_audit/source_manifest.csv,37,source_relative_path,Data/leagues/premier league/Payrolls/PremierLeague_payrolls_2016_2017_capology.csv,True
Data/processed/capology_club_financial_context_audit/source_manifest.csv,38,source_relative_path,Data/leagues/premier league/Payrolls/PremierLeague_payrolls_2017_2018_capology.csv,True
Data/processed/capology_club_financial_context_audit/source_manifest.csv,39,source_relative_path,Data/leagues/premier league/Payrolls/PremierLeague_payrolls_2018_2019_capology.csv,True
Data/processed/capology_club_financial_context_audit/source_manifest.csv,40,source_relative_path,Data/leagues/premier league/Payrolls/PremierLeague_payrolls_2019_2020_capology.csv,True
Data/processed/capology_club_financial_context_audit/source_manifest.csv,41,source_relative_path,Data/leagues/premier league/Payrolls/PremierLeague_payrolls_2020_2021_capology.csv,True
Data/processed/capology_club_financial_context_audit/source_manifest.csv,42,source_relative_path,Data/leagues/premier league/Payrolls/PremierLeague_payrolls_2021_2022_capology.csv,True
Data/processed/capology_club_financial_context_audit/source_manifest.csv,43,source_relative_path,Data/leagues/premier league/Payrolls/PremierLeague_payrolls_2022_2023_capology.csv,True
Data/processed/capology_club_financial_context_audit/source_manifest.csv,44,source_relative_path,Data/leagues/premier league/Payrolls/PremierLeague_payrolls_2023_2024_capology.csv,True
Data/processed/capology_club_financial_context_audit/source_manifest.csv,45,source_relative_path,Data/leagues/premier league/Payrolls/PremierLeague_payrolls_2024_2025_capology.csv,True
Data/processed/capology_club_financial_context_audit/source_manifest.csv,46,source_relative_path,Data/leagues/serie a/Payrolls/SeriaA_payrolls_2014_2015_capology.csv,True
Data/processed/capology_club_financial_context_audit/source_manifest.csv,47,source_relative_path,Data/leagues/serie a/Payrolls/SeriaA_payrolls_2015_2016_capology.csv,True
Data/processed/capology_club_financial_context_audit/source_manifest.csv,48,source_relative_path,Data/leagues/serie a/Payrolls/SeriaA_payrolls_2016_2017_capology.csv,True
Data/processed/capology_club_financial_context_audit/source_manifest.csv,49,source_relative_path,Data/leagues/serie a/Payrolls/SeriaA_payrolls_2017_2018_capology.csv,True
Data/processed/capology_club_financial_context_audit/source_manifest.csv,50,source_relative_path,Data/leagues/serie a/Payrolls/SeriaA_payrolls_2018_2019_capology.csv,True
Data/processed/capology_club_financial_context_audit/source_manifest.csv,51,source_relative_path,Data/leagues/serie a/Payrolls/SeriaA_payrolls_2019_2020_capology.csv,True
Data/processed/capology_club_financial_context_audit/source_manifest.csv,52,source_relative_path,Data/leagues/serie a/Payrolls/SeriaA_payrolls_2020_2021_capology.csv,True
Data/processed/capology_club_financial_context_audit/source_manifest.csv,53,source_relative_path,Data/leagues/serie a/Payrolls/SeriaA_payrolls_2021_2022_capology.csv,True
Data/processed/capology_club_financial_context_audit/source_manifest.csv,54,source_relative_path,Data/leagues/serie a/Payrolls/SeriaA_payrolls_2022_2023_capology.csv,True
Data/processed/capology_club_financial_context_audit/source_manifest.csv,55,source_relative_path,Data/leagues/serie a/Payrolls/SeriaA_payrolls_2023_2024_capology.csv,True
Data/processed/capology_club_financial_context_audit/source_manifest.csv,56,source_relative_path,Data/leagues/serie a/Payrolls/SeriaA_payrolls_2024_2025_capology.csv,True
Data/processed/capology_club_financial_context_audit/source_manifest.csv,57,source_relative_path,Data/leagues/bundesliga/TransferWindows/bundesliga_Twindow_2014_2015_capology.csv,True
Data/processed/capology_club_financial_context_audit/source_manifest.csv,58,source_relative_path,Data/leagues/bundesliga/TransferWindows/bundesliga_Twindow_2015_2016_capology.csv,True
Data/processed/capology_club_financial_context_audit/source_manifest.csv,59,source_relative_path,Data/leagues/bundesliga/TransferWindows/bundesliga_Twindow_2016_2017_capology.csv,True
Data/processed/capology_club_financial_context_audit/source_manifest.csv,60,source_relative_path,Data/leagues/bundesliga/TransferWindows/bundesliga_Twindow_2017_2018_capology.csv,True
Data/processed/capology_club_financial_context_audit/source_manifest.csv,61,source_relative_path,Data/leagues/bundesliga/TransferWindows/bundesliga_Twindow_2018_2019_capology.csv,True
Data/processed/capology_club_financial_context_audit/source_manifest.csv,62,source_relative_path,Data/leagues/bundesliga/TransferWindows/bundesliga_Twindow_2019_2020_capology.csv,True
Data/processed/capology_club_financial_context_audit/source_manifest.csv,63,source_relative_path,Data/leagues/bundesliga/TransferWindows/bundesliga_Twindow_2020_2021_capology.csv,True
Data/processed/capology_club_financial_context_audit/source_manifest.csv,64,source_relative_path,Data/leagues/bundesliga/TransferWindows/bundesliga_Twindow_2021_2022_capology.csv,True
Data/processed/capology_club_financial_context_audit/source_manifest.csv,65,source_relative_path,Data/leagues/bundesliga/TransferWindows/bundesliga_Twindow_2022_2023_capology.csv,True
Data/processed/capology_club_financial_context_audit/source_manifest.csv,66,source_relative_path,Data/leagues/bundesliga/TransferWindows/bundesliga_Twindow_2023_2024_capology.csv,True
Data/processed/capology_club_financial_context_audit/source_manifest.csv,67,source_relative_path,Data/leagues/bundesliga/TransferWindows/bundesliga_Twindow_2024_2025_capology.csv,True
Data/processed/capology_club_financial_context_audit/source_manifest.csv,68,source_relative_path,Data/leagues/la liga/TransferWindows/laliga_TWindow_2014_2015_capology.csv,True
Data/processed/capology_club_financial_context_audit/source_manifest.csv,69,source_relative_path,Data/leagues/la liga/TransferWindows/laliga_TWindow_2015_2016_capology.csv,True
Data/processed/capology_club_financial_context_audit/source_manifest.csv,70,source_relative_path,Data/leagues/la liga/TransferWindows/laliga_TWindow_2016_2017_capology.csv,True
Data/processed/capology_club_financial_context_audit/source_manifest.csv,71,source_relative_path,Data/leagues/la liga/TransferWindows/laliga_TWindow_2017_2018_capology.csv,True
Data/processed/capology_club_financial_context_audit/source_manifest.csv,72,source_relative_path,Data/leagues/la liga/TransferWindows/laliga_TWindow_2018_2019_capology.csv,True
Data/processed/capology_club_financial_context_audit/source_manifest.csv,73,source_relative_path,Data/leagues/la liga/TransferWindows/laliga_TWindow_2019_2020_capology.csv,True
Data/processed/capology_club_financial_context_audit/source_manifest.csv,74,source_relative_path,Data/leagues/la liga/TransferWindows/laliga_TWindow_2020_2021_capology.csv,True
Data/processed/capology_club_financial_context_audit/source_manifest.csv,75,source_relative_path,Data/leagues/la liga/TransferWindows/laliga_TWindow_2021_2022_capology.csv,True
Data/processed/capology_club_financial_context_audit/source_manifest.csv,76,source_relative_path,Data/leagues/la liga/TransferWindows/laliga_TWindow_2022_2023_capology.csv,True
Data/processed/capology_club_financial_context_audit/source_manifest.csv,77,source_relative_path,Data/leagues/la liga/TransferWindows/laliga_TWindow_2023_2024_capology.csv,True
Data/processed/capology_club_financial_context_audit/source_manifest.csv,78,source_relative_path,Data/leagues/la liga/TransferWindows/laliga_TWindow_2024_2025_capology.csv,True
Data/processed/capology_club_financial_context_audit/source_manifest.csv,79,source_relative_path,Data/leagues/ligue1/TransferWindows/ligue1_TWindow_2014_2015_capology.csv,True
Data/processed/capology_club_financial_context_audit/source_manifest.csv,80,source_relative_path,Data/leagues/ligue1/TransferWindows/ligue1_TWindow_2015_2016_capology.csv,True
Data/processed/capology_club_financial_context_audit/source_manifest.csv,81,source_relative_path,Data/leagues/ligue1/TransferWindows/ligue1_TWindow_2016_2017_capology.csv,True
Data/processed/capology_club_financial_context_audit/source_manifest.csv,82,source_relative_path,Data/leagues/ligue1/TransferWindows/ligue1_TWindow_2017_2018_capology.csv,True
Data/processed/capology_club_financial_context_audit/source_manifest.csv,83,source_relative_path,Data/leagues/ligue1/TransferWindows/ligue1_TWindow_2018_2019_capology.csv,True
Data/processed/capology_club_financial_context_audit/source_manifest.csv,84,source_relative_path,Data/leagues/ligue1/TransferWindows/ligue1_TWindow_2019_2020_capology.csv,True
Data/processed/capology_club_financial_context_audit/source_manifest.csv,85,source_relative_path,Data/leagues/ligue1/TransferWindows/ligue1_TWindow_2020_2021_capology.csv,True
Data/processed/capology_club_financial_context_audit/source_manifest.csv,86,source_relative_path,Data/leagues/ligue1/TransferWindows/ligue1_TWindow_2021_2022_capology.csv,True
Data/processed/capology_club_financial_context_audit/source_manifest.csv,87,source_relative_path,Data/leagues/ligue1/TransferWindows/ligue1_TWindow_2022_2023_capology.csv,True
Data/processed/capology_club_financial_context_audit/source_manifest.csv,88,source_relative_path,Data/leagues/ligue1/TransferWindows/ligue1_TWindow_2023_2024_capology.csv,True
Data/processed/capology_club_financial_context_audit/source_manifest.csv,89,source_relative_path,Data/leagues/ligue1/TransferWindows/ligue1_TWindow_2024_2025_capology.csv,True
Data/processed/capology_club_financial_context_audit/source_manifest.csv,90,source_relative_path,Data/leagues/premier league/TransferWindows/PremierLeague_Twindow_2014_2015_capology.csv,True
Data/processed/capology_club_financial_context_audit/source_manifest.csv,91,source_relative_path,Data/leagues/premier league/TransferWindows/PremierLeague_Twindow_2015_2016_capology.csv,True
Data/processed/capology_club_financial_context_audit/source_manifest.csv,92,source_relative_path,Data/leagues/premier league/TransferWindows/PremierLeague_Twindow_2016_2017_capology.csv,True
Data/processed/capology_club_financial_context_audit/source_manifest.csv,93,source_relative_path,Data/leagues/premier league/TransferWindows/PremierLeague_Twindow_2017_2018_capology.csv,True
Data/processed/capology_club_financial_context_audit/source_manifest.csv,94,source_relative_path,Data/leagues/premier league/TransferWindows/PremierLeague_Twindow_2018_2019_capology.csv,True
Data/processed/capology_club_financial_context_audit/source_manifest.csv,95,source_relative_path,Data/leagues/premier league/TransferWindows/PremierLeague_Twindow_2019_2020_capology.csv,True
Data/processed/capology_club_financial_context_audit/source_manifest.csv,96,source_relative_path,Data/leagues/premier league/TransferWindows/PremierLeague_Twindow_2020_2021_capology.csv,True
Data/processed/capology_club_financial_context_audit/source_manifest.csv,97,source_relative_path,Data/leagues/premier league/TransferWindows/PremierLeague_Twindow_2021_2022_capology.csv,True
Data/processed/capology_club_financial_context_audit/source_manifest.csv,98,source_relative_path,Data/leagues/premier league/TransferWindows/PremierLeague_Twindow_2022_2023_capology.csv,True
Data/processed/capology_club_financial_context_audit/source_manifest.csv,99,source_relative_path,Data/leagues/premier league/TransferWindows/PremierLeague_Twindow_2023_2024_capology.csv,True
Data/processed/capology_club_financial_context_audit/source_manifest.csv,100,source_relative_path,Data/leagues/premier league/TransferWindows/PremierLeague_Twindow_2024_2025_capology.csv,True
Data/processed/capology_club_financial_context_audit/source_manifest.csv,101,source_relative_path,Data/leagues/serie a/TransferWindows/SeriaA_TWindows_2014_2015_capology.csv,True
Data/processed/capology_club_financial_context_audit/source_manifest.csv,102,source_relative_path,Data/leagues/serie a/TransferWindows/SeriaA_TWindows_2015_2016_capology.csv,True
Data/processed/capology_club_financial_context_audit/source_manifest.csv,103,source_relative_path,Data/leagues/serie a/TransferWindows/SeriaA_TWindows_2016_2017_capology.csv,True
Data/processed/capology_club_financial_context_audit/source_manifest.csv,104,source_relative_path,Data/leagues/serie a/TransferWindows/SeriaA_TWindows_2017_2018_capology.csv,True
Data/processed/capology_club_financial_context_audit/source_manifest.csv,105,source_relative_path,Data/leagues/serie a/TransferWindows/SeriaA_TWindows_2018_2019_capology.csv,True
Data/processed/capology_club_financial_context_audit/source_manifest.csv,106,source_relative_path,Data/leagues/serie a/TransferWindows/SeriaA_TWindows_2019_2020_capology.csv,True
Data/processed/capology_club_financial_context_audit/source_manifest.csv,107,source_relative_path,Data/leagues/serie a/TransferWindows/SeriaA_TWindows_2020_2021_capology.csv,True
Data/processed/capology_club_financial_context_audit/source_manifest.csv,108,source_relative_path,Data/leagues/serie a/TransferWindows/SeriaA_TWindows_2021_2022_capology.csv,True
Data/processed/capology_club_financial_context_audit/source_manifest.csv,109,source_relative_path,Data/leagues/serie a/TransferWindows/SeriaA_TWindows_2022_2023_capology.csv,True
Data/processed/capology_club_financial_context_audit/source_manifest.csv,110,source_relative_path,Data/leagues/serie a/TransferWindows/SeriaA_TWindows_2023_2024_capology.csv,True
Data/processed/capology_club_financial_context_audit/source_manifest.csv,111,source_relative_path,Data/leagues/serie a/TransferWindows/SeriaA_TWindows_2024_2025_capology.csv,True
Data/processed/capology_contracts/source_manifest.csv,2,source_file,bundesliga_2017_2018_capology.csv,False
Data/processed/capology_contracts/source_manifest.csv,2,source_relative_path,Data/leagues/bundesliga/sallaries/bundesliga_2017_2018_capology.csv,True
Data/processed/capology_contracts/source_manifest.csv,3,source_file,bundesliga_2018_2019_capology.csv,False
Data/processed/capology_contracts/source_manifest.csv,3,source_relative_path,Data/leagues/bundesliga/sallaries/bundesliga_2018_2019_capology.csv,True
Data/processed/capology_contracts/source_manifest.csv,4,source_file,bundesliga_2019_2020_capology.csv,False
Data/processed/capology_contracts/source_manifest.csv,4,source_relative_path,Data/leagues/bundesliga/sallaries/bundesliga_2019_2020_capology.csv,True
Data/processed/capology_contracts/source_manifest.csv,5,source_file,bundesliga_2020_2021_capology.csv,False
Data/processed/capology_contracts/source_manifest.csv,5,source_relative_path,Data/leagues/bundesliga/sallaries/bundesliga_2020_2021_capology.csv,True
Data/processed/capology_contracts/source_manifest.csv,6,source_file,bundesliga_2021_2022_capology.csv,False
Data/processed/capology_contracts/source_manifest.csv,6,source_relative_path,Data/leagues/bundesliga/sallaries/bundesliga_2021_2022_capology.csv,True
Data/processed/capology_contracts/source_manifest.csv,7,source_file,bundesliga_2022_2023_capology.csv,False
Data/processed/capology_contracts/source_manifest.csv,7,source_relative_path,Data/leagues/bundesliga/sallaries/bundesliga_2022_2023_capology.csv,True
Data/processed/capology_contracts/source_manifest.csv,8,source_file,bundesliga_2023_2024_capology.csv,False
Data/processed/capology_contracts/source_manifest.csv,8,source_relative_path,Data/leagues/bundesliga/sallaries/bundesliga_2023_2024_capology.csv,True
Data/processed/capology_contracts/source_manifest.csv,9,source_file,la_liga_2017_2018_capology.csv,False
Data/processed/capology_contracts/source_manifest.csv,9,source_relative_path,Data/leagues/la liga/sallaries/la_liga_2017_2018_capology.csv,True
Data/processed/capology_contracts/source_manifest.csv,10,source_file,la_liga_2018_2019_capology.csv,False
Data/processed/capology_contracts/source_manifest.csv,10,source_relative_path,Data/leagues/la liga/sallaries/la_liga_2018_2019_capology.csv,True
Data/processed/capology_contracts/source_manifest.csv,11,source_file,la_liga_2019_2020_capology.csv,False
Data/processed/capology_contracts/source_manifest.csv,11,source_relative_path,Data/leagues/la liga/sallaries/la_liga_2019_2020_capology.csv,True
Data/processed/capology_contracts/source_manifest.csv,12,source_file,la_liga_2020_2021_capology.csv,False
Data/processed/capology_contracts/source_manifest.csv,12,source_relative_path,Data/leagues/la liga/sallaries/la_liga_2020_2021_capology.csv,True
Data/processed/capology_contracts/source_manifest.csv,13,source_file,la_liga_2021_2022_capology.csv,False
Data/processed/capology_contracts/source_manifest.csv,13,source_relative_path,Data/leagues/la liga/sallaries/la_liga_2021_2022_capology.csv,True
Data/processed/capology_contracts/source_manifest.csv,14,source_file,la_liga_2022_2023_capology.csv,False
Data/processed/capology_contracts/source_manifest.csv,14,source_relative_path,Data/leagues/la liga/sallaries/la_liga_2022_2023_capology.csv,True
Data/processed/capology_contracts/source_manifest.csv,15,source_file,la_liga_2023_2024_capology.csv,False
Data/processed/capology_contracts/source_manifest.csv,15,source_relative_path,Data/leagues/la liga/sallaries/la_liga_2023_2024_capology.csv,True
Data/processed/capology_contracts/source_manifest.csv,16,source_file,ligue1_2017_2018_capology.csv,False
Data/processed/capology_contracts/source_manifest.csv,16,source_relative_path,Data/leagues/ligue1/sallaries/ligue1_2017_2018_capology.csv,True
Data/processed/capology_contracts/source_manifest.csv,17,source_file,ligue1_2018_2019_capology.csv,False
Data/processed/capology_contracts/source_manifest.csv,17,source_relative_path,Data/leagues/ligue1/sallaries/ligue1_2018_2019_capology.csv,True
Data/processed/capology_contracts/source_manifest.csv,18,source_file,ligue1_2019_2020_capology.csv,False
Data/processed/capology_contracts/source_manifest.csv,18,source_relative_path,Data/leagues/ligue1/sallaries/ligue1_2019_2020_capology.csv,True
Data/processed/capology_contracts/source_manifest.csv,19,source_file,ligue1_2020_2021_capology.csv,False
Data/processed/capology_contracts/source_manifest.csv,19,source_relative_path,Data/leagues/ligue1/sallaries/ligue1_2020_2021_capology.csv,True
Data/processed/capology_contracts/source_manifest.csv,20,source_file,ligue1_2021_2022_capology.csv,False
Data/processed/capology_contracts/source_manifest.csv,20,source_relative_path,Data/leagues/ligue1/sallaries/ligue1_2021_2022_capology.csv,True
Data/processed/capology_contracts/source_manifest.csv,21,source_file,ligue1_2022_2023_capology.csv,False
Data/processed/capology_contracts/source_manifest.csv,21,source_relative_path,Data/leagues/ligue1/sallaries/ligue1_2022_2023_capology.csv,True
Data/processed/capology_contracts/source_manifest.csv,22,source_file,ligue1_2023_2024_capology.csv,False
Data/processed/capology_contracts/source_manifest.csv,22,source_relative_path,Data/leagues/ligue1/sallaries/ligue1_2023_2024_capology.csv,True
Data/processed/capology_contracts/source_manifest.csv,23,source_file,premier_league_2017_2018_capology.csv,False
Data/processed/capology_contracts/source_manifest.csv,23,source_relative_path,Data/leagues/premier league/sallaries/premier_league_2017_2018_capology.csv,True
Data/processed/capology_contracts/source_manifest.csv,24,source_file,premier_league_2018_2019_capology.csv,False
Data/processed/capology_contracts/source_manifest.csv,24,source_relative_path,Data/leagues/premier league/sallaries/premier_league_2018_2019_capology.csv,True
Data/processed/capology_contracts/source_manifest.csv,25,source_file,premier_league_2019_2020_player_wages_capology (1).csv,False
Data/processed/capology_contracts/source_manifest.csv,25,source_relative_path,Data/leagues/premier league/sallaries/premier_league_2019_2020_player_wages_capology (1).csv,True
Data/processed/capology_contracts/source_manifest.csv,26,source_file,premier_league_2020_2021_capology.csv,False
Data/processed/capology_contracts/source_manifest.csv,26,source_relative_path,Data/leagues/premier league/sallaries/premier_league_2020_2021_capology.csv,True
Data/processed/capology_contracts/source_manifest.csv,27,source_file,premier_league_2021_2022_capology.csv,False
Data/processed/capology_contracts/source_manifest.csv,27,source_relative_path,Data/leagues/premier league/sallaries/premier_league_2021_2022_capology.csv,True
Data/processed/capology_contracts/source_manifest.csv,28,source_file,premier_league_2022_2023_player_wages_capology.csv,False
Data/processed/capology_contracts/source_manifest.csv,28,source_relative_path,Data/leagues/premier league/sallaries/premier_league_2022_2023_player_wages_capology.csv,True
Data/processed/capology_contracts/source_manifest.csv,29,source_file,premier_league_2023_2024_player_wages_capology.csv,False
Data/processed/capology_contracts/source_manifest.csv,29,source_relative_path,Data/leagues/premier league/sallaries/premier_league_2023_2024_player_wages_capology.csv,True
Data/processed/capology_contracts/source_manifest.csv,30,source_file,serie_a_2017_2018_capology.csv,False
Data/processed/capology_contracts/source_manifest.csv,30,source_relative_path,Data/leagues/serie a/sallaries/serie_a_2017_2018_capology.csv,True
Data/processed/capology_contracts/source_manifest.csv,31,source_file,serie_a_2018_2019_capology.csv,False
Data/processed/capology_contracts/source_manifest.csv,31,source_relative_path,Data/leagues/serie a/sallaries/serie_a_2018_2019_capology.csv,True
Data/processed/capology_contracts/source_manifest.csv,32,source_file,serie_a_2019_2020_capology.csv,False
Data/processed/capology_contracts/source_manifest.csv,32,source_relative_path,Data/leagues/serie a/sallaries/serie_a_2019_2020_capology.csv,True
Data/processed/capology_contracts/source_manifest.csv,33,source_file,serie_a_2020_2021_capology.csv,False
Data/processed/capology_contracts/source_manifest.csv,33,source_relative_path,Data/leagues/serie a/sallaries/serie_a_2020_2021_capology.csv,True
Data/processed/capology_contracts/source_manifest.csv,34,source_file,serie_a_2021_2022_capology.csv,False
Data/processed/capology_contracts/source_manifest.csv,34,source_relative_path,Data/leagues/serie a/sallaries/serie_a_2021_2022_capology.csv,True
Data/processed/capology_contracts/source_manifest.csv,35,source_file,serie_a_2022_2023_capology.csv,False
Data/processed/capology_contracts/source_manifest.csv,35,source_relative_path,Data/leagues/serie a/sallaries/serie_a_2022_2023_capology.csv,True
Data/processed/capology_contracts/source_manifest.csv,36,source_file,serie_a_2023_2024_capology.csv,False
Data/processed/capology_contracts/source_manifest.csv,36,source_relative_path,Data/leagues/serie a/sallaries/serie_a_2023_2024_capology.csv,True
Data/processed/capology_contracts/source_manifest.csv,37,source_file,bundesliga_2018_2019_extensions_capology.csv,False
Data/processed/capology_contracts/source_manifest.csv,37,source_relative_path,Data/leagues/bundesliga/extensions/bundesliga_2018_2019_extensions_capology.csv,True
Data/processed/capology_contracts/source_manifest.csv,38,source_file,bundesliga_2019_2020_extensions_capology.csv,False
Data/processed/capology_contracts/source_manifest.csv,38,source_relative_path,Data/leagues/bundesliga/extensions/bundesliga_2019_2020_extensions_capology.csv,True
Data/processed/capology_contracts/source_manifest.csv,39,source_file,bundesliga_2020_2021_extensions_capology.csv,False
Data/processed/capology_contracts/source_manifest.csv,39,source_relative_path,Data/leagues/bundesliga/extensions/bundesliga_2020_2021_extensions_capology.csv,True
Data/processed/capology_contracts/source_manifest.csv,40,source_file,bundesliga_2021_2022_extensions_capology.csv,False
Data/processed/capology_contracts/source_manifest.csv,40,source_relative_path,Data/leagues/bundesliga/extensions/bundesliga_2021_2022_extensions_capology.csv,True
Data/processed/capology_contracts/source_manifest.csv,41,source_file,bundesliga_2022_2023_extensions_capology.csv,False
Data/processed/capology_contracts/source_manifest.csv,41,source_relative_path,Data/leagues/bundesliga/extensions/bundesliga_2022_2023_extensions_capology.csv,True
Data/processed/capology_contracts/source_manifest.csv,42,source_file,bundesliga_2023_2024_extensions_capology.csv,False
Data/processed/capology_contracts/source_manifest.csv,42,source_relative_path,Data/leagues/bundesliga/extensions/bundesliga_2023_2024_extensions_capology.csv,True
Data/processed/capology_contracts/source_manifest.csv,43,source_file,bundesliga_2024_2025_capology_extensions.csv,False
Data/processed/capology_contracts/source_manifest.csv,43,source_relative_path,Data/leagues/bundesliga/extensions/bundesliga_2024_2025_capology_extensions.csv,True
Data/processed/capology_contracts/source_manifest.csv,44,source_file,la_liga_2018_2019_extensions_capology.csv,False
Data/processed/capology_contracts/source_manifest.csv,44,source_relative_path,Data/leagues/la liga/extensions/la_liga_2018_2019_extensions_capology.csv,True
Data/processed/capology_contracts/source_manifest.csv,45,source_file,la_liga_2019_2020_extensions_capology.csv,False
Data/processed/capology_contracts/source_manifest.csv,45,source_relative_path,Data/leagues/la liga/extensions/la_liga_2019_2020_extensions_capology.csv,True
Data/processed/capology_contracts/source_manifest.csv,46,source_file,la_liga_2020_2021_extensions_capology.csv,False
Data/processed/capology_contracts/source_manifest.csv,46,source_relative_path,Data/leagues/la liga/extensions/la_liga_2020_2021_extensions_capology.csv,True
Data/processed/capology_contracts/source_manifest.csv,47,source_file,la_liga_2021_2022_extensions_capology.csv,False
Data/processed/capology_contracts/source_manifest.csv,47,source_relative_path,Data/leagues/la liga/extensions/la_liga_2021_2022_extensions_capology.csv,True
Data/processed/capology_contracts/source_manifest.csv,48,source_file,la_liga_2022_2023_extensions_capology.csv,False
Data/processed/capology_contracts/source_manifest.csv,48,source_relative_path,Data/leagues/la liga/extensions/la_liga_2022_2023_extensions_capology.csv,True
Data/processed/capology_contracts/source_manifest.csv,49,source_file,la_liga_2023_2024_extensions_capology.csv,False
Data/processed/capology_contracts/source_manifest.csv,49,source_relative_path,Data/leagues/la liga/extensions/la_liga_2023_2024_extensions_capology.csv,True
Data/processed/capology_contracts/source_manifest.csv,50,source_file,la_liga_2024_2025_capology_extensions.csv,False
Data/processed/capology_contracts/source_manifest.csv,50,source_relative_path,Data/leagues/la liga/extensions/la_liga_2024_2025_capology_extensions.csv,True
Data/processed/capology_contracts/source_manifest.csv,51,source_file,ligue_1_2018_2019_extensions_capology.csv,False
Data/processed/capology_contracts/source_manifest.csv,51,source_relative_path,Data/leagues/ligue1/extensions/ligue_1_2018_2019_extensions_capology.csv,True
Data/processed/capology_contracts/source_manifest.csv,52,source_file,ligue_1_2019_2020_extensions_capology.csv,False
Data/processed/capology_contracts/source_manifest.csv,52,source_relative_path,Data/leagues/ligue1/extensions/ligue_1_2019_2020_extensions_capology.csv,True
Data/processed/capology_contracts/source_manifest.csv,53,source_file,ligue_1_2020_2021_extensions_capology.csv,False
Data/processed/capology_contracts/source_manifest.csv,53,source_relative_path,Data/leagues/ligue1/extensions/ligue_1_2020_2021_extensions_capology.csv,True
Data/processed/capology_contracts/source_manifest.csv,54,source_file,ligue_1_2021_2022_extensions_capology.csv,False
Data/processed/capology_contracts/source_manifest.csv,54,source_relative_path,Data/leagues/ligue1/extensions/ligue_1_2021_2022_extensions_capology.csv,True
Data/processed/capology_contracts/source_manifest.csv,55,source_file,ligue_1_2022_2023_extensions_capology.csv,False
Data/processed/capology_contracts/source_manifest.csv,55,source_relative_path,Data/leagues/ligue1/extensions/ligue_1_2022_2023_extensions_capology.csv,True
Data/processed/capology_contracts/source_manifest.csv,56,source_file,ligue_1_2023_2024_extensions_capology.csv,False
Data/processed/capology_contracts/source_manifest.csv,56,source_relative_path,Data/leagues/ligue1/extensions/ligue_1_2023_2024_extensions_capology.csv,True
Data/processed/capology_contracts/source_manifest.csv,57,source_file,ligue_1_2024_2025_capology_extensions.csv,False
Data/processed/capology_contracts/source_manifest.csv,57,source_relative_path,Data/leagues/ligue1/extensions/ligue_1_2024_2025_capology_extensions.csv,True
Data/processed/capology_contracts/source_manifest.csv,58,source_file,premier_league_2018_2019_extensions_capology.csv,False
Data/processed/capology_contracts/source_manifest.csv,58,source_relative_path,Data/leagues/premier league/extensions/premier_league_2018_2019_extensions_capology.csv,True
Data/processed/capology_contracts/source_manifest.csv,59,source_file,premier_league_2019_2020_extensions_capology.csv,False
Data/processed/capology_contracts/source_manifest.csv,59,source_relative_path,Data/leagues/premier league/extensions/premier_league_2019_2020_extensions_capology.csv,True
Data/processed/capology_contracts/source_manifest.csv,60,source_file,premier_league_2020_2021_extensions_capology.csv,False
Data/processed/capology_contracts/source_manifest.csv,60,source_relative_path,Data/leagues/premier league/extensions/premier_league_2020_2021_extensions_capology.csv,True
Data/processed/capology_contracts/source_manifest.csv,61,source_file,premier_league_2021_2022_extensions_capology.csv,False
Data/processed/capology_contracts/source_manifest.csv,61,source_relative_path,Data/leagues/premier league/extensions/premier_league_2021_2022_extensions_capology.csv,True
Data/processed/capology_contracts/source_manifest.csv,62,source_file,premier_league_2023_2024_extensions_capology.csv,False
Data/processed/capology_contracts/source_manifest.csv,62,source_relative_path,Data/leagues/premier league/extensions/premier_league_2023_2024_extensions_capology.csv,True
Data/processed/capology_contracts/source_manifest.csv,63,source_file,premier_league_2024_2025_capology_extensions.csv,False
Data/processed/capology_contracts/source_manifest.csv,63,source_relative_path,Data/leagues/premier league/extensions/premier_league_2024_2025_capology_extensions.csv,True
Data/processed/capology_contracts/source_manifest.csv,64,source_file,serie_a_2018_2019_extensions_capology.csv,False
Data/processed/capology_contracts/source_manifest.csv,64,source_relative_path,Data/leagues/serie a/extensions/serie_a_2018_2019_extensions_capology.csv,True
Data/processed/capology_contracts/source_manifest.csv,65,source_file,serie_a_2019_2020_extensions_capology.csv,False
Data/processed/capology_contracts/source_manifest.csv,65,source_relative_path,Data/leagues/serie a/extensions/serie_a_2019_2020_extensions_capology.csv,True
Data/processed/capology_contracts/source_manifest.csv,66,source_file,serie_a_2020_2021_extensions_capology.csv,False
Data/processed/capology_contracts/source_manifest.csv,66,source_relative_path,Data/leagues/serie a/extensions/serie_a_2020_2021_extensions_capology.csv,True
Data/processed/capology_contracts/source_manifest.csv,67,source_file,serie_a_2021_2022_extensions_capology.csv,False
Data/processed/capology_contracts/source_manifest.csv,67,source_relative_path,Data/leagues/serie a/extensions/serie_a_2021_2022_extensions_capology.csv,True
Data/processed/capology_contracts/source_manifest.csv,68,source_file,serie_a_2022_2023_extensions_capology.csv,False
Data/processed/capology_contracts/source_manifest.csv,68,source_relative_path,Data/leagues/serie a/extensions/serie_a_2022_2023_extensions_capology.csv,True
Data/processed/capology_contracts/source_manifest.csv,69,source_file,serie_a_2023_2024_extensions_capology.csv,False
Data/processed/capology_contracts/source_manifest.csv,69,source_relative_path,Data/leagues/serie a/extensions/serie_a_2023_2024_extensions_capology.csv,True
Data/processed/capology_contracts/source_manifest.csv,70,source_file,serie_a_2024_2025_capology_extensions.csv,False
Data/processed/capology_contracts/source_manifest.csv,70,source_relative_path,Data/leagues/serie a/extensions/serie_a_2024_2025_capology_extensions.csv,True
Data/processed/compatibility_features/source_manifest.csv,2,source_file,Data/processed/canonical_performance/canonical_player_team_season_performance.csv,True
Data/processed/compatibility_features/source_manifest.csv,3,source_file,Data/processed/canonical_performance/modeling_scope_2017_2024.csv,True
Data/processed/compatibility_features/source_manifest.csv,4,source_file,Data/processed/canonical_performance/fbref_advanced_performance_features.csv,True
Data/processed/compatibility_features/source_manifest.csv,5,source_file,Data/processed/canonical_integration/canonical_club_dimension.csv,True
Data/processed/compatibility_model_ablations/source_manifest.csv,2,source_file,Data\processed\compatibility_targets\transfer_compatibility_strict_model_matrix.csv,False
Data/processed/compatibility_model_ablations/source_manifest.csv,3,source_file,Data\processed\compatibility_models\model_feature_dictionary.csv,False
Data/processed/compatibility_model_ablations/source_manifest.csv,4,source_file,Data\processed\compatibility_models\independent_verification.json,False
Data/processed/compatibility_models/source_manifest.csv,2,source_file,Data\processed\compatibility_targets\transfer_compatibility_strict_model_matrix.csv,False
Data/processed/compatibility_models/source_manifest.csv,3,source_file,Data\processed\compatibility_targets\target_field_dictionary.csv,False
Data/processed/compatibility_models/source_manifest.csv,4,source_file,Data\processed\compatibility_targets\independent_verification.json,False
Data/processed/compatibility_targets/cohort_filter_sensitivity/source_manifest.csv,2,source_file,Data/processed/compatibility_targets/transfer_compatibility_strict_model_matrix.csv,True
Data/processed/compatibility_targets/cohort_filter_sensitivity/source_manifest.csv,3,source_file,Data/processed/compatibility_targets/transfer_compatibility_targets.csv,True
Data/processed/compatibility_targets/cohort_filter_sensitivity/source_manifest.csv,4,source_file,Data/processed/compatibility_targets/target_exclusion_summary.csv,True
Data/processed/compatibility_targets/cohort_filter_sensitivity/source_manifest.csv,5,source_file,Data/processed/compatibility_models/model_feature_dictionary.csv,True
Data/processed/compatibility_targets/cohort_filter_sensitivity/source_manifest.csv,6,source_file,Data/processed/rolling_origin_stability/rolling_family_stability_summary.csv,True
Data/processed/compatibility_targets/cohort_filter_sensitivity/source_manifest.csv,7,source_file,scripts/build_compatibility_targets.py,True
Data/processed/compatibility_targets/cohort_filter_sensitivity/source_manifest.csv,8,source_file,scripts/build_compatibility_features.py,True
Data/processed/compatibility_targets/cohort_filter_sensitivity/source_manifest.csv,9,source_file,scripts/run_rolling_origin_stability.py,True
Data/processed/compatibility_targets/source_manifest.csv,2,source_file,Data/processed/transfer_cohort_master.csv,True
Data/processed/compatibility_targets/source_manifest.csv,3,source_file,Data/processed/canonical_integration/canonical_transfer_history.csv,True
Data/processed/compatibility_targets/source_manifest.csv,4,source_file,Data/processed/compatibility_features/teammate_style_compatibility_features.csv,True
Data/processed/compatibility_targets/source_manifest.csv,5,source_file,Data/processed/compatibility_features/advanced_compatibility_model_matrix.csv,True
Data/processed/contract_extension_integration/source_manifest.csv,2,source_file,Data/processed/capology_contracts/canonical_extension_events.csv,True
Data/processed/contract_extension_integration/source_manifest.csv,3,source_file,Data/processed/capology_contracts/canonical_salary_panel.csv,True
Data/processed/contract_extension_integration/source_manifest.csv,4,source_file,Data/processed/canonical_performance/canonical_player_team_season_performance.csv,True
Data/processed/contract_extension_integration/source_manifest.csv,5,source_file,Data/processed/canonical_performance/fbref_advanced_performance_features.csv,True
Data/processed/contract_extension_integration/source_manifest.csv,6,source_file,Data/processed/canonical_integration/canonical_valuation_history.csv,True
Data/processed/contract_extension_integration/source_manifest.csv,7,source_file,Data/processed/canonical_integration/canonical_transfer_history.csv,True
Data/processed/contract_extension_integration/source_manifest.csv,8,source_file,Data/processed/transfermarkt_clean/tables/appearances_clean.csv,True
Data/processed/contract_extension_integration/source_manifest.csv,9,source_file,Data/processed/transfermarkt_clean/tables/games_clean.csv,True
Data/processed/contract_financial_exposure_benchmark/source_manifest.csv,2,source_file,Data/processed/frozen_contract_sources/phase1_5_2026-08-11/contract_extension_integration/extension_modeling_master.csv,True
Data/processed/contract_financial_exposure_benchmark/source_manifest.csv,3,source_file,Data/processed/frozen_contract_sources/phase1_5_2026-08-11/contract_extension_integration/independent_verification.json,True
Data/processed/contribution_model_refinement/source_manifest.csv,2,source_file,Data/processed/frozen_contract_sources/phase1_5_2026-08-11/contract_extension_integration/extension_modeling_master.csv,True
Data/processed/contribution_model_refinement/source_manifest.csv,3,source_file,Data/processed/frozen_contract_sources/phase1_5_2026-08-11/contract_extension_integration/independent_verification.json,True
Data/processed/contribution_model_refinement/source_manifest.csv,4,source_file,Data/injury/full_dataset_thesis - 1.csv,True
Data/processed/contribution_model_refinement/source_manifest.csv,5,source_file,Data/processed/transfermarkt_clean/tables/appearances_clean.csv,True
Data/processed/contribution_model_refinement/source_manifest.csv,6,source_file,Data/processed/live_input_refresh/canonical_performance_overlay.csv,True
Data/processed/contribution_model_refinement/source_manifest.csv,7,source_file,Data/processed/live_input_refresh/canonical_salary_overlay.csv,True
Data/processed/contribution_model_refinement/source_manifest.csv,8,source_file,Data/processed/live_input_refresh/independent_verification.json,True
Data/processed/contribution_model_refinement/source_manifest.csv,9,source_file,Data/processed/deployment_models/model_manifest.json,True
Data/processed/contribution_model_repair/source_manifest.csv,2,source_file,Data/processed/frozen_contract_sources/phase1_5_2026-08-11/contract_extension_integration/extension_modeling_master.csv,True
Data/processed/contribution_model_repair/source_manifest.csv,3,source_file,Data/processed/frozen_contract_sources/phase1_5_2026-08-11/contract_extension_integration/independent_verification.json,True
Data/processed/contribution_model_repair/source_manifest.csv,4,source_file,Data/injury/full_dataset_thesis - 1.csv,True
Data/processed/contribution_model_repair/source_manifest.csv,5,source_file,Data/processed/transfermarkt_clean/tables/appearances_clean.csv,True
Data/processed/contribution_model_repair/source_manifest.csv,6,source_file,Data/processed/live_input_refresh/canonical_performance_overlay.csv,True
Data/processed/contribution_model_repair/source_manifest.csv,7,source_file,Data/processed/live_input_refresh/canonical_salary_overlay.csv,True
Data/processed/contribution_model_repair/source_manifest.csv,8,source_file,Data/processed/deployment_models/model_manifest.json,True
Data/processed/contribution_model_repair/source_manifest.csv,9,source_file,Data/processed/deployment_models/extension_opportunity_diagnostic/sustained_meaningful_contribution.joblib,True
Data/processed/contribution_model_repair/source_manifest.csv,10,source_file,Data/processed/extension_opportunity_diagnostic/model_comparison_results.csv,True
Data/processed/engine_v2_calibration_reliability/source_manifest.csv,2,source,Data/processed/engine_v2_feature_specification/phase2_decisions.csv,True
Data/processed/engine_v2_calibration_reliability/source_manifest.csv,3,source,Data/processed/engine_v2_feature_specification/candidate_comparisons.csv,True
Data/processed/engine_v2_calibration_reliability/source_manifest.csv,4,source,Data/processed/engine_v2_feature_specification/independent_verification.json,True
Data/processed/engine_v2_calibration_reliability/source_manifest.csv,5,source,docs/releases/engine_v1_freeze_2026-08-30.json,True
Data/processed/engine_v2_candidate_contract/source_manifest.csv,2,source,Data/processed/engine_v2_calibration_reliability/phase3_decisions.csv,True
Data/processed/engine_v2_candidate_contract/source_manifest.csv,3,source,Data/processed/engine_v2_calibration_reliability/independent_verification.json,True
Data/processed/engine_v2_candidate_contract/source_manifest.csv,4,source,Data/processed/contract_financial_exposure_benchmark/independent_verification.json,True
Data/processed/engine_v2_candidate_contract/source_manifest.csv,5,source,docs/releases/engine_v1_freeze_2026-08-30.json,True
Data/processed/engine_v2_club_financial_context_experiment/source_manifest.csv,2,source,Data/processed/capology_club_financial_context/canonical_club_season_financial_context.csv,True
Data/processed/engine_v2_club_financial_context_experiment/source_manifest.csv,3,source,Data/processed/capology_club_financial_context/extension_prior_season_feature_coverage.csv,True
Data/processed/engine_v2_club_financial_context_experiment/source_manifest.csv,4,source,Data/processed/engine_v2_candidate_contract/continuity_selected_predictions.csv,True
Data/processed/engine_v2_club_financial_context_experiment/source_manifest.csv,5,source,docs/releases/engine_v1_freeze_2026-08-30.json,True
Data/processed/engine_v2_feature_specification/source_manifest.csv,2,source,Data/processed/contract_extension_integration/extension_modeling_master.csv,True
Data/processed/engine_v2_feature_specification/source_manifest.csv,3,source,Data/processed/role_contextualization_diagnostic/pooled_model_comparison.csv,True
Data/processed/engine_v2_feature_specification/source_manifest.csv,4,source,Data/processed/extension_opportunity_diagnostic/model_comparison_results.csv,True
Data/processed/engine_v2_feature_specification/source_manifest.csv,5,source,Data/processed/extension_survival_diagnostic/model_comparison_results.csv,True
Data/processed/engine_v2_feature_specification/source_manifest.csv,6,source,Data/processed/extension_value_preservation_diagnostic/model_comparison_results.csv,True
Data/processed/engine_v2_feature_specification/source_manifest.csv,7,source,docs/releases/engine_v1_freeze_2026-08-30.json,True
Data/processed/engine_v2_final_evaluation_gate/source_manifest.csv,2,path,Data/processed/contract_extension_integration/extension_modeling_master.csv,True
Data/processed/engine_v2_final_evaluation_gate/source_manifest.csv,3,path,Data/processed/engine_v2_candidate_contract/phase4_decisions.json,True
Data/processed/engine_v2_final_evaluation_gate/source_manifest.csv,4,path,Data/processed/engine_v2_candidate_contract/final_holdout_plan.json,True
Data/processed/engine_v2_final_evaluation_gate/source_manifest.csv,5,path,Data/processed/engine_v2_candidate_contract/target_relationship_audit.csv,True
Data/processed/engine_v2_final_evaluation_gate/source_manifest.csv,6,path,docs/releases/engine_v1_freeze_2026-08-30.json,True
Data/processed/engine_v2_lagged_club_behavior/source_manifest.csv,2,source,Data/processed/canonical_integration/canonical_transfer_history.csv,True
Data/processed/engine_v2_lagged_club_behavior/source_manifest.csv,3,source,Data/processed/canonical_integration/canonical_player_dimension.csv,True
Data/processed/engine_v2_lagged_club_behavior/source_manifest.csv,4,source,Data/processed/capology_contracts/canonical_extension_events.csv,True
Data/processed/engine_v2_lagged_club_behavior/source_manifest.csv,5,source,models/engine_v2/movement_target_contract.py,True
Data/processed/engine_v2_lagged_club_behavior_experiment/source_manifest.csv,2,source,Data/processed/engine_v2_lagged_club_behavior/lagged_club_behavior_features.csv,True
Data/processed/engine_v2_lagged_club_behavior_experiment/source_manifest.csv,3,source,Data/processed/engine_v2_lagged_club_behavior/movement_target_contract.json,True
Data/processed/engine_v2_lagged_club_behavior_experiment/source_manifest.csv,4,source,models/engine_v2/movement_target_contract.py,True
Data/processed/engine_v2_lagged_club_behavior_experiment/source_manifest.csv,5,source,docs/releases/engine_v1_freeze_2026-08-30.json,True
Data/processed/engine_v2_manager_tactical_experiment/source_manifest.csv,2,source,Data/processed/engine_v2_manager_tactical_profiles/manager_tactical_profiles.csv,True
Data/processed/engine_v2_manager_tactical_experiment/source_manifest.csv,3,source,Data/processed/engine_v2_manager_tactical_profiles/feature_contract.json,True
Data/processed/engine_v2_manager_tactical_experiment/source_manifest.csv,4,source,models/engine_v2/manager_tactical_feature_contract.py,True
Data/processed/engine_v2_manager_tactical_experiment/source_manifest.csv,5,source,models/engine_v2/movement_target_contract.py,True
Data/processed/engine_v2_manager_tactical_experiment/source_manifest.csv,6,source,models/run_engine_v2_manager_tactical_experiment.py,True
Data/processed/engine_v2_manager_tactical_experiment/source_manifest.csv,7,source,models/run_engine_v2_lagged_club_behavior_experiment.py,True
Data/processed/engine_v2_manager_tactical_experiment/source_manifest.csv,8,source,models/run_engine_v2_candidate_contract.py,True
Data/processed/engine_v2_manager_tactical_experiment/source_manifest.csv,9,source,models/run_engine_v2_feature_specification.py,True
Data/processed/engine_v2_manager_tactical_experiment/source_manifest.csv,10,source,docs/releases/engine_v1_freeze_2026-08-30.json,True
Data/processed/engine_v2_manager_tactical_profiles/source_manifest.csv,2,source,Data/processed/capology_contracts/canonical_extension_events.csv,True
Data/processed/engine_v2_manager_tactical_profiles/source_manifest.csv,3,source,Data/processed/transfermarkt_clean/tables/games_clean.csv,True
Data/processed/engine_v2_manager_tactical_profiles/source_manifest.csv,4,source,Data/processed/transfermarkt_clean/tables/game_lineups_clean.csv,True
Data/processed/engine_v2_manager_tactical_profiles/source_manifest.csv,5,source,Data/processed/transfermarkt_clean/tables/appearances_clean.csv,True
Data/processed/engine_v2_manager_tactical_profiles/source_manifest.csv,6,source,models/engine_v2/manager_tactical_feature_contract.py,True
Data/processed/engine_v2_manager_tactical_profiles/source_manifest.csv,7,source,scripts/build_engine_v2_manager_tactical_profiles.py,True
Data/processed/engine_v2_movement_scope_closeout/source_manifest.csv,2,source,models/engine_v2/movement_product_scope_contract.py,True
Data/processed/engine_v2_movement_scope_closeout/source_manifest.csv,3,source,models/engine_v2/movement_target_contract.py,True
Data/processed/engine_v2_movement_scope_closeout/source_manifest.csv,4,source,models/run_engine_v2_movement_scope_closeout.py,True
Data/processed/engine_v2_movement_scope_closeout/source_manifest.csv,5,source,Data/processed/engine_v2_movement_state_profile_diagnostic/binary_endpoint_pooled_metrics.csv,True
Data/processed/engine_v2_movement_scope_closeout/source_manifest.csv,6,source,Data/processed/engine_v2_movement_state_profile_diagnostic/binary_endpoint_subgroup_metrics.csv,True
Data/processed/engine_v2_movement_scope_closeout/source_manifest.csv,7,source,Data/processed/engine_v2_movement_state_profile_diagnostic/independent_verification.json,True
Data/processed/engine_v2_movement_scope_closeout/source_manifest.csv,8,source,Data/processed/engine_v2_manager_tactical_experiment/independent_verification.json,True
Data/processed/engine_v2_movement_scope_closeout/source_manifest.csv,9,source,docs/releases/engine_v1_freeze_2026-08-30.json,True
Data/processed/engine_v2_movement_state_profile_diagnostic/source_manifest.csv,2,source,Data/processed/capology_club_financial_context/canonical_club_season_financial_context.csv,True
Data/processed/engine_v2_movement_state_profile_diagnostic/source_manifest.csv,3,source,Data/processed/capology_club_financial_context/extension_prior_season_feature_coverage.csv,True
Data/processed/engine_v2_movement_state_profile_diagnostic/source_manifest.csv,4,source,Data/processed/data_usage_audit_2026_08_31/extension_source_overlap_summary.csv,True
Data/processed/engine_v2_movement_state_profile_diagnostic/source_manifest.csv,5,source,Data/processed/data_usage_audit_2026_08_31/selected_model_feature_usage.csv,True
Data/processed/engine_v2_movement_state_profile_diagnostic/source_manifest.csv,6,source,docs/releases/engine_v1_freeze_2026-08-30.json,True
Data/processed/engine_v2_role_squad_experiment/source_manifest.csv,2,source,Data/processed/engine_v2_role_squad_profiles/role_squad_profiles.csv,True
Data/processed/engine_v2_role_squad_experiment/source_manifest.csv,3,source,Data/processed/engine_v2_role_squad_profiles/feature_contract.json,True
Data/processed/engine_v2_role_squad_experiment/source_manifest.csv,4,source,models/engine_v2/role_squad_feature_contract.py,True
Data/processed/engine_v2_role_squad_experiment/source_manifest.csv,5,source,models/engine_v2/movement_target_contract.py,True
Data/processed/engine_v2_role_squad_experiment/source_manifest.csv,6,source,models/run_engine_v2_role_squad_experiment.py,True
Data/processed/engine_v2_role_squad_experiment/source_manifest.csv,7,source,models/run_engine_v2_lagged_club_behavior_experiment.py,True
Data/processed/engine_v2_role_squad_experiment/source_manifest.csv,8,source,models/run_engine_v2_candidate_contract.py,True
Data/processed/engine_v2_role_squad_experiment/source_manifest.csv,9,source,models/run_engine_v2_feature_specification.py,True
Data/processed/engine_v2_role_squad_experiment/source_manifest.csv,10,source,docs/releases/engine_v1_freeze_2026-08-30.json,True
Data/processed/engine_v2_role_squad_profiles/source_manifest.csv,2,source,Data/processed/capology_contracts/canonical_extension_events.csv,True
Data/processed/engine_v2_role_squad_profiles/source_manifest.csv,3,source,Data/processed/transfermarkt_clean/tables/game_lineups_clean.csv,True
Data/processed/engine_v2_role_squad_profiles/source_manifest.csv,4,source,Data/processed/transfermarkt_clean/tables/appearances_clean.csv,True
Data/processed/engine_v2_role_squad_profiles/source_manifest.csv,5,source,Data/processed/transfermarkt_clean/tables/games_clean.csv,True
Data/processed/engine_v2_role_squad_profiles/source_manifest.csv,6,source,Data/processed/canonical_integration/canonical_player_dimension.csv,True
Data/processed/engine_v2_role_squad_profiles/source_manifest.csv,7,source,Data/processed/canonical_integration/canonical_valuation_history.csv,True
Data/processed/engine_v2_role_squad_profiles/source_manifest.csv,8,source,Data/processed/canonical_integration/canonical_transfer_history.csv,True
Data/processed/engine_v2_role_squad_profiles/source_manifest.csv,9,source,models/engine_v2/role_squad_feature_contract.py,True
Data/processed/engine_v2_role_squad_profiles/source_manifest.csv,10,source,scripts/build_engine_v2_role_squad_profiles.py,True
Data/processed/engine_v2_validity_boundary/source_manifest.csv,2,source,Data/processed/contract_extension_integration/extension_modeling_master.csv,True
Data/processed/engine_v2_validity_boundary/source_manifest.csv,3,source,Data/processed/contract_extension_integration/run_summary.json,True
Data/processed/engine_v2_validity_boundary/source_manifest.csv,4,source,Data/processed/capology_contracts/run_summary.json,True
Data/processed/engine_v2_validity_boundary/source_manifest.csv,5,source,docs/releases/engine_v1_freeze_2026-08-30.json,True
Data/processed/extension_opportunity_diagnostic/source_manifest.csv,2,source_file,Data/processed/frozen_contract_sources/phase1_5_2026-08-11/contract_extension_integration/extension_modeling_master.csv,True
Data/processed/extension_opportunity_diagnostic/source_manifest.csv,3,source_file,Data/processed/frozen_contract_sources/phase1_5_2026-08-11/contract_extension_integration/independent_verification.json,True
Data/processed/extension_survival_diagnostic/source_manifest.csv,2,source_file,Data/processed/frozen_contract_sources/phase1_5_2026-08-11/contract_extension_integration/extension_modeling_master.csv,True
Data/processed/extension_survival_diagnostic/source_manifest.csv,3,source_file,Data/processed/frozen_contract_sources/phase1_5_2026-08-11/contract_extension_integration/independent_verification.json,True
Data/processed/extension_value_preservation_diagnostic/source_manifest.csv,2,source_file,Data/processed/frozen_contract_sources/phase1_5_2026-08-11/contract_extension_integration/extension_modeling_master.csv,True
Data/processed/extension_value_preservation_diagnostic/source_manifest.csv,3,source_file,Data/processed/frozen_contract_sources/phase1_5_2026-08-11/contract_extension_integration/independent_verification.json,True
Data/processed/fbref_2017_2024_clean/source_file_manifest.csv,2,source_file,cleaned_2017-18.csv,False
Data/processed/fbref_2017_2024_clean/source_file_manifest.csv,2,source_relative_path,Data/2017-2024/cleaned_2017-18.csv,True
Data/processed/fbref_2017_2024_clean/source_file_manifest.csv,3,source_file,cleaned_2018-19.csv,False
Data/processed/fbref_2017_2024_clean/source_file_manifest.csv,3,source_relative_path,Data/2017-2024/cleaned_2018-19.csv,True
Data/processed/fbref_2017_2024_clean/source_file_manifest.csv,4,source_file,cleaned_2019-20.csv,False
Data/processed/fbref_2017_2024_clean/source_file_manifest.csv,4,source_relative_path,Data/2017-2024/cleaned_2019-20.csv,True
Data/processed/fbref_2017_2024_clean/source_file_manifest.csv,5,source_file,cleaned_2020-21.csv,False
Data/processed/fbref_2017_2024_clean/source_file_manifest.csv,5,source_relative_path,Data/2017-2024/cleaned_2020-21.csv,True
Data/processed/fbref_2017_2024_clean/source_file_manifest.csv,6,source_file,cleaned_2021-22.csv,False
Data/processed/fbref_2017_2024_clean/source_file_manifest.csv,6,source_relative_path,Data/2017-2024/cleaned_2021-22.csv,True
Data/processed/fbref_2017_2024_clean/source_file_manifest.csv,7,source_file,cleaned_2022-23.csv,False
Data/processed/fbref_2017_2024_clean/source_file_manifest.csv,7,source_relative_path,Data/2017-2024/cleaned_2022-23.csv,True
Data/processed/fbref_2017_2024_clean/source_file_manifest.csv,8,source_file,cleaned_2023-24.csv,False
Data/processed/fbref_2017_2024_clean/source_file_manifest.csv,8,source_relative_path,Data/2017-2024/cleaned_2023-24.csv,True
Data/processed/fee_benchmarking_model/source_manifest.csv,2,source,Data/processed/transfermarkt_merged/transfermarkt_comprehensive_master.csv,True
Data/processed/fee_benchmarking_model/source_manifest.csv,3,source,Data/processed/financial_module_feasibility/financial_event_audit.csv,True
Data/processed/fee_benchmarking_model/source_manifest.csv,4,source,Data/processed/financial_module_feasibility/independent_verification.json,True
Data/processed/financial_module_feasibility/source_manifest.csv,2,source,Data/processed/transfermarkt_merged/transfermarkt_comprehensive_master.csv,True
Data/processed/financial_module_feasibility/source_manifest.csv,3,source,Data/processed/canonical_integration/canonical_transfer_history.csv,True
Data/processed/financial_module_feasibility/source_manifest.csv,4,source,Data/processed/compatibility_targets/transfer_compatibility_targets.csv,True
Data/processed/financial_module_feasibility/source_manifest.csv,5,source,Data/processed/retention_diagnostic/retention_targets.csv,True
Data/processed/football_datalake_audit/source_file_manifest.csv,2,source_file,football-datasets-main/datalake/transfermarkt/player_injuries/player_injuries.csv,True
Data/processed/football_datalake_audit/source_file_manifest.csv,3,source_file,football-datasets-main/datalake/transfermarkt/player_latest_market_value/player_latest_market_value.csv,True
Data/processed/football_datalake_audit/source_file_manifest.csv,4,source_file,football-datasets-main/datalake/transfermarkt/player_market_value/player_market_value.csv,True
Data/processed/football_datalake_audit/source_file_manifest.csv,5,source_file,football-datasets-main/datalake/transfermarkt/player_national_performances/player_national_performances.csv,True
Data/processed/football_datalake_audit/source_file_manifest.csv,6,source_file,football-datasets-main/datalake/transfermarkt/player_performances/player_performances.csv,True
Data/processed/football_datalake_audit/source_file_manifest.csv,7,source_file,football-datasets-main/datalake/transfermarkt/player_profiles/player_profiles.csv,True
Data/processed/football_datalake_audit/source_file_manifest.csv,8,source_file,football-datasets-main/datalake/transfermarkt/player_teammates_played_with/player_teammates_played_with.csv,True
Data/processed/football_datalake_audit/source_file_manifest.csv,9,source_file,football-datasets-main/datalake/transfermarkt/team_children/team_children.csv,True
Data/processed/football_datalake_audit/source_file_manifest.csv,10,source_file,football-datasets-main/datalake/transfermarkt/team_competitions_seasons/team_competitions_seasons.csv,True
Data/processed/football_datalake_audit/source_file_manifest.csv,11,source_file,football-datasets-main/datalake/transfermarkt/team_details/team_details.csv,True
Data/processed/football_datalake_audit/source_file_manifest.csv,12,source_file,football-datasets-main/datalake/transfermarkt/transfer_history/transfer_history.csv,True
Data/processed/football_datalake_clean/source_file_manifest.csv,2,source_file,football-datasets-main/datalake/transfermarkt/player_injuries/player_injuries.csv,True
Data/processed/football_datalake_clean/source_file_manifest.csv,3,source_file,football-datasets-main/datalake/transfermarkt/player_latest_market_value/player_latest_market_value.csv,True
Data/processed/football_datalake_clean/source_file_manifest.csv,4,source_file,football-datasets-main/datalake/transfermarkt/player_market_value/player_market_value.csv,True
Data/processed/football_datalake_clean/source_file_manifest.csv,5,source_file,football-datasets-main/datalake/transfermarkt/player_national_performances/player_national_performances.csv,True
Data/processed/football_datalake_clean/source_file_manifest.csv,6,source_file,football-datasets-main/datalake/transfermarkt/player_performances/player_performances.csv,True
Data/processed/football_datalake_clean/source_file_manifest.csv,7,source_file,football-datasets-main/datalake/transfermarkt/player_profiles/player_profiles.csv,True
Data/processed/football_datalake_clean/source_file_manifest.csv,8,source_file,football-datasets-main/datalake/transfermarkt/player_teammates_played_with/player_teammates_played_with.csv,True
Data/processed/football_datalake_clean/source_file_manifest.csv,9,source_file,football-datasets-main/datalake/transfermarkt/team_children/team_children.csv,True
Data/processed/football_datalake_clean/source_file_manifest.csv,10,source_file,football-datasets-main/datalake/transfermarkt/team_competitions_seasons/team_competitions_seasons.csv,True
Data/processed/football_datalake_clean/source_file_manifest.csv,11,source_file,football-datasets-main/datalake/transfermarkt/team_details/team_details.csv,True
Data/processed/football_datalake_clean/source_file_manifest.csv,12,source_file,football-datasets-main/datalake/transfermarkt/transfer_history/transfer_history.csv,True
Data/processed/frozen_contract_sources/phase1_5_2026-08-11/contract_extension_integration/source_manifest.csv,2,source_file,Data/processed/frozen_contract_sources/phase1_5_2026-08-11/capology_contracts/canonical_extension_events.csv,True
Data/processed/frozen_contract_sources/phase1_5_2026-08-11/contract_extension_integration/source_manifest.csv,3,source_file,Data/processed/capology_contracts/canonical_salary_panel.csv,True
Data/processed/frozen_contract_sources/phase1_5_2026-08-11/contract_extension_integration/source_manifest.csv,4,source_file,Data/processed/canonical_performance/canonical_player_team_season_performance.csv,True
Data/processed/frozen_contract_sources/phase1_5_2026-08-11/contract_extension_integration/source_manifest.csv,5,source_file,Data/processed/canonical_performance/fbref_advanced_performance_features.csv,True
Data/processed/frozen_contract_sources/phase1_5_2026-08-11/contract_extension_integration/source_manifest.csv,6,source_file,Data/processed/canonical_integration/canonical_valuation_history.csv,True
Data/processed/frozen_contract_sources/phase1_5_2026-08-11/contract_extension_integration/source_manifest.csv,7,source_file,Data/processed/canonical_integration/canonical_transfer_history.csv,True
Data/processed/frozen_contract_sources/phase1_5_2026-08-11/contract_extension_integration/source_manifest.csv,8,source_file,Data/processed/transfermarkt_clean/tables/appearances_clean.csv,True
Data/processed/frozen_contract_sources/phase1_5_2026-08-11/contract_extension_integration/source_manifest.csv,9,source_file,Data/processed/transfermarkt_clean/tables/games_clean.csv,True
Data/processed/integrated_contract_profile/source_manifest.csv,2,source_file,Data/processed/frozen_contract_sources/phase1_5_2026-08-11/contract_extension_integration/extension_modeling_master.csv,True
Data/processed/integrated_contract_profile/source_manifest.csv,3,source_file,Data/processed/extension_opportunity_diagnostic/model_predictions.csv,True
Data/processed/integrated_contract_profile/source_manifest.csv,4,source_file,Data/processed/extension_opportunity_diagnostic/opportunity_decision_summary.csv,True
Data/processed/integrated_contract_profile/source_manifest.csv,5,source_file,Data/processed/extension_opportunity_diagnostic/independent_verification.json,True
Data/processed/integrated_contract_profile/source_manifest.csv,6,source_file,Data/processed/extension_survival_diagnostic/survival_predictions.csv,True
Data/processed/integrated_contract_profile/source_manifest.csv,7,source_file,Data/processed/extension_survival_diagnostic/survival_decision_summary.csv,True
Data/processed/integrated_contract_profile/source_manifest.csv,8,source_file,Data/processed/extension_survival_diagnostic/independent_verification.json,True
Data/processed/integrated_contract_profile/source_manifest.csv,9,source_file,Data/processed/extension_value_preservation_diagnostic/value_predictions.csv,True
Data/processed/integrated_contract_profile/source_manifest.csv,10,source_file,Data/processed/extension_value_preservation_diagnostic/value_decision_summary.csv,True
Data/processed/integrated_contract_profile/source_manifest.csv,11,source_file,Data/processed/extension_value_preservation_diagnostic/independent_verification.json,True
Data/processed/integrated_contract_profile/source_manifest.csv,12,source_file,Data/processed/contract_financial_exposure_benchmark/benchmark_predictions.csv,True
Data/processed/integrated_contract_profile/source_manifest.csv,13,source_file,Data/processed/contract_financial_exposure_benchmark/benchmark_decision_summary.csv,True
Data/processed/integrated_contract_profile/source_manifest.csv,14,source_file,Data/processed/contract_financial_exposure_benchmark/deterministic_metric_catalog.csv,True
Data/processed/integrated_contract_profile/source_manifest.csv,15,source_file,Data/processed/contract_financial_exposure_benchmark/independent_verification.json,True
Data/processed/integration_crosswalks/source_manifest.csv,2,source_file,Data/processed/transfermarkt_clean/player_identity_union.csv,True
Data/processed/integration_crosswalks/source_manifest.csv,3,source_file,Data/processed/transfermarkt_clean/player_name_observations.csv,True
Data/processed/integration_crosswalks/source_manifest.csv,4,source_file,Data/processed/transfermarkt_clean/club_dimension_historical.csv,True
Data/processed/integration_crosswalks/source_manifest.csv,5,source_file,Data/processed/transfermarkt_clean/club_name_observations.csv,True
Data/processed/integration_crosswalks/source_manifest.csv,6,source_file,Data/processed/transfermarkt_clean/tables/players_clean.csv,True
Data/processed/integration_crosswalks/source_manifest.csv,7,source_file,Data/processed/transfermarkt_clean/tables/appearances_clean.csv,True
Data/processed/integration_crosswalks/source_manifest.csv,8,source_file,Data/processed/transfermarkt_clean/tables/games_clean.csv,True
Data/processed/integration_crosswalks/source_manifest.csv,9,source_file,Data/processed/transfermarkt_clean/tables/competitions_clean.csv,True
Data/processed/integration_crosswalks/source_manifest.csv,10,source_file,Data/processed/fbref_2017_2024_clean/fbref_player_squad_season_clean.csv,False
Data/processed/integration_crosswalks/source_manifest.csv,11,source_file,Data/processed/football_datalake_clean/tables/player_profiles_clean.csv,True
Data/processed/integration_crosswalks/source_manifest.csv,12,source_file,Data/processed/football_datalake_clean/tables/player_performances_clean.csv,True
Data/processed/integration_crosswalks/source_manifest.csv,13,source_file,Data/processed/football_datalake_clean/tables/team_details_clean.csv,True
Data/processed/integration_crosswalks/source_manifest.csv,14,source_file,Data/processed/football_datalake_clean/tables/team_competitions_seasons_clean.csv,True
Data/processed/integration_crosswalks/source_manifest.csv,15,source_file,Data/processed/football_datalake_clean/tables/transfer_history_clean.csv,True
Data/processed/integration_crosswalks/source_manifest.csv,16,source_file,Data/processed/football_datalake_clean/tables/team_children_clean.csv,True
Data/processed/integration_crosswalks/source_manifest.csv,17,source_file,Data/processed/football_datalake_clean/tables/player_injuries_clean.csv,True
Data/processed/landmark_monitoring_experiment/source_manifest.csv,2,source,Data/processed/transfermarkt_merged/transfermarkt_comprehensive_master.csv,True
Data/processed/landmark_monitoring_experiment/source_manifest.csv,3,source,Data/processed/financial_module_feasibility/financial_event_audit.csv,True
Data/processed/landmark_monitoring_experiment/source_manifest.csv,4,source,Data/processed/financial_module_feasibility/independent_verification.json,True
Data/processed/landmark_monitoring_experiment/source_manifest.csv,5,source,Data/processed/canonical_integration/canonical_transfer_history.csv,True
Data/processed/landmark_monitoring_experiment/source_manifest.csv,6,source,Data/processed/canonical_integration/canonical_valuation_history.csv,True
Data/processed/market_value_calibration_experiment/source_manifest.csv,2,source,Data/processed/market_value_downside_model/market_value_predictions.csv,True
Data/processed/market_value_calibration_experiment/source_manifest.csv,3,source,Data/processed/market_value_downside_model/market_value_origin_results.csv,True
Data/processed/market_value_calibration_experiment/source_manifest.csv,4,source,Data/processed/market_value_downside_model/market_value_downside_targets.csv,True
Data/processed/market_value_calibration_experiment/source_manifest.csv,5,source,Data/processed/market_value_downside_model/independent_verification.json,True
Data/processed/market_value_calibration_experiment/source_manifest.csv,6,source,Data/processed/transfermarkt_merged/transfermarkt_comprehensive_master.csv,True
Data/processed/market_value_calibration_experiment/source_manifest.csv,7,source,Data/processed/financial_module_feasibility/financial_event_audit.csv,True
Data/processed/market_value_downside_model/source_manifest.csv,2,source,Data/processed/transfermarkt_merged/transfermarkt_comprehensive_master.csv,True
Data/processed/market_value_downside_model/source_manifest.csv,3,source,Data/processed/financial_module_feasibility/financial_event_audit.csv,True
Data/processed/market_value_downside_model/source_manifest.csv,4,source,Data/processed/financial_module_feasibility/independent_verification.json,True
Data/processed/market_value_downside_product/source_manifest.csv,2,source,Data/processed/market_value_calibration_experiment/calibrated_predictions.csv,True
Data/processed/market_value_downside_product/source_manifest.csv,3,source,Data/processed/market_value_calibration_experiment/calibration_decision_summary.csv,True
Data/processed/market_value_downside_product/source_manifest.csv,4,source,Data/processed/market_value_calibration_experiment/independent_verification.json,True
Data/processed/market_value_downside_product/source_manifest.csv,5,source,Data/processed/market_value_downside_model/market_value_feature_manifest.csv,True
Data/processed/market_value_downside_product/source_manifest.csv,6,source,Data/processed/transfermarkt_merged/transfermarkt_comprehensive_master.csv,True
Data/processed/paid_transfer_underutilization_model/source_manifest.csv,2,source,Data/processed/transfermarkt_merged/transfermarkt_comprehensive_master.csv,True
Data/processed/paid_transfer_underutilization_model/source_manifest.csv,3,source,Data/processed/financial_module_feasibility/financial_event_audit.csv,True
Data/processed/paid_transfer_underutilization_model/source_manifest.csv,4,source,Data/processed/financial_module_feasibility/independent_verification.json,True
Data/processed/paid_transfer_underutilization_refinement/source_manifest.csv,2,source,Data/processed/paid_transfer_underutilization_model/underutilization_predictions.csv,True
Data/processed/paid_transfer_underutilization_refinement/source_manifest.csv,3,source,Data/processed/paid_transfer_underutilization_model/underutilization_origin_results.csv,True
Data/processed/paid_transfer_underutilization_refinement/source_manifest.csv,4,source,Data/processed/paid_transfer_underutilization_model/underutilization_targets.csv,True
Data/processed/paid_transfer_underutilization_refinement/source_manifest.csv,5,source,Data/processed/paid_transfer_underutilization_model/independent_verification.json,True
Data/processed/paid_transfer_underutilization_refinement/source_manifest.csv,6,source,Data/processed/transfermarkt_merged/transfermarkt_comprehensive_master.csv,True
Data/processed/paid_transfer_underutilization_refinement/source_manifest.csv,7,source,Data/processed/financial_module_feasibility/financial_event_audit.csv,True
Data/processed/player_club_case_studies/source_manifest.csv,2,source_file,Data\processed\subgroup_stability\subgroup_pair_predictions.csv,False
Data/processed/player_club_case_studies/source_manifest.csv,3,source_file,Data\processed\compatibility_targets\transfer_compatibility_strict_model_matrix.csv,False
Data/processed/player_club_case_studies/source_manifest.csv,4,source_file,Data\processed\compatibility_targets\transfer_compatibility_targets.csv,False
Data/processed/player_club_case_studies/source_manifest.csv,5,source_file,Data\processed\statsbomb_case_studies\transfer_case_study_candidates.csv,False
Data/processed/player_club_case_studies/source_manifest.csv,6,source_file,Data\processed\subgroup_stability\independent_verification.json,False
Data/processed/player_club_case_studies/source_manifest.csv,7,source_file,Data\processed\compatibility_targets\independent_verification.json,False
Data/processed/player_club_case_studies/source_manifest.csv,8,source_file,Data\processed\compatibility_features\independent_verification.json,False
Data/processed/role_contextualization_diagnostic/source_manifest.csv,2,path,Data/processed/contract_extension_integration/extension_modeling_master.csv,True
Data/processed/role_contextualization_diagnostic/source_manifest.csv,3,path,Data/processed/deployment_models/model_manifest.json,True
Data/processed/rolling_origin_stability/source_manifest.csv,2,source_file,Data\processed\compatibility_targets\transfer_compatibility_strict_model_matrix.csv,False
Data/processed/rolling_origin_stability/source_manifest.csv,3,source_file,Data\processed\compatibility_models\model_feature_dictionary.csv,False
Data/processed/rolling_origin_stability/source_manifest.csv,4,source_file,Data\processed\compatibility_model_ablations\ablation_model_selection.csv,False
Data/processed/rolling_origin_stability/source_manifest.csv,5,source_file,Data\processed\compatibility_model_ablations\ablation_test_results.csv,False
Data/processed/rolling_origin_stability/source_manifest.csv,6,source_file,Data\processed\compatibility_model_ablations\independent_verification.json,False
Data/processed/subgroup_stability/source_manifest.csv,2,source_file,Data\processed\rolling_origin_stability\rolling_predictions.csv,False
Data/processed/subgroup_stability/source_manifest.csv,3,source_file,Data\processed\rolling_origin_stability\rolling_policy_predictions.csv,False
Data/processed/subgroup_stability/source_manifest.csv,4,source_file,Data\processed\rolling_origin_stability\rolling_sensitivity_summary.csv,False
Data/processed/subgroup_stability/source_manifest.csv,5,source_file,Data\processed\rolling_origin_stability\independent_verification.json,False
Data/processed/subgroup_stability/source_manifest.csv,6,source_file,Data\processed\integration_crosswalks\competition_crosswalk.csv,False
Data/processed/transfermarkt_clean/source_file_manifest.csv,2,source_file,countries.csv,False
Data/processed/transfermarkt_clean/source_file_manifest.csv,2,source_relative_path,Data/TransferMarkt/countries.csv,True
Data/processed/transfermarkt_clean/source_file_manifest.csv,3,source_file,competitions.csv,False
Data/processed/transfermarkt_clean/source_file_manifest.csv,3,source_relative_path,Data/TransferMarkt/competitions.csv,True
Data/processed/transfermarkt_clean/source_file_manifest.csv,4,source_file,national_teams.csv,False
Data/processed/transfermarkt_clean/source_file_manifest.csv,4,source_relative_path,Data/TransferMarkt/national_teams.csv,True
Data/processed/transfermarkt_clean/source_file_manifest.csv,5,source_file,players.csv,False
Data/processed/transfermarkt_clean/source_file_manifest.csv,5,source_relative_path,Data/TransferMarkt/players.csv,True
Data/processed/transfermarkt_clean/source_file_manifest.csv,6,source_file,clubs.csv,False
Data/processed/transfermarkt_clean/source_file_manifest.csv,6,source_relative_path,Data/TransferMarkt/clubs.csv,True
Data/processed/transfermarkt_clean/source_file_manifest.csv,7,source_file,transfers.csv,False
Data/processed/transfermarkt_clean/source_file_manifest.csv,7,source_relative_path,Data/TransferMarkt/transfers.csv,True
Data/processed/transfermarkt_clean/source_file_manifest.csv,8,source_file,player_valuations.csv,False
Data/processed/transfermarkt_clean/source_file_manifest.csv,8,source_relative_path,Data/TransferMarkt/player_valuations.csv,True
Data/processed/transfermarkt_clean/source_file_manifest.csv,9,source_file,games.csv,False
Data/processed/transfermarkt_clean/source_file_manifest.csv,9,source_relative_path,Data/TransferMarkt/games.csv,True
Data/processed/transfermarkt_clean/source_file_manifest.csv,10,source_file,club_games.csv,False
Data/processed/transfermarkt_clean/source_file_manifest.csv,10,source_relative_path,Data/TransferMarkt/club_games.csv,True
Data/processed/transfermarkt_clean/source_file_manifest.csv,11,source_file,appearances.csv,False
Data/processed/transfermarkt_clean/source_file_manifest.csv,11,source_relative_path,Data/TransferMarkt/appearances.csv,True
Data/processed/transfermarkt_clean/source_file_manifest.csv,12,source_file,game_lineups.csv,False
Data/processed/transfermarkt_clean/source_file_manifest.csv,12,source_relative_path,Data/TransferMarkt/game_lineups.csv,True
Data/processed/transfermarkt_clean/source_file_manifest.csv,13,source_file,game_events.csv,False
Data/processed/transfermarkt_clean/source_file_manifest.csv,13,source_relative_path,Data/TransferMarkt/game_events.csv,True
