endpoint,origin_id,candidate,feature_count,features,role_method_used
year2_opportunity_share,origin_2020,R0_deployed_reproduction,27,age_at_signing | canonical_position | league | log_market_value_at_signing | pre365_same_club_all_competition_opportunity_share | pre365_same_club_all_competition_appearance_rate | pre365_goals_per90 | pre365_assists_per90 | pre1_canonical_minutes_played | pre1_canonical_goals_per90 | pre1_canonical_assists_per90 | pre2_canonical_minutes_played | pre2_canonical_goals_per90 | pre2_canonical_assists_per90 | pre1_fbref_expected_goals | pre1_fbref_progressive_carries | pre1_fbref_progressive_passes | pre1_fbref_pass_completion_pct | exact_duration_years | age_at_expiration | log_annual_gross_eur | log_fixed_wage_commitment_eur | club_salary_percentile | club_salary_share_known | salary_change_from_prior_pct | annual_wage_to_market_value | commitment_to_market_value,
year2_opportunity_share,origin_2020,R1_remove_scoring,21,age_at_signing | canonical_position | league | log_market_value_at_signing | pre365_same_club_all_competition_opportunity_share | pre365_same_club_all_competition_appearance_rate | pre1_canonical_minutes_played | pre2_canonical_minutes_played | pre1_fbref_expected_goals | pre1_fbref_progressive_carries | pre1_fbref_progressive_passes | pre1_fbref_pass_completion_pct | exact_duration_years | age_at_expiration | log_annual_gross_eur | log_fixed_wage_commitment_eur | club_salary_percentile | club_salary_share_known | salary_change_from_prior_pct | annual_wage_to_market_value | commitment_to_market_value,
year2_opportunity_share,origin_2020,R2_position_relative,27,age_at_signing | canonical_position | league | log_market_value_at_signing | pre365_same_club_all_competition_opportunity_share | pre365_same_club_all_competition_appearance_rate | pre1_canonical_minutes_played | pre2_canonical_minutes_played | pre1_fbref_expected_goals | pre1_fbref_progressive_carries | pre1_fbref_progressive_passes | pre1_fbref_pass_completion_pct | exact_duration_years | age_at_expiration | log_annual_gross_eur | log_fixed_wage_commitment_eur | club_salary_percentile | club_salary_share_known | salary_change_from_prior_pct | annual_wage_to_market_value | commitment_to_market_value | pre365_goals_per90__role_pct | pre365_assists_per90__role_pct | pre1_canonical_goals_per90__role_pct | pre1_canonical_assists_per90__role_pct | pre2_canonical_goals_per90__role_pct | pre2_canonical_assists_per90__role_pct,
year2_opportunity_share,origin_2020,R3_position_interactions,45,age_at_signing | canonical_position | league | log_market_value_at_signing | pre365_same_club_all_competition_opportunity_share | pre365_same_club_all_competition_appearance_rate | pre1_canonical_minutes_played | pre2_canonical_minutes_played | pre1_fbref_expected_goals | pre1_fbref_progressive_carries | pre1_fbref_progressive_passes | pre1_fbref_pass_completion_pct | exact_duration_years | age_at_expiration | log_annual_gross_eur | log_fixed_wage_commitment_eur | club_salary_percentile | club_salary_share_known | salary_change_from_prior_pct | annual_wage_to_market_value | commitment_to_market_value | pre365_goals_per90 | pre365_assists_per90 | pre1_canonical_goals_per90 | pre1_canonical_assists_per90 | pre2_canonical_goals_per90 | pre2_canonical_assists_per90 | pre365_goals_per90__x__Attack | pre365_goals_per90__x__Midfield | pre365_goals_per90__x__Defender | pre365_assists_per90__x__Attack | pre365_assists_per90__x__Midfield | pre365_assists_per90__x__Defender | pre1_canonical_goals_per90__x__Attack | pre1_canonical_goals_per90__x__Midfield | pre1_canonical_goals_per90__x__Defender | pre1_canonical_assists_per90__x__Attack | pre1_canonical_assists_per90__x__Midfield | pre1_canonical_assists_per90__x__Defender | pre2_canonical_goals_per90__x__Attack | pre2_canonical_goals_per90__x__Midfield | pre2_canonical_goals_per90__x__Defender | pre2_canonical_assists_per90__x__Attack | pre2_canonical_assists_per90__x__Midfield | pre2_canonical_assists_per90__x__Defender,
year2_opportunity_share,origin_2020,R4_compact_role_aware,27,age_at_signing | canonical_position | league | log_market_value_at_signing | pre365_same_club_all_competition_opportunity_share | pre365_same_club_all_competition_appearance_rate | pre1_canonical_minutes_played | pre2_canonical_minutes_played | pre1_fbref_expected_goals | pre1_fbref_progressive_carries | pre1_fbref_progressive_passes | pre1_fbref_pass_completion_pct | exact_duration_years | age_at_expiration | log_annual_gross_eur | log_fixed_wage_commitment_eur | club_salary_percentile | club_salary_share_known | salary_change_from_prior_pct | annual_wage_to_market_value | commitment_to_market_value | pre365_goals_per90__role_pct | pre365_assists_per90__role_pct | pre1_canonical_goals_per90__role_pct | pre1_canonical_assists_per90__role_pct | pre2_canonical_goals_per90__role_pct | pre2_canonical_assists_per90__role_pct,percentile
year2_opportunity_share,origin_2021,R0_deployed_reproduction,27,age_at_signing | canonical_position | league | log_market_value_at_signing | pre365_same_club_all_competition_opportunity_share | pre365_same_club_all_competition_appearance_rate | pre365_goals_per90 | pre365_assists_per90 | pre1_canonical_minutes_played | pre1_canonical_goals_per90 | pre1_canonical_assists_per90 | pre2_canonical_minutes_played | pre2_canonical_goals_per90 | pre2_canonical_assists_per90 | pre1_fbref_expected_goals | pre1_fbref_progressive_carries | pre1_fbref_progressive_passes | pre1_fbref_pass_completion_pct | exact_duration_years | age_at_expiration | log_annual_gross_eur | log_fixed_wage_commitment_eur | club_salary_percentile | club_salary_share_known | salary_change_from_prior_pct | annual_wage_to_market_value | commitment_to_market_value,
year2_opportunity_share,origin_2021,R1_remove_scoring,21,age_at_signing | canonical_position | league | log_market_value_at_signing | pre365_same_club_all_competition_opportunity_share | pre365_same_club_all_competition_appearance_rate | pre1_canonical_minutes_played | pre2_canonical_minutes_played | pre1_fbref_expected_goals | pre1_fbref_progressive_carries | pre1_fbref_progressive_passes | pre1_fbref_pass_completion_pct | exact_duration_years | age_at_expiration | log_annual_gross_eur | log_fixed_wage_commitment_eur | club_salary_percentile | club_salary_share_known | salary_change_from_prior_pct | annual_wage_to_market_value | commitment_to_market_value,
year2_opportunity_share,origin_2021,R2_position_relative,27,age_at_signing | canonical_position | league | log_market_value_at_signing | pre365_same_club_all_competition_opportunity_share | pre365_same_club_all_competition_appearance_rate | pre1_canonical_minutes_played | pre2_canonical_minutes_played | pre1_fbref_expected_goals | pre1_fbref_progressive_carries | pre1_fbref_progressive_passes | pre1_fbref_pass_completion_pct | exact_duration_years | age_at_expiration | log_annual_gross_eur | log_fixed_wage_commitment_eur | club_salary_percentile | club_salary_share_known | salary_change_from_prior_pct | annual_wage_to_market_value | commitment_to_market_value | pre365_goals_per90__role_pct | pre365_assists_per90__role_pct | pre1_canonical_goals_per90__role_pct | pre1_canonical_assists_per90__role_pct | pre2_canonical_goals_per90__role_pct | pre2_canonical_assists_per90__role_pct,
year2_opportunity_share,origin_2021,R3_position_interactions,45,age_at_signing | canonical_position | league | log_market_value_at_signing | pre365_same_club_all_competition_opportunity_share | pre365_same_club_all_competition_appearance_rate | pre1_canonical_minutes_played | pre2_canonical_minutes_played | pre1_fbref_expected_goals | pre1_fbref_progressive_carries | pre1_fbref_progressive_passes | pre1_fbref_pass_completion_pct | exact_duration_years | age_at_expiration | log_annual_gross_eur | log_fixed_wage_commitment_eur | club_salary_percentile | club_salary_share_known | salary_change_from_prior_pct | annual_wage_to_market_value | commitment_to_market_value | pre365_goals_per90 | pre365_assists_per90 | pre1_canonical_goals_per90 | pre1_canonical_assists_per90 | pre2_canonical_goals_per90 | pre2_canonical_assists_per90 | pre365_goals_per90__x__Attack | pre365_goals_per90__x__Midfield | pre365_goals_per90__x__Defender | pre365_assists_per90__x__Attack | pre365_assists_per90__x__Midfield | pre365_assists_per90__x__Defender | pre1_canonical_goals_per90__x__Attack | pre1_canonical_goals_per90__x__Midfield | pre1_canonical_goals_per90__x__Defender | pre1_canonical_assists_per90__x__Attack | pre1_canonical_assists_per90__x__Midfield | pre1_canonical_assists_per90__x__Defender | pre2_canonical_goals_per90__x__Attack | pre2_canonical_goals_per90__x__Midfield | pre2_canonical_goals_per90__x__Defender | pre2_canonical_assists_per90__x__Attack | pre2_canonical_assists_per90__x__Midfield | pre2_canonical_assists_per90__x__Defender,
year2_opportunity_share,origin_2021,R4_compact_role_aware,27,age_at_signing | canonical_position | league | log_market_value_at_signing | pre365_same_club_all_competition_opportunity_share | pre365_same_club_all_competition_appearance_rate | pre1_canonical_minutes_played | pre2_canonical_minutes_played | pre1_fbref_expected_goals | pre1_fbref_progressive_carries | pre1_fbref_progressive_passes | pre1_fbref_pass_completion_pct | exact_duration_years | age_at_expiration | log_annual_gross_eur | log_fixed_wage_commitment_eur | club_salary_percentile | club_salary_share_known | salary_change_from_prior_pct | annual_wage_to_market_value | commitment_to_market_value | pre365_goals_per90__role_pct | pre365_assists_per90__role_pct | pre1_canonical_goals_per90__role_pct | pre1_canonical_assists_per90__role_pct | pre2_canonical_goals_per90__role_pct | pre2_canonical_assists_per90__role_pct,percentile
year2_opportunity_share,origin_2022,R0_deployed_reproduction,27,age_at_signing | canonical_position | league | log_market_value_at_signing | pre365_same_club_all_competition_opportunity_share | pre365_same_club_all_competition_appearance_rate | pre365_goals_per90 | pre365_assists_per90 | pre1_canonical_minutes_played | pre1_canonical_goals_per90 | pre1_canonical_assists_per90 | pre2_canonical_minutes_played | pre2_canonical_goals_per90 | pre2_canonical_assists_per90 | pre1_fbref_expected_goals | pre1_fbref_progressive_carries | pre1_fbref_progressive_passes | pre1_fbref_pass_completion_pct | exact_duration_years | age_at_expiration | log_annual_gross_eur | log_fixed_wage_commitment_eur | club_salary_percentile | club_salary_share_known | salary_change_from_prior_pct | annual_wage_to_market_value | commitment_to_market_value,
year2_opportunity_share,origin_2022,R1_remove_scoring,21,age_at_signing | canonical_position | league | log_market_value_at_signing | pre365_same_club_all_competition_opportunity_share | pre365_same_club_all_competition_appearance_rate | pre1_canonical_minutes_played | pre2_canonical_minutes_played | pre1_fbref_expected_goals | pre1_fbref_progressive_carries | pre1_fbref_progressive_passes | pre1_fbref_pass_completion_pct | exact_duration_years | age_at_expiration | log_annual_gross_eur | log_fixed_wage_commitment_eur | club_salary_percentile | club_salary_share_known | salary_change_from_prior_pct | annual_wage_to_market_value | commitment_to_market_value,
year2_opportunity_share,origin_2022,R2_position_relative,27,age_at_signing | canonical_position | league | log_market_value_at_signing | pre365_same_club_all_competition_opportunity_share | pre365_same_club_all_competition_appearance_rate | pre1_canonical_minutes_played | pre2_canonical_minutes_played | pre1_fbref_expected_goals | pre1_fbref_progressive_carries | pre1_fbref_progressive_passes | pre1_fbref_pass_completion_pct | exact_duration_years | age_at_expiration | log_annual_gross_eur | log_fixed_wage_commitment_eur | club_salary_percentile | club_salary_share_known | salary_change_from_prior_pct | annual_wage_to_market_value | commitment_to_market_value | pre365_goals_per90__role_pct | pre365_assists_per90__role_pct | pre1_canonical_goals_per90__role_pct | pre1_canonical_assists_per90__role_pct | pre2_canonical_goals_per90__role_pct | pre2_canonical_assists_per90__role_pct,
year2_opportunity_share,origin_2022,R3_position_interactions,45,age_at_signing | canonical_position | league | log_market_value_at_signing | pre365_same_club_all_competition_opportunity_share | pre365_same_club_all_competition_appearance_rate | pre1_canonical_minutes_played | pre2_canonical_minutes_played | pre1_fbref_expected_goals | pre1_fbref_progressive_carries | pre1_fbref_progressive_passes | pre1_fbref_pass_completion_pct | exact_duration_years | age_at_expiration | log_annual_gross_eur | log_fixed_wage_commitment_eur | club_salary_percentile | club_salary_share_known | salary_change_from_prior_pct | annual_wage_to_market_value | commitment_to_market_value | pre365_goals_per90 | pre365_assists_per90 | pre1_canonical_goals_per90 | pre1_canonical_assists_per90 | pre2_canonical_goals_per90 | pre2_canonical_assists_per90 | pre365_goals_per90__x__Attack | pre365_goals_per90__x__Midfield | pre365_goals_per90__x__Defender | pre365_assists_per90__x__Attack | pre365_assists_per90__x__Midfield | pre365_assists_per90__x__Defender | pre1_canonical_goals_per90__x__Attack | pre1_canonical_goals_per90__x__Midfield | pre1_canonical_goals_per90__x__Defender | pre1_canonical_assists_per90__x__Attack | pre1_canonical_assists_per90__x__Midfield | pre1_canonical_assists_per90__x__Defender | pre2_canonical_goals_per90__x__Attack | pre2_canonical_goals_per90__x__Midfield | pre2_canonical_goals_per90__x__Defender | pre2_canonical_assists_per90__x__Attack | pre2_canonical_assists_per90__x__Midfield | pre2_canonical_assists_per90__x__Defender,
year2_opportunity_share,origin_2022,R4_compact_role_aware,27,age_at_signing | canonical_position | league | log_market_value_at_signing | pre365_same_club_all_competition_opportunity_share | pre365_same_club_all_competition_appearance_rate | pre1_canonical_minutes_played | pre2_canonical_minutes_played | pre1_fbref_expected_goals | pre1_fbref_progressive_carries | pre1_fbref_progressive_passes | pre1_fbref_pass_completion_pct | exact_duration_years | age_at_expiration | log_annual_gross_eur | log_fixed_wage_commitment_eur | club_salary_percentile | club_salary_share_known | salary_change_from_prior_pct | annual_wage_to_market_value | commitment_to_market_value | pre365_goals_per90__role_pct | pre365_assists_per90__role_pct | pre1_canonical_goals_per90__role_pct | pre1_canonical_assists_per90__role_pct | pre2_canonical_goals_per90__role_pct | pre2_canonical_assists_per90__role_pct,percentile
year2_opportunity_share,origin_2023,R0_deployed_reproduction,27,age_at_signing | canonical_position | league | log_market_value_at_signing | pre365_same_club_all_competition_opportunity_share | pre365_same_club_all_competition_appearance_rate | pre365_goals_per90 | pre365_assists_per90 | pre1_canonical_minutes_played | pre1_canonical_goals_per90 | pre1_canonical_assists_per90 | pre2_canonical_minutes_played | pre2_canonical_goals_per90 | pre2_canonical_assists_per90 | pre1_fbref_expected_goals | pre1_fbref_progressive_carries | pre1_fbref_progressive_passes | pre1_fbref_pass_completion_pct | exact_duration_years | age_at_expiration | log_annual_gross_eur | log_fixed_wage_commitment_eur | club_salary_percentile | club_salary_share_known | salary_change_from_prior_pct | annual_wage_to_market_value | commitment_to_market_value,
year2_opportunity_share,origin_2023,R1_remove_scoring,21,age_at_signing | canonical_position | league | log_market_value_at_signing | pre365_same_club_all_competition_opportunity_share | pre365_same_club_all_competition_appearance_rate | pre1_canonical_minutes_played | pre2_canonical_minutes_played | pre1_fbref_expected_goals | pre1_fbref_progressive_carries | pre1_fbref_progressive_passes | pre1_fbref_pass_completion_pct | exact_duration_years | age_at_expiration | log_annual_gross_eur | log_fixed_wage_commitment_eur | club_salary_percentile | club_salary_share_known | salary_change_from_prior_pct | annual_wage_to_market_value | commitment_to_market_value,
year2_opportunity_share,origin_2023,R2_position_relative,27,age_at_signing | canonical_position | league | log_market_value_at_signing | pre365_same_club_all_competition_opportunity_share | pre365_same_club_all_competition_appearance_rate | pre1_canonical_minutes_played | pre2_canonical_minutes_played | pre1_fbref_expected_goals | pre1_fbref_progressive_carries | pre1_fbref_progressive_passes | pre1_fbref_pass_completion_pct | exact_duration_years | age_at_expiration | log_annual_gross_eur | log_fixed_wage_commitment_eur | club_salary_percentile | club_salary_share_known | salary_change_from_prior_pct | annual_wage_to_market_value | commitment_to_market_value | pre365_goals_per90__role_pct | pre365_assists_per90__role_pct | pre1_canonical_goals_per90__role_pct | pre1_canonical_assists_per90__role_pct | pre2_canonical_goals_per90__role_pct | pre2_canonical_assists_per90__role_pct,
year2_opportunity_share,origin_2023,R3_position_interactions,45,age_at_signing | canonical_position | league | log_market_value_at_signing | pre365_same_club_all_competition_opportunity_share | pre365_same_club_all_competition_appearance_rate | pre1_canonical_minutes_played | pre2_canonical_minutes_played | pre1_fbref_expected_goals | pre1_fbref_progressive_carries | pre1_fbref_progressive_passes | pre1_fbref_pass_completion_pct | exact_duration_years | age_at_expiration | log_annual_gross_eur | log_fixed_wage_commitment_eur | club_salary_percentile | club_salary_share_known | salary_change_from_prior_pct | annual_wage_to_market_value | commitment_to_market_value | pre365_goals_per90 | pre365_assists_per90 | pre1_canonical_goals_per90 | pre1_canonical_assists_per90 | pre2_canonical_goals_per90 | pre2_canonical_assists_per90 | pre365_goals_per90__x__Attack | pre365_goals_per90__x__Midfield | pre365_goals_per90__x__Defender | pre365_assists_per90__x__Attack | pre365_assists_per90__x__Midfield | pre365_assists_per90__x__Defender | pre1_canonical_goals_per90__x__Attack | pre1_canonical_goals_per90__x__Midfield | pre1_canonical_goals_per90__x__Defender | pre1_canonical_assists_per90__x__Attack | pre1_canonical_assists_per90__x__Midfield | pre1_canonical_assists_per90__x__Defender | pre2_canonical_goals_per90__x__Attack | pre2_canonical_goals_per90__x__Midfield | pre2_canonical_goals_per90__x__Defender | pre2_canonical_assists_per90__x__Attack | pre2_canonical_assists_per90__x__Midfield | pre2_canonical_assists_per90__x__Defender,
year2_opportunity_share,origin_2023,R4_compact_role_aware,27,age_at_signing | canonical_position | league | log_market_value_at_signing | pre365_same_club_all_competition_opportunity_share | pre365_same_club_all_competition_appearance_rate | pre1_canonical_minutes_played | pre2_canonical_minutes_played | pre1_fbref_expected_goals | pre1_fbref_progressive_carries | pre1_fbref_progressive_passes | pre1_fbref_pass_completion_pct | exact_duration_years | age_at_expiration | log_annual_gross_eur | log_fixed_wage_commitment_eur | club_salary_percentile | club_salary_share_known | salary_change_from_prior_pct | annual_wage_to_market_value | commitment_to_market_value | pre365_goals_per90__role_pct | pre365_assists_per90__role_pct | pre1_canonical_goals_per90__role_pct | pre1_canonical_assists_per90__role_pct | pre2_canonical_goals_per90__role_pct | pre2_canonical_assists_per90__role_pct,percentile
any_outbound,origin_2020,R0_deployed_reproduction,27,age_at_signing | canonical_position | league | log_market_value_at_signing | pre365_same_club_all_competition_opportunity_share | pre365_same_club_all_competition_appearance_rate | pre365_goals_per90 | pre365_assists_per90 | pre1_canonical_minutes_played | pre1_canonical_goals_per90 | pre1_canonical_assists_per90 | pre2_canonical_minutes_played | pre2_canonical_goals_per90 | pre2_canonical_assists_per90 | pre1_fbref_expected_goals | pre1_fbref_progressive_carries | pre1_fbref_progressive_passes | pre1_fbref_pass_completion_pct | exact_duration_years | age_at_expiration | log_annual_gross_eur | log_fixed_wage_commitment_eur | club_salary_percentile | club_salary_share_known | salary_change_from_prior_pct | annual_wage_to_market_value | commitment_to_market_value,
any_outbound,origin_2020,R1_remove_scoring,21,age_at_signing | canonical_position | league | log_market_value_at_signing | pre365_same_club_all_competition_opportunity_share | pre365_same_club_all_competition_appearance_rate | pre1_canonical_minutes_played | pre2_canonical_minutes_played | pre1_fbref_expected_goals | pre1_fbref_progressive_carries | pre1_fbref_progressive_passes | pre1_fbref_pass_completion_pct | exact_duration_years | age_at_expiration | log_annual_gross_eur | log_fixed_wage_commitment_eur | club_salary_percentile | club_salary_share_known | salary_change_from_prior_pct | annual_wage_to_market_value | commitment_to_market_value,
any_outbound,origin_2020,R2_position_relative,27,age_at_signing | canonical_position | league | log_market_value_at_signing | pre365_same_club_all_competition_opportunity_share | pre365_same_club_all_competition_appearance_rate | pre1_canonical_minutes_played | pre2_canonical_minutes_played | pre1_fbref_expected_goals | pre1_fbref_progressive_carries | pre1_fbref_progressive_passes | pre1_fbref_pass_completion_pct | exact_duration_years | age_at_expiration | log_annual_gross_eur | log_fixed_wage_commitment_eur | club_salary_percentile | club_salary_share_known | salary_change_from_prior_pct | annual_wage_to_market_value | commitment_to_market_value | pre365_goals_per90__role_pct | pre365_assists_per90__role_pct | pre1_canonical_goals_per90__role_pct | pre1_canonical_assists_per90__role_pct | pre2_canonical_goals_per90__role_pct | pre2_canonical_assists_per90__role_pct,
any_outbound,origin_2020,R3_position_interactions,45,age_at_signing | canonical_position | league | log_market_value_at_signing | pre365_same_club_all_competition_opportunity_share | pre365_same_club_all_competition_appearance_rate | pre1_canonical_minutes_played | pre2_canonical_minutes_played | pre1_fbref_expected_goals | pre1_fbref_progressive_carries | pre1_fbref_progressive_passes | pre1_fbref_pass_completion_pct | exact_duration_years | age_at_expiration | log_annual_gross_eur | log_fixed_wage_commitment_eur | club_salary_percentile | club_salary_share_known | salary_change_from_prior_pct | annual_wage_to_market_value | commitment_to_market_value | pre365_goals_per90 | pre365_assists_per90 | pre1_canonical_goals_per90 | pre1_canonical_assists_per90 | pre2_canonical_goals_per90 | pre2_canonical_assists_per90 | pre365_goals_per90__x__Attack | pre365_goals_per90__x__Midfield | pre365_goals_per90__x__Defender | pre365_assists_per90__x__Attack | pre365_assists_per90__x__Midfield | pre365_assists_per90__x__Defender | pre1_canonical_goals_per90__x__Attack | pre1_canonical_goals_per90__x__Midfield | pre1_canonical_goals_per90__x__Defender | pre1_canonical_assists_per90__x__Attack | pre1_canonical_assists_per90__x__Midfield | pre1_canonical_assists_per90__x__Defender | pre2_canonical_goals_per90__x__Attack | pre2_canonical_goals_per90__x__Midfield | pre2_canonical_goals_per90__x__Defender | pre2_canonical_assists_per90__x__Attack | pre2_canonical_assists_per90__x__Midfield | pre2_canonical_assists_per90__x__Defender,
any_outbound,origin_2020,R4_compact_role_aware,27,age_at_signing | canonical_position | league | log_market_value_at_signing | pre365_same_club_all_competition_opportunity_share | pre365_same_club_all_competition_appearance_rate | pre1_canonical_minutes_played | pre2_canonical_minutes_played | pre1_fbref_expected_goals | pre1_fbref_progressive_carries | pre1_fbref_progressive_passes | pre1_fbref_pass_completion_pct | exact_duration_years | age_at_expiration | log_annual_gross_eur | log_fixed_wage_commitment_eur | club_salary_percentile | club_salary_share_known | salary_change_from_prior_pct | annual_wage_to_market_value | commitment_to_market_value | pre365_goals_per90__role_pct | pre365_assists_per90__role_pct | pre1_canonical_goals_per90__role_pct | pre1_canonical_assists_per90__role_pct | pre2_canonical_goals_per90__role_pct | pre2_canonical_assists_per90__role_pct,percentile
any_outbound,origin_2021,R0_deployed_reproduction,27,age_at_signing | canonical_position | league | log_market_value_at_signing | pre365_same_club_all_competition_opportunity_share | pre365_same_club_all_competition_appearance_rate | pre365_goals_per90 | pre365_assists_per90 | pre1_canonical_minutes_played | pre1_canonical_goals_per90 | pre1_canonical_assists_per90 | pre2_canonical_minutes_played | pre2_canonical_goals_per90 | pre2_canonical_assists_per90 | pre1_fbref_expected_goals | pre1_fbref_progressive_carries | pre1_fbref_progressive_passes | pre1_fbref_pass_completion_pct | exact_duration_years | age_at_expiration | log_annual_gross_eur | log_fixed_wage_commitment_eur | club_salary_percentile | club_salary_share_known | salary_change_from_prior_pct | annual_wage_to_market_value | commitment_to_market_value,
any_outbound,origin_2021,R1_remove_scoring,21,age_at_signing | canonical_position | league | log_market_value_at_signing | pre365_same_club_all_competition_opportunity_share | pre365_same_club_all_competition_appearance_rate | pre1_canonical_minutes_played | pre2_canonical_minutes_played | pre1_fbref_expected_goals | pre1_fbref_progressive_carries | pre1_fbref_progressive_passes | pre1_fbref_pass_completion_pct | exact_duration_years | age_at_expiration | log_annual_gross_eur | log_fixed_wage_commitment_eur | club_salary_percentile | club_salary_share_known | salary_change_from_prior_pct | annual_wage_to_market_value | commitment_to_market_value,
any_outbound,origin_2021,R2_position_relative,27,age_at_signing | canonical_position | league | log_market_value_at_signing | pre365_same_club_all_competition_opportunity_share | pre365_same_club_all_competition_appearance_rate | pre1_canonical_minutes_played | pre2_canonical_minutes_played | pre1_fbref_expected_goals | pre1_fbref_progressive_carries | pre1_fbref_progressive_passes | pre1_fbref_pass_completion_pct | exact_duration_years | age_at_expiration | log_annual_gross_eur | log_fixed_wage_commitment_eur | club_salary_percentile | club_salary_share_known | salary_change_from_prior_pct | annual_wage_to_market_value | commitment_to_market_value | pre365_goals_per90__role_pct | pre365_assists_per90__role_pct | pre1_canonical_goals_per90__role_pct | pre1_canonical_assists_per90__role_pct | pre2_canonical_goals_per90__role_pct | pre2_canonical_assists_per90__role_pct,
any_outbound,origin_2021,R3_position_interactions,45,age_at_signing | canonical_position | league | log_market_value_at_signing | pre365_same_club_all_competition_opportunity_share | pre365_same_club_all_competition_appearance_rate | pre1_canonical_minutes_played | pre2_canonical_minutes_played | pre1_fbref_expected_goals | pre1_fbref_progressive_carries | pre1_fbref_progressive_passes | pre1_fbref_pass_completion_pct | exact_duration_years | age_at_expiration | log_annual_gross_eur | log_fixed_wage_commitment_eur | club_salary_percentile | club_salary_share_known | salary_change_from_prior_pct | annual_wage_to_market_value | commitment_to_market_value | pre365_goals_per90 | pre365_assists_per90 | pre1_canonical_goals_per90 | pre1_canonical_assists_per90 | pre2_canonical_goals_per90 | pre2_canonical_assists_per90 | pre365_goals_per90__x__Attack | pre365_goals_per90__x__Midfield | pre365_goals_per90__x__Defender | pre365_assists_per90__x__Attack | pre365_assists_per90__x__Midfield | pre365_assists_per90__x__Defender | pre1_canonical_goals_per90__x__Attack | pre1_canonical_goals_per90__x__Midfield | pre1_canonical_goals_per90__x__Defender | pre1_canonical_assists_per90__x__Attack | pre1_canonical_assists_per90__x__Midfield | pre1_canonical_assists_per90__x__Defender | pre2_canonical_goals_per90__x__Attack | pre2_canonical_goals_per90__x__Midfield | pre2_canonical_goals_per90__x__Defender | pre2_canonical_assists_per90__x__Attack | pre2_canonical_assists_per90__x__Midfield | pre2_canonical_assists_per90__x__Defender,
any_outbound,origin_2021,R4_compact_role_aware,27,age_at_signing | canonical_position | league | log_market_value_at_signing | pre365_same_club_all_competition_opportunity_share | pre365_same_club_all_competition_appearance_rate | pre1_canonical_minutes_played | pre2_canonical_minutes_played | pre1_fbref_expected_goals | pre1_fbref_progressive_carries | pre1_fbref_progressive_passes | pre1_fbref_pass_completion_pct | exact_duration_years | age_at_expiration | log_annual_gross_eur | log_fixed_wage_commitment_eur | club_salary_percentile | club_salary_share_known | salary_change_from_prior_pct | annual_wage_to_market_value | commitment_to_market_value | pre365_goals_per90__role_pct | pre365_assists_per90__role_pct | pre1_canonical_goals_per90__role_pct | pre1_canonical_assists_per90__role_pct | pre2_canonical_goals_per90__role_pct | pre2_canonical_assists_per90__role_pct,percentile
any_outbound,origin_2022,R0_deployed_reproduction,27,age_at_signing | canonical_position | league | log_market_value_at_signing | pre365_same_club_all_competition_opportunity_share | pre365_same_club_all_competition_appearance_rate | pre365_goals_per90 | pre365_assists_per90 | pre1_canonical_minutes_played | pre1_canonical_goals_per90 | pre1_canonical_assists_per90 | pre2_canonical_minutes_played | pre2_canonical_goals_per90 | pre2_canonical_assists_per90 | pre1_fbref_expected_goals | pre1_fbref_progressive_carries | pre1_fbref_progressive_passes | pre1_fbref_pass_completion_pct | exact_duration_years | age_at_expiration | log_annual_gross_eur | log_fixed_wage_commitment_eur | club_salary_percentile | club_salary_share_known | salary_change_from_prior_pct | annual_wage_to_market_value | commitment_to_market_value,
any_outbound,origin_2022,R1_remove_scoring,21,age_at_signing | canonical_position | league | log_market_value_at_signing | pre365_same_club_all_competition_opportunity_share | pre365_same_club_all_competition_appearance_rate | pre1_canonical_minutes_played | pre2_canonical_minutes_played | pre1_fbref_expected_goals | pre1_fbref_progressive_carries | pre1_fbref_progressive_passes | pre1_fbref_pass_completion_pct | exact_duration_years | age_at_expiration | log_annual_gross_eur | log_fixed_wage_commitment_eur | club_salary_percentile | club_salary_share_known | salary_change_from_prior_pct | annual_wage_to_market_value | commitment_to_market_value,
any_outbound,origin_2022,R2_position_relative,27,age_at_signing | canonical_position | league | log_market_value_at_signing | pre365_same_club_all_competition_opportunity_share | pre365_same_club_all_competition_appearance_rate | pre1_canonical_minutes_played | pre2_canonical_minutes_played | pre1_fbref_expected_goals | pre1_fbref_progressive_carries | pre1_fbref_progressive_passes | pre1_fbref_pass_completion_pct | exact_duration_years | age_at_expiration | log_annual_gross_eur | log_fixed_wage_commitment_eur | club_salary_percentile | club_salary_share_known | salary_change_from_prior_pct | annual_wage_to_market_value | commitment_to_market_value | pre365_goals_per90__role_z | pre365_assists_per90__role_z | pre1_canonical_goals_per90__role_z | pre1_canonical_assists_per90__role_z | pre2_canonical_goals_per90__role_z | pre2_canonical_assists_per90__role_z,
any_outbound,origin_2022,R3_position_interactions,45,age_at_signing | canonical_position | league | log_market_value_at_signing | pre365_same_club_all_competition_opportunity_share | pre365_same_club_all_competition_appearance_rate | pre1_canonical_minutes_played | pre2_canonical_minutes_played | pre1_fbref_expected_goals | pre1_fbref_progressive_carries | pre1_fbref_progressive_passes | pre1_fbref_pass_completion_pct | exact_duration_years | age_at_expiration | log_annual_gross_eur | log_fixed_wage_commitment_eur | club_salary_percentile | club_salary_share_known | salary_change_from_prior_pct | annual_wage_to_market_value | commitment_to_market_value | pre365_goals_per90 | pre365_assists_per90 | pre1_canonical_goals_per90 | pre1_canonical_assists_per90 | pre2_canonical_goals_per90 | pre2_canonical_assists_per90 | pre365_goals_per90__x__Attack | pre365_goals_per90__x__Midfield | pre365_goals_per90__x__Defender | pre365_assists_per90__x__Attack | pre365_assists_per90__x__Midfield | pre365_assists_per90__x__Defender | pre1_canonical_goals_per90__x__Attack | pre1_canonical_goals_per90__x__Midfield | pre1_canonical_goals_per90__x__Defender | pre1_canonical_assists_per90__x__Attack | pre1_canonical_assists_per90__x__Midfield | pre1_canonical_assists_per90__x__Defender | pre2_canonical_goals_per90__x__Attack | pre2_canonical_goals_per90__x__Midfield | pre2_canonical_goals_per90__x__Defender | pre2_canonical_assists_per90__x__Attack | pre2_canonical_assists_per90__x__Midfield | pre2_canonical_assists_per90__x__Defender,
any_outbound,origin_2022,R4_compact_role_aware,27,age_at_signing | canonical_position | league | log_market_value_at_signing | pre365_same_club_all_competition_opportunity_share | pre365_same_club_all_competition_appearance_rate | pre1_canonical_minutes_played | pre2_canonical_minutes_played | pre1_fbref_expected_goals | pre1_fbref_progressive_carries | pre1_fbref_progressive_passes | pre1_fbref_pass_completion_pct | exact_duration_years | age_at_expiration | log_annual_gross_eur | log_fixed_wage_commitment_eur | club_salary_percentile | club_salary_share_known | salary_change_from_prior_pct | annual_wage_to_market_value | commitment_to_market_value | pre365_goals_per90__role_z | pre365_assists_per90__role_z | pre1_canonical_goals_per90__role_z | pre1_canonical_assists_per90__role_z | pre2_canonical_goals_per90__role_z | pre2_canonical_assists_per90__role_z,zscore
any_outbound,origin_2023,R0_deployed_reproduction,27,age_at_signing | canonical_position | league | log_market_value_at_signing | pre365_same_club_all_competition_opportunity_share | pre365_same_club_all_competition_appearance_rate | pre365_goals_per90 | pre365_assists_per90 | pre1_canonical_minutes_played | pre1_canonical_goals_per90 | pre1_canonical_assists_per90 | pre2_canonical_minutes_played | pre2_canonical_goals_per90 | pre2_canonical_assists_per90 | pre1_fbref_expected_goals | pre1_fbref_progressive_carries | pre1_fbref_progressive_passes | pre1_fbref_pass_completion_pct | exact_duration_years | age_at_expiration | log_annual_gross_eur | log_fixed_wage_commitment_eur | club_salary_percentile | club_salary_share_known | salary_change_from_prior_pct | annual_wage_to_market_value | commitment_to_market_value,
any_outbound,origin_2023,R1_remove_scoring,21,age_at_signing | canonical_position | league | log_market_value_at_signing | pre365_same_club_all_competition_opportunity_share | pre365_same_club_all_competition_appearance_rate | pre1_canonical_minutes_played | pre2_canonical_minutes_played | pre1_fbref_expected_goals | pre1_fbref_progressive_carries | pre1_fbref_progressive_passes | pre1_fbref_pass_completion_pct | exact_duration_years | age_at_expiration | log_annual_gross_eur | log_fixed_wage_commitment_eur | club_salary_percentile | club_salary_share_known | salary_change_from_prior_pct | annual_wage_to_market_value | commitment_to_market_value,
any_outbound,origin_2023,R2_position_relative,27,age_at_signing | canonical_position | league | log_market_value_at_signing | pre365_same_club_all_competition_opportunity_share | pre365_same_club_all_competition_appearance_rate | pre1_canonical_minutes_played | pre2_canonical_minutes_played | pre1_fbref_expected_goals | pre1_fbref_progressive_carries | pre1_fbref_progressive_passes | pre1_fbref_pass_completion_pct | exact_duration_years | age_at_expiration | log_annual_gross_eur | log_fixed_wage_commitment_eur | club_salary_percentile | club_salary_share_known | salary_change_from_prior_pct | annual_wage_to_market_value | commitment_to_market_value | pre365_goals_per90__role_z | pre365_assists_per90__role_z | pre1_canonical_goals_per90__role_z | pre1_canonical_assists_per90__role_z | pre2_canonical_goals_per90__role_z | pre2_canonical_assists_per90__role_z,
any_outbound,origin_2023,R3_position_interactions,45,age_at_signing | canonical_position | league | log_market_value_at_signing | pre365_same_club_all_competition_opportunity_share | pre365_same_club_all_competition_appearance_rate | pre1_canonical_minutes_played | pre2_canonical_minutes_played | pre1_fbref_expected_goals | pre1_fbref_progressive_carries | pre1_fbref_progressive_passes | pre1_fbref_pass_completion_pct | exact_duration_years | age_at_expiration | log_annual_gross_eur | log_fixed_wage_commitment_eur | club_salary_percentile | club_salary_share_known | salary_change_from_prior_pct | annual_wage_to_market_value | commitment_to_market_value | pre365_goals_per90 | pre365_assists_per90 | pre1_canonical_goals_per90 | pre1_canonical_assists_per90 | pre2_canonical_goals_per90 | pre2_canonical_assists_per90 | pre365_goals_per90__x__Attack | pre365_goals_per90__x__Midfield | pre365_goals_per90__x__Defender | pre365_assists_per90__x__Attack | pre365_assists_per90__x__Midfield | pre365_assists_per90__x__Defender | pre1_canonical_goals_per90__x__Attack | pre1_canonical_goals_per90__x__Midfield | pre1_canonical_goals_per90__x__Defender | pre1_canonical_assists_per90__x__Attack | pre1_canonical_assists_per90__x__Midfield | pre1_canonical_assists_per90__x__Defender | pre2_canonical_goals_per90__x__Attack | pre2_canonical_goals_per90__x__Midfield | pre2_canonical_goals_per90__x__Defender | pre2_canonical_assists_per90__x__Attack | pre2_canonical_assists_per90__x__Midfield | pre2_canonical_assists_per90__x__Defender,
any_outbound,origin_2023,R4_compact_role_aware,27,age_at_signing | canonical_position | league | log_market_value_at_signing | pre365_same_club_all_competition_opportunity_share | pre365_same_club_all_competition_appearance_rate | pre1_canonical_minutes_played | pre2_canonical_minutes_played | pre1_fbref_expected_goals | pre1_fbref_progressive_carries | pre1_fbref_progressive_passes | pre1_fbref_pass_completion_pct | exact_duration_years | age_at_expiration | log_annual_gross_eur | log_fixed_wage_commitment_eur | club_salary_percentile | club_salary_share_known | salary_change_from_prior_pct | annual_wage_to_market_value | commitment_to_market_value | pre365_goals_per90__role_z | pre365_assists_per90__role_z | pre1_canonical_goals_per90__role_z | pre1_canonical_assists_per90__role_z | pre2_canonical_goals_per90__role_z | pre2_canonical_assists_per90__role_z,zscore
permanent_outbound,origin_2020,R0_deployed_reproduction,27,age_at_signing | canonical_position | league | log_market_value_at_signing | pre365_same_club_all_competition_opportunity_share | pre365_same_club_all_competition_appearance_rate | pre365_goals_per90 | pre365_assists_per90 | pre1_canonical_minutes_played | pre1_canonical_goals_per90 | pre1_canonical_assists_per90 | pre2_canonical_minutes_played | pre2_canonical_goals_per90 | pre2_canonical_assists_per90 | pre1_fbref_expected_goals | pre1_fbref_progressive_carries | pre1_fbref_progressive_passes | pre1_fbref_pass_completion_pct | exact_duration_years | age_at_expiration | log_annual_gross_eur | log_fixed_wage_commitment_eur | club_salary_percentile | club_salary_share_known | salary_change_from_prior_pct | annual_wage_to_market_value | commitment_to_market_value,
permanent_outbound,origin_2020,R1_remove_scoring,21,age_at_signing | canonical_position | league | log_market_value_at_signing | pre365_same_club_all_competition_opportunity_share | pre365_same_club_all_competition_appearance_rate | pre1_canonical_minutes_played | pre2_canonical_minutes_played | pre1_fbref_expected_goals | pre1_fbref_progressive_carries | pre1_fbref_progressive_passes | pre1_fbref_pass_completion_pct | exact_duration_years | age_at_expiration | log_annual_gross_eur | log_fixed_wage_commitment_eur | club_salary_percentile | club_salary_share_known | salary_change_from_prior_pct | annual_wage_to_market_value | commitment_to_market_value,
permanent_outbound,origin_2020,R2_position_relative,27,age_at_signing | canonical_position | league | log_market_value_at_signing | pre365_same_club_all_competition_opportunity_share | pre365_same_club_all_competition_appearance_rate | pre1_canonical_minutes_played | pre2_canonical_minutes_played | pre1_fbref_expected_goals | pre1_fbref_progressive_carries | pre1_fbref_progressive_passes | pre1_fbref_pass_completion_pct | exact_duration_years | age_at_expiration | log_annual_gross_eur | log_fixed_wage_commitment_eur | club_salary_percentile | club_salary_share_known | salary_change_from_prior_pct | annual_wage_to_market_value | commitment_to_market_value | pre365_goals_per90__role_pct | pre365_assists_per90__role_pct | pre1_canonical_goals_per90__role_pct | pre1_canonical_assists_per90__role_pct | pre2_canonical_goals_per90__role_pct | pre2_canonical_assists_per90__role_pct,
permanent_outbound,origin_2020,R3_position_interactions,45,age_at_signing | canonical_position | league | log_market_value_at_signing | pre365_same_club_all_competition_opportunity_share | pre365_same_club_all_competition_appearance_rate | pre1_canonical_minutes_played | pre2_canonical_minutes_played | pre1_fbref_expected_goals | pre1_fbref_progressive_carries | pre1_fbref_progressive_passes | pre1_fbref_pass_completion_pct | exact_duration_years | age_at_expiration | log_annual_gross_eur | log_fixed_wage_commitment_eur | club_salary_percentile | club_salary_share_known | salary_change_from_prior_pct | annual_wage_to_market_value | commitment_to_market_value | pre365_goals_per90 | pre365_assists_per90 | pre1_canonical_goals_per90 | pre1_canonical_assists_per90 | pre2_canonical_goals_per90 | pre2_canonical_assists_per90 | pre365_goals_per90__x__Attack | pre365_goals_per90__x__Midfield | pre365_goals_per90__x__Defender | pre365_assists_per90__x__Attack | pre365_assists_per90__x__Midfield | pre365_assists_per90__x__Defender | pre1_canonical_goals_per90__x__Attack | pre1_canonical_goals_per90__x__Midfield | pre1_canonical_goals_per90__x__Defender | pre1_canonical_assists_per90__x__Attack | pre1_canonical_assists_per90__x__Midfield | pre1_canonical_assists_per90__x__Defender | pre2_canonical_goals_per90__x__Attack | pre2_canonical_goals_per90__x__Midfield | pre2_canonical_goals_per90__x__Defender | pre2_canonical_assists_per90__x__Attack | pre2_canonical_assists_per90__x__Midfield | pre2_canonical_assists_per90__x__Defender,
permanent_outbound,origin_2020,R4_compact_role_aware,27,age_at_signing | canonical_position | league | log_market_value_at_signing | pre365_same_club_all_competition_opportunity_share | pre365_same_club_all_competition_appearance_rate | pre1_canonical_minutes_played | pre2_canonical_minutes_played | pre1_fbref_expected_goals | pre1_fbref_progressive_carries | pre1_fbref_progressive_passes | pre1_fbref_pass_completion_pct | exact_duration_years | age_at_expiration | log_annual_gross_eur | log_fixed_wage_commitment_eur | club_salary_percentile | club_salary_share_known | salary_change_from_prior_pct | annual_wage_to_market_value | commitment_to_market_value | pre365_goals_per90__role_pct | pre365_assists_per90__role_pct | pre1_canonical_goals_per90__role_pct | pre1_canonical_assists_per90__role_pct | pre2_canonical_goals_per90__role_pct | pre2_canonical_assists_per90__role_pct,percentile
permanent_outbound,origin_2021,R0_deployed_reproduction,27,age_at_signing | canonical_position | league | log_market_value_at_signing | pre365_same_club_all_competition_opportunity_share | pre365_same_club_all_competition_appearance_rate | pre365_goals_per90 | pre365_assists_per90 | pre1_canonical_minutes_played | pre1_canonical_goals_per90 | pre1_canonical_assists_per90 | pre2_canonical_minutes_played | pre2_canonical_goals_per90 | pre2_canonical_assists_per90 | pre1_fbref_expected_goals | pre1_fbref_progressive_carries | pre1_fbref_progressive_passes | pre1_fbref_pass_completion_pct | exact_duration_years | age_at_expiration | log_annual_gross_eur | log_fixed_wage_commitment_eur | club_salary_percentile | club_salary_share_known | salary_change_from_prior_pct | annual_wage_to_market_value | commitment_to_market_value,
permanent_outbound,origin_2021,R1_remove_scoring,21,age_at_signing | canonical_position | league | log_market_value_at_signing | pre365_same_club_all_competition_opportunity_share | pre365_same_club_all_competition_appearance_rate | pre1_canonical_minutes_played | pre2_canonical_minutes_played | pre1_fbref_expected_goals | pre1_fbref_progressive_carries | pre1_fbref_progressive_passes | pre1_fbref_pass_completion_pct | exact_duration_years | age_at_expiration | log_annual_gross_eur | log_fixed_wage_commitment_eur | club_salary_percentile | club_salary_share_known | salary_change_from_prior_pct | annual_wage_to_market_value | commitment_to_market_value,
permanent_outbound,origin_2021,R2_position_relative,27,age_at_signing | canonical_position | league | log_market_value_at_signing | pre365_same_club_all_competition_opportunity_share | pre365_same_club_all_competition_appearance_rate | pre1_canonical_minutes_played | pre2_canonical_minutes_played | pre1_fbref_expected_goals | pre1_fbref_progressive_carries | pre1_fbref_progressive_passes | pre1_fbref_pass_completion_pct | exact_duration_years | age_at_expiration | log_annual_gross_eur | log_fixed_wage_commitment_eur | club_salary_percentile | club_salary_share_known | salary_change_from_prior_pct | annual_wage_to_market_value | commitment_to_market_value | pre365_goals_per90__role_pct | pre365_assists_per90__role_pct | pre1_canonical_goals_per90__role_pct | pre1_canonical_assists_per90__role_pct | pre2_canonical_goals_per90__role_pct | pre2_canonical_assists_per90__role_pct,
permanent_outbound,origin_2021,R3_position_interactions,45,age_at_signing | canonical_position | league | log_market_value_at_signing | pre365_same_club_all_competition_opportunity_share | pre365_same_club_all_competition_appearance_rate | pre1_canonical_minutes_played | pre2_canonical_minutes_played | pre1_fbref_expected_goals | pre1_fbref_progressive_carries | pre1_fbref_progressive_passes | pre1_fbref_pass_completion_pct | exact_duration_years | age_at_expiration | log_annual_gross_eur | log_fixed_wage_commitment_eur | club_salary_percentile | club_salary_share_known | salary_change_from_prior_pct | annual_wage_to_market_value | commitment_to_market_value | pre365_goals_per90 | pre365_assists_per90 | pre1_canonical_goals_per90 | pre1_canonical_assists_per90 | pre2_canonical_goals_per90 | pre2_canonical_assists_per90 | pre365_goals_per90__x__Attack | pre365_goals_per90__x__Midfield | pre365_goals_per90__x__Defender | pre365_assists_per90__x__Attack | pre365_assists_per90__x__Midfield | pre365_assists_per90__x__Defender | pre1_canonical_goals_per90__x__Attack | pre1_canonical_goals_per90__x__Midfield | pre1_canonical_goals_per90__x__Defender | pre1_canonical_assists_per90__x__Attack | pre1_canonical_assists_per90__x__Midfield | pre1_canonical_assists_per90__x__Defender | pre2_canonical_goals_per90__x__Attack | pre2_canonical_goals_per90__x__Midfield | pre2_canonical_goals_per90__x__Defender | pre2_canonical_assists_per90__x__Attack | pre2_canonical_assists_per90__x__Midfield | pre2_canonical_assists_per90__x__Defender,
permanent_outbound,origin_2021,R4_compact_role_aware,27,age_at_signing | canonical_position | league | log_market_value_at_signing | pre365_same_club_all_competition_opportunity_share | pre365_same_club_all_competition_appearance_rate | pre1_canonical_minutes_played | pre2_canonical_minutes_played | pre1_fbref_expected_goals | pre1_fbref_progressive_carries | pre1_fbref_progressive_passes | pre1_fbref_pass_completion_pct | exact_duration_years | age_at_expiration | log_annual_gross_eur | log_fixed_wage_commitment_eur | club_salary_percentile | club_salary_share_known | salary_change_from_prior_pct | annual_wage_to_market_value | commitment_to_market_value | pre365_goals_per90__role_pct | pre365_assists_per90__role_pct | pre1_canonical_goals_per90__role_pct | pre1_canonical_assists_per90__role_pct | pre2_canonical_goals_per90__role_pct | pre2_canonical_assists_per90__role_pct,percentile
permanent_outbound,origin_2022,R0_deployed_reproduction,27,age_at_signing | canonical_position | league | log_market_value_at_signing | pre365_same_club_all_competition_opportunity_share | pre365_same_club_all_competition_appearance_rate | pre365_goals_per90 | pre365_assists_per90 | pre1_canonical_minutes_played | pre1_canonical_goals_per90 | pre1_canonical_assists_per90 | pre2_canonical_minutes_played | pre2_canonical_goals_per90 | pre2_canonical_assists_per90 | pre1_fbref_expected_goals | pre1_fbref_progressive_carries | pre1_fbref_progressive_passes | pre1_fbref_pass_completion_pct | exact_duration_years | age_at_expiration | log_annual_gross_eur | log_fixed_wage_commitment_eur | club_salary_percentile | club_salary_share_known | salary_change_from_prior_pct | annual_wage_to_market_value | commitment_to_market_value,
permanent_outbound,origin_2022,R1_remove_scoring,21,age_at_signing | canonical_position | league | log_market_value_at_signing | pre365_same_club_all_competition_opportunity_share | pre365_same_club_all_competition_appearance_rate | pre1_canonical_minutes_played | pre2_canonical_minutes_played | pre1_fbref_expected_goals | pre1_fbref_progressive_carries | pre1_fbref_progressive_passes | pre1_fbref_pass_completion_pct | exact_duration_years | age_at_expiration | log_annual_gross_eur | log_fixed_wage_commitment_eur | club_salary_percentile | club_salary_share_known | salary_change_from_prior_pct | annual_wage_to_market_value | commitment_to_market_value,
permanent_outbound,origin_2022,R2_position_relative,27,age_at_signing | canonical_position | league | log_market_value_at_signing | pre365_same_club_all_competition_opportunity_share | pre365_same_club_all_competition_appearance_rate | pre1_canonical_minutes_played | pre2_canonical_minutes_played | pre1_fbref_expected_goals | pre1_fbref_progressive_carries | pre1_fbref_progressive_passes | pre1_fbref_pass_completion_pct | exact_duration_years | age_at_expiration | log_annual_gross_eur | log_fixed_wage_commitment_eur | club_salary_percentile | club_salary_share_known | salary_change_from_prior_pct | annual_wage_to_market_value | commitment_to_market_value | pre365_goals_per90__role_z | pre365_assists_per90__role_z | pre1_canonical_goals_per90__role_z | pre1_canonical_assists_per90__role_z | pre2_canonical_goals_per90__role_z | pre2_canonical_assists_per90__role_z,
permanent_outbound,origin_2022,R3_position_interactions,45,age_at_signing | canonical_position | league | log_market_value_at_signing | pre365_same_club_all_competition_opportunity_share | pre365_same_club_all_competition_appearance_rate | pre1_canonical_minutes_played | pre2_canonical_minutes_played | pre1_fbref_expected_goals | pre1_fbref_progressive_carries | pre1_fbref_progressive_passes | pre1_fbref_pass_completion_pct | exact_duration_years | age_at_expiration | log_annual_gross_eur | log_fixed_wage_commitment_eur | club_salary_percentile | club_salary_share_known | salary_change_from_prior_pct | annual_wage_to_market_value | commitment_to_market_value | pre365_goals_per90 | pre365_assists_per90 | pre1_canonical_goals_per90 | pre1_canonical_assists_per90 | pre2_canonical_goals_per90 | pre2_canonical_assists_per90 | pre365_goals_per90__x__Attack | pre365_goals_per90__x__Midfield | pre365_goals_per90__x__Defender | pre365_assists_per90__x__Attack | pre365_assists_per90__x__Midfield | pre365_assists_per90__x__Defender | pre1_canonical_goals_per90__x__Attack | pre1_canonical_goals_per90__x__Midfield | pre1_canonical_goals_per90__x__Defender | pre1_canonical_assists_per90__x__Attack | pre1_canonical_assists_per90__x__Midfield | pre1_canonical_assists_per90__x__Defender | pre2_canonical_goals_per90__x__Attack | pre2_canonical_goals_per90__x__Midfield | pre2_canonical_goals_per90__x__Defender | pre2_canonical_assists_per90__x__Attack | pre2_canonical_assists_per90__x__Midfield | pre2_canonical_assists_per90__x__Defender,
permanent_outbound,origin_2022,R4_compact_role_aware,27,age_at_signing | canonical_position | league | log_market_value_at_signing | pre365_same_club_all_competition_opportunity_share | pre365_same_club_all_competition_appearance_rate | pre1_canonical_minutes_played | pre2_canonical_minutes_played | pre1_fbref_expected_goals | pre1_fbref_progressive_carries | pre1_fbref_progressive_passes | pre1_fbref_pass_completion_pct | exact_duration_years | age_at_expiration | log_annual_gross_eur | log_fixed_wage_commitment_eur | club_salary_percentile | club_salary_share_known | salary_change_from_prior_pct | annual_wage_to_market_value | commitment_to_market_value | pre365_goals_per90__role_z | pre365_assists_per90__role_z | pre1_canonical_goals_per90__role_z | pre1_canonical_assists_per90__role_z | pre2_canonical_goals_per90__role_z | pre2_canonical_assists_per90__role_z,zscore
permanent_outbound,origin_2023,R0_deployed_reproduction,27,age_at_signing | canonical_position | league | log_market_value_at_signing | pre365_same_club_all_competition_opportunity_share | pre365_same_club_all_competition_appearance_rate | pre365_goals_per90 | pre365_assists_per90 | pre1_canonical_minutes_played | pre1_canonical_goals_per90 | pre1_canonical_assists_per90 | pre2_canonical_minutes_played | pre2_canonical_goals_per90 | pre2_canonical_assists_per90 | pre1_fbref_expected_goals | pre1_fbref_progressive_carries | pre1_fbref_progressive_passes | pre1_fbref_pass_completion_pct | exact_duration_years | age_at_expiration | log_annual_gross_eur | log_fixed_wage_commitment_eur | club_salary_percentile | club_salary_share_known | salary_change_from_prior_pct | annual_wage_to_market_value | commitment_to_market_value,
permanent_outbound,origin_2023,R1_remove_scoring,21,age_at_signing | canonical_position | league | log_market_value_at_signing | pre365_same_club_all_competition_opportunity_share | pre365_same_club_all_competition_appearance_rate | pre1_canonical_minutes_played | pre2_canonical_minutes_played | pre1_fbref_expected_goals | pre1_fbref_progressive_carries | pre1_fbref_progressive_passes | pre1_fbref_pass_completion_pct | exact_duration_years | age_at_expiration | log_annual_gross_eur | log_fixed_wage_commitment_eur | club_salary_percentile | club_salary_share_known | salary_change_from_prior_pct | annual_wage_to_market_value | commitment_to_market_value,
permanent_outbound,origin_2023,R2_position_relative,27,age_at_signing | canonical_position | league | log_market_value_at_signing | pre365_same_club_all_competition_opportunity_share | pre365_same_club_all_competition_appearance_rate | pre1_canonical_minutes_played | pre2_canonical_minutes_played | pre1_fbref_expected_goals | pre1_fbref_progressive_carries | pre1_fbref_progressive_passes | pre1_fbref_pass_completion_pct | exact_duration_years | age_at_expiration | log_annual_gross_eur | log_fixed_wage_commitment_eur | club_salary_percentile | club_salary_share_known | salary_change_from_prior_pct | annual_wage_to_market_value | commitment_to_market_value | pre365_goals_per90__role_pct | pre365_assists_per90__role_pct | pre1_canonical_goals_per90__role_pct | pre1_canonical_assists_per90__role_pct | pre2_canonical_goals_per90__role_pct | pre2_canonical_assists_per90__role_pct,
permanent_outbound,origin_2023,R3_position_interactions,45,age_at_signing | canonical_position | league | log_market_value_at_signing | pre365_same_club_all_competition_opportunity_share | pre365_same_club_all_competition_appearance_rate | pre1_canonical_minutes_played | pre2_canonical_minutes_played | pre1_fbref_expected_goals | pre1_fbref_progressive_carries | pre1_fbref_progressive_passes | pre1_fbref_pass_completion_pct | exact_duration_years | age_at_expiration | log_annual_gross_eur | log_fixed_wage_commitment_eur | club_salary_percentile | club_salary_share_known | salary_change_from_prior_pct | annual_wage_to_market_value | commitment_to_market_value | pre365_goals_per90 | pre365_assists_per90 | pre1_canonical_goals_per90 | pre1_canonical_assists_per90 | pre2_canonical_goals_per90 | pre2_canonical_assists_per90 | pre365_goals_per90__x__Attack | pre365_goals_per90__x__Midfield | pre365_goals_per90__x__Defender | pre365_assists_per90__x__Attack | pre365_assists_per90__x__Midfield | pre365_assists_per90__x__Defender | pre1_canonical_goals_per90__x__Attack | pre1_canonical_goals_per90__x__Midfield | pre1_canonical_goals_per90__x__Defender | pre1_canonical_assists_per90__x__Attack | pre1_canonical_assists_per90__x__Midfield | pre1_canonical_assists_per90__x__Defender | pre2_canonical_goals_per90__x__Attack | pre2_canonical_goals_per90__x__Midfield | pre2_canonical_goals_per90__x__Defender | pre2_canonical_assists_per90__x__Attack | pre2_canonical_assists_per90__x__Midfield | pre2_canonical_assists_per90__x__Defender,
permanent_outbound,origin_2023,R4_compact_role_aware,27,age_at_signing | canonical_position | league | log_market_value_at_signing | pre365_same_club_all_competition_opportunity_share | pre365_same_club_all_competition_appearance_rate | pre1_canonical_minutes_played | pre2_canonical_minutes_played | pre1_fbref_expected_goals | pre1_fbref_progressive_carries | pre1_fbref_progressive_passes | pre1_fbref_pass_completion_pct | exact_duration_years | age_at_expiration | log_annual_gross_eur | log_fixed_wage_commitment_eur | club_salary_percentile | club_salary_share_known | salary_change_from_prior_pct | annual_wage_to_market_value | commitment_to_market_value | pre365_goals_per90__role_pct | pre365_assists_per90__role_pct | pre1_canonical_goals_per90__role_pct | pre1_canonical_assists_per90__role_pct | pre2_canonical_goals_per90__role_pct | pre2_canonical_assists_per90__role_pct,percentile
value_log_ratio_12m,origin_2020,R0_deployed_reproduction,27,age_at_signing | canonical_position | league | log_market_value_at_signing | pre365_same_club_all_competition_opportunity_share | pre365_same_club_all_competition_appearance_rate | pre365_goals_per90 | pre365_assists_per90 | pre1_canonical_minutes_played | pre1_canonical_goals_per90 | pre1_canonical_assists_per90 | pre2_canonical_minutes_played | pre2_canonical_goals_per90 | pre2_canonical_assists_per90 | pre1_fbref_expected_goals | pre1_fbref_progressive_carries | pre1_fbref_progressive_passes | pre1_fbref_pass_completion_pct | exact_duration_years | age_at_expiration | log_annual_gross_eur | log_fixed_wage_commitment_eur | club_salary_percentile | club_salary_share_known | salary_change_from_prior_pct | annual_wage_to_market_value | commitment_to_market_value,
value_log_ratio_12m,origin_2020,R1_remove_scoring,21,age_at_signing | canonical_position | league | log_market_value_at_signing | pre365_same_club_all_competition_opportunity_share | pre365_same_club_all_competition_appearance_rate | pre1_canonical_minutes_played | pre2_canonical_minutes_played | pre1_fbref_expected_goals | pre1_fbref_progressive_carries | pre1_fbref_progressive_passes | pre1_fbref_pass_completion_pct | exact_duration_years | age_at_expiration | log_annual_gross_eur | log_fixed_wage_commitment_eur | club_salary_percentile | club_salary_share_known | salary_change_from_prior_pct | annual_wage_to_market_value | commitment_to_market_value,
value_log_ratio_12m,origin_2020,R2_position_relative,27,age_at_signing | canonical_position | league | log_market_value_at_signing | pre365_same_club_all_competition_opportunity_share | pre365_same_club_all_competition_appearance_rate | pre1_canonical_minutes_played | pre2_canonical_minutes_played | pre1_fbref_expected_goals | pre1_fbref_progressive_carries | pre1_fbref_progressive_passes | pre1_fbref_pass_completion_pct | exact_duration_years | age_at_expiration | log_annual_gross_eur | log_fixed_wage_commitment_eur | club_salary_percentile | club_salary_share_known | salary_change_from_prior_pct | annual_wage_to_market_value | commitment_to_market_value | pre365_goals_per90__role_pct | pre365_assists_per90__role_pct | pre1_canonical_goals_per90__role_pct | pre1_canonical_assists_per90__role_pct | pre2_canonical_goals_per90__role_pct | pre2_canonical_assists_per90__role_pct,
value_log_ratio_12m,origin_2020,R3_position_interactions,45,age_at_signing | canonical_position | league | log_market_value_at_signing | pre365_same_club_all_competition_opportunity_share | pre365_same_club_all_competition_appearance_rate | pre1_canonical_minutes_played | pre2_canonical_minutes_played | pre1_fbref_expected_goals | pre1_fbref_progressive_carries | pre1_fbref_progressive_passes | pre1_fbref_pass_completion_pct | exact_duration_years | age_at_expiration | log_annual_gross_eur | log_fixed_wage_commitment_eur | club_salary_percentile | club_salary_share_known | salary_change_from_prior_pct | annual_wage_to_market_value | commitment_to_market_value | pre365_goals_per90 | pre365_assists_per90 | pre1_canonical_goals_per90 | pre1_canonical_assists_per90 | pre2_canonical_goals_per90 | pre2_canonical_assists_per90 | pre365_goals_per90__x__Attack | pre365_goals_per90__x__Midfield | pre365_goals_per90__x__Defender | pre365_assists_per90__x__Attack | pre365_assists_per90__x__Midfield | pre365_assists_per90__x__Defender | pre1_canonical_goals_per90__x__Attack | pre1_canonical_goals_per90__x__Midfield | pre1_canonical_goals_per90__x__Defender | pre1_canonical_assists_per90__x__Attack | pre1_canonical_assists_per90__x__Midfield | pre1_canonical_assists_per90__x__Defender | pre2_canonical_goals_per90__x__Attack | pre2_canonical_goals_per90__x__Midfield | pre2_canonical_goals_per90__x__Defender | pre2_canonical_assists_per90__x__Attack | pre2_canonical_assists_per90__x__Midfield | pre2_canonical_assists_per90__x__Defender,
value_log_ratio_12m,origin_2020,R4_compact_role_aware,27,age_at_signing | canonical_position | league | log_market_value_at_signing | pre365_same_club_all_competition_opportunity_share | pre365_same_club_all_competition_appearance_rate | pre1_canonical_minutes_played | pre2_canonical_minutes_played | pre1_fbref_expected_goals | pre1_fbref_progressive_carries | pre1_fbref_progressive_passes | pre1_fbref_pass_completion_pct | exact_duration_years | age_at_expiration | log_annual_gross_eur | log_fixed_wage_commitment_eur | club_salary_percentile | club_salary_share_known | salary_change_from_prior_pct | annual_wage_to_market_value | commitment_to_market_value | pre365_goals_per90__role_pct | pre365_assists_per90__role_pct | pre1_canonical_goals_per90__role_pct | pre1_canonical_assists_per90__role_pct | pre2_canonical_goals_per90__role_pct | pre2_canonical_assists_per90__role_pct,percentile
value_log_ratio_12m,origin_2021,R0_deployed_reproduction,27,age_at_signing | canonical_position | league | log_market_value_at_signing | pre365_same_club_all_competition_opportunity_share | pre365_same_club_all_competition_appearance_rate | pre365_goals_per90 | pre365_assists_per90 | pre1_canonical_minutes_played | pre1_canonical_goals_per90 | pre1_canonical_assists_per90 | pre2_canonical_minutes_played | pre2_canonical_goals_per90 | pre2_canonical_assists_per90 | pre1_fbref_expected_goals | pre1_fbref_progressive_carries | pre1_fbref_progressive_passes | pre1_fbref_pass_completion_pct | exact_duration_years | age_at_expiration | log_annual_gross_eur | log_fixed_wage_commitment_eur | club_salary_percentile | club_salary_share_known | salary_change_from_prior_pct | annual_wage_to_market_value | commitment_to_market_value,
value_log_ratio_12m,origin_2021,R1_remove_scoring,21,age_at_signing | canonical_position | league | log_market_value_at_signing | pre365_same_club_all_competition_opportunity_share | pre365_same_club_all_competition_appearance_rate | pre1_canonical_minutes_played | pre2_canonical_minutes_played | pre1_fbref_expected_goals | pre1_fbref_progressive_carries | pre1_fbref_progressive_passes | pre1_fbref_pass_completion_pct | exact_duration_years | age_at_expiration | log_annual_gross_eur | log_fixed_wage_commitment_eur | club_salary_percentile | club_salary_share_known | salary_change_from_prior_pct | annual_wage_to_market_value | commitment_to_market_value,
value_log_ratio_12m,origin_2021,R2_position_relative,27,age_at_signing | canonical_position | league | log_market_value_at_signing | pre365_same_club_all_competition_opportunity_share | pre365_same_club_all_competition_appearance_rate | pre1_canonical_minutes_played | pre2_canonical_minutes_played | pre1_fbref_expected_goals | pre1_fbref_progressive_carries | pre1_fbref_progressive_passes | pre1_fbref_pass_completion_pct | exact_duration_years | age_at_expiration | log_annual_gross_eur | log_fixed_wage_commitment_eur | club_salary_percentile | club_salary_share_known | salary_change_from_prior_pct | annual_wage_to_market_value | commitment_to_market_value | pre365_goals_per90__role_pct | pre365_assists_per90__role_pct | pre1_canonical_goals_per90__role_pct | pre1_canonical_assists_per90__role_pct | pre2_canonical_goals_per90__role_pct | pre2_canonical_assists_per90__role_pct,
value_log_ratio_12m,origin_2021,R3_position_interactions,45,age_at_signing | canonical_position | league | log_market_value_at_signing | pre365_same_club_all_competition_opportunity_share | pre365_same_club_all_competition_appearance_rate | pre1_canonical_minutes_played | pre2_canonical_minutes_played | pre1_fbref_expected_goals | pre1_fbref_progressive_carries | pre1_fbref_progressive_passes | pre1_fbref_pass_completion_pct | exact_duration_years | age_at_expiration | log_annual_gross_eur | log_fixed_wage_commitment_eur | club_salary_percentile | club_salary_share_known | salary_change_from_prior_pct | annual_wage_to_market_value | commitment_to_market_value | pre365_goals_per90 | pre365_assists_per90 | pre1_canonical_goals_per90 | pre1_canonical_assists_per90 | pre2_canonical_goals_per90 | pre2_canonical_assists_per90 | pre365_goals_per90__x__Attack | pre365_goals_per90__x__Midfield | pre365_goals_per90__x__Defender | pre365_assists_per90__x__Attack | pre365_assists_per90__x__Midfield | pre365_assists_per90__x__Defender | pre1_canonical_goals_per90__x__Attack | pre1_canonical_goals_per90__x__Midfield | pre1_canonical_goals_per90__x__Defender | pre1_canonical_assists_per90__x__Attack | pre1_canonical_assists_per90__x__Midfield | pre1_canonical_assists_per90__x__Defender | pre2_canonical_goals_per90__x__Attack | pre2_canonical_goals_per90__x__Midfield | pre2_canonical_goals_per90__x__Defender | pre2_canonical_assists_per90__x__Attack | pre2_canonical_assists_per90__x__Midfield | pre2_canonical_assists_per90__x__Defender,
value_log_ratio_12m,origin_2021,R4_compact_role_aware,27,age_at_signing | canonical_position | league | log_market_value_at_signing | pre365_same_club_all_competition_opportunity_share | pre365_same_club_all_competition_appearance_rate | pre1_canonical_minutes_played | pre2_canonical_minutes_played | pre1_fbref_expected_goals | pre1_fbref_progressive_carries | pre1_fbref_progressive_passes | pre1_fbref_pass_completion_pct | exact_duration_years | age_at_expiration | log_annual_gross_eur | log_fixed_wage_commitment_eur | club_salary_percentile | club_salary_share_known | salary_change_from_prior_pct | annual_wage_to_market_value | commitment_to_market_value | pre365_goals_per90__role_pct | pre365_assists_per90__role_pct | pre1_canonical_goals_per90__role_pct | pre1_canonical_assists_per90__role_pct | pre2_canonical_goals_per90__role_pct | pre2_canonical_assists_per90__role_pct,percentile
value_log_ratio_12m,origin_2022,R0_deployed_reproduction,27,age_at_signing | canonical_position | league | log_market_value_at_signing | pre365_same_club_all_competition_opportunity_share | pre365_same_club_all_competition_appearance_rate | pre365_goals_per90 | pre365_assists_per90 | pre1_canonical_minutes_played | pre1_canonical_goals_per90 | pre1_canonical_assists_per90 | pre2_canonical_minutes_played | pre2_canonical_goals_per90 | pre2_canonical_assists_per90 | pre1_fbref_expected_goals | pre1_fbref_progressive_carries | pre1_fbref_progressive_passes | pre1_fbref_pass_completion_pct | exact_duration_years | age_at_expiration | log_annual_gross_eur | log_fixed_wage_commitment_eur | club_salary_percentile | club_salary_share_known | salary_change_from_prior_pct | annual_wage_to_market_value | commitment_to_market_value,
value_log_ratio_12m,origin_2022,R1_remove_scoring,21,age_at_signing | canonical_position | league | log_market_value_at_signing | pre365_same_club_all_competition_opportunity_share | pre365_same_club_all_competition_appearance_rate | pre1_canonical_minutes_played | pre2_canonical_minutes_played | pre1_fbref_expected_goals | pre1_fbref_progressive_carries | pre1_fbref_progressive_passes | pre1_fbref_pass_completion_pct | exact_duration_years | age_at_expiration | log_annual_gross_eur | log_fixed_wage_commitment_eur | club_salary_percentile | club_salary_share_known | salary_change_from_prior_pct | annual_wage_to_market_value | commitment_to_market_value,
value_log_ratio_12m,origin_2022,R2_position_relative,27,age_at_signing | canonical_position | league | log_market_value_at_signing | pre365_same_club_all_competition_opportunity_share | pre365_same_club_all_competition_appearance_rate | pre1_canonical_minutes_played | pre2_canonical_minutes_played | pre1_fbref_expected_goals | pre1_fbref_progressive_carries | pre1_fbref_progressive_passes | pre1_fbref_pass_completion_pct | exact_duration_years | age_at_expiration | log_annual_gross_eur | log_fixed_wage_commitment_eur | club_salary_percentile | club_salary_share_known | salary_change_from_prior_pct | annual_wage_to_market_value | commitment_to_market_value | pre365_goals_per90__role_z | pre365_assists_per90__role_z | pre1_canonical_goals_per90__role_z | pre1_canonical_assists_per90__role_z | pre2_canonical_goals_per90__role_z | pre2_canonical_assists_per90__role_z,
value_log_ratio_12m,origin_2022,R3_position_interactions,45,age_at_signing | canonical_position | league | log_market_value_at_signing | pre365_same_club_all_competition_opportunity_share | pre365_same_club_all_competition_appearance_rate | pre1_canonical_minutes_played | pre2_canonical_minutes_played | pre1_fbref_expected_goals | pre1_fbref_progressive_carries | pre1_fbref_progressive_passes | pre1_fbref_pass_completion_pct | exact_duration_years | age_at_expiration | log_annual_gross_eur | log_fixed_wage_commitment_eur | club_salary_percentile | club_salary_share_known | salary_change_from_prior_pct | annual_wage_to_market_value | commitment_to_market_value | pre365_goals_per90 | pre365_assists_per90 | pre1_canonical_goals_per90 | pre1_canonical_assists_per90 | pre2_canonical_goals_per90 | pre2_canonical_assists_per90 | pre365_goals_per90__x__Attack | pre365_goals_per90__x__Midfield | pre365_goals_per90__x__Defender | pre365_assists_per90__x__Attack | pre365_assists_per90__x__Midfield | pre365_assists_per90__x__Defender | pre1_canonical_goals_per90__x__Attack | pre1_canonical_goals_per90__x__Midfield | pre1_canonical_goals_per90__x__Defender | pre1_canonical_assists_per90__x__Attack | pre1_canonical_assists_per90__x__Midfield | pre1_canonical_assists_per90__x__Defender | pre2_canonical_goals_per90__x__Attack | pre2_canonical_goals_per90__x__Midfield | pre2_canonical_goals_per90__x__Defender | pre2_canonical_assists_per90__x__Attack | pre2_canonical_assists_per90__x__Midfield | pre2_canonical_assists_per90__x__Defender,
value_log_ratio_12m,origin_2022,R4_compact_role_aware,27,age_at_signing | canonical_position | league | log_market_value_at_signing | pre365_same_club_all_competition_opportunity_share | pre365_same_club_all_competition_appearance_rate | pre1_canonical_minutes_played | pre2_canonical_minutes_played | pre1_fbref_expected_goals | pre1_fbref_progressive_carries | pre1_fbref_progressive_passes | pre1_fbref_pass_completion_pct | exact_duration_years | age_at_expiration | log_annual_gross_eur | log_fixed_wage_commitment_eur | club_salary_percentile | club_salary_share_known | salary_change_from_prior_pct | annual_wage_to_market_value | commitment_to_market_value | pre365_goals_per90__role_z | pre365_assists_per90__role_z | pre1_canonical_goals_per90__role_z | pre1_canonical_assists_per90__role_z | pre2_canonical_goals_per90__role_z | pre2_canonical_assists_per90__role_z,zscore
value_log_ratio_12m,origin_2023,R0_deployed_reproduction,27,age_at_signing | canonical_position | league | log_market_value_at_signing | pre365_same_club_all_competition_opportunity_share | pre365_same_club_all_competition_appearance_rate | pre365_goals_per90 | pre365_assists_per90 | pre1_canonical_minutes_played | pre1_canonical_goals_per90 | pre1_canonical_assists_per90 | pre2_canonical_minutes_played | pre2_canonical_goals_per90 | pre2_canonical_assists_per90 | pre1_fbref_expected_goals | pre1_fbref_progressive_carries | pre1_fbref_progressive_passes | pre1_fbref_pass_completion_pct | exact_duration_years | age_at_expiration | log_annual_gross_eur | log_fixed_wage_commitment_eur | club_salary_percentile | club_salary_share_known | salary_change_from_prior_pct | annual_wage_to_market_value | commitment_to_market_value,
value_log_ratio_12m,origin_2023,R1_remove_scoring,21,age_at_signing | canonical_position | league | log_market_value_at_signing | pre365_same_club_all_competition_opportunity_share | pre365_same_club_all_competition_appearance_rate | pre1_canonical_minutes_played | pre2_canonical_minutes_played | pre1_fbref_expected_goals | pre1_fbref_progressive_carries | pre1_fbref_progressive_passes | pre1_fbref_pass_completion_pct | exact_duration_years | age_at_expiration | log_annual_gross_eur | log_fixed_wage_commitment_eur | club_salary_percentile | club_salary_share_known | salary_change_from_prior_pct | annual_wage_to_market_value | commitment_to_market_value,
value_log_ratio_12m,origin_2023,R2_position_relative,27,age_at_signing | canonical_position | league | log_market_value_at_signing | pre365_same_club_all_competition_opportunity_share | pre365_same_club_all_competition_appearance_rate | pre1_canonical_minutes_played | pre2_canonical_minutes_played | pre1_fbref_expected_goals | pre1_fbref_progressive_carries | pre1_fbref_progressive_passes | pre1_fbref_pass_completion_pct | exact_duration_years | age_at_expiration | log_annual_gross_eur | log_fixed_wage_commitment_eur | club_salary_percentile | club_salary_share_known | salary_change_from_prior_pct | annual_wage_to_market_value | commitment_to_market_value | pre365_goals_per90__role_pct | pre365_assists_per90__role_pct | pre1_canonical_goals_per90__role_pct | pre1_canonical_assists_per90__role_pct | pre2_canonical_goals_per90__role_pct | pre2_canonical_assists_per90__role_pct,
value_log_ratio_12m,origin_2023,R3_position_interactions,45,age_at_signing | canonical_position | league | log_market_value_at_signing | pre365_same_club_all_competition_opportunity_share | pre365_same_club_all_competition_appearance_rate | pre1_canonical_minutes_played | pre2_canonical_minutes_played | pre1_fbref_expected_goals | pre1_fbref_progressive_carries | pre1_fbref_progressive_passes | pre1_fbref_pass_completion_pct | exact_duration_years | age_at_expiration | log_annual_gross_eur | log_fixed_wage_commitment_eur | club_salary_percentile | club_salary_share_known | salary_change_from_prior_pct | annual_wage_to_market_value | commitment_to_market_value | pre365_goals_per90 | pre365_assists_per90 | pre1_canonical_goals_per90 | pre1_canonical_assists_per90 | pre2_canonical_goals_per90 | pre2_canonical_assists_per90 | pre365_goals_per90__x__Attack | pre365_goals_per90__x__Midfield | pre365_goals_per90__x__Defender | pre365_assists_per90__x__Attack | pre365_assists_per90__x__Midfield | pre365_assists_per90__x__Defender | pre1_canonical_goals_per90__x__Attack | pre1_canonical_goals_per90__x__Midfield | pre1_canonical_goals_per90__x__Defender | pre1_canonical_assists_per90__x__Attack | pre1_canonical_assists_per90__x__Midfield | pre1_canonical_assists_per90__x__Defender | pre2_canonical_goals_per90__x__Attack | pre2_canonical_goals_per90__x__Midfield | pre2_canonical_goals_per90__x__Defender | pre2_canonical_assists_per90__x__Attack | pre2_canonical_assists_per90__x__Midfield | pre2_canonical_assists_per90__x__Defender,
value_log_ratio_12m,origin_2023,R4_compact_role_aware,45,age_at_signing | canonical_position | league | log_market_value_at_signing | pre365_same_club_all_competition_opportunity_share | pre365_same_club_all_competition_appearance_rate | pre1_canonical_minutes_played | pre2_canonical_minutes_played | pre1_fbref_expected_goals | pre1_fbref_progressive_carries | pre1_fbref_progressive_passes | pre1_fbref_pass_completion_pct | exact_duration_years | age_at_expiration | log_annual_gross_eur | log_fixed_wage_commitment_eur | club_salary_percentile | club_salary_share_known | salary_change_from_prior_pct | annual_wage_to_market_value | commitment_to_market_value | pre365_goals_per90 | pre365_assists_per90 | pre1_canonical_goals_per90 | pre1_canonical_assists_per90 | pre2_canonical_goals_per90 | pre2_canonical_assists_per90 | pre365_goals_per90__x__Attack | pre365_goals_per90__x__Midfield | pre365_goals_per90__x__Defender | pre365_assists_per90__x__Attack | pre365_assists_per90__x__Midfield | pre365_assists_per90__x__Defender | pre1_canonical_goals_per90__x__Attack | pre1_canonical_goals_per90__x__Midfield | pre1_canonical_goals_per90__x__Defender | pre1_canonical_assists_per90__x__Attack | pre1_canonical_assists_per90__x__Midfield | pre1_canonical_assists_per90__x__Defender | pre2_canonical_goals_per90__x__Attack | pre2_canonical_goals_per90__x__Midfield | pre2_canonical_goals_per90__x__Defender | pre2_canonical_assists_per90__x__Attack | pre2_canonical_assists_per90__x__Midfield | pre2_canonical_assists_per90__x__Defender,percentile
value_log_ratio_24m,origin_2020,R0_deployed_reproduction,27,age_at_signing | canonical_position | league | log_market_value_at_signing | pre365_same_club_all_competition_opportunity_share | pre365_same_club_all_competition_appearance_rate | pre365_goals_per90 | pre365_assists_per90 | pre1_canonical_minutes_played | pre1_canonical_goals_per90 | pre1_canonical_assists_per90 | pre2_canonical_minutes_played | pre2_canonical_goals_per90 | pre2_canonical_assists_per90 | pre1_fbref_expected_goals | pre1_fbref_progressive_carries | pre1_fbref_progressive_passes | pre1_fbref_pass_completion_pct | exact_duration_years | age_at_expiration | log_annual_gross_eur | log_fixed_wage_commitment_eur | club_salary_percentile | club_salary_share_known | salary_change_from_prior_pct | annual_wage_to_market_value | commitment_to_market_value,
value_log_ratio_24m,origin_2020,R1_remove_scoring,21,age_at_signing | canonical_position | league | log_market_value_at_signing | pre365_same_club_all_competition_opportunity_share | pre365_same_club_all_competition_appearance_rate | pre1_canonical_minutes_played | pre2_canonical_minutes_played | pre1_fbref_expected_goals | pre1_fbref_progressive_carries | pre1_fbref_progressive_passes | pre1_fbref_pass_completion_pct | exact_duration_years | age_at_expiration | log_annual_gross_eur | log_fixed_wage_commitment_eur | club_salary_percentile | club_salary_share_known | salary_change_from_prior_pct | annual_wage_to_market_value | commitment_to_market_value,
value_log_ratio_24m,origin_2020,R2_position_relative,27,age_at_signing | canonical_position | league | log_market_value_at_signing | pre365_same_club_all_competition_opportunity_share | pre365_same_club_all_competition_appearance_rate | pre1_canonical_minutes_played | pre2_canonical_minutes_played | pre1_fbref_expected_goals | pre1_fbref_progressive_carries | pre1_fbref_progressive_passes | pre1_fbref_pass_completion_pct | exact_duration_years | age_at_expiration | log_annual_gross_eur | log_fixed_wage_commitment_eur | club_salary_percentile | club_salary_share_known | salary_change_from_prior_pct | annual_wage_to_market_value | commitment_to_market_value | pre365_goals_per90__role_z | pre365_assists_per90__role_z | pre1_canonical_goals_per90__role_z | pre1_canonical_assists_per90__role_z | pre2_canonical_goals_per90__role_z | pre2_canonical_assists_per90__role_z,
value_log_ratio_24m,origin_2020,R3_position_interactions,45,age_at_signing | canonical_position | league | log_market_value_at_signing | pre365_same_club_all_competition_opportunity_share | pre365_same_club_all_competition_appearance_rate | pre1_canonical_minutes_played | pre2_canonical_minutes_played | pre1_fbref_expected_goals | pre1_fbref_progressive_carries | pre1_fbref_progressive_passes | pre1_fbref_pass_completion_pct | exact_duration_years | age_at_expiration | log_annual_gross_eur | log_fixed_wage_commitment_eur | club_salary_percentile | club_salary_share_known | salary_change_from_prior_pct | annual_wage_to_market_value | commitment_to_market_value | pre365_goals_per90 | pre365_assists_per90 | pre1_canonical_goals_per90 | pre1_canonical_assists_per90 | pre2_canonical_goals_per90 | pre2_canonical_assists_per90 | pre365_goals_per90__x__Attack | pre365_goals_per90__x__Midfield | pre365_goals_per90__x__Defender | pre365_assists_per90__x__Attack | pre365_assists_per90__x__Midfield | pre365_assists_per90__x__Defender | pre1_canonical_goals_per90__x__Attack | pre1_canonical_goals_per90__x__Midfield | pre1_canonical_goals_per90__x__Defender | pre1_canonical_assists_per90__x__Attack | pre1_canonical_assists_per90__x__Midfield | pre1_canonical_assists_per90__x__Defender | pre2_canonical_goals_per90__x__Attack | pre2_canonical_goals_per90__x__Midfield | pre2_canonical_goals_per90__x__Defender | pre2_canonical_assists_per90__x__Attack | pre2_canonical_assists_per90__x__Midfield | pre2_canonical_assists_per90__x__Defender,
value_log_ratio_24m,origin_2020,R4_compact_role_aware,27,age_at_signing | canonical_position | league | log_market_value_at_signing | pre365_same_club_all_competition_opportunity_share | pre365_same_club_all_competition_appearance_rate | pre1_canonical_minutes_played | pre2_canonical_minutes_played | pre1_fbref_expected_goals | pre1_fbref_progressive_carries | pre1_fbref_progressive_passes | pre1_fbref_pass_completion_pct | exact_duration_years | age_at_expiration | log_annual_gross_eur | log_fixed_wage_commitment_eur | club_salary_percentile | club_salary_share_known | salary_change_from_prior_pct | annual_wage_to_market_value | commitment_to_market_value | pre365_goals_per90__role_z | pre365_assists_per90__role_z | pre1_canonical_goals_per90__role_z | pre1_canonical_assists_per90__role_z | pre2_canonical_goals_per90__role_z | pre2_canonical_assists_per90__role_z,zscore
value_log_ratio_24m,origin_2021,R0_deployed_reproduction,27,age_at_signing | canonical_position | league | log_market_value_at_signing | pre365_same_club_all_competition_opportunity_share | pre365_same_club_all_competition_appearance_rate | pre365_goals_per90 | pre365_assists_per90 | pre1_canonical_minutes_played | pre1_canonical_goals_per90 | pre1_canonical_assists_per90 | pre2_canonical_minutes_played | pre2_canonical_goals_per90 | pre2_canonical_assists_per90 | pre1_fbref_expected_goals | pre1_fbref_progressive_carries | pre1_fbref_progressive_passes | pre1_fbref_pass_completion_pct | exact_duration_years | age_at_expiration | log_annual_gross_eur | log_fixed_wage_commitment_eur | club_salary_percentile | club_salary_share_known | salary_change_from_prior_pct | annual_wage_to_market_value | commitment_to_market_value,
value_log_ratio_24m,origin_2021,R1_remove_scoring,21,age_at_signing | canonical_position | league | log_market_value_at_signing | pre365_same_club_all_competition_opportunity_share | pre365_same_club_all_competition_appearance_rate | pre1_canonical_minutes_played | pre2_canonical_minutes_played | pre1_fbref_expected_goals | pre1_fbref_progressive_carries | pre1_fbref_progressive_passes | pre1_fbref_pass_completion_pct | exact_duration_years | age_at_expiration | log_annual_gross_eur | log_fixed_wage_commitment_eur | club_salary_percentile | club_salary_share_known | salary_change_from_prior_pct | annual_wage_to_market_value | commitment_to_market_value,
value_log_ratio_24m,origin_2021,R2_position_relative,27,age_at_signing | canonical_position | league | log_market_value_at_signing | pre365_same_club_all_competition_opportunity_share | pre365_same_club_all_competition_appearance_rate | pre1_canonical_minutes_played | pre2_canonical_minutes_played | pre1_fbref_expected_goals | pre1_fbref_progressive_carries | pre1_fbref_progressive_passes | pre1_fbref_pass_completion_pct | exact_duration_years | age_at_expiration | log_annual_gross_eur | log_fixed_wage_commitment_eur | club_salary_percentile | club_salary_share_known | salary_change_from_prior_pct | annual_wage_to_market_value | commitment_to_market_value | pre365_goals_per90__role_pct | pre365_assists_per90__role_pct | pre1_canonical_goals_per90__role_pct | pre1_canonical_assists_per90__role_pct | pre2_canonical_goals_per90__role_pct | pre2_canonical_assists_per90__role_pct,
value_log_ratio_24m,origin_2021,R3_position_interactions,45,age_at_signing | canonical_position | league | log_market_value_at_signing | pre365_same_club_all_competition_opportunity_share | pre365_same_club_all_competition_appearance_rate | pre1_canonical_minutes_played | pre2_canonical_minutes_played | pre1_fbref_expected_goals | pre1_fbref_progressive_carries | pre1_fbref_progressive_passes | pre1_fbref_pass_completion_pct | exact_duration_years | age_at_expiration | log_annual_gross_eur | log_fixed_wage_commitment_eur | club_salary_percentile | club_salary_share_known | salary_change_from_prior_pct | annual_wage_to_market_value | commitment_to_market_value | pre365_goals_per90 | pre365_assists_per90 | pre1_canonical_goals_per90 | pre1_canonical_assists_per90 | pre2_canonical_goals_per90 | pre2_canonical_assists_per90 | pre365_goals_per90__x__Attack | pre365_goals_per90__x__Midfield | pre365_goals_per90__x__Defender | pre365_assists_per90__x__Attack | pre365_assists_per90__x__Midfield | pre365_assists_per90__x__Defender | pre1_canonical_goals_per90__x__Attack | pre1_canonical_goals_per90__x__Midfield | pre1_canonical_goals_per90__x__Defender | pre1_canonical_assists_per90__x__Attack | pre1_canonical_assists_per90__x__Midfield | pre1_canonical_assists_per90__x__Defender | pre2_canonical_goals_per90__x__Attack | pre2_canonical_goals_per90__x__Midfield | pre2_canonical_goals_per90__x__Defender | pre2_canonical_assists_per90__x__Attack | pre2_canonical_assists_per90__x__Midfield | pre2_canonical_assists_per90__x__Defender,
value_log_ratio_24m,origin_2021,R4_compact_role_aware,27,age_at_signing | canonical_position | league | log_market_value_at_signing | pre365_same_club_all_competition_opportunity_share | pre365_same_club_all_competition_appearance_rate | pre1_canonical_minutes_played | pre2_canonical_minutes_played | pre1_fbref_expected_goals | pre1_fbref_progressive_carries | pre1_fbref_progressive_passes | pre1_fbref_pass_completion_pct | exact_duration_years | age_at_expiration | log_annual_gross_eur | log_fixed_wage_commitment_eur | club_salary_percentile | club_salary_share_known | salary_change_from_prior_pct | annual_wage_to_market_value | commitment_to_market_value | pre365_goals_per90__role_pct | pre365_assists_per90__role_pct | pre1_canonical_goals_per90__role_pct | pre1_canonical_assists_per90__role_pct | pre2_canonical_goals_per90__role_pct | pre2_canonical_assists_per90__role_pct,percentile
value_log_ratio_24m,origin_2022,R0_deployed_reproduction,27,age_at_signing | canonical_position | league | log_market_value_at_signing | pre365_same_club_all_competition_opportunity_share | pre365_same_club_all_competition_appearance_rate | pre365_goals_per90 | pre365_assists_per90 | pre1_canonical_minutes_played | pre1_canonical_goals_per90 | pre1_canonical_assists_per90 | pre2_canonical_minutes_played | pre2_canonical_goals_per90 | pre2_canonical_assists_per90 | pre1_fbref_expected_goals | pre1_fbref_progressive_carries | pre1_fbref_progressive_passes | pre1_fbref_pass_completion_pct | exact_duration_years | age_at_expiration | log_annual_gross_eur | log_fixed_wage_commitment_eur | club_salary_percentile | club_salary_share_known | salary_change_from_prior_pct | annual_wage_to_market_value | commitment_to_market_value,
value_log_ratio_24m,origin_2022,R1_remove_scoring,21,age_at_signing | canonical_position | league | log_market_value_at_signing | pre365_same_club_all_competition_opportunity_share | pre365_same_club_all_competition_appearance_rate | pre1_canonical_minutes_played | pre2_canonical_minutes_played | pre1_fbref_expected_goals | pre1_fbref_progressive_carries | pre1_fbref_progressive_passes | pre1_fbref_pass_completion_pct | exact_duration_years | age_at_expiration | log_annual_gross_eur | log_fixed_wage_commitment_eur | club_salary_percentile | club_salary_share_known | salary_change_from_prior_pct | annual_wage_to_market_value | commitment_to_market_value,
value_log_ratio_24m,origin_2022,R2_position_relative,27,age_at_signing | canonical_position | league | log_market_value_at_signing | pre365_same_club_all_competition_opportunity_share | pre365_same_club_all_competition_appearance_rate | pre1_canonical_minutes_played | pre2_canonical_minutes_played | pre1_fbref_expected_goals | pre1_fbref_progressive_carries | pre1_fbref_progressive_passes | pre1_fbref_pass_completion_pct | exact_duration_years | age_at_expiration | log_annual_gross_eur | log_fixed_wage_commitment_eur | club_salary_percentile | club_salary_share_known | salary_change_from_prior_pct | annual_wage_to_market_value | commitment_to_market_value | pre365_goals_per90__role_z | pre365_assists_per90__role_z | pre1_canonical_goals_per90__role_z | pre1_canonical_assists_per90__role_z | pre2_canonical_goals_per90__role_z | pre2_canonical_assists_per90__role_z,
value_log_ratio_24m,origin_2022,R3_position_interactions,45,age_at_signing | canonical_position | league | log_market_value_at_signing | pre365_same_club_all_competition_opportunity_share | pre365_same_club_all_competition_appearance_rate | pre1_canonical_minutes_played | pre2_canonical_minutes_played | pre1_fbref_expected_goals | pre1_fbref_progressive_carries | pre1_fbref_progressive_passes | pre1_fbref_pass_completion_pct | exact_duration_years | age_at_expiration | log_annual_gross_eur | log_fixed_wage_commitment_eur | club_salary_percentile | club_salary_share_known | salary_change_from_prior_pct | annual_wage_to_market_value | commitment_to_market_value | pre365_goals_per90 | pre365_assists_per90 | pre1_canonical_goals_per90 | pre1_canonical_assists_per90 | pre2_canonical_goals_per90 | pre2_canonical_assists_per90 | pre365_goals_per90__x__Attack | pre365_goals_per90__x__Midfield | pre365_goals_per90__x__Defender | pre365_assists_per90__x__Attack | pre365_assists_per90__x__Midfield | pre365_assists_per90__x__Defender | pre1_canonical_goals_per90__x__Attack | pre1_canonical_goals_per90__x__Midfield | pre1_canonical_goals_per90__x__Defender | pre1_canonical_assists_per90__x__Attack | pre1_canonical_assists_per90__x__Midfield | pre1_canonical_assists_per90__x__Defender | pre2_canonical_goals_per90__x__Attack | pre2_canonical_goals_per90__x__Midfield | pre2_canonical_goals_per90__x__Defender | pre2_canonical_assists_per90__x__Attack | pre2_canonical_assists_per90__x__Midfield | pre2_canonical_assists_per90__x__Defender,
value_log_ratio_24m,origin_2022,R4_compact_role_aware,27,age_at_signing | canonical_position | league | log_market_value_at_signing | pre365_same_club_all_competition_opportunity_share | pre365_same_club_all_competition_appearance_rate | pre1_canonical_minutes_played | pre2_canonical_minutes_played | pre1_fbref_expected_goals | pre1_fbref_progressive_carries | pre1_fbref_progressive_passes | pre1_fbref_pass_completion_pct | exact_duration_years | age_at_expiration | log_annual_gross_eur | log_fixed_wage_commitment_eur | club_salary_percentile | club_salary_share_known | salary_change_from_prior_pct | annual_wage_to_market_value | commitment_to_market_value | pre365_goals_per90__role_z | pre365_assists_per90__role_z | pre1_canonical_goals_per90__role_z | pre1_canonical_assists_per90__role_z | pre2_canonical_goals_per90__role_z | pre2_canonical_assists_per90__role_z,zscore
value_log_ratio_24m,origin_2023,R0_deployed_reproduction,27,age_at_signing | canonical_position | league | log_market_value_at_signing | pre365_same_club_all_competition_opportunity_share | pre365_same_club_all_competition_appearance_rate | pre365_goals_per90 | pre365_assists_per90 | pre1_canonical_minutes_played | pre1_canonical_goals_per90 | pre1_canonical_assists_per90 | pre2_canonical_minutes_played | pre2_canonical_goals_per90 | pre2_canonical_assists_per90 | pre1_fbref_expected_goals | pre1_fbref_progressive_carries | pre1_fbref_progressive_passes | pre1_fbref_pass_completion_pct | exact_duration_years | age_at_expiration | log_annual_gross_eur | log_fixed_wage_commitment_eur | club_salary_percentile | club_salary_share_known | salary_change_from_prior_pct | annual_wage_to_market_value | commitment_to_market_value,
value_log_ratio_24m,origin_2023,R1_remove_scoring,21,age_at_signing | canonical_position | league | log_market_value_at_signing | pre365_same_club_all_competition_opportunity_share | pre365_same_club_all_competition_appearance_rate | pre1_canonical_minutes_played | pre2_canonical_minutes_played | pre1_fbref_expected_goals | pre1_fbref_progressive_carries | pre1_fbref_progressive_passes | pre1_fbref_pass_completion_pct | exact_duration_years | age_at_expiration | log_annual_gross_eur | log_fixed_wage_commitment_eur | club_salary_percentile | club_salary_share_known | salary_change_from_prior_pct | annual_wage_to_market_value | commitment_to_market_value,
value_log_ratio_24m,origin_2023,R2_position_relative,27,age_at_signing | canonical_position | league | log_market_value_at_signing | pre365_same_club_all_competition_opportunity_share | pre365_same_club_all_competition_appearance_rate | pre1_canonical_minutes_played | pre2_canonical_minutes_played | pre1_fbref_expected_goals | pre1_fbref_progressive_carries | pre1_fbref_progressive_passes | pre1_fbref_pass_completion_pct | exact_duration_years | age_at_expiration | log_annual_gross_eur | log_fixed_wage_commitment_eur | club_salary_percentile | club_salary_share_known | salary_change_from_prior_pct | annual_wage_to_market_value | commitment_to_market_value | pre365_goals_per90__role_pct | pre365_assists_per90__role_pct | pre1_canonical_goals_per90__role_pct | pre1_canonical_assists_per90__role_pct | pre2_canonical_goals_per90__role_pct | pre2_canonical_assists_per90__role_pct,
value_log_ratio_24m,origin_2023,R3_position_interactions,45,age_at_signing | canonical_position | league | log_market_value_at_signing | pre365_same_club_all_competition_opportunity_share | pre365_same_club_all_competition_appearance_rate | pre1_canonical_minutes_played | pre2_canonical_minutes_played | pre1_fbref_expected_goals | pre1_fbref_progressive_carries | pre1_fbref_progressive_passes | pre1_fbref_pass_completion_pct | exact_duration_years | age_at_expiration | log_annual_gross_eur | log_fixed_wage_commitment_eur | club_salary_percentile | club_salary_share_known | salary_change_from_prior_pct | annual_wage_to_market_value | commitment_to_market_value | pre365_goals_per90 | pre365_assists_per90 | pre1_canonical_goals_per90 | pre1_canonical_assists_per90 | pre2_canonical_goals_per90 | pre2_canonical_assists_per90 | pre365_goals_per90__x__Attack | pre365_goals_per90__x__Midfield | pre365_goals_per90__x__Defender | pre365_assists_per90__x__Attack | pre365_assists_per90__x__Midfield | pre365_assists_per90__x__Defender | pre1_canonical_goals_per90__x__Attack | pre1_canonical_goals_per90__x__Midfield | pre1_canonical_goals_per90__x__Defender | pre1_canonical_assists_per90__x__Attack | pre1_canonical_assists_per90__x__Midfield | pre1_canonical_assists_per90__x__Defender | pre2_canonical_goals_per90__x__Attack | pre2_canonical_goals_per90__x__Midfield | pre2_canonical_goals_per90__x__Defender | pre2_canonical_assists_per90__x__Attack | pre2_canonical_assists_per90__x__Midfield | pre2_canonical_assists_per90__x__Defender,
value_log_ratio_24m,origin_2023,R4_compact_role_aware,45,age_at_signing | canonical_position | league | log_market_value_at_signing | pre365_same_club_all_competition_opportunity_share | pre365_same_club_all_competition_appearance_rate | pre1_canonical_minutes_played | pre2_canonical_minutes_played | pre1_fbref_expected_goals | pre1_fbref_progressive_carries | pre1_fbref_progressive_passes | pre1_fbref_pass_completion_pct | exact_duration_years | age_at_expiration | log_annual_gross_eur | log_fixed_wage_commitment_eur | club_salary_percentile | club_salary_share_known | salary_change_from_prior_pct | annual_wage_to_market_value | commitment_to_market_value | pre365_goals_per90 | pre365_assists_per90 | pre1_canonical_goals_per90 | pre1_canonical_assists_per90 | pre2_canonical_goals_per90 | pre2_canonical_assists_per90 | pre365_goals_per90__x__Attack | pre365_goals_per90__x__Midfield | pre365_goals_per90__x__Defender | pre365_assists_per90__x__Attack | pre365_assists_per90__x__Midfield | pre365_assists_per90__x__Defender | pre1_canonical_goals_per90__x__Attack | pre1_canonical_goals_per90__x__Midfield | pre1_canonical_goals_per90__x__Defender | pre1_canonical_assists_per90__x__Attack | pre1_canonical_assists_per90__x__Midfield | pre1_canonical_assists_per90__x__Defender | pre2_canonical_goals_per90__x__Attack | pre2_canonical_goals_per90__x__Midfield | pre2_canonical_goals_per90__x__Defender | pre2_canonical_assists_per90__x__Attack | pre2_canonical_assists_per90__x__Midfield | pre2_canonical_assists_per90__x__Defender,percentile
downside_10pct_12m,origin_2020,R0_deployed_reproduction,27,age_at_signing | canonical_position | league | log_market_value_at_signing | pre365_same_club_all_competition_opportunity_share | pre365_same_club_all_competition_appearance_rate | pre365_goals_per90 | pre365_assists_per90 | pre1_canonical_minutes_played | pre1_canonical_goals_per90 | pre1_canonical_assists_per90 | pre2_canonical_minutes_played | pre2_canonical_goals_per90 | pre2_canonical_assists_per90 | pre1_fbref_expected_goals | pre1_fbref_progressive_carries | pre1_fbref_progressive_passes | pre1_fbref_pass_completion_pct | exact_duration_years | age_at_expiration | log_annual_gross_eur | log_fixed_wage_commitment_eur | club_salary_percentile | club_salary_share_known | salary_change_from_prior_pct | annual_wage_to_market_value | commitment_to_market_value,
downside_10pct_12m,origin_2020,R1_remove_scoring,21,age_at_signing | canonical_position | league | log_market_value_at_signing | pre365_same_club_all_competition_opportunity_share | pre365_same_club_all_competition_appearance_rate | pre1_canonical_minutes_played | pre2_canonical_minutes_played | pre1_fbref_expected_goals | pre1_fbref_progressive_carries | pre1_fbref_progressive_passes | pre1_fbref_pass_completion_pct | exact_duration_years | age_at_expiration | log_annual_gross_eur | log_fixed_wage_commitment_eur | club_salary_percentile | club_salary_share_known | salary_change_from_prior_pct | annual_wage_to_market_value | commitment_to_market_value,
downside_10pct_12m,origin_2020,R2_position_relative,27,age_at_signing | canonical_position | league | log_market_value_at_signing | pre365_same_club_all_competition_opportunity_share | pre365_same_club_all_competition_appearance_rate | pre1_canonical_minutes_played | pre2_canonical_minutes_played | pre1_fbref_expected_goals | pre1_fbref_progressive_carries | pre1_fbref_progressive_passes | pre1_fbref_pass_completion_pct | exact_duration_years | age_at_expiration | log_annual_gross_eur | log_fixed_wage_commitment_eur | club_salary_percentile | club_salary_share_known | salary_change_from_prior_pct | annual_wage_to_market_value | commitment_to_market_value | pre365_goals_per90__role_pct | pre365_assists_per90__role_pct | pre1_canonical_goals_per90__role_pct | pre1_canonical_assists_per90__role_pct | pre2_canonical_goals_per90__role_pct | pre2_canonical_assists_per90__role_pct,
downside_10pct_12m,origin_2020,R3_position_interactions,45,age_at_signing | canonical_position | league | log_market_value_at_signing | pre365_same_club_all_competition_opportunity_share | pre365_same_club_all_competition_appearance_rate | pre1_canonical_minutes_played | pre2_canonical_minutes_played | pre1_fbref_expected_goals | pre1_fbref_progressive_carries | pre1_fbref_progressive_passes | pre1_fbref_pass_completion_pct | exact_duration_years | age_at_expiration | log_annual_gross_eur | log_fixed_wage_commitment_eur | club_salary_percentile | club_salary_share_known | salary_change_from_prior_pct | annual_wage_to_market_value | commitment_to_market_value | pre365_goals_per90 | pre365_assists_per90 | pre1_canonical_goals_per90 | pre1_canonical_assists_per90 | pre2_canonical_goals_per90 | pre2_canonical_assists_per90 | pre365_goals_per90__x__Attack | pre365_goals_per90__x__Midfield | pre365_goals_per90__x__Defender | pre365_assists_per90__x__Attack | pre365_assists_per90__x__Midfield | pre365_assists_per90__x__Defender | pre1_canonical_goals_per90__x__Attack | pre1_canonical_goals_per90__x__Midfield | pre1_canonical_goals_per90__x__Defender | pre1_canonical_assists_per90__x__Attack | pre1_canonical_assists_per90__x__Midfield | pre1_canonical_assists_per90__x__Defender | pre2_canonical_goals_per90__x__Attack | pre2_canonical_goals_per90__x__Midfield | pre2_canonical_goals_per90__x__Defender | pre2_canonical_assists_per90__x__Attack | pre2_canonical_assists_per90__x__Midfield | pre2_canonical_assists_per90__x__Defender,
downside_10pct_12m,origin_2020,R4_compact_role_aware,27,age_at_signing | canonical_position | league | log_market_value_at_signing | pre365_same_club_all_competition_opportunity_share | pre365_same_club_all_competition_appearance_rate | pre1_canonical_minutes_played | pre2_canonical_minutes_played | pre1_fbref_expected_goals | pre1_fbref_progressive_carries | pre1_fbref_progressive_passes | pre1_fbref_pass_completion_pct | exact_duration_years | age_at_expiration | log_annual_gross_eur | log_fixed_wage_commitment_eur | club_salary_percentile | club_salary_share_known | salary_change_from_prior_pct | annual_wage_to_market_value | commitment_to_market_value | pre365_goals_per90__role_pct | pre365_assists_per90__role_pct | pre1_canonical_goals_per90__role_pct | pre1_canonical_assists_per90__role_pct | pre2_canonical_goals_per90__role_pct | pre2_canonical_assists_per90__role_pct,percentile
downside_10pct_12m,origin_2021,R0_deployed_reproduction,27,age_at_signing | canonical_position | league | log_market_value_at_signing | pre365_same_club_all_competition_opportunity_share | pre365_same_club_all_competition_appearance_rate | pre365_goals_per90 | pre365_assists_per90 | pre1_canonical_minutes_played | pre1_canonical_goals_per90 | pre1_canonical_assists_per90 | pre2_canonical_minutes_played | pre2_canonical_goals_per90 | pre2_canonical_assists_per90 | pre1_fbref_expected_goals | pre1_fbref_progressive_carries | pre1_fbref_progressive_passes | pre1_fbref_pass_completion_pct | exact_duration_years | age_at_expiration | log_annual_gross_eur | log_fixed_wage_commitment_eur | club_salary_percentile | club_salary_share_known | salary_change_from_prior_pct | annual_wage_to_market_value | commitment_to_market_value,
downside_10pct_12m,origin_2021,R1_remove_scoring,21,age_at_signing | canonical_position | league | log_market_value_at_signing | pre365_same_club_all_competition_opportunity_share | pre365_same_club_all_competition_appearance_rate | pre1_canonical_minutes_played | pre2_canonical_minutes_played | pre1_fbref_expected_goals | pre1_fbref_progressive_carries | pre1_fbref_progressive_passes | pre1_fbref_pass_completion_pct | exact_duration_years | age_at_expiration | log_annual_gross_eur | log_fixed_wage_commitment_eur | club_salary_percentile | club_salary_share_known | salary_change_from_prior_pct | annual_wage_to_market_value | commitment_to_market_value,
downside_10pct_12m,origin_2021,R2_position_relative,27,age_at_signing | canonical_position | league | log_market_value_at_signing | pre365_same_club_all_competition_opportunity_share | pre365_same_club_all_competition_appearance_rate | pre1_canonical_minutes_played | pre2_canonical_minutes_played | pre1_fbref_expected_goals | pre1_fbref_progressive_carries | pre1_fbref_progressive_passes | pre1_fbref_pass_completion_pct | exact_duration_years | age_at_expiration | log_annual_gross_eur | log_fixed_wage_commitment_eur | club_salary_percentile | club_salary_share_known | salary_change_from_prior_pct | annual_wage_to_market_value | commitment_to_market_value | pre365_goals_per90__role_pct | pre365_assists_per90__role_pct | pre1_canonical_goals_per90__role_pct | pre1_canonical_assists_per90__role_pct | pre2_canonical_goals_per90__role_pct | pre2_canonical_assists_per90__role_pct,
downside_10pct_12m,origin_2021,R3_position_interactions,45,age_at_signing | canonical_position | league | log_market_value_at_signing | pre365_same_club_all_competition_opportunity_share | pre365_same_club_all_competition_appearance_rate | pre1_canonical_minutes_played | pre2_canonical_minutes_played | pre1_fbref_expected_goals | pre1_fbref_progressive_carries | pre1_fbref_progressive_passes | pre1_fbref_pass_completion_pct | exact_duration_years | age_at_expiration | log_annual_gross_eur | log_fixed_wage_commitment_eur | club_salary_percentile | club_salary_share_known | salary_change_from_prior_pct | annual_wage_to_market_value | commitment_to_market_value | pre365_goals_per90 | pre365_assists_per90 | pre1_canonical_goals_per90 | pre1_canonical_assists_per90 | pre2_canonical_goals_per90 | pre2_canonical_assists_per90 | pre365_goals_per90__x__Attack | pre365_goals_per90__x__Midfield | pre365_goals_per90__x__Defender | pre365_assists_per90__x__Attack | pre365_assists_per90__x__Midfield | pre365_assists_per90__x__Defender | pre1_canonical_goals_per90__x__Attack | pre1_canonical_goals_per90__x__Midfield | pre1_canonical_goals_per90__x__Defender | pre1_canonical_assists_per90__x__Attack | pre1_canonical_assists_per90__x__Midfield | pre1_canonical_assists_per90__x__Defender | pre2_canonical_goals_per90__x__Attack | pre2_canonical_goals_per90__x__Midfield | pre2_canonical_goals_per90__x__Defender | pre2_canonical_assists_per90__x__Attack | pre2_canonical_assists_per90__x__Midfield | pre2_canonical_assists_per90__x__Defender,
downside_10pct_12m,origin_2021,R4_compact_role_aware,27,age_at_signing | canonical_position | league | log_market_value_at_signing | pre365_same_club_all_competition_opportunity_share | pre365_same_club_all_competition_appearance_rate | pre1_canonical_minutes_played | pre2_canonical_minutes_played | pre1_fbref_expected_goals | pre1_fbref_progressive_carries | pre1_fbref_progressive_passes | pre1_fbref_pass_completion_pct | exact_duration_years | age_at_expiration | log_annual_gross_eur | log_fixed_wage_commitment_eur | club_salary_percentile | club_salary_share_known | salary_change_from_prior_pct | annual_wage_to_market_value | commitment_to_market_value | pre365_goals_per90__role_pct | pre365_assists_per90__role_pct | pre1_canonical_goals_per90__role_pct | pre1_canonical_assists_per90__role_pct | pre2_canonical_goals_per90__role_pct | pre2_canonical_assists_per90__role_pct,percentile
downside_10pct_12m,origin_2022,R0_deployed_reproduction,27,age_at_signing | canonical_position | league | log_market_value_at_signing | pre365_same_club_all_competition_opportunity_share | pre365_same_club_all_competition_appearance_rate | pre365_goals_per90 | pre365_assists_per90 | pre1_canonical_minutes_played | pre1_canonical_goals_per90 | pre1_canonical_assists_per90 | pre2_canonical_minutes_played | pre2_canonical_goals_per90 | pre2_canonical_assists_per90 | pre1_fbref_expected_goals | pre1_fbref_progressive_carries | pre1_fbref_progressive_passes | pre1_fbref_pass_completion_pct | exact_duration_years | age_at_expiration | log_annual_gross_eur | log_fixed_wage_commitment_eur | club_salary_percentile | club_salary_share_known | salary_change_from_prior_pct | annual_wage_to_market_value | commitment_to_market_value,
downside_10pct_12m,origin_2022,R1_remove_scoring,21,age_at_signing | canonical_position | league | log_market_value_at_signing | pre365_same_club_all_competition_opportunity_share | pre365_same_club_all_competition_appearance_rate | pre1_canonical_minutes_played | pre2_canonical_minutes_played | pre1_fbref_expected_goals | pre1_fbref_progressive_carries | pre1_fbref_progressive_passes | pre1_fbref_pass_completion_pct | exact_duration_years | age_at_expiration | log_annual_gross_eur | log_fixed_wage_commitment_eur | club_salary_percentile | club_salary_share_known | salary_change_from_prior_pct | annual_wage_to_market_value | commitment_to_market_value,
downside_10pct_12m,origin_2022,R2_position_relative,27,age_at_signing | canonical_position | league | log_market_value_at_signing | pre365_same_club_all_competition_opportunity_share | pre365_same_club_all_competition_appearance_rate | pre1_canonical_minutes_played | pre2_canonical_minutes_played | pre1_fbref_expected_goals | pre1_fbref_progressive_carries | pre1_fbref_progressive_passes | pre1_fbref_pass_completion_pct | exact_duration_years | age_at_expiration | log_annual_gross_eur | log_fixed_wage_commitment_eur | club_salary_percentile | club_salary_share_known | salary_change_from_prior_pct | annual_wage_to_market_value | commitment_to_market_value | pre365_goals_per90__role_z | pre365_assists_per90__role_z | pre1_canonical_goals_per90__role_z | pre1_canonical_assists_per90__role_z | pre2_canonical_goals_per90__role_z | pre2_canonical_assists_per90__role_z,
downside_10pct_12m,origin_2022,R3_position_interactions,45,age_at_signing | canonical_position | league | log_market_value_at_signing | pre365_same_club_all_competition_opportunity_share | pre365_same_club_all_competition_appearance_rate | pre1_canonical_minutes_played | pre2_canonical_minutes_played | pre1_fbref_expected_goals | pre1_fbref_progressive_carries | pre1_fbref_progressive_passes | pre1_fbref_pass_completion_pct | exact_duration_years | age_at_expiration | log_annual_gross_eur | log_fixed_wage_commitment_eur | club_salary_percentile | club_salary_share_known | salary_change_from_prior_pct | annual_wage_to_market_value | commitment_to_market_value | pre365_goals_per90 | pre365_assists_per90 | pre1_canonical_goals_per90 | pre1_canonical_assists_per90 | pre2_canonical_goals_per90 | pre2_canonical_assists_per90 | pre365_goals_per90__x__Attack | pre365_goals_per90__x__Midfield | pre365_goals_per90__x__Defender | pre365_assists_per90__x__Attack | pre365_assists_per90__x__Midfield | pre365_assists_per90__x__Defender | pre1_canonical_goals_per90__x__Attack | pre1_canonical_goals_per90__x__Midfield | pre1_canonical_goals_per90__x__Defender | pre1_canonical_assists_per90__x__Attack | pre1_canonical_assists_per90__x__Midfield | pre1_canonical_assists_per90__x__Defender | pre2_canonical_goals_per90__x__Attack | pre2_canonical_goals_per90__x__Midfield | pre2_canonical_goals_per90__x__Defender | pre2_canonical_assists_per90__x__Attack | pre2_canonical_assists_per90__x__Midfield | pre2_canonical_assists_per90__x__Defender,
downside_10pct_12m,origin_2022,R4_compact_role_aware,45,age_at_signing | canonical_position | league | log_market_value_at_signing | pre365_same_club_all_competition_opportunity_share | pre365_same_club_all_competition_appearance_rate | pre1_canonical_minutes_played | pre2_canonical_minutes_played | pre1_fbref_expected_goals | pre1_fbref_progressive_carries | pre1_fbref_progressive_passes | pre1_fbref_pass_completion_pct | exact_duration_years | age_at_expiration | log_annual_gross_eur | log_fixed_wage_commitment_eur | club_salary_percentile | club_salary_share_known | salary_change_from_prior_pct | annual_wage_to_market_value | commitment_to_market_value | pre365_goals_per90 | pre365_assists_per90 | pre1_canonical_goals_per90 | pre1_canonical_assists_per90 | pre2_canonical_goals_per90 | pre2_canonical_assists_per90 | pre365_goals_per90__x__Attack | pre365_goals_per90__x__Midfield | pre365_goals_per90__x__Defender | pre365_assists_per90__x__Attack | pre365_assists_per90__x__Midfield | pre365_assists_per90__x__Defender | pre1_canonical_goals_per90__x__Attack | pre1_canonical_goals_per90__x__Midfield | pre1_canonical_goals_per90__x__Defender | pre1_canonical_assists_per90__x__Attack | pre1_canonical_assists_per90__x__Midfield | pre1_canonical_assists_per90__x__Defender | pre2_canonical_goals_per90__x__Attack | pre2_canonical_goals_per90__x__Midfield | pre2_canonical_goals_per90__x__Defender | pre2_canonical_assists_per90__x__Attack | pre2_canonical_assists_per90__x__Midfield | pre2_canonical_assists_per90__x__Defender,zscore
downside_10pct_12m,origin_2023,R0_deployed_reproduction,27,age_at_signing | canonical_position | league | log_market_value_at_signing | pre365_same_club_all_competition_opportunity_share | pre365_same_club_all_competition_appearance_rate | pre365_goals_per90 | pre365_assists_per90 | pre1_canonical_minutes_played | pre1_canonical_goals_per90 | pre1_canonical_assists_per90 | pre2_canonical_minutes_played | pre2_canonical_goals_per90 | pre2_canonical_assists_per90 | pre1_fbref_expected_goals | pre1_fbref_progressive_carries | pre1_fbref_progressive_passes | pre1_fbref_pass_completion_pct | exact_duration_years | age_at_expiration | log_annual_gross_eur | log_fixed_wage_commitment_eur | club_salary_percentile | club_salary_share_known | salary_change_from_prior_pct | annual_wage_to_market_value | commitment_to_market_value,
downside_10pct_12m,origin_2023,R1_remove_scoring,21,age_at_signing | canonical_position | league | log_market_value_at_signing | pre365_same_club_all_competition_opportunity_share | pre365_same_club_all_competition_appearance_rate | pre1_canonical_minutes_played | pre2_canonical_minutes_played | pre1_fbref_expected_goals | pre1_fbref_progressive_carries | pre1_fbref_progressive_passes | pre1_fbref_pass_completion_pct | exact_duration_years | age_at_expiration | log_annual_gross_eur | log_fixed_wage_commitment_eur | club_salary_percentile | club_salary_share_known | salary_change_from_prior_pct | annual_wage_to_market_value | commitment_to_market_value,
downside_10pct_12m,origin_2023,R2_position_relative,27,age_at_signing | canonical_position | league | log_market_value_at_signing | pre365_same_club_all_competition_opportunity_share | pre365_same_club_all_competition_appearance_rate | pre1_canonical_minutes_played | pre2_canonical_minutes_played | pre1_fbref_expected_goals | pre1_fbref_progressive_carries | pre1_fbref_progressive_passes | pre1_fbref_pass_completion_pct | exact_duration_years | age_at_expiration | log_annual_gross_eur | log_fixed_wage_commitment_eur | club_salary_percentile | club_salary_share_known | salary_change_from_prior_pct | annual_wage_to_market_value | commitment_to_market_value | pre365_goals_per90__role_z | pre365_assists_per90__role_z | pre1_canonical_goals_per90__role_z | pre1_canonical_assists_per90__role_z | pre2_canonical_goals_per90__role_z | pre2_canonical_assists_per90__role_z,
downside_10pct_12m,origin_2023,R3_position_interactions,45,age_at_signing | canonical_position | league | log_market_value_at_signing | pre365_same_club_all_competition_opportunity_share | pre365_same_club_all_competition_appearance_rate | pre1_canonical_minutes_played | pre2_canonical_minutes_played | pre1_fbref_expected_goals | pre1_fbref_progressive_carries | pre1_fbref_progressive_passes | pre1_fbref_pass_completion_pct | exact_duration_years | age_at_expiration | log_annual_gross_eur | log_fixed_wage_commitment_eur | club_salary_percentile | club_salary_share_known | salary_change_from_prior_pct | annual_wage_to_market_value | commitment_to_market_value | pre365_goals_per90 | pre365_assists_per90 | pre1_canonical_goals_per90 | pre1_canonical_assists_per90 | pre2_canonical_goals_per90 | pre2_canonical_assists_per90 | pre365_goals_per90__x__Attack | pre365_goals_per90__x__Midfield | pre365_goals_per90__x__Defender | pre365_assists_per90__x__Attack | pre365_assists_per90__x__Midfield | pre365_assists_per90__x__Defender | pre1_canonical_goals_per90__x__Attack | pre1_canonical_goals_per90__x__Midfield | pre1_canonical_goals_per90__x__Defender | pre1_canonical_assists_per90__x__Attack | pre1_canonical_assists_per90__x__Midfield | pre1_canonical_assists_per90__x__Defender | pre2_canonical_goals_per90__x__Attack | pre2_canonical_goals_per90__x__Midfield | pre2_canonical_goals_per90__x__Defender | pre2_canonical_assists_per90__x__Attack | pre2_canonical_assists_per90__x__Midfield | pre2_canonical_assists_per90__x__Defender,
downside_10pct_12m,origin_2023,R4_compact_role_aware,27,age_at_signing | canonical_position | league | log_market_value_at_signing | pre365_same_club_all_competition_opportunity_share | pre365_same_club_all_competition_appearance_rate | pre1_canonical_minutes_played | pre2_canonical_minutes_played | pre1_fbref_expected_goals | pre1_fbref_progressive_carries | pre1_fbref_progressive_passes | pre1_fbref_pass_completion_pct | exact_duration_years | age_at_expiration | log_annual_gross_eur | log_fixed_wage_commitment_eur | club_salary_percentile | club_salary_share_known | salary_change_from_prior_pct | annual_wage_to_market_value | commitment_to_market_value | pre365_goals_per90__role_z | pre365_assists_per90__role_z | pre1_canonical_goals_per90__role_z | pre1_canonical_assists_per90__role_z | pre2_canonical_goals_per90__role_z | pre2_canonical_assists_per90__role_z,zscore
downside_10pct_24m,origin_2020,R0_deployed_reproduction,27,age_at_signing | canonical_position | league | log_market_value_at_signing | pre365_same_club_all_competition_opportunity_share | pre365_same_club_all_competition_appearance_rate | pre365_goals_per90 | pre365_assists_per90 | pre1_canonical_minutes_played | pre1_canonical_goals_per90 | pre1_canonical_assists_per90 | pre2_canonical_minutes_played | pre2_canonical_goals_per90 | pre2_canonical_assists_per90 | pre1_fbref_expected_goals | pre1_fbref_progressive_carries | pre1_fbref_progressive_passes | pre1_fbref_pass_completion_pct | exact_duration_years | age_at_expiration | log_annual_gross_eur | log_fixed_wage_commitment_eur | club_salary_percentile | club_salary_share_known | salary_change_from_prior_pct | annual_wage_to_market_value | commitment_to_market_value,
downside_10pct_24m,origin_2020,R1_remove_scoring,21,age_at_signing | canonical_position | league | log_market_value_at_signing | pre365_same_club_all_competition_opportunity_share | pre365_same_club_all_competition_appearance_rate | pre1_canonical_minutes_played | pre2_canonical_minutes_played | pre1_fbref_expected_goals | pre1_fbref_progressive_carries | pre1_fbref_progressive_passes | pre1_fbref_pass_completion_pct | exact_duration_years | age_at_expiration | log_annual_gross_eur | log_fixed_wage_commitment_eur | club_salary_percentile | club_salary_share_known | salary_change_from_prior_pct | annual_wage_to_market_value | commitment_to_market_value,
downside_10pct_24m,origin_2020,R2_position_relative,27,age_at_signing | canonical_position | league | log_market_value_at_signing | pre365_same_club_all_competition_opportunity_share | pre365_same_club_all_competition_appearance_rate | pre1_canonical_minutes_played | pre2_canonical_minutes_played | pre1_fbref_expected_goals | pre1_fbref_progressive_carries | pre1_fbref_progressive_passes | pre1_fbref_pass_completion_pct | exact_duration_years | age_at_expiration | log_annual_gross_eur | log_fixed_wage_commitment_eur | club_salary_percentile | club_salary_share_known | salary_change_from_prior_pct | annual_wage_to_market_value | commitment_to_market_value | pre365_goals_per90__role_pct | pre365_assists_per90__role_pct | pre1_canonical_goals_per90__role_pct | pre1_canonical_assists_per90__role_pct | pre2_canonical_goals_per90__role_pct | pre2_canonical_assists_per90__role_pct,
downside_10pct_24m,origin_2020,R3_position_interactions,45,age_at_signing | canonical_position | league | log_market_value_at_signing | pre365_same_club_all_competition_opportunity_share | pre365_same_club_all_competition_appearance_rate | pre1_canonical_minutes_played | pre2_canonical_minutes_played | pre1_fbref_expected_goals | pre1_fbref_progressive_carries | pre1_fbref_progressive_passes | pre1_fbref_pass_completion_pct | exact_duration_years | age_at_expiration | log_annual_gross_eur | log_fixed_wage_commitment_eur | club_salary_percentile | club_salary_share_known | salary_change_from_prior_pct | annual_wage_to_market_value | commitment_to_market_value | pre365_goals_per90 | pre365_assists_per90 | pre1_canonical_goals_per90 | pre1_canonical_assists_per90 | pre2_canonical_goals_per90 | pre2_canonical_assists_per90 | pre365_goals_per90__x__Attack | pre365_goals_per90__x__Midfield | pre365_goals_per90__x__Defender | pre365_assists_per90__x__Attack | pre365_assists_per90__x__Midfield | pre365_assists_per90__x__Defender | pre1_canonical_goals_per90__x__Attack | pre1_canonical_goals_per90__x__Midfield | pre1_canonical_goals_per90__x__Defender | pre1_canonical_assists_per90__x__Attack | pre1_canonical_assists_per90__x__Midfield | pre1_canonical_assists_per90__x__Defender | pre2_canonical_goals_per90__x__Attack | pre2_canonical_goals_per90__x__Midfield | pre2_canonical_goals_per90__x__Defender | pre2_canonical_assists_per90__x__Attack | pre2_canonical_assists_per90__x__Midfield | pre2_canonical_assists_per90__x__Defender,
downside_10pct_24m,origin_2020,R4_compact_role_aware,27,age_at_signing | canonical_position | league | log_market_value_at_signing | pre365_same_club_all_competition_opportunity_share | pre365_same_club_all_competition_appearance_rate | pre1_canonical_minutes_played | pre2_canonical_minutes_played | pre1_fbref_expected_goals | pre1_fbref_progressive_carries | pre1_fbref_progressive_passes | pre1_fbref_pass_completion_pct | exact_duration_years | age_at_expiration | log_annual_gross_eur | log_fixed_wage_commitment_eur | club_salary_percentile | club_salary_share_known | salary_change_from_prior_pct | annual_wage_to_market_value | commitment_to_market_value | pre365_goals_per90__role_pct | pre365_assists_per90__role_pct | pre1_canonical_goals_per90__role_pct | pre1_canonical_assists_per90__role_pct | pre2_canonical_goals_per90__role_pct | pre2_canonical_assists_per90__role_pct,percentile
downside_10pct_24m,origin_2021,R0_deployed_reproduction,27,age_at_signing | canonical_position | league | log_market_value_at_signing | pre365_same_club_all_competition_opportunity_share | pre365_same_club_all_competition_appearance_rate | pre365_goals_per90 | pre365_assists_per90 | pre1_canonical_minutes_played | pre1_canonical_goals_per90 | pre1_canonical_assists_per90 | pre2_canonical_minutes_played | pre2_canonical_goals_per90 | pre2_canonical_assists_per90 | pre1_fbref_expected_goals | pre1_fbref_progressive_carries | pre1_fbref_progressive_passes | pre1_fbref_pass_completion_pct | exact_duration_years | age_at_expiration | log_annual_gross_eur | log_fixed_wage_commitment_eur | club_salary_percentile | club_salary_share_known | salary_change_from_prior_pct | annual_wage_to_market_value | commitment_to_market_value,
downside_10pct_24m,origin_2021,R1_remove_scoring,21,age_at_signing | canonical_position | league | log_market_value_at_signing | pre365_same_club_all_competition_opportunity_share | pre365_same_club_all_competition_appearance_rate | pre1_canonical_minutes_played | pre2_canonical_minutes_played | pre1_fbref_expected_goals | pre1_fbref_progressive_carries | pre1_fbref_progressive_passes | pre1_fbref_pass_completion_pct | exact_duration_years | age_at_expiration | log_annual_gross_eur | log_fixed_wage_commitment_eur | club_salary_percentile | club_salary_share_known | salary_change_from_prior_pct | annual_wage_to_market_value | commitment_to_market_value,
downside_10pct_24m,origin_2021,R2_position_relative,27,age_at_signing | canonical_position | league | log_market_value_at_signing | pre365_same_club_all_competition_opportunity_share | pre365_same_club_all_competition_appearance_rate | pre1_canonical_minutes_played | pre2_canonical_minutes_played | pre1_fbref_expected_goals | pre1_fbref_progressive_carries | pre1_fbref_progressive_passes | pre1_fbref_pass_completion_pct | exact_duration_years | age_at_expiration | log_annual_gross_eur | log_fixed_wage_commitment_eur | club_salary_percentile | club_salary_share_known | salary_change_from_prior_pct | annual_wage_to_market_value | commitment_to_market_value | pre365_goals_per90__role_pct | pre365_assists_per90__role_pct | pre1_canonical_goals_per90__role_pct | pre1_canonical_assists_per90__role_pct | pre2_canonical_goals_per90__role_pct | pre2_canonical_assists_per90__role_pct,
downside_10pct_24m,origin_2021,R3_position_interactions,45,age_at_signing | canonical_position | league | log_market_value_at_signing | pre365_same_club_all_competition_opportunity_share | pre365_same_club_all_competition_appearance_rate | pre1_canonical_minutes_played | pre2_canonical_minutes_played | pre1_fbref_expected_goals | pre1_fbref_progressive_carries | pre1_fbref_progressive_passes | pre1_fbref_pass_completion_pct | exact_duration_years | age_at_expiration | log_annual_gross_eur | log_fixed_wage_commitment_eur | club_salary_percentile | club_salary_share_known | salary_change_from_prior_pct | annual_wage_to_market_value | commitment_to_market_value | pre365_goals_per90 | pre365_assists_per90 | pre1_canonical_goals_per90 | pre1_canonical_assists_per90 | pre2_canonical_goals_per90 | pre2_canonical_assists_per90 | pre365_goals_per90__x__Attack | pre365_goals_per90__x__Midfield | pre365_goals_per90__x__Defender | pre365_assists_per90__x__Attack | pre365_assists_per90__x__Midfield | pre365_assists_per90__x__Defender | pre1_canonical_goals_per90__x__Attack | pre1_canonical_goals_per90__x__Midfield | pre1_canonical_goals_per90__x__Defender | pre1_canonical_assists_per90__x__Attack | pre1_canonical_assists_per90__x__Midfield | pre1_canonical_assists_per90__x__Defender | pre2_canonical_goals_per90__x__Attack | pre2_canonical_goals_per90__x__Midfield | pre2_canonical_goals_per90__x__Defender | pre2_canonical_assists_per90__x__Attack | pre2_canonical_assists_per90__x__Midfield | pre2_canonical_assists_per90__x__Defender,
downside_10pct_24m,origin_2021,R4_compact_role_aware,27,age_at_signing | canonical_position | league | log_market_value_at_signing | pre365_same_club_all_competition_opportunity_share | pre365_same_club_all_competition_appearance_rate | pre1_canonical_minutes_played | pre2_canonical_minutes_played | pre1_fbref_expected_goals | pre1_fbref_progressive_carries | pre1_fbref_progressive_passes | pre1_fbref_pass_completion_pct | exact_duration_years | age_at_expiration | log_annual_gross_eur | log_fixed_wage_commitment_eur | club_salary_percentile | club_salary_share_known | salary_change_from_prior_pct | annual_wage_to_market_value | commitment_to_market_value | pre365_goals_per90__role_pct | pre365_assists_per90__role_pct | pre1_canonical_goals_per90__role_pct | pre1_canonical_assists_per90__role_pct | pre2_canonical_goals_per90__role_pct | pre2_canonical_assists_per90__role_pct,percentile
downside_10pct_24m,origin_2022,R0_deployed_reproduction,27,age_at_signing | canonical_position | league | log_market_value_at_signing | pre365_same_club_all_competition_opportunity_share | pre365_same_club_all_competition_appearance_rate | pre365_goals_per90 | pre365_assists_per90 | pre1_canonical_minutes_played | pre1_canonical_goals_per90 | pre1_canonical_assists_per90 | pre2_canonical_minutes_played | pre2_canonical_goals_per90 | pre2_canonical_assists_per90 | pre1_fbref_expected_goals | pre1_fbref_progressive_carries | pre1_fbref_progressive_passes | pre1_fbref_pass_completion_pct | exact_duration_years | age_at_expiration | log_annual_gross_eur | log_fixed_wage_commitment_eur | club_salary_percentile | club_salary_share_known | salary_change_from_prior_pct | annual_wage_to_market_value | commitment_to_market_value,
downside_10pct_24m,origin_2022,R1_remove_scoring,21,age_at_signing | canonical_position | league | log_market_value_at_signing | pre365_same_club_all_competition_opportunity_share | pre365_same_club_all_competition_appearance_rate | pre1_canonical_minutes_played | pre2_canonical_minutes_played | pre1_fbref_expected_goals | pre1_fbref_progressive_carries | pre1_fbref_progressive_passes | pre1_fbref_pass_completion_pct | exact_duration_years | age_at_expiration | log_annual_gross_eur | log_fixed_wage_commitment_eur | club_salary_percentile | club_salary_share_known | salary_change_from_prior_pct | annual_wage_to_market_value | commitment_to_market_value,
downside_10pct_24m,origin_2022,R2_position_relative,27,age_at_signing | canonical_position | league | log_market_value_at_signing | pre365_same_club_all_competition_opportunity_share | pre365_same_club_all_competition_appearance_rate | pre1_canonical_minutes_played | pre2_canonical_minutes_played | pre1_fbref_expected_goals | pre1_fbref_progressive_carries | pre1_fbref_progressive_passes | pre1_fbref_pass_completion_pct | exact_duration_years | age_at_expiration | log_annual_gross_eur | log_fixed_wage_commitment_eur | club_salary_percentile | club_salary_share_known | salary_change_from_prior_pct | annual_wage_to_market_value | commitment_to_market_value | pre365_goals_per90__role_z | pre365_assists_per90__role_z | pre1_canonical_goals_per90__role_z | pre1_canonical_assists_per90__role_z | pre2_canonical_goals_per90__role_z | pre2_canonical_assists_per90__role_z,
downside_10pct_24m,origin_2022,R3_position_interactions,45,age_at_signing | canonical_position | league | log_market_value_at_signing | pre365_same_club_all_competition_opportunity_share | pre365_same_club_all_competition_appearance_rate | pre1_canonical_minutes_played | pre2_canonical_minutes_played | pre1_fbref_expected_goals | pre1_fbref_progressive_carries | pre1_fbref_progressive_passes | pre1_fbref_pass_completion_pct | exact_duration_years | age_at_expiration | log_annual_gross_eur | log_fixed_wage_commitment_eur | club_salary_percentile | club_salary_share_known | salary_change_from_prior_pct | annual_wage_to_market_value | commitment_to_market_value | pre365_goals_per90 | pre365_assists_per90 | pre1_canonical_goals_per90 | pre1_canonical_assists_per90 | pre2_canonical_goals_per90 | pre2_canonical_assists_per90 | pre365_goals_per90__x__Attack | pre365_goals_per90__x__Midfield | pre365_goals_per90__x__Defender | pre365_assists_per90__x__Attack | pre365_assists_per90__x__Midfield | pre365_assists_per90__x__Defender | pre1_canonical_goals_per90__x__Attack | pre1_canonical_goals_per90__x__Midfield | pre1_canonical_goals_per90__x__Defender | pre1_canonical_assists_per90__x__Attack | pre1_canonical_assists_per90__x__Midfield | pre1_canonical_assists_per90__x__Defender | pre2_canonical_goals_per90__x__Attack | pre2_canonical_goals_per90__x__Midfield | pre2_canonical_goals_per90__x__Defender | pre2_canonical_assists_per90__x__Attack | pre2_canonical_assists_per90__x__Midfield | pre2_canonical_assists_per90__x__Defender,
downside_10pct_24m,origin_2022,R4_compact_role_aware,45,age_at_signing | canonical_position | league | log_market_value_at_signing | pre365_same_club_all_competition_opportunity_share | pre365_same_club_all_competition_appearance_rate | pre1_canonical_minutes_played | pre2_canonical_minutes_played | pre1_fbref_expected_goals | pre1_fbref_progressive_carries | pre1_fbref_progressive_passes | pre1_fbref_pass_completion_pct | exact_duration_years | age_at_expiration | log_annual_gross_eur | log_fixed_wage_commitment_eur | club_salary_percentile | club_salary_share_known | salary_change_from_prior_pct | annual_wage_to_market_value | commitment_to_market_value | pre365_goals_per90 | pre365_assists_per90 | pre1_canonical_goals_per90 | pre1_canonical_assists_per90 | pre2_canonical_goals_per90 | pre2_canonical_assists_per90 | pre365_goals_per90__x__Attack | pre365_goals_per90__x__Midfield | pre365_goals_per90__x__Defender | pre365_assists_per90__x__Attack | pre365_assists_per90__x__Midfield | pre365_assists_per90__x__Defender | pre1_canonical_goals_per90__x__Attack | pre1_canonical_goals_per90__x__Midfield | pre1_canonical_goals_per90__x__Defender | pre1_canonical_assists_per90__x__Attack | pre1_canonical_assists_per90__x__Midfield | pre1_canonical_assists_per90__x__Defender | pre2_canonical_goals_per90__x__Attack | pre2_canonical_goals_per90__x__Midfield | pre2_canonical_goals_per90__x__Defender | pre2_canonical_assists_per90__x__Attack | pre2_canonical_assists_per90__x__Midfield | pre2_canonical_assists_per90__x__Defender,zscore
downside_10pct_24m,origin_2023,R0_deployed_reproduction,27,age_at_signing | canonical_position | league | log_market_value_at_signing | pre365_same_club_all_competition_opportunity_share | pre365_same_club_all_competition_appearance_rate | pre365_goals_per90 | pre365_assists_per90 | pre1_canonical_minutes_played | pre1_canonical_goals_per90 | pre1_canonical_assists_per90 | pre2_canonical_minutes_played | pre2_canonical_goals_per90 | pre2_canonical_assists_per90 | pre1_fbref_expected_goals | pre1_fbref_progressive_carries | pre1_fbref_progressive_passes | pre1_fbref_pass_completion_pct | exact_duration_years | age_at_expiration | log_annual_gross_eur | log_fixed_wage_commitment_eur | club_salary_percentile | club_salary_share_known | salary_change_from_prior_pct | annual_wage_to_market_value | commitment_to_market_value,
downside_10pct_24m,origin_2023,R1_remove_scoring,21,age_at_signing | canonical_position | league | log_market_value_at_signing | pre365_same_club_all_competition_opportunity_share | pre365_same_club_all_competition_appearance_rate | pre1_canonical_minutes_played | pre2_canonical_minutes_played | pre1_fbref_expected_goals | pre1_fbref_progressive_carries | pre1_fbref_progressive_passes | pre1_fbref_pass_completion_pct | exact_duration_years | age_at_expiration | log_annual_gross_eur | log_fixed_wage_commitment_eur | club_salary_percentile | club_salary_share_known | salary_change_from_prior_pct | annual_wage_to_market_value | commitment_to_market_value,
downside_10pct_24m,origin_2023,R2_position_relative,27,age_at_signing | canonical_position | league | log_market_value_at_signing | pre365_same_club_all_competition_opportunity_share | pre365_same_club_all_competition_appearance_rate | pre1_canonical_minutes_played | pre2_canonical_minutes_played | pre1_fbref_expected_goals | pre1_fbref_progressive_carries | pre1_fbref_progressive_passes | pre1_fbref_pass_completion_pct | exact_duration_years | age_at_expiration | log_annual_gross_eur | log_fixed_wage_commitment_eur | club_salary_percentile | club_salary_share_known | salary_change_from_prior_pct | annual_wage_to_market_value | commitment_to_market_value | pre365_goals_per90__role_pct | pre365_assists_per90__role_pct | pre1_canonical_goals_per90__role_pct | pre1_canonical_assists_per90__role_pct | pre2_canonical_goals_per90__role_pct | pre2_canonical_assists_per90__role_pct,
downside_10pct_24m,origin_2023,R3_position_interactions,45,age_at_signing | canonical_position | league | log_market_value_at_signing | pre365_same_club_all_competition_opportunity_share | pre365_same_club_all_competition_appearance_rate | pre1_canonical_minutes_played | pre2_canonical_minutes_played | pre1_fbref_expected_goals | pre1_fbref_progressive_carries | pre1_fbref_progressive_passes | pre1_fbref_pass_completion_pct | exact_duration_years | age_at_expiration | log_annual_gross_eur | log_fixed_wage_commitment_eur | club_salary_percentile | club_salary_share_known | salary_change_from_prior_pct | annual_wage_to_market_value | commitment_to_market_value | pre365_goals_per90 | pre365_assists_per90 | pre1_canonical_goals_per90 | pre1_canonical_assists_per90 | pre2_canonical_goals_per90 | pre2_canonical_assists_per90 | pre365_goals_per90__x__Attack | pre365_goals_per90__x__Midfield | pre365_goals_per90__x__Defender | pre365_assists_per90__x__Attack | pre365_assists_per90__x__Midfield | pre365_assists_per90__x__Defender | pre1_canonical_goals_per90__x__Attack | pre1_canonical_goals_per90__x__Midfield | pre1_canonical_goals_per90__x__Defender | pre1_canonical_assists_per90__x__Attack | pre1_canonical_assists_per90__x__Midfield | pre1_canonical_assists_per90__x__Defender | pre2_canonical_goals_per90__x__Attack | pre2_canonical_goals_per90__x__Midfield | pre2_canonical_goals_per90__x__Defender | pre2_canonical_assists_per90__x__Attack | pre2_canonical_assists_per90__x__Midfield | pre2_canonical_assists_per90__x__Defender,
downside_10pct_24m,origin_2023,R4_compact_role_aware,27,age_at_signing | canonical_position | league | log_market_value_at_signing | pre365_same_club_all_competition_opportunity_share | pre365_same_club_all_competition_appearance_rate | pre1_canonical_minutes_played | pre2_canonical_minutes_played | pre1_fbref_expected_goals | pre1_fbref_progressive_carries | pre1_fbref_progressive_passes | pre1_fbref_pass_completion_pct | exact_duration_years | age_at_expiration | log_annual_gross_eur | log_fixed_wage_commitment_eur | club_salary_percentile | club_salary_share_known | salary_change_from_prior_pct | annual_wage_to_market_value | commitment_to_market_value | pre365_goals_per90__role_pct | pre365_assists_per90__role_pct | pre1_canonical_goals_per90__role_pct | pre1_canonical_assists_per90__role_pct | pre2_canonical_goals_per90__role_pct | pre2_canonical_assists_per90__role_pct,percentile
downside_25pct_12m,origin_2020,R0_deployed_reproduction,27,age_at_signing | canonical_position | league | log_market_value_at_signing | pre365_same_club_all_competition_opportunity_share | pre365_same_club_all_competition_appearance_rate | pre365_goals_per90 | pre365_assists_per90 | pre1_canonical_minutes_played | pre1_canonical_goals_per90 | pre1_canonical_assists_per90 | pre2_canonical_minutes_played | pre2_canonical_goals_per90 | pre2_canonical_assists_per90 | pre1_fbref_expected_goals | pre1_fbref_progressive_carries | pre1_fbref_progressive_passes | pre1_fbref_pass_completion_pct | exact_duration_years | age_at_expiration | log_annual_gross_eur | log_fixed_wage_commitment_eur | club_salary_percentile | club_salary_share_known | salary_change_from_prior_pct | annual_wage_to_market_value | commitment_to_market_value,
downside_25pct_12m,origin_2020,R1_remove_scoring,21,age_at_signing | canonical_position | league | log_market_value_at_signing | pre365_same_club_all_competition_opportunity_share | pre365_same_club_all_competition_appearance_rate | pre1_canonical_minutes_played | pre2_canonical_minutes_played | pre1_fbref_expected_goals | pre1_fbref_progressive_carries | pre1_fbref_progressive_passes | pre1_fbref_pass_completion_pct | exact_duration_years | age_at_expiration | log_annual_gross_eur | log_fixed_wage_commitment_eur | club_salary_percentile | club_salary_share_known | salary_change_from_prior_pct | annual_wage_to_market_value | commitment_to_market_value,
downside_25pct_12m,origin_2020,R2_position_relative,27,age_at_signing | canonical_position | league | log_market_value_at_signing | pre365_same_club_all_competition_opportunity_share | pre365_same_club_all_competition_appearance_rate | pre1_canonical_minutes_played | pre2_canonical_minutes_played | pre1_fbref_expected_goals | pre1_fbref_progressive_carries | pre1_fbref_progressive_passes | pre1_fbref_pass_completion_pct | exact_duration_years | age_at_expiration | log_annual_gross_eur | log_fixed_wage_commitment_eur | club_salary_percentile | club_salary_share_known | salary_change_from_prior_pct | annual_wage_to_market_value | commitment_to_market_value | pre365_goals_per90__role_pct | pre365_assists_per90__role_pct | pre1_canonical_goals_per90__role_pct | pre1_canonical_assists_per90__role_pct | pre2_canonical_goals_per90__role_pct | pre2_canonical_assists_per90__role_pct,
downside_25pct_12m,origin_2020,R3_position_interactions,45,age_at_signing | canonical_position | league | log_market_value_at_signing | pre365_same_club_all_competition_opportunity_share | pre365_same_club_all_competition_appearance_rate | pre1_canonical_minutes_played | pre2_canonical_minutes_played | pre1_fbref_expected_goals | pre1_fbref_progressive_carries | pre1_fbref_progressive_passes | pre1_fbref_pass_completion_pct | exact_duration_years | age_at_expiration | log_annual_gross_eur | log_fixed_wage_commitment_eur | club_salary_percentile | club_salary_share_known | salary_change_from_prior_pct | annual_wage_to_market_value | commitment_to_market_value | pre365_goals_per90 | pre365_assists_per90 | pre1_canonical_goals_per90 | pre1_canonical_assists_per90 | pre2_canonical_goals_per90 | pre2_canonical_assists_per90 | pre365_goals_per90__x__Attack | pre365_goals_per90__x__Midfield | pre365_goals_per90__x__Defender | pre365_assists_per90__x__Attack | pre365_assists_per90__x__Midfield | pre365_assists_per90__x__Defender | pre1_canonical_goals_per90__x__Attack | pre1_canonical_goals_per90__x__Midfield | pre1_canonical_goals_per90__x__Defender | pre1_canonical_assists_per90__x__Attack | pre1_canonical_assists_per90__x__Midfield | pre1_canonical_assists_per90__x__Defender | pre2_canonical_goals_per90__x__Attack | pre2_canonical_goals_per90__x__Midfield | pre2_canonical_goals_per90__x__Defender | pre2_canonical_assists_per90__x__Attack | pre2_canonical_assists_per90__x__Midfield | pre2_canonical_assists_per90__x__Defender,
downside_25pct_12m,origin_2020,R4_compact_role_aware,27,age_at_signing | canonical_position | league | log_market_value_at_signing | pre365_same_club_all_competition_opportunity_share | pre365_same_club_all_competition_appearance_rate | pre1_canonical_minutes_played | pre2_canonical_minutes_played | pre1_fbref_expected_goals | pre1_fbref_progressive_carries | pre1_fbref_progressive_passes | pre1_fbref_pass_completion_pct | exact_duration_years | age_at_expiration | log_annual_gross_eur | log_fixed_wage_commitment_eur | club_salary_percentile | club_salary_share_known | salary_change_from_prior_pct | annual_wage_to_market_value | commitment_to_market_value | pre365_goals_per90__role_pct | pre365_assists_per90__role_pct | pre1_canonical_goals_per90__role_pct | pre1_canonical_assists_per90__role_pct | pre2_canonical_goals_per90__role_pct | pre2_canonical_assists_per90__role_pct,percentile
downside_25pct_12m,origin_2021,R0_deployed_reproduction,27,age_at_signing | canonical_position | league | log_market_value_at_signing | pre365_same_club_all_competition_opportunity_share | pre365_same_club_all_competition_appearance_rate | pre365_goals_per90 | pre365_assists_per90 | pre1_canonical_minutes_played | pre1_canonical_goals_per90 | pre1_canonical_assists_per90 | pre2_canonical_minutes_played | pre2_canonical_goals_per90 | pre2_canonical_assists_per90 | pre1_fbref_expected_goals | pre1_fbref_progressive_carries | pre1_fbref_progressive_passes | pre1_fbref_pass_completion_pct | exact_duration_years | age_at_expiration | log_annual_gross_eur | log_fixed_wage_commitment_eur | club_salary_percentile | club_salary_share_known | salary_change_from_prior_pct | annual_wage_to_market_value | commitment_to_market_value,
downside_25pct_12m,origin_2021,R1_remove_scoring,21,age_at_signing | canonical_position | league | log_market_value_at_signing | pre365_same_club_all_competition_opportunity_share | pre365_same_club_all_competition_appearance_rate | pre1_canonical_minutes_played | pre2_canonical_minutes_played | pre1_fbref_expected_goals | pre1_fbref_progressive_carries | pre1_fbref_progressive_passes | pre1_fbref_pass_completion_pct | exact_duration_years | age_at_expiration | log_annual_gross_eur | log_fixed_wage_commitment_eur | club_salary_percentile | club_salary_share_known | salary_change_from_prior_pct | annual_wage_to_market_value | commitment_to_market_value,
downside_25pct_12m,origin_2021,R2_position_relative,27,age_at_signing | canonical_position | league | log_market_value_at_signing | pre365_same_club_all_competition_opportunity_share | pre365_same_club_all_competition_appearance_rate | pre1_canonical_minutes_played | pre2_canonical_minutes_played | pre1_fbref_expected_goals | pre1_fbref_progressive_carries | pre1_fbref_progressive_passes | pre1_fbref_pass_completion_pct | exact_duration_years | age_at_expiration | log_annual_gross_eur | log_fixed_wage_commitment_eur | club_salary_percentile | club_salary_share_known | salary_change_from_prior_pct | annual_wage_to_market_value | commitment_to_market_value | pre365_goals_per90__role_pct | pre365_assists_per90__role_pct | pre1_canonical_goals_per90__role_pct | pre1_canonical_assists_per90__role_pct | pre2_canonical_goals_per90__role_pct | pre2_canonical_assists_per90__role_pct,
downside_25pct_12m,origin_2021,R3_position_interactions,45,age_at_signing | canonical_position | league | log_market_value_at_signing | pre365_same_club_all_competition_opportunity_share | pre365_same_club_all_competition_appearance_rate | pre1_canonical_minutes_played | pre2_canonical_minutes_played | pre1_fbref_expected_goals | pre1_fbref_progressive_carries | pre1_fbref_progressive_passes | pre1_fbref_pass_completion_pct | exact_duration_years | age_at_expiration | log_annual_gross_eur | log_fixed_wage_commitment_eur | club_salary_percentile | club_salary_share_known | salary_change_from_prior_pct | annual_wage_to_market_value | commitment_to_market_value | pre365_goals_per90 | pre365_assists_per90 | pre1_canonical_goals_per90 | pre1_canonical_assists_per90 | pre2_canonical_goals_per90 | pre2_canonical_assists_per90 | pre365_goals_per90__x__Attack | pre365_goals_per90__x__Midfield | pre365_goals_per90__x__Defender | pre365_assists_per90__x__Attack | pre365_assists_per90__x__Midfield | pre365_assists_per90__x__Defender | pre1_canonical_goals_per90__x__Attack | pre1_canonical_goals_per90__x__Midfield | pre1_canonical_goals_per90__x__Defender | pre1_canonical_assists_per90__x__Attack | pre1_canonical_assists_per90__x__Midfield | pre1_canonical_assists_per90__x__Defender | pre2_canonical_goals_per90__x__Attack | pre2_canonical_goals_per90__x__Midfield | pre2_canonical_goals_per90__x__Defender | pre2_canonical_assists_per90__x__Attack | pre2_canonical_assists_per90__x__Midfield | pre2_canonical_assists_per90__x__Defender,
downside_25pct_12m,origin_2021,R4_compact_role_aware,27,age_at_signing | canonical_position | league | log_market_value_at_signing | pre365_same_club_all_competition_opportunity_share | pre365_same_club_all_competition_appearance_rate | pre1_canonical_minutes_played | pre2_canonical_minutes_played | pre1_fbref_expected_goals | pre1_fbref_progressive_carries | pre1_fbref_progressive_passes | pre1_fbref_pass_completion_pct | exact_duration_years | age_at_expiration | log_annual_gross_eur | log_fixed_wage_commitment_eur | club_salary_percentile | club_salary_share_known | salary_change_from_prior_pct | annual_wage_to_market_value | commitment_to_market_value | pre365_goals_per90__role_pct | pre365_assists_per90__role_pct | pre1_canonical_goals_per90__role_pct | pre1_canonical_assists_per90__role_pct | pre2_canonical_goals_per90__role_pct | pre2_canonical_assists_per90__role_pct,percentile
downside_25pct_12m,origin_2022,R0_deployed_reproduction,27,age_at_signing | canonical_position | league | log_market_value_at_signing | pre365_same_club_all_competition_opportunity_share | pre365_same_club_all_competition_appearance_rate | pre365_goals_per90 | pre365_assists_per90 | pre1_canonical_minutes_played | pre1_canonical_goals_per90 | pre1_canonical_assists_per90 | pre2_canonical_minutes_played | pre2_canonical_goals_per90 | pre2_canonical_assists_per90 | pre1_fbref_expected_goals | pre1_fbref_progressive_carries | pre1_fbref_progressive_passes | pre1_fbref_pass_completion_pct | exact_duration_years | age_at_expiration | log_annual_gross_eur | log_fixed_wage_commitment_eur | club_salary_percentile | club_salary_share_known | salary_change_from_prior_pct | annual_wage_to_market_value | commitment_to_market_value,
downside_25pct_12m,origin_2022,R1_remove_scoring,21,age_at_signing | canonical_position | league | log_market_value_at_signing | pre365_same_club_all_competition_opportunity_share | pre365_same_club_all_competition_appearance_rate | pre1_canonical_minutes_played | pre2_canonical_minutes_played | pre1_fbref_expected_goals | pre1_fbref_progressive_carries | pre1_fbref_progressive_passes | pre1_fbref_pass_completion_pct | exact_duration_years | age_at_expiration | log_annual_gross_eur | log_fixed_wage_commitment_eur | club_salary_percentile | club_salary_share_known | salary_change_from_prior_pct | annual_wage_to_market_value | commitment_to_market_value,
downside_25pct_12m,origin_2022,R2_position_relative,27,age_at_signing | canonical_position | league | log_market_value_at_signing | pre365_same_club_all_competition_opportunity_share | pre365_same_club_all_competition_appearance_rate | pre1_canonical_minutes_played | pre2_canonical_minutes_played | pre1_fbref_expected_goals | pre1_fbref_progressive_carries | pre1_fbref_progressive_passes | pre1_fbref_pass_completion_pct | exact_duration_years | age_at_expiration | log_annual_gross_eur | log_fixed_wage_commitment_eur | club_salary_percentile | club_salary_share_known | salary_change_from_prior_pct | annual_wage_to_market_value | commitment_to_market_value | pre365_goals_per90__role_pct | pre365_assists_per90__role_pct | pre1_canonical_goals_per90__role_pct | pre1_canonical_assists_per90__role_pct | pre2_canonical_goals_per90__role_pct | pre2_canonical_assists_per90__role_pct,
downside_25pct_12m,origin_2022,R3_position_interactions,45,age_at_signing | canonical_position | league | log_market_value_at_signing | pre365_same_club_all_competition_opportunity_share | pre365_same_club_all_competition_appearance_rate | pre1_canonical_minutes_played | pre2_canonical_minutes_played | pre1_fbref_expected_goals | pre1_fbref_progressive_carries | pre1_fbref_progressive_passes | pre1_fbref_pass_completion_pct | exact_duration_years | age_at_expiration | log_annual_gross_eur | log_fixed_wage_commitment_eur | club_salary_percentile | club_salary_share_known | salary_change_from_prior_pct | annual_wage_to_market_value | commitment_to_market_value | pre365_goals_per90 | pre365_assists_per90 | pre1_canonical_goals_per90 | pre1_canonical_assists_per90 | pre2_canonical_goals_per90 | pre2_canonical_assists_per90 | pre365_goals_per90__x__Attack | pre365_goals_per90__x__Midfield | pre365_goals_per90__x__Defender | pre365_assists_per90__x__Attack | pre365_assists_per90__x__Midfield | pre365_assists_per90__x__Defender | pre1_canonical_goals_per90__x__Attack | pre1_canonical_goals_per90__x__Midfield | pre1_canonical_goals_per90__x__Defender | pre1_canonical_assists_per90__x__Attack | pre1_canonical_assists_per90__x__Midfield | pre1_canonical_assists_per90__x__Defender | pre2_canonical_goals_per90__x__Attack | pre2_canonical_goals_per90__x__Midfield | pre2_canonical_goals_per90__x__Defender | pre2_canonical_assists_per90__x__Attack | pre2_canonical_assists_per90__x__Midfield | pre2_canonical_assists_per90__x__Defender,
downside_25pct_12m,origin_2022,R4_compact_role_aware,27,age_at_signing | canonical_position | league | log_market_value_at_signing | pre365_same_club_all_competition_opportunity_share | pre365_same_club_all_competition_appearance_rate | pre1_canonical_minutes_played | pre2_canonical_minutes_played | pre1_fbref_expected_goals | pre1_fbref_progressive_carries | pre1_fbref_progressive_passes | pre1_fbref_pass_completion_pct | exact_duration_years | age_at_expiration | log_annual_gross_eur | log_fixed_wage_commitment_eur | club_salary_percentile | club_salary_share_known | salary_change_from_prior_pct | annual_wage_to_market_value | commitment_to_market_value | pre365_goals_per90__role_pct | pre365_assists_per90__role_pct | pre1_canonical_goals_per90__role_pct | pre1_canonical_assists_per90__role_pct | pre2_canonical_goals_per90__role_pct | pre2_canonical_assists_per90__role_pct,percentile
downside_25pct_12m,origin_2023,R0_deployed_reproduction,27,age_at_signing | canonical_position | league | log_market_value_at_signing | pre365_same_club_all_competition_opportunity_share | pre365_same_club_all_competition_appearance_rate | pre365_goals_per90 | pre365_assists_per90 | pre1_canonical_minutes_played | pre1_canonical_goals_per90 | pre1_canonical_assists_per90 | pre2_canonical_minutes_played | pre2_canonical_goals_per90 | pre2_canonical_assists_per90 | pre1_fbref_expected_goals | pre1_fbref_progressive_carries | pre1_fbref_progressive_passes | pre1_fbref_pass_completion_pct | exact_duration_years | age_at_expiration | log_annual_gross_eur | log_fixed_wage_commitment_eur | club_salary_percentile | club_salary_share_known | salary_change_from_prior_pct | annual_wage_to_market_value | commitment_to_market_value,
downside_25pct_12m,origin_2023,R1_remove_scoring,21,age_at_signing | canonical_position | league | log_market_value_at_signing | pre365_same_club_all_competition_opportunity_share | pre365_same_club_all_competition_appearance_rate | pre1_canonical_minutes_played | pre2_canonical_minutes_played | pre1_fbref_expected_goals | pre1_fbref_progressive_carries | pre1_fbref_progressive_passes | pre1_fbref_pass_completion_pct | exact_duration_years | age_at_expiration | log_annual_gross_eur | log_fixed_wage_commitment_eur | club_salary_percentile | club_salary_share_known | salary_change_from_prior_pct | annual_wage_to_market_value | commitment_to_market_value,
downside_25pct_12m,origin_2023,R2_position_relative,27,age_at_signing | canonical_position | league | log_market_value_at_signing | pre365_same_club_all_competition_opportunity_share | pre365_same_club_all_competition_appearance_rate | pre1_canonical_minutes_played | pre2_canonical_minutes_played | pre1_fbref_expected_goals | pre1_fbref_progressive_carries | pre1_fbref_progressive_passes | pre1_fbref_pass_completion_pct | exact_duration_years | age_at_expiration | log_annual_gross_eur | log_fixed_wage_commitment_eur | club_salary_percentile | club_salary_share_known | salary_change_from_prior_pct | annual_wage_to_market_value | commitment_to_market_value | pre365_goals_per90__role_pct | pre365_assists_per90__role_pct | pre1_canonical_goals_per90__role_pct | pre1_canonical_assists_per90__role_pct | pre2_canonical_goals_per90__role_pct | pre2_canonical_assists_per90__role_pct,
downside_25pct_12m,origin_2023,R3_position_interactions,45,age_at_signing | canonical_position | league | log_market_value_at_signing | pre365_same_club_all_competition_opportunity_share | pre365_same_club_all_competition_appearance_rate | pre1_canonical_minutes_played | pre2_canonical_minutes_played | pre1_fbref_expected_goals | pre1_fbref_progressive_carries | pre1_fbref_progressive_passes | pre1_fbref_pass_completion_pct | exact_duration_years | age_at_expiration | log_annual_gross_eur | log_fixed_wage_commitment_eur | club_salary_percentile | club_salary_share_known | salary_change_from_prior_pct | annual_wage_to_market_value | commitment_to_market_value | pre365_goals_per90 | pre365_assists_per90 | pre1_canonical_goals_per90 | pre1_canonical_assists_per90 | pre2_canonical_goals_per90 | pre2_canonical_assists_per90 | pre365_goals_per90__x__Attack | pre365_goals_per90__x__Midfield | pre365_goals_per90__x__Defender | pre365_assists_per90__x__Attack | pre365_assists_per90__x__Midfield | pre365_assists_per90__x__Defender | pre1_canonical_goals_per90__x__Attack | pre1_canonical_goals_per90__x__Midfield | pre1_canonical_goals_per90__x__Defender | pre1_canonical_assists_per90__x__Attack | pre1_canonical_assists_per90__x__Midfield | pre1_canonical_assists_per90__x__Defender | pre2_canonical_goals_per90__x__Attack | pre2_canonical_goals_per90__x__Midfield | pre2_canonical_goals_per90__x__Defender | pre2_canonical_assists_per90__x__Attack | pre2_canonical_assists_per90__x__Midfield | pre2_canonical_assists_per90__x__Defender,
downside_25pct_12m,origin_2023,R4_compact_role_aware,27,age_at_signing | canonical_position | league | log_market_value_at_signing | pre365_same_club_all_competition_opportunity_share | pre365_same_club_all_competition_appearance_rate | pre1_canonical_minutes_played | pre2_canonical_minutes_played | pre1_fbref_expected_goals | pre1_fbref_progressive_carries | pre1_fbref_progressive_passes | pre1_fbref_pass_completion_pct | exact_duration_years | age_at_expiration | log_annual_gross_eur | log_fixed_wage_commitment_eur | club_salary_percentile | club_salary_share_known | salary_change_from_prior_pct | annual_wage_to_market_value | commitment_to_market_value | pre365_goals_per90__role_pct | pre365_assists_per90__role_pct | pre1_canonical_goals_per90__role_pct | pre1_canonical_assists_per90__role_pct | pre2_canonical_goals_per90__role_pct | pre2_canonical_assists_per90__role_pct,percentile
downside_25pct_24m,origin_2020,R0_deployed_reproduction,27,age_at_signing | canonical_position | league | log_market_value_at_signing | pre365_same_club_all_competition_opportunity_share | pre365_same_club_all_competition_appearance_rate | pre365_goals_per90 | pre365_assists_per90 | pre1_canonical_minutes_played | pre1_canonical_goals_per90 | pre1_canonical_assists_per90 | pre2_canonical_minutes_played | pre2_canonical_goals_per90 | pre2_canonical_assists_per90 | pre1_fbref_expected_goals | pre1_fbref_progressive_carries | pre1_fbref_progressive_passes | pre1_fbref_pass_completion_pct | exact_duration_years | age_at_expiration | log_annual_gross_eur | log_fixed_wage_commitment_eur | club_salary_percentile | club_salary_share_known | salary_change_from_prior_pct | annual_wage_to_market_value | commitment_to_market_value,
downside_25pct_24m,origin_2020,R1_remove_scoring,21,age_at_signing | canonical_position | league | log_market_value_at_signing | pre365_same_club_all_competition_opportunity_share | pre365_same_club_all_competition_appearance_rate | pre1_canonical_minutes_played | pre2_canonical_minutes_played | pre1_fbref_expected_goals | pre1_fbref_progressive_carries | pre1_fbref_progressive_passes | pre1_fbref_pass_completion_pct | exact_duration_years | age_at_expiration | log_annual_gross_eur | log_fixed_wage_commitment_eur | club_salary_percentile | club_salary_share_known | salary_change_from_prior_pct | annual_wage_to_market_value | commitment_to_market_value,
downside_25pct_24m,origin_2020,R2_position_relative,27,age_at_signing | canonical_position | league | log_market_value_at_signing | pre365_same_club_all_competition_opportunity_share | pre365_same_club_all_competition_appearance_rate | pre1_canonical_minutes_played | pre2_canonical_minutes_played | pre1_fbref_expected_goals | pre1_fbref_progressive_carries | pre1_fbref_progressive_passes | pre1_fbref_pass_completion_pct | exact_duration_years | age_at_expiration | log_annual_gross_eur | log_fixed_wage_commitment_eur | club_salary_percentile | club_salary_share_known | salary_change_from_prior_pct | annual_wage_to_market_value | commitment_to_market_value | pre365_goals_per90__role_z | pre365_assists_per90__role_z | pre1_canonical_goals_per90__role_z | pre1_canonical_assists_per90__role_z | pre2_canonical_goals_per90__role_z | pre2_canonical_assists_per90__role_z,
downside_25pct_24m,origin_2020,R3_position_interactions,45,age_at_signing | canonical_position | league | log_market_value_at_signing | pre365_same_club_all_competition_opportunity_share | pre365_same_club_all_competition_appearance_rate | pre1_canonical_minutes_played | pre2_canonical_minutes_played | pre1_fbref_expected_goals | pre1_fbref_progressive_carries | pre1_fbref_progressive_passes | pre1_fbref_pass_completion_pct | exact_duration_years | age_at_expiration | log_annual_gross_eur | log_fixed_wage_commitment_eur | club_salary_percentile | club_salary_share_known | salary_change_from_prior_pct | annual_wage_to_market_value | commitment_to_market_value | pre365_goals_per90 | pre365_assists_per90 | pre1_canonical_goals_per90 | pre1_canonical_assists_per90 | pre2_canonical_goals_per90 | pre2_canonical_assists_per90 | pre365_goals_per90__x__Attack | pre365_goals_per90__x__Midfield | pre365_goals_per90__x__Defender | pre365_assists_per90__x__Attack | pre365_assists_per90__x__Midfield | pre365_assists_per90__x__Defender | pre1_canonical_goals_per90__x__Attack | pre1_canonical_goals_per90__x__Midfield | pre1_canonical_goals_per90__x__Defender | pre1_canonical_assists_per90__x__Attack | pre1_canonical_assists_per90__x__Midfield | pre1_canonical_assists_per90__x__Defender | pre2_canonical_goals_per90__x__Attack | pre2_canonical_goals_per90__x__Midfield | pre2_canonical_goals_per90__x__Defender | pre2_canonical_assists_per90__x__Attack | pre2_canonical_assists_per90__x__Midfield | pre2_canonical_assists_per90__x__Defender,
downside_25pct_24m,origin_2020,R4_compact_role_aware,27,age_at_signing | canonical_position | league | log_market_value_at_signing | pre365_same_club_all_competition_opportunity_share | pre365_same_club_all_competition_appearance_rate | pre1_canonical_minutes_played | pre2_canonical_minutes_played | pre1_fbref_expected_goals | pre1_fbref_progressive_carries | pre1_fbref_progressive_passes | pre1_fbref_pass_completion_pct | exact_duration_years | age_at_expiration | log_annual_gross_eur | log_fixed_wage_commitment_eur | club_salary_percentile | club_salary_share_known | salary_change_from_prior_pct | annual_wage_to_market_value | commitment_to_market_value | pre365_goals_per90__role_z | pre365_assists_per90__role_z | pre1_canonical_goals_per90__role_z | pre1_canonical_assists_per90__role_z | pre2_canonical_goals_per90__role_z | pre2_canonical_assists_per90__role_z,zscore
downside_25pct_24m,origin_2021,R0_deployed_reproduction,27,age_at_signing | canonical_position | league | log_market_value_at_signing | pre365_same_club_all_competition_opportunity_share | pre365_same_club_all_competition_appearance_rate | pre365_goals_per90 | pre365_assists_per90 | pre1_canonical_minutes_played | pre1_canonical_goals_per90 | pre1_canonical_assists_per90 | pre2_canonical_minutes_played | pre2_canonical_goals_per90 | pre2_canonical_assists_per90 | pre1_fbref_expected_goals | pre1_fbref_progressive_carries | pre1_fbref_progressive_passes | pre1_fbref_pass_completion_pct | exact_duration_years | age_at_expiration | log_annual_gross_eur | log_fixed_wage_commitment_eur | club_salary_percentile | club_salary_share_known | salary_change_from_prior_pct | annual_wage_to_market_value | commitment_to_market_value,
downside_25pct_24m,origin_2021,R1_remove_scoring,21,age_at_signing | canonical_position | league | log_market_value_at_signing | pre365_same_club_all_competition_opportunity_share | pre365_same_club_all_competition_appearance_rate | pre1_canonical_minutes_played | pre2_canonical_minutes_played | pre1_fbref_expected_goals | pre1_fbref_progressive_carries | pre1_fbref_progressive_passes | pre1_fbref_pass_completion_pct | exact_duration_years | age_at_expiration | log_annual_gross_eur | log_fixed_wage_commitment_eur | club_salary_percentile | club_salary_share_known | salary_change_from_prior_pct | annual_wage_to_market_value | commitment_to_market_value,
downside_25pct_24m,origin_2021,R2_position_relative,27,age_at_signing | canonical_position | league | log_market_value_at_signing | pre365_same_club_all_competition_opportunity_share | pre365_same_club_all_competition_appearance_rate | pre1_canonical_minutes_played | pre2_canonical_minutes_played | pre1_fbref_expected_goals | pre1_fbref_progressive_carries | pre1_fbref_progressive_passes | pre1_fbref_pass_completion_pct | exact_duration_years | age_at_expiration | log_annual_gross_eur | log_fixed_wage_commitment_eur | club_salary_percentile | club_salary_share_known | salary_change_from_prior_pct | annual_wage_to_market_value | commitment_to_market_value | pre365_goals_per90__role_pct | pre365_assists_per90__role_pct | pre1_canonical_goals_per90__role_pct | pre1_canonical_assists_per90__role_pct | pre2_canonical_goals_per90__role_pct | pre2_canonical_assists_per90__role_pct,
downside_25pct_24m,origin_2021,R3_position_interactions,45,age_at_signing | canonical_position | league | log_market_value_at_signing | pre365_same_club_all_competition_opportunity_share | pre365_same_club_all_competition_appearance_rate | pre1_canonical_minutes_played | pre2_canonical_minutes_played | pre1_fbref_expected_goals | pre1_fbref_progressive_carries | pre1_fbref_progressive_passes | pre1_fbref_pass_completion_pct | exact_duration_years | age_at_expiration | log_annual_gross_eur | log_fixed_wage_commitment_eur | club_salary_percentile | club_salary_share_known | salary_change_from_prior_pct | annual_wage_to_market_value | commitment_to_market_value | pre365_goals_per90 | pre365_assists_per90 | pre1_canonical_goals_per90 | pre1_canonical_assists_per90 | pre2_canonical_goals_per90 | pre2_canonical_assists_per90 | pre365_goals_per90__x__Attack | pre365_goals_per90__x__Midfield | pre365_goals_per90__x__Defender | pre365_assists_per90__x__Attack | pre365_assists_per90__x__Midfield | pre365_assists_per90__x__Defender | pre1_canonical_goals_per90__x__Attack | pre1_canonical_goals_per90__x__Midfield | pre1_canonical_goals_per90__x__Defender | pre1_canonical_assists_per90__x__Attack | pre1_canonical_assists_per90__x__Midfield | pre1_canonical_assists_per90__x__Defender | pre2_canonical_goals_per90__x__Attack | pre2_canonical_goals_per90__x__Midfield | pre2_canonical_goals_per90__x__Defender | pre2_canonical_assists_per90__x__Attack | pre2_canonical_assists_per90__x__Midfield | pre2_canonical_assists_per90__x__Defender,
downside_25pct_24m,origin_2021,R4_compact_role_aware,27,age_at_signing | canonical_position | league | log_market_value_at_signing | pre365_same_club_all_competition_opportunity_share | pre365_same_club_all_competition_appearance_rate | pre1_canonical_minutes_played | pre2_canonical_minutes_played | pre1_fbref_expected_goals | pre1_fbref_progressive_carries | pre1_fbref_progressive_passes | pre1_fbref_pass_completion_pct | exact_duration_years | age_at_expiration | log_annual_gross_eur | log_fixed_wage_commitment_eur | club_salary_percentile | club_salary_share_known | salary_change_from_prior_pct | annual_wage_to_market_value | commitment_to_market_value | pre365_goals_per90__role_pct | pre365_assists_per90__role_pct | pre1_canonical_goals_per90__role_pct | pre1_canonical_assists_per90__role_pct | pre2_canonical_goals_per90__role_pct | pre2_canonical_assists_per90__role_pct,percentile
downside_25pct_24m,origin_2022,R0_deployed_reproduction,27,age_at_signing | canonical_position | league | log_market_value_at_signing | pre365_same_club_all_competition_opportunity_share | pre365_same_club_all_competition_appearance_rate | pre365_goals_per90 | pre365_assists_per90 | pre1_canonical_minutes_played | pre1_canonical_goals_per90 | pre1_canonical_assists_per90 | pre2_canonical_minutes_played | pre2_canonical_goals_per90 | pre2_canonical_assists_per90 | pre1_fbref_expected_goals | pre1_fbref_progressive_carries | pre1_fbref_progressive_passes | pre1_fbref_pass_completion_pct | exact_duration_years | age_at_expiration | log_annual_gross_eur | log_fixed_wage_commitment_eur | club_salary_percentile | club_salary_share_known | salary_change_from_prior_pct | annual_wage_to_market_value | commitment_to_market_value,
downside_25pct_24m,origin_2022,R1_remove_scoring,21,age_at_signing | canonical_position | league | log_market_value_at_signing | pre365_same_club_all_competition_opportunity_share | pre365_same_club_all_competition_appearance_rate | pre1_canonical_minutes_played | pre2_canonical_minutes_played | pre1_fbref_expected_goals | pre1_fbref_progressive_carries | pre1_fbref_progressive_passes | pre1_fbref_pass_completion_pct | exact_duration_years | age_at_expiration | log_annual_gross_eur | log_fixed_wage_commitment_eur | club_salary_percentile | club_salary_share_known | salary_change_from_prior_pct | annual_wage_to_market_value | commitment_to_market_value,
downside_25pct_24m,origin_2022,R2_position_relative,27,age_at_signing | canonical_position | league | log_market_value_at_signing | pre365_same_club_all_competition_opportunity_share | pre365_same_club_all_competition_appearance_rate | pre1_canonical_minutes_played | pre2_canonical_minutes_played | pre1_fbref_expected_goals | pre1_fbref_progressive_carries | pre1_fbref_progressive_passes | pre1_fbref_pass_completion_pct | exact_duration_years | age_at_expiration | log_annual_gross_eur | log_fixed_wage_commitment_eur | club_salary_percentile | club_salary_share_known | salary_change_from_prior_pct | annual_wage_to_market_value | commitment_to_market_value | pre365_goals_per90__role_z | pre365_assists_per90__role_z | pre1_canonical_goals_per90__role_z | pre1_canonical_assists_per90__role_z | pre2_canonical_goals_per90__role_z | pre2_canonical_assists_per90__role_z,
downside_25pct_24m,origin_2022,R3_position_interactions,45,age_at_signing | canonical_position | league | log_market_value_at_signing | pre365_same_club_all_competition_opportunity_share | pre365_same_club_all_competition_appearance_rate | pre1_canonical_minutes_played | pre2_canonical_minutes_played | pre1_fbref_expected_goals | pre1_fbref_progressive_carries | pre1_fbref_progressive_passes | pre1_fbref_pass_completion_pct | exact_duration_years | age_at_expiration | log_annual_gross_eur | log_fixed_wage_commitment_eur | club_salary_percentile | club_salary_share_known | salary_change_from_prior_pct | annual_wage_to_market_value | commitment_to_market_value | pre365_goals_per90 | pre365_assists_per90 | pre1_canonical_goals_per90 | pre1_canonical_assists_per90 | pre2_canonical_goals_per90 | pre2_canonical_assists_per90 | pre365_goals_per90__x__Attack | pre365_goals_per90__x__Midfield | pre365_goals_per90__x__Defender | pre365_assists_per90__x__Attack | pre365_assists_per90__x__Midfield | pre365_assists_per90__x__Defender | pre1_canonical_goals_per90__x__Attack | pre1_canonical_goals_per90__x__Midfield | pre1_canonical_goals_per90__x__Defender | pre1_canonical_assists_per90__x__Attack | pre1_canonical_assists_per90__x__Midfield | pre1_canonical_assists_per90__x__Defender | pre2_canonical_goals_per90__x__Attack | pre2_canonical_goals_per90__x__Midfield | pre2_canonical_goals_per90__x__Defender | pre2_canonical_assists_per90__x__Attack | pre2_canonical_assists_per90__x__Midfield | pre2_canonical_assists_per90__x__Defender,
downside_25pct_24m,origin_2022,R4_compact_role_aware,27,age_at_signing | canonical_position | league | log_market_value_at_signing | pre365_same_club_all_competition_opportunity_share | pre365_same_club_all_competition_appearance_rate | pre1_canonical_minutes_played | pre2_canonical_minutes_played | pre1_fbref_expected_goals | pre1_fbref_progressive_carries | pre1_fbref_progressive_passes | pre1_fbref_pass_completion_pct | exact_duration_years | age_at_expiration | log_annual_gross_eur | log_fixed_wage_commitment_eur | club_salary_percentile | club_salary_share_known | salary_change_from_prior_pct | annual_wage_to_market_value | commitment_to_market_value | pre365_goals_per90__role_z | pre365_assists_per90__role_z | pre1_canonical_goals_per90__role_z | pre1_canonical_assists_per90__role_z | pre2_canonical_goals_per90__role_z | pre2_canonical_assists_per90__role_z,zscore
downside_25pct_24m,origin_2023,R0_deployed_reproduction,27,age_at_signing | canonical_position | league | log_market_value_at_signing | pre365_same_club_all_competition_opportunity_share | pre365_same_club_all_competition_appearance_rate | pre365_goals_per90 | pre365_assists_per90 | pre1_canonical_minutes_played | pre1_canonical_goals_per90 | pre1_canonical_assists_per90 | pre2_canonical_minutes_played | pre2_canonical_goals_per90 | pre2_canonical_assists_per90 | pre1_fbref_expected_goals | pre1_fbref_progressive_carries | pre1_fbref_progressive_passes | pre1_fbref_pass_completion_pct | exact_duration_years | age_at_expiration | log_annual_gross_eur | log_fixed_wage_commitment_eur | club_salary_percentile | club_salary_share_known | salary_change_from_prior_pct | annual_wage_to_market_value | commitment_to_market_value,
downside_25pct_24m,origin_2023,R1_remove_scoring,21,age_at_signing | canonical_position | league | log_market_value_at_signing | pre365_same_club_all_competition_opportunity_share | pre365_same_club_all_competition_appearance_rate | pre1_canonical_minutes_played | pre2_canonical_minutes_played | pre1_fbref_expected_goals | pre1_fbref_progressive_carries | pre1_fbref_progressive_passes | pre1_fbref_pass_completion_pct | exact_duration_years | age_at_expiration | log_annual_gross_eur | log_fixed_wage_commitment_eur | club_salary_percentile | club_salary_share_known | salary_change_from_prior_pct | annual_wage_to_market_value | commitment_to_market_value,
downside_25pct_24m,origin_2023,R2_position_relative,27,age_at_signing | canonical_position | league | log_market_value_at_signing | pre365_same_club_all_competition_opportunity_share | pre365_same_club_all_competition_appearance_rate | pre1_canonical_minutes_played | pre2_canonical_minutes_played | pre1_fbref_expected_goals | pre1_fbref_progressive_carries | pre1_fbref_progressive_passes | pre1_fbref_pass_completion_pct | exact_duration_years | age_at_expiration | log_annual_gross_eur | log_fixed_wage_commitment_eur | club_salary_percentile | club_salary_share_known | salary_change_from_prior_pct | annual_wage_to_market_value | commitment_to_market_value | pre365_goals_per90__role_pct | pre365_assists_per90__role_pct | pre1_canonical_goals_per90__role_pct | pre1_canonical_assists_per90__role_pct | pre2_canonical_goals_per90__role_pct | pre2_canonical_assists_per90__role_pct,
downside_25pct_24m,origin_2023,R3_position_interactions,45,age_at_signing | canonical_position | league | log_market_value_at_signing | pre365_same_club_all_competition_opportunity_share | pre365_same_club_all_competition_appearance_rate | pre1_canonical_minutes_played | pre2_canonical_minutes_played | pre1_fbref_expected_goals | pre1_fbref_progressive_carries | pre1_fbref_progressive_passes | pre1_fbref_pass_completion_pct | exact_duration_years | age_at_expiration | log_annual_gross_eur | log_fixed_wage_commitment_eur | club_salary_percentile | club_salary_share_known | salary_change_from_prior_pct | annual_wage_to_market_value | commitment_to_market_value | pre365_goals_per90 | pre365_assists_per90 | pre1_canonical_goals_per90 | pre1_canonical_assists_per90 | pre2_canonical_goals_per90 | pre2_canonical_assists_per90 | pre365_goals_per90__x__Attack | pre365_goals_per90__x__Midfield | pre365_goals_per90__x__Defender | pre365_assists_per90__x__Attack | pre365_assists_per90__x__Midfield | pre365_assists_per90__x__Defender | pre1_canonical_goals_per90__x__Attack | pre1_canonical_goals_per90__x__Midfield | pre1_canonical_goals_per90__x__Defender | pre1_canonical_assists_per90__x__Attack | pre1_canonical_assists_per90__x__Midfield | pre1_canonical_assists_per90__x__Defender | pre2_canonical_goals_per90__x__Attack | pre2_canonical_goals_per90__x__Midfield | pre2_canonical_goals_per90__x__Defender | pre2_canonical_assists_per90__x__Attack | pre2_canonical_assists_per90__x__Midfield | pre2_canonical_assists_per90__x__Defender,
downside_25pct_24m,origin_2023,R4_compact_role_aware,27,age_at_signing | canonical_position | league | log_market_value_at_signing | pre365_same_club_all_competition_opportunity_share | pre365_same_club_all_competition_appearance_rate | pre1_canonical_minutes_played | pre2_canonical_minutes_played | pre1_fbref_expected_goals | pre1_fbref_progressive_carries | pre1_fbref_progressive_passes | pre1_fbref_pass_completion_pct | exact_duration_years | age_at_expiration | log_annual_gross_eur | log_fixed_wage_commitment_eur | club_salary_percentile | club_salary_share_known | salary_change_from_prior_pct | annual_wage_to_market_value | commitment_to_market_value | pre365_goals_per90__role_pct | pre365_assists_per90__role_pct | pre1_canonical_goals_per90__role_pct | pre1_canonical_assists_per90__role_pct | pre2_canonical_goals_per90__role_pct | pre2_canonical_assists_per90__role_pct,percentile
downside_50pct_24m,origin_2020,R0_deployed_reproduction,27,age_at_signing | canonical_position | league | log_market_value_at_signing | pre365_same_club_all_competition_opportunity_share | pre365_same_club_all_competition_appearance_rate | pre365_goals_per90 | pre365_assists_per90 | pre1_canonical_minutes_played | pre1_canonical_goals_per90 | pre1_canonical_assists_per90 | pre2_canonical_minutes_played | pre2_canonical_goals_per90 | pre2_canonical_assists_per90 | pre1_fbref_expected_goals | pre1_fbref_progressive_carries | pre1_fbref_progressive_passes | pre1_fbref_pass_completion_pct | exact_duration_years | age_at_expiration | log_annual_gross_eur | log_fixed_wage_commitment_eur | club_salary_percentile | club_salary_share_known | salary_change_from_prior_pct | annual_wage_to_market_value | commitment_to_market_value,
downside_50pct_24m,origin_2020,R1_remove_scoring,21,age_at_signing | canonical_position | league | log_market_value_at_signing | pre365_same_club_all_competition_opportunity_share | pre365_same_club_all_competition_appearance_rate | pre1_canonical_minutes_played | pre2_canonical_minutes_played | pre1_fbref_expected_goals | pre1_fbref_progressive_carries | pre1_fbref_progressive_passes | pre1_fbref_pass_completion_pct | exact_duration_years | age_at_expiration | log_annual_gross_eur | log_fixed_wage_commitment_eur | club_salary_percentile | club_salary_share_known | salary_change_from_prior_pct | annual_wage_to_market_value | commitment_to_market_value,
downside_50pct_24m,origin_2020,R2_position_relative,27,age_at_signing | canonical_position | league | log_market_value_at_signing | pre365_same_club_all_competition_opportunity_share | pre365_same_club_all_competition_appearance_rate | pre1_canonical_minutes_played | pre2_canonical_minutes_played | pre1_fbref_expected_goals | pre1_fbref_progressive_carries | pre1_fbref_progressive_passes | pre1_fbref_pass_completion_pct | exact_duration_years | age_at_expiration | log_annual_gross_eur | log_fixed_wage_commitment_eur | club_salary_percentile | club_salary_share_known | salary_change_from_prior_pct | annual_wage_to_market_value | commitment_to_market_value | pre365_goals_per90__role_pct | pre365_assists_per90__role_pct | pre1_canonical_goals_per90__role_pct | pre1_canonical_assists_per90__role_pct | pre2_canonical_goals_per90__role_pct | pre2_canonical_assists_per90__role_pct,
downside_50pct_24m,origin_2020,R3_position_interactions,45,age_at_signing | canonical_position | league | log_market_value_at_signing | pre365_same_club_all_competition_opportunity_share | pre365_same_club_all_competition_appearance_rate | pre1_canonical_minutes_played | pre2_canonical_minutes_played | pre1_fbref_expected_goals | pre1_fbref_progressive_carries | pre1_fbref_progressive_passes | pre1_fbref_pass_completion_pct | exact_duration_years | age_at_expiration | log_annual_gross_eur | log_fixed_wage_commitment_eur | club_salary_percentile | club_salary_share_known | salary_change_from_prior_pct | annual_wage_to_market_value | commitment_to_market_value | pre365_goals_per90 | pre365_assists_per90 | pre1_canonical_goals_per90 | pre1_canonical_assists_per90 | pre2_canonical_goals_per90 | pre2_canonical_assists_per90 | pre365_goals_per90__x__Attack | pre365_goals_per90__x__Midfield | pre365_goals_per90__x__Defender | pre365_assists_per90__x__Attack | pre365_assists_per90__x__Midfield | pre365_assists_per90__x__Defender | pre1_canonical_goals_per90__x__Attack | pre1_canonical_goals_per90__x__Midfield | pre1_canonical_goals_per90__x__Defender | pre1_canonical_assists_per90__x__Attack | pre1_canonical_assists_per90__x__Midfield | pre1_canonical_assists_per90__x__Defender | pre2_canonical_goals_per90__x__Attack | pre2_canonical_goals_per90__x__Midfield | pre2_canonical_goals_per90__x__Defender | pre2_canonical_assists_per90__x__Attack | pre2_canonical_assists_per90__x__Midfield | pre2_canonical_assists_per90__x__Defender,
downside_50pct_24m,origin_2020,R4_compact_role_aware,45,age_at_signing | canonical_position | league | log_market_value_at_signing | pre365_same_club_all_competition_opportunity_share | pre365_same_club_all_competition_appearance_rate | pre1_canonical_minutes_played | pre2_canonical_minutes_played | pre1_fbref_expected_goals | pre1_fbref_progressive_carries | pre1_fbref_progressive_passes | pre1_fbref_pass_completion_pct | exact_duration_years | age_at_expiration | log_annual_gross_eur | log_fixed_wage_commitment_eur | club_salary_percentile | club_salary_share_known | salary_change_from_prior_pct | annual_wage_to_market_value | commitment_to_market_value | pre365_goals_per90 | pre365_assists_per90 | pre1_canonical_goals_per90 | pre1_canonical_assists_per90 | pre2_canonical_goals_per90 | pre2_canonical_assists_per90 | pre365_goals_per90__x__Attack | pre365_goals_per90__x__Midfield | pre365_goals_per90__x__Defender | pre365_assists_per90__x__Attack | pre365_assists_per90__x__Midfield | pre365_assists_per90__x__Defender | pre1_canonical_goals_per90__x__Attack | pre1_canonical_goals_per90__x__Midfield | pre1_canonical_goals_per90__x__Defender | pre1_canonical_assists_per90__x__Attack | pre1_canonical_assists_per90__x__Midfield | pre1_canonical_assists_per90__x__Defender | pre2_canonical_goals_per90__x__Attack | pre2_canonical_goals_per90__x__Midfield | pre2_canonical_goals_per90__x__Defender | pre2_canonical_assists_per90__x__Attack | pre2_canonical_assists_per90__x__Midfield | pre2_canonical_assists_per90__x__Defender,percentile
downside_50pct_24m,origin_2021,R0_deployed_reproduction,27,age_at_signing | canonical_position | league | log_market_value_at_signing | pre365_same_club_all_competition_opportunity_share | pre365_same_club_all_competition_appearance_rate | pre365_goals_per90 | pre365_assists_per90 | pre1_canonical_minutes_played | pre1_canonical_goals_per90 | pre1_canonical_assists_per90 | pre2_canonical_minutes_played | pre2_canonical_goals_per90 | pre2_canonical_assists_per90 | pre1_fbref_expected_goals | pre1_fbref_progressive_carries | pre1_fbref_progressive_passes | pre1_fbref_pass_completion_pct | exact_duration_years | age_at_expiration | log_annual_gross_eur | log_fixed_wage_commitment_eur | club_salary_percentile | club_salary_share_known | salary_change_from_prior_pct | annual_wage_to_market_value | commitment_to_market_value,
downside_50pct_24m,origin_2021,R1_remove_scoring,21,age_at_signing | canonical_position | league | log_market_value_at_signing | pre365_same_club_all_competition_opportunity_share | pre365_same_club_all_competition_appearance_rate | pre1_canonical_minutes_played | pre2_canonical_minutes_played | pre1_fbref_expected_goals | pre1_fbref_progressive_carries | pre1_fbref_progressive_passes | pre1_fbref_pass_completion_pct | exact_duration_years | age_at_expiration | log_annual_gross_eur | log_fixed_wage_commitment_eur | club_salary_percentile | club_salary_share_known | salary_change_from_prior_pct | annual_wage_to_market_value | commitment_to_market_value,
downside_50pct_24m,origin_2021,R2_position_relative,27,age_at_signing | canonical_position | league | log_market_value_at_signing | pre365_same_club_all_competition_opportunity_share | pre365_same_club_all_competition_appearance_rate | pre1_canonical_minutes_played | pre2_canonical_minutes_played | pre1_fbref_expected_goals | pre1_fbref_progressive_carries | pre1_fbref_progressive_passes | pre1_fbref_pass_completion_pct | exact_duration_years | age_at_expiration | log_annual_gross_eur | log_fixed_wage_commitment_eur | club_salary_percentile | club_salary_share_known | salary_change_from_prior_pct | annual_wage_to_market_value | commitment_to_market_value | pre365_goals_per90__role_pct | pre365_assists_per90__role_pct | pre1_canonical_goals_per90__role_pct | pre1_canonical_assists_per90__role_pct | pre2_canonical_goals_per90__role_pct | pre2_canonical_assists_per90__role_pct,
downside_50pct_24m,origin_2021,R3_position_interactions,45,age_at_signing | canonical_position | league | log_market_value_at_signing | pre365_same_club_all_competition_opportunity_share | pre365_same_club_all_competition_appearance_rate | pre1_canonical_minutes_played | pre2_canonical_minutes_played | pre1_fbref_expected_goals | pre1_fbref_progressive_carries | pre1_fbref_progressive_passes | pre1_fbref_pass_completion_pct | exact_duration_years | age_at_expiration | log_annual_gross_eur | log_fixed_wage_commitment_eur | club_salary_percentile | club_salary_share_known | salary_change_from_prior_pct | annual_wage_to_market_value | commitment_to_market_value | pre365_goals_per90 | pre365_assists_per90 | pre1_canonical_goals_per90 | pre1_canonical_assists_per90 | pre2_canonical_goals_per90 | pre2_canonical_assists_per90 | pre365_goals_per90__x__Attack | pre365_goals_per90__x__Midfield | pre365_goals_per90__x__Defender | pre365_assists_per90__x__Attack | pre365_assists_per90__x__Midfield | pre365_assists_per90__x__Defender | pre1_canonical_goals_per90__x__Attack | pre1_canonical_goals_per90__x__Midfield | pre1_canonical_goals_per90__x__Defender | pre1_canonical_assists_per90__x__Attack | pre1_canonical_assists_per90__x__Midfield | pre1_canonical_assists_per90__x__Defender | pre2_canonical_goals_per90__x__Attack | pre2_canonical_goals_per90__x__Midfield | pre2_canonical_goals_per90__x__Defender | pre2_canonical_assists_per90__x__Attack | pre2_canonical_assists_per90__x__Midfield | pre2_canonical_assists_per90__x__Defender,
downside_50pct_24m,origin_2021,R4_compact_role_aware,27,age_at_signing | canonical_position | league | log_market_value_at_signing | pre365_same_club_all_competition_opportunity_share | pre365_same_club_all_competition_appearance_rate | pre1_canonical_minutes_played | pre2_canonical_minutes_played | pre1_fbref_expected_goals | pre1_fbref_progressive_carries | pre1_fbref_progressive_passes | pre1_fbref_pass_completion_pct | exact_duration_years | age_at_expiration | log_annual_gross_eur | log_fixed_wage_commitment_eur | club_salary_percentile | club_salary_share_known | salary_change_from_prior_pct | annual_wage_to_market_value | commitment_to_market_value | pre365_goals_per90__role_pct | pre365_assists_per90__role_pct | pre1_canonical_goals_per90__role_pct | pre1_canonical_assists_per90__role_pct | pre2_canonical_goals_per90__role_pct | pre2_canonical_assists_per90__role_pct,percentile
downside_50pct_24m,origin_2022,R0_deployed_reproduction,27,age_at_signing | canonical_position | league | log_market_value_at_signing | pre365_same_club_all_competition_opportunity_share | pre365_same_club_all_competition_appearance_rate | pre365_goals_per90 | pre365_assists_per90 | pre1_canonical_minutes_played | pre1_canonical_goals_per90 | pre1_canonical_assists_per90 | pre2_canonical_minutes_played | pre2_canonical_goals_per90 | pre2_canonical_assists_per90 | pre1_fbref_expected_goals | pre1_fbref_progressive_carries | pre1_fbref_progressive_passes | pre1_fbref_pass_completion_pct | exact_duration_years | age_at_expiration | log_annual_gross_eur | log_fixed_wage_commitment_eur | club_salary_percentile | club_salary_share_known | salary_change_from_prior_pct | annual_wage_to_market_value | commitment_to_market_value,
downside_50pct_24m,origin_2022,R1_remove_scoring,21,age_at_signing | canonical_position | league | log_market_value_at_signing | pre365_same_club_all_competition_opportunity_share | pre365_same_club_all_competition_appearance_rate | pre1_canonical_minutes_played | pre2_canonical_minutes_played | pre1_fbref_expected_goals | pre1_fbref_progressive_carries | pre1_fbref_progressive_passes | pre1_fbref_pass_completion_pct | exact_duration_years | age_at_expiration | log_annual_gross_eur | log_fixed_wage_commitment_eur | club_salary_percentile | club_salary_share_known | salary_change_from_prior_pct | annual_wage_to_market_value | commitment_to_market_value,
downside_50pct_24m,origin_2022,R2_position_relative,27,age_at_signing | canonical_position | league | log_market_value_at_signing | pre365_same_club_all_competition_opportunity_share | pre365_same_club_all_competition_appearance_rate | pre1_canonical_minutes_played | pre2_canonical_minutes_played | pre1_fbref_expected_goals | pre1_fbref_progressive_carries | pre1_fbref_progressive_passes | pre1_fbref_pass_completion_pct | exact_duration_years | age_at_expiration | log_annual_gross_eur | log_fixed_wage_commitment_eur | club_salary_percentile | club_salary_share_known | salary_change_from_prior_pct | annual_wage_to_market_value | commitment_to_market_value | pre365_goals_per90__role_z | pre365_assists_per90__role_z | pre1_canonical_goals_per90__role_z | pre1_canonical_assists_per90__role_z | pre2_canonical_goals_per90__role_z | pre2_canonical_assists_per90__role_z,
downside_50pct_24m,origin_2022,R3_position_interactions,45,age_at_signing | canonical_position | league | log_market_value_at_signing | pre365_same_club_all_competition_opportunity_share | pre365_same_club_all_competition_appearance_rate | pre1_canonical_minutes_played | pre2_canonical_minutes_played | pre1_fbref_expected_goals | pre1_fbref_progressive_carries | pre1_fbref_progressive_passes | pre1_fbref_pass_completion_pct | exact_duration_years | age_at_expiration | log_annual_gross_eur | log_fixed_wage_commitment_eur | club_salary_percentile | club_salary_share_known | salary_change_from_prior_pct | annual_wage_to_market_value | commitment_to_market_value | pre365_goals_per90 | pre365_assists_per90 | pre1_canonical_goals_per90 | pre1_canonical_assists_per90 | pre2_canonical_goals_per90 | pre2_canonical_assists_per90 | pre365_goals_per90__x__Attack | pre365_goals_per90__x__Midfield | pre365_goals_per90__x__Defender | pre365_assists_per90__x__Attack | pre365_assists_per90__x__Midfield | pre365_assists_per90__x__Defender | pre1_canonical_goals_per90__x__Attack | pre1_canonical_goals_per90__x__Midfield | pre1_canonical_goals_per90__x__Defender | pre1_canonical_assists_per90__x__Attack | pre1_canonical_assists_per90__x__Midfield | pre1_canonical_assists_per90__x__Defender | pre2_canonical_goals_per90__x__Attack | pre2_canonical_goals_per90__x__Midfield | pre2_canonical_goals_per90__x__Defender | pre2_canonical_assists_per90__x__Attack | pre2_canonical_assists_per90__x__Midfield | pre2_canonical_assists_per90__x__Defender,
downside_50pct_24m,origin_2022,R4_compact_role_aware,27,age_at_signing | canonical_position | league | log_market_value_at_signing | pre365_same_club_all_competition_opportunity_share | pre365_same_club_all_competition_appearance_rate | pre1_canonical_minutes_played | pre2_canonical_minutes_played | pre1_fbref_expected_goals | pre1_fbref_progressive_carries | pre1_fbref_progressive_passes | pre1_fbref_pass_completion_pct | exact_duration_years | age_at_expiration | log_annual_gross_eur | log_fixed_wage_commitment_eur | club_salary_percentile | club_salary_share_known | salary_change_from_prior_pct | annual_wage_to_market_value | commitment_to_market_value | pre365_goals_per90__role_z | pre365_assists_per90__role_z | pre1_canonical_goals_per90__role_z | pre1_canonical_assists_per90__role_z | pre2_canonical_goals_per90__role_z | pre2_canonical_assists_per90__role_z,zscore
downside_50pct_24m,origin_2023,R0_deployed_reproduction,27,age_at_signing | canonical_position | league | log_market_value_at_signing | pre365_same_club_all_competition_opportunity_share | pre365_same_club_all_competition_appearance_rate | pre365_goals_per90 | pre365_assists_per90 | pre1_canonical_minutes_played | pre1_canonical_goals_per90 | pre1_canonical_assists_per90 | pre2_canonical_minutes_played | pre2_canonical_goals_per90 | pre2_canonical_assists_per90 | pre1_fbref_expected_goals | pre1_fbref_progressive_carries | pre1_fbref_progressive_passes | pre1_fbref_pass_completion_pct | exact_duration_years | age_at_expiration | log_annual_gross_eur | log_fixed_wage_commitment_eur | club_salary_percentile | club_salary_share_known | salary_change_from_prior_pct | annual_wage_to_market_value | commitment_to_market_value,
downside_50pct_24m,origin_2023,R1_remove_scoring,21,age_at_signing | canonical_position | league | log_market_value_at_signing | pre365_same_club_all_competition_opportunity_share | pre365_same_club_all_competition_appearance_rate | pre1_canonical_minutes_played | pre2_canonical_minutes_played | pre1_fbref_expected_goals | pre1_fbref_progressive_carries | pre1_fbref_progressive_passes | pre1_fbref_pass_completion_pct | exact_duration_years | age_at_expiration | log_annual_gross_eur | log_fixed_wage_commitment_eur | club_salary_percentile | club_salary_share_known | salary_change_from_prior_pct | annual_wage_to_market_value | commitment_to_market_value,
downside_50pct_24m,origin_2023,R2_position_relative,27,age_at_signing | canonical_position | league | log_market_value_at_signing | pre365_same_club_all_competition_opportunity_share | pre365_same_club_all_competition_appearance_rate | pre1_canonical_minutes_played | pre2_canonical_minutes_played | pre1_fbref_expected_goals | pre1_fbref_progressive_carries | pre1_fbref_progressive_passes | pre1_fbref_pass_completion_pct | exact_duration_years | age_at_expiration | log_annual_gross_eur | log_fixed_wage_commitment_eur | club_salary_percentile | club_salary_share_known | salary_change_from_prior_pct | annual_wage_to_market_value | commitment_to_market_value | pre365_goals_per90__role_pct | pre365_assists_per90__role_pct | pre1_canonical_goals_per90__role_pct | pre1_canonical_assists_per90__role_pct | pre2_canonical_goals_per90__role_pct | pre2_canonical_assists_per90__role_pct,
downside_50pct_24m,origin_2023,R3_position_interactions,45,age_at_signing | canonical_position | league | log_market_value_at_signing | pre365_same_club_all_competition_opportunity_share | pre365_same_club_all_competition_appearance_rate | pre1_canonical_minutes_played | pre2_canonical_minutes_played | pre1_fbref_expected_goals | pre1_fbref_progressive_carries | pre1_fbref_progressive_passes | pre1_fbref_pass_completion_pct | exact_duration_years | age_at_expiration | log_annual_gross_eur | log_fixed_wage_commitment_eur | club_salary_percentile | club_salary_share_known | salary_change_from_prior_pct | annual_wage_to_market_value | commitment_to_market_value | pre365_goals_per90 | pre365_assists_per90 | pre1_canonical_goals_per90 | pre1_canonical_assists_per90 | pre2_canonical_goals_per90 | pre2_canonical_assists_per90 | pre365_goals_per90__x__Attack | pre365_goals_per90__x__Midfield | pre365_goals_per90__x__Defender | pre365_assists_per90__x__Attack | pre365_assists_per90__x__Midfield | pre365_assists_per90__x__Defender | pre1_canonical_goals_per90__x__Attack | pre1_canonical_goals_per90__x__Midfield | pre1_canonical_goals_per90__x__Defender | pre1_canonical_assists_per90__x__Attack | pre1_canonical_assists_per90__x__Midfield | pre1_canonical_assists_per90__x__Defender | pre2_canonical_goals_per90__x__Attack | pre2_canonical_goals_per90__x__Midfield | pre2_canonical_goals_per90__x__Defender | pre2_canonical_assists_per90__x__Attack | pre2_canonical_assists_per90__x__Midfield | pre2_canonical_assists_per90__x__Defender,
downside_50pct_24m,origin_2023,R4_compact_role_aware,27,age_at_signing | canonical_position | league | log_market_value_at_signing | pre365_same_club_all_competition_opportunity_share | pre365_same_club_all_competition_appearance_rate | pre1_canonical_minutes_played | pre2_canonical_minutes_played | pre1_fbref_expected_goals | pre1_fbref_progressive_carries | pre1_fbref_progressive_passes | pre1_fbref_pass_completion_pct | exact_duration_years | age_at_expiration | log_annual_gross_eur | log_fixed_wage_commitment_eur | club_salary_percentile | club_salary_share_known | salary_change_from_prior_pct | annual_wage_to_market_value | commitment_to_market_value | pre365_goals_per90__role_pct | pre365_assists_per90__role_pct | pre1_canonical_goals_per90__role_pct | pre1_canonical_assists_per90__role_pct | pre2_canonical_goals_per90__role_pct | pre2_canonical_assists_per90__role_pct,percentile
contract_duration,origin_2020,R0_deployed_reproduction,20,age_at_signing | canonical_position | league | log_market_value_at_signing | log_prior_season_annual_gross_eur | prior_wage_available | pre365_same_club_all_competition_opportunity_share | pre365_same_club_all_competition_appearance_rate | pre365_goals_per90 | pre365_assists_per90 | pre1_canonical_minutes_played | pre1_canonical_goals_per90 | pre1_canonical_assists_per90 | pre2_canonical_minutes_played | pre2_canonical_goals_per90 | pre2_canonical_assists_per90 | pre1_fbref_expected_goals | pre1_fbref_progressive_carries | pre1_fbref_progressive_passes | pre1_fbref_pass_completion_pct,
contract_duration,origin_2020,R1_remove_scoring,14,age_at_signing | canonical_position | league | log_market_value_at_signing | log_prior_season_annual_gross_eur | prior_wage_available | pre365_same_club_all_competition_opportunity_share | pre365_same_club_all_competition_appearance_rate | pre1_canonical_minutes_played | pre2_canonical_minutes_played | pre1_fbref_expected_goals | pre1_fbref_progressive_carries | pre1_fbref_progressive_passes | pre1_fbref_pass_completion_pct,
contract_duration,origin_2020,R2_position_relative,20,age_at_signing | canonical_position | league | log_market_value_at_signing | log_prior_season_annual_gross_eur | prior_wage_available | pre365_same_club_all_competition_opportunity_share | pre365_same_club_all_competition_appearance_rate | pre1_canonical_minutes_played | pre2_canonical_minutes_played | pre1_fbref_expected_goals | pre1_fbref_progressive_carries | pre1_fbref_progressive_passes | pre1_fbref_pass_completion_pct | pre365_goals_per90__role_pct | pre365_assists_per90__role_pct | pre1_canonical_goals_per90__role_pct | pre1_canonical_assists_per90__role_pct | pre2_canonical_goals_per90__role_pct | pre2_canonical_assists_per90__role_pct,
contract_duration,origin_2020,R3_position_interactions,38,age_at_signing | canonical_position | league | log_market_value_at_signing | log_prior_season_annual_gross_eur | prior_wage_available | pre365_same_club_all_competition_opportunity_share | pre365_same_club_all_competition_appearance_rate | pre1_canonical_minutes_played | pre2_canonical_minutes_played | pre1_fbref_expected_goals | pre1_fbref_progressive_carries | pre1_fbref_progressive_passes | pre1_fbref_pass_completion_pct | pre365_goals_per90 | pre365_assists_per90 | pre1_canonical_goals_per90 | pre1_canonical_assists_per90 | pre2_canonical_goals_per90 | pre2_canonical_assists_per90 | pre365_goals_per90__x__Attack | pre365_goals_per90__x__Midfield | pre365_goals_per90__x__Defender | pre365_assists_per90__x__Attack | pre365_assists_per90__x__Midfield | pre365_assists_per90__x__Defender | pre1_canonical_goals_per90__x__Attack | pre1_canonical_goals_per90__x__Midfield | pre1_canonical_goals_per90__x__Defender | pre1_canonical_assists_per90__x__Attack | pre1_canonical_assists_per90__x__Midfield | pre1_canonical_assists_per90__x__Defender | pre2_canonical_goals_per90__x__Attack | pre2_canonical_goals_per90__x__Midfield | pre2_canonical_goals_per90__x__Defender | pre2_canonical_assists_per90__x__Attack | pre2_canonical_assists_per90__x__Midfield | pre2_canonical_assists_per90__x__Defender,
contract_duration,origin_2020,R4_compact_role_aware,20,age_at_signing | canonical_position | league | log_market_value_at_signing | log_prior_season_annual_gross_eur | prior_wage_available | pre365_same_club_all_competition_opportunity_share | pre365_same_club_all_competition_appearance_rate | pre1_canonical_minutes_played | pre2_canonical_minutes_played | pre1_fbref_expected_goals | pre1_fbref_progressive_carries | pre1_fbref_progressive_passes | pre1_fbref_pass_completion_pct | pre365_goals_per90__role_pct | pre365_assists_per90__role_pct | pre1_canonical_goals_per90__role_pct | pre1_canonical_assists_per90__role_pct | pre2_canonical_goals_per90__role_pct | pre2_canonical_assists_per90__role_pct,percentile
contract_duration,origin_2021,R0_deployed_reproduction,20,age_at_signing | canonical_position | league | log_market_value_at_signing | log_prior_season_annual_gross_eur | prior_wage_available | pre365_same_club_all_competition_opportunity_share | pre365_same_club_all_competition_appearance_rate | pre365_goals_per90 | pre365_assists_per90 | pre1_canonical_minutes_played | pre1_canonical_goals_per90 | pre1_canonical_assists_per90 | pre2_canonical_minutes_played | pre2_canonical_goals_per90 | pre2_canonical_assists_per90 | pre1_fbref_expected_goals | pre1_fbref_progressive_carries | pre1_fbref_progressive_passes | pre1_fbref_pass_completion_pct,
contract_duration,origin_2021,R1_remove_scoring,14,age_at_signing | canonical_position | league | log_market_value_at_signing | log_prior_season_annual_gross_eur | prior_wage_available | pre365_same_club_all_competition_opportunity_share | pre365_same_club_all_competition_appearance_rate | pre1_canonical_minutes_played | pre2_canonical_minutes_played | pre1_fbref_expected_goals | pre1_fbref_progressive_carries | pre1_fbref_progressive_passes | pre1_fbref_pass_completion_pct,
contract_duration,origin_2021,R2_position_relative,20,age_at_signing | canonical_position | league | log_market_value_at_signing | log_prior_season_annual_gross_eur | prior_wage_available | pre365_same_club_all_competition_opportunity_share | pre365_same_club_all_competition_appearance_rate | pre1_canonical_minutes_played | pre2_canonical_minutes_played | pre1_fbref_expected_goals | pre1_fbref_progressive_carries | pre1_fbref_progressive_passes | pre1_fbref_pass_completion_pct | pre365_goals_per90__role_pct | pre365_assists_per90__role_pct | pre1_canonical_goals_per90__role_pct | pre1_canonical_assists_per90__role_pct | pre2_canonical_goals_per90__role_pct | pre2_canonical_assists_per90__role_pct,
contract_duration,origin_2021,R3_position_interactions,38,age_at_signing | canonical_position | league | log_market_value_at_signing | log_prior_season_annual_gross_eur | prior_wage_available | pre365_same_club_all_competition_opportunity_share | pre365_same_club_all_competition_appearance_rate | pre1_canonical_minutes_played | pre2_canonical_minutes_played | pre1_fbref_expected_goals | pre1_fbref_progressive_carries | pre1_fbref_progressive_passes | pre1_fbref_pass_completion_pct | pre365_goals_per90 | pre365_assists_per90 | pre1_canonical_goals_per90 | pre1_canonical_assists_per90 | pre2_canonical_goals_per90 | pre2_canonical_assists_per90 | pre365_goals_per90__x__Attack | pre365_goals_per90__x__Midfield | pre365_goals_per90__x__Defender | pre365_assists_per90__x__Attack | pre365_assists_per90__x__Midfield | pre365_assists_per90__x__Defender | pre1_canonical_goals_per90__x__Attack | pre1_canonical_goals_per90__x__Midfield | pre1_canonical_goals_per90__x__Defender | pre1_canonical_assists_per90__x__Attack | pre1_canonical_assists_per90__x__Midfield | pre1_canonical_assists_per90__x__Defender | pre2_canonical_goals_per90__x__Attack | pre2_canonical_goals_per90__x__Midfield | pre2_canonical_goals_per90__x__Defender | pre2_canonical_assists_per90__x__Attack | pre2_canonical_assists_per90__x__Midfield | pre2_canonical_assists_per90__x__Defender,
contract_duration,origin_2021,R4_compact_role_aware,20,age_at_signing | canonical_position | league | log_market_value_at_signing | log_prior_season_annual_gross_eur | prior_wage_available | pre365_same_club_all_competition_opportunity_share | pre365_same_club_all_competition_appearance_rate | pre1_canonical_minutes_played | pre2_canonical_minutes_played | pre1_fbref_expected_goals | pre1_fbref_progressive_carries | pre1_fbref_progressive_passes | pre1_fbref_pass_completion_pct | pre365_goals_per90__role_pct | pre365_assists_per90__role_pct | pre1_canonical_goals_per90__role_pct | pre1_canonical_assists_per90__role_pct | pre2_canonical_goals_per90__role_pct | pre2_canonical_assists_per90__role_pct,percentile
contract_duration,origin_2022,R0_deployed_reproduction,20,age_at_signing | canonical_position | league | log_market_value_at_signing | log_prior_season_annual_gross_eur | prior_wage_available | pre365_same_club_all_competition_opportunity_share | pre365_same_club_all_competition_appearance_rate | pre365_goals_per90 | pre365_assists_per90 | pre1_canonical_minutes_played | pre1_canonical_goals_per90 | pre1_canonical_assists_per90 | pre2_canonical_minutes_played | pre2_canonical_goals_per90 | pre2_canonical_assists_per90 | pre1_fbref_expected_goals | pre1_fbref_progressive_carries | pre1_fbref_progressive_passes | pre1_fbref_pass_completion_pct,
contract_duration,origin_2022,R1_remove_scoring,14,age_at_signing | canonical_position | league | log_market_value_at_signing | log_prior_season_annual_gross_eur | prior_wage_available | pre365_same_club_all_competition_opportunity_share | pre365_same_club_all_competition_appearance_rate | pre1_canonical_minutes_played | pre2_canonical_minutes_played | pre1_fbref_expected_goals | pre1_fbref_progressive_carries | pre1_fbref_progressive_passes | pre1_fbref_pass_completion_pct,
contract_duration,origin_2022,R2_position_relative,20,age_at_signing | canonical_position | league | log_market_value_at_signing | log_prior_season_annual_gross_eur | prior_wage_available | pre365_same_club_all_competition_opportunity_share | pre365_same_club_all_competition_appearance_rate | pre1_canonical_minutes_played | pre2_canonical_minutes_played | pre1_fbref_expected_goals | pre1_fbref_progressive_carries | pre1_fbref_progressive_passes | pre1_fbref_pass_completion_pct | pre365_goals_per90__role_pct | pre365_assists_per90__role_pct | pre1_canonical_goals_per90__role_pct | pre1_canonical_assists_per90__role_pct | pre2_canonical_goals_per90__role_pct | pre2_canonical_assists_per90__role_pct,
contract_duration,origin_2022,R3_position_interactions,38,age_at_signing | canonical_position | league | log_market_value_at_signing | log_prior_season_annual_gross_eur | prior_wage_available | pre365_same_club_all_competition_opportunity_share | pre365_same_club_all_competition_appearance_rate | pre1_canonical_minutes_played | pre2_canonical_minutes_played | pre1_fbref_expected_goals | pre1_fbref_progressive_carries | pre1_fbref_progressive_passes | pre1_fbref_pass_completion_pct | pre365_goals_per90 | pre365_assists_per90 | pre1_canonical_goals_per90 | pre1_canonical_assists_per90 | pre2_canonical_goals_per90 | pre2_canonical_assists_per90 | pre365_goals_per90__x__Attack | pre365_goals_per90__x__Midfield | pre365_goals_per90__x__Defender | pre365_assists_per90__x__Attack | pre365_assists_per90__x__Midfield | pre365_assists_per90__x__Defender | pre1_canonical_goals_per90__x__Attack | pre1_canonical_goals_per90__x__Midfield | pre1_canonical_goals_per90__x__Defender | pre1_canonical_assists_per90__x__Attack | pre1_canonical_assists_per90__x__Midfield | pre1_canonical_assists_per90__x__Defender | pre2_canonical_goals_per90__x__Attack | pre2_canonical_goals_per90__x__Midfield | pre2_canonical_goals_per90__x__Defender | pre2_canonical_assists_per90__x__Attack | pre2_canonical_assists_per90__x__Midfield | pre2_canonical_assists_per90__x__Defender,
contract_duration,origin_2022,R4_compact_role_aware,20,age_at_signing | canonical_position | league | log_market_value_at_signing | log_prior_season_annual_gross_eur | prior_wage_available | pre365_same_club_all_competition_opportunity_share | pre365_same_club_all_competition_appearance_rate | pre1_canonical_minutes_played | pre2_canonical_minutes_played | pre1_fbref_expected_goals | pre1_fbref_progressive_carries | pre1_fbref_progressive_passes | pre1_fbref_pass_completion_pct | pre365_goals_per90__role_pct | pre365_assists_per90__role_pct | pre1_canonical_goals_per90__role_pct | pre1_canonical_assists_per90__role_pct | pre2_canonical_goals_per90__role_pct | pre2_canonical_assists_per90__role_pct,percentile
contract_duration,origin_2023,R0_deployed_reproduction,20,age_at_signing | canonical_position | league | log_market_value_at_signing | log_prior_season_annual_gross_eur | prior_wage_available | pre365_same_club_all_competition_opportunity_share | pre365_same_club_all_competition_appearance_rate | pre365_goals_per90 | pre365_assists_per90 | pre1_canonical_minutes_played | pre1_canonical_goals_per90 | pre1_canonical_assists_per90 | pre2_canonical_minutes_played | pre2_canonical_goals_per90 | pre2_canonical_assists_per90 | pre1_fbref_expected_goals | pre1_fbref_progressive_carries | pre1_fbref_progressive_passes | pre1_fbref_pass_completion_pct,
contract_duration,origin_2023,R1_remove_scoring,14,age_at_signing | canonical_position | league | log_market_value_at_signing | log_prior_season_annual_gross_eur | prior_wage_available | pre365_same_club_all_competition_opportunity_share | pre365_same_club_all_competition_appearance_rate | pre1_canonical_minutes_played | pre2_canonical_minutes_played | pre1_fbref_expected_goals | pre1_fbref_progressive_carries | pre1_fbref_progressive_passes | pre1_fbref_pass_completion_pct,
contract_duration,origin_2023,R2_position_relative,20,age_at_signing | canonical_position | league | log_market_value_at_signing | log_prior_season_annual_gross_eur | prior_wage_available | pre365_same_club_all_competition_opportunity_share | pre365_same_club_all_competition_appearance_rate | pre1_canonical_minutes_played | pre2_canonical_minutes_played | pre1_fbref_expected_goals | pre1_fbref_progressive_carries | pre1_fbref_progressive_passes | pre1_fbref_pass_completion_pct | pre365_goals_per90__role_z | pre365_assists_per90__role_z | pre1_canonical_goals_per90__role_z | pre1_canonical_assists_per90__role_z | pre2_canonical_goals_per90__role_z | pre2_canonical_assists_per90__role_z,
contract_duration,origin_2023,R3_position_interactions,38,age_at_signing | canonical_position | league | log_market_value_at_signing | log_prior_season_annual_gross_eur | prior_wage_available | pre365_same_club_all_competition_opportunity_share | pre365_same_club_all_competition_appearance_rate | pre1_canonical_minutes_played | pre2_canonical_minutes_played | pre1_fbref_expected_goals | pre1_fbref_progressive_carries | pre1_fbref_progressive_passes | pre1_fbref_pass_completion_pct | pre365_goals_per90 | pre365_assists_per90 | pre1_canonical_goals_per90 | pre1_canonical_assists_per90 | pre2_canonical_goals_per90 | pre2_canonical_assists_per90 | pre365_goals_per90__x__Attack | pre365_goals_per90__x__Midfield | pre365_goals_per90__x__Defender | pre365_assists_per90__x__Attack | pre365_assists_per90__x__Midfield | pre365_assists_per90__x__Defender | pre1_canonical_goals_per90__x__Attack | pre1_canonical_goals_per90__x__Midfield | pre1_canonical_goals_per90__x__Defender | pre1_canonical_assists_per90__x__Attack | pre1_canonical_assists_per90__x__Midfield | pre1_canonical_assists_per90__x__Defender | pre2_canonical_goals_per90__x__Attack | pre2_canonical_goals_per90__x__Midfield | pre2_canonical_goals_per90__x__Defender | pre2_canonical_assists_per90__x__Attack | pre2_canonical_assists_per90__x__Midfield | pre2_canonical_assists_per90__x__Defender,
contract_duration,origin_2023,R4_compact_role_aware,20,age_at_signing | canonical_position | league | log_market_value_at_signing | log_prior_season_annual_gross_eur | prior_wage_available | pre365_same_club_all_competition_opportunity_share | pre365_same_club_all_competition_appearance_rate | pre1_canonical_minutes_played | pre2_canonical_minutes_played | pre1_fbref_expected_goals | pre1_fbref_progressive_carries | pre1_fbref_progressive_passes | pre1_fbref_pass_completion_pct | pre365_goals_per90__role_z | pre365_assists_per90__role_z | pre1_canonical_goals_per90__role_z | pre1_canonical_assists_per90__role_z | pre2_canonical_goals_per90__role_z | pre2_canonical_assists_per90__role_z,zscore
