endpoint,variant,origin_id,class_label,raw_feature,encoded_feature,standardized_log_odds_coefficient
temporary_first_24m,C1_general_club_movement,origin_2020,event,club_outbound_events_730d_log1p,club_outbound_events_730d_log1p,0.1179827473372102
temporary_first_24m,C1_general_club_movement,origin_2020,event,club_outbound_unique_players_730d_log1p,club_outbound_unique_players_730d_log1p,-0.11791030083852458
temporary_first_24m,C1_general_club_movement,origin_2020,event,club_transaction_churn_730d_log1p,club_transaction_churn_730d_log1p,0.2067463519776423
temporary_first_24m,C1_general_club_movement,origin_2020,event,club_inbound_outbound_ratio_730d_log,club_inbound_outbound_ratio_730d_log,0.06590377737954282
temporary_first_24m,C1_general_club_movement,origin_2020,event,club_temporary_outbound_share_1095d,club_temporary_outbound_share_1095d,0.20754519805748328
temporary_first_24m,C1_general_club_movement,origin_2020,event,club_loan_return_within_temporary_share_1095d,club_loan_return_within_temporary_share_1095d,0.04855024644873269
temporary_first_24m,C1_general_club_movement,origin_2021,event,club_outbound_events_730d_log1p,club_outbound_events_730d_log1p,0.03500734612776454
temporary_first_24m,C1_general_club_movement,origin_2021,event,club_outbound_unique_players_730d_log1p,club_outbound_unique_players_730d_log1p,0.05365159022735518
temporary_first_24m,C1_general_club_movement,origin_2021,event,club_transaction_churn_730d_log1p,club_transaction_churn_730d_log1p,0.061714419334989876
temporary_first_24m,C1_general_club_movement,origin_2021,event,club_inbound_outbound_ratio_730d_log,club_inbound_outbound_ratio_730d_log,0.1330232947374541
temporary_first_24m,C1_general_club_movement,origin_2021,event,club_temporary_outbound_share_1095d,club_temporary_outbound_share_1095d,0.12209431845751736
temporary_first_24m,C1_general_club_movement,origin_2021,event,club_loan_return_within_temporary_share_1095d,club_loan_return_within_temporary_share_1095d,-0.00018556776464120342
temporary_first_24m,C1_general_club_movement,origin_2022,event,club_outbound_events_730d_log1p,club_outbound_events_730d_log1p,0.028486749880694
temporary_first_24m,C1_general_club_movement,origin_2022,event,club_outbound_unique_players_730d_log1p,club_outbound_unique_players_730d_log1p,0.09338604144442288
temporary_first_24m,C1_general_club_movement,origin_2022,event,club_transaction_churn_730d_log1p,club_transaction_churn_730d_log1p,0.061574387345182655
temporary_first_24m,C1_general_club_movement,origin_2022,event,club_inbound_outbound_ratio_730d_log,club_inbound_outbound_ratio_730d_log,0.12571084592398032
temporary_first_24m,C1_general_club_movement,origin_2022,event,club_temporary_outbound_share_1095d,club_temporary_outbound_share_1095d,0.07318987186933905
temporary_first_24m,C1_general_club_movement,origin_2022,event,club_loan_return_within_temporary_share_1095d,club_loan_return_within_temporary_share_1095d,-0.015688379914571456
temporary_first_24m,C1_general_club_movement,origin_2023,event,club_outbound_events_730d_log1p,club_outbound_events_730d_log1p,0.02718008884250063
temporary_first_24m,C1_general_club_movement,origin_2023,event,club_outbound_unique_players_730d_log1p,club_outbound_unique_players_730d_log1p,-0.03834568951812309
temporary_first_24m,C1_general_club_movement,origin_2023,event,club_transaction_churn_730d_log1p,club_transaction_churn_730d_log1p,0.23616635438499534
temporary_first_24m,C1_general_club_movement,origin_2023,event,club_inbound_outbound_ratio_730d_log,club_inbound_outbound_ratio_730d_log,0.07279241790926086
temporary_first_24m,C1_general_club_movement,origin_2023,event,club_temporary_outbound_share_1095d,club_temporary_outbound_share_1095d,0.03662850528475209
temporary_first_24m,C1_general_club_movement,origin_2023,event,club_loan_return_within_temporary_share_1095d,club_loan_return_within_temporary_share_1095d,0.011830872161761291
temporary_first_24m,C2_role_conditioned_movement,origin_2020,event,club_position_outbound_typed_count_1095d_log1p,club_position_outbound_typed_count_1095d_log1p,0.2562384273177572
temporary_first_24m,C2_role_conditioned_movement,origin_2020,event,club_position_temporary_share_1095d,club_position_temporary_share_1095d,0.12467963936424772
temporary_first_24m,C2_role_conditioned_movement,origin_2020,event,club_ageband_outbound_typed_count_1095d_log1p,club_ageband_outbound_typed_count_1095d_log1p,0.017566996337991473
temporary_first_24m,C2_role_conditioned_movement,origin_2020,event,club_ageband_permanent_share_1095d,club_ageband_permanent_share_1095d,0.03429564340311244
temporary_first_24m,C2_role_conditioned_movement,origin_2021,event,club_position_outbound_typed_count_1095d_log1p,club_position_outbound_typed_count_1095d_log1p,0.15304743599889464
temporary_first_24m,C2_role_conditioned_movement,origin_2021,event,club_position_temporary_share_1095d,club_position_temporary_share_1095d,0.05623176605433042
temporary_first_24m,C2_role_conditioned_movement,origin_2021,event,club_ageband_outbound_typed_count_1095d_log1p,club_ageband_outbound_typed_count_1095d_log1p,0.14407314859667686
temporary_first_24m,C2_role_conditioned_movement,origin_2021,event,club_ageband_permanent_share_1095d,club_ageband_permanent_share_1095d,-0.1050504508971784
temporary_first_24m,C2_role_conditioned_movement,origin_2022,event,club_position_outbound_typed_count_1095d_log1p,club_position_outbound_typed_count_1095d_log1p,0.166315769406305
temporary_first_24m,C2_role_conditioned_movement,origin_2022,event,club_position_temporary_share_1095d,club_position_temporary_share_1095d,0.08843408545352657
temporary_first_24m,C2_role_conditioned_movement,origin_2022,event,club_ageband_outbound_typed_count_1095d_log1p,club_ageband_outbound_typed_count_1095d_log1p,0.09216656448389009
temporary_first_24m,C2_role_conditioned_movement,origin_2022,event,club_ageband_permanent_share_1095d,club_ageband_permanent_share_1095d,-0.028096618008130427
temporary_first_24m,C2_role_conditioned_movement,origin_2023,event,club_position_outbound_typed_count_1095d_log1p,club_position_outbound_typed_count_1095d_log1p,0.08521060834717831
temporary_first_24m,C2_role_conditioned_movement,origin_2023,event,club_position_temporary_share_1095d,club_position_temporary_share_1095d,0.0930933608629553
temporary_first_24m,C2_role_conditioned_movement,origin_2023,event,club_ageband_outbound_typed_count_1095d_log1p,club_ageband_outbound_typed_count_1095d_log1p,0.18506694347835143
temporary_first_24m,C2_role_conditioned_movement,origin_2023,event,club_ageband_permanent_share_1095d,club_ageband_permanent_share_1095d,-0.0035085347483881286
temporary_first_24m,C3_mature_extension_history,origin_2021,event,club_mature_prior_extension_count_log1p,club_mature_prior_extension_count_log1p,0.10602246810716877
temporary_first_24m,C3_mature_extension_history,origin_2021,event,club_prior_extension_temporary_share,club_prior_extension_temporary_share,0.061868636584875
temporary_first_24m,C3_mature_extension_history,origin_2021,event,club_prior_extension_permanent_first_share,club_prior_extension_permanent_first_share,-0.024884676063017426
temporary_first_24m,C3_mature_extension_history,origin_2021,event,club_prior_extension_strict_stay_share,club_prior_extension_strict_stay_share,-0.0785123811880464
temporary_first_24m,C3_mature_extension_history,origin_2022,event,club_mature_prior_extension_count_log1p,club_mature_prior_extension_count_log1p,-0.0998233104361102
temporary_first_24m,C3_mature_extension_history,origin_2022,event,club_prior_extension_temporary_share,club_prior_extension_temporary_share,-0.01236454057017429
temporary_first_24m,C3_mature_extension_history,origin_2022,event,club_prior_extension_permanent_first_share,club_prior_extension_permanent_first_share,0.013135497357091231
temporary_first_24m,C3_mature_extension_history,origin_2022,event,club_prior_extension_strict_stay_share,club_prior_extension_strict_stay_share,-0.13259453372249275
temporary_first_24m,C3_mature_extension_history,origin_2023,event,club_mature_prior_extension_count_log1p,club_mature_prior_extension_count_log1p,-0.19005268744090836
temporary_first_24m,C3_mature_extension_history,origin_2023,event,club_prior_extension_temporary_share,club_prior_extension_temporary_share,0.008208294285565998
temporary_first_24m,C3_mature_extension_history,origin_2023,event,club_prior_extension_permanent_first_share,club_prior_extension_permanent_first_share,-0.060204484219289936
temporary_first_24m,C3_mature_extension_history,origin_2023,event,club_prior_extension_strict_stay_share,club_prior_extension_strict_stay_share,-0.11281354432069328
temporary_first_24m,C4_combined_behavior,origin_2020,event,club_outbound_events_730d_log1p,club_outbound_events_730d_log1p,0.03861485415356035
temporary_first_24m,C4_combined_behavior,origin_2020,event,club_outbound_unique_players_730d_log1p,club_outbound_unique_players_730d_log1p,-0.010499469871043325
temporary_first_24m,C4_combined_behavior,origin_2020,event,club_transaction_churn_730d_log1p,club_transaction_churn_730d_log1p,0.05534127272683176
temporary_first_24m,C4_combined_behavior,origin_2020,event,club_inbound_outbound_ratio_730d_log,club_inbound_outbound_ratio_730d_log,0.07237261869723294
temporary_first_24m,C4_combined_behavior,origin_2020,event,club_temporary_outbound_share_1095d,club_temporary_outbound_share_1095d,0.14222474436197505
temporary_first_24m,C4_combined_behavior,origin_2020,event,club_loan_return_within_temporary_share_1095d,club_loan_return_within_temporary_share_1095d,0.026425262867563724
temporary_first_24m,C4_combined_behavior,origin_2020,event,club_position_outbound_typed_count_1095d_log1p,club_position_outbound_typed_count_1095d_log1p,0.1300907104143453
temporary_first_24m,C4_combined_behavior,origin_2020,event,club_position_temporary_share_1095d,club_position_temporary_share_1095d,0.00588628349315858
temporary_first_24m,C4_combined_behavior,origin_2020,event,club_ageband_outbound_typed_count_1095d_log1p,club_ageband_outbound_typed_count_1095d_log1p,0.0650424407999992
temporary_first_24m,C4_combined_behavior,origin_2020,event,club_ageband_permanent_share_1095d,club_ageband_permanent_share_1095d,-0.0246666577771414
temporary_first_24m,C4_combined_behavior,origin_2021,event,club_outbound_events_730d_log1p,club_outbound_events_730d_log1p,-0.017827177730328783
temporary_first_24m,C4_combined_behavior,origin_2021,event,club_outbound_unique_players_730d_log1p,club_outbound_unique_players_730d_log1p,0.01564320264314587
temporary_first_24m,C4_combined_behavior,origin_2021,event,club_transaction_churn_730d_log1p,club_transaction_churn_730d_log1p,0.004227564689582438
temporary_first_24m,C4_combined_behavior,origin_2021,event,club_inbound_outbound_ratio_730d_log,club_inbound_outbound_ratio_730d_log,0.10440754730187315
temporary_first_24m,C4_combined_behavior,origin_2021,event,club_temporary_outbound_share_1095d,club_temporary_outbound_share_1095d,0.049503382949994276
temporary_first_24m,C4_combined_behavior,origin_2021,event,club_loan_return_within_temporary_share_1095d,club_loan_return_within_temporary_share_1095d,-0.005619487175442758
temporary_first_24m,C4_combined_behavior,origin_2021,event,club_position_outbound_typed_count_1095d_log1p,club_position_outbound_typed_count_1095d_log1p,0.1724721794334187
temporary_first_24m,C4_combined_behavior,origin_2021,event,club_position_temporary_share_1095d,club_position_temporary_share_1095d,0.01096453571649961
temporary_first_24m,C4_combined_behavior,origin_2021,event,club_ageband_outbound_typed_count_1095d_log1p,club_ageband_outbound_typed_count_1095d_log1p,0.14789563490312235
temporary_first_24m,C4_combined_behavior,origin_2021,event,club_ageband_permanent_share_1095d,club_ageband_permanent_share_1095d,-0.07812791015587472
temporary_first_24m,C4_combined_behavior,origin_2021,event,club_mature_prior_extension_count_log1p,club_mature_prior_extension_count_log1p,0.0903283360131991
temporary_first_24m,C4_combined_behavior,origin_2021,event,club_prior_extension_temporary_share,club_prior_extension_temporary_share,0.07769118847270358
temporary_first_24m,C4_combined_behavior,origin_2021,event,club_prior_extension_permanent_first_share,club_prior_extension_permanent_first_share,-0.03415152766074207
temporary_first_24m,C4_combined_behavior,origin_2021,event,club_prior_extension_strict_stay_share,club_prior_extension_strict_stay_share,-0.06657109548874485
temporary_first_24m,C4_combined_behavior,origin_2021,event,club_position_mature_prior_extension_count_log1p,club_position_mature_prior_extension_count_log1p,0.0003295352425554443
temporary_first_24m,C4_combined_behavior,origin_2021,event,club_position_prior_extension_temporary_share,club_position_prior_extension_temporary_share,-0.04185367903581863
temporary_first_24m,C4_combined_behavior,origin_2022,event,club_outbound_events_730d_log1p,club_outbound_events_730d_log1p,-0.030980236619215687
temporary_first_24m,C4_combined_behavior,origin_2022,event,club_outbound_unique_players_730d_log1p,club_outbound_unique_players_730d_log1p,0.037869748738027786
temporary_first_24m,C4_combined_behavior,origin_2022,event,club_transaction_churn_730d_log1p,club_transaction_churn_730d_log1p,-0.0015083071468753476
temporary_first_24m,C4_combined_behavior,origin_2022,event,club_inbound_outbound_ratio_730d_log,club_inbound_outbound_ratio_730d_log,0.11417771641887613
temporary_first_24m,C4_combined_behavior,origin_2022,event,club_temporary_outbound_share_1095d,club_temporary_outbound_share_1095d,0.06864292911423603
temporary_first_24m,C4_combined_behavior,origin_2022,event,club_loan_return_within_temporary_share_1095d,club_loan_return_within_temporary_share_1095d,-0.032161522219068546
temporary_first_24m,C4_combined_behavior,origin_2022,event,club_position_outbound_typed_count_1095d_log1p,club_position_outbound_typed_count_1095d_log1p,0.16915017168753818
temporary_first_24m,C4_combined_behavior,origin_2022,event,club_position_temporary_share_1095d,club_position_temporary_share_1095d,0.056871808661599646
temporary_first_24m,C4_combined_behavior,origin_2022,event,club_ageband_outbound_typed_count_1095d_log1p,club_ageband_outbound_typed_count_1095d_log1p,0.0729662707432767
temporary_first_24m,C4_combined_behavior,origin_2022,event,club_ageband_permanent_share_1095d,club_ageband_permanent_share_1095d,-0.010593637402126361
temporary_first_24m,C4_combined_behavior,origin_2022,event,club_mature_prior_extension_count_log1p,club_mature_prior_extension_count_log1p,-0.22499347389112956
temporary_first_24m,C4_combined_behavior,origin_2022,event,club_prior_extension_temporary_share,club_prior_extension_temporary_share,-0.009672411595789352
temporary_first_24m,C4_combined_behavior,origin_2022,event,club_prior_extension_permanent_first_share,club_prior_extension_permanent_first_share,-0.00926354950746912
temporary_first_24m,C4_combined_behavior,origin_2022,event,club_prior_extension_strict_stay_share,club_prior_extension_strict_stay_share,-0.13971810403679905
temporary_first_24m,C4_combined_behavior,origin_2022,event,club_position_mature_prior_extension_count_log1p,club_position_mature_prior_extension_count_log1p,0.09684131988210738
temporary_first_24m,C4_combined_behavior,origin_2022,event,club_position_prior_extension_temporary_share,club_position_prior_extension_temporary_share,-0.07668893057301668
temporary_first_24m,C4_combined_behavior,origin_2023,event,club_outbound_events_730d_log1p,club_outbound_events_730d_log1p,0.012587093541569233
temporary_first_24m,C4_combined_behavior,origin_2023,event,club_outbound_unique_players_730d_log1p,club_outbound_unique_players_730d_log1p,0.0009508352244562686
temporary_first_24m,C4_combined_behavior,origin_2023,event,club_transaction_churn_730d_log1p,club_transaction_churn_730d_log1p,0.040585420603804274
temporary_first_24m,C4_combined_behavior,origin_2023,event,club_inbound_outbound_ratio_730d_log,club_inbound_outbound_ratio_730d_log,0.0621447283061024
temporary_first_24m,C4_combined_behavior,origin_2023,event,club_temporary_outbound_share_1095d,club_temporary_outbound_share_1095d,0.044811892235189596
temporary_first_24m,C4_combined_behavior,origin_2023,event,club_loan_return_within_temporary_share_1095d,club_loan_return_within_temporary_share_1095d,-0.018251747661575952
temporary_first_24m,C4_combined_behavior,origin_2023,event,club_position_outbound_typed_count_1095d_log1p,club_position_outbound_typed_count_1095d_log1p,0.05415780638696154
temporary_first_24m,C4_combined_behavior,origin_2023,event,club_position_temporary_share_1095d,club_position_temporary_share_1095d,0.0768184531646849
temporary_first_24m,C4_combined_behavior,origin_2023,event,club_ageband_outbound_typed_count_1095d_log1p,club_ageband_outbound_typed_count_1095d_log1p,0.1627632424839627
temporary_first_24m,C4_combined_behavior,origin_2023,event,club_ageband_permanent_share_1095d,club_ageband_permanent_share_1095d,-0.0017271393868844263
temporary_first_24m,C4_combined_behavior,origin_2023,event,club_mature_prior_extension_count_log1p,club_mature_prior_extension_count_log1p,-0.2307446672321072
temporary_first_24m,C4_combined_behavior,origin_2023,event,club_prior_extension_temporary_share,club_prior_extension_temporary_share,-0.02552983081002376
temporary_first_24m,C4_combined_behavior,origin_2023,event,club_prior_extension_permanent_first_share,club_prior_extension_permanent_first_share,-0.08330934587182838
temporary_first_24m,C4_combined_behavior,origin_2023,event,club_prior_extension_strict_stay_share,club_prior_extension_strict_stay_share,-0.11377271966476686
temporary_first_24m,C4_combined_behavior,origin_2023,event,club_position_mature_prior_extension_count_log1p,club_position_mature_prior_extension_count_log1p,0.005160532323973246
temporary_first_24m,C4_combined_behavior,origin_2023,event,club_position_prior_extension_temporary_share,club_position_prior_extension_temporary_share,-0.014855982726904401
permanent_first_24m,C1_general_club_movement,origin_2020,event,club_outbound_events_730d_log1p,club_outbound_events_730d_log1p,0.00979640075437184
permanent_first_24m,C1_general_club_movement,origin_2020,event,club_outbound_unique_players_730d_log1p,club_outbound_unique_players_730d_log1p,0.08334403531300777
permanent_first_24m,C1_general_club_movement,origin_2020,event,club_transaction_churn_730d_log1p,club_transaction_churn_730d_log1p,0.02541179407040277
permanent_first_24m,C1_general_club_movement,origin_2020,event,club_inbound_outbound_ratio_730d_log,club_inbound_outbound_ratio_730d_log,0.13833564373753635
permanent_first_24m,C1_general_club_movement,origin_2020,event,club_temporary_outbound_share_1095d,club_temporary_outbound_share_1095d,0.0610216493998806
permanent_first_24m,C1_general_club_movement,origin_2020,event,club_loan_return_within_temporary_share_1095d,club_loan_return_within_temporary_share_1095d,0.005656751489270409
permanent_first_24m,C1_general_club_movement,origin_2021,event,club_outbound_events_730d_log1p,club_outbound_events_730d_log1p,0.03628959317621398
permanent_first_24m,C1_general_club_movement,origin_2021,event,club_outbound_unique_players_730d_log1p,club_outbound_unique_players_730d_log1p,-0.07500617396148251
permanent_first_24m,C1_general_club_movement,origin_2021,event,club_transaction_churn_730d_log1p,club_transaction_churn_730d_log1p,0.03830501251388017
permanent_first_24m,C1_general_club_movement,origin_2021,event,club_inbound_outbound_ratio_730d_log,club_inbound_outbound_ratio_730d_log,0.011472515085587377
permanent_first_24m,C1_general_club_movement,origin_2021,event,club_temporary_outbound_share_1095d,club_temporary_outbound_share_1095d,0.04743461013012241
permanent_first_24m,C1_general_club_movement,origin_2021,event,club_loan_return_within_temporary_share_1095d,club_loan_return_within_temporary_share_1095d,0.06905533534830571
permanent_first_24m,C1_general_club_movement,origin_2022,event,club_outbound_events_730d_log1p,club_outbound_events_730d_log1p,0.2799204866279542
permanent_first_24m,C1_general_club_movement,origin_2022,event,club_outbound_unique_players_730d_log1p,club_outbound_unique_players_730d_log1p,-0.7141629161438287
permanent_first_24m,C1_general_club_movement,origin_2022,event,club_transaction_churn_730d_log1p,club_transaction_churn_730d_log1p,0.4200057765366273
permanent_first_24m,C1_general_club_movement,origin_2022,event,club_inbound_outbound_ratio_730d_log,club_inbound_outbound_ratio_730d_log,-0.0037746337578904443
permanent_first_24m,C1_general_club_movement,origin_2022,event,club_temporary_outbound_share_1095d,club_temporary_outbound_share_1095d,0.011476237103384603
permanent_first_24m,C1_general_club_movement,origin_2022,event,club_loan_return_within_temporary_share_1095d,club_loan_return_within_temporary_share_1095d,0.18513760903658724
permanent_first_24m,C1_general_club_movement,origin_2023,event,club_outbound_events_730d_log1p,club_outbound_events_730d_log1p,0.022973327261759595
permanent_first_24m,C1_general_club_movement,origin_2023,event,club_outbound_unique_players_730d_log1p,club_outbound_unique_players_730d_log1p,-0.0010384975358662747
permanent_first_24m,C1_general_club_movement,origin_2023,event,club_transaction_churn_730d_log1p,club_transaction_churn_730d_log1p,0.03087117943140507
permanent_first_24m,C1_general_club_movement,origin_2023,event,club_inbound_outbound_ratio_730d_log,club_inbound_outbound_ratio_730d_log,0.050454901038691526
permanent_first_24m,C1_general_club_movement,origin_2023,event,club_temporary_outbound_share_1095d,club_temporary_outbound_share_1095d,-0.0037071558587256645
permanent_first_24m,C1_general_club_movement,origin_2023,event,club_loan_return_within_temporary_share_1095d,club_loan_return_within_temporary_share_1095d,0.05576226920372199
permanent_first_24m,C2_role_conditioned_movement,origin_2020,event,club_position_outbound_typed_count_1095d_log1p,club_position_outbound_typed_count_1095d_log1p,-0.05712215217651089
permanent_first_24m,C2_role_conditioned_movement,origin_2020,event,club_position_temporary_share_1095d,club_position_temporary_share_1095d,0.07167820586057437
permanent_first_24m,C2_role_conditioned_movement,origin_2020,event,club_ageband_outbound_typed_count_1095d_log1p,club_ageband_outbound_typed_count_1095d_log1p,0.0868329077969043
permanent_first_24m,C2_role_conditioned_movement,origin_2020,event,club_ageband_permanent_share_1095d,club_ageband_permanent_share_1095d,-0.05129556571858419
permanent_first_24m,C2_role_conditioned_movement,origin_2021,event,club_position_outbound_typed_count_1095d_log1p,club_position_outbound_typed_count_1095d_log1p,-0.09008091006988773
permanent_first_24m,C2_role_conditioned_movement,origin_2021,event,club_position_temporary_share_1095d,club_position_temporary_share_1095d,0.00428688125232714
permanent_first_24m,C2_role_conditioned_movement,origin_2021,event,club_ageband_outbound_typed_count_1095d_log1p,club_ageband_outbound_typed_count_1095d_log1p,0.07358480421232588
permanent_first_24m,C2_role_conditioned_movement,origin_2021,event,club_ageband_permanent_share_1095d,club_ageband_permanent_share_1095d,-0.015853921480332434
permanent_first_24m,C2_role_conditioned_movement,origin_2022,event,club_position_outbound_typed_count_1095d_log1p,club_position_outbound_typed_count_1095d_log1p,-0.21059402807011235
permanent_first_24m,C2_role_conditioned_movement,origin_2022,event,club_position_temporary_share_1095d,club_position_temporary_share_1095d,-0.02785137521099628
permanent_first_24m,C2_role_conditioned_movement,origin_2022,event,club_ageband_outbound_typed_count_1095d_log1p,club_ageband_outbound_typed_count_1095d_log1p,0.18470757932496695
permanent_first_24m,C2_role_conditioned_movement,origin_2022,event,club_ageband_permanent_share_1095d,club_ageband_permanent_share_1095d,-0.035840509922795166
permanent_first_24m,C2_role_conditioned_movement,origin_2023,event,club_position_outbound_typed_count_1095d_log1p,club_position_outbound_typed_count_1095d_log1p,0.03200383509728492
permanent_first_24m,C2_role_conditioned_movement,origin_2023,event,club_position_temporary_share_1095d,club_position_temporary_share_1095d,0.028285326571540464
permanent_first_24m,C2_role_conditioned_movement,origin_2023,event,club_ageband_outbound_typed_count_1095d_log1p,club_ageband_outbound_typed_count_1095d_log1p,0.0022842706710765326
permanent_first_24m,C2_role_conditioned_movement,origin_2023,event,club_ageband_permanent_share_1095d,club_ageband_permanent_share_1095d,0.12215176622052755
permanent_first_24m,C3_mature_extension_history,origin_2021,event,club_mature_prior_extension_count_log1p,club_mature_prior_extension_count_log1p,-0.2025430720529732
permanent_first_24m,C3_mature_extension_history,origin_2021,event,club_prior_extension_temporary_share,club_prior_extension_temporary_share,-0.1606961385299452
permanent_first_24m,C3_mature_extension_history,origin_2021,event,club_prior_extension_permanent_first_share,club_prior_extension_permanent_first_share,0.06720136440900384
permanent_first_24m,C3_mature_extension_history,origin_2021,event,club_prior_extension_strict_stay_share,club_prior_extension_strict_stay_share,-0.1490794634379224
permanent_first_24m,C3_mature_extension_history,origin_2022,event,club_mature_prior_extension_count_log1p,club_mature_prior_extension_count_log1p,-0.029561752304437194
permanent_first_24m,C3_mature_extension_history,origin_2022,event,club_prior_extension_temporary_share,club_prior_extension_temporary_share,-0.016991381737186107
permanent_first_24m,C3_mature_extension_history,origin_2022,event,club_prior_extension_permanent_first_share,club_prior_extension_permanent_first_share,-0.01913212714418663
permanent_first_24m,C3_mature_extension_history,origin_2022,event,club_prior_extension_strict_stay_share,club_prior_extension_strict_stay_share,0.00593704114780336
permanent_first_24m,C3_mature_extension_history,origin_2023,event,club_mature_prior_extension_count_log1p,club_mature_prior_extension_count_log1p,0.09439026207162592
permanent_first_24m,C3_mature_extension_history,origin_2023,event,club_prior_extension_temporary_share,club_prior_extension_temporary_share,-0.007295587155631755
permanent_first_24m,C3_mature_extension_history,origin_2023,event,club_prior_extension_permanent_first_share,club_prior_extension_permanent_first_share,0.02206395032148399
permanent_first_24m,C3_mature_extension_history,origin_2023,event,club_prior_extension_strict_stay_share,club_prior_extension_strict_stay_share,-0.03414906712127975
permanent_first_24m,C4_combined_behavior,origin_2020,event,club_outbound_events_730d_log1p,club_outbound_events_730d_log1p,0.017041369474028796
permanent_first_24m,C4_combined_behavior,origin_2020,event,club_outbound_unique_players_730d_log1p,club_outbound_unique_players_730d_log1p,0.08578841375087082
permanent_first_24m,C4_combined_behavior,origin_2020,event,club_transaction_churn_730d_log1p,club_transaction_churn_730d_log1p,0.03216639575364934
permanent_first_24m,C4_combined_behavior,origin_2020,event,club_inbound_outbound_ratio_730d_log,club_inbound_outbound_ratio_730d_log,0.13313742128578027
permanent_first_24m,C4_combined_behavior,origin_2020,event,club_temporary_outbound_share_1095d,club_temporary_outbound_share_1095d,0.0423146532620203
permanent_first_24m,C4_combined_behavior,origin_2020,event,club_loan_return_within_temporary_share_1095d,club_loan_return_within_temporary_share_1095d,0.0017246793964821035
permanent_first_24m,C4_combined_behavior,origin_2020,event,club_position_outbound_typed_count_1095d_log1p,club_position_outbound_typed_count_1095d_log1p,-0.08613607454230637
permanent_first_24m,C4_combined_behavior,origin_2020,event,club_position_temporary_share_1095d,club_position_temporary_share_1095d,0.02739652688940729
permanent_first_24m,C4_combined_behavior,origin_2020,event,club_ageband_outbound_typed_count_1095d_log1p,club_ageband_outbound_typed_count_1095d_log1p,0.053197507832204186
permanent_first_24m,C4_combined_behavior,origin_2020,event,club_ageband_permanent_share_1095d,club_ageband_permanent_share_1095d,-0.009626186683777968
permanent_first_24m,C4_combined_behavior,origin_2021,event,club_outbound_events_730d_log1p,club_outbound_events_730d_log1p,0.03494919021703892
permanent_first_24m,C4_combined_behavior,origin_2021,event,club_outbound_unique_players_730d_log1p,club_outbound_unique_players_730d_log1p,-0.07970510628835553
permanent_first_24m,C4_combined_behavior,origin_2021,event,club_transaction_churn_730d_log1p,club_transaction_churn_730d_log1p,0.038935386748354464
permanent_first_24m,C4_combined_behavior,origin_2021,event,club_inbound_outbound_ratio_730d_log,club_inbound_outbound_ratio_730d_log,0.02336469367299555
permanent_first_24m,C4_combined_behavior,origin_2021,event,club_temporary_outbound_share_1095d,club_temporary_outbound_share_1095d,0.10027921951296617
permanent_first_24m,C4_combined_behavior,origin_2021,event,club_loan_return_within_temporary_share_1095d,club_loan_return_within_temporary_share_1095d,0.0483004344641668
permanent_first_24m,C4_combined_behavior,origin_2021,event,club_position_outbound_typed_count_1095d_log1p,club_position_outbound_typed_count_1095d_log1p,-0.09886141732227775
permanent_first_24m,C4_combined_behavior,origin_2021,event,club_position_temporary_share_1095d,club_position_temporary_share_1095d,-0.011866682388058547
permanent_first_24m,C4_combined_behavior,origin_2021,event,club_ageband_outbound_typed_count_1095d_log1p,club_ageband_outbound_typed_count_1095d_log1p,0.03762574458992089
permanent_first_24m,C4_combined_behavior,origin_2021,event,club_ageband_permanent_share_1095d,club_ageband_permanent_share_1095d,1.1637847443890666e-05
permanent_first_24m,C4_combined_behavior,origin_2021,event,club_mature_prior_extension_count_log1p,club_mature_prior_extension_count_log1p,-0.16939166955857465
permanent_first_24m,C4_combined_behavior,origin_2021,event,club_prior_extension_temporary_share,club_prior_extension_temporary_share,-0.06768794189558763
permanent_first_24m,C4_combined_behavior,origin_2021,event,club_prior_extension_permanent_first_share,club_prior_extension_permanent_first_share,0.08695984393757102
permanent_first_24m,C4_combined_behavior,origin_2021,event,club_prior_extension_strict_stay_share,club_prior_extension_strict_stay_share,-0.10141283560759966
permanent_first_24m,C4_combined_behavior,origin_2021,event,club_position_mature_prior_extension_count_log1p,club_position_mature_prior_extension_count_log1p,0.0007100355778267725
permanent_first_24m,C4_combined_behavior,origin_2021,event,club_position_prior_extension_temporary_share,club_position_prior_extension_temporary_share,-0.10531705756778863
permanent_first_24m,C4_combined_behavior,origin_2022,event,club_outbound_events_730d_log1p,club_outbound_events_730d_log1p,0.014475916348144487
permanent_first_24m,C4_combined_behavior,origin_2022,event,club_outbound_unique_players_730d_log1p,club_outbound_unique_players_730d_log1p,-0.02944008453956881
permanent_first_24m,C4_combined_behavior,origin_2022,event,club_transaction_churn_730d_log1p,club_transaction_churn_730d_log1p,0.017780073964619413
permanent_first_24m,C4_combined_behavior,origin_2022,event,club_inbound_outbound_ratio_730d_log,club_inbound_outbound_ratio_730d_log,0.020269713149220724
permanent_first_24m,C4_combined_behavior,origin_2022,event,club_temporary_outbound_share_1095d,club_temporary_outbound_share_1095d,0.047460014241280296
permanent_first_24m,C4_combined_behavior,origin_2022,event,club_loan_return_within_temporary_share_1095d,club_loan_return_within_temporary_share_1095d,0.06626470218318901
permanent_first_24m,C4_combined_behavior,origin_2022,event,club_position_outbound_typed_count_1095d_log1p,club_position_outbound_typed_count_1095d_log1p,-0.024243514031230096
permanent_first_24m,C4_combined_behavior,origin_2022,event,club_position_temporary_share_1095d,club_position_temporary_share_1095d,-0.023944462272523066
permanent_first_24m,C4_combined_behavior,origin_2022,event,club_ageband_outbound_typed_count_1095d_log1p,club_ageband_outbound_typed_count_1095d_log1p,-0.009588086627769984
permanent_first_24m,C4_combined_behavior,origin_2022,event,club_ageband_permanent_share_1095d,club_ageband_permanent_share_1095d,0.11828514560117795
permanent_first_24m,C4_combined_behavior,origin_2022,event,club_mature_prior_extension_count_log1p,club_mature_prior_extension_count_log1p,-0.012170346894165504
permanent_first_24m,C4_combined_behavior,origin_2022,event,club_prior_extension_temporary_share,club_prior_extension_temporary_share,-0.022461144715390447
permanent_first_24m,C4_combined_behavior,origin_2022,event,club_prior_extension_permanent_first_share,club_prior_extension_permanent_first_share,-0.021743592086845027
permanent_first_24m,C4_combined_behavior,origin_2022,event,club_prior_extension_strict_stay_share,club_prior_extension_strict_stay_share,0.00969330869083657
permanent_first_24m,C4_combined_behavior,origin_2022,event,club_position_mature_prior_extension_count_log1p,club_position_mature_prior_extension_count_log1p,-0.012203141835345486
permanent_first_24m,C4_combined_behavior,origin_2022,event,club_position_prior_extension_temporary_share,club_position_prior_extension_temporary_share,0.023461233055268226
permanent_first_24m,C4_combined_behavior,origin_2023,event,club_outbound_events_730d_log1p,club_outbound_events_730d_log1p,0.03228429005632618
permanent_first_24m,C4_combined_behavior,origin_2023,event,club_outbound_unique_players_730d_log1p,club_outbound_unique_players_730d_log1p,-0.0019727594364448773
permanent_first_24m,C4_combined_behavior,origin_2023,event,club_transaction_churn_730d_log1p,club_transaction_churn_730d_log1p,0.04067469594380145
permanent_first_24m,C4_combined_behavior,origin_2023,event,club_inbound_outbound_ratio_730d_log,club_inbound_outbound_ratio_730d_log,0.054047087845852056
permanent_first_24m,C4_combined_behavior,origin_2023,event,club_temporary_outbound_share_1095d,club_temporary_outbound_share_1095d,0.008639676516406552
permanent_first_24m,C4_combined_behavior,origin_2023,event,club_loan_return_within_temporary_share_1095d,club_loan_return_within_temporary_share_1095d,0.07414672898733883
permanent_first_24m,C4_combined_behavior,origin_2023,event,club_position_outbound_typed_count_1095d_log1p,club_position_outbound_typed_count_1095d_log1p,0.019726312318074417
permanent_first_24m,C4_combined_behavior,origin_2023,event,club_position_temporary_share_1095d,club_position_temporary_share_1095d,0.004258831158808699
permanent_first_24m,C4_combined_behavior,origin_2023,event,club_ageband_outbound_typed_count_1095d_log1p,club_ageband_outbound_typed_count_1095d_log1p,-0.010707393402993284
permanent_first_24m,C4_combined_behavior,origin_2023,event,club_ageband_permanent_share_1095d,club_ageband_permanent_share_1095d,0.1307564232690245
permanent_first_24m,C4_combined_behavior,origin_2023,event,club_mature_prior_extension_count_log1p,club_mature_prior_extension_count_log1p,0.0724156983160248
permanent_first_24m,C4_combined_behavior,origin_2023,event,club_prior_extension_temporary_share,club_prior_extension_temporary_share,-0.010097553322975798
permanent_first_24m,C4_combined_behavior,origin_2023,event,club_prior_extension_permanent_first_share,club_prior_extension_permanent_first_share,0.016829777175282102
permanent_first_24m,C4_combined_behavior,origin_2023,event,club_prior_extension_strict_stay_share,club_prior_extension_strict_stay_share,-0.015664261686680454
permanent_first_24m,C4_combined_behavior,origin_2023,event,club_position_mature_prior_extension_count_log1p,club_position_mature_prior_extension_count_log1p,0.06489437223583087
permanent_first_24m,C4_combined_behavior,origin_2023,event,club_position_prior_extension_temporary_share,club_position_prior_extension_temporary_share,0.021923810922280455
permanent_relationship_ended_24m,C1_general_club_movement,origin_2020,event,club_outbound_events_730d_log1p,club_outbound_events_730d_log1p,-0.0032324649572158695
permanent_relationship_ended_24m,C1_general_club_movement,origin_2020,event,club_outbound_unique_players_730d_log1p,club_outbound_unique_players_730d_log1p,0.06926931120098033
permanent_relationship_ended_24m,C1_general_club_movement,origin_2020,event,club_transaction_churn_730d_log1p,club_transaction_churn_730d_log1p,0.00488926317805437
permanent_relationship_ended_24m,C1_general_club_movement,origin_2020,event,club_inbound_outbound_ratio_730d_log,club_inbound_outbound_ratio_730d_log,0.1085248050486751
permanent_relationship_ended_24m,C1_general_club_movement,origin_2020,event,club_temporary_outbound_share_1095d,club_temporary_outbound_share_1095d,0.15417343436311567
permanent_relationship_ended_24m,C1_general_club_movement,origin_2020,event,club_loan_return_within_temporary_share_1095d,club_loan_return_within_temporary_share_1095d,-0.019563226101390285
permanent_relationship_ended_24m,C1_general_club_movement,origin_2021,event,club_outbound_events_730d_log1p,club_outbound_events_730d_log1p,0.03859397934258948
permanent_relationship_ended_24m,C1_general_club_movement,origin_2021,event,club_outbound_unique_players_730d_log1p,club_outbound_unique_players_730d_log1p,-0.07838181848868275
permanent_relationship_ended_24m,C1_general_club_movement,origin_2021,event,club_transaction_churn_730d_log1p,club_transaction_churn_730d_log1p,0.04084369427271006
permanent_relationship_ended_24m,C1_general_club_movement,origin_2021,event,club_inbound_outbound_ratio_730d_log,club_inbound_outbound_ratio_730d_log,0.04249830317798546
permanent_relationship_ended_24m,C1_general_club_movement,origin_2021,event,club_temporary_outbound_share_1095d,club_temporary_outbound_share_1095d,0.11023024777051069
permanent_relationship_ended_24m,C1_general_club_movement,origin_2021,event,club_loan_return_within_temporary_share_1095d,club_loan_return_within_temporary_share_1095d,0.023820429222902718
permanent_relationship_ended_24m,C1_general_club_movement,origin_2022,event,club_outbound_events_730d_log1p,club_outbound_events_730d_log1p,0.3717759002966851
permanent_relationship_ended_24m,C1_general_club_movement,origin_2022,event,club_outbound_unique_players_730d_log1p,club_outbound_unique_players_730d_log1p,-0.5895912672896642
permanent_relationship_ended_24m,C1_general_club_movement,origin_2022,event,club_transaction_churn_730d_log1p,club_transaction_churn_730d_log1p,0.1895920933916579
permanent_relationship_ended_24m,C1_general_club_movement,origin_2022,event,club_inbound_outbound_ratio_730d_log,club_inbound_outbound_ratio_730d_log,0.0332903288600582
permanent_relationship_ended_24m,C1_general_club_movement,origin_2022,event,club_temporary_outbound_share_1095d,club_temporary_outbound_share_1095d,0.10353643009723179
permanent_relationship_ended_24m,C1_general_club_movement,origin_2022,event,club_loan_return_within_temporary_share_1095d,club_loan_return_within_temporary_share_1095d,0.12212540618917557
permanent_relationship_ended_24m,C1_general_club_movement,origin_2023,event,club_outbound_events_730d_log1p,club_outbound_events_730d_log1p,0.030452661615124575
permanent_relationship_ended_24m,C1_general_club_movement,origin_2023,event,club_outbound_unique_players_730d_log1p,club_outbound_unique_players_730d_log1p,-0.008880346539486076
permanent_relationship_ended_24m,C1_general_club_movement,origin_2023,event,club_transaction_churn_730d_log1p,club_transaction_churn_730d_log1p,0.03986077018803109
permanent_relationship_ended_24m,C1_general_club_movement,origin_2023,event,club_inbound_outbound_ratio_730d_log,club_inbound_outbound_ratio_730d_log,0.06158956538794795
permanent_relationship_ended_24m,C1_general_club_movement,origin_2023,event,club_temporary_outbound_share_1095d,club_temporary_outbound_share_1095d,0.02912731461359895
permanent_relationship_ended_24m,C1_general_club_movement,origin_2023,event,club_loan_return_within_temporary_share_1095d,club_loan_return_within_temporary_share_1095d,0.023948039832822163
permanent_relationship_ended_24m,C2_role_conditioned_movement,origin_2020,event,club_position_outbound_typed_count_1095d_log1p,club_position_outbound_typed_count_1095d_log1p,-0.0711566362164003
permanent_relationship_ended_24m,C2_role_conditioned_movement,origin_2020,event,club_position_temporary_share_1095d,club_position_temporary_share_1095d,0.10201190597287851
permanent_relationship_ended_24m,C2_role_conditioned_movement,origin_2020,event,club_ageband_outbound_typed_count_1095d_log1p,club_ageband_outbound_typed_count_1095d_log1p,0.06008314910494381
permanent_relationship_ended_24m,C2_role_conditioned_movement,origin_2020,event,club_ageband_permanent_share_1095d,club_ageband_permanent_share_1095d,-0.04806958968490934
permanent_relationship_ended_24m,C2_role_conditioned_movement,origin_2021,event,club_position_outbound_typed_count_1095d_log1p,club_position_outbound_typed_count_1095d_log1p,-0.039737525224036514
permanent_relationship_ended_24m,C2_role_conditioned_movement,origin_2021,event,club_position_temporary_share_1095d,club_position_temporary_share_1095d,0.03202947849025686
permanent_relationship_ended_24m,C2_role_conditioned_movement,origin_2021,event,club_ageband_outbound_typed_count_1095d_log1p,club_ageband_outbound_typed_count_1095d_log1p,0.044727925306935874
permanent_relationship_ended_24m,C2_role_conditioned_movement,origin_2021,event,club_ageband_permanent_share_1095d,club_ageband_permanent_share_1095d,-0.017457095139318295
permanent_relationship_ended_24m,C2_role_conditioned_movement,origin_2022,event,club_position_outbound_typed_count_1095d_log1p,club_position_outbound_typed_count_1095d_log1p,-0.13111226684793803
permanent_relationship_ended_24m,C2_role_conditioned_movement,origin_2022,event,club_position_temporary_share_1095d,club_position_temporary_share_1095d,-0.00819689257947534
permanent_relationship_ended_24m,C2_role_conditioned_movement,origin_2022,event,club_ageband_outbound_typed_count_1095d_log1p,club_ageband_outbound_typed_count_1095d_log1p,0.13848265458876666
permanent_relationship_ended_24m,C2_role_conditioned_movement,origin_2022,event,club_ageband_permanent_share_1095d,club_ageband_permanent_share_1095d,-0.050074271871245954
permanent_relationship_ended_24m,C2_role_conditioned_movement,origin_2023,event,club_position_outbound_typed_count_1095d_log1p,club_position_outbound_typed_count_1095d_log1p,0.047803479444693084
permanent_relationship_ended_24m,C2_role_conditioned_movement,origin_2023,event,club_position_temporary_share_1095d,club_position_temporary_share_1095d,0.03275438137740861
permanent_relationship_ended_24m,C2_role_conditioned_movement,origin_2023,event,club_ageband_outbound_typed_count_1095d_log1p,club_ageband_outbound_typed_count_1095d_log1p,0.02629183157912541
permanent_relationship_ended_24m,C2_role_conditioned_movement,origin_2023,event,club_ageband_permanent_share_1095d,club_ageband_permanent_share_1095d,0.09663053562948781
permanent_relationship_ended_24m,C3_mature_extension_history,origin_2021,event,club_mature_prior_extension_count_log1p,club_mature_prior_extension_count_log1p,0.055370666995862176
permanent_relationship_ended_24m,C3_mature_extension_history,origin_2021,event,club_prior_extension_temporary_share,club_prior_extension_temporary_share,-0.008549144623595831
permanent_relationship_ended_24m,C3_mature_extension_history,origin_2021,event,club_prior_extension_permanent_first_share,club_prior_extension_permanent_first_share,0.10000792429422584
permanent_relationship_ended_24m,C3_mature_extension_history,origin_2021,event,club_prior_extension_strict_stay_share,club_prior_extension_strict_stay_share,-0.009882559035763846
permanent_relationship_ended_24m,C3_mature_extension_history,origin_2022,event,club_mature_prior_extension_count_log1p,club_mature_prior_extension_count_log1p,0.0495812721835368
permanent_relationship_ended_24m,C3_mature_extension_history,origin_2022,event,club_prior_extension_temporary_share,club_prior_extension_temporary_share,0.02325208101208437
permanent_relationship_ended_24m,C3_mature_extension_history,origin_2022,event,club_prior_extension_permanent_first_share,club_prior_extension_permanent_first_share,-0.009662737166645563
permanent_relationship_ended_24m,C3_mature_extension_history,origin_2022,event,club_prior_extension_strict_stay_share,club_prior_extension_strict_stay_share,0.021613654534481413
permanent_relationship_ended_24m,C3_mature_extension_history,origin_2023,event,club_mature_prior_extension_count_log1p,club_mature_prior_extension_count_log1p,0.1117815044598559
permanent_relationship_ended_24m,C3_mature_extension_history,origin_2023,event,club_prior_extension_temporary_share,club_prior_extension_temporary_share,0.005414976670591956
permanent_relationship_ended_24m,C3_mature_extension_history,origin_2023,event,club_prior_extension_permanent_first_share,club_prior_extension_permanent_first_share,0.010126200331008176
permanent_relationship_ended_24m,C3_mature_extension_history,origin_2023,event,club_prior_extension_strict_stay_share,club_prior_extension_strict_stay_share,-0.03468647416230843
permanent_relationship_ended_24m,C4_combined_behavior,origin_2020,event,club_outbound_events_730d_log1p,club_outbound_events_730d_log1p,0.019190459386871965
permanent_relationship_ended_24m,C4_combined_behavior,origin_2020,event,club_outbound_unique_players_730d_log1p,club_outbound_unique_players_730d_log1p,0.08053956294904309
permanent_relationship_ended_24m,C4_combined_behavior,origin_2020,event,club_transaction_churn_730d_log1p,club_transaction_churn_730d_log1p,0.0278728567053429
permanent_relationship_ended_24m,C4_combined_behavior,origin_2020,event,club_inbound_outbound_ratio_730d_log,club_inbound_outbound_ratio_730d_log,0.10790772087652928
permanent_relationship_ended_24m,C4_combined_behavior,origin_2020,event,club_temporary_outbound_share_1095d,club_temporary_outbound_share_1095d,0.14363459473328555
permanent_relationship_ended_24m,C4_combined_behavior,origin_2020,event,club_loan_return_within_temporary_share_1095d,club_loan_return_within_temporary_share_1095d,-0.026257281702005315
permanent_relationship_ended_24m,C4_combined_behavior,origin_2020,event,club_position_outbound_typed_count_1095d_log1p,club_position_outbound_typed_count_1095d_log1p,-0.11934051531400623
permanent_relationship_ended_24m,C4_combined_behavior,origin_2020,event,club_position_temporary_share_1095d,club_position_temporary_share_1095d,0.021169101002007973
permanent_relationship_ended_24m,C4_combined_behavior,origin_2020,event,club_ageband_outbound_typed_count_1095d_log1p,club_ageband_outbound_typed_count_1095d_log1p,0.017286034325193204
permanent_relationship_ended_24m,C4_combined_behavior,origin_2020,event,club_ageband_permanent_share_1095d,club_ageband_permanent_share_1095d,0.013607808986189645
permanent_relationship_ended_24m,C4_combined_behavior,origin_2021,event,club_outbound_events_730d_log1p,club_outbound_events_730d_log1p,0.04549904606621013
permanent_relationship_ended_24m,C4_combined_behavior,origin_2021,event,club_outbound_unique_players_730d_log1p,club_outbound_unique_players_730d_log1p,-0.07608224232288398
permanent_relationship_ended_24m,C4_combined_behavior,origin_2021,event,club_transaction_churn_730d_log1p,club_transaction_churn_730d_log1p,0.049092364718593
permanent_relationship_ended_24m,C4_combined_behavior,origin_2021,event,club_inbound_outbound_ratio_730d_log,club_inbound_outbound_ratio_730d_log,0.04829201800071143
permanent_relationship_ended_24m,C4_combined_behavior,origin_2021,event,club_temporary_outbound_share_1095d,club_temporary_outbound_share_1095d,0.15819042005503656
permanent_relationship_ended_24m,C4_combined_behavior,origin_2021,event,club_loan_return_within_temporary_share_1095d,club_loan_return_within_temporary_share_1095d,0.023659478581395367
permanent_relationship_ended_24m,C4_combined_behavior,origin_2021,event,club_position_outbound_typed_count_1095d_log1p,club_position_outbound_typed_count_1095d_log1p,-0.05964654850878209
permanent_relationship_ended_24m,C4_combined_behavior,origin_2021,event,club_position_temporary_share_1095d,club_position_temporary_share_1095d,-0.02573661513406453
permanent_relationship_ended_24m,C4_combined_behavior,origin_2021,event,club_ageband_outbound_typed_count_1095d_log1p,club_ageband_outbound_typed_count_1095d_log1p,0.01822136474660728
permanent_relationship_ended_24m,C4_combined_behavior,origin_2021,event,club_ageband_permanent_share_1095d,club_ageband_permanent_share_1095d,0.03347997884079678
permanent_relationship_ended_24m,C4_combined_behavior,origin_2021,event,club_mature_prior_extension_count_log1p,club_mature_prior_extension_count_log1p,0.01285369930319542
permanent_relationship_ended_24m,C4_combined_behavior,origin_2021,event,club_prior_extension_temporary_share,club_prior_extension_temporary_share,-0.001986809802458186
permanent_relationship_ended_24m,C4_combined_behavior,origin_2021,event,club_prior_extension_permanent_first_share,club_prior_extension_permanent_first_share,0.10824723484480311
permanent_relationship_ended_24m,C4_combined_behavior,origin_2021,event,club_prior_extension_strict_stay_share,club_prior_extension_strict_stay_share,-0.0030330171356417962
permanent_relationship_ended_24m,C4_combined_behavior,origin_2021,event,club_position_mature_prior_extension_count_log1p,club_position_mature_prior_extension_count_log1p,0.054466408323201716
permanent_relationship_ended_24m,C4_combined_behavior,origin_2021,event,club_position_prior_extension_temporary_share,club_position_prior_extension_temporary_share,-0.020295968038274267
permanent_relationship_ended_24m,C4_combined_behavior,origin_2022,event,club_outbound_events_730d_log1p,club_outbound_events_730d_log1p,0.3928047025838406
permanent_relationship_ended_24m,C4_combined_behavior,origin_2022,event,club_outbound_unique_players_730d_log1p,club_outbound_unique_players_730d_log1p,-0.5990213603512146
permanent_relationship_ended_24m,C4_combined_behavior,origin_2022,event,club_transaction_churn_730d_log1p,club_transaction_churn_730d_log1p,0.21662866608121312
permanent_relationship_ended_24m,C4_combined_behavior,origin_2022,event,club_inbound_outbound_ratio_730d_log,club_inbound_outbound_ratio_730d_log,0.031830991480307796
permanent_relationship_ended_24m,C4_combined_behavior,origin_2022,event,club_temporary_outbound_share_1095d,club_temporary_outbound_share_1095d,0.16456087113719586
permanent_relationship_ended_24m,C4_combined_behavior,origin_2022,event,club_loan_return_within_temporary_share_1095d,club_loan_return_within_temporary_share_1095d,0.12362074786369201
permanent_relationship_ended_24m,C4_combined_behavior,origin_2022,event,club_position_outbound_typed_count_1095d_log1p,club_position_outbound_typed_count_1095d_log1p,-0.14783340136791703
permanent_relationship_ended_24m,C4_combined_behavior,origin_2022,event,club_position_temporary_share_1095d,club_position_temporary_share_1095d,-0.09874483265634196
permanent_relationship_ended_24m,C4_combined_behavior,origin_2022,event,club_ageband_outbound_typed_count_1095d_log1p,club_ageband_outbound_typed_count_1095d_log1p,0.13391462935960907
permanent_relationship_ended_24m,C4_combined_behavior,origin_2022,event,club_ageband_permanent_share_1095d,club_ageband_permanent_share_1095d,0.017467477361516947
permanent_relationship_ended_24m,C4_combined_behavior,origin_2022,event,club_mature_prior_extension_count_log1p,club_mature_prior_extension_count_log1p,0.07479956822455887
permanent_relationship_ended_24m,C4_combined_behavior,origin_2022,event,club_prior_extension_temporary_share,club_prior_extension_temporary_share,-0.003912692961671717
permanent_relationship_ended_24m,C4_combined_behavior,origin_2022,event,club_prior_extension_permanent_first_share,club_prior_extension_permanent_first_share,-0.007127049939628658
permanent_relationship_ended_24m,C4_combined_behavior,origin_2022,event,club_prior_extension_strict_stay_share,club_prior_extension_strict_stay_share,0.017892916419670946
permanent_relationship_ended_24m,C4_combined_behavior,origin_2022,event,club_position_mature_prior_extension_count_log1p,club_position_mature_prior_extension_count_log1p,-0.024749753417488803
permanent_relationship_ended_24m,C4_combined_behavior,origin_2022,event,club_position_prior_extension_temporary_share,club_position_prior_extension_temporary_share,0.04688068678350249
permanent_relationship_ended_24m,C4_combined_behavior,origin_2023,event,club_outbound_events_730d_log1p,club_outbound_events_730d_log1p,0.03475199270433771
permanent_relationship_ended_24m,C4_combined_behavior,origin_2023,event,club_outbound_unique_players_730d_log1p,club_outbound_unique_players_730d_log1p,-0.014680050685663908
permanent_relationship_ended_24m,C4_combined_behavior,origin_2023,event,club_transaction_churn_730d_log1p,club_transaction_churn_730d_log1p,0.04443780046451844
permanent_relationship_ended_24m,C4_combined_behavior,origin_2023,event,club_inbound_outbound_ratio_730d_log,club_inbound_outbound_ratio_730d_log,0.06453186575405041
permanent_relationship_ended_24m,C4_combined_behavior,origin_2023,event,club_temporary_outbound_share_1095d,club_temporary_outbound_share_1095d,0.03813672869255216
permanent_relationship_ended_24m,C4_combined_behavior,origin_2023,event,club_loan_return_within_temporary_share_1095d,club_loan_return_within_temporary_share_1095d,0.04300507514641776
permanent_relationship_ended_24m,C4_combined_behavior,origin_2023,event,club_position_outbound_typed_count_1095d_log1p,club_position_outbound_typed_count_1095d_log1p,0.03450874260565873
permanent_relationship_ended_24m,C4_combined_behavior,origin_2023,event,club_position_temporary_share_1095d,club_position_temporary_share_1095d,-0.006927740811667579
permanent_relationship_ended_24m,C4_combined_behavior,origin_2023,event,club_ageband_outbound_typed_count_1095d_log1p,club_ageband_outbound_typed_count_1095d_log1p,0.01563189837726528
permanent_relationship_ended_24m,C4_combined_behavior,origin_2023,event,club_ageband_permanent_share_1095d,club_ageband_permanent_share_1095d,0.11213627740719884
permanent_relationship_ended_24m,C4_combined_behavior,origin_2023,event,club_mature_prior_extension_count_log1p,club_mature_prior_extension_count_log1p,0.08653522419713244
permanent_relationship_ended_24m,C4_combined_behavior,origin_2023,event,club_prior_extension_temporary_share,club_prior_extension_temporary_share,-0.006024570241857756
permanent_relationship_ended_24m,C4_combined_behavior,origin_2023,event,club_prior_extension_permanent_first_share,club_prior_extension_permanent_first_share,0.005760595602124774
permanent_relationship_ended_24m,C4_combined_behavior,origin_2023,event,club_prior_extension_strict_stay_share,club_prior_extension_strict_stay_share,-0.0176972929781447
permanent_relationship_ended_24m,C4_combined_behavior,origin_2023,event,club_position_mature_prior_extension_count_log1p,club_position_mature_prior_extension_count_log1p,0.06112394684207876
permanent_relationship_ended_24m,C4_combined_behavior,origin_2023,event,club_position_prior_extension_temporary_share,club_position_prior_extension_temporary_share,0.028453706277296483
strict_meaningful_stay_24m,C1_general_club_movement,origin_2020,event,club_outbound_events_730d_log1p,club_outbound_events_730d_log1p,-0.050628929767544566
strict_meaningful_stay_24m,C1_general_club_movement,origin_2020,event,club_outbound_unique_players_730d_log1p,club_outbound_unique_players_730d_log1p,-0.04537549467871825
strict_meaningful_stay_24m,C1_general_club_movement,origin_2020,event,club_transaction_churn_730d_log1p,club_transaction_churn_730d_log1p,-0.04388295056468879
strict_meaningful_stay_24m,C1_general_club_movement,origin_2020,event,club_inbound_outbound_ratio_730d_log,club_inbound_outbound_ratio_730d_log,0.07199835670183968
strict_meaningful_stay_24m,C1_general_club_movement,origin_2020,event,club_temporary_outbound_share_1095d,club_temporary_outbound_share_1095d,-0.04160723097733639
strict_meaningful_stay_24m,C1_general_club_movement,origin_2020,event,club_loan_return_within_temporary_share_1095d,club_loan_return_within_temporary_share_1095d,-0.0532117966584102
strict_meaningful_stay_24m,C1_general_club_movement,origin_2021,event,club_outbound_events_730d_log1p,club_outbound_events_730d_log1p,0.516327840439842
strict_meaningful_stay_24m,C1_general_club_movement,origin_2021,event,club_outbound_unique_players_730d_log1p,club_outbound_unique_players_730d_log1p,0.2000009262302487
strict_meaningful_stay_24m,C1_general_club_movement,origin_2021,event,club_transaction_churn_730d_log1p,club_transaction_churn_730d_log1p,-0.7816961802330787
strict_meaningful_stay_24m,C1_general_club_movement,origin_2021,event,club_inbound_outbound_ratio_730d_log,club_inbound_outbound_ratio_730d_log,0.21467749146802662
strict_meaningful_stay_24m,C1_general_club_movement,origin_2021,event,club_temporary_outbound_share_1095d,club_temporary_outbound_share_1095d,-0.14506961182586336
strict_meaningful_stay_24m,C1_general_club_movement,origin_2021,event,club_loan_return_within_temporary_share_1095d,club_loan_return_within_temporary_share_1095d,-0.13288067098355105
strict_meaningful_stay_24m,C1_general_club_movement,origin_2022,event,club_outbound_events_730d_log1p,club_outbound_events_730d_log1p,-0.0856514171762
strict_meaningful_stay_24m,C1_general_club_movement,origin_2022,event,club_outbound_unique_players_730d_log1p,club_outbound_unique_players_730d_log1p,0.11254670654902943
strict_meaningful_stay_24m,C1_general_club_movement,origin_2022,event,club_transaction_churn_730d_log1p,club_transaction_churn_730d_log1p,-0.10164247834953011
strict_meaningful_stay_24m,C1_general_club_movement,origin_2022,event,club_inbound_outbound_ratio_730d_log,club_inbound_outbound_ratio_730d_log,0.07539045359575164
strict_meaningful_stay_24m,C1_general_club_movement,origin_2022,event,club_temporary_outbound_share_1095d,club_temporary_outbound_share_1095d,-0.04909465995820871
strict_meaningful_stay_24m,C1_general_club_movement,origin_2022,event,club_loan_return_within_temporary_share_1095d,club_loan_return_within_temporary_share_1095d,-0.15204625492030374
strict_meaningful_stay_24m,C1_general_club_movement,origin_2023,event,club_outbound_events_730d_log1p,club_outbound_events_730d_log1p,1.0178802963979863
strict_meaningful_stay_24m,C1_general_club_movement,origin_2023,event,club_outbound_unique_players_730d_log1p,club_outbound_unique_players_730d_log1p,0.3177912662775697
strict_meaningful_stay_24m,C1_general_club_movement,origin_2023,event,club_transaction_churn_730d_log1p,club_transaction_churn_730d_log1p,-1.460554281571903
strict_meaningful_stay_24m,C1_general_club_movement,origin_2023,event,club_inbound_outbound_ratio_730d_log,club_inbound_outbound_ratio_730d_log,0.22941444754023974
strict_meaningful_stay_24m,C1_general_club_movement,origin_2023,event,club_temporary_outbound_share_1095d,club_temporary_outbound_share_1095d,0.02452315133616901
strict_meaningful_stay_24m,C1_general_club_movement,origin_2023,event,club_loan_return_within_temporary_share_1095d,club_loan_return_within_temporary_share_1095d,-0.16873679032490144
strict_meaningful_stay_24m,C2_role_conditioned_movement,origin_2020,event,club_position_outbound_typed_count_1095d_log1p,club_position_outbound_typed_count_1095d_log1p,-0.04340890699679533
strict_meaningful_stay_24m,C2_role_conditioned_movement,origin_2020,event,club_position_temporary_share_1095d,club_position_temporary_share_1095d,-0.05424208393046002
strict_meaningful_stay_24m,C2_role_conditioned_movement,origin_2020,event,club_ageband_outbound_typed_count_1095d_log1p,club_ageband_outbound_typed_count_1095d_log1p,-0.0508095526244314
strict_meaningful_stay_24m,C2_role_conditioned_movement,origin_2020,event,club_ageband_permanent_share_1095d,club_ageband_permanent_share_1095d,-0.07021998097383633
strict_meaningful_stay_24m,C2_role_conditioned_movement,origin_2021,event,club_position_outbound_typed_count_1095d_log1p,club_position_outbound_typed_count_1095d_log1p,-0.019233683744868287
strict_meaningful_stay_24m,C2_role_conditioned_movement,origin_2021,event,club_position_temporary_share_1095d,club_position_temporary_share_1095d,-0.18998795138801847
strict_meaningful_stay_24m,C2_role_conditioned_movement,origin_2021,event,club_ageband_outbound_typed_count_1095d_log1p,club_ageband_outbound_typed_count_1095d_log1p,-0.1873891544081033
strict_meaningful_stay_24m,C2_role_conditioned_movement,origin_2021,event,club_ageband_permanent_share_1095d,club_ageband_permanent_share_1095d,-0.32862941850590666
strict_meaningful_stay_24m,C2_role_conditioned_movement,origin_2022,event,club_position_outbound_typed_count_1095d_log1p,club_position_outbound_typed_count_1095d_log1p,0.04692906607566192
strict_meaningful_stay_24m,C2_role_conditioned_movement,origin_2022,event,club_position_temporary_share_1095d,club_position_temporary_share_1095d,-0.09798510823529018
strict_meaningful_stay_24m,C2_role_conditioned_movement,origin_2022,event,club_ageband_outbound_typed_count_1095d_log1p,club_ageband_outbound_typed_count_1095d_log1p,-0.1439879266815857
strict_meaningful_stay_24m,C2_role_conditioned_movement,origin_2022,event,club_ageband_permanent_share_1095d,club_ageband_permanent_share_1095d,-0.22349271872589896
strict_meaningful_stay_24m,C2_role_conditioned_movement,origin_2023,event,club_position_outbound_typed_count_1095d_log1p,club_position_outbound_typed_count_1095d_log1p,0.029874874698540558
strict_meaningful_stay_24m,C2_role_conditioned_movement,origin_2023,event,club_position_temporary_share_1095d,club_position_temporary_share_1095d,-0.12012132604890156
strict_meaningful_stay_24m,C2_role_conditioned_movement,origin_2023,event,club_ageband_outbound_typed_count_1095d_log1p,club_ageband_outbound_typed_count_1095d_log1p,-0.17518736902518137
strict_meaningful_stay_24m,C2_role_conditioned_movement,origin_2023,event,club_ageband_permanent_share_1095d,club_ageband_permanent_share_1095d,-0.21367416211730433
strict_meaningful_stay_24m,C3_mature_extension_history,origin_2021,event,club_mature_prior_extension_count_log1p,club_mature_prior_extension_count_log1p,0.052440805860999744
strict_meaningful_stay_24m,C3_mature_extension_history,origin_2021,event,club_prior_extension_temporary_share,club_prior_extension_temporary_share,-0.03025170782027319
strict_meaningful_stay_24m,C3_mature_extension_history,origin_2021,event,club_prior_extension_permanent_first_share,club_prior_extension_permanent_first_share,0.07115637451927656
strict_meaningful_stay_24m,C3_mature_extension_history,origin_2021,event,club_prior_extension_strict_stay_share,club_prior_extension_strict_stay_share,0.15077174651978884
strict_meaningful_stay_24m,C3_mature_extension_history,origin_2022,event,club_mature_prior_extension_count_log1p,club_mature_prior_extension_count_log1p,0.09567841288373514
strict_meaningful_stay_24m,C3_mature_extension_history,origin_2022,event,club_prior_extension_temporary_share,club_prior_extension_temporary_share,0.013848940487968541
strict_meaningful_stay_24m,C3_mature_extension_history,origin_2022,event,club_prior_extension_permanent_first_share,club_prior_extension_permanent_first_share,0.03042317857956608
strict_meaningful_stay_24m,C3_mature_extension_history,origin_2022,event,club_prior_extension_strict_stay_share,club_prior_extension_strict_stay_share,0.09695586018783227
strict_meaningful_stay_24m,C3_mature_extension_history,origin_2023,event,club_mature_prior_extension_count_log1p,club_mature_prior_extension_count_log1p,0.008342744988778262
strict_meaningful_stay_24m,C3_mature_extension_history,origin_2023,event,club_prior_extension_temporary_share,club_prior_extension_temporary_share,0.01567924526387018
strict_meaningful_stay_24m,C3_mature_extension_history,origin_2023,event,club_prior_extension_permanent_first_share,club_prior_extension_permanent_first_share,0.03242477218599965
strict_meaningful_stay_24m,C3_mature_extension_history,origin_2023,event,club_prior_extension_strict_stay_share,club_prior_extension_strict_stay_share,0.10147675308322843
strict_meaningful_stay_24m,C4_combined_behavior,origin_2020,event,club_outbound_events_730d_log1p,club_outbound_events_730d_log1p,-0.04839735073172858
strict_meaningful_stay_24m,C4_combined_behavior,origin_2020,event,club_outbound_unique_players_730d_log1p,club_outbound_unique_players_730d_log1p,-0.04360681166061536
strict_meaningful_stay_24m,C4_combined_behavior,origin_2020,event,club_transaction_churn_730d_log1p,club_transaction_churn_730d_log1p,-0.04204328166975943
strict_meaningful_stay_24m,C4_combined_behavior,origin_2020,event,club_inbound_outbound_ratio_730d_log,club_inbound_outbound_ratio_730d_log,0.06869157734929351
strict_meaningful_stay_24m,C4_combined_behavior,origin_2020,event,club_temporary_outbound_share_1095d,club_temporary_outbound_share_1095d,-0.044449127886059946
strict_meaningful_stay_24m,C4_combined_behavior,origin_2020,event,club_loan_return_within_temporary_share_1095d,club_loan_return_within_temporary_share_1095d,-0.05260560280926318
strict_meaningful_stay_24m,C4_combined_behavior,origin_2020,event,club_position_outbound_typed_count_1095d_log1p,club_position_outbound_typed_count_1095d_log1p,-0.003924634805477918
strict_meaningful_stay_24m,C4_combined_behavior,origin_2020,event,club_position_temporary_share_1095d,club_position_temporary_share_1095d,-0.028574529448063237
strict_meaningful_stay_24m,C4_combined_behavior,origin_2020,event,club_ageband_outbound_typed_count_1095d_log1p,club_ageband_outbound_typed_count_1095d_log1p,-0.023693505796461498
strict_meaningful_stay_24m,C4_combined_behavior,origin_2020,event,club_ageband_permanent_share_1095d,club_ageband_permanent_share_1095d,-0.07843520715832109
strict_meaningful_stay_24m,C4_combined_behavior,origin_2021,event,club_outbound_events_730d_log1p,club_outbound_events_730d_log1p,0.5637919068113293
strict_meaningful_stay_24m,C4_combined_behavior,origin_2021,event,club_outbound_unique_players_730d_log1p,club_outbound_unique_players_730d_log1p,0.24572013909620077
strict_meaningful_stay_24m,C4_combined_behavior,origin_2021,event,club_transaction_churn_730d_log1p,club_transaction_churn_730d_log1p,-0.8564172271276937
strict_meaningful_stay_24m,C4_combined_behavior,origin_2021,event,club_inbound_outbound_ratio_730d_log,club_inbound_outbound_ratio_730d_log,0.2348025146215186
strict_meaningful_stay_24m,C4_combined_behavior,origin_2021,event,club_temporary_outbound_share_1095d,club_temporary_outbound_share_1095d,-0.21102853157473836
strict_meaningful_stay_24m,C4_combined_behavior,origin_2021,event,club_loan_return_within_temporary_share_1095d,club_loan_return_within_temporary_share_1095d,-0.1273055353977416
strict_meaningful_stay_24m,C4_combined_behavior,origin_2021,event,club_position_outbound_typed_count_1095d_log1p,club_position_outbound_typed_count_1095d_log1p,0.08896383282762756
strict_meaningful_stay_24m,C4_combined_behavior,origin_2021,event,club_position_temporary_share_1095d,club_position_temporary_share_1095d,-0.09952238384653107
strict_meaningful_stay_24m,C4_combined_behavior,origin_2021,event,club_ageband_outbound_typed_count_1095d_log1p,club_ageband_outbound_typed_count_1095d_log1p,-0.1547765766643397
strict_meaningful_stay_24m,C4_combined_behavior,origin_2021,event,club_ageband_permanent_share_1095d,club_ageband_permanent_share_1095d,-0.38811546540235087
strict_meaningful_stay_24m,C4_combined_behavior,origin_2021,event,club_mature_prior_extension_count_log1p,club_mature_prior_extension_count_log1p,0.044605784938611726
strict_meaningful_stay_24m,C4_combined_behavior,origin_2021,event,club_prior_extension_temporary_share,club_prior_extension_temporary_share,-0.05743527971792722
strict_meaningful_stay_24m,C4_combined_behavior,origin_2021,event,club_prior_extension_permanent_first_share,club_prior_extension_permanent_first_share,0.061357168090065514
strict_meaningful_stay_24m,C4_combined_behavior,origin_2021,event,club_prior_extension_strict_stay_share,club_prior_extension_strict_stay_share,0.1403043436933237
strict_meaningful_stay_24m,C4_combined_behavior,origin_2021,event,club_position_mature_prior_extension_count_log1p,club_position_mature_prior_extension_count_log1p,-0.04956165689213211
strict_meaningful_stay_24m,C4_combined_behavior,origin_2021,event,club_position_prior_extension_temporary_share,club_position_prior_extension_temporary_share,0.006743777536623744
strict_meaningful_stay_24m,C4_combined_behavior,origin_2022,event,club_outbound_events_730d_log1p,club_outbound_events_730d_log1p,-0.039370896919750514
strict_meaningful_stay_24m,C4_combined_behavior,origin_2022,event,club_outbound_unique_players_730d_log1p,club_outbound_unique_players_730d_log1p,-0.015809287988911395
strict_meaningful_stay_24m,C4_combined_behavior,origin_2022,event,club_transaction_churn_730d_log1p,club_transaction_churn_730d_log1p,-0.03705252842826227
strict_meaningful_stay_24m,C4_combined_behavior,origin_2022,event,club_inbound_outbound_ratio_730d_log,club_inbound_outbound_ratio_730d_log,0.0444880497090505
strict_meaningful_stay_24m,C4_combined_behavior,origin_2022,event,club_temporary_outbound_share_1095d,club_temporary_outbound_share_1095d,-0.04548399573189216
strict_meaningful_stay_24m,C4_combined_behavior,origin_2022,event,club_loan_return_within_temporary_share_1095d,club_loan_return_within_temporary_share_1095d,-0.08887917744547387
strict_meaningful_stay_24m,C4_combined_behavior,origin_2022,event,club_position_outbound_typed_count_1095d_log1p,club_position_outbound_typed_count_1095d_log1p,0.03173617886107305
strict_meaningful_stay_24m,C4_combined_behavior,origin_2022,event,club_position_temporary_share_1095d,club_position_temporary_share_1095d,-0.03568275919788225
strict_meaningful_stay_24m,C4_combined_behavior,origin_2022,event,club_ageband_outbound_typed_count_1095d_log1p,club_ageband_outbound_typed_count_1095d_log1p,-0.027177604148488712
strict_meaningful_stay_24m,C4_combined_behavior,origin_2022,event,club_ageband_permanent_share_1095d,club_ageband_permanent_share_1095d,-0.10880157761586091
strict_meaningful_stay_24m,C4_combined_behavior,origin_2022,event,club_mature_prior_extension_count_log1p,club_mature_prior_extension_count_log1p,0.018015284376868564
strict_meaningful_stay_24m,C4_combined_behavior,origin_2022,event,club_prior_extension_temporary_share,club_prior_extension_temporary_share,-0.01691440990684158
strict_meaningful_stay_24m,C4_combined_behavior,origin_2022,event,club_prior_extension_permanent_first_share,club_prior_extension_permanent_first_share,0.0060912455336909685
strict_meaningful_stay_24m,C4_combined_behavior,origin_2022,event,club_prior_extension_strict_stay_share,club_prior_extension_strict_stay_share,0.04701574081335237
strict_meaningful_stay_24m,C4_combined_behavior,origin_2022,event,club_position_mature_prior_extension_count_log1p,club_position_mature_prior_extension_count_log1p,0.009529840606709852
strict_meaningful_stay_24m,C4_combined_behavior,origin_2022,event,club_position_prior_extension_temporary_share,club_position_prior_extension_temporary_share,0.021052033096208258
strict_meaningful_stay_24m,C4_combined_behavior,origin_2023,event,club_outbound_events_730d_log1p,club_outbound_events_730d_log1p,-0.11769550541909046
strict_meaningful_stay_24m,C4_combined_behavior,origin_2023,event,club_outbound_unique_players_730d_log1p,club_outbound_unique_players_730d_log1p,0.10174732849608713
strict_meaningful_stay_24m,C4_combined_behavior,origin_2023,event,club_transaction_churn_730d_log1p,club_transaction_churn_730d_log1p,-0.1377030697858743
strict_meaningful_stay_24m,C4_combined_behavior,origin_2023,event,club_inbound_outbound_ratio_730d_log,club_inbound_outbound_ratio_730d_log,0.06385344530360573
strict_meaningful_stay_24m,C4_combined_behavior,origin_2023,event,club_temporary_outbound_share_1095d,club_temporary_outbound_share_1095d,-0.000821436116462487
strict_meaningful_stay_24m,C4_combined_behavior,origin_2023,event,club_loan_return_within_temporary_share_1095d,club_loan_return_within_temporary_share_1095d,-0.15156745527900894
strict_meaningful_stay_24m,C4_combined_behavior,origin_2023,event,club_position_outbound_typed_count_1095d_log1p,club_position_outbound_typed_count_1095d_log1p,0.09830162744579939
strict_meaningful_stay_24m,C4_combined_behavior,origin_2023,event,club_position_temporary_share_1095d,club_position_temporary_share_1095d,-0.08848188219943426
strict_meaningful_stay_24m,C4_combined_behavior,origin_2023,event,club_ageband_outbound_typed_count_1095d_log1p,club_ageband_outbound_typed_count_1095d_log1p,-0.11671735280685626
strict_meaningful_stay_24m,C4_combined_behavior,origin_2023,event,club_ageband_permanent_share_1095d,club_ageband_permanent_share_1095d,-0.20607737456493574
strict_meaningful_stay_24m,C4_combined_behavior,origin_2023,event,club_mature_prior_extension_count_log1p,club_mature_prior_extension_count_log1p,0.008191178464363201
strict_meaningful_stay_24m,C4_combined_behavior,origin_2023,event,club_prior_extension_temporary_share,club_prior_extension_temporary_share,0.030857551057925318
strict_meaningful_stay_24m,C4_combined_behavior,origin_2023,event,club_prior_extension_permanent_first_share,club_prior_extension_permanent_first_share,0.051482600652422904
strict_meaningful_stay_24m,C4_combined_behavior,origin_2023,event,club_prior_extension_strict_stay_share,club_prior_extension_strict_stay_share,0.07436003596031386
strict_meaningful_stay_24m,C4_combined_behavior,origin_2023,event,club_position_mature_prior_extension_count_log1p,club_position_mature_prior_extension_count_log1p,-0.03289111739976506
strict_meaningful_stay_24m,C4_combined_behavior,origin_2023,event,club_position_prior_extension_temporary_share,club_position_prior_extension_temporary_share,-0.007516257433405828
movement_state_3,C1_general_club_movement,origin_2020,no_outbound_24m,club_outbound_events_730d_log1p,club_outbound_events_730d_log1p,-0.038147586049988455
movement_state_3,C1_general_club_movement,origin_2020,no_outbound_24m,club_outbound_unique_players_730d_log1p,club_outbound_unique_players_730d_log1p,-0.04140616222340483
movement_state_3,C1_general_club_movement,origin_2020,no_outbound_24m,club_transaction_churn_730d_log1p,club_transaction_churn_730d_log1p,-0.049488956260628506
movement_state_3,C1_general_club_movement,origin_2020,no_outbound_24m,club_inbound_outbound_ratio_730d_log,club_inbound_outbound_ratio_730d_log,-0.07786909790158163
movement_state_3,C1_general_club_movement,origin_2020,no_outbound_24m,club_temporary_outbound_share_1095d,club_temporary_outbound_share_1095d,-0.05512195771463882
movement_state_3,C1_general_club_movement,origin_2020,no_outbound_24m,club_loan_return_within_temporary_share_1095d,club_loan_return_within_temporary_share_1095d,-0.007594031693146191
movement_state_3,C1_general_club_movement,origin_2020,permanent_first_24m,club_outbound_events_730d_log1p,club_outbound_events_730d_log1p,-0.002240921298164912
movement_state_3,C1_general_club_movement,origin_2020,permanent_first_24m,club_outbound_unique_players_730d_log1p,club_outbound_unique_players_730d_log1p,0.010761391528593352
movement_state_3,C1_general_club_movement,origin_2020,permanent_first_24m,club_transaction_churn_730d_log1p,club_transaction_churn_730d_log1p,0.0032383267495417734
movement_state_3,C1_general_club_movement,origin_2020,permanent_first_24m,club_inbound_outbound_ratio_730d_log,club_inbound_outbound_ratio_730d_log,0.045348447565370674
movement_state_3,C1_general_club_movement,origin_2020,permanent_first_24m,club_temporary_outbound_share_1095d,club_temporary_outbound_share_1095d,0.0045786032383772395
movement_state_3,C1_general_club_movement,origin_2020,permanent_first_24m,club_loan_return_within_temporary_share_1095d,club_loan_return_within_temporary_share_1095d,0.014698352802917083
movement_state_3,C1_general_club_movement,origin_2020,temporary_first_24m,club_outbound_events_730d_log1p,club_outbound_events_730d_log1p,0.040388507348153344
movement_state_3,C1_general_club_movement,origin_2020,temporary_first_24m,club_outbound_unique_players_730d_log1p,club_outbound_unique_players_730d_log1p,0.030644770694811498
movement_state_3,C1_general_club_movement,origin_2020,temporary_first_24m,club_transaction_churn_730d_log1p,club_transaction_churn_730d_log1p,0.04625062951108671
movement_state_3,C1_general_club_movement,origin_2020,temporary_first_24m,club_inbound_outbound_ratio_730d_log,club_inbound_outbound_ratio_730d_log,0.032520650336211064
movement_state_3,C1_general_club_movement,origin_2020,temporary_first_24m,club_temporary_outbound_share_1095d,club_temporary_outbound_share_1095d,0.05054335447626159
movement_state_3,C1_general_club_movement,origin_2020,temporary_first_24m,club_loan_return_within_temporary_share_1095d,club_loan_return_within_temporary_share_1095d,-0.007104321109770912
movement_state_3,C1_general_club_movement,origin_2021,no_outbound_24m,club_outbound_events_730d_log1p,club_outbound_events_730d_log1p,-0.05754659982757088
movement_state_3,C1_general_club_movement,origin_2021,no_outbound_24m,club_outbound_unique_players_730d_log1p,club_outbound_unique_players_730d_log1p,0.08001647015317151
movement_state_3,C1_general_club_movement,origin_2021,no_outbound_24m,club_transaction_churn_730d_log1p,club_transaction_churn_730d_log1p,-0.09727411912325772
movement_state_3,C1_general_club_movement,origin_2021,no_outbound_24m,club_inbound_outbound_ratio_730d_log,club_inbound_outbound_ratio_730d_log,-0.07095339954921756
movement_state_3,C1_general_club_movement,origin_2021,no_outbound_24m,club_temporary_outbound_share_1095d,club_temporary_outbound_share_1095d,-0.07901220317060673
movement_state_3,C1_general_club_movement,origin_2021,no_outbound_24m,club_loan_return_within_temporary_share_1095d,club_loan_return_within_temporary_share_1095d,-0.04310945345102778
movement_state_3,C1_general_club_movement,origin_2021,permanent_first_24m,club_outbound_events_730d_log1p,club_outbound_events_730d_log1p,0.08214689743245324
movement_state_3,C1_general_club_movement,origin_2021,permanent_first_24m,club_outbound_unique_players_730d_log1p,club_outbound_unique_players_730d_log1p,-0.1849675620012751
movement_state_3,C1_general_club_movement,origin_2021,permanent_first_24m,club_transaction_churn_730d_log1p,club_transaction_churn_730d_log1p,0.07806021165439818
movement_state_3,C1_general_club_movement,origin_2021,permanent_first_24m,club_inbound_outbound_ratio_730d_log,club_inbound_outbound_ratio_730d_log,-0.017151580114227242
movement_state_3,C1_general_club_movement,origin_2021,permanent_first_24m,club_temporary_outbound_share_1095d,club_temporary_outbound_share_1095d,0.0012031051509991245
movement_state_3,C1_general_club_movement,origin_2021,permanent_first_24m,club_loan_return_within_temporary_share_1095d,club_loan_return_within_temporary_share_1095d,0.05605123104680016
movement_state_3,C1_general_club_movement,origin_2021,temporary_first_24m,club_outbound_events_730d_log1p,club_outbound_events_730d_log1p,-0.02460029760488237
movement_state_3,C1_general_club_movement,origin_2021,temporary_first_24m,club_outbound_unique_players_730d_log1p,club_outbound_unique_players_730d_log1p,0.10495109184810117
movement_state_3,C1_general_club_movement,origin_2021,temporary_first_24m,club_transaction_churn_730d_log1p,club_transaction_churn_730d_log1p,0.019213907468861553
movement_state_3,C1_general_club_movement,origin_2021,temporary_first_24m,club_inbound_outbound_ratio_730d_log,club_inbound_outbound_ratio_730d_log,0.08810497966344369
movement_state_3,C1_general_club_movement,origin_2021,temporary_first_24m,club_temporary_outbound_share_1095d,club_temporary_outbound_share_1095d,0.07780909801960932
movement_state_3,C1_general_club_movement,origin_2021,temporary_first_24m,club_loan_return_within_temporary_share_1095d,club_loan_return_within_temporary_share_1095d,-0.012941777595774034
movement_state_3,C1_general_club_movement,origin_2022,no_outbound_24m,club_outbound_events_730d_log1p,club_outbound_events_730d_log1p,-0.03195092345365599
movement_state_3,C1_general_club_movement,origin_2022,no_outbound_24m,club_outbound_unique_players_730d_log1p,club_outbound_unique_players_730d_log1p,0.0018805790768464418
movement_state_3,C1_general_club_movement,origin_2022,no_outbound_24m,club_transaction_churn_730d_log1p,club_transaction_churn_730d_log1p,-0.04248729398425705
movement_state_3,C1_general_club_movement,origin_2022,no_outbound_24m,club_inbound_outbound_ratio_730d_log,club_inbound_outbound_ratio_730d_log,-0.06380933998559501
movement_state_3,C1_general_club_movement,origin_2022,no_outbound_24m,club_temporary_outbound_share_1095d,club_temporary_outbound_share_1095d,-0.04131230325812509
movement_state_3,C1_general_club_movement,origin_2022,no_outbound_24m,club_loan_return_within_temporary_share_1095d,club_loan_return_within_temporary_share_1095d,-0.032606394592530494
movement_state_3,C1_general_club_movement,origin_2022,permanent_first_24m,club_outbound_events_730d_log1p,club_outbound_events_730d_log1p,-0.004211284556174596
movement_state_3,C1_general_club_movement,origin_2022,permanent_first_24m,club_outbound_unique_players_730d_log1p,club_outbound_unique_players_730d_log1p,-0.046057510302601634
movement_state_3,C1_general_club_movement,origin_2022,permanent_first_24m,club_transaction_churn_730d_log1p,club_transaction_churn_730d_log1p,-0.004511568831817419
movement_state_3,C1_general_club_movement,origin_2022,permanent_first_24m,club_inbound_outbound_ratio_730d_log,club_inbound_outbound_ratio_730d_log,-0.003291531784218418
movement_state_3,C1_general_club_movement,origin_2022,permanent_first_24m,club_temporary_outbound_share_1095d,club_temporary_outbound_share_1095d,0.002369651627755597
movement_state_3,C1_general_club_movement,origin_2022,permanent_first_24m,club_loan_return_within_temporary_share_1095d,club_loan_return_within_temporary_share_1095d,0.05408457049920655
movement_state_3,C1_general_club_movement,origin_2022,temporary_first_24m,club_outbound_events_730d_log1p,club_outbound_events_730d_log1p,0.036162208009830527
movement_state_3,C1_general_club_movement,origin_2022,temporary_first_24m,club_outbound_unique_players_730d_log1p,club_outbound_unique_players_730d_log1p,0.04417693122575512
movement_state_3,C1_general_club_movement,origin_2022,temporary_first_24m,club_transaction_churn_730d_log1p,club_transaction_churn_730d_log1p,0.046998862816074446
movement_state_3,C1_general_club_movement,origin_2022,temporary_first_24m,club_inbound_outbound_ratio_730d_log,club_inbound_outbound_ratio_730d_log,0.06710087176981344
movement_state_3,C1_general_club_movement,origin_2022,temporary_first_24m,club_temporary_outbound_share_1095d,club_temporary_outbound_share_1095d,0.03894265163036944
movement_state_3,C1_general_club_movement,origin_2022,temporary_first_24m,club_loan_return_within_temporary_share_1095d,club_loan_return_within_temporary_share_1095d,-0.021478175906676153
movement_state_3,C1_general_club_movement,origin_2023,no_outbound_24m,club_outbound_events_730d_log1p,club_outbound_events_730d_log1p,-0.0516639222549908
movement_state_3,C1_general_club_movement,origin_2023,no_outbound_24m,club_outbound_unique_players_730d_log1p,club_outbound_unique_players_730d_log1p,-0.015123667111294115
movement_state_3,C1_general_club_movement,origin_2023,no_outbound_24m,club_transaction_churn_730d_log1p,club_transaction_churn_730d_log1p,-0.06393100859811755
movement_state_3,C1_general_club_movement,origin_2023,no_outbound_24m,club_inbound_outbound_ratio_730d_log,club_inbound_outbound_ratio_730d_log,-0.06830649827568895
movement_state_3,C1_general_club_movement,origin_2023,no_outbound_24m,club_temporary_outbound_share_1095d,club_temporary_outbound_share_1095d,-0.023211843026154932
movement_state_3,C1_general_club_movement,origin_2023,no_outbound_24m,club_loan_return_within_temporary_share_1095d,club_loan_return_within_temporary_share_1095d,-0.0314943436293905
movement_state_3,C1_general_club_movement,origin_2023,permanent_first_24m,club_outbound_events_730d_log1p,club_outbound_events_730d_log1p,0.008378550555586643
movement_state_3,C1_general_club_movement,origin_2023,permanent_first_24m,club_outbound_unique_players_730d_log1p,club_outbound_unique_players_730d_log1p,-0.018405323625032104
movement_state_3,C1_general_club_movement,origin_2023,permanent_first_24m,club_transaction_churn_730d_log1p,club_transaction_churn_730d_log1p,0.01259367887060757
movement_state_3,C1_general_club_movement,origin_2023,permanent_first_24m,club_inbound_outbound_ratio_730d_log,club_inbound_outbound_ratio_730d_log,0.02618921887763803
movement_state_3,C1_general_club_movement,origin_2023,permanent_first_24m,club_temporary_outbound_share_1095d,club_temporary_outbound_share_1095d,-0.009367337515212203
movement_state_3,C1_general_club_movement,origin_2023,permanent_first_24m,club_loan_return_within_temporary_share_1095d,club_loan_return_within_temporary_share_1095d,0.039380193788569724
movement_state_3,C1_general_club_movement,origin_2023,temporary_first_24m,club_outbound_events_730d_log1p,club_outbound_events_730d_log1p,0.04328537169940406
movement_state_3,C1_general_club_movement,origin_2023,temporary_first_24m,club_outbound_unique_players_730d_log1p,club_outbound_unique_players_730d_log1p,0.03352899073632605
movement_state_3,C1_general_club_movement,origin_2023,temporary_first_24m,club_transaction_churn_730d_log1p,club_transaction_churn_730d_log1p,0.05133732972751003
movement_state_3,C1_general_club_movement,origin_2023,temporary_first_24m,club_inbound_outbound_ratio_730d_log,club_inbound_outbound_ratio_730d_log,0.04211727939805113
movement_state_3,C1_general_club_movement,origin_2023,temporary_first_24m,club_temporary_outbound_share_1095d,club_temporary_outbound_share_1095d,0.03257918054136705
movement_state_3,C1_general_club_movement,origin_2023,temporary_first_24m,club_loan_return_within_temporary_share_1095d,club_loan_return_within_temporary_share_1095d,-0.007885850159179154
movement_state_3,C2_role_conditioned_movement,origin_2020,no_outbound_24m,club_position_outbound_typed_count_1095d_log1p,club_position_outbound_typed_count_1095d_log1p,-0.04554086338479762
movement_state_3,C2_role_conditioned_movement,origin_2020,no_outbound_24m,club_position_temporary_share_1095d,club_position_temporary_share_1095d,-0.049627248201197766
movement_state_3,C2_role_conditioned_movement,origin_2020,no_outbound_24m,club_ageband_outbound_typed_count_1095d_log1p,club_ageband_outbound_typed_count_1095d_log1p,-0.06549431854524197
movement_state_3,C2_role_conditioned_movement,origin_2020,no_outbound_24m,club_ageband_permanent_share_1095d,club_ageband_permanent_share_1095d,0.049940380711704514
movement_state_3,C2_role_conditioned_movement,origin_2020,permanent_first_24m,club_position_outbound_typed_count_1095d_log1p,club_position_outbound_typed_count_1095d_log1p,-0.011390253022888253
movement_state_3,C2_role_conditioned_movement,origin_2020,permanent_first_24m,club_position_temporary_share_1095d,club_position_temporary_share_1095d,0.016192569713606365
movement_state_3,C2_role_conditioned_movement,origin_2020,permanent_first_24m,club_ageband_outbound_typed_count_1095d_log1p,club_ageband_outbound_typed_count_1095d_log1p,-0.026947681226190665
movement_state_3,C2_role_conditioned_movement,origin_2020,permanent_first_24m,club_ageband_permanent_share_1095d,club_ageband_permanent_share_1095d,0.0652731882126498
movement_state_3,C2_role_conditioned_movement,origin_2020,temporary_first_24m,club_position_outbound_typed_count_1095d_log1p,club_position_outbound_typed_count_1095d_log1p,0.0569311164076858
movement_state_3,C2_role_conditioned_movement,origin_2020,temporary_first_24m,club_position_temporary_share_1095d,club_position_temporary_share_1095d,0.033434678487591435
movement_state_3,C2_role_conditioned_movement,origin_2020,temporary_first_24m,club_ageband_outbound_typed_count_1095d_log1p,club_ageband_outbound_typed_count_1095d_log1p,0.09244199977143264
movement_state_3,C2_role_conditioned_movement,origin_2020,temporary_first_24m,club_ageband_permanent_share_1095d,club_ageband_permanent_share_1095d,-0.11521356892435432
movement_state_3,C2_role_conditioned_movement,origin_2021,no_outbound_24m,club_position_outbound_typed_count_1095d_log1p,club_position_outbound_typed_count_1095d_log1p,-0.022328356736665136
movement_state_3,C2_role_conditioned_movement,origin_2021,no_outbound_24m,club_position_temporary_share_1095d,club_position_temporary_share_1095d,-0.03511388914048238
movement_state_3,C2_role_conditioned_movement,origin_2021,no_outbound_24m,club_ageband_outbound_typed_count_1095d_log1p,club_ageband_outbound_typed_count_1095d_log1p,-0.11598127891400371
movement_state_3,C2_role_conditioned_movement,origin_2021,no_outbound_24m,club_ageband_permanent_share_1095d,club_ageband_permanent_share_1095d,0.041636073445291494
movement_state_3,C2_role_conditioned_movement,origin_2021,permanent_first_24m,club_position_outbound_typed_count_1095d_log1p,club_position_outbound_typed_count_1095d_log1p,-0.14224873263634405
movement_state_3,C2_role_conditioned_movement,origin_2021,permanent_first_24m,club_position_temporary_share_1095d,club_position_temporary_share_1095d,-0.012313430417566777
movement_state_3,C2_role_conditioned_movement,origin_2021,permanent_first_24m,club_ageband_outbound_typed_count_1095d_log1p,club_ageband_outbound_typed_count_1095d_log1p,0.08868042858621936
movement_state_3,C2_role_conditioned_movement,origin_2021,permanent_first_24m,club_ageband_permanent_share_1095d,club_ageband_permanent_share_1095d,-0.05391367996411652
movement_state_3,C2_role_conditioned_movement,origin_2021,temporary_first_24m,club_position_outbound_typed_count_1095d_log1p,club_position_outbound_typed_count_1095d_log1p,0.16457708937300816
movement_state_3,C2_role_conditioned_movement,origin_2021,temporary_first_24m,club_position_temporary_share_1095d,club_position_temporary_share_1095d,0.04742731955804799
movement_state_3,C2_role_conditioned_movement,origin_2021,temporary_first_24m,club_ageband_outbound_typed_count_1095d_log1p,club_ageband_outbound_typed_count_1095d_log1p,0.02730085032778379
movement_state_3,C2_role_conditioned_movement,origin_2021,temporary_first_24m,club_ageband_permanent_share_1095d,club_ageband_permanent_share_1095d,0.01227760651882341
movement_state_3,C2_role_conditioned_movement,origin_2022,no_outbound_24m,club_position_outbound_typed_count_1095d_log1p,club_position_outbound_typed_count_1095d_log1p,-0.028753189855848897
movement_state_3,C2_role_conditioned_movement,origin_2022,no_outbound_24m,club_position_temporary_share_1095d,club_position_temporary_share_1095d,-0.02283421714301838
movement_state_3,C2_role_conditioned_movement,origin_2022,no_outbound_24m,club_ageband_outbound_typed_count_1095d_log1p,club_ageband_outbound_typed_count_1095d_log1p,-0.0874800099106466
movement_state_3,C2_role_conditioned_movement,origin_2022,no_outbound_24m,club_ageband_permanent_share_1095d,club_ageband_permanent_share_1095d,0.016655869784408202
movement_state_3,C2_role_conditioned_movement,origin_2022,permanent_first_24m,club_position_outbound_typed_count_1095d_log1p,club_position_outbound_typed_count_1095d_log1p,-0.04128899442002233
movement_state_3,C2_role_conditioned_movement,origin_2022,permanent_first_24m,club_position_temporary_share_1095d,club_position_temporary_share_1095d,-0.018359989948464436
movement_state_3,C2_role_conditioned_movement,origin_2022,permanent_first_24m,club_ageband_outbound_typed_count_1095d_log1p,club_ageband_outbound_typed_count_1095d_log1p,-0.016839582487096032
movement_state_3,C2_role_conditioned_movement,origin_2022,permanent_first_24m,club_ageband_permanent_share_1095d,club_ageband_permanent_share_1095d,0.1029461233704951
movement_state_3,C2_role_conditioned_movement,origin_2022,temporary_first_24m,club_position_outbound_typed_count_1095d_log1p,club_position_outbound_typed_count_1095d_log1p,0.07004218427587133
movement_state_3,C2_role_conditioned_movement,origin_2022,temporary_first_24m,club_position_temporary_share_1095d,club_position_temporary_share_1095d,0.04119420709148281
movement_state_3,C2_role_conditioned_movement,origin_2022,temporary_first_24m,club_ageband_outbound_typed_count_1095d_log1p,club_ageband_outbound_typed_count_1095d_log1p,0.10431959239774263
movement_state_3,C2_role_conditioned_movement,origin_2022,temporary_first_24m,club_ageband_permanent_share_1095d,club_ageband_permanent_share_1095d,-0.11960199315490336
movement_state_3,C2_role_conditioned_movement,origin_2023,no_outbound_24m,club_position_outbound_typed_count_1095d_log1p,club_position_outbound_typed_count_1095d_log1p,-0.04519618514257367
movement_state_3,C2_role_conditioned_movement,origin_2023,no_outbound_24m,club_position_temporary_share_1095d,club_position_temporary_share_1095d,-0.04681689489445132
movement_state_3,C2_role_conditioned_movement,origin_2023,no_outbound_24m,club_ageband_outbound_typed_count_1095d_log1p,club_ageband_outbound_typed_count_1095d_log1p,-0.1189848848600076
movement_state_3,C2_role_conditioned_movement,origin_2023,no_outbound_24m,club_ageband_permanent_share_1095d,club_ageband_permanent_share_1095d,0.0012972060462443685
movement_state_3,C2_role_conditioned_movement,origin_2023,permanent_first_24m,club_position_outbound_typed_count_1095d_log1p,club_position_outbound_typed_count_1095d_log1p,0.0032149210251803868
movement_state_3,C2_role_conditioned_movement,origin_2023,permanent_first_24m,club_position_temporary_share_1095d,club_position_temporary_share_1095d,0.012162641395647033
movement_state_3,C2_role_conditioned_movement,origin_2023,permanent_first_24m,club_ageband_outbound_typed_count_1095d_log1p,club_ageband_outbound_typed_count_1095d_log1p,-0.021011613393547315
movement_state_3,C2_role_conditioned_movement,origin_2023,permanent_first_24m,club_ageband_permanent_share_1095d,club_ageband_permanent_share_1095d,0.10974995970698362
movement_state_3,C2_role_conditioned_movement,origin_2023,temporary_first_24m,club_position_outbound_typed_count_1095d_log1p,club_position_outbound_typed_count_1095d_log1p,0.041981264117393204
movement_state_3,C2_role_conditioned_movement,origin_2023,temporary_first_24m,club_position_temporary_share_1095d,club_position_temporary_share_1095d,0.03465425349880416
movement_state_3,C2_role_conditioned_movement,origin_2023,temporary_first_24m,club_ageband_outbound_typed_count_1095d_log1p,club_ageband_outbound_typed_count_1095d_log1p,0.13999649825355504
movement_state_3,C2_role_conditioned_movement,origin_2023,temporary_first_24m,club_ageband_permanent_share_1095d,club_ageband_permanent_share_1095d,-0.11104716575322804
movement_state_3,C3_mature_extension_history,origin_2021,no_outbound_24m,club_mature_prior_extension_count_log1p,club_mature_prior_extension_count_log1p,0.034817601172885196
movement_state_3,C3_mature_extension_history,origin_2021,no_outbound_24m,club_prior_extension_temporary_share,club_prior_extension_temporary_share,0.03531806527476443
movement_state_3,C3_mature_extension_history,origin_2021,no_outbound_24m,club_prior_extension_permanent_first_share,club_prior_extension_permanent_first_share,-0.015867359153726876
movement_state_3,C3_mature_extension_history,origin_2021,no_outbound_24m,club_prior_extension_strict_stay_share,club_prior_extension_strict_stay_share,0.10542806893447638
movement_state_3,C3_mature_extension_history,origin_2021,permanent_first_24m,club_mature_prior_extension_count_log1p,club_mature_prior_extension_count_log1p,-0.14119293066917593
movement_state_3,C3_mature_extension_history,origin_2021,permanent_first_24m,club_prior_extension_temporary_share,club_prior_extension_temporary_share,-0.10160682581530635
movement_state_3,C3_mature_extension_history,origin_2021,permanent_first_24m,club_prior_extension_permanent_first_share,club_prior_extension_permanent_first_share,0.04267405480757636
movement_state_3,C3_mature_extension_history,origin_2021,permanent_first_24m,club_prior_extension_strict_stay_share,club_prior_extension_strict_stay_share,-0.08938164250991645
movement_state_3,C3_mature_extension_history,origin_2021,temporary_first_24m,club_mature_prior_extension_count_log1p,club_mature_prior_extension_count_log1p,0.10637532949628895
movement_state_3,C3_mature_extension_history,origin_2021,temporary_first_24m,club_prior_extension_temporary_share,club_prior_extension_temporary_share,0.06628876054054035
movement_state_3,C3_mature_extension_history,origin_2021,temporary_first_24m,club_prior_extension_permanent_first_share,club_prior_extension_permanent_first_share,-0.026806695653850774
movement_state_3,C3_mature_extension_history,origin_2021,temporary_first_24m,club_prior_extension_strict_stay_share,club_prior_extension_strict_stay_share,-0.0160464264245607
movement_state_3,C3_mature_extension_history,origin_2022,no_outbound_24m,club_mature_prior_extension_count_log1p,club_mature_prior_extension_count_log1p,0.04568178984270801
movement_state_3,C3_mature_extension_history,origin_2022,no_outbound_24m,club_prior_extension_temporary_share,club_prior_extension_temporary_share,0.0010050306637651232
movement_state_3,C3_mature_extension_history,origin_2022,no_outbound_24m,club_prior_extension_permanent_first_share,club_prior_extension_permanent_first_share,0.006593437206064601
movement_state_3,C3_mature_extension_history,origin_2022,no_outbound_24m,club_prior_extension_strict_stay_share,club_prior_extension_strict_stay_share,0.04247715893712596
movement_state_3,C3_mature_extension_history,origin_2022,permanent_first_24m,club_mature_prior_extension_count_log1p,club_mature_prior_extension_count_log1p,-0.021567864523338788
movement_state_3,C3_mature_extension_history,origin_2022,permanent_first_24m,club_prior_extension_temporary_share,club_prior_extension_temporary_share,-0.0206860867444358
movement_state_3,C3_mature_extension_history,origin_2022,permanent_first_24m,club_prior_extension_permanent_first_share,club_prior_extension_permanent_first_share,-0.02291128866827982
movement_state_3,C3_mature_extension_history,origin_2022,permanent_first_24m,club_prior_extension_strict_stay_share,club_prior_extension_strict_stay_share,0.015151265266855797
movement_state_3,C3_mature_extension_history,origin_2022,temporary_first_24m,club_mature_prior_extension_count_log1p,club_mature_prior_extension_count_log1p,-0.02411392531936927
movement_state_3,C3_mature_extension_history,origin_2022,temporary_first_24m,club_prior_extension_temporary_share,club_prior_extension_temporary_share,0.01968105608067066
movement_state_3,C3_mature_extension_history,origin_2022,temporary_first_24m,club_prior_extension_permanent_first_share,club_prior_extension_permanent_first_share,0.016317851462215243
movement_state_3,C3_mature_extension_history,origin_2022,temporary_first_24m,club_prior_extension_strict_stay_share,club_prior_extension_strict_stay_share,-0.0576284242039818
movement_state_3,C3_mature_extension_history,origin_2023,no_outbound_24m,club_mature_prior_extension_count_log1p,club_mature_prior_extension_count_log1p,-0.006968497299351075
movement_state_3,C3_mature_extension_history,origin_2023,no_outbound_24m,club_prior_extension_temporary_share,club_prior_extension_temporary_share,-0.025084759836569204
movement_state_3,C3_mature_extension_history,origin_2023,no_outbound_24m,club_prior_extension_permanent_first_share,club_prior_extension_permanent_first_share,-0.0034922997935111872
movement_state_3,C3_mature_extension_history,origin_2023,no_outbound_24m,club_prior_extension_strict_stay_share,club_prior_extension_strict_stay_share,0.048975070259105684
movement_state_3,C3_mature_extension_history,origin_2023,permanent_first_24m,club_mature_prior_extension_count_log1p,club_mature_prior_extension_count_log1p,0.08715717290369675
movement_state_3,C3_mature_extension_history,origin_2023,permanent_first_24m,club_prior_extension_temporary_share,club_prior_extension_temporary_share,-0.010829411771537255
movement_state_3,C3_mature_extension_history,origin_2023,permanent_first_24m,club_prior_extension_permanent_first_share,club_prior_extension_permanent_first_share,0.01812194221362635
movement_state_3,C3_mature_extension_history,origin_2023,permanent_first_24m,club_prior_extension_strict_stay_share,club_prior_extension_strict_stay_share,-0.010520204398435942
movement_state_3,C3_mature_extension_history,origin_2023,temporary_first_24m,club_mature_prior_extension_count_log1p,club_mature_prior_extension_count_log1p,-0.08018867560434566
movement_state_3,C3_mature_extension_history,origin_2023,temporary_first_24m,club_prior_extension_temporary_share,club_prior_extension_temporary_share,0.03591417160810651
movement_state_3,C3_mature_extension_history,origin_2023,temporary_first_24m,club_prior_extension_permanent_first_share,club_prior_extension_permanent_first_share,-0.014629642420115182
movement_state_3,C3_mature_extension_history,origin_2023,temporary_first_24m,club_prior_extension_strict_stay_share,club_prior_extension_strict_stay_share,-0.03845486586066956
movement_state_3,C4_combined_behavior,origin_2020,no_outbound_24m,club_outbound_events_730d_log1p,club_outbound_events_730d_log1p,-0.02505859044802799
movement_state_3,C4_combined_behavior,origin_2020,no_outbound_24m,club_outbound_unique_players_730d_log1p,club_outbound_unique_players_730d_log1p,-0.03126237402284036
movement_state_3,C4_combined_behavior,origin_2020,no_outbound_24m,club_transaction_churn_730d_log1p,club_transaction_churn_730d_log1p,-0.03542372970911297
movement_state_3,C4_combined_behavior,origin_2020,no_outbound_24m,club_inbound_outbound_ratio_730d_log,club_inbound_outbound_ratio_730d_log,-0.07283856538846098
movement_state_3,C4_combined_behavior,origin_2020,no_outbound_24m,club_temporary_outbound_share_1095d,club_temporary_outbound_share_1095d,-0.03662936945564535
movement_state_3,C4_combined_behavior,origin_2020,no_outbound_24m,club_loan_return_within_temporary_share_1095d,club_loan_return_within_temporary_share_1095d,-0.010784579317379207
movement_state_3,C4_combined_behavior,origin_2020,no_outbound_24m,club_position_outbound_typed_count_1095d_log1p,club_position_outbound_typed_count_1095d_log1p,-0.02568795342672766
movement_state_3,C4_combined_behavior,origin_2020,no_outbound_24m,club_position_temporary_share_1095d,club_position_temporary_share_1095d,-0.02285220990229784
movement_state_3,C4_combined_behavior,origin_2020,no_outbound_24m,club_ageband_outbound_typed_count_1095d_log1p,club_ageband_outbound_typed_count_1095d_log1p,-0.04734805520120318
movement_state_3,C4_combined_behavior,origin_2020,no_outbound_24m,club_ageband_permanent_share_1095d,club_ageband_permanent_share_1095d,0.03235164979519968
movement_state_3,C4_combined_behavior,origin_2020,permanent_first_24m,club_outbound_events_730d_log1p,club_outbound_events_730d_log1p,0.0057141739780459475
movement_state_3,C4_combined_behavior,origin_2020,permanent_first_24m,club_outbound_unique_players_730d_log1p,club_outbound_unique_players_730d_log1p,0.017430822822209025
movement_state_3,C4_combined_behavior,origin_2020,permanent_first_24m,club_transaction_churn_730d_log1p,club_transaction_churn_730d_log1p,0.012020014045701887
movement_state_3,C4_combined_behavior,origin_2020,permanent_first_24m,club_inbound_outbound_ratio_730d_log,club_inbound_outbound_ratio_730d_log,0.05021568923310501
movement_state_3,C4_combined_behavior,origin_2020,permanent_first_24m,club_temporary_outbound_share_1095d,club_temporary_outbound_share_1095d,0.016554534167456354
movement_state_3,C4_combined_behavior,origin_2020,permanent_first_24m,club_loan_return_within_temporary_share_1095d,club_loan_return_within_temporary_share_1095d,0.011492631793726197
movement_state_3,C4_combined_behavior,origin_2020,permanent_first_24m,club_position_outbound_typed_count_1095d_log1p,club_position_outbound_typed_count_1095d_log1p,-0.017134625504696743
movement_state_3,C4_combined_behavior,origin_2020,permanent_first_24m,club_position_temporary_share_1095d,club_position_temporary_share_1095d,0.0049108044945959375
movement_state_3,C4_combined_behavior,origin_2020,permanent_first_24m,club_ageband_outbound_typed_count_1095d_log1p,club_ageband_outbound_typed_count_1095d_log1p,-0.03396062831572637
movement_state_3,C4_combined_behavior,origin_2020,permanent_first_24m,club_ageband_permanent_share_1095d,club_ageband_permanent_share_1095d,0.0733200016064327
movement_state_3,C4_combined_behavior,origin_2020,temporary_first_24m,club_outbound_events_730d_log1p,club_outbound_events_730d_log1p,0.019344416469982046
movement_state_3,C4_combined_behavior,origin_2020,temporary_first_24m,club_outbound_unique_players_730d_log1p,club_outbound_unique_players_730d_log1p,0.013831551200631323
movement_state_3,C4_combined_behavior,origin_2020,temporary_first_24m,club_transaction_churn_730d_log1p,club_transaction_churn_730d_log1p,0.023403715663411134
movement_state_3,C4_combined_behavior,origin_2020,temporary_first_24m,club_inbound_outbound_ratio_730d_log,club_inbound_outbound_ratio_730d_log,0.02262287615535589
movement_state_3,C4_combined_behavior,origin_2020,temporary_first_24m,club_temporary_outbound_share_1095d,club_temporary_outbound_share_1095d,0.0200748352881889
movement_state_3,C4_combined_behavior,origin_2020,temporary_first_24m,club_loan_return_within_temporary_share_1095d,club_loan_return_within_temporary_share_1095d,-0.0007080524763469814
movement_state_3,C4_combined_behavior,origin_2020,temporary_first_24m,club_position_outbound_typed_count_1095d_log1p,club_position_outbound_typed_count_1095d_log1p,0.04282257893142448
movement_state_3,C4_combined_behavior,origin_2020,temporary_first_24m,club_position_temporary_share_1095d,club_position_temporary_share_1095d,0.017941405407701817
movement_state_3,C4_combined_behavior,origin_2020,temporary_first_24m,club_ageband_outbound_typed_count_1095d_log1p,club_ageband_outbound_typed_count_1095d_log1p,0.08130868351692959
movement_state_3,C4_combined_behavior,origin_2020,temporary_first_24m,club_ageband_permanent_share_1095d,club_ageband_permanent_share_1095d,-0.10567165140163243
movement_state_3,C4_combined_behavior,origin_2021,no_outbound_24m,club_outbound_events_730d_log1p,club_outbound_events_730d_log1p,-0.012879507635006586
movement_state_3,C4_combined_behavior,origin_2021,no_outbound_24m,club_outbound_unique_players_730d_log1p,club_outbound_unique_players_730d_log1p,0.05412904834958963
movement_state_3,C4_combined_behavior,origin_2021,no_outbound_24m,club_transaction_churn_730d_log1p,club_transaction_churn_730d_log1p,-0.028345383052197616
movement_state_3,C4_combined_behavior,origin_2021,no_outbound_24m,club_inbound_outbound_ratio_730d_log,club_inbound_outbound_ratio_730d_log,-0.061126093934631864
movement_state_3,C4_combined_behavior,origin_2021,no_outbound_24m,club_temporary_outbound_share_1095d,club_temporary_outbound_share_1095d,-0.08227627324928556
movement_state_3,C4_combined_behavior,origin_2021,no_outbound_24m,club_loan_return_within_temporary_share_1095d,club_loan_return_within_temporary_share_1095d,-0.02015955588725525
movement_state_3,C4_combined_behavior,origin_2021,no_outbound_24m,club_position_outbound_typed_count_1095d_log1p,club_position_outbound_typed_count_1095d_log1p,-0.026422645787547317
movement_state_3,C4_combined_behavior,origin_2021,no_outbound_24m,club_position_temporary_share_1095d,club_position_temporary_share_1095d,0.0006513309248901189
movement_state_3,C4_combined_behavior,origin_2021,no_outbound_24m,club_ageband_outbound_typed_count_1095d_log1p,club_ageband_outbound_typed_count_1095d_log1p,-0.10024316068384465
movement_state_3,C4_combined_behavior,origin_2021,no_outbound_24m,club_ageband_permanent_share_1095d,club_ageband_permanent_share_1095d,0.029038244718986365
movement_state_3,C4_combined_behavior,origin_2021,no_outbound_24m,club_mature_prior_extension_count_log1p,club_mature_prior_extension_count_log1p,0.040395330959817684
movement_state_3,C4_combined_behavior,origin_2021,no_outbound_24m,club_prior_extension_temporary_share,club_prior_extension_temporary_share,-0.008163558839774612
movement_state_3,C4_combined_behavior,origin_2021,no_outbound_24m,club_prior_extension_permanent_first_share,club_prior_extension_permanent_first_share,-0.01944523612450573
movement_state_3,C4_combined_behavior,origin_2021,no_outbound_24m,club_prior_extension_strict_stay_share,club_prior_extension_strict_stay_share,0.09123555365116102
movement_state_3,C4_combined_behavior,origin_2021,no_outbound_24m,club_position_mature_prior_extension_count_log1p,club_position_mature_prior_extension_count_log1p,-0.004067126809633594
movement_state_3,C4_combined_behavior,origin_2021,no_outbound_24m,club_position_prior_extension_temporary_share,club_position_prior_extension_temporary_share,0.07917411223988162
movement_state_3,C4_combined_behavior,origin_2021,permanent_first_24m,club_outbound_events_730d_log1p,club_outbound_events_730d_log1p,0.03150917896924828
movement_state_3,C4_combined_behavior,origin_2021,permanent_first_24m,club_outbound_unique_players_730d_log1p,club_outbound_unique_players_730d_log1p,-0.07870545736691464
movement_state_3,C4_combined_behavior,origin_2021,permanent_first_24m,club_transaction_churn_730d_log1p,club_transaction_churn_730d_log1p,0.03131085977763214
movement_state_3,C4_combined_behavior,origin_2021,permanent_first_24m,club_inbound_outbound_ratio_730d_log,club_inbound_outbound_ratio_730d_log,-0.003917111561696454
movement_state_3,C4_combined_behavior,origin_2021,permanent_first_24m,club_temporary_outbound_share_1095d,club_temporary_outbound_share_1095d,0.057057074974169945
movement_state_3,C4_combined_behavior,origin_2021,permanent_first_24m,club_loan_return_within_temporary_share_1095d,club_loan_return_within_temporary_share_1095d,0.028883615284865743
movement_state_3,C4_combined_behavior,origin_2021,permanent_first_24m,club_position_outbound_typed_count_1095d_log1p,club_position_outbound_typed_count_1095d_log1p,-0.10649065643446802
movement_state_3,C4_combined_behavior,origin_2021,permanent_first_24m,club_position_temporary_share_1095d,club_position_temporary_share_1095d,-0.005691038497529155
movement_state_3,C4_combined_behavior,origin_2021,permanent_first_24m,club_ageband_outbound_typed_count_1095d_log1p,club_ageband_outbound_typed_count_1095d_log1p,0.022846576937348505
movement_state_3,C4_combined_behavior,origin_2021,permanent_first_24m,club_ageband_permanent_share_1095d,club_ageband_permanent_share_1095d,0.007252720285690486
movement_state_3,C4_combined_behavior,origin_2021,permanent_first_24m,club_mature_prior_extension_count_log1p,club_mature_prior_extension_count_log1p,-0.13364150854612813
movement_state_3,C4_combined_behavior,origin_2021,permanent_first_24m,club_prior_extension_temporary_share,club_prior_extension_temporary_share,-0.04662317173695004
movement_state_3,C4_combined_behavior,origin_2021,permanent_first_24m,club_prior_extension_permanent_first_share,club_prior_extension_permanent_first_share,0.05607518684411345
movement_state_3,C4_combined_behavior,origin_2021,permanent_first_24m,club_prior_extension_strict_stay_share,club_prior_extension_strict_stay_share,-0.07261185039950685
movement_state_3,C4_combined_behavior,origin_2021,permanent_first_24m,club_position_mature_prior_extension_count_log1p,club_position_mature_prior_extension_count_log1p,0.0019725850892007984
movement_state_3,C4_combined_behavior,origin_2021,permanent_first_24m,club_position_prior_extension_temporary_share,club_position_prior_extension_temporary_share,-0.07918029041152144
movement_state_3,C4_combined_behavior,origin_2021,temporary_first_24m,club_outbound_events_730d_log1p,club_outbound_events_730d_log1p,-0.018629671334241475
movement_state_3,C4_combined_behavior,origin_2021,temporary_first_24m,club_outbound_unique_players_730d_log1p,club_outbound_unique_players_730d_log1p,0.02457640901732507
movement_state_3,C4_combined_behavior,origin_2021,temporary_first_24m,club_transaction_churn_730d_log1p,club_transaction_churn_730d_log1p,-0.002965476725434734
movement_state_3,C4_combined_behavior,origin_2021,temporary_first_24m,club_inbound_outbound_ratio_730d_log,club_inbound_outbound_ratio_730d_log,0.06504320549632825
movement_state_3,C4_combined_behavior,origin_2021,temporary_first_24m,club_temporary_outbound_share_1095d,club_temporary_outbound_share_1095d,0.025219198275115744
movement_state_3,C4_combined_behavior,origin_2021,temporary_first_24m,club_loan_return_within_temporary_share_1095d,club_loan_return_within_temporary_share_1095d,-0.008724059397610336
movement_state_3,C4_combined_behavior,origin_2021,temporary_first_24m,club_position_outbound_typed_count_1095d_log1p,club_position_outbound_typed_count_1095d_log1p,0.13291330222201542
movement_state_3,C4_combined_behavior,origin_2021,temporary_first_24m,club_position_temporary_share_1095d,club_position_temporary_share_1095d,0.005039707572638695
movement_state_3,C4_combined_behavior,origin_2021,temporary_first_24m,club_ageband_outbound_typed_count_1095d_log1p,club_ageband_outbound_typed_count_1095d_log1p,0.07739658374649604
movement_state_3,C4_combined_behavior,origin_2021,temporary_first_24m,club_ageband_permanent_share_1095d,club_ageband_permanent_share_1095d,-0.03629096500467636
movement_state_3,C4_combined_behavior,origin_2021,temporary_first_24m,club_mature_prior_extension_count_log1p,club_mature_prior_extension_count_log1p,0.09324617758631032
movement_state_3,C4_combined_behavior,origin_2021,temporary_first_24m,club_prior_extension_temporary_share,club_prior_extension_temporary_share,0.05478673057672463
movement_state_3,C4_combined_behavior,origin_2021,temporary_first_24m,club_prior_extension_permanent_first_share,club_prior_extension_permanent_first_share,-0.0366299507196078
movement_state_3,C4_combined_behavior,origin_2021,temporary_first_24m,club_prior_extension_strict_stay_share,club_prior_extension_strict_stay_share,-0.01862370325165385
movement_state_3,C4_combined_behavior,origin_2021,temporary_first_24m,club_position_mature_prior_extension_count_log1p,club_position_mature_prior_extension_count_log1p,0.0020945417204327674
movement_state_3,C4_combined_behavior,origin_2021,temporary_first_24m,club_position_prior_extension_temporary_share,club_position_prior_extension_temporary_share,6.178171639759867e-06
movement_state_3,C4_combined_behavior,origin_2022,no_outbound_24m,club_outbound_events_730d_log1p,club_outbound_events_730d_log1p,-0.01301457949927039
movement_state_3,C4_combined_behavior,origin_2022,no_outbound_24m,club_outbound_unique_players_730d_log1p,club_outbound_unique_players_730d_log1p,0.01877390577765894
movement_state_3,C4_combined_behavior,origin_2022,no_outbound_24m,club_transaction_churn_730d_log1p,club_transaction_churn_730d_log1p,-0.022747561745353927
movement_state_3,C4_combined_behavior,origin_2022,no_outbound_24m,club_inbound_outbound_ratio_730d_log,club_inbound_outbound_ratio_730d_log,-0.060444165674765994
movement_state_3,C4_combined_behavior,origin_2022,no_outbound_24m,club_temporary_outbound_share_1095d,club_temporary_outbound_share_1095d,-0.04023038869138687
movement_state_3,C4_combined_behavior,origin_2022,no_outbound_24m,club_loan_return_within_temporary_share_1095d,club_loan_return_within_temporary_share_1095d,-0.026227422411239196
movement_state_3,C4_combined_behavior,origin_2022,no_outbound_24m,club_position_outbound_typed_count_1095d_log1p,club_position_outbound_typed_count_1095d_log1p,-0.02572124683520463
movement_state_3,C4_combined_behavior,origin_2022,no_outbound_24m,club_position_temporary_share_1095d,club_position_temporary_share_1095d,-0.005719536686904843
movement_state_3,C4_combined_behavior,origin_2022,no_outbound_24m,club_ageband_outbound_typed_count_1095d_log1p,club_ageband_outbound_typed_count_1095d_log1p,-0.07890087887610686
movement_state_3,C4_combined_behavior,origin_2022,no_outbound_24m,club_ageband_permanent_share_1095d,club_ageband_permanent_share_1095d,0.005361609817498177
movement_state_3,C4_combined_behavior,origin_2022,no_outbound_24m,club_mature_prior_extension_count_log1p,club_mature_prior_extension_count_log1p,0.05688616825198877
movement_state_3,C4_combined_behavior,origin_2022,no_outbound_24m,club_prior_extension_temporary_share,club_prior_extension_temporary_share,0.008601586934931953
movement_state_3,C4_combined_behavior,origin_2022,no_outbound_24m,club_prior_extension_permanent_first_share,club_prior_extension_permanent_first_share,0.012533928480667464
movement_state_3,C4_combined_behavior,origin_2022,no_outbound_24m,club_prior_extension_strict_stay_share,club_prior_extension_strict_stay_share,0.03857090384270702
movement_state_3,C4_combined_behavior,origin_2022,no_outbound_24m,club_position_mature_prior_extension_count_log1p,club_position_mature_prior_extension_count_log1p,-0.008905757370477026
movement_state_3,C4_combined_behavior,origin_2022,no_outbound_24m,club_position_prior_extension_temporary_share,club_position_prior_extension_temporary_share,0.009232332690672473
movement_state_3,C4_combined_behavior,origin_2022,permanent_first_24m,club_outbound_events_730d_log1p,club_outbound_events_730d_log1p,0.01021132081792521
movement_state_3,C4_combined_behavior,origin_2022,permanent_first_24m,club_outbound_unique_players_730d_log1p,club_outbound_unique_players_730d_log1p,-0.03476245241379336
movement_state_3,C4_combined_behavior,origin_2022,permanent_first_24m,club_transaction_churn_730d_log1p,club_transaction_churn_730d_log1p,0.011154077142713707
movement_state_3,C4_combined_behavior,origin_2022,permanent_first_24m,club_inbound_outbound_ratio_730d_log,club_inbound_outbound_ratio_730d_log,0.0037786743999232595
movement_state_3,C4_combined_behavior,origin_2022,permanent_first_24m,club_temporary_outbound_share_1095d,club_temporary_outbound_share_1095d,0.040483280540699086
movement_state_3,C4_combined_behavior,origin_2022,permanent_first_24m,club_loan_return_within_temporary_share_1095d,club_loan_return_within_temporary_share_1095d,0.05357306882154127
movement_state_3,C4_combined_behavior,origin_2022,permanent_first_24m,club_position_outbound_typed_count_1095d_log1p,club_position_outbound_typed_count_1095d_log1p,-0.037942293381710165
movement_state_3,C4_combined_behavior,origin_2022,permanent_first_24m,club_position_temporary_share_1095d,club_position_temporary_share_1095d,-0.027933939475973567
movement_state_3,C4_combined_behavior,origin_2022,permanent_first_24m,club_ageband_outbound_typed_count_1095d_log1p,club_ageband_outbound_typed_count_1095d_log1p,-0.015483143407463812
movement_state_3,C4_combined_behavior,origin_2022,permanent_first_24m,club_ageband_permanent_share_1095d,club_ageband_permanent_share_1095d,0.11029350935575859
movement_state_3,C4_combined_behavior,origin_2022,permanent_first_24m,club_mature_prior_extension_count_log1p,club_mature_prior_extension_count_log1p,-0.004820645998123536
movement_state_3,C4_combined_behavior,origin_2022,permanent_first_24m,club_prior_extension_temporary_share,club_prior_extension_temporary_share,-0.023404043045480372
movement_state_3,C4_combined_behavior,origin_2022,permanent_first_24m,club_prior_extension_permanent_first_share,club_prior_extension_permanent_first_share,-0.024880287617703868
movement_state_3,C4_combined_behavior,origin_2022,permanent_first_24m,club_prior_extension_strict_stay_share,club_prior_extension_strict_stay_share,0.01697739066800439
movement_state_3,C4_combined_behavior,origin_2022,permanent_first_24m,club_position_mature_prior_extension_count_log1p,club_position_mature_prior_extension_count_log1p,-0.011546138731412876
movement_state_3,C4_combined_behavior,origin_2022,permanent_first_24m,club_position_prior_extension_temporary_share,club_position_prior_extension_temporary_share,0.023724210379702414
movement_state_3,C4_combined_behavior,origin_2022,temporary_first_24m,club_outbound_events_730d_log1p,club_outbound_events_730d_log1p,0.0028032586813452015
movement_state_3,C4_combined_behavior,origin_2022,temporary_first_24m,club_outbound_unique_players_730d_log1p,club_outbound_unique_players_730d_log1p,0.015988546636134266
movement_state_3,C4_combined_behavior,origin_2022,temporary_first_24m,club_transaction_churn_730d_log1p,club_transaction_churn_730d_log1p,0.011593484602640236
movement_state_3,C4_combined_behavior,origin_2022,temporary_first_24m,club_inbound_outbound_ratio_730d_log,club_inbound_outbound_ratio_730d_log,0.05666549127484275
movement_state_3,C4_combined_behavior,origin_2022,temporary_first_24m,club_temporary_outbound_share_1095d,club_temporary_outbound_share_1095d,-0.00025289184931222183
movement_state_3,C4_combined_behavior,origin_2022,temporary_first_24m,club_loan_return_within_temporary_share_1095d,club_loan_return_within_temporary_share_1095d,-0.027345646410302106
movement_state_3,C4_combined_behavior,origin_2022,temporary_first_24m,club_position_outbound_typed_count_1095d_log1p,club_position_outbound_typed_count_1095d_log1p,0.06366354021691482
movement_state_3,C4_combined_behavior,origin_2022,temporary_first_24m,club_position_temporary_share_1095d,club_position_temporary_share_1095d,0.03365347616287838
movement_state_3,C4_combined_behavior,origin_2022,temporary_first_24m,club_ageband_outbound_typed_count_1095d_log1p,club_ageband_outbound_typed_count_1095d_log1p,0.09438402228357075
movement_state_3,C4_combined_behavior,origin_2022,temporary_first_24m,club_ageband_permanent_share_1095d,club_ageband_permanent_share_1095d,-0.11565511917325674
movement_state_3,C4_combined_behavior,origin_2022,temporary_first_24m,club_mature_prior_extension_count_log1p,club_mature_prior_extension_count_log1p,-0.0520655222538652
movement_state_3,C4_combined_behavior,origin_2022,temporary_first_24m,club_prior_extension_temporary_share,club_prior_extension_temporary_share,0.014802456110548423
movement_state_3,C4_combined_behavior,origin_2022,temporary_first_24m,club_prior_extension_permanent_first_share,club_prior_extension_permanent_first_share,0.012346359137036383
movement_state_3,C4_combined_behavior,origin_2022,temporary_first_24m,club_prior_extension_strict_stay_share,club_prior_extension_strict_stay_share,-0.05554829451071142
movement_state_3,C4_combined_behavior,origin_2022,temporary_first_24m,club_position_mature_prior_extension_count_log1p,club_position_mature_prior_extension_count_log1p,0.020451896101889838
movement_state_3,C4_combined_behavior,origin_2022,temporary_first_24m,club_position_prior_extension_temporary_share,club_position_prior_extension_temporary_share,-0.032956543070374884
movement_state_3,C4_combined_behavior,origin_2023,no_outbound_24m,club_outbound_events_730d_log1p,club_outbound_events_730d_log1p,-0.031051464845648427
movement_state_3,C4_combined_behavior,origin_2023,no_outbound_24m,club_outbound_unique_players_730d_log1p,club_outbound_unique_players_730d_log1p,0.005032604903188075
movement_state_3,C4_combined_behavior,origin_2023,no_outbound_24m,club_transaction_churn_730d_log1p,club_transaction_churn_730d_log1p,-0.04189514565354309
movement_state_3,C4_combined_behavior,origin_2023,no_outbound_24m,club_inbound_outbound_ratio_730d_log,club_inbound_outbound_ratio_730d_log,-0.061888671795454306
movement_state_3,C4_combined_behavior,origin_2023,no_outbound_24m,club_temporary_outbound_share_1095d,club_temporary_outbound_share_1095d,-0.006528897317066082
movement_state_3,C4_combined_behavior,origin_2023,no_outbound_24m,club_loan_return_within_temporary_share_1095d,club_loan_return_within_temporary_share_1095d,-0.033290817643855324
movement_state_3,C4_combined_behavior,origin_2023,no_outbound_24m,club_position_outbound_typed_count_1095d_log1p,club_position_outbound_typed_count_1095d_log1p,-0.026719636290493037
movement_state_3,C4_combined_behavior,origin_2023,no_outbound_24m,club_position_temporary_share_1095d,club_position_temporary_share_1095d,-0.027594159358734723
movement_state_3,C4_combined_behavior,origin_2023,no_outbound_24m,club_ageband_outbound_typed_count_1095d_log1p,club_ageband_outbound_typed_count_1095d_log1p,-0.1024911506091995
movement_state_3,C4_combined_behavior,origin_2023,no_outbound_24m,club_ageband_permanent_share_1095d,club_ageband_permanent_share_1095d,-0.0045286551682920525
movement_state_3,C4_combined_behavior,origin_2023,no_outbound_24m,club_mature_prior_extension_count_log1p,club_mature_prior_extension_count_log1p,0.008288443362439175
movement_state_3,C4_combined_behavior,origin_2023,no_outbound_24m,club_prior_extension_temporary_share,club_prior_extension_temporary_share,-0.0044496077939088306
movement_state_3,C4_combined_behavior,origin_2023,no_outbound_24m,club_prior_extension_permanent_first_share,club_prior_extension_permanent_first_share,0.010045497334108235
movement_state_3,C4_combined_behavior,origin_2023,no_outbound_24m,club_prior_extension_strict_stay_share,club_prior_extension_strict_stay_share,0.038285376138864805
movement_state_3,C4_combined_behavior,origin_2023,no_outbound_24m,club_position_mature_prior_extension_count_log1p,club_position_mature_prior_extension_count_log1p,-0.022284957657958893
movement_state_3,C4_combined_behavior,origin_2023,no_outbound_24m,club_position_prior_extension_temporary_share,club_position_prior_extension_temporary_share,-0.013245807404832357
movement_state_3,C4_combined_behavior,origin_2023,permanent_first_24m,club_outbound_events_730d_log1p,club_outbound_events_730d_log1p,0.023236684015196837
movement_state_3,C4_combined_behavior,origin_2023,permanent_first_24m,club_outbound_unique_players_730d_log1p,club_outbound_unique_players_730d_log1p,-0.013992512943018964
movement_state_3,C4_combined_behavior,origin_2023,permanent_first_24m,club_transaction_churn_730d_log1p,club_transaction_churn_730d_log1p,0.02812026612358075
movement_state_3,C4_combined_behavior,origin_2023,permanent_first_24m,club_inbound_outbound_ratio_730d_log,club_inbound_outbound_ratio_730d_log,0.030530221947613543
movement_state_3,C4_combined_behavior,origin_2023,permanent_first_24m,club_temporary_outbound_share_1095d,club_temporary_outbound_share_1095d,0.010613612756174921
movement_state_3,C4_combined_behavior,origin_2023,permanent_first_24m,club_loan_return_within_temporary_share_1095d,club_loan_return_within_temporary_share_1095d,0.0547417825128554
movement_state_3,C4_combined_behavior,origin_2023,permanent_first_24m,club_position_outbound_typed_count_1095d_log1p,club_position_outbound_typed_count_1095d_log1p,-0.0030127941604708754
movement_state_3,C4_combined_behavior,origin_2023,permanent_first_24m,club_position_temporary_share_1095d,club_position_temporary_share_1095d,-0.00672928796454087
movement_state_3,C4_combined_behavior,origin_2023,permanent_first_24m,club_ageband_outbound_typed_count_1095d_log1p,club_ageband_outbound_typed_count_1095d_log1p,-0.026988517561685847
movement_state_3,C4_combined_behavior,origin_2023,permanent_first_24m,club_ageband_permanent_share_1095d,club_ageband_permanent_share_1095d,0.11736356833553037
movement_state_3,C4_combined_behavior,origin_2023,permanent_first_24m,club_mature_prior_extension_count_log1p,club_mature_prior_extension_count_log1p,0.0670976084084412
movement_state_3,C4_combined_behavior,origin_2023,permanent_first_24m,club_prior_extension_temporary_share,club_prior_extension_temporary_share,-0.00848746713760431
movement_state_3,C4_combined_behavior,origin_2023,permanent_first_24m,club_prior_extension_permanent_first_share,club_prior_extension_permanent_first_share,0.014321904730038566
movement_state_3,C4_combined_behavior,origin_2023,permanent_first_24m,club_prior_extension_strict_stay_share,club_prior_extension_strict_stay_share,0.001395689446323386
movement_state_3,C4_combined_behavior,origin_2023,permanent_first_24m,club_position_mature_prior_extension_count_log1p,club_position_mature_prior_extension_count_log1p,0.05423328963608431
movement_state_3,C4_combined_behavior,origin_2023,permanent_first_24m,club_position_prior_extension_temporary_share,club_position_prior_extension_temporary_share,0.016877517664095336
movement_state_3,C4_combined_behavior,origin_2023,temporary_first_24m,club_outbound_events_730d_log1p,club_outbound_events_730d_log1p,0.007814780830451647
movement_state_3,C4_combined_behavior,origin_2023,temporary_first_24m,club_outbound_unique_players_730d_log1p,club_outbound_unique_players_730d_log1p,0.008959908039830843
movement_state_3,C4_combined_behavior,origin_2023,temporary_first_24m,club_transaction_churn_730d_log1p,club_transaction_churn_730d_log1p,0.013774879529962288
movement_state_3,C4_combined_behavior,origin_2023,temporary_first_24m,club_inbound_outbound_ratio_730d_log,club_inbound_outbound_ratio_730d_log,0.03135844984784092
movement_state_3,C4_combined_behavior,origin_2023,temporary_first_24m,club_temporary_outbound_share_1095d,club_temporary_outbound_share_1095d,-0.004084715439108895
movement_state_3,C4_combined_behavior,origin_2023,temporary_first_24m,club_loan_return_within_temporary_share_1095d,club_loan_return_within_temporary_share_1095d,-0.02145096486900004
movement_state_3,C4_combined_behavior,origin_2023,temporary_first_24m,club_position_outbound_typed_count_1095d_log1p,club_position_outbound_typed_count_1095d_log1p,0.029732430450963923
movement_state_3,C4_combined_behavior,origin_2023,temporary_first_24m,club_position_temporary_share_1095d,club_position_temporary_share_1095d,0.034323447323275545
movement_state_3,C4_combined_behavior,origin_2023,temporary_first_24m,club_ageband_outbound_typed_count_1095d_log1p,club_ageband_outbound_typed_count_1095d_log1p,0.12947966817088535
movement_state_3,C4_combined_behavior,origin_2023,temporary_first_24m,club_ageband_permanent_share_1095d,club_ageband_permanent_share_1095d,-0.11283491316723838
movement_state_3,C4_combined_behavior,origin_2023,temporary_first_24m,club_mature_prior_extension_count_log1p,club_mature_prior_extension_count_log1p,-0.0753860517708803
movement_state_3,C4_combined_behavior,origin_2023,temporary_first_24m,club_prior_extension_temporary_share,club_prior_extension_temporary_share,0.012937074931513241
movement_state_3,C4_combined_behavior,origin_2023,temporary_first_24m,club_prior_extension_permanent_first_share,club_prior_extension_permanent_first_share,-0.02436740206414684
movement_state_3,C4_combined_behavior,origin_2023,temporary_first_24m,club_prior_extension_strict_stay_share,club_prior_extension_strict_stay_share,-0.03968106558518806
movement_state_3,C4_combined_behavior,origin_2023,temporary_first_24m,club_position_mature_prior_extension_count_log1p,club_position_mature_prior_extension_count_log1p,-0.03194833197812527
movement_state_3,C4_combined_behavior,origin_2023,temporary_first_24m,club_position_prior_extension_temporary_share,club_position_prior_extension_temporary_share,-0.0036317102592629915
