event_id,league,position,age_at_signing,market_value_eur,actual_wage_eur,actual_years,wage_multiplier,proposed_wage_eur,proposed_years,status,sustained_contribution_24m,year2_opportunity_share,stay_24m,stay_36m,permanent_24m,downside_10pct_24m,downside_25pct_24m,downside_50pct_24m,downside_25pct_12m,raw_downside_25pct_24m,raw_permanent_24m,annual_wage_peer_log,commitment_peer_log,duration_peer_years,n_imputed_sustained,n_imputed_downside25,n_warnings,n_unavailable
f2cd5933a3cac6e01cbcc4624f90b252503b2dceb95557ae33cec9a1cbe1744e,Bundesliga,Goalkeeper,32.23271731690623,1000000.0,570000.0,1.9822039698836411,0.5,285000.0,2.0,scored,0.1828548833674154,0.12183911126563088,0.4370865086694171,0.25356678405915245,0.5936344150535349,0.8668488498650833,0.8069931096393553,0.6278535120051988,0.5050575482722258,,,13.619920642888898,14.210400387060304,1.6233454640128733,0,3,1,3
f2cd5933a3cac6e01cbcc4624f90b252503b2dceb95557ae33cec9a1cbe1744e,Bundesliga,Goalkeeper,32.23271731690623,1000000.0,570000.0,1.9822039698836411,0.5,285000.0,3.0,scored,0.2206210275713338,0.17623112041402275,0.5350191027164091,0.35374254180521303,0.641388924672858,0.8393573035929253,0.774289796795667,0.566008833021334,0.4468873549209043,,,13.619920642888898,14.210400387060304,1.6233454640128733,0,3,1,3
f2cd5933a3cac6e01cbcc4624f90b252503b2dceb95557ae33cec9a1cbe1744e,Bundesliga,Goalkeeper,32.23271731690623,1000000.0,570000.0,1.9822039698836411,0.5,285000.0,4.0,scored,0.2628162845003743,0.21705246667113512,0.6199846280787089,0.4513204370853766,0.6828442311209337,0.8075908690703019,0.7391891926859897,0.5069650659161613,0.3910921270785681,,,13.619920642888898,14.210400387060304,1.6233454640128733,0,3,1,3
f2cd5933a3cac6e01cbcc4624f90b252503b2dceb95557ae33cec9a1cbe1744e,Bundesliga,Goalkeeper,32.23271731690623,1000000.0,570000.0,1.9822039698836411,0.5,285000.0,5.0,scored,0.30935727891692216,0.2504378430873865,0.6925726096322681,0.5422226660890277,0.7195488784554396,0.7713419958985037,0.7015387857378426,0.45039838736404936,0.3384987918247084,,,13.619920642888898,14.210400387060304,1.6233454640128733,0,3,1,3
f2cd5933a3cac6e01cbcc4624f90b252503b2dceb95557ae33cec9a1cbe1744e,Bundesliga,Goalkeeper,32.23271731690623,1000000.0,570000.0,1.9822039698836411,0.5,285000.0,6.0,scored,0.3597622992461153,0.2791198078046981,0.7534544960032533,0.6236666508572069,0.7534544960032533,0.7306042329205064,0.6614865304409338,0.39671943118710773,0.28990069257479467,,0.7522477162144467,13.619920642888898,14.210400387060304,1.6233454640128733,0,3,1,3
f2cd5933a3cac6e01cbcc4624f90b252503b2dceb95557ae33cec9a1cbe1744e,Bundesliga,Goalkeeper,32.23271731690623,1000000.0,570000.0,1.9822039698836411,0.75,427500.0,2.0,scored,0.18413003997936503,0.12684792493387723,0.44969061185818693,0.26569855629082184,0.6042586339666937,0.8616197144672983,0.7964712902043452,0.5916213651508982,0.4940382465986785,,,13.619920642888898,14.210400387060304,1.6233454640128733,0,3,1,3
f2cd5933a3cac6e01cbcc4624f90b252503b2dceb95557ae33cec9a1cbe1744e,Bundesliga,Goalkeeper,32.23271731690623,1000000.0,570000.0,1.9822039698836411,0.75,427500.0,3.0,scored,0.22177121253552567,0.18189726285256705,0.5471651957392601,0.3670958667544689,0.6519189575983659,0.8321340369714032,0.7623265863173133,0.5285460845193016,0.4331160846165814,,,13.619920642888898,14.210400387060304,1.6233454640128733,0,3,1,3
f2cd5933a3cac6e01cbcc4624f90b252503b2dceb95557ae33cec9a1cbe1744e,Bundesliga,Goalkeeper,32.23271731690623,1000000.0,570000.0,1.9822039698836411,0.75,427500.0,4.0,scored,0.26375552938574065,0.22337592665021203,0.6311207162967548,0.4648212384833237,0.6931555082118892,0.7979854326785856,0.7258225984455259,0.46945199583784836,0.37509223996116575,,,13.619920642888898,14.210400387060304,1.6233454640128733,0,3,1,3
f2cd5933a3cac6e01cbcc4624f90b252503b2dceb95557ae33cec9a1cbe1744e,Bundesliga,Goalkeeper,32.23271731690623,1000000.0,570000.0,1.9822039698836411,0.75,427500.0,5.0,scored,0.3100003018702619,0.2574186161150863,0.7024236867226404,0.5550823407492309,0.7295374652770342,0.7589933416000465,0.6868419722747172,0.4138196555003476,0.32092717302677043,,,13.619920642888898,14.210400387060304,1.6233454640128733,0,3,1,3
f2cd5933a3cac6e01cbcc4624f90b252503b2dceb95557ae33cec9a1cbe1744e,Bundesliga,Goalkeeper,32.23271731690623,1000000.0,570000.0,1.9822039698836411,0.75,427500.0,6.0,scored,0.3600326390890961,0.28675789163506504,0.7619379635806539,0.6353855207258526,0.7619379635806539,0.7152253511736479,0.6455817836285906,0.36187883952505623,0.27146471626258034,,0.7618315351320606,13.619920642888898,14.210400387060304,1.6233454640128733,0,3,1,3
f2cd5933a3cac6e01cbcc4624f90b252503b2dceb95557ae33cec9a1cbe1744e,Bundesliga,Goalkeeper,32.23271731690623,1000000.0,570000.0,1.9822039698836411,1.0,570000.0,2.0,scored,0.18459060338167235,0.12961820126569915,0.4581666349275302,0.2739853001728576,0.6111857780798122,0.8550054510178594,0.7851296776401187,0.558420770704624,0.479807822591433,,,13.619920642888898,14.210400387060304,1.6233454640128733,0,3,1,3
f2cd5933a3cac6e01cbcc4624f90b252503b2dceb95557ae33cec9a1cbe1744e,Bundesliga,Goalkeeper,32.23271731690623,1000000.0,570000.0,1.9822039698836411,1.0,570000.0,3.0,scored,0.22198329842234055,0.1853248567249216,0.5553491588628403,0.376206475259233,0.6589830010211702,0.8232285319390122,0.7494903828580681,0.49486574487164664,0.41631290431509443,,,13.619920642888898,14.210400387060304,1.6233454640128733,0,3,1,3
f2cd5933a3cac6e01cbcc4624f90b252503b2dceb95557ae33cec9a1cbe1744e,Bundesliga,Goalkeeper,32.23271731690623,1000000.0,570000.0,1.9822039698836411,1.0,570000.0,4.0,scored,0.26363787272238687,0.22746083244821177,0.6386460327580178,0.4740365114092142,0.7002398524876674,0.7863804387572203,0.7115527586014871,0.43631764461611283,0.3563995162665492,,,13.619920642888898,14.210400387060304,1.6233454640128733,0,3,1,3
f2cd5933a3cac6e01cbcc4624f90b252503b2dceb95557ae33cec9a1cbe1744e,Bundesliga,Goalkeeper,32.23271731690623,1000000.0,570000.0,1.9822039698836411,1.0,570000.0,5.0,scored,0.30947854581185075,0.2621608315927747,0.7091041999368708,0.563873474680742,0.7365399360738228,0.7443319203837655,0.671238473720483,0.38203896473167664,0.30113003583823167,,,13.619920642888898,14.210400387060304,1.6233454640128733,0,3,1,3
f2cd5933a3cac6e01cbcc4624f90b252503b2dceb95557ae33cec9a1cbe1744e,Bundesliga,Goalkeeper,32.23271731690623,1000000.0,570000.0,1.9822039698836411,1.0,570000.0,6.0,scored,0.3590482786114176,0.2921574156694634,0.7677138558874309,0.6434155799631185,0.7686667164938068,0.6972598258929512,0.6287967381784036,0.3320663889026833,0.2513496885179714,,,13.619920642888898,14.210400387060304,1.6233454640128733,0,3,1,3
f2cd5933a3cac6e01cbcc4624f90b252503b2dceb95557ae33cec9a1cbe1744e,Bundesliga,Goalkeeper,32.23271731690623,1000000.0,570000.0,1.9822039698836411,1.5,855000.0,2.0,scored,0.18663444569396462,0.13475760147680405,0.4687261625267878,0.2844524823295935,0.6194765823217644,0.8384035296109917,0.7601661036382723,0.501893355506325,0.4504870076292575,,,13.619920642888898,14.210400387060304,1.6233454640128733,0,3,1,3
f2cd5933a3cac6e01cbcc4624f90b252503b2dceb95557ae33cec9a1cbe1744e,Bundesliga,Goalkeeper,32.23271731690623,1000000.0,570000.0,1.9822039698836411,1.5,855000.0,3.0,scored,0.22368951740021586,0.19177888078731653,0.5656458310793534,0.3877978516090852,0.6679163885579863,0.8012701535440199,0.7214467336710679,0.4389120149229271,0.3823825664223714,,,13.619920642888898,14.210400387060304,1.6233454640128733,0,3,1,3
f2cd5933a3cac6e01cbcc4624f90b252503b2dceb95557ae33cec9a1cbe1744e,Bundesliga,Goalkeeper,32.23271731690623,1000000.0,570000.0,1.9822039698836411,1.5,855000.0,4.0,scored,0.264840044968967,0.2352294747470054,0.6482078056011656,0.48585216122091945,0.7095858876151462,0.7582318396485955,0.6806297396485593,0.38248343124977147,0.3194773354711661,,,13.619920642888898,14.210400387060304,1.6233454640128733,0,3,1,3
f2cd5933a3cac6e01cbcc4624f90b252503b2dceb95557ae33cec9a1cbe1744e,Bundesliga,Goalkeeper,32.23271731690623,1000000.0,570000.0,1.9822039698836411,1.5,855000.0,5.0,scored,0.3100161927514392,0.2712440898820094,0.7176750498585499,0.5752351722018176,0.746089915799239,0.7093569888352849,0.6377238754274407,0.33144380722278444,0.26294828224949707,,,13.619920642888898,14.210400387060304,1.6233454640128733,0,3,1,3
f2cd5933a3cac6e01cbcc4624f90b252503b2dceb95557ae33cec9a1cbe1744e,Bundesliga,Goalkeeper,32.23271731690623,1000000.0,570000.0,1.9822039698836411,1.5,855000.0,6.0,scored,0.35878271578785925,0.3025552888261601,0.7751942150022776,0.653877015039381,0.778239275039824,0.6551669118728133,0.5930870804876656,0.2854731887210765,0.21352042506280353,,,13.619920642888898,14.210400387060304,1.6233454640128733,0,3,1,3
f2cd5933a3cac6e01cbcc4624f90b252503b2dceb95557ae33cec9a1cbe1744e,Bundesliga,Goalkeeper,32.23271731690623,1000000.0,570000.0,1.9822039698836411,2.0,1140000.0,2.0,scored,0.18785549277039185,0.13765496607310804,0.4751766219062923,0.29092444201588286,0.624185459546382,0.8188492429782575,0.7328252237083241,0.44938830142500424,0.4183717745421928,,,13.619920642888898,14.210400387060304,1.6233454640128733,0,3,1,3
f2cd5933a3cac6e01cbcc4624f90b252503b2dceb95557ae33cec9a1cbe1744e,Bundesliga,Goalkeeper,32.23271731690623,1000000.0,570000.0,1.9822039698836411,2.0,1140000.0,3.0,scored,0.22444662907121202,0.1959908636200192,0.5720685040735085,0.395100530442009,0.673514193050805,0.7756188737123519,0.6910515433894598,0.38837359312504416,0.3466415443386749,,,13.619920642888898,14.210400387060304,1.6233454640128733,0,3,1,3
f2cd5933a3cac6e01cbcc4624f90b252503b2dceb95557ae33cec9a1cbe1744e,Bundesliga,Goalkeeper,32.23271731690623,1000000.0,570000.0,1.9822039698836411,2.0,1140000.0,4.0,scored,0.26497360479966187,0.24075607300865948,0.6542860103129555,0.49342493126316556,0.7158381800896492,0.7257097978652571,0.6474924167013114,0.3350449184300844,0.28207521315269873,,,13.619920642888898,14.210400387060304,1.6233454640128733,0,3,1,3
f2cd5933a3cac6e01cbcc4624f90b252503b2dceb95557ae33cec9a1cbe1744e,Bundesliga,Goalkeeper,32.23271731690623,1000000.0,570000.0,1.9822039698836411,2.0,1140000.0,5.0,scored,0.3093784834222305,0.27808530244963603,0.7232176810082541,0.5826321459461585,0.7527797211002921,0.6695403685792464,0.6022486180528085,0.28782814735863455,0.22577105246586343,,,13.619920642888898,14.210400387060304,1.6233454640128733,0,3,1,3
f2cd5933a3cac6e01cbcc4624f90b252503b2dceb95557ae33cec9a1cbe1744e,Bundesliga,Goalkeeper,32.23271731690623,1000000.0,570000.0,1.9822039698836411,2.0,1140000.0,6.0,scored,0.3572538676129022,0.3107111151382697,0.7801078737721245,0.6607866876066781,0.7851742646960839,0.6081550232608728,0.5557826764216659,0.2460808363566011,0.1781240921473109,,,13.619920642888898,14.210400387060304,1.6233454640128733,0,3,1,3
f2cd5933a3cac6e01cbcc4624f90b252503b2dceb95557ae33cec9a1cbe1744e,Bundesliga,Goalkeeper,32.23271731690623,1000000.0,570000.0,1.9822039698836411,3.0,1710000.0,2.0,scored,0.18908149066502694,0.14020843390049817,0.48216614289754034,0.2980036501161951,0.6285097993131086,0.7718504714836544,0.6718201147376259,0.35417203453285245,0.3521732363619338,,,13.619920642888898,14.210400387060304,1.6233454640128733,0,3,1,3
f2cd5933a3cac6e01cbcc4624f90b252503b2dceb95557ae33cec9a1cbe1744e,Bundesliga,Goalkeeper,32.23271731690623,1000000.0,570000.0,1.9822039698836411,3.0,1710000.0,3.0,scored,0.22456469977117038,0.20117356230531244,0.5793893093400826,0.4034919963961827,0.67998967596608,0.7146986118876177,0.6244356108463578,0.29996172453261005,0.276651559584678,,,13.619920642888898,14.210400387060304,1.6233454640128733,0,3,1,3
f2cd5933a3cac6e01cbcc4624f90b252503b2dceb95557ae33cec9a1cbe1744e,Bundesliga,Goalkeeper,32.23271731690623,1000000.0,570000.0,1.9822039698836411,3.0,1710000.0,4.0,scored,0.2636786212270512,0.24856799974440824,0.6615078562257715,0.5024848293318225,0.7239743899854492,0.64993273529108,0.5762424640237818,0.2545483549047777,0.212696582541511,,,13.619920642888898,14.210400387060304,1.6233454640128733,0,3,1,3
f2cd5933a3cac6e01cbcc4624f90b252503b2dceb95557ae33cec9a1cbe1744e,Bundesliga,Goalkeeper,32.23271731690623,1000000.0,570000.0,1.9822039698836411,3.0,1710000.0,5.0,scored,0.30639582135704096,0.2885264561128608,0.7300350904911455,0.5917836258048085,0.7621171109324931,0.5792431889741342,0.5275044894675903,0.21573121113154278,0.16054742251516002,,,13.619920642888898,14.210400387060304,1.6233454640128733,0,3,1,3
f2cd5933a3cac6e01cbcc4624f90b252503b2dceb95557ae33cec9a1cbe1744e,Bundesliga,Goalkeeper,32.23271731690623,1000000.0,570000.0,1.9822039698836411,3.0,1710000.0,6.0,scored,0.352369968743269,0.32378149516748067,0.7863311561510075,0.6695809313243606,0.7953015026005572,0.5052259020103148,0.4788384393272156,0.1824096679918506,0.11939394916719424,,,13.619920642888898,14.210400387060304,1.6233454640128733,0,3,1,3
30ab77596d33d7c5e76ebdc57797105dc5e422e23bf01aa118749bed9964539a,Bundesliga,Defender,24.281998631074607,10000000.0,2500000.0,3.8521560574948666,0.5,1250000.0,2.0,scored,0.5907986369449441,0.42068332693854066,0.4858557708940131,0.301768377035607,0.6869900925433888,0.6435250485628227,0.43569265609623464,0.25262051070900615,0.28651699781908113,,,14.288464037410629,15.573845537115634,3.6388969049823134,0,0,1,0
30ab77596d33d7c5e76ebdc57797105dc5e422e23bf01aa118749bed9964539a,Bundesliga,Defender,24.281998631074607,10000000.0,2500000.0,3.8521560574948666,0.5,1250000.0,3.0,scored,0.6466624111405891,0.474337359964887,0.5803927312236006,0.4046477666548953,0.7264144001381668,0.5938285443776282,0.3880726208580754,0.20696454563670952,0.2436850568905703,,,14.288464037410629,15.573845537115634,3.6388969049823134,0,0,1,0
30ab77596d33d7c5e76ebdc57797105dc5e422e23bf01aa118749bed9964539a,Bundesliga,Defender,24.281998631074607,10000000.0,2500000.0,3.8521560574948666,0.5,1250000.0,4.0,scored,0.6978602567499897,0.5144207040917963,0.6602803414958789,0.5009401331563825,0.7598500313257811,0.5423575016969957,0.3440672673856325,0.17047766088196395,0.20606917355130044,,,14.288464037410629,15.573845537115634,3.6388969049823134,0,0,1,0
30ab77596d33d7c5e76ebdc57797105dc5e422e23bf01aa118749bed9964539a,Bundesliga,Defender,24.281998631074607,10000000.0,2500000.0,3.8521560574948666,0.5,1250000.0,5.0,scored,0.7441107269576861,0.5470680679745755,0.7271833354576337,0.5879483808361154,0.7889088556679204,0.49008979233750666,0.30338976382798083,0.1405933037906356,0.1732471851211551,,,14.288464037410629,15.573845537115634,3.6388969049823134,0,0,1,0
30ab77596d33d7c5e76ebdc57797105dc5e422e23bf01aa118749bed9964539a,Bundesliga,Defender,24.281998631074607,10000000.0,2500000.0,3.8521560574948666,0.5,1250000.0,6.0,scored,0.7852005782213203,0.5750120149567781,0.7824485367343195,0.6640886967766766,0.814406082424621,0.43811495177797005,0.2660449680735645,0.11591821400284669,0.1448725712501585,,,14.288464037410629,15.573845537115634,3.6388969049823134,0,0,1,0
30ab77596d33d7c5e76ebdc57797105dc5e422e23bf01aa118749bed9964539a,Bundesliga,Defender,24.281998631074607,10000000.0,2500000.0,3.8521560574948666,0.75,1875000.0,2.0,scored,0.6270710316494643,0.4411570947384885,0.5115145150931861,0.32847621424597795,0.7076974002371549,0.6319653534184703,0.4256541809668738,0.22481803445056697,0.28205066976947707,,,14.288464037410629,15.573845537115634,3.6388969049823134,0,0,1,0
30ab77596d33d7c5e76ebdc57797105dc5e422e23bf01aa118749bed9964539a,Bundesliga,Defender,24.281998631074607,10000000.0,2500000.0,3.8521560574948666,0.75,1875000.0,3.0,scored,0.6804846291582507,0.4950994251271784,0.603955627899787,0.43217432090492436,0.7453832371892928,0.5808449415694866,0.37829126258231965,0.1830269432611791,0.23871914788836796,,,14.288464037410629,15.573845537115634,3.6388969049823134,0,0,1,0
30ab77596d33d7c5e76ebdc57797105dc5e422e23bf01aa118749bed9964539a,Bundesliga,Defender,24.281998631074607,10000000.0,2500000.0,3.8521560574948666,0.75,1875000.0,4.0,scored,0.7286776961049913,0.5354710640560392,0.6810488604860422,0.5273368960263216,0.7771774795723146,0.528153162568205,0.334689440826931,0.1500219879726699,0.20083245125814783,,,14.288464037410629,15.573845537115634,3.6388969049823134,0,0,1,0
30ab77596d33d7c5e76ebdc57797105dc5e422e23bf01aa118749bed9964539a,Bundesliga,Defender,24.281998631074607,10000000.0,2500000.0,3.8521560574948666,0.75,1875000.0,5.0,scored,0.7716118966665585,0.5684067217166122,0.7449571882480696,0.6120188930803651,0.8046809957312856,0.47494997532109623,0.2945304519591187,0.12324165867367122,0.1679420067923029,,,14.288464037410629,15.573845537115634,3.6388969049823134,0,0,1,0
30ab77596d33d7c5e76ebdc57797105dc5e422e23bf01aa118749bed9964539a,Bundesliga,Defender,24.281998631074607,10000000.0,2500000.0,3.8521560574948666,0.75,1875000.0,6.0,scored,0.8092926045906257,0.5966389619645303,0.7973283571016219,0.6852383880685424,0.8287119358767591,0.4223858500088774,0.2577875818525832,0.10129583936559568,0.1396650348160122,,,14.288464037410629,15.573845537115634,3.6388969049823134,0,0,1,0
30ab77596d33d7c5e76ebdc57797105dc5e422e23bf01aa118749bed9964539a,Bundesliga,Defender,24.281998631074607,10000000.0,2500000.0,3.8521560574948666,1.0,2500000.0,2.0,scored,0.6654275568292567,0.46367089946412093,0.5316577437595722,0.3500826998784209,0.7237999520034657,0.6162443044276246,0.4144903602508778,0.20775765354146206,0.27999810673177516,,,14.288464037410629,15.573845537115634,3.6388969049823134,0,0,1,0
30ab77596d33d7c5e76ebdc57797105dc5e422e23bf01aa118749bed9964539a,Bundesliga,Defender,24.281998631074607,10000000.0,2500000.0,3.8521560574948666,1.0,2500000.0,3.0,scored,0.7156732866080029,0.5179015246547622,0.62222751246245,0.45402649658806904,0.760095441392012,0.5635764856051816,0.3674715217024404,0.168514526115495,0.23594245161105037,,,14.288464037410629,15.573845537115634,3.6388969049823134,0,0,1,0
30ab77596d33d7c5e76ebdc57797105dc5e422e23bf01aa118749bed9964539a,Bundesliga,Defender,24.281998631074607,10000000.0,2500000.0,3.8521560574948666,1.0,2500000.0,4.0,scored,0.760280773424015,0.5585614571053774,0.6970072163085491,0.5479963161037551,0.7905908050514181,0.5096603073709703,0.32436869987424694,0.1377412750524108,0.19755883951708897,,,14.288464037410629,15.573845537115634,3.6388969049823134,0,0,1,0
30ab77596d33d7c5e76ebdc57797105dc5e422e23bf01aa118749bed9964539a,Bundesliga,Defender,24.281998631074607,10000000.0,2500000.0,3.8521560574948666,1.0,2500000.0,5.0,scored,0.7994605352575077,0.5917854077756263,0.7585201816226826,0.6306534638898109,0.816872440979394,0.45564124296845676,0.2848273707539003,0.11290909436578679,0.16438074777764533,,,14.288464037410629,15.573845537115634,3.6388969049823134,0,0,1,0
30ab77596d33d7c5e76ebdc57797105dc5e422e23bf01aa118749bed9964539a,Bundesliga,Defender,24.281998631074607,10000000.0,2500000.0,3.8521560574948666,1.0,2500000.0,6.0,scored,0.8334261694958761,0.6203059407771809,0.8086234254180168,0.7014751573322787,0.8397575195769167,0.4027214634132623,0.2487850255760558,0.09264832298424217,0.13599493517081618,,,14.288464037410629,15.573845537115634,3.6388969049823134,0,0,1,0
30ab77596d33d7c5e76ebdc57797105dc5e422e23bf01aa118749bed9964539a,Bundesliga,Defender,24.281998631074607,10000000.0,2500000.0,3.8521560574948666,1.5,3750000.0,2.0,scored,0.720840043888206,0.49420466925096207,0.5657216934938355,0.3878837841742484,0.7501262749051039,0.5858705145365822,0.39321810241576016,0.1697702519205339,0.2622504576142642,,,14.288464037410629,15.573845537115634,3.6388969049823134,0,0,1,0
30ab77596d33d7c5e76ebdc57797105dc5e422e23bf01aa118749bed9964539a,Bundesliga,Defender,24.281998631074607,10000000.0,2500000.0,3.8521560574948666,1.5,3750000.0,3.0,scored,0.7654053850722815,0.5490118814851127,0.6526842445743481,0.4914246540165501,0.7840484275118794,0.5304390594163244,0.34698040986941603,0.13657722497124775,0.21835947418369284,,,14.288464037410629,15.573845537115634,3.6388969049823134,0,0,1,0
30ab77596d33d7c5e76ebdc57797105dc5e422e23bf01aa118749bed9964539a,Bundesliga,Defender,24.281998631074607,10000000.0,2500000.0,3.8521560574948666,1.5,3750000.0,4.0,scored,0.8040902103524644,0.5902483996990404,0.723322303620708,0.5827721446825752,0.8123551444323311,0.4744715685741026,0.3049335872509309,0.11095119766647583,0.18061551884985722,,,14.288464037410629,15.573845537115634,3.6388969049823134,0,0,1,0
30ab77596d33d7c5e76ebdc57797105dc5e422e23bf01aa118749bed9964539a,Bundesliga,Defender,24.281998631074607,10000000.0,2500000.0,3.8521560574948666,1.5,3750000.0,5.0,scored,0.8374198836620946,0.624048935620523,0.780701804719518,0.6616239122453808,0.8365974816277442,0.4192587361517149,0.26665223544861266,0.09051944687081633,0.14843708560653512,,,14.288464037410629,15.573845537115634,3.6388969049823134,0,0,1,0
30ab77596d33d7c5e76ebdc57797105dc5e422e23bf01aa118749bed9964539a,Bundesliga,Defender,24.281998631074607,10000000.0,2500000.0,3.8521560574948666,1.5,3750000.0,6.0,scored,0.8658468439114173,0.6531460536172717,0.8269792112689397,0.728195879808986,0.8575843854952969,0.36606896348878754,0.23200504442783706,0.07400578226988547,0.12129227956490905,,,14.288464037410629,15.573845537115634,3.6388969049823134,0,0,1,0
30ab77596d33d7c5e76ebdc57797105dc5e422e23bf01aa118749bed9964539a,Bundesliga,Defender,24.281998631074607,10000000.0,2500000.0,3.8521560574948666,2.0,5000000.0,2.0,scored,0.7597609370200914,0.5140915440228638,0.5944707831161629,0.4210051038689848,0.7714778535696161,0.5565292957147255,0.372962282753196,0.13392270825061783,0.23658013106859577,,,14.288464037410629,15.573845537115634,3.6388969049823134,0,0,1,0
30ab77596d33d7c5e76ebdc57797105dc5e422e23bf01aa118749bed9964539a,Bundesliga,Defender,24.281998631074607,10000000.0,2500000.0,3.8521560574948666,2.0,5000000.0,3.0,scored,0.7995804892501475,0.5694753420203269,0.6779754961708815,0.5233956461637578,0.8033779268003226,0.4987523147170714,0.3276241227537286,0.10692621184063739,0.1942178789916186,,,14.288464037410629,15.573845537115634,3.6388969049823134,0,0,1,0
30ab77596d33d7c5e76ebdc57797105dc5e422e23bf01aa118749bed9964539a,Bundesliga,Defender,24.281998631074607,10000000.0,2500000.0,3.8521560574948666,2.0,5000000.0,4.0,scored,0.8336300630053668,0.6112884453574685,0.7449113374007399,0.6119562880587092,0.8298454546579624,0.44123138644242177,0.2867108927268096,0.08638156838218362,0.15840724184177765,,,14.288464037410629,15.573845537115634,3.6388969049823134,0,0,1,0
30ab77596d33d7c5e76ebdc57797105dc5e422e23bf01aa118749bed9964539a,Bundesliga,Defender,24.281998631074607,10000000.0,2500000.0,3.8521560574948666,2.0,5000000.0,5.0,scored,0.862601135450553,0.6456655661461255,0.7987319988527094,0.6872475888328532,0.8523919674686116,0.38536296977804463,0.2497284474465218,0.07017874061517702,0.12839554100270054,,,14.288464037410629,15.573845537115634,3.6388969049823134,0,0,1,0
30ab77596d33d7c5e76ebdc57797105dc5e422e23bf01aa118749bed9964539a,Bundesliga,Defender,24.281998631074607,10000000.0,2500000.0,3.8521560574948666,2.0,5000000.0,6.0,scored,0.8870570421095345,0.6753392688820296,0.8417934316954817,0.7500613921823609,0.8718135902068914,0.3324303706358212,0.21648011256579772,0.057193336416315334,0.10350055215763698,,,14.288464037410629,15.573845537115634,3.6388969049823134,0,0,1,0
30ab77596d33d7c5e76ebdc57797105dc5e422e23bf01aa118749bed9964539a,Bundesliga,Defender,24.281998631074607,10000000.0,2500000.0,3.8521560574948666,3.0,7500000.0,2.0,scored,0.815213916291208,0.5423134188743503,0.640913566764066,0.47682776624126744,0.804472194352799,0.49814973456640854,0.3341738381398777,0.08139623750654817,0.18484620994304973,,,14.288464037410629,15.573845537115634,3.6388969049823134,0,0,1,0
30ab77596d33d7c5e76ebdc57797105dc5e422e23bf01aa118749bed9964539a,Bundesliga,Defender,24.281998631074607,10000000.0,2500000.0,3.8521560574948666,3.0,7500000.0,3.0,scored,0.8472688166451194,0.5988503871182411,0.7180845065015755,0.5757802868442394,0.8330768789087362,0.43693483197339755,0.2909936410516368,0.06431615575703911,0.1473056384208118,,,14.288464037410629,15.573845537115634,3.6388969049823134,0,0,1,0
30ab77596d33d7c5e76ebdc57797105dc5e422e23bf01aa118749bed9964539a,Bundesliga,Defender,24.281998631074607,10000000.0,2500000.0,3.8521560574948666,3.0,7500000.0,4.0,scored,0.8741346526905726,0.6418166600617123,0.778683627841498,0.6587808054799453,0.8565893019897274,0.3777949771267627,0.25259880408300583,0.05157834177680229,0.11671496039538376,,,14.288464037410629,15.573845537115634,3.6388969049823134,0,0,1,0
30ab77596d33d7c5e76ebdc57797105dc5e422e23bf01aa118749bed9964539a,Bundesliga,Defender,24.281998631074607,10000000.0,2500000.0,3.8521560574948666,3.0,7500000.0,5.0,scored,0.8966266070726848,0.6773469502006594,0.8266450202634841,0.7277057081975373,0.8764407618942617,0.32218912360679,0.21836448327866417,0.041681305238257194,0.09197679377812731,,,14.288464037410629,15.573845537115634,3.6388969049823134,0,0,1,0
30ab77596d33d7c5e76ebdc57797105dc5e422e23bf01aa118749bed9964539a,Bundesliga,Defender,24.281998631074607,10000000.0,2500000.0,3.8521560574948666,3.0,7500000.0,6.0,scored,0.9153697062550826,0.7081738221588334,0.8645450035212957,0.7841616964275847,0.8933968676326306,0.271262216261378,0.18797315374184156,0.03383866827657959,0.07214739619912669,,,14.288464037410629,15.573845537115634,3.6388969049823134,0,0,1,0
1e562a8473e3d23dbe8bc1ab7b7f159bad5b693fd738bd83b8518a6159a918e8,La Liga,Goalkeeper,27.33744010951403,1200000.0,1560000.0,3.5455167693360714,0.5,780000.0,2.0,scored,0.5755567710338515,0.47823560360802936,0.6478288577870679,0.48538162364421766,0.7280385636027411,0.3860168358830741,0.2667687414836313,0.08910844184978749,0.08536766870141513,,,13.004649987099697,13.995002820652198,3.2017098206985533,0,7,2,7
1e562a8473e3d23dbe8bc1ab7b7f159bad5b693fd738bd83b8518a6159a918e8,La Liga,Goalkeeper,27.33744010951403,1200000.0,1560000.0,3.5455167693360714,0.5,780000.0,3.0,scored,0.630633110178969,0.5343112822066576,0.7238160920487118,0.5834330848722242,0.7653016188236703,0.33078335861205715,0.22942427282045694,0.07048507442077277,0.06690066749599165,,,13.004649987099697,13.995002820652198,3.2017098206985533,0,7,2,7
1e562a8473e3d23dbe8bc1ab7b7f159bad5b693fd738bd83b8518a6159a918e8,La Liga,Goalkeeper,27.33744010951403,1200000.0,1560000.0,3.5455167693360714,0.5,780000.0,4.0,scored,0.6815500287073093,0.5768162765342493,0.7833292806571609,0.6653329333911164,0.796503164535195,0.2800329236367051,0.19700939125737116,0.056559314801327955,0.052399625816581065,,,13.004649987099697,13.995002820652198,3.2017098206985533,0,7,2,7
1e562a8473e3d23dbe8bc1ab7b7f159bad5b693fd738bd83b8518a6159a918e8,La Liga,Goalkeeper,27.33744010951403,1200000.0,1560000.0,3.5455167693360714,0.5,780000.0,5.0,scored,0.7279926191157025,0.6118852924690714,0.8303483114557365,0.7331450962092079,0.8303483114557365,0.2344311272465465,0.16870893401250206,0.045719834405289546,0.04099041297704374,,0.8232625454246251,13.004649987099697,13.995002820652198,3.2017098206985533,0,7,2,7
1e562a8473e3d23dbe8bc1ab7b7f159bad5b693fd738bd83b8518a6159a918e8,La Liga,Goalkeeper,27.33744010951403,1200000.0,1560000.0,3.5455167693360714,0.5,780000.0,6.0,scored,0.7696778130177664,0.6422508924289975,0.8674601027584081,0.7885761712603484,0.8674601027584081,0.1943007654298891,0.1440432187470864,0.03711991650421303,0.032024672838948484,,0.8464305167456885,13.004649987099697,13.995002820652198,3.2017098206985533,0,7,2,7
1e562a8473e3d23dbe8bc1ab7b7f159bad5b693fd738bd83b8518a6159a918e8,La Liga,Goalkeeper,27.33744010951403,1200000.0,1560000.0,3.5455167693360714,0.75,1170000.0,2.0,scored,0.6319117723412183,0.5098048531436989,0.6670512291987297,0.509484828517273,0.7451652277052649,0.32886808037525395,0.2286746443789549,0.06696979037932892,0.0727386129030999,,,13.004649987099697,13.995002820652198,3.2017098206985533,0,7,2,7
1e562a8473e3d23dbe8bc1ab7b7f159bad5b693fd738bd83b8518a6159a918e8,La Liga,Goalkeeper,27.33744010951403,1200000.0,1560000.0,3.5455167693360714,0.75,1170000.0,3.0,scored,0.6827887588316771,0.5673796596048127,0.740330372653973,0.60571471083098,0.7816218142209277,0.2744347460934682,0.1948806793112492,0.052827628520036404,0.055406554002535975,,,13.004649987099697,13.995002820652198,3.2017098206985533,0,7,2,7
1e562a8473e3d23dbe8bc1ab7b7f159bad5b693fd738bd83b8518a6159a918e8,La Liga,Goalkeeper,27.33744010951403,1200000.0,1560000.0,3.5455167693360714,0.75,1170000.0,4.0,scored,0.7287726291031532,0.6113837776916984,0.7972246672224026,0.6850900606478667,0.8119547034358565,0.22613549596413554,0.1659735383003619,0.04233081134265543,0.04217921870252587,,,13.004649987099697,13.995002820652198,3.2017098206985533,0,7,2,7
1e562a8473e3d23dbe8bc1ab7b7f159bad5b693fd738bd83b8518a6159a918e8,La Liga,Goalkeeper,27.33744010951403,1200000.0,1560000.0,3.5455167693360714,0.75,1170000.0,5.0,scored,0.7699055576144921,0.647951915744537,0.8418588950305578,0.7501586081226422,0.8418588950305578,0.18425332331563762,0.14106684619370546,0.03420012371362949,0.03207095224820806,,0.8377907933860312,13.004649987099697,13.995002820652198,3.2017098206985533,0,7,2,7
1e562a8473e3d23dbe8bc1ab7b7f159bad5b693fd738bd83b8518a6159a918e8,La Liga,Goalkeeper,27.33744010951403,1200000.0,1560000.0,3.5455167693360714,0.75,1170000.0,6.0,scored,0.8062187911343196,0.6798166370018413,0.8768830381425538,0.8029159176290457,0.8768830381425538,0.14867781615674852,0.11961661389708263,0.02776999669601586,0.02435668324870177,,0.860001434328688,13.004649987099697,13.995002820652198,3.2017098206985533,0,7,2,7
1e562a8473e3d23dbe8bc1ab7b7f159bad5b693fd738bd83b8518a6159a918e8,La Liga,Goalkeeper,27.33744010951403,1200000.0,1560000.0,3.5455167693360714,1.0,1560000.0,2.0,scored,0.6733401004197691,0.5311081978666966,0.6826272010198984,0.5293656558291008,0.7588573140635045,0.2774644995013888,0.19495412320300246,0.04841325228041021,0.059048464677139624,,,13.004649987099697,13.995002820652198,3.2017098206985533,0,7,2,7
1e562a8473e3d23dbe8bc1ab7b7f159bad5b693fd738bd83b8518a6159a918e8,La Liga,Goalkeeper,27.33744010951403,1200000.0,1560000.0,3.5455167693360714,1.0,1560000.0,3.0,scored,0.7201765901856729,0.5901821280871044,0.7536450693129304,0.6239289171853765,0.7947333765373539,0.22541699011802122,0.1647592048261506,0.038119406964099066,0.04368125130670469,,,13.004649987099697,13.995002820652198,3.2017098206985533,0,7,2,7
1e562a8473e3d23dbe8bc1ab7b7f159bad5b693fd738bd83b8518a6159a918e8,La Liga,Goalkeeper,27.33744010951403,1200000.0,1560000.0,3.5455167693360714,1.0,1560000.0,4.0,scored,0.7618666439248932,0.6356853678816874,0.8083911324265568,0.7011396534018924,0.824410412515035,0.1808249120533995,0.1392688691706424,0.030523306055608306,0.0323018969300461,,,13.004649987099697,13.995002820652198,3.2017098206985533,0,7,2,7
1e562a8473e3d23dbe8bc1ab7b7f159bad5b693fd738bd83b8518a6159a918e8,La Liga,Goalkeeper,27.33744010951403,1200000.0,1560000.0,3.5455167693360714,1.0,1560000.0,5.0,scored,0.7986906074985173,0.6737526268215849,0.8510889576199798,0.763917791872576,0.8510889576199798,0.1434815638421697,0.11756400787308935,0.02466093360519173,0.023864373150301314,,0.8495268083840837,13.004649987099697,13.995002820652198,3.2017098206985533,0,7,2,7
1e562a8473e3d23dbe8bc1ab7b7f159bad5b693fd738bd83b8518a6159a918e8,La Liga,Goalkeeper,27.33744010951403,1200000.0,1560000.0,3.5455167693360714,1.0,1560000.0,6.0,scored,0.8308684030712626,0.7071164685556283,0.8844287462095807,0.8144760204984917,0.8844287462095807,0.11281974519038826,0.0990683957239147,0.020035073751663017,0.017614815060420824,,0.8709755794809569,13.004649987099697,13.995002820652198,3.2017098206985533,0,7,2,7
1e562a8473e3d23dbe8bc1ab7b7f159bad5b693fd738bd83b8518a6159a918e8,La Liga,Goalkeeper,27.33744010951403,1200000.0,1560000.0,3.5455167693360714,1.5,2340000.0,2.0,scored,0.7192017837067721,0.5465298032498972,0.7087302389512512,0.5633798665136435,0.781121354935414,0.19569872274675704,0.1404009703242041,0.021942407592544056,0.03410725321461005,,,13.004649987099697,13.995002820652198,3.2017098206985533,0,7,2,7
1e562a8473e3d23dbe8bc1ab7b7f159bad5b693fd738bd83b8518a6159a918e8,La Liga,Goalkeeper,27.33744010951403,1200000.0,1560000.0,3.5455167693360714,1.5,2340000.0,3.0,scored,0.7602671858112664,0.6086019768856996,0.7757888404144898,0.6547115941322104,0.8160841317824568,0.15091551571081935,0.11694562028999729,0.01725794081031585,0.023774659739011935,,,13.004649987099697,13.995002820652198,3.2017098206985533,0,7,2,7
1e562a8473e3d23dbe8bc1ab7b7f159bad5b693fd738bd83b8518a6159a918e8,La Liga,Goalkeeper,27.33744010951403,1200000.0,1560000.0,3.5455167693360714,1.5,2340000.0,4.0,scored,0.7963085520142665,0.6571034580440807,0.8268587248696978,0.7280191417512109,0.8446868080052233,0.11500810226916061,0.09757778723006424,0.013825878712512382,0.016584123859569522,,,13.004649987099697,13.995002820652198,3.2017098206985533,0,7,2,7
1e562a8473e3d23dbe8bc1ab7b7f159bad5b693fd738bd83b8518a6159a918e8,La Liga,Goalkeeper,27.33744010951403,1200000.0,1560000.0,3.5455167693360714,1.5,2340000.0,5.0,scored,0.827812528665013,0.6981689575271368,0.8662893877326728,0.7868020679252752,0.8685988506031956,0.08681031078753988,0.0814075729638138,0.011187505625911642,0.011567760728471132,,,13.004649987099697,13.995002820652198,3.2017098206985533,0,7,2,7
1e562a8473e3d23dbe8bc1ab7b7f159bad5b693fd738bd83b8518a6159a918e8,La Liga,Goalkeeper,27.33744010951403,1200000.0,1560000.0,3.5455167693360714,1.5,2340000.0,6.0,scored,0.8551402030188979,0.7345310393940196,0.8968144641871467,0.8335993262211181,0.8968144641871467,0.06645278620223827,0.06645278620223827,0.00910944699520365,0.008067450326167852,0.06786837551017724,0.8887592749963814,13.004649987099697,13.995002820652198,3.2017098206985533,0,7,2,7
1e562a8473e3d23dbe8bc1ab7b7f159bad5b693fd738bd83b8518a6159a918e8,La Liga,Goalkeeper,27.33744010951403,1200000.0,1560000.0,3.5455167693360714,2.0,3120000.0,2.0,scored,0.7558616121266859,0.5581399878685056,0.7283494662505525,0.5895154374980035,0.7976278418226077,0.13311939157557728,0.09910939375648933,0.010114216624168141,0.019392779215986315,,,13.004649987099697,13.995002820652198,3.2017098206985533,0,7,2,7
1e562a8473e3d23dbe8bc1ab7b7f159bad5b693fd738bd83b8518a6159a918e8,La Liga,Goalkeeper,27.33744010951403,1200000.0,1560000.0,3.5455167693360714,2.0,3120000.0,3.0,scored,0.7917316078148459,0.6232104028681059,0.7923481023299244,0.678129159231741,0.8320570478564434,0.09757736362091501,0.0815487515230076,0.007972981040164846,0.012758804287248645,,,13.004649987099697,13.995002820652198,3.2017098206985533,0,7,2,7
1e562a8473e3d23dbe8bc1ab7b7f159bad5b693fd738bd83b8518a6159a918e8,La Liga,Goalkeeper,27.33744010951403,1200000.0,1560000.0,3.5455167693360714,2.0,3120000.0,4.0,scored,0.8229208009894187,0.6747101243644862,0.8406250928111721,0.748327234197491,0.859930380943892,0.07080977226110519,0.067304180441641,0.006406431632112973,0.008408258188524751,,,13.004649987099697,13.995002820652198,3.2017098206985533,0,7,2,7
1e562a8473e3d23dbe8bc1ab7b7f159bad5b693fd738bd83b8518a6159a918e8,La Liga,Goalkeeper,27.33744010951403,1200000.0,1560000.0,3.5455167693360714,2.0,3120000.0,5.0,scored,0.8500148948462013,0.7187738637752219,0.8775975427977025,0.8040076096523714,0.882962678128295,0.053295958619616515,0.053295958619616515,0.0052016740562173345,0.005544989178044951,0.05559759176674581,,13.004649987099697,13.995002820652198,3.2017098206985533,0,7,2,7
1e562a8473e3d23dbe8bc1ab7b7f159bad5b693fd738bd83b8518a6159a918e8,La Liga,Goalkeeper,27.33744010951403,1200000.0,1560000.0,3.5455167693360714,2.0,3120000.0,6.0,scored,0.8734315617470826,0.7581341853646246,0.9060173287461571,0.8479273685464369,0.9060173287461571,0.04122496697951903,0.04122496697951903,0.004251334834805824,0.0036582300369722718,0.04593273254808307,0.9021452477349485,13.004649987099697,13.995002820652198,3.2017098206985533,0,7,2,7
1e562a8473e3d23dbe8bc1ab7b7f159bad5b693fd738bd83b8518a6159a918e8,La Liga,Goalkeeper,27.33744010951403,1200000.0,1560000.0,3.5455167693360714,3.0,4680000.0,2.0,scored,0.8093050602084213,0.5741474727268405,0.7560243697761974,0.627207124662449,0.8204677700117611,0.05768086769760783,0.04749655382421052,0.0022540317790055143,0.006177589591485184,,,13.004649987099697,13.995002820652198,3.2017098206985533,0,7,2,7
1e562a8473e3d23dbe8bc1ab7b7f159bad5b693fd738bd83b8518a6159a918e8,La Liga,Goalkeeper,27.33744010951403,1200000.0,1560000.0,3.5455167693360714,3.0,4680000.0,3.0,scored,0.8367220232203703,0.645214368402439,0.8156572955866422,0.711665646389844,0.8545452755001097,0.038505627449146256,0.03834642612109547,0.0017912345939287443,0.003633805564963192,,,13.004649987099697,13.995002820652198,3.2017098206985533,0,7,2,7
1e562a8473e3d23dbe8bc1ab7b7f159bad5b693fd738bd83b8518a6159a918e8,La Liga,Goalkeeper,27.33744010951403,1200000.0,1560000.0,3.5455167693360714,3.0,4680000.0,4.0,scored,0.8603464975141678,0.7027105695490188,0.8599877219844115,0.7772809642935372,0.8815848978619957,0.02833283386931465,0.02833283386931465,0.0014516147293604186,0.0021438173458557417,0.03111095517817796,,13.004649987099697,13.995002820652198,3.2017098206985533,0,7,2,7
1e562a8473e3d23dbe8bc1ab7b7f159bad5b693fd738bd83b8518a6159a918e8,La Liga,Goalkeeper,27.33744010951403,1200000.0,1560000.0,3.5455167693360714,3.0,4680000.0,5.0,scored,0.8807856212376224,0.7527707881996348,0.8935012640839499,0.8284657854692763,0.9034320566412427,0.02109510976958979,0.02109510976958979,0.001189069322049114,0.001266783627922154,0.025298800948136562,,13.004649987099697,13.995002820652198,3.2017098206985533,0,7,2,7
1e562a8473e3d23dbe8bc1ab7b7f159bad5b693fd738bd83b8518a6159a918e8,La Liga,Goalkeeper,27.33744010951403,1200000.0,1560000.0,3.5455167693360714,3.0,4680000.0,6.0,scored,0.898446795672809,0.7981275888237581,0.9189640666183289,0.8682555160784272,0.9212026120705415,0.01586650482158522,0.01586650482158522,0.0009806324379162403,0.0007493163481539153,0.020598047185086746,,13.004649987099697,13.995002820652198,3.2017098206985533,0,7,2,7
6a7b734b129b549753d00bc4b66d7efd15df05830c281d26e20f9f45fedefbae,La Liga,Attack,28.361396303901437,10000000.0,2080000.0,5.147159479808351,0.5,1040000.0,2.0,scored,0.681098467763021,0.4053189153706256,0.4221137130558714,0.2394539744074371,0.610416565877037,0.7990763910461238,0.6756068933993281,0.46036615159098504,0.43454320697342746,,,14.230918004719394,15.302759106643778,3.333743801990666,0,7,1,7
6a7b734b129b549753d00bc4b66d7efd15df05830c281d26e20f9f45fedefbae,La Liga,Attack,28.361396303901437,10000000.0,2080000.0,5.147159479808351,0.5,1040000.0,3.0,scored,0.7303161951208131,0.45887607910179407,0.5204379617838646,0.33797889373097045,0.6561185305097689,0.7632962897124931,0.6311247944307734,0.39707630101318325,0.38182294759379115,,,14.230918004719394,15.302759106643778,3.333743801990666,0,7,1,7
6a7b734b129b549753d00bc4b66d7efd15df05830c281d26e20f9f45fedefbae,La Liga,Attack,28.361396303901437,10000000.0,2080000.0,5.147159479808351,0.5,1040000.0,4.0,scored,0.7736831718138997,0.49886255548453273,0.6065000960336061,0.43519094225220933,0.6956335771495374,0.7235312494502412,0.5859855762010766,0.3414711166753364,0.3326375182411735,,,14.230918004719394,15.302759106643778,3.333743801990666,0,7,1,7
6a7b734b129b549753d00bc4b66d7efd15df05830c281d26e20f9f45fedefbae,La Liga,Attack,28.361396303901437,10000000.0,2080000.0,5.147159479808351,0.5,1040000.0,5.0,scored,0.811504019633351,0.5314130522435438,0.6805572867632448,0.526705692247833,0.7305371533460205,0.67999523010627,0.5403015721589896,0.2921369038880438,0.2872985232593743,,,14.230918004719394,15.302759106643778,3.333743801990666,0,7,1,7
6a7b734b129b549753d00bc4b66d7efd15df05830c281d26e20f9f45fedefbae,La Liga,Attack,28.361396303901437,10000000.0,2080000.0,5.147159479808351,0.5,1040000.0,6.0,scored,0.8440758242013128,0.5592601324121801,0.7430432917275387,0.6094078899831487,0.7615918236119542,0.6331529408156154,0.494533004853814,0.24852776623232326,0.24612086615981435,,,14.230918004719394,15.302759106643778,3.333743801990666,0,7,1,7
6a7b734b129b549753d00bc4b66d7efd15df05830c281d26e20f9f45fedefbae,La Liga,Attack,28.361396303901437,10000000.0,2080000.0,5.147159479808351,0.75,1560000.0,2.0,scored,0.7353448931972815,0.4378042679851256,0.45748911999986297,0.27331913535462626,0.6432618863508083,0.7845613676869962,0.6640919009160413,0.4140090255069748,0.4250781051567251,,,14.230918004719394,15.302759106643778,3.333743801990666,0,7,1,7
6a7b734b129b549753d00bc4b66d7efd15df05830c281d26e20f9f45fedefbae,La Liga,Attack,28.361396303901437,10000000.0,2080000.0,5.147159479808351,0.75,1560000.0,3.0,scored,0.7787928733864897,0.4916012970160607,0.5540705536899174,0.3747771081050265,0.6866438689825615,0.746458911749192,0.6188343843043121,0.3530134118901766,0.3717417408945976,,,14.230918004719394,15.302759106643778,3.333743801990666,0,7,1,7
6a7b734b129b549753d00bc4b66d7efd15df05830c281d26e20f9f45fedefbae,La Liga,Attack,28.361396303901437,10000000.0,2080000.0,5.147159479808351,0.75,1560000.0,4.0,scored,0.8162246255273043,0.5318276356211711,0.6369277233333095,0.4719258020387471,0.7238302610721985,0.704346904250755,0.5731179323168967,0.3005853565694191,0.3222337301259261,,,14.230918004719394,15.302759106643778,3.333743801990666,0,7,1,7
6a7b734b129b549753d00bc4b66d7efd15df05830c281d26e20f9f45fedefbae,La Liga,Attack,28.361396303901437,10000000.0,2080000.0,5.147159479808351,0.75,1560000.0,5.0,scored,0.8482437079888532,0.564617993371596,0.7071222397151402,0.5612594195886537,0.7564315316105812,0.6585521632912401,0.5270677617944224,0.25494612631130886,0.27685867954351356,,,14.230918004719394,15.302759106643778,3.333743801990666,0,7,1,7
6a7b734b129b549753d00bc4b66d7efd15df05830c281d26e20f9f45fedefbae,La Liga,Attack,28.361396303901437,10000000.0,2080000.0,5.147159479808351,0.75,1560000.0,6.0,scored,0.8753683880739499,0.5927049339161667,0.7656252524226227,0.6405070565949722,0.7852462691103161,0.6096703058745745,0.48115449523988413,0.2152668690729918,0.23590241914570617,,,14.230918004719394,15.302759106643778,3.333743801990666,0,7,1,7
6a7b734b129b549753d00bc4b66d7efd15df05830c281d26e20f9f45fedefbae,La Liga,Attack,28.361396303901437,10000000.0,2080000.0,5.147159479808351,1.0,2080000.0,2.0,scored,0.769542784933093,0.45557065234833594,0.4888404996198803,0.3048278530827513,0.671034431247529,0.771762427215415,0.6535233549812862,0.35459989097603206,0.39885355116879095,,,14.230918004719394,15.302759106643778,3.333743801990666,0,7,1,7
6a7b734b129b549753d00bc4b66d7efd15df05830c281d26e20f9f45fedefbae,La Liga,Attack,28.361396303901437,10000000.0,2080000.0,5.147159479808351,1.0,2080000.0,3.0,scored,0.8087325295805833,0.5096075436016427,0.583266183451437,0.4079649461627377,0.7122483256416698,0.7315923098639138,0.6075951037415168,0.29798896650413687,0.34584666837839767,,,14.230918004719394,15.302759106643778,3.333743801990666,0,7,1,7
6a7b734b129b549753d00bc4b66d7efd15df05830c281d26e20f9f45fedefbae,La Liga,Attack,28.361396303901437,10000000.0,2080000.0,5.147159479808351,1.0,2080000.0,4.0,scored,0.8420360207690821,0.5500737428904274,0.6629261005556586,0.5042719646254786,0.7473245024813515,0.6874117310555653,0.5613949669475687,0.250641375341384,0.29724931816867356,,,14.230918004719394,15.302759106643778,3.333743801990666,0,7,1,7
6a7b734b129b549753d00bc4b66d7efd15df05830c281d26e20f9f45fedefbae,La Liga,Attack,28.361396303901437,10000000.0,2080000.0,5.147159479808351,1.0,2080000.0,5.0,scored,0.8701971562089444,0.5831039607090471,0.7295418556253319,0.5911195545216699,0.7778847744952775,0.6396560964032326,0.5150578297136121,0.21037006420367751,0.2532573656178978,,,14.230918004719394,15.302759106643778,3.333743801990666,0,7,1,7
6a7b734b129b549753d00bc4b66d7efd15df05830c281d26e20f9f45fedefbae,La Liga,Attack,28.361396303901437,10000000.0,2080000.0,5.147159479808351,1.0,2080000.0,6.0,scored,0.8938252655489491,0.6114307610140735,0.7845001625500587,0.6669885385520912,0.8047468982303123,0.589042915768702,0.46906099398527906,0.17604641519453132,0.2140294917415182,,,14.230918004719394,15.302759106643778,3.333743801990666,0,7,1,7
6a7b734b129b549753d00bc4b66d7efd15df05830c281d26e20f9f45fedefbae,La Liga,Attack,28.361396303901437,10000000.0,2080000.0,5.147159479808351,1.5,3120000.0,2.0,scored,0.8257356898469287,0.4892418872628581,0.5400190623446386,0.35921508460643947,0.7145538265419192,0.742164351602435,0.6309714323543298,0.2624504544749655,0.3502906716050053,,,14.230918004719394,15.302759106643778,3.333743801990666,0,7,1,7
6a7b734b129b549753d00bc4b66d7efd15df05830c281d26e20f9f45fedefbae,La Liga,Attack,28.361396303901437,10000000.0,2080000.0,5.147159479808351,1.5,3120000.0,3.0,scored,0.856979603985425,0.5437584998835133,0.6298013772377045,0.46321324857849566,0.7520160642478431,0.697579140640967,0.5837774946721989,0.21576784849727526,0.2987020271784683,,,14.230918004719394,15.302759106643778,3.333743801990666,0,7,1,7
6a7b734b129b549753d00bc4b66d7efd15df05830c281d26e20f9f45fedefbae,La Liga,Attack,28.361396303901437,10000000.0,2080000.0,5.147159479808351,1.5,3120000.0,4.0,scored,0.88295837440482,0.5847044190009483,0.703624658979068,0.5566585588552848,0.7835492881368127,0.6491369827037697,0.5367268695771498,0.1782831726498914,0.2525244291863918,,,14.230918004719394,15.302759106643778,3.333743801990666,0,7,1,7
6a7b734b129b549753d00bc4b66d7efd15df05830c281d26e20f9f45fedefbae,La Liga,Attack,28.361396303901437,10000000.0,2080000.0,5.147159479808351,1.5,3120000.0,5.0,scored,0.9045346225023211,0.6182143560327388,0.7641534471777282,0.6384607303900943,0.8107577191976071,0.597532540439702,0.48996595814190946,0.14744994566938333,0.21170148503320996,,,14.230918004719394,15.302759106643778,3.333743801990666,0,7,1,7
6a7b734b129b549753d00bc4b66d7efd15df05830c281d26e20f9f45fedefbae,La Liga,Attack,28.361396303901437,10000000.0,2080000.0,5.147159479808351,1.5,3120000.0,6.0,scored,0.9223733429945775,0.6470208752431964,0.8133265695900231,0.708282225174489,0.8344677503505575,0.5437513864203525,0.4439753249964731,0.12189220753087514,0.17612667138674887,,,14.230918004719394,15.302759106643778,3.333743801990666,0,7,1,7
6a7b734b129b549753d00bc4b66d7efd15df05830c281d26e20f9f45fedefbae,La Liga,Attack,28.361396303901437,10000000.0,2080000.0,5.147159479808351,2.0,4160000.0,2.0,scored,0.8640897091992523,0.5150135579987926,0.5816179812075433,0.40606087262143786,0.7481018765165782,0.7111582342971591,0.608090581955215,0.18957475961792492,0.3007965602836167,,,14.230918004719394,15.302759106643778,3.333743801990666,0,7,1,7
6a7b734b129b549753d00bc4b66d7efd15df05830c281d26e20f9f45fedefbae,La Liga,Attack,28.361396303901437,10000000.0,2080000.0,5.147159479808351,2.0,4160000.0,3.0,scored,0.889246558873915,0.5700098904480981,0.6666800826760856,0.509014916662755,0.7823816087212635,0.6623278616136945,0.5598290406294334,0.15326419701476424,0.2520224567456206,,,14.230918004719394,15.302759106643778,3.333743801990666,0,7,1,7
6a7b734b129b549753d00bc4b66d7efd15df05830c281d26e20f9f45fedefbae,La Liga,Attack,28.361396303901437,10000000.0,2080000.0,5.147159479808351,2.0,4160000.0,4.0,scored,0.9098701762142134,0.6114355286248341,0.7352696985041011,0.5988501786427671,0.8109925031778923,0.6099871347005447,0.5121482657094826,0.12499400450055997,0.20945980764574135,,,14.230918004719394,15.302759106643778,3.333743801990666,0,7,1,7
6a7b734b129b549753d00bc4b66d7efd15df05830c281d26e20f9f45fedefbae,La Liga,Attack,28.361396303901437,10000000.0,2080000.0,5.147159479808351,2.0,4160000.0,5.0,scored,0.9268053028465214,0.6454251844081865,0.790674613980904,0.675747155897163,0.835494280232755,0.555106755601379,0.4651939529029443,0.10230202560039335,0.17274260363382907,,,14.230918004719394,15.302759106643778,3.333743801990666,0,7,1,7
6a7b734b129b549753d00bc4b66d7efd15df05830c281d26e20f9f45fedefbae,La Liga,Attack,28.361396303901437,10000000.0,2080000.0,5.147159479808351,2.0,4160000.0,6.0,scored,0.940680417663142,0.6747114222163361,0.835165791398567,0.740246050258598,0.8567015356459063,0.49892680234904396,0.41943575127961624,0.08386064274753174,0.14148025491100183,,,14.230918004719394,15.302759106643778,3.333743801990666,0,7,1,7
6a7b734b129b549753d00bc4b66d7efd15df05830c281d26e20f9f45fedefbae,La Liga,Attack,28.361396303901437,10000000.0,2080000.0,5.147159479808351,3.0,6240000.0,2.0,scored,0.912988357901068,0.5577003695324283,0.6446616154473345,0.48145618005531055,0.796089706216039,0.6446167854381197,0.5610103200368581,0.09873653702456521,0.21680771197536963,,,14.230918004719394,15.302759106643778,3.333743801990666,0,7,1,7
6a7b734b129b549753d00bc4b66d7efd15df05830c281d26e20f9f45fedefbae,La Liga,Attack,28.361396303901437,10000000.0,2080000.0,5.147159479808351,3.0,6240000.0,3.0,scored,0.9296542333807294,0.6136561401003359,0.721109594650928,0.5798141989701125,0.8254017271029557,0.5881617525144271,0.5112386134118709,0.07825975191424338,0.17567057059992894,,,14.230918004719394,15.302759106643778,3.333743801990666,0,7,1,7
6a7b734b129b549753d00bc4b66d7efd15df05830c281d26e20f9f45fedefbae,La Liga,Attack,28.361396303901437,10000000.0,2080000.0,5.147159479808351,3.0,6240000.0,4.0,scored,0.9430902483686566,0.6560412156263257,0.7810662100440684,0.6621378064350597,0.8495650230378982,0.5295123735319276,0.4629728817685744,0.06289038137968175,0.1414213186642048,,,14.230918004719394,15.302759106643778,3.333743801990666,0,7,1,7
6a7b734b129b549753d00bc4b66d7efd15df05830c281d26e20f9f45fedefbae,La Liga,Attack,28.361396303901437,10000000.0,2080000.0,5.147159479808351,3.0,6240000.0,5.0,scored,0.9539809126599211,0.6909903084511912,0.8284863141217048,0.7304081041694039,0.8700269823313793,0.47015987928679587,0.4163175004535782,0.05089359467226746,0.1131553056642683,,,14.230918004719394,15.302759106643778,3.333743801990666,0,7,1,7
6a7b734b129b549753d00bc4b66d7efd15df05830c281d26e20f9f45fedefbae,La Liga,Attack,28.361396303901437,10000000.0,2080000.0,5.147159479808351,3.0,6240000.0,6.0,scored,0.9628149081035665,0.7212359831469847,0.8659465797004389,0.7862828894146442,0.8875569281039299,0.4117153510667103,0.3716777700036861,0.041354928973551364,0.09006102243611319,,,14.230918004719394,15.302759106643778,3.333743801990666,0,7,1,7
d81239a13375877d5dec577b6b0773f870cffda45de872ec331e6b669515e6b5,Ligue 1,Attack,25.93839835728953,700000.0,420000.0,2.026009582477755,0.5,210000.0,2.0,scored,0.2147394380995489,0.16521767486804712,0.2755416348478257,0.11918673548566361,0.4488867272985627,0.5717128506595464,0.5244117024562319,0.3689156353609517,0.33719412188761133,,,12.479158209687453,13.24419180540998,3.089943607480153,0,0,2,0
d81239a13375877d5dec577b6b0773f870cffda45de872ec331e6b669515e6b5,Ligue 1,Attack,25.93839835728953,700000.0,420000.0,2.026009582477755,0.5,210000.0,3.0,scored,0.25698271989838295,0.21967885009063803,0.37225442070768433,0.1948394932215487,0.5037000648274049,0.5170107526506535,0.4749517682393805,0.31126913171434284,0.28688669010602785,,,12.479158209687453,13.24419180540998,3.089943607480153,0,0,2,0
d81239a13375877d5dec577b6b0773f870cffda45de872ec331e6b669515e6b5,Ligue 1,Attack,25.93839835728953,700000.0,420000.0,2.026009582477755,0.5,210000.0,4.0,scored,0.3033841152963472,0.26056937445382417,0.46594384663183464,0.2816791051884685,0.5534201179975549,0.46212248812675916,0.4276809750827756,0.26273462426678035,0.24208811735078237,,,12.479158209687453,13.24419180540998,3.089943607480153,0,0,2,0
d81239a13375877d5dec577b6b0773f870cffda45de872ec331e6b669515e6b5,Ligue 1,Attack,25.93839835728953,700000.0,420000.0,2.026009582477755,0.5,210000.0,5.0,scored,0.3536184503435232,0.2940239337889054,0.553264416049886,0.3738770566501982,0.5991039399498341,0.4082569003162496,0.38259506484499967,0.22121258143889044,0.20265596720563397,,,12.479158209687453,13.24419180540998,3.089943607480153,0,0,2,0
d81239a13375877d5dec577b6b0773f870cffda45de872ec331e6b669515e6b5,Ligue 1,Attack,25.93839835728953,700000.0,420000.0,2.026009582477755,0.5,210000.0,6.0,scored,0.406938812173648,0.32277508383142656,0.6317474935963553,0.4655859434873919,0.6411200682734681,0.356580276637348,0.33998414234362623,0.18564000524196886,0.16841599998694018,,,12.479158209687453,13.24419180540998,3.089943607480153,0,0,2,0
d81239a13375877d5dec577b6b0773f870cffda45de872ec331e6b669515e6b5,Ligue 1,Attack,25.93839835728953,700000.0,420000.0,2.026009582477755,0.75,315000.0,2.0,scored,0.2356059932057028,0.18741732342048045,0.28873110287834114,0.1286248657902911,0.4632842500932536,0.5505091192160251,0.5038641571942785,0.35214128616608187,0.3402330188283809,,,12.479158209687453,13.24419180540998,3.089943607480153,0,0,2,0
d81239a13375877d5dec577b6b0773f870cffda45de872ec331e6b669515e6b5,Ligue 1,Attack,25.93839835728953,700000.0,420000.0,2.026009582477755,0.75,315000.0,3.0,scored,0.28009837811969285,0.2425704305035958,0.3866078322639077,0.20730317118783514,0.5185382911994368,0.49336924350973377,0.4542262111082943,0.296121782748643,0.28711811624635497,,,12.479158209687453,13.24419180540998,3.089943607480153,0,0,2,0
d81239a13375877d5dec577b6b0773f870cffda45de872ec331e6b669515e6b5,Ligue 1,Attack,25.93839835728953,700000.0,420000.0,2.026009582477755,0.75,315000.0,4.0,scored,0.3284004250719195,0.28415287148692847,0.4804126025041848,0.2962211346857746,0.5684229722510359,0.4366243101662963,0.40716050813189697,0.24930571648315983,0.24001982086104984,,,12.479158209687453,13.24419180540998,3.089943607480153,0,0,2,0
d81239a13375877d5dec577b6b0773f870cffda45de872ec331e6b669515e6b5,Ligue 1,Attack,25.93839835728953,700000.0,420000.0,2.026009582477755,0.75,315000.0,5.0,scored,0.38005928976896103,0.31829934134599797,0.5670590779868766,0.38939996970191637,0.6140362181029314,0.3816082737790477,0.3626201509637869,0.2094899856196745,0.19884666162456285,,,12.479158209687453,13.24419180540998,3.089943607480153,0,0,2,0
d81239a13375877d5dec577b6b0773f870cffda45de872ec331e6b669515e6b5,Ligue 1,Attack,25.93839835728953,700000.0,420000.0,2.026009582477755,0.75,315000.0,6.0,scored,0.43421095255555847,0.3477423988644262,0.6443513222017704,0.4810723083806159,0.6557831295943395,0.32953956769129733,0.32084491081158384,0.17554098970519505,0.1634097475144835,,,12.479158209687453,13.24419180540998,3.089943607480153,0,0,2,0
d81239a13375877d5dec577b6b0773f870cffda45de872ec331e6b669515e6b5,Ligue 1,Attack,25.93839835728953,700000.0,420000.0,2.026009582477755,1.0,420000.0,2.0,scored,0.24397135871711137,0.19477256243970364,0.30006024070780846,0.13695862927505797,0.47512091518699506,0.5322959200315727,0.484576341078152,0.3189250627121615,0.3259892828575206,,,12.479158209687453,13.24419180540998,3.089943607480153,0,0,2,0
d81239a13375877d5dec577b6b0773f870cffda45de872ec331e6b669515e6b5,Ligue 1,Attack,25.93839835728953,700000.0,420000.0,2.026009582477755,1.0,420000.0,3.0,scored,0.289048325577744,0.2506175861429656,0.39883998029144485,0.2181686208286162,0.5308148236298615,0.4729345844001165,0.4349101721123642,0.2662400001680015,0.2717060382973673,,,12.479158209687453,13.24419180540998,3.089943607480153,0,0,2,0
d81239a13375877d5dec577b6b0773f870cffda45de872ec331e6b669515e6b5,Ligue 1,Attack,25.93839835728953,700000.0,420000.0,2.026009582477755,1.0,420000.0,4.0,scored,0.3377367324102447,0.2928919361262463,0.4926680391876448,0.30876952935595303,0.5809005989430646,0.414547999377083,0.38816860369452744,0.22284885189928563,0.22416295490779392,,,12.479158209687453,13.24419180540998,3.089943607480153,0,0,2,0
d81239a13375877d5dec577b6b0773f870cffda45de872ec331e6b669515e6b5,Ligue 1,Attack,25.93839835728953,700000.0,420000.0,2.026009582477755,1.0,420000.0,5.0,scored,0.3895520883133174,0.3277303119371816,0.5786883729370215,0.40268543759973996,0.6265076035637418,0.3585810340918022,0.3442581333446687,0.1863811588965131,0.18317944189653615,,,12.479158209687453,13.24419180540998,3.089943607480153,0,0,2,0
d81239a13375877d5dec577b6b0773f870cffda45de872ec331e6b669515e6b5,Ligue 1,Attack,25.93839835728953,700000.0,420000.0,2.026009582477755,1.0,420000.0,6.0,scored,0.44361076793885684,0.35786527388343387,0.6549384923628093,0.49424070160639744,0.6680709709179515,0.30628444455270015,0.30336561840336507,0.15558867547595848,0.14843295846788254,,,12.479158209687453,13.24419180540998,3.089943607480153,0,0,2,0
d81239a13375877d5dec577b6b0773f870cffda45de872ec331e6b669515e6b5,Ligue 1,Attack,25.93839835728953,700000.0,420000.0,2.026009582477755,1.5,630000.0,2.0,scored,0.26878459912181163,0.21496953292495602,0.3158184709855085,0.1488943381695601,0.4915375041043215,0.4882686040039532,0.44407962207559504,0.27544766107672425,0.3042182680589155,,,12.479158209687453,13.24419180540998,3.089943607480153,0,0,2,0
d81239a13375877d5dec577b6b0773f870cffda45de872ec331e6b669515e6b5,Ligue 1,Attack,25.93839835728953,700000.0,420000.0,2.026009582477755,1.5,630000.0,3.0,scored,0.3156918340331258,0.2721983746281133,0.41581206832087436,0.23361203846206713,0.5482283366525862,0.4251607131088296,0.39487118088906636,0.2279416338777081,0.2475418057987113,,,12.479158209687453,13.24419180540998,3.089943607480153,0,0,2,0
d81239a13375877d5dec577b6b0773f870cffda45de872ec331e6b669515e6b5,Ligue 1,Attack,25.93839835728953,700000.0,420000.0,2.026009582477755,1.5,630000.0,4.0,scored,0.36565803203139013,0.3158565349910838,0.5096555684723327,0.32651046613281687,0.5989255826429094,0.36461044444877894,0.3492850987931153,0.18952887580917818,0.19905293810943286,,,12.479158209687453,13.24419180540998,3.089943607480153,0,0,2,0
d81239a13375877d5dec577b6b0773f870cffda45de872ec331e6b669515e6b5,Ligue 1,Attack,25.93839835728953,700000.0,420000.0,2.026009582477755,1.5,630000.0,5.0,scored,0.41810669435316583,0.3520787181336252,0.5948096490074064,0.4214020892241471,0.644793881761447,0.3081677554335603,0.3071087391772979,0.15770848245018765,0.1583600761369332,,,12.479158209687453,13.24419180540998,3.089943607480153,0,0,2,0
d81239a13375877d5dec577b6b0773f870cffda45de872ec331e6b669515e6b5,Ligue 1,Attack,25.93839835728953,700000.0,420000.0,2.026009582477755,1.5,630000.0,6.0,scored,0.4720946363055605,0.38359748588744114,0.6696294767666496,0.5127540753088602,0.6863089687262985,0.2626954095345715,0.2626954095345715,0.13114757135470828,0.12484310761303766,0.2684016135058243,,12.479158209687453,13.24419180540998,3.089943607480153,0,0,2,0
d81239a13375877d5dec577b6b0773f870cffda45de872ec331e6b669515e6b5,Ligue 1,Attack,25.93839835728953,700000.0,420000.0,2.026009582477755,2.0,840000.0,2.0,scored,0.2908591593443509,0.2302976303166486,0.32794427886039446,0.158347741227569,0.5039101816402852,0.4432127160591289,0.40411905606340864,0.23566175075869344,0.2781855401504811,,,12.479158209687453,13.24419180540998,3.089943607480153,0,0,2,0
d81239a13375877d5dec577b6b0773f870cffda45de872ec331e6b669515e6b5,Ligue 1,Attack,25.93839835728953,700000.0,420000.0,2.026009582477755,2.0,840000.0,3.0,scored,0.3389625300107358,0.2889102823994957,0.4288383088221017,0.24575200127087538,0.5616491040950471,0.3775923283962298,0.3560106568378473,0.1935394534849261,0.22048743968343798,,,12.479158209687453,13.24419180540998,3.089943607480153,0,0,2,0
d81239a13375877d5dec577b6b0773f870cffda45de872ec331e6b669515e6b5,Ligue 1,Attack,25.93839835728953,700000.0,420000.0,2.026009582477755,2.0,840000.0,4.0,scored,0.3895912559365712,0.33395224933205125,0.5226759541944254,0.3403793967375728,0.613049861160316,0.3163658990934586,0.3121359390267276,0.16002744792010778,0.17247899617002982,,,12.479158209687453,13.24419180540998,3.089943607480153,0,0,2,0
d81239a13375877d5dec577b6b0773f870cffda45de872ec331e6b669515e6b5,Ligue 1,Attack,25.93839835728953,700000.0,420000.0,2.026009582477755,2.0,840000.0,5.0,scored,0.4421222525429281,0.37155823752013456,0.6071601781644987,0.43597490940733286,0.6592999165872415,0.26657275808893494,0.26657275808893494,0.13261026213925659,0.13339267770526397,0.272144355386434,,12.479158209687453,13.24419180540998,3.089943607480153,0,0,2,0
d81239a13375877d5dec577b6b0773f870cffda45de872ec331e6b669515e6b5,Ligue 1,Attack,25.93839835728953,700000.0,420000.0,2.026009582477755,2.0,840000.0,6.0,scored,0.49559950474307013,0.40446080955747116,0.6808868352445764,0.5271288137271144,0.7009078133390868,0.22416270986614795,0.22416270986614795,0.10994601542983991,0.10219904374610574,0.23595676714294123,,12.479158209687453,13.24419180540998,3.089943607480153,0,0,2,0
d81239a13375877d5dec577b6b0773f870cffda45de872ec331e6b669515e6b5,Ligue 1,Attack,25.93839835728953,700000.0,420000.0,2.026009582477755,3.0,1260000.0,2.0,scored,0.32324478850003935,0.24733199890789542,0.347581873679887,0.17414651047362129,0.5232597377603928,0.3576703990696653,0.3289366435771434,0.1620696229598582,0.21845519899361399,,,12.479158209687453,13.24419180540998,3.089943607480153,0,0,2,0
d81239a13375877d5dec577b6b0773f870cffda45de872ec331e6b669515e6b5,Ligue 1,Attack,25.93839835728953,700000.0,420000.0,2.026009582477755,3.0,1260000.0,3.0,scored,0.372074010674556,0.30871226412991226,0.44985782416647435,0.2658610391568932,0.5831220300235517,0.29089282558171947,0.2846222813552605,0.13136278911525848,0.1633124457307877,,,12.479158209687453,13.24419180540998,3.089943607480153,0,0,2,0
d81239a13375877d5dec577b6b0773f870cffda45de872ec331e6b669515e6b5,Ligue 1,Attack,25.93839835728953,700000.0,420000.0,2.026009582477755,3.0,1260000.0,4.0,scored,0.4225868465835976,0.35652184039153045,0.5436324726797963,0.3631912706668169,0.635988293159662,0.23881594247565213,0.23881594247565213,0.10761804079628044,0.1203772908116803,0.2453926820537022,,12.479158209687453,13.24419180540998,3.089943607480153,0,0,2,0
d81239a13375877d5dec577b6b0773f870cffda45de872ec331e6b669515e6b5,Ligue 1,Attack,25.93839835728953,700000.0,420000.0,2.026009582477755,3.0,1260000.0,5.0,scored,0.474170605604623,0.3968954363846336,0.6270031902643952,0.4598104100266238,0.683082165619275,0.19653031536431048,0.19653031536431048,0.0886000819781825,0.0877247567466144,0.21061628494300674,,12.479158209687453,13.24419180540998,3.089943607480153,0,0,2,0
d81239a13375877d5dec577b6b0773f870cffda45de872ec331e6b669515e6b5,Ligue 1,Attack,25.93839835728953,700000.0,420000.0,2.026009582477755,3.0,1260000.0,6.0,scored,0.5259310942533456,0.4325656154649681,0.6989527687684459,0.550537255094493,0.7249750829974108,0.16067467068692223,0.16067467068692223,0.07313094468213097,0.06337457546536217,0.17995100746367057,,12.479158209687453,13.24419180540998,3.089943607480153,0,0,2,0
d8b25e2c9d10e4c225da997b9c531b37f518d4d31a1d94636b32aff749ee2c28,Ligue 1,Midfield,25.240246406570844,7500000.0,1200000.0,3.9315537303216974,0.5,600000.0,2.0,scored,0.5418825199526756,0.3867069349974092,0.3796034053286137,0.20118216043495796,0.547644919183492,0.7301398371609799,0.5435924101084452,0.2923419398018394,0.3322986081646989,,,13.86448784542193,15.033202996269521,3.6837526867446964,0,0,1,0
d8b25e2c9d10e4c225da997b9c531b37f518d4d31a1d94636b32aff749ee2c28,Ligue 1,Midfield,25.240246406570844,7500000.0,1200000.0,3.9315537303216974,0.5,600000.0,3.0,scored,0.6000408719279852,0.44015338096728684,0.4790152081809803,0.29480375268090464,0.5972765992469564,0.6871855408357984,0.4945936493124457,0.24176803487117782,0.2861214203512831,,,13.86448784542193,15.033202996269521,3.6837526867446964,0,0,1,0
d8b25e2c9d10e4c225da997b9c531b37f518d4d31a1d94636b32aff749ee2c28,Ligue 1,Midfield,25.240246406570844,7500000.0,1200000.0,3.9315537303216974,0.5,600000.0,4.0,scored,0.6545145973507306,0.48002914635899857,0.5683179715462283,0.3908293718889302,0.6409344597269484,0.6409660561896211,0.44741844978552536,0.2006440357207615,0.24475788491054112,,,13.86448784542193,15.033202996269521,3.6837526867446964,0,0,1,0
d8b25e2c9d10e4c225da997b9c531b37f518d4d31a1d94636b32aff749ee2c28,Ligue 1,Midfield,25.240246406570844,7500000.0,1200000.0,3.9315537303216974,0.5,600000.0,5.0,scored,0.7047121059462207,0.5124689348350896,0.6467396286620499,0.48403017319758457,0.6800644392774434,0.5920919402692905,0.4020876757654256,0.16648629602787376,0.20799726945918418,,,13.86448784542193,15.033202996269521,3.6837526867446964,0,0,1,0
d8b25e2c9d10e4c225da997b9c531b37f518d4d31a1d94636b32aff749ee2c28,Ligue 1,Midfield,25.240246406570844,7500000.0,1200000.0,3.9315537303216974,0.5,600000.0,6.0,scored,0.7501115581391237,0.5402053080748594,0.7139769186273387,0.5703214262927292,0.7153222058311618,0.5414034324990767,0.35892587095032347,0.137956306817336,0.1756765381418761,,,13.86448784542193,15.033202996269521,3.6837526867446964,0,0,1,0
d8b25e2c9d10e4c225da997b9c531b37f518d4d31a1d94636b32aff749ee2c28,Ligue 1,Midfield,25.240246406570844,7500000.0,1200000.0,3.9315537303216974,0.75,900000.0,2.0,scored,0.5997755933901521,0.42310740595776175,0.4034818378031775,0.2223501068328455,0.5718292318612656,0.717544783438774,0.5344541287961077,0.2892795640938428,0.34990110684893694,,,13.86448784542193,15.033202996269521,3.6837526867446964,0,0,1,0
d8b25e2c9d10e4c225da997b9c531b37f518d4d31a1d94636b32aff749ee2c28,Ligue 1,Midfield,25.240246406570844,7500000.0,1200000.0,3.9315537303216974,0.75,900000.0,3.0,scored,0.6551437679511726,0.47673836963053423,0.5024757294816441,0.31896316218652654,0.620232206118885,0.6729848366565716,0.48533211115398994,0.23911112997652664,0.30168647288759315,,,13.86448784542193,15.033202996269521,3.6837526867446964,0,0,1,0
d8b25e2c9d10e4c225da997b9c531b37f518d4d31a1d94636b32aff749ee2c28,Ligue 1,Midfield,25.240246406570844,7500000.0,1200000.0,3.9315537303216974,0.75,900000.0,4.0,scored,0.7056853984019987,0.5167986473909938,0.5900894822052698,0.41588612109809064,0.6625186317434966,0.6252800546129765,0.43820434583006246,0.19836863072467031,0.25825299528490026,,,13.86448784542193,15.033202996269521,3.6837526867446964,0,0,1,0
d8b25e2c9d10e4c225da997b9c531b37f518d4d31a1d94636b32aff749ee2c28,Ligue 1,Midfield,25.240246406570844,7500000.0,1200000.0,3.9315537303216974,0.75,900000.0,5.0,scored,0.7511771679980652,0.5494229461021729,0.6661317728924451,0.5083210221963554,0.7001931944069192,0.5751318013002308,0.39307518745756,0.1645598352437678,0.21948742634335716,,,13.86448784542193,15.033202996269521,3.6837526867446964,0,0,1,0
d8b25e2c9d10e4c225da997b9c531b37f518d4d31a1d94636b32aff749ee2c28,Ligue 1,Midfield,25.240246406570844,7500000.0,1200000.0,3.9315537303216974,0.75,900000.0,6.0,scored,0.7914609577635051,0.5773438285102006,0.7307248230276261,0.5927127678654397,0.7339594467421561,0.5234659782666105,0.3502493822064718,0.1363413647446544,0.18529892305017953,,,13.86448784542193,15.033202996269521,3.6837526867446964,0,0,1,0
d8b25e2c9d10e4c225da997b9c531b37f518d4d31a1d94636b32aff749ee2c28,Ligue 1,Midfield,25.240246406570844,7500000.0,1200000.0,3.9315537303216974,1.0,1200000.0,2.0,scored,0.6406224585379983,0.44697397990330157,0.4244307094227451,0.24161654766020635,0.5924260893889464,0.7064746492596905,0.5262246245134632,0.2750061231234224,0.3532512348168655,,,13.86448784542193,15.033202996269521,3.6837526867446964,0,0,1,0
d8b25e2c9d10e4c225da997b9c531b37f518d4d31a1d94636b32aff749ee2c28,Ligue 1,Midfield,25.240246406570844,7500000.0,1200000.0,3.9315537303216974,1.0,1200000.0,3.0,scored,0.6931205241566921,0.5007894559448218,0.522748817390369,0.34045766683198553,0.639668839209078,0.6604865493265542,0.47701302385090527,0.22657675105350045,0.3040891351183453,,,13.86448784542193,15.033202996269521,3.6837526867446964,0,0,1,0
d8b25e2c9d10e4c225da997b9c531b37f518d4d31a1d94636b32aff749ee2c28,Ligue 1,Midfield,25.240246406570844,7500000.0,1200000.0,3.9315537303216974,1.0,1200000.0,4.0,scored,0.7402036047927192,0.5410342434069544,0.6086844012841933,0.437787402227797,0.6807063846594249,0.6114726387966931,0.42994852969003966,0.18748963145550523,0.2598004946757745,,,13.86448784542193,15.033202996269521,3.6837526867446964,0,0,1,0
d8b25e2c9d10e4c225da997b9c531b37f518d4d31a1d94636b32aff749ee2c28,Ligue 1,Midfield,25.240246406570844,7500000.0,1200000.0,3.9315537303216974,1.0,1200000.0,5.0,scored,0.7819203110907991,0.5738430507529764,0.6825433391512681,0.5292577814625657,0.7170852970881488,0.5602175758544762,0.3850195732099128,0.15521546495465657,0.22030162557053817,,,13.86448784542193,15.033202996269521,3.6837526867446964,0,0,1,0
d8b25e2c9d10e4c225da997b9c531b37f518d4d31a1d94636b32aff749ee2c28,Ligue 1,Midfield,25.240246406570844,7500000.0,1200000.0,3.9315537303216974,1.0,1200000.0,6.0,scored,0.8183534005031172,0.6019484412624315,0.7447968209263618,0.6117999380959763,0.7495447742831594,0.5077235815797512,0.34251209216997625,0.12838679339753167,0.185514898687448,,,13.86448784542193,15.033202996269521,3.6837526867446964,0,0,1,0
d8b25e2c9d10e4c225da997b9c531b37f518d4d31a1d94636b32aff749ee2c28,Ligue 1,Midfield,25.240246406570844,7500000.0,1200000.0,3.9315537303216974,1.5,1800000.0,2.0,scored,0.7013358663416658,0.4807564432037257,0.4605665357324855,0.27635026792381323,0.6268528102135834,0.6849497725889094,0.5104674145398261,0.2396853252561476,0.3446786850760123,,,13.86448784542193,15.033202996269521,3.6837526867446964,0,0,1,0
d8b25e2c9d10e4c225da997b9c531b37f518d4d31a1d94636b32aff749ee2c28,Ligue 1,Midfield,25.240246406570844,7500000.0,1200000.0,3.9315537303216974,1.5,1800000.0,3.0,scored,0.7482535417441987,0.534940938648592,0.5570838031337332,0.378149193685144,0.6719268783361062,0.636274652045247,0.46115351403673355,0.19589085083606797,0.2947825714503673,,,13.86448784542193,15.033202996269521,3.6837526867446964,0,0,1,0
d8b25e2c9d10e4c225da997b9c531b37f518d4d31a1d94636b32aff749ee2c28,Ligue 1,Midfield,25.240246406570844,7500000.0,1200000.0,3.9315537303216974,1.5,1800000.0,4.0,scored,0.7892761612307285,0.5755547428469949,0.6397377934263467,0.4753795931669913,0.7107154545540293,0.5848590170570879,0.41427606513208237,0.16107666403125,0.25011371225662266,,,13.86448784542193,15.033202996269521,3.6837526867446964,0,0,1,0
d8b25e2c9d10e4c225da997b9c531b37f518d4d31a1d94636b32aff749ee2c28,Ligue 1,Midfield,25.240246406570844,7500000.0,1200000.0,3.9315537303216974,1.5,1800000.0,5.0,scored,0.8248275193073937,0.6087325658624566,0.7096518466508516,0.564596659102979,0.7448175515513608,0.5316499011080192,0.36978972348842737,0.1326762700812249,0.21056178468135534,,,13.86448784542193,15.033202996269521,3.6837526867446964,0,0,1,0
d8b25e2c9d10e4c225da997b9c531b37f518d4d31a1d94636b32aff749ee2c28,Ligue 1,Midfield,25.240246406570844,7500000.0,1200000.0,3.9315537303216974,1.5,1800000.0,6.0,scored,0.8552904274089413,0.6372069715079367,0.7678423372816003,0.6435946764273839,0.7750210019330556,0.47778930518101465,0.3279415252901979,0.10929816457809147,0.17599998466342387,,,13.86448784542193,15.033202996269521,3.6837526867446964,0,0,1,0
d8b25e2c9d10e4c225da997b9c531b37f518d4d31a1d94636b32aff749ee2c28,Ligue 1,Midfield,25.240246406570844,7500000.0,1200000.0,3.9315537303216974,2.0,2400000.0,2.0,scored,0.7388350064955146,0.49807036592198684,0.4927635518833955,0.30886815261916833,0.656145518164204,0.6664329189125735,0.49621192678370274,0.1955994545075493,0.31903898717794754,,,13.86448784542193,15.033202996269521,3.6837526867446964,0,0,1,0
d8b25e2c9d10e4c225da997b9c531b37f518d4d31a1d94636b32aff749ee2c28,Ligue 1,Midfield,25.240246406570844,7500000.0,1200000.0,3.9315537303216974,2.0,2400000.0,3.0,scored,0.7815197131636497,0.5526238781031234,0.5870386074347043,0.4123366761775571,0.6991411908780225,0.6154290306968635,0.44687725575401277,0.1582643387918462,0.2700084713424014,,,13.86448784542193,15.033202996269521,3.6837526867446964,0,0,1,0
d8b25e2c9d10e4c225da997b9c531b37f518d4d31a1d94636b32aff749ee2c28,Ligue 1,Midfield,25.240246406570844,7500000.0,1200000.0,3.9315537303216974,2.0,2400000.0,4.0,scored,0.8182838077214049,0.5936066977042589,0.6663965004791235,0.5086559905795982,0.7358524150233582,0.5619772730508288,0.4002364158495011,0.12913147702588193,0.22671566673457502,,,13.86448784542193,15.033202996269521,3.6837526867446964,0,0,1,0
d8b25e2c9d10e4c225da997b9c531b37f518d4d31a1d94636b32aff749ee2c28,Ligue 1,Midfield,25.240246406570844,7500000.0,1200000.0,3.9315537303216974,2.0,2400000.0,5.0,scored,0.8497406884555263,0.6271535355890376,0.7326332873607496,0.5952867940658615,0.7679045099803055,0.5071707645175588,0.35621025443080245,0.10571097572820115,0.18890829382734795,,,13.86448784542193,15.033202996269521,3.6837526867446964,0,0,1,0
d8b25e2c9d10e4c225da997b9c531b37f518d4d31a1d94636b32aff749ee2c28,Ligue 1,Midfield,25.240246406570844,7500000.0,1200000.0,3.9315537303216974,2.0,2400000.0,6.0,scored,0.8764082194379246,0.6559969558371268,0.7871877829588844,0.6707952016564491,0.7961153297453737,0.45226893694692005,0.31500782177501724,0.08665734894977958,0.15631626582577224,,,13.86448784542193,15.033202996269521,3.6837526867446964,0,0,1,0
d8b25e2c9d10e4c225da997b9c531b37f518d4d31a1d94636b32aff749ee2c28,Ligue 1,Midfield,25.240246406570844,7500000.0,1200000.0,3.9315537303216974,3.0,3600000.0,2.0,scored,0.7980408398167751,0.5273008303379563,0.5456713936652533,0.3654427462756211,0.7023477492882554,0.6264482290137516,0.467235673918274,0.13150578976777255,0.26955573926315723,,,13.86448784542193,15.033202996269521,3.6837526867446964,0,0,1,0
d8b25e2c9d10e4c225da997b9c531b37f518d4d31a1d94636b32aff749ee2c28,Ligue 1,Midfield,25.240246406570844,7500000.0,1200000.0,3.9315537303216974,3.0,3600000.0,3.0,scored,0.8329467246989937,0.5825923733245577,0.6350767365439862,0.46965643125065815,0.7416629285045802,0.571031582726743,0.41811299839212557,0.10492336024921901,0.22330119737252108,,,13.86448784542193,15.033202996269521,3.6837526867446964,0,0,1,0
d8b25e2c9d10e4c225da997b9c531b37f518d4d31a1d94636b32aff749ee2c28,Ligue 1,Midfield,25.240246406570844,7500000.0,1200000.0,3.9315537303216974,3.0,3600000.0,4.0,scored,0.862334424497594,0.6243132223976191,0.7083687721731144,0.5629029188738973,0.7748221172823694,0.5140004521303108,0.3721873387495031,0.08471538332217227,0.1835966663214806,,,13.86448784542193,15.033202996269521,3.6837526867446964,0,0,1,0
d8b25e2c9d10e4c225da997b9c531b37f518d4d31a1d94636b32aff749ee2c28,Ligue 1,Midfield,25.240246406570844,7500000.0,1200000.0,3.9315537303216974,3.0,3600000.0,5.0,scored,0.8870104710135421,0.6585980892209089,0.7683055737996699,0.6442405749223792,0.8034559214072093,0.45672523478106203,0.3293003532060643,0.06879192630312848,0.14987242195078573,,,13.86448784542193,15.033202996269521,3.6837526867446964,0,0,1,0
d8b25e2c9d10e4c225da997b9c531b37f518d4d31a1d94636b32aff749ee2c28,Ligue 1,Midfield,25.240246406570844,7500000.0,1200000.0,3.9315537303216974,3.0,3600000.0,6.0,scored,0.9076087576957592,0.6881795381408014,0.8168866676800252,0.713452959528289,0.8284075881657236,0.4006470570960025,0.28957565896265564,0.05603971345631834,0.1215701594913364,,,13.86448784542193,15.033202996269521,3.6837526867446964,0,0,1,0
01fe3969f13ef04fb137f7f64287469df224b4b4a3f73bbb3262b974e4a3c9b9,Premier League,Goalkeeper,33.20739219712526,4000000.0,1228165.0,2.6584531143052703,0.5,614082.5,2.0,scored,0.3472181470778395,0.2528322622368643,0.46162370428846033,0.27739465467324775,0.5324923312247728,0.8951896010581215,0.8223499528935573,0.6647638254488637,0.49084253172089587,,,14.755837859270647,15.369957543229742,1.7893166607658686,0,0,1,0
01fe3969f13ef04fb137f7f64287469df224b4b4a3f73bbb3262b974e4a3c9b9,Premier League,Goalkeeper,33.20739219712526,4000000.0,1228165.0,2.6584531143052703,0.5,614082.5,3.0,scored,0.40262863247236924,0.3066178357532084,0.5579387632846264,0.3791082066061492,0.583311240322642,0.8735135752903312,0.7917306148998501,0.6049599361972974,0.4355556836416491,,,14.755837859270647,15.369957543229742,1.7893166607658686,0,0,1,0
01fe3969f13ef04fb137f7f64287469df224b4b4a3f73bbb3262b974e4a3c9b9,Premier League,Goalkeeper,33.20739219712526,4000000.0,1228165.0,2.6584531143052703,0.5,614082.5,4.0,scored,0.4595479337252368,0.34683272832440937,0.6403815463692515,0.47617226556048275,0.6403815463692515,0.8482316408520553,0.758667224969153,0.546729218796374,0.38277485080592605,,0.6282066314976593,14.755837859270647,15.369957543229742,1.7893166607658686,0,0,1,0
01fe3969f13ef04fb137f7f64287469df224b4b4a3f73bbb3262b974e4a3c9b9,Premier League,Goalkeeper,33.20739219712526,4000000.0,1228165.0,2.6584531143052703,0.5,614082.5,5.0,scored,0.5169399992380531,0.3796116438331985,0.7101044378030757,0.5651946071712726,0.7101044378030757,0.8190172040736682,0.7229610690342952,0.4898896432392842,0.3331097501959907,,0.6685762490127162,14.755837859270647,15.369957543229742,1.7893166607658686,0,0,1,0
01fe3969f13ef04fb137f7f64287469df224b4b4a3f73bbb3262b974e4a3c9b9,Premier League,Goalkeeper,33.20739219712526,4000000.0,1228165.0,2.6584531143052703,0.5,614082.5,6.0,scored,0.5735153422242327,0.407687144032271,0.7681364885253895,0.6440047855200413,0.7681364885253895,0.7856533373739139,0.684692221106445,0.43498850452903687,0.2871783702430757,,0.7050410486936968,14.755837859270647,15.369957543229742,1.7893166607658686,0,0,1,0
01fe3969f13ef04fb137f7f64287469df224b4b4a3f73bbb3262b974e4a3c9b9,Premier League,Goalkeeper,33.20739219712526,4000000.0,1228165.0,2.6584531143052703,0.75,921123.75,2.0,scored,0.37891917931773655,0.2795525781057736,0.47474190505340497,0.2904864253065922,0.5455799179839598,0.8903157728337499,0.8154826189159827,0.6664315264168553,0.5107223879274999,,,14.755837859270647,15.369957543229742,1.7893166607658686,0,0,1,0
01fe3969f13ef04fb137f7f64287469df224b4b4a3f73bbb3262b974e4a3c9b9,Premier League,Goalkeeper,33.20739219712526,4000000.0,1228165.0,2.6584531143052703,0.75,921123.75,3.0,scored,0.4357666507653272,0.333692232486617,0.5702761994146701,0.39305706861691325,0.5960922662541994,0.8672820265773555,0.7838982615883469,0.6068867166228513,0.4536204229773314,,,14.755837859270647,15.369957543229742,1.7893166607658686,0,0,1,0
01fe3969f13ef04fb137f7f64287469df224b4b4a3f73bbb3262b974e4a3c9b9,Premier League,Goalkeeper,33.20739219712526,4000000.0,1228165.0,2.6584531143052703,0.75,921123.75,4.0,scored,0.49325353533627764,0.3742612007104958,0.6514676115478992,0.4899075535403351,0.6514676115478992,0.8404001747108988,0.7498819252329308,0.5488709275345199,0.39867592674737556,,0.6405432370239215,14.755837859270647,15.369957543229742,1.7893166607658686,0,0,1,0
01fe3969f13ef04fb137f7f64287469df224b4b4a3f73bbb3262b974e4a3c9b9,Premier League,Goalkeeper,33.20739219712526,4000000.0,1228165.0,2.6584531143052703,0.75,921123.75,5.0,scored,0.5503222999051671,0.4073941897872333,0.7197453174571,0.5779935211158557,0.7197453174571,0.8093472615032374,0.7132556060250844,0.49219451450887514,0.34666845393829393,,0.6803652517626355,14.755837859270647,15.369957543229742,1.7893166607658686,0,0,1,0
01fe3969f13ef04fb137f7f64287469df224b4b4a3f73bbb3262b974e4a3c9b9,Premier League,Goalkeeper,33.20739219712526,4000000.0,1228165.0,2.6584531143052703,0.75,921123.75,6.0,scored,0.6057321085176759,0.4358237625118892,0.7763177932302435,0.6554543681849287,0.7763177932302435,0.773932916203281,0.6741304756569819,0.43739836933515364,0.2983736876875782,,0.7162088533427539,14.755837859270647,15.369957543229742,1.7893166607658686,0,0,1,0
01fe3969f13ef04fb137f7f64287469df224b4b4a3f73bbb3262b974e4a3c9b9,Premier League,Goalkeeper,33.20739219712526,4000000.0,1228165.0,2.6584531143052703,1.0,1228165.0,2.0,scored,0.3920983438461266,0.2899698290847996,0.4859254380292868,0.30183964628394344,0.5563755137183073,0.8867920643106683,0.8093329009371345,0.6484442413083704,0.5092577362326438,,,14.755837859270647,15.369957543229742,1.7893166607658686,0,0,1,0
01fe3969f13ef04fb137f7f64287469df224b4b4a3f73bbb3262b974e4a3c9b9,Premier League,Goalkeeper,33.20739219712526,4000000.0,1228165.0,2.6584531143052703,1.0,1228165.0,3.0,scored,0.44924756614389905,0.34446355911832083,0.5807318942874593,0.4050387292723854,0.606654051277581,0.8626187072321166,0.7768893259593236,0.5878148481008141,0.4505921960062052,,,14.755837859270647,15.369957543229742,1.7893166607658686,0,0,1,0
01fe3969f13ef04fb137f7f64287469df224b4b4a3f73bbb3262b974e4a3c9b9,Premier League,Goalkeeper,33.20739219712526,4000000.0,1228165.0,2.6584531143052703,1.0,1228165.0,4.0,scored,0.5066681243839175,0.38538660038896544,0.6608224681527142,0.5016221013241832,0.6608224681527142,0.8343732909858456,0.7420283560201552,0.5293117171175638,0.394227961320746,,0.6507563897699327,14.755837859270647,15.369957543229742,1.7893166607658686,0,0,1,0
01fe3969f13ef04fb137f7f64287469df224b4b4a3f73bbb3262b974e4a3c9b9,Premier League,Goalkeeper,33.20739219712526,4000000.0,1228165.0,2.6584531143052703,1.0,1228165.0,5.0,scored,0.5633198156312739,0.41887366147010396,0.7278551436981114,0.588850953061389,0.7278551436981114,0.8017346315196113,0.7045914636739726,0.47268316761165774,0.34103859591980135,,0.6901421270431973,14.755837859270647,15.369957543229742,1.7893166607658686,0,0,1,0
01fe3969f13ef04fb137f7f64287469df224b4b4a3f73bbb3262b974e4a3c9b9,Premier League,Goalkeeper,33.20739219712526,4000000.0,1228165.0,2.6584531143052703,1.0,1228165.0,6.0,scored,0.6180058232873985,0.44765730567797796,0.7831842921526718,0.6651280404750524,0.7831842921526718,0.7645360504141329,0.6647182303002567,0.41841032649288123,0.29185911497962846,,0.7254857921808627,14.755837859270647,15.369957543229742,1.7893166607658686,0,0,1,0
01fe3969f13ef04fb137f7f64287469df224b4b4a3f73bbb3262b974e4a3c9b9,Premier League,Goalkeeper,33.20739219712526,4000000.0,1228165.0,2.6584531143052703,1.5,1842247.5,2.0,scored,0.41481290048281394,0.3059721418645177,0.5024892332032016,0.3189772897643377,0.5723353449927061,0.8782524663253855,0.7961674666530345,0.6142041825390314,0.49972001795562954,,,14.755837859270647,15.369957543229742,1.7893166607658686,0,0,1,0
01fe3969f13ef04fb137f7f64287469df224b4b4a3f73bbb3262b974e4a3c9b9,Premier League,Goalkeeper,33.20739219712526,4000000.0,1228165.0,2.6584531143052703,1.5,1842247.5,3.0,scored,0.47220588482517295,0.3611740179915707,0.5961451990380903,0.4229681885567528,0.6223807171086039,0.8514646540390296,0.7619444535880048,0.5520368998633289,0.4380298436138497,,,14.755837859270647,15.369957543229742,1.7893166607658686,0,0,1,0
01fe3969f13ef04fb137f7f64287469df224b4b4a3f73bbb3262b974e4a3c9b9,Premier League,Goalkeeper,33.20739219712526,4000000.0,1228165.0,2.6584531143052703,1.5,1842247.5,4.0,scored,0.5292460558636713,0.4028052027498344,0.6745724384402499,0.519045762102065,0.6745724384402499,0.8201241764557928,0.725356161995089,0.49312526234933785,0.3791432738321416,,0.6660642965704113,14.755837859270647,15.369957543229742,1.7893166607658686,0,0,1,0
01fe3969f13ef04fb137f7f64287469df224b4b4a3f73bbb3262b974e4a3c9b9,Premier League,Goalkeeper,33.20739219712526,4000000.0,1228165.0,2.6584531143052703,1.5,1842247.5,5.0,scored,0.5849467506769653,0.4370004062762267,0.7397546545092261,0.6049321572049624,0.7397546545092261,0.7839335209165857,0.6862873512167064,0.4370593549072558,0.3240964144861738,,0.704883745180384,14.755837859270647,15.369957543229742,1.7893166607658686,0,0,1,0
01fe3969f13ef04fb137f7f64287469df224b4b4a3f73bbb3262b974e4a3c9b9,Premier League,Goalkeeper,33.20739219712526,4000000.0,1228165.0,2.6584531143052703,1.5,1842247.5,6.0,scored,0.6382054615288808,0.46649219240817197,0.793251376115106,0.679416294778677,0.793251376115106,0.7428052485866494,0.6449381162394082,0.38417176526156244,0.27379747000567256,,0.7395492130856558,14.755837859270647,15.369957543229742,1.7893166607658686,0,0,1,0
01fe3969f13ef04fb137f7f64287469df224b4b4a3f73bbb3262b974e4a3c9b9,Premier League,Goalkeeper,33.20739219712526,4000000.0,1228165.0,2.6584531143052703,2.0,2456330.0,2.0,scored,0.43428924458232987,0.31811882025674953,0.5150522516950713,0.3322304227197592,0.5844064456855983,0.8683854060631577,0.7820980590005567,0.5801223428484056,0.4850208933360681,,,14.755837859270647,15.369957543229742,1.7893166607658686,0,0,1,0
01fe3969f13ef04fb137f7f64287469df224b4b4a3f73bbb3262b974e4a3c9b9,Premier League,Goalkeeper,33.20739219712526,4000000.0,1228165.0,2.6584531143052703,2.0,2456330.0,3.0,scored,0.4916168965180803,0.37402883987142166,0.6077858360680969,0.43671852357690866,0.6343822701100006,0.8386517299777659,0.7460592429226545,0.517071787883952,0.4205040750122737,,,14.755837859270647,15.369957543229742,1.7893166607658686,0,0,1,0
01fe3969f13ef04fb137f7f64287469df224b4b4a3f73bbb3262b974e4a3c9b9,Premier League,Goalkeeper,33.20739219712526,4000000.0,1228165.0,2.6584531143052703,2.0,2456330.0,4.0,scored,0.5480753376142466,0.4163681668143481,0.6849304493103516,0.5323319275489137,0.6849304493103516,0.8038615803562594,0.7077398546868953,0.45836220061327243,0.3595178877401681,,0.6778372294233845,14.755837859270647,15.369957543229742,1.7893166607658686,0,0,1,0
01fe3969f13ef04fb137f7f64287469df224b4b4a3f73bbb3262b974e4a3c9b9,Premier League,Goalkeeper,33.20739219712526,4000000.0,1228165.0,2.6584531143052703,2.0,2456330.0,5.0,scored,0.6027452971503128,0.45127151200421955,0.7487065148180838,0.6171471660819289,0.7487065148180838,0.7637730475714063,0.6670724603877979,0.40338294457963475,0.3032204868888148,,0.7162971371545316,14.755837859270647,15.369957543229742,1.7893166607658686,0,0,1,0
01fe3969f13ef04fb137f7f64287469df224b4b4a3f73bbb3262b974e4a3c9b9,Premier League,Goalkeeper,33.20739219712526,4000000.0,1228165.0,2.6584531143052703,2.0,2456330.0,6.0,scored,0.6546202120664785,0.4814714395390532,0.8008211003016384,0.6902424661503819,0.8008211003016384,0.7184249157998166,0.6243204637006752,0.35228527888121175,0.2525292661103228,,0.7505002389118336,14.755837859270647,15.369957543229742,1.7893166607658686,0,0,1,0
01fe3969f13ef04fb137f7f64287469df224b4b4a3f73bbb3262b974e4a3c9b9,Premier League,Goalkeeper,33.20739219712526,4000000.0,1228165.0,2.6584531143052703,3.0,3684495.0,2.0,scored,0.4923077705085924,0.35463108299588253,0.5315214453693506,0.34993462496894834,0.6007411429255727,0.8411563534878063,0.7495545223397768,0.5450366436136332,0.47136701407662634,,,14.755837859270647,15.369957543229742,1.7893166607658686,0,0,1,0
01fe3969f13ef04fb137f7f64287469df224b4b4a3f73bbb3262b974e4a3c9b9,Premier League,Goalkeeper,33.20739219712526,4000000.0,1228165.0,2.6584531143052703,3.0,3684495.0,3.0,scored,0.5488716368559945,0.41195738697987966,0.623061405399239,0.4550342818913967,0.6509742553212107,0.803919539636158,0.7096793582287447,0.48200293022291746,0.40109993447126013,,,14.755837859270647,15.369957543229742,1.7893166607658686,0,0,1,0
01fe3969f13ef04fb137f7f64287469df224b4b4a3f73bbb3262b974e4a3c9b9,Premier League,Goalkeeper,33.20739219712526,4000000.0,1228165.0,2.6584531143052703,3.0,3684495.0,4.0,scored,0.6031465062186538,0.45571299698917367,0.6985543080338543,0.5500164625717974,0.6985543080338543,0.7606041415628213,0.6678276093467751,0.4243443181944252,0.3355711956482991,,0.6944038953917411,14.755837859270647,15.369957543229742,1.7893166607658686,0,0,1,0
01fe3969f13ef04fb137f7f64287469df224b4b4a3f73bbb3262b974e4a3c9b9,Premier League,Goalkeeper,33.20739219712526,4000000.0,1228165.0,2.6584531143052703,3.0,3684495.0,5.0,scored,0.6544505343853572,0.49203262472423076,0.7605177489929673,0.6334174064229423,0.7605177489929673,0.7112597257225144,0.624041464959153,0.3711913222332618,0.2762575962428877,,0.7325955178876753,14.755837859270647,15.369957543229742,1.7893166607658686,0,0,1,0
01fe3969f13ef04fb137f7f64287469df224b4b4a3f73bbb3262b974e4a3c9b9,Premier League,Goalkeeper,33.20739219712526,4000000.0,1228165.0,2.6584531143052703,3.0,3684495.0,6.0,scored,0.7020755664341873,0.523648834543658,0.8108455735497708,0.7046879859352757,0.8108455735497708,0.6564105095316024,0.5787177647447579,0.32247453595795195,0.2241371479991088,,0.7663307952779085,14.755837859270647,15.369957543229742,1.7893166607658686,0,0,1,0
b5afc58512bb5fdd443dcde17cf1990dff34a8b66be2e747d7ae305552a13579,Premier League,Goalkeeper,27.915126625598905,30000000.0,5219702.0,0.8761122518822724,0.5,2609851.0,2.0,scored,0.6821163278527848,0.5825949240089452,0.527992716247831,0.3461098742548876,0.6844495631197255,0.8412207725026379,0.6709099308532317,0.5265345881908968,0.4553591394938029,,,15.39796825922485,16.617385739307903,4.085691754180949,0,0,1,0
b5afc58512bb5fdd443dcde17cf1990dff34a8b66be2e747d7ae305552a13579,Premier League,Goalkeeper,27.915126625598905,30000000.0,5219702.0,0.8761122518822724,0.5,2609851.0,3.0,scored,0.7312819715916524,0.6360736604472881,0.618701347045142,0.4497751231562188,0.7239578559160732,0.8113193642416249,0.626168427123537,0.46190320839240423,0.40224738443881847,,,15.39796825922485,16.617385739307903,4.085691754180949,0,0,1,0
b5afc58512bb5fdd443dcde17cf1990dff34a8b66be2e747d7ae305552a13579,Premier League,Goalkeeper,27.915126625598905,30000000.0,5219702.0,0.8761122518822724,0.5,2609851.0,4.0,scored,0.7745798139852705,0.6759817039839513,0.6937509734839826,0.5437543905367364,0.7574909826910979,0.777434163129261,0.5808549132028842,0.40326146063035423,0.3522503998579223,,,15.39796825922485,16.617385739307903,4.085691754180949,0,0,1,0
b5afc58512bb5fdd443dcde17cf1990dff34a8b66be2e747d7ae305552a13579,Premier League,Goalkeeper,27.915126625598905,30000000.0,5219702.0,0.8761122518822724,0.5,2609851.0,5.0,scored,0.8123205507221674,0.7084537656755866,0.7556027434078257,0.6266256906869638,0.7866593312139349,0.7395134354606719,0.5350839982840229,0.34971219053329994,0.3057609262857899,,,15.39796825922485,16.617385739307903,4.085691754180949,0,0,1,0
b5afc58512bb5fdd443dcde17cf1990dff34a8b66be2e747d7ae305552a13579,Premier League,Goalkeeper,27.915126625598905,30000000.0,5219702.0,0.8761122518822724,0.5,2609851.0,6.0,scored,0.8448069508315308,0.7362224096661969,0.8060692190701023,0.6977897265845311,0.8122751258147901,0.6977105809764398,0.4893171468192653,0.3011381814922208,0.26318657814419855,,,15.39796825922485,16.617385739307903,4.085691754180949,0,0,1,0
b5afc58512bb5fdd443dcde17cf1990dff34a8b66be2e747d7ae305552a13579,Premier League,Goalkeeper,27.915126625598905,30000000.0,5219702.0,0.8761122518822724,0.75,3914776.5,2.0,scored,0.7277538255539028,0.611502868569754,0.5566579363759431,0.37767186600523817,0.7088903335517672,0.8319634952981506,0.661449637858097,0.4886417041867911,0.4514744848072853,,,15.39796825922485,16.617385739307903,4.085691754180949,0,0,1,0
b5afc58512bb5fdd443dcde17cf1990dff34a8b66be2e747d7ae305552a13579,Premier League,Goalkeeper,27.915126625598905,30000000.0,5219702.0,0.8761122518822724,0.75,3914776.5,3.0,scored,0.77211950468804,0.6651822474060342,0.6443463566156905,0.4810661663468312,0.746246394217496,0.8003391068290027,0.6160847778464776,0.42457126510760834,0.3976202119128116,,,15.39796825922485,16.617385739307903,4.085691754180949,0,0,1,0
b5afc58512bb5fdd443dcde17cf1990dff34a8b66be2e747d7ae305552a13579,Premier League,Goalkeeper,27.915126625598905,30000000.0,5219702.0,0.8761122518822724,0.75,3914776.5,4.0,scored,0.8104560338977074,0.7052909321143223,0.7159087456875937,0.5728861034318544,0.7777628521762237,0.7646107716753623,0.5703119230343594,0.367508668042916,0.34704598957153265,,,15.39796825922485,16.617385739307903,4.085691754180949,0,0,1,0
b5afc58512bb5fdd443dcde17cf1990dff34a8b66be2e747d7ae305552a13579,Premier League,Goalkeeper,27.915126625598905,30000000.0,5219702.0,0.8761122518822724,0.75,3914776.5,5.0,scored,0.8433305956019496,0.7379636344870574,0.774272381712825,0.6525840553359893,0.8050344727366527,0.7247870863939667,0.5242555074296472,0.3162620701285709,0.3001661670514403,,,15.39796825922485,16.617385739307903,4.085691754180949,0,0,1,0
b5afc58512bb5fdd443dcde17cf1990dff34a8b66be2e747d7ae305552a13579,Premier League,Goalkeeper,27.915126625598905,30000000.0,5219702.0,0.8761122518822724,0.75,3914776.5,6.0,scored,0.8712369356906753,0.7659329189135047,0.8215074855109481,0.7201874583224731,0.8288745068706828,0.6811045463961688,0.47838462177602925,0.27046670287855706,0.2573913131561445,,,15.39796825922485,16.617385739307903,4.085691754180949,0,0,1,0
b5afc58512bb5fdd443dcde17cf1990dff34a8b66be2e747d7ae305552a13579,Premier League,Goalkeeper,27.915126625598905,30000000.0,5219702.0,0.8761122518822724,1.0,5219702.0,2.0,scored,0.7589177964694034,0.6294892254874431,0.5811729971618974,0.40554743105492297,0.7292005136249503,0.8232385740945802,0.6524920424911664,0.44101705534476454,0.4345153516392677,,,15.39796825922485,16.617385739307903,4.085691754180949,0,0,1,0
b5afc58512bb5fdd443dcde17cf1990dff34a8b66be2e747d7ae305552a13579,Premier League,Goalkeeper,27.915126625598905,30000000.0,5219702.0,0.8761122518822724,1.0,5219702.0,3.0,scored,0.7995136454219935,0.6833692454953482,0.6659722560218182,0.5081192240170644,0.7646711466007671,0.789978227578326,0.6065670105144194,0.37864506941788384,0.3804274985673805,,,15.39796825922485,16.617385739307903,4.085691754180949,0,0,1,0
b5afc58512bb5fdd443dcde17cf1990dff34a8b66be2e747d7ae305552a13579,Premier League,Goalkeeper,27.915126625598905,30000000.0,5219702.0,0.8761122518822724,1.0,5219702.0,4.0,scored,0.8341536088903084,0.723678570762105,0.7343988259369778,0.5976721356786855,0.7944489630901972,0.752510502154688,0.5603928951346571,0.3243481293914131,0.3300411283969888,,,15.39796825922485,16.617385739307903,4.085691754180949,0,0,1,0
b5afc58512bb5fdd443dcde17cf1990dff34a8b66be2e747d7ae305552a13579,Premier League,Goalkeeper,27.915126625598905,30000000.0,5219702.0,0.8761122518822724,1.0,5219702.0,5.0,scored,0.8635437720427813,0.7565519134480463,0.7897272539552929,0.6744002399995023,0.8201048386233625,0.7109072736784081,0.5141018400946487,0.27655442307463224,0.28372418406146926,,,15.39796825922485,16.617385739307903,4.085691754180949,0,0,1,0
b5afc58512bb5fdd443dcde17cf1990dff34a8b66be2e747d7ae305552a13579,Premier League,Goalkeeper,27.915126625598905,30000000.0,5219702.0,0.8761122518822724,1.0,5219702.0,6.0,scored,0.8882708977344248,0.7847218380650685,0.8342086908540268,0.7388330335068863,0.8424464180158456,0.6654896756478846,0.4681680785000795,0.23459518152414544,0.24181873688822572,,,15.39796825922485,16.617385739307903,4.085691754180949,0,0,1,0
b5afc58512bb5fdd443dcde17cf1990dff34a8b66be2e747d7ae305552a13579,Premier League,Goalkeeper,27.915126625598905,30000000.0,5219702.0,0.8761122518822724,1.5,7829553.0,2.0,scored,0.8051566642022597,0.6555057246852661,0.6216243596286525,0.4532981373249013,0.7617221415155434,0.8047724160935472,0.6343987874636118,0.34873036754361114,0.39140160692364767,,,15.39796825922485,16.617385739307903,4.085691754180949,0,0,1,0
b5afc58512bb5fdd443dcde17cf1990dff34a8b66be2e747d7ae305552a13579,Premier League,Goalkeeper,27.915126625598905,30000000.0,5219702.0,0.8761122518822724,1.5,7829553.0,3.0,scored,0.8394609934465445,0.7097870258101081,0.7010741060762562,0.5533132728005059,0.7939937127861902,0.7681376709214112,0.5874442814618004,0.2927140178355511,0.3378434484101915,,,15.39796825922485,16.617385739307903,4.085691754180949,0,0,1,0
b5afc58512bb5fdd443dcde17cf1990dff34a8b66be2e747d7ae305552a13579,Premier League,Goalkeeper,27.915126625598905,30000000.0,5219702.0,0.8761122518822724,1.5,7829553.0,4.0,scored,0.8682074201653986,0.750497631580646,0.764047093298069,0.638312965712869,0.8208720253080424,0.7271400354269947,0.5405718230971678,0.2459847822060426,0.288968910608834,,,15.39796825922485,16.617385739307903,4.085691754180949,0,0,1,0
b5afc58512bb5fdd443dcde17cf1990dff34a8b66be2e747d7ae305552a13579,Premier League,Goalkeeper,27.915126625598905,30000000.0,5219702.0,0.8761122518822724,1.5,7829553.0,5.0,scored,0.8922340338460916,0.7837722545251058,0.8142800637618903,0.7096655690726554,0.8438685313086222,0.6820026797439864,0.49392352860927274,0.20632089291542258,0.2449604343203613,,,15.39796825922485,16.617385739307903,4.085691754180949,0,0,1,0
b5afc58512bb5fdd443dcde17cf1990dff34a8b66be2e747d7ae305552a13579,Premier League,Goalkeeper,27.915126625598905,30000000.0,5219702.0,0.8761122518822724,1.5,7829553.0,6.0,scored,0.9122006222051187,0.8123434592780159,0.8542438337489299,0.768644454760339,0.8637695048472671,0.633238196664232,0.4479771835824853,0.17257038787264747,0.2059427236775297,,,15.39796825922485,16.617385739307903,4.085691754180949,0,0,1,0
b5afc58512bb5fdd443dcde17cf1990dff34a8b66be2e747d7ae305552a13579,Premier League,Goalkeeper,27.915126625598905,30000000.0,5219702.0,0.8761122518822724,2.0,10439404.0,2.0,scored,0.8408576017237734,0.6777999894323108,0.6540142686963234,0.4930853472232901,0.786947936545297,0.7841598229478809,0.6155811186901015,0.2727284568962772,0.34874077215795773,,,15.39796825922485,16.617385739307903,4.085691754180949,0,0,1,0
b5afc58512bb5fdd443dcde17cf1990dff34a8b66be2e747d7ae305552a13579,Premier League,Goalkeeper,27.915126625598905,30000000.0,5219702.0,0.8761122518822724,2.0,10439404.0,3.0,scored,0.8697652855999556,0.7324825710609337,0.7286876393649527,0.5899701983647023,0.816588913984045,0.7439476657776553,0.5677045648494017,0.22482192992868,0.2966531458040078,,,15.39796825922485,16.617385739307903,4.085691754180949,0,0,1,0
b5afc58512bb5fdd443dcde17cf1990dff34a8b66be2e747d7ae305552a13579,Premier League,Goalkeeper,27.915126625598905,30000000.0,5219702.0,0.8761122518822724,2.0,10439404.0,4.0,scored,0.8936656598768689,0.7735944570286746,0.7870678414214455,0.6706251296188536,0.8411234540265548,0.6993083737812938,0.5202661745333247,0.18617860027196553,0.25011914702023696,,,15.39796825922485,16.617385739307903,4.085691754180949,0,0,1,0
b5afc58512bb5fdd443dcde17cf1990dff34a8b66be2e747d7ae305552a13579,Premier League,Goalkeeper,27.915126625598905,30000000.0,5219702.0,0.8761122518822724,2.0,10439404.0,5.0,scored,0.9134248903999969,0.8072703600477067,0.8331566655881597,0.7372811629036561,0.861998561349295,0.6506549568758195,0.473410014418136,0.15427145578086232,0.20908228441966656,,,15.39796825922485,16.617385739307903,4.085691754180949,0,0,1,0
b5afc58512bb5fdd443dcde17cf1990dff34a8b66be2e747d7ae305552a13579,Premier League,Goalkeeper,27.915126625598905,30000000.0,5219702.0,0.8761122518822724,2.0,10439404.0,6.0,scored,0.9297011574228262,0.8362428448138723,0.8695309359301501,0.7917183670715364,0.8799733169015398,0.5987225832750102,0.42760782039749445,0.12773856122207022,0.17342250504708118,,,15.39796825922485,16.617385739307903,4.085691754180949,0,0,1,0
b5afc58512bb5fdd443dcde17cf1990dff34a8b66be2e747d7ae305552a13579,Premier League,Goalkeeper,27.915126625598905,30000000.0,5219702.0,0.8761122518822724,3.0,15659106.0,2.0,scored,0.8904392464997211,0.715382374696824,0.703565056030223,0.5565802895643169,0.8240706856607664,0.7383505953480397,0.5766940094216165,0.16363384053844515,0.2709390508344501,,,15.39796825922485,16.617385739307903,4.085691754180949,0,0,1,0
b5afc58512bb5fdd443dcde17cf1990dff34a8b66be2e747d7ae305552a13579,Premier League,Goalkeeper,27.915126625598905,30000000.0,5219702.0,0.8761122518822724,3.0,15659106.0,3.0,scored,0.9111095156953385,0.7708675167198533,0.7701392988642665,0.6467999892525268,0.8496079458042441,0.6908492502736852,0.5273824283983799,0.1315767227191292,0.2239148224153884,,,15.39796825922485,16.617385739307903,4.085691754180949,0,0,1,0
b5afc58512bb5fdd443dcde17cf1990dff34a8b66be2e747d7ae305552a13579,Premier League,Goalkeeper,27.915126625598905,30000000.0,5219702.0,0.8761122518822724,3.0,15659106.0,4.0,scored,0.9279004462672603,0.812781962775422,0.8211496396657143,0.7196649906891182,0.8705471212645828,0.6391496877656606,0.47926728014307257,0.10687825161392372,0.18360488418668378,,,15.39796825922485,16.617385739307903,4.085691754180949,0,0,1,0
b5afc58512bb5fdd443dcde17cf1990dff34a8b66be2e747d7ae305552a13579,Premier League,Goalkeeper,27.915126625598905,30000000.0,5219702.0,0.8761122518822724,3.0,15659106.0,5.0,scored,0.9415899636481105,0.8472604257596504,0.860813037144199,0.7785251895968281,0.8882104981957027,0.5841306150183474,0.4324694094593959,0.08721088012111945,0.1494365755373671,,,15.39796825922485,16.617385739307903,4.085691754180949,0,0,1,0
b5afc58512bb5fdd443dcde17cf1990dff34a8b66be2e747d7ae305552a13579,Premier League,Goalkeeper,27.915126625598905,30000000.0,5219702.0,0.8761122518822724,3.0,15659106.0,6.0,scored,0.9527437677780763,0.8770354704296978,0.8917508219787212,0.8257589257318979,0.9033001006346681,0.5270097964469468,0.38741869201291923,0.0713266093106648,0.12083473208996513,,,15.39796825922485,16.617385739307903,4.085691754180949,0,0,1,0
2ef2fcc958db0c87190faa2e9d6e358dba465654648e9d8c74be10f91c562c35,Serie A,Midfield,24.536618754277892,3000000.0,1110000.0,4.4106776180698155,0.5,555000.0,2.0,scored,0.39188011383058396,0.17404176019123888,0.2649315066234541,0.1118031423084419,0.5938257744900296,0.5370728352958478,0.42807200275292,0.2610922481157852,0.21020935052838324,,,13.887807787641373,14.890270471730382,3.2876869880833945,0,3,1,3
2ef2fcc958db0c87190faa2e9d6e358dba465654648e9d8c74be10f91c562c35,Serie A,Midfield,24.536618754277892,3000000.0,1110000.0,4.4106776180698155,0.5,555000.0,3.0,scored,0.4494097301470027,0.2279725345319428,0.36059274629402627,0.1849427735769552,0.6410910228882211,0.4835785917587107,0.380622525835384,0.21442021241007872,0.17525112148345626,,,13.887807787641373,14.890270471730382,3.2876869880833945,0,3,1,3
2ef2fcc958db0c87190faa2e9d6e358dba465654648e9d8c74be10f91c562c35,Serie A,Midfield,24.536618754277892,3000000.0,1110000.0,4.4106776180698155,0.5,555000.0,4.0,scored,0.5072246234820252,0.2683326295919757,0.4540931945874094,0.2699899868176021,0.6821300625172428,0.43067958976092124,0.3369015752341778,0.17697778765384364,0.14553775430777033,,,13.887807787641373,14.890270471730382,3.2876869880833945,0,3,1,3
2ef2fcc958db0c87190faa2e9d6e358dba465654648e9d8c74be10f91c562c35,Serie A,Midfield,24.536618754277892,3000000.0,1110000.0,4.4106776180698155,0.5,555000.0,5.0,scored,0.564253731095713,0.3012567482553859,0.5418908381426802,0.3612725584188913,0.7184919903329903,0.37943345376658183,0.2965991874948888,0.1462109900551508,0.12036129047632561,,,13.887807787641373,14.890270471730382,3.2876869880833945,0,3,1,3
2ef2fcc958db0c87190faa2e9d6e358dba465654648e9d8c74be10f91c562c35,Serie A,Midfield,24.536618754277892,3000000.0,1110000.0,4.4106776180698155,0.5,555000.0,6.0,scored,0.6192723863664985,0.32947745194197414,0.6212993697767268,0.4529058821883487,0.7509189079330832,0.33081193461532726,0.2596966550058353,0.12073625431649215,0.09915959769790672,,,13.887807787641373,14.890270471730382,3.2876869880833945,0,3,1,3
2ef2fcc958db0c87190faa2e9d6e358dba465654648e9d8c74be10f91c562c35,Serie A,Midfield,24.536618754277892,3000000.0,1110000.0,4.4106776180698155,0.75,832500.0,2.0,scored,0.42641734340242815,0.19717654334369222,0.28308261540293767,0.12454792426611594,0.6120260609677978,0.5222230896857746,0.4151597267432421,0.24628863796364808,0.21396688941752862,,,13.887807787641373,14.890270471730382,3.2876869880833945,0,3,1,3
2ef2fcc958db0c87190faa2e9d6e358dba465654648e9d8c74be10f91c562c35,Serie A,Midfield,24.536618754277892,3000000.0,1110000.0,4.4106776180698155,0.75,832500.0,3.0,scored,0.4846762787699255,0.2515340017351958,0.3803012724720499,0.20178870280024497,0.6584107905201163,0.4674085487573302,0.368067290929098,0.20165290555602602,0.17740308738041577,,,13.887807787641373,14.890270471730382,3.2876869880833945,0,3,1,3
2ef2fcc958db0c87190faa2e9d6e358dba465654648e9d8c74be10f91c562c35,Serie A,Midfield,24.536618754277892,3000000.0,1110000.0,4.4106776180698155,0.75,832500.0,4.0,scored,0.5422618169313058,0.29232077507938314,0.47389723329645117,0.28963610587303434,0.6984786212052833,0.4135887415917057,0.32488766853155776,0.1660651175452887,0.14642891645061926,,,13.887807787641373,14.890270471730382,3.2876869880833945,0,3,1,3
2ef2fcc958db0c87190faa2e9d6e358dba465654648e9d8c74be10f91c562c35,Serie A,Midfield,24.536618754277892,3000000.0,1110000.0,4.4106776180698155,0.75,832500.0,5.0,scored,0.5981599860993956,0.3256715697202891,0.5606994877891048,0.3822116749650193,0.7338099006791295,0.3618710382514157,0.28526998815045185,0.1369620320199209,0.12030613309972128,,,13.887807787641373,14.890270471730382,3.2876869880833945,0,3,1,3
2ef2fcc958db0c87190faa2e9d6e358dba465654648e9d8c74be10f91c562c35,Serie A,Midfield,24.536618754277892,3000000.0,1110000.0,4.4106776180698155,0.75,832500.0,6.0,scored,0.6512709680406846,0.3543189482310432,0.6384085446148072,0.47374455996676423,0.765176321274499,0.31323411071799073,0.24915462831495921,0.11295530337114297,0.0984303894140601,,,13.887807787641373,14.890270471730382,3.2876869880833945,0,3,1,3
2ef2fcc958db0c87190faa2e9d6e358dba465654648e9d8c74be10f91c562c35,Serie A,Midfield,24.536618754277892,3000000.0,1110000.0,4.4106776180698155,1.0,1110000.0,2.0,scored,0.45830704099511005,0.21671771897638759,0.2977279710575038,0.1352259955438555,0.6262479078447327,0.5055307894825986,0.40198819538726815,0.23350908597046063,0.21457478095389576,,,13.887807787641373,14.890270471730382,3.2876869880833945,0,3,1,3
2ef2fcc958db0c87190faa2e9d6e358dba465654648e9d8c74be10f91c562c35,Serie A,Midfield,24.536618754277892,3000000.0,1110000.0,4.4106776180698155,1.0,1110000.0,3.0,scored,0.5166984565246947,0.27150185565204565,0.39599909841209735,0.21562526955217676,0.6719537113411191,0.4495209519992816,0.3553312676233057,0.19071094482172984,0.1768116089961486,,,13.887807787641373,14.890270471730382,3.2876869880833945,0,3,1,3
2ef2fcc958db0c87190faa2e9d6e358dba465654648e9d8c74be10f91c562c35,Serie A,Midfield,24.536618754277892,3000000.0,1110000.0,4.4106776180698155,1.0,1110000.0,4.0,scored,0.5735606617709519,0.312715304397064,0.48951152123566843,0.30551740033304053,0.7112741621814213,0.39497832691861795,0.31276478754417925,0.15676706062630757,0.14496918563979702,,,13.887807787641373,14.890270471730382,3.2876869880833945,0,3,1,3
2ef2fcc958db0c87190faa2e9d6e358dba465654648e9d8c74be10f91c562c35,Serie A,Midfield,24.536618754277892,3000000.0,1110000.0,4.4106776180698155,1.0,1110000.0,5.0,scored,0.6279787775490897,0.3464927732854707,0.5754102187204343,0.398922047668111,0.7458113384752826,0.3430424389027906,0.2738947634476786,0.12911943649818886,0.11826840087569139,,,13.887807787641373,14.890270471730382,3.2876869880833945,0,3,1,3
2ef2fcc958db0c87190faa2e9d6e358dba465654648e9d8c74be10f91c562c35,Serie A,Midfield,24.536618754277892,3000000.0,1110000.0,4.4106776180698155,1.0,1110000.0,6.0,scored,0.6790024130550751,0.3755668254670607,0.6517061958990882,0.4902049087421553,0.7763590160348051,0.29467534667824724,0.23861916428705662,0.10638405238328331,0.09605448478769844,,,13.887807787641373,14.890270471730382,3.2876869880833945,0,3,1,3
2ef2fcc958db0c87190faa2e9d6e358dba465654648e9d8c74be10f91c562c35,Serie A,Midfield,24.536618754277892,3000000.0,1110000.0,4.4106776180698155,1.5,1665000.0,2.0,scored,0.5148178214079728,0.2485159835256422,0.32193160780885044,0.15363115918486114,0.6488301535053944,0.47055759473600817,0.37584739379446747,0.20913291073771545,0.20966336339097918,,,13.887807787641373,14.890270471730382,3.2876869880833945,0,3,1,3
2ef2fcc958db0c87190faa2e9d6e358dba465654648e9d8c74be10f91c562c35,Serie A,Midfield,24.536618754277892,3000000.0,1110000.0,4.4106776180698155,1.5,1665000.0,3.0,scored,0.5722129778954981,0.3041534710029618,0.4215659977656405,0.23894390916383768,0.6934637876477402,0.4126323961034674,0.33025692237388143,0.17000869003139166,0.17039543165596785,,,13.887807787641373,14.890270471730382,3.2876869880833945,0,3,1,3
2ef2fcc958db0c87190faa2e9d6e358dba465654648e9d8c74be10f91c562c35,Serie A,Midfield,24.536618754277892,3000000.0,1110000.0,4.4106776180698155,1.5,1665000.0,4.0,scored,0.6266985080075764,0.3462202676663168,0.5146523232741317,0.3318051548079721,0.7316062439381438,0.35723670212903397,0.2890760621356111,0.1392826319096228,0.13768149887622647,,,13.887807787641373,14.890270471730382,3.2876869880833945,0,3,1,3
2ef2fcc958db0c87190faa2e9d6e358dba465654648e9d8c74be10f91c562c35,Serie A,Midfield,24.536618754277892,3000000.0,1110000.0,4.4106776180698155,1.5,1665000.0,5.0,scored,0.6776208488927197,0.38085108331973017,0.5988823017777184,0.42618519035473457,0.7648904035403068,0.30551598482999465,0.25182270941348156,0.11444136139274218,0.1106287555776505,,,13.887807787641373,14.890270471730382,3.2876869880833945,0,3,1,3
2ef2fcc958db0c87190faa2e9d6e358dba465654648e9d8c74be10f91c562c35,Serie A,Midfield,24.536618754277892,3000000.0,1110000.0,4.4106776180698155,1.5,1665000.0,6.0,scored,0.7243441912112135,0.4107784816896614,0.6727731479939749,0.5167518792682709,0.7941440570800293,0.2583345156215114,0.2183100716294673,0.0941299267345036,0.08845916231827541,,,13.887807787641373,14.890270471730382,3.2876869880833945,0,3,1,3
2ef2fcc958db0c87190faa2e9d6e358dba465654648e9d8c74be10f91c562c35,Serie A,Midfield,24.536618754277892,3000000.0,1110000.0,4.4106776180698155,2.0,2220000.0,2.0,scored,0.5432373929743876,0.2588526003188263,0.34481428432067096,0.17188363897457792,0.6686141971711441,0.44208125204345233,0.3524677501541666,0.16921162297335007,0.1877328668124876,,,13.887807787641373,14.890270471730382,3.2876869880833945,0,3,1,3
2ef2fcc958db0c87190faa2e9d6e358dba465654648e9d8c74be10f91c562c35,Serie A,Midfield,24.536618754277892,3000000.0,1110000.0,4.4106776180698155,2.0,2220000.0,3.0,scored,0.5993117591201018,0.31534343571448253,0.4452915938176625,0.2614383901452415,0.7122295830286214,0.38263837345110646,0.30803237598714545,0.13643262184542326,0.149819289242458,,,13.887807787641373,14.890270471730382,3.2876869880833945,0,3,1,3
2ef2fcc958db0c87190faa2e9d6e358dba465654648e9d8c74be10f91c562c35,Serie A,Midfield,24.536618754277892,3000000.0,1110000.0,4.4106776180698155,2.0,2220000.0,4.0,scored,0.651901987146094,0.3582635788545115,0.5376368445473165,0.35660344467201255,0.7492772336528646,0.3267093799696626,0.26825386624473724,0.11110072505078071,0.11886613048605973,,,13.887807787641373,14.890270471730382,3.2876869880833945,0,3,1,3
2ef2fcc958db0c87190faa2e9d6e358dba465654648e9d8c74be10f91c562c35,Serie A,Midfield,24.536618754277892,3000000.0,1110000.0,4.4106776180698155,2.0,2220000.0,5.0,scored,0.7005270747705326,0.39374774040793387,0.6200829367757641,0.4514389087627101,0.7814132308377105,0.2754085447699204,0.2325706895635618,0.09087049797870218,0.09379083809821627,,,13.887807787641373,14.890270471730382,3.2876869880833945,0,3,1,3
2ef2fcc958db0c87190faa2e9d6e358dba465654648e9d8c74be10f91c562c35,Serie A,Midfield,24.536618754277892,3000000.0,1110000.0,4.4106776180698155,2.0,2220000.0,6.0,scored,0.7447265122910676,0.4245284843895413,0.6916154034922761,0.5409797249208214,0.809493511516388,0.22947366519843462,0.2007212737791123,0.07448681523904578,0.07365860097356793,,,13.887807787641373,14.890270471730382,3.2876869880833945,0,3,1,3
2ef2fcc958db0c87190faa2e9d6e358dba465654648e9d8c74be10f91c562c35,Serie A,Midfield,24.536618754277892,3000000.0,1110000.0,4.4106776180698155,3.0,3330000.0,2.0,scored,0.593808324162368,0.275302236929353,0.3834606625182382,0.20454381345423234,0.6999900018210087,0.38395513029134365,0.3072547165582709,0.11109288657665153,0.14755103697114302,,,13.887807787641373,14.890270471730382,3.2876869880833945,0,3,1,3
2ef2fcc958db0c87190faa2e9d6e358dba465654648e9d8c74be10f91c562c35,Serie A,Midfield,24.536618754277892,3000000.0,1110000.0,4.4106776180698155,3.0,3330000.0,3.0,scored,0.6466129645632623,0.3334997652783571,0.48451161025154255,0.3003946404672214,0.7419267743456766,0.3231455233938346,0.2656635657738761,0.08859896504097892,0.11346505853160735,,,13.887807787641373,14.890270471730382,3.2876869880833945,0,3,1,3
2ef2fcc958db0c87190faa2e9d6e358dba465654648e9d8c74be10f91c562c35,Serie A,Midfield,24.536618754277892,3000000.0,1110000.0,4.4106776180698155,3.0,3330000.0,4.0,scored,0.6951341269017967,0.37812659993007136,0.5749978654693515,0.39844967797406305,0.7771843287585436,0.267957647334956,0.22907729814539687,0.07159856578509365,0.08677254584522627,,,13.887807787641373,14.890270471730382,3.2876869880833945,0,3,1,3
2ef2fcc958db0c87190faa2e9d6e358dba465654648e9d8c74be10f91c562c35,Serie A,Midfield,24.536618754277892,3000000.0,1110000.0,4.4106776180698155,3.0,3330000.0,5.0,scored,0.739210418600914,0.415317452418513,0.6540867385163806,0.49317590033621195,0.8074513063348857,0.21922811028524328,0.19678551495282423,0.05824344217299984,0.06602831011807495,,,13.887807787641373,14.890270471730382,3.2876869880833945,0,3,1,3
2ef2fcc958db0c87190faa2e9d6e358dba465654648e9d8c74be10f91c562c35,Serie A,Midfield,24.536618754277892,3000000.0,1110000.0,4.4106776180698155,3.0,3330000.0,6.0,scored,0.778677885009556,0.44780488704680776,0.721517910790258,0.580359569551782,0.833627960770075,0.17726069278339998,0.1683909310717031,0.047561131206952635,0.05003805871378341,,,13.887807787641373,14.890270471730382,3.2876869880833945,0,3,1,3
bc9015a0a311aa53aa56ccb4ec7f14ff025317578d29983b043d502ae73d4330,Serie A,Midfield,23.890485968514717,12000000.0,770000.0,3.9589322381930185,0.5,385000.0,2.0,scored,0.4277489989351586,0.22669402645448003,0.2199738548413397,0.08263878532247915,0.5669916147552996,0.6017875317959946,0.4407818217459118,0.2483522226446042,0.21122432642408645,,,14.210815258009655,15.451561327004956,3.925729962705866,0,3,1,3
bc9015a0a311aa53aa56ccb4ec7f14ff025317578d29983b043d502ae73d4330,Serie A,Midfield,23.890485968514717,12000000.0,770000.0,3.9589322381930185,0.5,385000.0,3.0,scored,0.48682493438101243,0.27991943049964496,0.31037766472106165,0.14472841908653677,0.6152583870147538,0.5516375309373781,0.39315028091952636,0.20314487179113686,0.17798226832406888,,,14.210815258009655,15.451561327004956,3.925729962705866,0,3,1,3
bc9015a0a311aa53aa56ccb4ec7f14ff025317578d29983b043d502ae73d4330,Serie A,Midfield,23.890485968514717,12000000.0,770000.0,3.9589322381930185,0.5,385000.0,4.0,scored,0.5451795466707581,0.31957416290306506,0.4024757174017888,0.22144106105199146,0.657488415938599,0.5006407954906191,0.3490472872649366,0.1670922560556558,0.14949370296370273,,,14.210815258009655,15.451561327004956,3.925729962705866,0,3,1,3
bc9015a0a311aa53aa56ccb4ec7f14ff025317578d29983b043d502ae73d4330,Serie A,Midfield,23.890485968514717,12000000.0,770000.0,3.9589322381930185,0.5,385000.0,5.0,scored,0.6017409473867505,0.3517929219654352,0.49196179488018354,0.3080406810363978,0.6951777249906639,0.4497532433102551,0.30819814434865045,0.1376199843667301,0.12511317600483407,,,14.210815258009655,15.451561327004956,3.925729962705866,0,3,1,3
bc9015a0a311aa53aa56ccb4ec7f14ff025317578d29983b043d502ae73d4330,Serie A,Midfield,23.890485968514717,12000000.0,770000.0,3.9589322381930185,0.5,385000.0,6.0,scored,0.655365796485053,0.3793082675787702,0.5752125488249126,0.39869557920030774,0.7290199733145827,0.39997110290998483,0.27062147037375145,0.11332772430474389,0.10435162308772106,,,14.210815258009655,15.451561327004956,3.925729962705866,0,3,1,3
bc9015a0a311aa53aa56ccb4ec7f14ff025317578d29983b043d502ae73d4330,Serie A,Midfield,23.890485968514717,12000000.0,770000.0,3.9589322381930185,0.75,577500.0,2.0,scored,0.4424526410695138,0.23742680262158525,0.2363627879450234,0.09286633851329451,0.584917731893335,0.6030418156707672,0.43864102347396605,0.22723831373113146,0.21171297846363382,,,14.210815258009655,15.451561327004956,3.925729962705866,0,3,1,3
bc9015a0a311aa53aa56ccb4ec7f14ff025317578d29983b043d502ae73d4330,Serie A,Midfield,23.890485968514717,12000000.0,770000.0,3.9589322381930185,0.75,577500.0,3.0,scored,0.5017270320734484,0.2907262183013247,0.32888650953292387,0.1590920223997132,0.632128520525943,0.5527082652738886,0.39105191952941504,0.18494688738461054,0.17821654097946021,,,14.210815258009655,15.451561327004956,3.925729962705866,0,3,1,3
bc9015a0a311aa53aa56ccb4ec7f14ff025317578d29983b043d502ae73d4330,Serie A,Midfield,23.890485968514717,12000000.0,770000.0,3.9589322381930185,0.75,577500.0,4.0,scored,0.559868051540422,0.33045495402637,0.42166134391606414,0.23903266968280412,0.6732317599250235,0.5014966213442321,0.3470238947889263,0.15152533534539833,0.14952809040027754,,,14.210815258009655,15.451561327004956,3.925729962705866,0,3,1,3
bc9015a0a311aa53aa56ccb4ec7f14ff025317578d29983b043d502ae73d4330,Serie A,Midfield,23.890485968514717,12000000.0,770000.0,3.9589322381930185,0.75,577500.0,5.0,scored,0.6158409252130763,0.3627477130851832,0.5106367083931059,0.3275473783842997,0.7097606560157597,0.45037610679494144,0.306275931005253,0.12440187462712907,0.12499724094333935,,,14.210815258009655,15.451561327004956,3.925729962705866,0,3,1,3
bc9015a0a311aa53aa56ccb4ec7f14ff025317578d29983b043d502ae73d4330,Serie A,Midfield,23.890485968514717,12000000.0,770000.0,3.9589322381930185,0.75,577500.0,6.0,scored,0.6685670321482968,0.3903370570323698,0.5925289032103024,0.41873311514836153,0.7424397439135113,0.40035750528176434,0.2688201606257646,0.10217747104106921,0.10412849789252601,,,14.210815258009655,15.451561327004956,3.925729962705866,0,3,1,3
bc9015a0a311aa53aa56ccb4ec7f14ff025317578d29983b043d502ae73d4330,Serie A,Midfield,23.890485968514717,12000000.0,770000.0,3.9589322381930185,1.0,770000.0,2.0,scored,0.4754022694386363,0.2604903341100044,0.24743760829620387,0.10004203292894831,0.5971039466757988,0.5957073989900543,0.43380253065740687,0.22869523758458712,0.22287965295764742,,,14.210815258009655,15.451561327004956,3.925729962705866,0,3,1,3
bc9015a0a311aa53aa56ccb4ec7f14ff025317578d29983b043d502ae73d4330,Serie A,Midfield,23.890485968514717,12000000.0,770000.0,3.9589322381930185,1.0,770000.0,3.0,scored,0.5348049338969476,0.31386375311136905,0.3412233428046979,0.16896525272925855,0.6435679313933714,0.5449204670720031,0.38635005707228637,0.18621625416620335,0.18783492499080684,,,14.210815258009655,15.451561327004956,3.925729962705866,0,3,1,3
bc9015a0a311aa53aa56ccb4ec7f14ff025317578d29983b043d502ae73d4330,Serie A,Midfield,23.890485968514717,12000000.0,770000.0,3.9589322381930185,1.0,770000.0,4.0,scored,0.5921733401844109,0.3536664880015617,0.434308245039168,0.2509234886102234,0.6838876186695985,0.49340740906323816,0.3425279713995075,0.15262384861286768,0.15771888020247507,,,14.210815258009655,15.451561327004956,3.925729962705866,0,3,1,3
bc9015a0a311aa53aa56ccb4ec7f14ff025317578d29983b043d502ae73d4330,Serie A,Midfield,23.890485968514717,12000000.0,770000.0,3.9589322381930185,1.0,770000.0,5.0,scored,0.6465837197265281,0.38603324456293053,0.5228367194533386,0.3405521014998558,0.719617868789936,0.44215606041316013,0.30203970587953133,0.1253460071971902,0.13190056840500322,,,14.210815258009655,15.451561327004956,3.925729962705866,0,3,1,3
bc9015a0a311aa53aa56ccb4ec7f14ff025317578d29983b043d502ae73d4330,Serie A,Midfield,23.890485968514717,12000000.0,770000.0,3.9589322381930185,1.0,770000.0,6.0,scored,0.6971216461680801,0.4136965851813765,0.6037598330167541,0.43194254940760524,0.7515020140160348,0.39218243569267974,0.2648819995223077,0.10298390106575007,0.10989404605486869,,,14.210815258009655,15.451561327004956,3.925729962705866,0,3,1,3
bc9015a0a311aa53aa56ccb4ec7f14ff025317578d29983b043d502ae73d4330,Serie A,Midfield,23.890485968514717,12000000.0,770000.0,3.9589322381930185,1.5,1155000.0,2.0,scored,0.535414395010548,0.3003614300275713,0.26499556322457374,0.11184715581007376,0.6159371315664847,0.5788277096650172,0.42376974018287183,0.23219181874537365,0.24035164087641464,,,14.210815258009655,15.451561327004956,3.925729962705866,0,3,1,3
bc9015a0a311aa53aa56ccb4ec7f14ff025317578d29983b043d502ae73d4330,Serie A,Midfield,23.890485968514717,12000000.0,770000.0,3.9589322381930185,1.5,1155000.0,3.0,scored,0.5937278616654069,0.3538828473592307,0.36051554576073663,0.1848779476302913,0.6611953156977002,0.5271498364355982,0.37663112615830935,0.18925967136102803,0.20284783605234308,,,14.210815258009655,15.451561327004956,3.925729962705866,0,3,1,3
bc9015a0a311aa53aa56ccb4ec7f14ff025317578d29983b043d502ae73d4330,Serie A,Midfield,23.890485968514717,12000000.0,770000.0,3.9589322381930185,1.5,1155000.0,4.0,scored,0.6485101323494072,0.39383357642323824,0.45386828357987086,0.2697700809533079,0.7002710324210438,0.4751088918490826,0.3332620389512485,0.15525457424348768,0.17045457925476776,,,14.210815258009655,15.451561327004956,3.925729962705866,0,3,1,3
bc9015a0a311aa53aa56ccb4ec7f14ff025317578d29983b043d502ae73d4330,Serie A,Midfield,23.890485968514717,12000000.0,770000.0,3.9589322381930185,1.5,1155000.0,5.0,scored,0.6991350906501037,0.42634832549582935,0.5415379072056855,0.3608842477429477,0.7347468997019125,0.4237239080083838,0.29333309649158534,0.12760416767588956,0.14257967574534308,,,14.210815258009655,15.451561327004956,3.925729962705866,0,3,1,3
bc9015a0a311aa53aa56ccb4ec7f14ff025317578d29983b043d502ae73d4330,Serie A,Midfield,23.890485968514717,12000000.0,770000.0,3.9589322381930185,1.5,1155000.0,6.0,scored,0.7450420879369014,0.4541596577942015,0.6208524754722624,0.45236671798982053,0.765391857118131,0.3740105245158388,0.2568088570442158,0.10491013821107815,0.11875708275869575,,,14.210815258009655,15.451561327004956,3.925729962705866,0,3,1,3
bc9015a0a311aa53aa56ccb4ec7f14ff025317578d29983b043d502ae73d4330,Serie A,Midfield,23.890485968514717,12000000.0,770000.0,3.9589322381930185,2.0,1540000.0,2.0,scored,0.5773198903959792,0.32617211192160517,0.28065041032002114,0.12280853402435121,0.6318353321487731,0.5646063241940108,0.41492465815633744,0.22358954108382792,0.2450736781695631,,,14.210815258009655,15.451561327004956,3.925729962705866,0,3,1,3
bc9015a0a311aa53aa56ccb4ec7f14ff025317578d29983b043d502ae73d4330,Serie A,Midfield,23.890485968514717,12000000.0,770000.0,3.9589322381930185,2.0,1540000.0,3.0,scored,0.6338735027557169,0.37984152342707944,0.3774518300156501,0.19931676473176174,0.6760169786995535,0.5121995668873627,0.3680883735573896,0.18190705548044928,0.20659751349375904,,,14.210815258009655,15.451561327004956,3.925729962705866,0,3,1,3
bc9015a0a311aa53aa56ccb4ec7f14ff025317578d29983b043d502ae73d4330,Serie A,Midfield,23.890485968514717,12000000.0,770000.0,3.9589322381930185,2.0,1540000.0,4.0,scored,0.6860154586473026,0.41994024458666124,0.47082653620904935,0.2865533852776394,0.7140029818016093,0.459747636426168,0.3251398482043285,0.14901083312341362,0.17335444799310268,,,14.210815258009655,15.451561327004956,3.925729962705866,0,3,1,3
bc9015a0a311aa53aa56ccb4ec7f14ff025317578d29983b043d502ae73d4330,Serie A,Midfield,23.890485968514717,12000000.0,770000.0,3.9589322381930185,2.0,1540000.0,5.0,scored,0.7333779904647348,0.4526029849235305,0.5575881274397619,0.37871477704344136,0.747393942147338,0.4082921214086131,0.28572047132450396,0.12233728686482039,0.14475863250721124,,,14.210815258009655,15.451561327004956,3.925729962705866,0,3,1,3
bc9015a0a311aa53aa56ccb4ec7f14ff025317578d29983b043d502ae73d4330,Serie A,Midfield,23.890485968514717,12000000.0,770000.0,3.9589322381930185,2.0,1540000.0,6.0,scored,0.7756642378654359,0.48056230807053185,0.6354026679381259,0.4700557091144193,0.7769770955023102,0.358843199173928,0.2497663565316395,0.10049386196797756,0.12034131918773876,,,14.210815258009655,15.451561327004956,3.925729962705866,0,3,1,3
bc9015a0a311aa53aa56ccb4ec7f14ff025317578d29983b043d502ae73d4330,Serie A,Midfield,23.890485968514717,12000000.0,770000.0,3.9589322381930185,3.0,2310000.0,2.0,scored,0.6289512284895238,0.3537219422146105,0.30951843881772545,0.14407484376406066,0.6591092805353591,0.5417880896953277,0.3995460210240265,0.18751753083415063,0.23221893618787623,,,14.210815258009655,15.451561327004956,3.925729962705866,0,3,1,3
bc9015a0a311aa53aa56ccb4ec7f14ff025317578d29983b043d502ae73d4330,Serie A,Midfield,23.890485968514717,12000000.0,770000.0,3.9589322381930185,3.0,2310000.0,3.0,scored,0.6822180420498979,0.40768733791123324,0.4080714522970412,0.22651588654678512,0.7013098387593282,0.4882136800707937,0.3532930511467923,0.15131161063743773,0.19440447293376806,,,14.210815258009655,15.451561327004956,3.925729962705866,0,3,1,3
bc9015a0a311aa53aa56ccb4ec7f14ff025317578d29983b043d502ae73d4330,Serie A,Midfield,23.890485968514717,12000000.0,770000.0,3.9589322381930185,3.0,2310000.0,4.0,scored,0.7302406175193962,0.44808204118372247,0.5010048145489617,0.31742581277971316,0.7373345179546404,0.435130762557662,0.3111229879800313,0.123167686206939,0.16199746009392885,,,14.210815258009655,15.451561327004956,3.925729962705866,0,3,1,3
bc9015a0a311aa53aa56ccb4ec7f14ff025317578d29983b043d502ae73d4330,Serie A,Midfield,23.890485968514717,12000000.0,770000.0,3.9589322381930185,3.0,2310000.0,5.0,scored,0.7729932498700031,0.4810407628022026,0.5857880879080672,0.41088538679619435,0.7688027969967721,0.38361170666822525,0.2726259236126748,0.10061705440547507,0.13434924751164326,,,14.210815258009655,15.451561327004956,3.925729962705866,0,3,1,3
bc9015a0a311aa53aa56ccb4ec7f14ff025317578d29983b043d502ae73d4330,Serie A,Midfield,23.890485968514717,12000000.0,770000.0,3.9589322381930185,3.0,2310000.0,6.0,scored,0.8104921388016395,0.5092960668151671,0.6607054950253793,0.5014749228225394,0.7965260014170705,0.334649184400204,0.23768852613876637,0.0823245912261811,0.11093313699670969,,,14.210815258009655,15.451561327004956,3.925729962705866,0,3,1,3
